#VRML V2.0 utf8

Shape {
  appearance Appearance {
    material Material {
      diffuseColor 0.8275 0.6667 0.1294
      specularColor 0.8275 0.6667 0.1294
      ambientIntensity 0.2
      transparency 0.0000
      shininess 0.5
    }
  }
  geometry IndexedFaceSet {
    ccw TRUE
    solid FALSE
    coord DEF co Coordinate {
      point [
        -2.952756 -2.106299 -0.236220,
        -2.952756 -2.125984 -0.236220,
        -2.952756 -2.106299 -0.000000,
        -2.952756 -2.125984 -0.000000,
        -2.559055 -2.125984 -0.000000,
        -2.559055 -2.125984 -0.236220,
        -2.559055 -1.889764 -0.000000,
        -2.559055 -1.889764 -0.236220,
        -2.952756 -1.889764 -0.000000,
        -2.952756 -1.889764 -0.236220,
        -2.937359 -2.105087 -0.236220,
        -2.922341 -2.101482 -0.236220,
        -2.908072 -2.095572 -0.236220,
        -2.894903 -2.087502 -0.236220,
        -2.894903 -1.928246 -0.236220,
        -2.883159 -1.938277 -0.236220,
        -2.873128 -1.950021 -0.236220,
        -2.855543 -1.992477 -0.236220,
        -2.859148 -1.977459 -0.236220,
        -2.865058 -1.963190 -0.236220,
        -2.908072 -1.920176 -0.236220,
        -2.922341 -1.914266 -0.236220,
        -2.937359 -1.910661 -0.236220,
        -2.952756 -1.909449 -0.236220,
        -2.883159 -2.077471 -0.236220,
        -2.873128 -2.065727 -0.236220,
        -2.865058 -2.052558 -0.236220,
        -2.859148 -2.038289 -0.236220,
        -2.855543 -2.023271 -0.236220,
        -2.854331 -2.007874 -0.236220,
        -2.952756 -1.909449 -0.000000,
        -2.894903 -1.928246 -0.000000,
        -2.883159 -1.938277 -0.000000,
        -2.937359 -1.910661 -0.000000,
        -2.922341 -1.914266 -0.000000,
        -2.908072 -1.920176 -0.000000,
        -2.873128 -1.950021 -0.000000,
        -2.865058 -1.963190 -0.000000,
        -2.859148 -1.977459 -0.000000,
        -2.922341 -2.101482 -0.000000,
        -2.937359 -2.105087 -0.000000,
        -2.859148 -2.038289 -0.000000,
        -2.865058 -2.052558 -0.000000,
        -2.873128 -2.065727 -0.000000,
        -2.883159 -2.077471 -0.000000,
        -2.894903 -2.087502 -0.000000,
        -2.908072 -2.095572 -0.000000,
        -2.855543 -1.992477 -0.000000,
        -2.854331 -2.007874 -0.000000,
        -2.855543 -2.023271 -0.000000,
        -2.952756 -2.893701 -0.236220,
        -2.952756 -2.913386 -0.236220,
        -2.952756 -2.893701 -0.000000,
        -2.952756 -2.913386 -0.000000,
        -2.559055 -2.913386 -0.000000,
        -2.559055 -2.913386 -0.236220,
        -2.559055 -2.677165 -0.000000,
        -2.559055 -2.677165 -0.236220,
        -2.952756 -2.677165 -0.000000,
        -2.952756 -2.677165 -0.236220,
        -2.937359 -2.892489 -0.236220,
        -2.922341 -2.888883 -0.236220,
        -2.908072 -2.882973 -0.236220,
        -2.894903 -2.874904 -0.236220,
        -2.894903 -2.715648 -0.236220,
        -2.883159 -2.725678 -0.236220,
        -2.873128 -2.737422 -0.236220,
        -2.855543 -2.779879 -0.236220,
        -2.859148 -2.764861 -0.236220,
        -2.865058 -2.750592 -0.236220,
        -2.908072 -2.707578 -0.236220,
        -2.922341 -2.701668 -0.236220,
        -2.937359 -2.698062 -0.236220,
        -2.952756 -2.696850 -0.236220,
        -2.883159 -2.864873 -0.236220,
        -2.873128 -2.853128 -0.236220,
        -2.865058 -2.839960 -0.236220,
        -2.859148 -2.825691 -0.236220,
        -2.855543 -2.810673 -0.236220,
        -2.854331 -2.795276 -0.236220,
        -2.952756 -2.696850 -0.000000,
        -2.894903 -2.715648 -0.000000,
        -2.883159 -2.725678 -0.000000,
        -2.937359 -2.698062 -0.000000,
        -2.922341 -2.701668 -0.000000,
        -2.908072 -2.707578 -0.000000,
        -2.873128 -2.737422 -0.000000,
        -2.865058 -2.750592 -0.000000,
        -2.859148 -2.764861 -0.000000,
        -2.922341 -2.888883 -0.000000,
        -2.937359 -2.892489 -0.000000,
        -2.859148 -2.825691 -0.000000,
        -2.865058 -2.839960 -0.000000,
        -2.873128 -2.853128 -0.000000,
        -2.883159 -2.864873 -0.000000,
        -2.894903 -2.874904 -0.000000,
        -2.908072 -2.882973 -0.000000,
        -2.855543 -2.779879 -0.000000,
        -2.854331 -2.795276 -0.000000,
        -2.855543 -2.810673 -0.000000,
        -2.952756 -1.318898 -0.236220,
        -2.952756 -1.338583 -0.236220,
        -2.952756 -1.318898 -0.000000,
        -2.952756 -1.338583 -0.000000,
        -2.559055 -1.338583 -0.000000,
        -2.559055 -1.338583 -0.236220,
        -2.559055 -1.102362 -0.000000,
        -2.559055 -1.102362 -0.236220,
        -2.952756 -1.102362 -0.000000,
        -2.952756 -1.102362 -0.236220,
        -2.859148 -1.190057 -0.236220,
        -2.865058 -1.175788 -0.236220,
        -2.855543 -1.205075 -0.236220,
        -2.894903 -1.300100 -0.236220,
        -2.883159 -1.290070 -0.236220,
        -2.873128 -1.278325 -0.236220,
        -2.865058 -1.265157 -0.236220,
        -2.859148 -1.250887 -0.236220,
        -2.855543 -1.235870 -0.236220,
        -2.854331 -1.220472 -0.236220,
        -2.873128 -1.162620 -0.236220,
        -2.883159 -1.150875 -0.236220,
        -2.894903 -1.140845 -0.236220,
        -2.937359 -1.317686 -0.236220,
        -2.922341 -1.314080 -0.236220,
        -2.908072 -1.308170 -0.236220,
        -2.908072 -1.132775 -0.236220,
        -2.922341 -1.126865 -0.236220,
        -2.937359 -1.123259 -0.236220,
        -2.952756 -1.122047 -0.236220,
        -2.952756 -1.122047 -0.000000,
        -2.859148 -1.250887 -0.000000,
        -2.865058 -1.265157 -0.000000,
        -2.894903 -1.140845 -0.000000,
        -2.883159 -1.150875 -0.000000,
        -2.873128 -1.162620 -0.000000,
        -2.865058 -1.175788 -0.000000,
        -2.859148 -1.190057 -0.000000,
        -2.937359 -1.123259 -0.000000,
        -2.922341 -1.126865 -0.000000,
        -2.908072 -1.132775 -0.000000,
        -2.855543 -1.205075 -0.000000,
        -2.854331 -1.220472 -0.000000,
        -2.855543 -1.235870 -0.000000,
        -2.873128 -1.278325 -0.000000,
        -2.883159 -1.290070 -0.000000,
        -2.894903 -1.300100 -0.000000,
        -2.908072 -1.308170 -0.000000,
        -2.922341 -1.314080 -0.000000,
        -2.937359 -1.317686 -0.000000,
        -2.952756 0.649606 -0.236220,
        -2.952756 0.629921 -0.236220,
        -2.952756 0.649606 0.000000,
        -2.952756 0.629921 0.000000,
        -2.559055 0.629921 0.000000,
        -2.559055 0.629921 -0.236220,
        -2.559055 0.866142 0.000000,
        -2.559055 0.866142 -0.236220,
        -2.952756 0.866142 0.000000,
        -2.952756 0.866142 -0.236220,
        -2.854331 0.748031 -0.236220,
        -2.855543 0.732634 -0.236220,
        -2.859148 0.717617 -0.236220,
        -2.865058 0.703347 -0.236220,
        -2.937359 0.650818 -0.236220,
        -2.922341 0.654424 -0.236220,
        -2.908072 0.660334 -0.236220,
        -2.894903 0.668404 -0.236220,
        -2.855543 0.763429 -0.236220,
        -2.859148 0.778446 -0.236220,
        -2.865058 0.792716 -0.236220,
        -2.883159 0.678434 -0.236220,
        -2.873128 0.690179 -0.236220,
        -2.873128 0.805884 -0.236220,
        -2.883159 0.817629 -0.236220,
        -2.894903 0.827659 -0.236220,
        -2.908072 0.835729 -0.236220,
        -2.922341 0.841639 -0.236220,
        -2.937359 0.845245 -0.236220,
        -2.952756 0.846457 -0.236220,
        -2.952756 0.846457 0.000000,
        -2.859148 0.717617 0.000000,
        -2.865058 0.703347 0.000000,
        -2.937359 0.845245 0.000000,
        -2.922341 0.841639 0.000000,
        -2.908072 0.835729 0.000000,
        -2.894903 0.827659 0.000000,
        -2.883159 0.817629 0.000000,
        -2.873128 0.805884 0.000000,
        -2.865058 0.792716 0.000000,
        -2.859148 0.778446 0.000000,
        -2.855543 0.763429 0.000000,
        -2.854331 0.748031 0.000000,
        -2.855543 0.732634 0.000000,
        -2.873128 0.690179 0.000000,
        -2.883159 0.678434 0.000000,
        -2.894903 0.668404 0.000000,
        -2.908072 0.660334 0.000000,
        -2.922341 0.654424 0.000000,
        -2.937359 0.650818 0.000000,
        2.952756 -0.728346 -0.236220,
        2.952756 -0.708661 -0.236220,
        2.952756 -0.728346 -0.000000,
        2.952756 -0.708661 -0.000000,
        2.559055 -0.708661 -0.000000,
        2.559055 -0.708661 -0.236220,
        2.559055 -0.944882 -0.000000,
        2.559055 -0.944882 -0.236220,
        2.952756 -0.944882 -0.000000,
        2.952756 -0.944882 -0.236220,
        2.937359 -0.923985 -0.236220,
        2.952756 -0.925197 -0.236220,
        2.922341 -0.920380 -0.236220,
        2.908072 -0.914469 -0.236220,
        2.855543 -0.842169 -0.236220,
        2.859148 -0.857187 -0.236220,
        2.865058 -0.871456 -0.236220,
        2.873128 -0.884624 -0.236220,
        2.883159 -0.896369 -0.236220,
        2.894903 -0.906399 -0.236220,
        2.937359 -0.729558 -0.236220,
        2.922341 -0.733164 -0.236220,
        2.908072 -0.739074 -0.236220,
        2.894903 -0.747144 -0.236220,
        2.883159 -0.757174 -0.236220,
        2.873128 -0.768919 -0.236220,
        2.865058 -0.782087 -0.236220,
        2.859148 -0.796357 -0.236220,
        2.855543 -0.811374 -0.236220,
        2.854331 -0.826772 -0.236220,
        2.952756 -0.925197 -0.000000,
        2.859148 -0.796357 -0.000000,
        2.865058 -0.782087 -0.000000,
        2.894903 -0.906399 -0.000000,
        2.883159 -0.896369 -0.000000,
        2.873128 -0.884624 -0.000000,
        2.865058 -0.871456 -0.000000,
        2.859148 -0.857187 -0.000000,
        2.855543 -0.842169 -0.000000,
        2.854331 -0.826772 -0.000000,
        2.855543 -0.811374 -0.000000,
        2.937359 -0.923985 -0.000000,
        2.922341 -0.920380 -0.000000,
        2.908072 -0.914469 -0.000000,
        2.873128 -0.768919 -0.000000,
        2.883159 -0.757174 -0.000000,
        2.894903 -0.747144 -0.000000,
        2.908072 -0.739074 -0.000000,
        2.922341 -0.733164 -0.000000,
        2.937359 -0.729558 -0.000000,
        0.688976 -6.299213 -0.236220,
        0.708661 -6.299213 -0.236220,
        0.688976 -6.299213 -0.000000,
        0.708661 -6.299213 -0.000000,
        0.708661 -5.905512 -0.000000,
        0.708661 -5.905512 -0.236220,
        0.472441 -5.905512 -0.000000,
        0.472441 -5.905512 -0.236220,
        0.472441 -6.299213 -0.000000,
        0.472441 -6.299213 -0.236220,
        0.605948 -6.201999 -0.236220,
        0.590551 -6.200787 -0.236220,
        0.687765 -6.283815 -0.236220,
        0.684159 -6.268798 -0.236220,
        0.678249 -6.254528 -0.236220,
        0.560136 -6.205605 -0.236220,
        0.545867 -6.211515 -0.236220,
        0.670179 -6.241359 -0.236220,
        0.660148 -6.229615 -0.236220,
        0.648404 -6.219585 -0.236220,
        0.575154 -6.201999 -0.236220,
        0.532698 -6.219585 -0.236220,
        0.520954 -6.229615 -0.236220,
        0.510924 -6.241359 -0.236220,
        0.635235 -6.211515 -0.236220,
        0.620966 -6.205605 -0.236220,
        0.502854 -6.254528 -0.236220,
        0.496943 -6.268798 -0.236220,
        0.493338 -6.283815 -0.236220,
        0.492126 -6.299213 -0.236220,
        0.605948 -6.201999 -0.000000,
        0.620966 -6.205605 -0.000000,
        0.660148 -6.229615 -0.000000,
        0.670179 -6.241359 -0.000000,
        0.510924 -6.241359 -0.000000,
        0.520954 -6.229615 -0.000000,
        0.532698 -6.219585 -0.000000,
        0.545867 -6.211515 -0.000000,
        0.635235 -6.211515 -0.000000,
        0.648404 -6.219585 -0.000000,
        0.678249 -6.254528 -0.000000,
        0.684159 -6.268798 -0.000000,
        0.687765 -6.283815 -0.000000,
        0.560136 -6.205605 -0.000000,
        0.575154 -6.201999 -0.000000,
        0.590551 -6.200787 -0.000000,
        0.492126 -6.299213 -0.000000,
        0.493338 -6.283815 -0.000000,
        0.496943 -6.268798 -0.000000,
        0.502854 -6.254528 -0.000000,
        -2.952756 -1.712598 -0.236220,
        -2.952756 -1.732283 -0.236220,
        -2.952756 -1.712598 -0.000000,
        -2.952756 -1.732283 -0.000000,
        -2.559055 -1.732283 -0.000000,
        -2.559055 -1.732283 -0.236220,
        -2.559055 -1.496063 -0.000000,
        -2.559055 -1.496063 -0.236220,
        -2.952756 -1.496063 -0.000000,
        -2.952756 -1.496063 -0.236220,
        -2.937359 -1.711387 -0.236220,
        -2.922341 -1.707781 -0.236220,
        -2.908072 -1.701871 -0.236220,
        -2.894903 -1.693801 -0.236220,
        -2.865058 -1.569489 -0.236220,
        -2.859148 -1.583758 -0.236220,
        -2.855543 -1.598776 -0.236220,
        -2.883159 -1.683770 -0.236220,
        -2.873128 -1.672026 -0.236220,
        -2.865058 -1.658857 -0.236220,
        -2.873128 -1.556320 -0.236220,
        -2.883159 -1.544576 -0.236220,
        -2.894903 -1.534546 -0.236220,
        -2.859148 -1.644588 -0.236220,
        -2.855543 -1.629570 -0.236220,
        -2.854331 -1.614173 -0.236220,
        -2.908072 -1.526476 -0.236220,
        -2.922341 -1.520565 -0.236220,
        -2.937359 -1.516960 -0.236220,
        -2.952756 -1.515748 -0.236220,
        -2.952756 -1.515748 -0.000000,
        -2.883159 -1.683770 -0.000000,
        -2.894903 -1.693801 -0.000000,
        -2.894903 -1.534546 -0.000000,
        -2.883159 -1.544576 -0.000000,
        -2.873128 -1.556320 -0.000000,
        -2.865058 -1.569489 -0.000000,
        -2.859148 -1.583758 -0.000000,
        -2.859148 -1.644588 -0.000000,
        -2.865058 -1.658857 -0.000000,
        -2.873128 -1.672026 -0.000000,
        -2.908072 -1.701871 -0.000000,
        -2.922341 -1.707781 -0.000000,
        -2.937359 -1.711387 -0.000000,
        -2.937359 -1.516960 -0.000000,
        -2.922341 -1.520565 -0.000000,
        -2.908072 -1.526476 -0.000000,
        -2.855543 -1.598776 -0.000000,
        -2.854331 -1.614173 -0.000000,
        -2.855543 -1.629570 -0.000000,
        -2.952756 -4.862205 -0.236220,
        -2.952756 -4.881890 -0.236220,
        -2.952756 -4.862205 -0.000000,
        -2.952756 -4.881890 -0.000000,
        -2.559055 -4.881890 -0.000000,
        -2.559055 -4.881890 -0.236220,
        -2.559055 -4.645669 -0.000000,
        -2.559055 -4.645669 -0.236220,
        -2.952756 -4.645669 -0.000000,
        -2.952756 -4.645669 -0.236220,
        -2.937359 -4.666567 -0.236220,
        -2.952756 -4.665354 -0.236220,
        -2.922341 -4.670172 -0.236220,
        -2.908072 -4.676082 -0.236220,
        -2.937359 -4.860993 -0.236220,
        -2.922341 -4.857387 -0.236220,
        -2.908072 -4.851477 -0.236220,
        -2.894903 -4.843407 -0.236220,
        -2.883159 -4.833377 -0.236220,
        -2.873128 -4.821632 -0.236220,
        -2.865058 -4.808463 -0.236220,
        -2.855543 -4.748383 -0.236220,
        -2.859148 -4.733365 -0.236220,
        -2.865058 -4.719096 -0.236220,
        -2.873128 -4.705927 -0.236220,
        -2.859148 -4.794194 -0.236220,
        -2.855543 -4.779177 -0.236220,
        -2.854331 -4.763780 -0.236220,
        -2.883159 -4.694182 -0.236220,
        -2.894903 -4.684152 -0.236220,
        -2.952756 -4.665354 -0.000000,
        -2.937359 -4.666567 -0.000000,
        -2.922341 -4.670172 -0.000000,
        -2.908072 -4.676082 -0.000000,
        -2.894903 -4.684152 -0.000000,
        -2.859148 -4.794194 -0.000000,
        -2.865058 -4.808463 -0.000000,
        -2.865058 -4.719096 -0.000000,
        -2.859148 -4.733365 -0.000000,
        -2.883159 -4.694182 -0.000000,
        -2.873128 -4.705927 -0.000000,
        -2.855543 -4.748383 -0.000000,
        -2.854331 -4.763780 -0.000000,
        -2.855543 -4.779177 -0.000000,
        -2.873128 -4.821632 -0.000000,
        -2.883159 -4.833377 -0.000000,
        -2.894903 -4.843407 -0.000000,
        -2.908072 -4.851477 -0.000000,
        -2.922341 -4.857387 -0.000000,
        -2.937359 -4.860993 -0.000000,
        2.952756 -2.303150 -0.236220,
        2.952756 -2.283465 -0.236220,
        2.952756 -2.303150 -0.000000,
        2.952756 -2.283465 -0.000000,
        2.559055 -2.283465 -0.000000,
        2.559055 -2.283465 -0.236220,
        2.559055 -2.519685 -0.000000,
        2.559055 -2.519685 -0.236220,
        2.952756 -2.519685 -0.000000,
        2.952756 -2.519685 -0.236220,
        2.937359 -2.304361 -0.236220,
        2.922341 -2.307967 -0.236220,
        2.908072 -2.313877 -0.236220,
        2.894903 -2.321947 -0.236220,
        2.894903 -2.481202 -0.236220,
        2.883159 -2.471172 -0.236220,
        2.873128 -2.459428 -0.236220,
        2.908072 -2.489272 -0.236220,
        2.922341 -2.495183 -0.236220,
        2.937359 -2.498788 -0.236220,
        2.952756 -2.500000 -0.236220,
        2.883159 -2.331978 -0.236220,
        2.873128 -2.343722 -0.236220,
        2.865058 -2.356891 -0.236220,
        2.855543 -2.416972 -0.236220,
        2.859148 -2.431990 -0.236220,
        2.865058 -2.446259 -0.236220,
        2.859148 -2.371160 -0.236220,
        2.855543 -2.386178 -0.236220,
        2.854331 -2.401575 -0.236220,
        2.952756 -2.500000 -0.000000,
        2.883159 -2.331978 -0.000000,
        2.894903 -2.321947 -0.000000,
        2.937359 -2.498788 -0.000000,
        2.922341 -2.495183 -0.000000,
        2.908072 -2.489272 -0.000000,
        2.894903 -2.481202 -0.000000,
        2.883159 -2.471172 -0.000000,
        2.873128 -2.459428 -0.000000,
        2.865058 -2.446259 -0.000000,
        2.859148 -2.431990 -0.000000,
        2.859148 -2.371160 -0.000000,
        2.865058 -2.356891 -0.000000,
        2.873128 -2.343722 -0.000000,
        2.908072 -2.313877 -0.000000,
        2.922341 -2.307967 -0.000000,
        2.937359 -2.304361 -0.000000,
        2.855543 -2.416972 -0.000000,
        2.854331 -2.401575 -0.000000,
        2.855543 -2.386178 -0.000000,
        2.952756 -3.484252 -0.236220,
        2.952756 -3.464567 -0.236220,
        2.952756 -3.484252 -0.000000,
        2.952756 -3.464567 -0.000000,
        2.559055 -3.464567 -0.000000,
        2.559055 -3.464567 -0.236220,
        2.559055 -3.700787 -0.000000,
        2.559055 -3.700787 -0.236220,
        2.952756 -3.700787 -0.000000,
        2.952756 -3.700787 -0.236220,
        2.937359 -3.679891 -0.236220,
        2.952756 -3.681102 -0.236220,
        2.894903 -3.503050 -0.236220,
        2.883159 -3.513080 -0.236220,
        2.873128 -3.524824 -0.236220,
        2.865058 -3.537993 -0.236220,
        2.922341 -3.676285 -0.236220,
        2.908072 -3.670374 -0.236220,
        2.937359 -3.485464 -0.236220,
        2.922341 -3.489069 -0.236220,
        2.908072 -3.494980 -0.236220,
        2.855543 -3.598074 -0.236220,
        2.859148 -3.613093 -0.236220,
        2.865058 -3.627361 -0.236220,
        2.873128 -3.640530 -0.236220,
        2.883159 -3.652274 -0.236220,
        2.894903 -3.662305 -0.236220,
        2.859148 -3.552262 -0.236220,
        2.855543 -3.567280 -0.236220,
        2.854331 -3.582677 -0.236220,
        2.952756 -3.681102 -0.000000,
        2.937359 -3.679891 -0.000000,
        2.922341 -3.676285 -0.000000,
        2.908072 -3.670374 -0.000000,
        2.894903 -3.662305 -0.000000,
        2.859148 -3.552262 -0.000000,
        2.865058 -3.537993 -0.000000,
        2.865058 -3.627361 -0.000000,
        2.859148 -3.613093 -0.000000,
        2.883159 -3.652274 -0.000000,
        2.873128 -3.640530 -0.000000,
        2.855543 -3.598074 -0.000000,
        2.854331 -3.582677 -0.000000,
        2.855543 -3.567280 -0.000000,
        2.873128 -3.524824 -0.000000,
        2.883159 -3.513080 -0.000000,
        2.894903 -3.503050 -0.000000,
        2.908072 -3.494980 -0.000000,
        2.922341 -3.489069 -0.000000,
        2.937359 -3.485464 -0.000000,
        0.295276 -6.299213 -0.236220,
        0.314961 -6.299213 -0.236220,
        0.295276 -6.299213 -0.000000,
        0.314961 -6.299213 -0.000000,
        0.314961 -5.905512 -0.000000,
        0.314961 -5.905512 -0.236220,
        0.078740 -5.905512 -0.000000,
        0.078740 -5.905512 -0.236220,
        0.078740 -6.299213 -0.000000,
        0.078740 -6.299213 -0.236220,
        0.276478 -6.241359 -0.236220,
        0.266448 -6.229615 -0.236220,
        0.166435 -6.205605 -0.236220,
        0.152166 -6.211515 -0.236220,
        0.294064 -6.283815 -0.236220,
        0.290458 -6.268798 -0.236220,
        0.284548 -6.254528 -0.236220,
        0.254703 -6.219585 -0.236220,
        0.241535 -6.211515 -0.236220,
        0.227265 -6.205605 -0.236220,
        0.212248 -6.201999 -0.236220,
        0.196850 -6.200787 -0.236220,
        0.181453 -6.201999 -0.236220,
        0.138998 -6.219585 -0.236220,
        0.127253 -6.229615 -0.236220,
        0.117223 -6.241359 -0.236220,
        0.109153 -6.254528 -0.236220,
        0.103243 -6.268798 -0.236220,
        0.099637 -6.283815 -0.236220,
        0.098425 -6.299213 -0.236220,
        0.212248 -6.201999 -0.000000,
        0.227265 -6.205605 -0.000000,
        0.266448 -6.229615 -0.000000,
        0.276478 -6.241359 -0.000000,
        0.241535 -6.211515 -0.000000,
        0.254703 -6.219585 -0.000000,
        0.117223 -6.241359 -0.000000,
        0.127253 -6.229615 -0.000000,
        0.138998 -6.219585 -0.000000,
        0.152166 -6.211515 -0.000000,
        0.166435 -6.205605 -0.000000,
        0.181453 -6.201999 -0.000000,
        0.196850 -6.200787 -0.000000,
        0.284548 -6.254528 -0.000000,
        0.290458 -6.268798 -0.000000,
        0.294064 -6.283815 -0.000000,
        0.098425 -6.299213 -0.000000,
        0.099637 -6.283815 -0.000000,
        0.103243 -6.268798 -0.000000,
        0.109153 -6.254528 -0.000000,
      ]
    }
    coordIndex [
      0, 1, 2, -1,
      2, 1, 3, -1,
      4, 5, 6, -1,
      6, 5, 7, -1,
      3, 1, 4, -1,
      4, 1, 5, -1,
      6, 7, 8, -1,
      8, 7, 9, -1,
      0, 10, 1, -1,
      1, 10, 11, -1,
      1, 11, 5, -1,
      5, 11, 12, -1,
      5, 12, 13, -1,
      14, 7, 15, -1,
      15, 7, 16, -1,
      17, 18, 7, -1,
      7, 18, 19, -1,
      7, 19, 16, -1,
      14, 20, 7, -1,
      7, 20, 21, -1,
      7, 21, 9, -1,
      9, 21, 22, -1,
      9, 22, 23, -1,
      13, 24, 5, -1,
      5, 24, 25, -1,
      5, 25, 26, -1,
      26, 27, 5, -1,
      5, 27, 28, -1,
      5, 28, 7, -1,
      7, 28, 29, -1,
      7, 29, 17, -1,
      30, 8, 23, -1,
      23, 8, 9, -1,
      6, 31, 32, -1,
      30, 33, 8, -1,
      8, 33, 34, -1,
      8, 34, 6, -1,
      6, 34, 35, -1,
      6, 35, 31, -1,
      32, 36, 6, -1,
      6, 36, 37, -1,
      6, 37, 38, -1,
      4, 39, 3, -1,
      3, 39, 40, -1,
      3, 40, 2, -1,
      41, 42, 4, -1,
      4, 42, 43, -1,
      4, 43, 44, -1,
      44, 45, 4, -1,
      4, 45, 46, -1,
      4, 46, 39, -1,
      38, 47, 6, -1,
      6, 47, 48, -1,
      6, 48, 4, -1,
      4, 48, 49, -1,
      4, 49, 41, -1,
      30, 23, 33, -1,
      33, 23, 22, -1,
      33, 22, 34, -1,
      34, 22, 21, -1,
      34, 21, 35, -1,
      35, 21, 20, -1,
      35, 20, 31, -1,
      31, 20, 14, -1,
      31, 14, 32, -1,
      32, 14, 15, -1,
      32, 15, 36, -1,
      36, 15, 16, -1,
      36, 16, 37, -1,
      37, 16, 19, -1,
      37, 19, 38, -1,
      38, 19, 18, -1,
      38, 18, 47, -1,
      47, 18, 17, -1,
      47, 17, 48, -1,
      48, 17, 29, -1,
      48, 29, 49, -1,
      49, 29, 28, -1,
      49, 28, 41, -1,
      41, 28, 27, -1,
      41, 27, 42, -1,
      42, 27, 26, -1,
      42, 26, 43, -1,
      43, 26, 25, -1,
      43, 25, 44, -1,
      44, 25, 24, -1,
      44, 24, 45, -1,
      45, 24, 13, -1,
      45, 13, 46, -1,
      46, 13, 12, -1,
      46, 12, 39, -1,
      39, 12, 11, -1,
      39, 11, 40, -1,
      40, 11, 10, -1,
      40, 10, 2, -1,
      2, 10, 0, -1,
      50, 51, 52, -1,
      52, 51, 53, -1,
      54, 55, 56, -1,
      56, 55, 57, -1,
      53, 51, 54, -1,
      54, 51, 55, -1,
      56, 57, 58, -1,
      58, 57, 59, -1,
      50, 60, 51, -1,
      51, 60, 61, -1,
      51, 61, 55, -1,
      55, 61, 62, -1,
      55, 62, 63, -1,
      64, 57, 65, -1,
      65, 57, 66, -1,
      67, 68, 57, -1,
      57, 68, 69, -1,
      57, 69, 66, -1,
      64, 70, 57, -1,
      57, 70, 71, -1,
      57, 71, 59, -1,
      59, 71, 72, -1,
      59, 72, 73, -1,
      63, 74, 55, -1,
      55, 74, 75, -1,
      55, 75, 76, -1,
      76, 77, 55, -1,
      55, 77, 78, -1,
      55, 78, 57, -1,
      57, 78, 79, -1,
      57, 79, 67, -1,
      80, 58, 73, -1,
      73, 58, 59, -1,
      56, 81, 82, -1,
      80, 83, 58, -1,
      58, 83, 84, -1,
      58, 84, 56, -1,
      56, 84, 85, -1,
      56, 85, 81, -1,
      82, 86, 56, -1,
      56, 86, 87, -1,
      56, 87, 88, -1,
      54, 89, 53, -1,
      53, 89, 90, -1,
      53, 90, 52, -1,
      91, 92, 54, -1,
      54, 92, 93, -1,
      54, 93, 94, -1,
      94, 95, 54, -1,
      54, 95, 96, -1,
      54, 96, 89, -1,
      88, 97, 56, -1,
      56, 97, 98, -1,
      56, 98, 54, -1,
      54, 98, 99, -1,
      54, 99, 91, -1,
      80, 73, 83, -1,
      83, 73, 72, -1,
      83, 72, 84, -1,
      84, 72, 71, -1,
      84, 71, 85, -1,
      85, 71, 70, -1,
      85, 70, 81, -1,
      81, 70, 64, -1,
      81, 64, 82, -1,
      82, 64, 65, -1,
      82, 65, 86, -1,
      86, 65, 66, -1,
      86, 66, 87, -1,
      87, 66, 69, -1,
      87, 69, 88, -1,
      88, 69, 68, -1,
      88, 68, 97, -1,
      97, 68, 67, -1,
      97, 67, 98, -1,
      98, 67, 79, -1,
      98, 79, 99, -1,
      99, 79, 78, -1,
      99, 78, 91, -1,
      91, 78, 77, -1,
      91, 77, 92, -1,
      92, 77, 76, -1,
      92, 76, 93, -1,
      93, 76, 75, -1,
      93, 75, 94, -1,
      94, 75, 74, -1,
      94, 74, 95, -1,
      95, 74, 63, -1,
      95, 63, 96, -1,
      96, 63, 62, -1,
      96, 62, 89, -1,
      89, 62, 61, -1,
      89, 61, 90, -1,
      90, 61, 60, -1,
      90, 60, 52, -1,
      52, 60, 50, -1,
      100, 101, 102, -1,
      102, 101, 103, -1,
      104, 105, 106, -1,
      106, 105, 107, -1,
      103, 101, 104, -1,
      104, 101, 105, -1,
      106, 107, 108, -1,
      108, 107, 109, -1,
      110, 111, 107, -1,
      110, 107, 112, -1,
      113, 114, 105, -1,
      105, 114, 115, -1,
      105, 115, 116, -1,
      116, 117, 105, -1,
      105, 117, 118, -1,
      105, 118, 107, -1,
      107, 118, 119, -1,
      107, 119, 112, -1,
      111, 120, 107, -1,
      107, 120, 121, -1,
      107, 121, 122, -1,
      100, 123, 101, -1,
      101, 123, 124, -1,
      101, 124, 105, -1,
      105, 124, 125, -1,
      105, 125, 113, -1,
      122, 126, 107, -1,
      107, 126, 127, -1,
      107, 127, 109, -1,
      109, 127, 128, -1,
      109, 128, 129, -1,
      130, 108, 129, -1,
      129, 108, 109, -1,
      131, 132, 104, -1,
      106, 133, 134, -1,
      134, 135, 106, -1,
      106, 135, 136, -1,
      106, 136, 137, -1,
      130, 138, 108, -1,
      108, 138, 139, -1,
      108, 139, 106, -1,
      106, 139, 140, -1,
      106, 140, 133, -1,
      137, 141, 106, -1,
      106, 141, 142, -1,
      106, 142, 104, -1,
      104, 142, 143, -1,
      104, 143, 131, -1,
      132, 144, 104, -1,
      104, 144, 145, -1,
      104, 145, 146, -1,
      146, 147, 104, -1,
      104, 147, 148, -1,
      104, 148, 103, -1,
      103, 148, 149, -1,
      103, 149, 102, -1,
      130, 129, 138, -1,
      138, 129, 128, -1,
      138, 128, 139, -1,
      139, 128, 127, -1,
      139, 127, 140, -1,
      140, 127, 126, -1,
      140, 126, 133, -1,
      133, 126, 122, -1,
      133, 122, 134, -1,
      134, 122, 121, -1,
      134, 121, 135, -1,
      135, 121, 120, -1,
      135, 120, 136, -1,
      136, 120, 111, -1,
      136, 111, 137, -1,
      137, 111, 110, -1,
      137, 110, 141, -1,
      141, 110, 112, -1,
      141, 112, 142, -1,
      142, 112, 119, -1,
      142, 119, 143, -1,
      143, 119, 118, -1,
      143, 118, 131, -1,
      131, 118, 117, -1,
      131, 117, 132, -1,
      132, 117, 116, -1,
      132, 116, 144, -1,
      144, 116, 115, -1,
      144, 115, 145, -1,
      145, 115, 114, -1,
      145, 114, 146, -1,
      146, 114, 113, -1,
      146, 113, 147, -1,
      147, 113, 125, -1,
      147, 125, 148, -1,
      148, 125, 124, -1,
      148, 124, 149, -1,
      149, 124, 123, -1,
      149, 123, 102, -1,
      102, 123, 100, -1,
      150, 151, 152, -1,
      152, 151, 153, -1,
      154, 155, 156, -1,
      156, 155, 157, -1,
      153, 151, 154, -1,
      154, 151, 155, -1,
      156, 157, 158, -1,
      158, 157, 159, -1,
      160, 157, 161, -1,
      161, 157, 155, -1,
      161, 155, 162, -1,
      162, 155, 163, -1,
      150, 164, 151, -1,
      151, 164, 165, -1,
      151, 165, 155, -1,
      155, 165, 166, -1,
      155, 166, 167, -1,
      160, 168, 157, -1,
      157, 168, 169, -1,
      157, 169, 170, -1,
      167, 171, 155, -1,
      155, 171, 172, -1,
      155, 172, 163, -1,
      170, 173, 157, -1,
      157, 173, 174, -1,
      157, 174, 175, -1,
      175, 176, 157, -1,
      157, 176, 177, -1,
      157, 177, 159, -1,
      159, 177, 178, -1,
      159, 178, 179, -1,
      180, 158, 179, -1,
      179, 158, 159, -1,
      181, 182, 154, -1,
      180, 183, 158, -1,
      158, 183, 184, -1,
      158, 184, 156, -1,
      184, 185, 156, -1,
      156, 185, 186, -1,
      156, 186, 187, -1,
      187, 188, 156, -1,
      156, 188, 189, -1,
      156, 189, 190, -1,
      190, 191, 156, -1,
      156, 191, 192, -1,
      156, 192, 154, -1,
      154, 192, 193, -1,
      154, 193, 181, -1,
      182, 194, 154, -1,
      154, 194, 195, -1,
      154, 195, 196, -1,
      196, 197, 154, -1,
      154, 197, 198, -1,
      154, 198, 153, -1,
      153, 198, 199, -1,
      153, 199, 152, -1,
      180, 179, 183, -1,
      183, 179, 178, -1,
      183, 178, 184, -1,
      184, 178, 177, -1,
      184, 177, 185, -1,
      185, 177, 176, -1,
      185, 176, 186, -1,
      186, 176, 175, -1,
      186, 175, 187, -1,
      187, 175, 174, -1,
      187, 174, 188, -1,
      188, 174, 173, -1,
      188, 173, 189, -1,
      189, 173, 170, -1,
      189, 170, 190, -1,
      190, 170, 169, -1,
      190, 169, 191, -1,
      191, 169, 168, -1,
      191, 168, 192, -1,
      192, 168, 160, -1,
      192, 160, 193, -1,
      193, 160, 161, -1,
      193, 161, 181, -1,
      181, 161, 162, -1,
      181, 162, 182, -1,
      182, 162, 163, -1,
      182, 163, 194, -1,
      194, 163, 172, -1,
      194, 172, 195, -1,
      195, 172, 171, -1,
      195, 171, 196, -1,
      196, 171, 167, -1,
      196, 167, 197, -1,
      197, 167, 166, -1,
      197, 166, 198, -1,
      198, 166, 165, -1,
      198, 165, 199, -1,
      199, 165, 164, -1,
      199, 164, 152, -1,
      152, 164, 150, -1,
      200, 201, 202, -1,
      202, 201, 203, -1,
      204, 205, 206, -1,
      206, 205, 207, -1,
      206, 207, 208, -1,
      208, 207, 209, -1,
      203, 201, 204, -1,
      204, 201, 205, -1,
      210, 211, 209, -1,
      210, 209, 212, -1,
      212, 209, 207, -1,
      212, 207, 213, -1,
      214, 215, 207, -1,
      207, 215, 216, -1,
      207, 216, 217, -1,
      217, 218, 207, -1,
      207, 218, 219, -1,
      207, 219, 213, -1,
      200, 220, 201, -1,
      201, 220, 221, -1,
      201, 221, 205, -1,
      205, 221, 222, -1,
      205, 222, 223, -1,
      223, 224, 205, -1,
      205, 224, 225, -1,
      205, 225, 226, -1,
      226, 227, 205, -1,
      205, 227, 228, -1,
      205, 228, 207, -1,
      207, 228, 229, -1,
      207, 229, 214, -1,
      230, 208, 211, -1,
      211, 208, 209, -1,
      231, 232, 204, -1,
      206, 233, 234, -1,
      234, 235, 206, -1,
      206, 235, 236, -1,
      206, 236, 237, -1,
      237, 238, 206, -1,
      206, 238, 239, -1,
      206, 239, 204, -1,
      204, 239, 240, -1,
      204, 240, 231, -1,
      230, 241, 208, -1,
      208, 241, 242, -1,
      208, 242, 206, -1,
      206, 242, 243, -1,
      206, 243, 233, -1,
      232, 244, 204, -1,
      204, 244, 245, -1,
      204, 245, 246, -1,
      246, 247, 204, -1,
      204, 247, 248, -1,
      204, 248, 203, -1,
      203, 248, 249, -1,
      203, 249, 202, -1,
      230, 211, 241, -1,
      241, 211, 210, -1,
      241, 210, 242, -1,
      242, 210, 212, -1,
      242, 212, 243, -1,
      243, 212, 213, -1,
      243, 213, 233, -1,
      233, 213, 219, -1,
      233, 219, 234, -1,
      234, 219, 218, -1,
      234, 218, 235, -1,
      235, 218, 217, -1,
      235, 217, 236, -1,
      236, 217, 216, -1,
      236, 216, 237, -1,
      237, 216, 215, -1,
      237, 215, 238, -1,
      238, 215, 214, -1,
      238, 214, 239, -1,
      239, 214, 229, -1,
      239, 229, 240, -1,
      240, 229, 228, -1,
      240, 228, 231, -1,
      231, 228, 227, -1,
      231, 227, 232, -1,
      232, 227, 226, -1,
      232, 226, 244, -1,
      244, 226, 225, -1,
      244, 225, 245, -1,
      245, 225, 224, -1,
      245, 224, 246, -1,
      246, 224, 223, -1,
      246, 223, 247, -1,
      247, 223, 222, -1,
      247, 222, 248, -1,
      248, 222, 221, -1,
      248, 221, 249, -1,
      249, 221, 220, -1,
      249, 220, 202, -1,
      202, 220, 200, -1,
      250, 251, 252, -1,
      252, 251, 253, -1,
      254, 255, 256, -1,
      256, 255, 257, -1,
      253, 251, 254, -1,
      254, 251, 255, -1,
      256, 257, 258, -1,
      258, 257, 259, -1,
      260, 261, 255, -1,
      250, 262, 251, -1,
      251, 262, 263, -1,
      251, 263, 255, -1,
      255, 263, 264, -1,
      265, 266, 257, -1,
      264, 267, 255, -1,
      255, 267, 268, -1,
      255, 268, 269, -1,
      255, 261, 257, -1,
      257, 261, 270, -1,
      257, 270, 265, -1,
      266, 271, 257, -1,
      257, 271, 272, -1,
      257, 272, 273, -1,
      269, 274, 255, -1,
      255, 274, 275, -1,
      255, 275, 260, -1,
      273, 276, 257, -1,
      257, 276, 277, -1,
      257, 277, 259, -1,
      259, 277, 278, -1,
      259, 278, 279, -1,
      280, 281, 254, -1,
      282, 283, 254, -1,
      284, 285, 256, -1,
      256, 285, 286, -1,
      256, 286, 287, -1,
      281, 288, 254, -1,
      254, 288, 289, -1,
      254, 289, 282, -1,
      283, 290, 254, -1,
      254, 290, 291, -1,
      254, 291, 253, -1,
      253, 291, 292, -1,
      253, 292, 252, -1,
      287, 293, 256, -1,
      256, 293, 294, -1,
      256, 294, 254, -1,
      254, 294, 295, -1,
      254, 295, 280, -1,
      296, 297, 258, -1,
      258, 297, 298, -1,
      258, 298, 256, -1,
      256, 298, 299, -1,
      256, 299, 284, -1,
      296, 258, 279, -1,
      279, 258, 259, -1,
      296, 279, 297, -1,
      297, 279, 278, -1,
      297, 278, 298, -1,
      298, 278, 277, -1,
      298, 277, 299, -1,
      299, 277, 276, -1,
      299, 276, 284, -1,
      284, 276, 273, -1,
      284, 273, 285, -1,
      285, 273, 272, -1,
      285, 272, 286, -1,
      286, 272, 271, -1,
      286, 271, 287, -1,
      287, 271, 266, -1,
      287, 266, 293, -1,
      293, 266, 265, -1,
      293, 265, 294, -1,
      294, 265, 270, -1,
      294, 270, 295, -1,
      295, 270, 261, -1,
      295, 261, 280, -1,
      280, 261, 260, -1,
      280, 260, 281, -1,
      281, 260, 275, -1,
      281, 275, 288, -1,
      288, 275, 274, -1,
      288, 274, 289, -1,
      289, 274, 269, -1,
      289, 269, 282, -1,
      282, 269, 268, -1,
      282, 268, 283, -1,
      283, 268, 267, -1,
      283, 267, 290, -1,
      290, 267, 264, -1,
      290, 264, 291, -1,
      291, 264, 263, -1,
      291, 263, 292, -1,
      292, 263, 262, -1,
      292, 262, 252, -1,
      252, 262, 250, -1,
      300, 301, 302, -1,
      302, 301, 303, -1,
      304, 305, 306, -1,
      306, 305, 307, -1,
      303, 301, 304, -1,
      304, 301, 305, -1,
      306, 307, 308, -1,
      308, 307, 309, -1,
      300, 310, 301, -1,
      301, 310, 311, -1,
      301, 311, 305, -1,
      305, 311, 312, -1,
      305, 312, 313, -1,
      314, 307, 315, -1,
      315, 307, 316, -1,
      313, 317, 305, -1,
      305, 317, 318, -1,
      305, 318, 319, -1,
      314, 320, 307, -1,
      307, 320, 321, -1,
      307, 321, 322, -1,
      319, 323, 305, -1,
      305, 323, 324, -1,
      305, 324, 307, -1,
      307, 324, 325, -1,
      307, 325, 316, -1,
      322, 326, 307, -1,
      307, 326, 327, -1,
      307, 327, 309, -1,
      309, 327, 328, -1,
      309, 328, 329, -1,
      330, 308, 329, -1,
      329, 308, 309, -1,
      331, 332, 304, -1,
      306, 333, 334, -1,
      334, 335, 306, -1,
      306, 335, 336, -1,
      306, 336, 337, -1,
      338, 339, 304, -1,
      304, 339, 340, -1,
      304, 340, 331, -1,
      332, 341, 304, -1,
      304, 341, 342, -1,
      304, 342, 303, -1,
      303, 342, 343, -1,
      303, 343, 302, -1,
      330, 344, 308, -1,
      308, 344, 345, -1,
      308, 345, 306, -1,
      306, 345, 346, -1,
      306, 346, 333, -1,
      337, 347, 306, -1,
      306, 347, 348, -1,
      306, 348, 304, -1,
      304, 348, 349, -1,
      304, 349, 338, -1,
      330, 329, 344, -1,
      344, 329, 328, -1,
      344, 328, 345, -1,
      345, 328, 327, -1,
      345, 327, 346, -1,
      346, 327, 326, -1,
      346, 326, 333, -1,
      333, 326, 322, -1,
      333, 322, 334, -1,
      334, 322, 321, -1,
      334, 321, 335, -1,
      335, 321, 320, -1,
      335, 320, 336, -1,
      336, 320, 314, -1,
      336, 314, 337, -1,
      337, 314, 315, -1,
      337, 315, 347, -1,
      347, 315, 316, -1,
      347, 316, 348, -1,
      348, 316, 325, -1,
      348, 325, 349, -1,
      349, 325, 324, -1,
      349, 324, 338, -1,
      338, 324, 323, -1,
      338, 323, 339, -1,
      339, 323, 319, -1,
      339, 319, 340, -1,
      340, 319, 318, -1,
      340, 318, 331, -1,
      331, 318, 317, -1,
      331, 317, 332, -1,
      332, 317, 313, -1,
      332, 313, 341, -1,
      341, 313, 312, -1,
      341, 312, 342, -1,
      342, 312, 311, -1,
      342, 311, 343, -1,
      343, 311, 310, -1,
      343, 310, 302, -1,
      302, 310, 300, -1,
      350, 351, 352, -1,
      352, 351, 353, -1,
      354, 355, 356, -1,
      356, 355, 357, -1,
      353, 351, 354, -1,
      354, 351, 355, -1,
      356, 357, 358, -1,
      358, 357, 359, -1,
      360, 361, 359, -1,
      360, 359, 362, -1,
      362, 359, 357, -1,
      362, 357, 363, -1,
      350, 364, 351, -1,
      351, 364, 365, -1,
      351, 365, 355, -1,
      355, 365, 366, -1,
      355, 366, 367, -1,
      367, 368, 355, -1,
      355, 368, 369, -1,
      355, 369, 370, -1,
      371, 372, 357, -1,
      357, 372, 373, -1,
      357, 373, 374, -1,
      370, 375, 355, -1,
      355, 375, 376, -1,
      355, 376, 357, -1,
      357, 376, 377, -1,
      357, 377, 371, -1,
      374, 378, 357, -1,
      357, 378, 379, -1,
      357, 379, 363, -1,
      380, 358, 361, -1,
      361, 358, 359, -1,
      380, 381, 358, -1,
      358, 381, 382, -1,
      358, 382, 356, -1,
      356, 382, 383, -1,
      356, 383, 384, -1,
      385, 386, 354, -1,
      356, 387, 388, -1,
      384, 389, 356, -1,
      356, 389, 390, -1,
      356, 390, 387, -1,
      388, 391, 356, -1,
      356, 391, 392, -1,
      356, 392, 354, -1,
      354, 392, 393, -1,
      354, 393, 385, -1,
      386, 394, 354, -1,
      354, 394, 395, -1,
      354, 395, 396, -1,
      396, 397, 354, -1,
      354, 397, 398, -1,
      354, 398, 353, -1,
      353, 398, 399, -1,
      353, 399, 352, -1,
      380, 361, 381, -1,
      381, 361, 360, -1,
      381, 360, 382, -1,
      382, 360, 362, -1,
      382, 362, 383, -1,
      383, 362, 363, -1,
      383, 363, 384, -1,
      384, 363, 379, -1,
      384, 379, 389, -1,
      389, 379, 378, -1,
      389, 378, 390, -1,
      390, 378, 374, -1,
      390, 374, 387, -1,
      387, 374, 373, -1,
      387, 373, 388, -1,
      388, 373, 372, -1,
      388, 372, 391, -1,
      391, 372, 371, -1,
      391, 371, 392, -1,
      392, 371, 377, -1,
      392, 377, 393, -1,
      393, 377, 376, -1,
      393, 376, 385, -1,
      385, 376, 375, -1,
      385, 375, 386, -1,
      386, 375, 370, -1,
      386, 370, 394, -1,
      394, 370, 369, -1,
      394, 369, 395, -1,
      395, 369, 368, -1,
      395, 368, 396, -1,
      396, 368, 367, -1,
      396, 367, 397, -1,
      397, 367, 366, -1,
      397, 366, 398, -1,
      398, 366, 365, -1,
      398, 365, 399, -1,
      399, 365, 364, -1,
      399, 364, 352, -1,
      352, 364, 350, -1,
      400, 401, 402, -1,
      402, 401, 403, -1,
      404, 405, 406, -1,
      406, 405, 407, -1,
      406, 407, 408, -1,
      408, 407, 409, -1,
      403, 401, 404, -1,
      404, 401, 405, -1,
      400, 410, 401, -1,
      401, 410, 411, -1,
      401, 411, 405, -1,
      405, 411, 412, -1,
      405, 412, 413, -1,
      414, 407, 415, -1,
      415, 407, 416, -1,
      414, 417, 407, -1,
      407, 417, 418, -1,
      407, 418, 409, -1,
      409, 418, 419, -1,
      409, 419, 420, -1,
      413, 421, 405, -1,
      405, 421, 422, -1,
      405, 422, 423, -1,
      424, 425, 407, -1,
      407, 425, 426, -1,
      407, 426, 416, -1,
      423, 427, 405, -1,
      405, 427, 428, -1,
      405, 428, 407, -1,
      407, 428, 429, -1,
      407, 429, 424, -1,
      430, 408, 420, -1,
      420, 408, 409, -1,
      431, 432, 404, -1,
      430, 433, 408, -1,
      408, 433, 434, -1,
      408, 434, 406, -1,
      434, 435, 406, -1,
      406, 435, 436, -1,
      406, 436, 437, -1,
      437, 438, 406, -1,
      406, 438, 439, -1,
      406, 439, 440, -1,
      441, 442, 404, -1,
      404, 442, 443, -1,
      404, 443, 431, -1,
      432, 444, 404, -1,
      404, 444, 445, -1,
      404, 445, 403, -1,
      403, 445, 446, -1,
      403, 446, 402, -1,
      440, 447, 406, -1,
      406, 447, 448, -1,
      406, 448, 404, -1,
      404, 448, 449, -1,
      404, 449, 441, -1,
      430, 420, 433, -1,
      433, 420, 419, -1,
      433, 419, 434, -1,
      434, 419, 418, -1,
      434, 418, 435, -1,
      435, 418, 417, -1,
      435, 417, 436, -1,
      436, 417, 414, -1,
      436, 414, 437, -1,
      437, 414, 415, -1,
      437, 415, 438, -1,
      438, 415, 416, -1,
      438, 416, 439, -1,
      439, 416, 426, -1,
      439, 426, 440, -1,
      440, 426, 425, -1,
      440, 425, 447, -1,
      447, 425, 424, -1,
      447, 424, 448, -1,
      448, 424, 429, -1,
      448, 429, 449, -1,
      449, 429, 428, -1,
      449, 428, 441, -1,
      441, 428, 427, -1,
      441, 427, 442, -1,
      442, 427, 423, -1,
      442, 423, 443, -1,
      443, 423, 422, -1,
      443, 422, 431, -1,
      431, 422, 421, -1,
      431, 421, 432, -1,
      432, 421, 413, -1,
      432, 413, 444, -1,
      444, 413, 412, -1,
      444, 412, 445, -1,
      445, 412, 411, -1,
      445, 411, 446, -1,
      446, 411, 410, -1,
      446, 410, 402, -1,
      402, 410, 400, -1,
      450, 451, 452, -1,
      452, 451, 453, -1,
      454, 455, 456, -1,
      456, 455, 457, -1,
      456, 457, 458, -1,
      458, 457, 459, -1,
      453, 451, 454, -1,
      454, 451, 455, -1,
      460, 461, 459, -1,
      462, 463, 455, -1,
      455, 463, 464, -1,
      455, 464, 465, -1,
      460, 459, 466, -1,
      466, 459, 457, -1,
      466, 457, 467, -1,
      450, 468, 451, -1,
      451, 468, 469, -1,
      451, 469, 455, -1,
      455, 469, 470, -1,
      455, 470, 462, -1,
      471, 472, 457, -1,
      457, 472, 473, -1,
      457, 473, 474, -1,
      474, 475, 457, -1,
      457, 475, 476, -1,
      457, 476, 467, -1,
      465, 477, 455, -1,
      455, 477, 478, -1,
      455, 478, 457, -1,
      457, 478, 479, -1,
      457, 479, 471, -1,
      480, 458, 461, -1,
      461, 458, 459, -1,
      480, 481, 458, -1,
      458, 481, 482, -1,
      458, 482, 456, -1,
      456, 482, 483, -1,
      456, 483, 484, -1,
      485, 486, 454, -1,
      456, 487, 488, -1,
      484, 489, 456, -1,
      456, 489, 490, -1,
      456, 490, 487, -1,
      488, 491, 456, -1,
      456, 491, 492, -1,
      456, 492, 454, -1,
      454, 492, 493, -1,
      454, 493, 485, -1,
      486, 494, 454, -1,
      454, 494, 495, -1,
      454, 495, 496, -1,
      496, 497, 454, -1,
      454, 497, 498, -1,
      454, 498, 453, -1,
      453, 498, 499, -1,
      453, 499, 452, -1,
      480, 461, 481, -1,
      481, 461, 460, -1,
      481, 460, 482, -1,
      482, 460, 466, -1,
      482, 466, 483, -1,
      483, 466, 467, -1,
      483, 467, 484, -1,
      484, 467, 476, -1,
      484, 476, 489, -1,
      489, 476, 475, -1,
      489, 475, 490, -1,
      490, 475, 474, -1,
      490, 474, 487, -1,
      487, 474, 473, -1,
      487, 473, 488, -1,
      488, 473, 472, -1,
      488, 472, 491, -1,
      491, 472, 471, -1,
      491, 471, 492, -1,
      492, 471, 479, -1,
      492, 479, 493, -1,
      493, 479, 478, -1,
      493, 478, 485, -1,
      485, 478, 477, -1,
      485, 477, 486, -1,
      486, 477, 465, -1,
      486, 465, 494, -1,
      494, 465, 464, -1,
      494, 464, 495, -1,
      495, 464, 463, -1,
      495, 463, 496, -1,
      496, 463, 462, -1,
      496, 462, 497, -1,
      497, 462, 470, -1,
      497, 470, 498, -1,
      498, 470, 469, -1,
      498, 469, 499, -1,
      499, 469, 468, -1,
      499, 468, 452, -1,
      452, 468, 450, -1,
      500, 501, 502, -1,
      502, 501, 503, -1,
      504, 505, 506, -1,
      506, 505, 507, -1,
      503, 501, 504, -1,
      504, 501, 505, -1,
      506, 507, 508, -1,
      508, 507, 509, -1,
      510, 511, 505, -1,
      512, 513, 507, -1,
      500, 514, 501, -1,
      501, 514, 515, -1,
      501, 515, 505, -1,
      505, 515, 516, -1,
      505, 516, 510, -1,
      511, 517, 505, -1,
      505, 517, 518, -1,
      505, 518, 519, -1,
      519, 520, 505, -1,
      505, 520, 521, -1,
      505, 521, 507, -1,
      507, 521, 522, -1,
      507, 522, 512, -1,
      513, 523, 507, -1,
      507, 523, 524, -1,
      507, 524, 525, -1,
      525, 526, 507, -1,
      507, 526, 527, -1,
      507, 527, 509, -1,
      509, 527, 528, -1,
      509, 528, 529, -1,
      530, 531, 504, -1,
      504, 532, 533, -1,
      531, 534, 504, -1,
      504, 534, 535, -1,
      504, 535, 532, -1,
      536, 537, 506, -1,
      506, 537, 538, -1,
      506, 538, 539, -1,
      539, 540, 506, -1,
      506, 540, 541, -1,
      506, 541, 504, -1,
      504, 541, 542, -1,
      504, 542, 530, -1,
      533, 543, 504, -1,
      504, 543, 544, -1,
      504, 544, 503, -1,
      503, 544, 545, -1,
      503, 545, 502, -1,
      546, 547, 508, -1,
      508, 547, 548, -1,
      508, 548, 506, -1,
      506, 548, 549, -1,
      506, 549, 536, -1,
      546, 508, 529, -1,
      529, 508, 509, -1,
      546, 529, 547, -1,
      547, 529, 528, -1,
      547, 528, 548, -1,
      548, 528, 527, -1,
      548, 527, 549, -1,
      549, 527, 526, -1,
      549, 526, 536, -1,
      536, 526, 525, -1,
      536, 525, 537, -1,
      537, 525, 524, -1,
      537, 524, 538, -1,
      538, 524, 523, -1,
      538, 523, 539, -1,
      539, 523, 513, -1,
      539, 513, 540, -1,
      540, 513, 512, -1,
      540, 512, 541, -1,
      541, 512, 522, -1,
      541, 522, 542, -1,
      542, 522, 521, -1,
      542, 521, 530, -1,
      530, 521, 520, -1,
      530, 520, 531, -1,
      531, 520, 519, -1,
      531, 519, 534, -1,
      534, 519, 518, -1,
      534, 518, 535, -1,
      535, 518, 517, -1,
      535, 517, 532, -1,
      532, 517, 511, -1,
      532, 511, 533, -1,
      533, 511, 510, -1,
      533, 510, 543, -1,
      543, 510, 516, -1,
      543, 516, 544, -1,
      544, 516, 515, -1,
      544, 515, 545, -1,
      545, 515, 514, -1,
      545, 514, 502, -1,
      502, 514, 500, -1,
    ]
  }
}

Shape {
  appearance Appearance {
    material Material {
      diffuseColor 0.2000 0.4627 0.2314
      specularColor 0.0157 0.0314 0.0157
      ambientIntensity 0.2
      transparency 0.0000
      shininess 0.5
    }
  }
  geometry IndexedFaceSet {
    ccw TRUE
    solid FALSE
    coord DEF co Coordinate {
      point [
        -2.952756 -2.125984 -0.236220,
        -2.952756 -2.125984 -0.000000,
        -2.559055 -2.125984 -0.000000,
        -2.559055 -2.125984 -0.236220,
        -2.559055 -1.889764 -0.000000,
        -2.559055 -1.889764 -0.236220,
        -2.952756 -1.889764 -0.000000,
        -2.952756 -1.889764 -0.236220,
        -2.952756 -2.913386 -0.236220,
        -2.952756 -2.913386 -0.000000,
        -2.559055 -2.913386 -0.000000,
        -2.559055 -2.913386 -0.236220,
        -2.559055 -2.677165 -0.000000,
        -2.559055 -2.677165 -0.236220,
        -2.952756 -2.677165 -0.000000,
        -2.952756 -2.677165 -0.236220,
        -2.952756 -1.338583 -0.236220,
        -2.952756 -1.338583 -0.000000,
        -2.559055 -1.338583 -0.000000,
        -2.559055 -1.338583 -0.236220,
        -2.559055 -1.102362 -0.000000,
        -2.559055 -1.102362 -0.236220,
        -2.952756 -1.102362 -0.000000,
        -2.952756 -1.102362 -0.236220,
        -2.952756 0.629921 -0.236220,
        -2.952756 0.629921 0.000000,
        -2.559055 0.629921 0.000000,
        -2.559055 0.629921 -0.236220,
        -2.559055 0.866142 0.000000,
        -2.559055 0.866142 -0.236220,
        -2.952756 0.866142 0.000000,
        -2.952756 0.866142 -0.236220,
        2.952756 -0.708661 -0.236220,
        2.952756 -0.708661 -0.000000,
        2.559055 -0.708661 -0.000000,
        2.559055 -0.708661 -0.236220,
        2.559055 -0.944882 -0.000000,
        2.559055 -0.944882 -0.236220,
        2.952756 -0.944882 -0.000000,
        2.952756 -0.944882 -0.236220,
        0.708661 -6.299213 -0.236220,
        0.708661 -6.299213 -0.000000,
        0.708661 -5.905512 -0.000000,
        0.708661 -5.905512 -0.236220,
        0.472441 -5.905512 -0.000000,
        0.472441 -5.905512 -0.236220,
        0.472441 -6.299213 -0.000000,
        0.472441 -6.299213 -0.236220,
        -2.952756 -1.732283 -0.236220,
        -2.952756 -1.732283 -0.000000,
        -2.559055 -1.732283 -0.000000,
        -2.559055 -1.732283 -0.236220,
        -2.559055 -1.496063 -0.000000,
        -2.559055 -1.496063 -0.236220,
        -2.952756 -1.496063 -0.000000,
        -2.952756 -1.496063 -0.236220,
        -2.952756 -4.881890 -0.236220,
        -2.952756 -4.881890 -0.000000,
        -2.559055 -4.881890 -0.000000,
        -2.559055 -4.881890 -0.236220,
        -2.559055 -4.645669 -0.000000,
        -2.559055 -4.645669 -0.236220,
        -2.952756 -4.645669 -0.000000,
        -2.952756 -4.645669 -0.236220,
        2.952756 -2.283465 -0.236220,
        2.952756 -2.283465 -0.000000,
        2.559055 -2.283465 -0.000000,
        2.559055 -2.283465 -0.236220,
        2.559055 -2.519685 -0.000000,
        2.559055 -2.519685 -0.236220,
        2.952756 -2.519685 -0.000000,
        2.952756 -2.519685 -0.236220,
        2.952756 -3.464567 -0.236220,
        2.952756 -3.464567 -0.000000,
        2.559055 -3.464567 -0.000000,
        2.559055 -3.464567 -0.236220,
        2.559055 -3.700787 -0.000000,
        2.559055 -3.700787 -0.236220,
        2.952756 -3.700787 -0.000000,
        2.952756 -3.700787 -0.236220,
        0.314961 -6.299213 -0.236220,
        0.314961 -6.299213 -0.000000,
        0.314961 -5.905512 -0.000000,
        0.314961 -5.905512 -0.236220,
        0.078740 -5.905512 -0.000000,
        0.078740 -5.905512 -0.236220,
        0.078740 -6.299213 -0.000000,
        0.078740 -6.299213 -0.236220,
        1.275197 4.323846 0.000000,
        1.714337 4.323846 0.000000,
        1.275197 4.881217 0.000000,
        2.755906 6.102362 0.000000,
        -2.755906 4.881217 0.000000,
        -2.755906 6.102362 0.000000,
        2.755906 4.323846 0.000000,
        1.933908 4.323846 0.000000,
        1.933908 2.362205 0.000000,
        1.714337 2.362205 0.000000,
        -1.653543 -6.299213 -0.236220,
        -1.653543 -6.299213 -0.000000,
        -1.653543 -5.905512 -0.236220,
        -1.653543 -5.905512 -0.000000,
        -1.889764 -5.905512 -0.236220,
        -1.889764 -5.905512 -0.000000,
        -1.889764 -6.299213 -0.236220,
        -1.889764 -6.299213 -0.000000,
        -1.844488 1.649606 -0.236220,
        -1.844488 1.649606 0.000000,
        -0.746063 1.649606 -0.236220,
        -0.746063 1.649606 0.000000,
        -0.746063 1.948819 -0.236220,
        -0.746063 1.948819 0.000000,
        -1.844488 1.948819 -0.236220,
        -1.844488 1.948819 0.000000,
        1.527559 -2.527559 -0.236220,
        1.527559 -2.527559 -0.000000,
        2.228346 -2.527559 -0.236220,
        2.228346 -2.527559 -0.000000,
        2.228346 -1.826772 -0.236220,
        2.228346 -1.826772 -0.000000,
        1.527559 -1.826772 -0.236220,
        1.527559 -1.826772 -0.000000,
        2.952756 -5.433071 -0.236220,
        2.952756 -5.433071 -0.000000,
        2.559055 -5.433071 -0.236220,
        2.559055 -5.433071 -0.000000,
        2.559055 -5.669291 -0.236220,
        2.559055 -5.669291 -0.000000,
        2.952756 -5.669291 -0.236220,
        2.952756 -5.669291 -0.000000,
        2.952756 -5.039370 -0.236220,
        2.952756 -5.039370 -0.000000,
        2.559055 -5.039370 -0.236220,
        2.559055 -5.039370 -0.000000,
        2.559055 -5.275591 -0.236220,
        2.559055 -5.275591 -0.000000,
        2.952756 -5.275591 -0.236220,
        2.952756 -5.275591 -0.000000,
        2.952756 -4.645669 -0.236220,
        2.952756 -4.645669 -0.000000,
        2.559055 -4.645669 -0.236220,
        2.559055 -4.645669 -0.000000,
        2.559055 -4.881890 -0.236220,
        2.559055 -4.881890 -0.000000,
        2.952756 -4.881890 -0.236220,
        2.952756 -4.881890 -0.000000,
        2.952756 -4.251969 -0.236220,
        2.952756 -4.251969 -0.000000,
        2.559055 -4.251969 -0.236220,
        2.559055 -4.251969 -0.000000,
        2.559055 -4.488189 -0.236220,
        2.559055 -4.488189 -0.000000,
        2.952756 -4.488189 -0.236220,
        2.952756 -4.488189 -0.000000,
        2.952756 -3.858268 -0.236220,
        2.952756 -3.858268 -0.000000,
        2.559055 -3.858268 -0.236220,
        2.559055 -3.858268 -0.000000,
        2.559055 -4.094488 -0.236220,
        2.559055 -4.094488 -0.000000,
        2.952756 -4.094488 -0.236220,
        2.952756 -4.094488 -0.000000,
        2.952756 -3.070866 -0.236220,
        2.952756 -3.070866 -0.000000,
        2.559055 -3.070866 -0.236220,
        2.559055 -3.070866 -0.000000,
        2.559055 -3.307087 -0.236220,
        2.559055 -3.307087 -0.000000,
        2.952756 -3.307087 -0.236220,
        2.952756 -3.307087 -0.000000,
        2.952756 -2.677165 -0.236220,
        2.952756 -2.677165 -0.000000,
        2.559055 -2.677165 -0.236220,
        2.559055 -2.677165 -0.000000,
        2.559055 -2.913386 -0.236220,
        2.559055 -2.913386 -0.000000,
        2.952756 -2.913386 -0.236220,
        2.952756 -2.913386 -0.000000,
        2.952756 -1.889764 -0.236220,
        2.952756 -1.889764 -0.000000,
        2.559055 -1.889764 -0.236220,
        2.559055 -1.889764 -0.000000,
        2.559055 -2.125984 -0.236220,
        2.559055 -2.125984 -0.000000,
        2.952756 -2.125984 -0.236220,
        2.952756 -2.125984 -0.000000,
        2.952756 -1.496063 -0.236220,
        2.952756 -1.496063 -0.000000,
        2.559055 -1.496063 -0.236220,
        2.559055 -1.496063 -0.000000,
        2.559055 -1.732283 -0.236220,
        2.559055 -1.732283 -0.000000,
        2.952756 -1.732283 -0.236220,
        2.952756 -1.732283 -0.000000,
        2.952756 -1.102362 -0.236220,
        2.952756 -1.102362 -0.000000,
        2.559055 -1.102362 -0.236220,
        2.559055 -1.102362 -0.000000,
        2.559055 -1.338583 -0.236220,
        2.559055 -1.338583 -0.000000,
        2.952756 -1.338583 -0.236220,
        2.952756 -1.338583 -0.000000,
        2.952756 -0.314961 -0.236220,
        2.952756 -0.314961 -0.000000,
        2.559055 -0.314961 -0.236220,
        2.559055 -0.314961 -0.000000,
        2.559055 -0.551181 -0.236220,
        2.559055 -0.551181 -0.000000,
        2.952756 -0.551181 -0.236220,
        2.952756 -0.551181 -0.000000,
        2.952756 0.078740 -0.236220,
        2.952756 0.078740 0.000000,
        2.559055 0.078740 -0.236220,
        2.559055 0.078740 0.000000,
        2.559055 -0.157480 -0.236220,
        2.559055 -0.157480 -0.000000,
        2.952756 -0.157480 -0.236220,
        2.952756 -0.157480 -0.000000,
        2.952756 0.472441 -0.236220,
        2.952756 0.472441 0.000000,
        2.559055 0.472441 -0.236220,
        2.559055 0.472441 0.000000,
        2.559055 0.236220 -0.236220,
        2.559055 0.236220 0.000000,
        2.952756 0.236220 -0.236220,
        2.952756 0.236220 0.000000,
        2.952756 0.866142 -0.236220,
        2.952756 0.866142 0.000000,
        2.559055 0.866142 -0.236220,
        2.559055 0.866142 0.000000,
        2.559055 0.629921 -0.236220,
        2.559055 0.629921 0.000000,
        2.952756 0.629921 -0.236220,
        2.952756 0.629921 0.000000,
        2.952756 1.259843 -0.236220,
        2.952756 1.259843 0.000000,
        2.559055 1.259843 -0.236220,
        2.559055 1.259843 0.000000,
        2.559055 1.023622 -0.236220,
        2.559055 1.023622 0.000000,
        2.952756 1.023622 -0.236220,
        2.952756 1.023622 0.000000,
        2.952756 1.653543 -0.236220,
        2.952756 1.653543 0.000000,
        2.559055 1.653543 -0.236220,
        2.559055 1.653543 0.000000,
        2.559055 1.417323 -0.236220,
        2.559055 1.417323 0.000000,
        2.952756 1.417323 -0.236220,
        2.952756 1.417323 0.000000,
        2.952756 2.047244 -0.236220,
        2.952756 2.047244 0.000000,
        2.559055 2.047244 -0.236220,
        2.559055 2.047244 0.000000,
        2.559055 1.811024 -0.236220,
        2.559055 1.811024 0.000000,
        2.952756 1.811024 -0.236220,
        2.952756 1.811024 0.000000,
        -2.952756 1.811024 -0.236220,
        -2.952756 1.811024 0.000000,
        -2.559055 1.811024 -0.236220,
        -2.559055 1.811024 0.000000,
        -2.559055 2.047244 -0.236220,
        -2.559055 2.047244 0.000000,
        -2.952756 2.047244 -0.236220,
        -2.952756 2.047244 0.000000,
        -2.952756 1.417323 -0.236220,
        -2.952756 1.417323 0.000000,
        -2.559055 1.417323 -0.236220,
        -2.559055 1.417323 0.000000,
        -2.559055 1.653543 -0.236220,
        -2.559055 1.653543 0.000000,
        -2.952756 1.653543 -0.236220,
        -2.952756 1.653543 0.000000,
        -2.952756 1.023622 -0.236220,
        -2.952756 1.023622 0.000000,
        -2.559055 1.023622 -0.236220,
        -2.559055 1.023622 0.000000,
        -2.559055 1.259843 -0.236220,
        -2.559055 1.259843 0.000000,
        -2.952756 1.259843 -0.236220,
        -2.952756 1.259843 0.000000,
        -2.952756 0.236220 -0.236220,
        -2.952756 0.236220 0.000000,
        -2.559055 0.236220 -0.236220,
        -2.559055 0.236220 0.000000,
        -2.559055 0.472441 -0.236220,
        -2.559055 0.472441 0.000000,
        -2.952756 0.472441 -0.236220,
        -2.952756 0.472441 0.000000,
        -2.952756 -0.157480 -0.236220,
        -2.952756 -0.157480 -0.000000,
        -2.559055 -0.157480 -0.236220,
        -2.559055 -0.157480 -0.000000,
        -2.559055 0.078740 -0.236220,
        -2.559055 0.078740 0.000000,
        -2.952756 0.078740 -0.236220,
        -2.952756 0.078740 0.000000,
        -2.952756 -0.551181 -0.236220,
        -2.952756 -0.551181 -0.000000,
        -2.559055 -0.551181 -0.236220,
        -2.559055 -0.551181 -0.000000,
        -2.559055 -0.314961 -0.236220,
        -2.559055 -0.314961 -0.000000,
        -2.952756 -0.314961 -0.236220,
        -2.952756 -0.314961 -0.000000,
        -2.952756 -0.944882 -0.236220,
        -2.952756 -0.944882 -0.000000,
        -2.559055 -0.944882 -0.236220,
        -2.559055 -0.944882 -0.000000,
        -2.559055 -0.708661 -0.236220,
        -2.559055 -0.708661 -0.000000,
        -2.952756 -0.708661 -0.236220,
        -2.952756 -0.708661 -0.000000,
        -2.952756 -2.519685 -0.236220,
        -2.952756 -2.519685 -0.000000,
        -2.559055 -2.519685 -0.236220,
        -2.559055 -2.519685 -0.000000,
        -2.559055 -2.283465 -0.236220,
        -2.559055 -2.283465 -0.000000,
        -2.952756 -2.283465 -0.236220,
        -2.952756 -2.283465 -0.000000,
        -2.952756 -3.307087 -0.236220,
        -2.952756 -3.307087 -0.000000,
        -2.559055 -3.307087 -0.236220,
        -2.559055 -3.307087 -0.000000,
        -2.559055 -3.070866 -0.236220,
        -2.559055 -3.070866 -0.000000,
        -2.952756 -3.070866 -0.236220,
        -2.952756 -3.070866 -0.000000,
        -2.952756 -3.700787 -0.236220,
        -2.952756 -3.700787 -0.000000,
        -2.559055 -3.700787 -0.236220,
        -2.559055 -3.700787 -0.000000,
        -2.559055 -3.464567 -0.236220,
        -2.559055 -3.464567 -0.000000,
        -2.952756 -3.464567 -0.236220,
        -2.952756 -3.464567 -0.000000,
        -2.952756 -4.094488 -0.236220,
        -2.952756 -4.094488 -0.000000,
        -2.559055 -4.094488 -0.236220,
        -2.559055 -4.094488 -0.000000,
        -2.559055 -3.858268 -0.236220,
        -2.559055 -3.858268 -0.000000,
        -2.952756 -3.858268 -0.236220,
        -2.952756 -3.858268 -0.000000,
        -2.952756 -4.488189 -0.236220,
        -2.952756 -4.488189 -0.000000,
        -2.559055 -4.488189 -0.236220,
        -2.559055 -4.488189 -0.000000,
        -2.559055 -4.251969 -0.236220,
        -2.559055 -4.251969 -0.000000,
        -2.952756 -4.251969 -0.236220,
        -2.952756 -4.251969 -0.000000,
        -2.952756 -5.275591 -0.236220,
        -2.952756 -5.275591 -0.000000,
        -2.559055 -5.275591 -0.236220,
        -2.559055 -5.275591 -0.000000,
        -2.559055 -5.039370 -0.236220,
        -2.559055 -5.039370 -0.000000,
        -2.952756 -5.039370 -0.236220,
        -2.952756 -5.039370 -0.000000,
        1.889764 -6.299213 -0.236220,
        1.889764 -6.299213 -0.000000,
        1.889764 -5.905512 -0.236220,
        1.889764 -5.905512 -0.000000,
        1.653543 -5.905512 -0.236220,
        1.653543 -5.905512 -0.000000,
        1.653543 -6.299213 -0.236220,
        1.653543 -6.299213 -0.000000,
        1.496063 -6.299213 -0.236220,
        1.496063 -6.299213 -0.000000,
        1.496063 -5.905512 -0.236220,
        1.496063 -5.905512 -0.000000,
        1.259843 -5.905512 -0.236220,
        1.259843 -5.905512 -0.000000,
        1.259843 -6.299213 -0.236220,
        1.259843 -6.299213 -0.000000,
        1.102362 -6.299213 -0.236220,
        1.102362 -6.299213 -0.000000,
        1.102362 -5.905512 -0.236220,
        1.102362 -5.905512 -0.000000,
        0.866142 -5.905512 -0.236220,
        0.866142 -5.905512 -0.000000,
        0.866142 -6.299213 -0.236220,
        0.866142 -6.299213 -0.000000,
        -0.078740 -6.299213 -0.236220,
        -0.078740 -6.299213 -0.000000,
        -0.078740 -5.905512 -0.236220,
        -0.078740 -5.905512 -0.000000,
        -0.314961 -5.905512 -0.236220,
        -0.314961 -5.905512 -0.000000,
        -0.314961 -6.299213 -0.236220,
        -0.314961 -6.299213 -0.000000,
        -0.472441 -6.299213 -0.236220,
        -0.472441 -6.299213 -0.000000,
        -0.472441 -5.905512 -0.236220,
        -0.472441 -5.905512 -0.000000,
        -0.708661 -5.905512 -0.236220,
        -0.708661 -5.905512 -0.000000,
        -0.708661 -6.299213 -0.236220,
        -0.708661 -6.299213 -0.000000,
        -0.866142 -6.299213 -0.236220,
        -0.866142 -6.299213 -0.000000,
        -0.866142 -5.905512 -0.236220,
        -0.866142 -5.905512 -0.000000,
        -1.102362 -5.905512 -0.236220,
        -1.102362 -5.905512 -0.000000,
        -1.102362 -6.299213 -0.236220,
        -1.102362 -6.299213 -0.000000,
        -1.259843 -6.299213 -0.236220,
        -1.259843 -6.299213 -0.000000,
        -1.259843 -5.905512 -0.236220,
        -1.259843 -5.905512 -0.000000,
        -1.496063 -5.905512 -0.236220,
        -1.496063 -5.905512 -0.000000,
        -1.496063 -6.299213 -0.236220,
        -1.496063 -6.299213 -0.000000,
        -2.952756 -5.669291 -0.236220,
        -2.952756 -5.669291 -0.000000,
        -2.559055 -5.669291 -0.236220,
        -2.559055 -5.669291 -0.000000,
        -2.559055 -5.433071 -0.236220,
        -2.559055 -5.433071 -0.000000,
        -2.952756 -5.433071 -0.236220,
        -2.952756 -5.433071 -0.000000,
        2.952756 -6.299213 -0.236220,
        2.952756 6.299213 -0.236220,
        -2.952756 -6.299213 -0.236220,
        -2.952756 6.299213 -0.236220,
        2.952756 -6.299213 -0.000000,
        2.952756 6.299213 0.000000,
        -2.952756 6.299213 0.000000,
        -2.952756 -6.299213 -0.000000,
      ]
    }
    coordIndex [
      88, 89, 90, -1,
      90, 89, 91, -1,
      90, 91, 92, -1,
      92, 91, 93, -1,
      94, 91, 95, -1,
      95, 91, 89, -1,
      95, 89, 96, -1,
      96, 89, 97, -1,
      98, 99, 100, -1,
      100, 99, 101, -1,
      100, 101, 102, -1,
      102, 101, 103, -1,
      102, 103, 104, -1,
      104, 103, 105, -1,
      106, 107, 108, -1,
      108, 107, 109, -1,
      108, 109, 110, -1,
      110, 109, 111, -1,
      110, 111, 112, -1,
      112, 111, 113, -1,
      112, 113, 106, -1,
      106, 113, 107, -1,
      114, 115, 116, -1,
      116, 115, 117, -1,
      116, 117, 118, -1,
      118, 117, 119, -1,
      118, 119, 120, -1,
      120, 119, 121, -1,
      120, 121, 114, -1,
      114, 121, 115, -1,
      122, 123, 124, -1,
      124, 123, 125, -1,
      126, 127, 128, -1,
      128, 127, 129, -1,
      124, 125, 126, -1,
      126, 125, 127, -1,
      130, 131, 132, -1,
      132, 131, 133, -1,
      134, 135, 136, -1,
      136, 135, 137, -1,
      132, 133, 134, -1,
      134, 133, 135, -1,
      138, 139, 140, -1,
      140, 139, 141, -1,
      142, 143, 144, -1,
      144, 143, 145, -1,
      140, 141, 142, -1,
      142, 141, 143, -1,
      146, 147, 148, -1,
      148, 147, 149, -1,
      150, 151, 152, -1,
      152, 151, 153, -1,
      148, 149, 150, -1,
      150, 149, 151, -1,
      154, 155, 156, -1,
      156, 155, 157, -1,
      158, 159, 160, -1,
      160, 159, 161, -1,
      156, 157, 158, -1,
      158, 157, 159, -1,
      72, 73, 75, -1,
      75, 73, 74, -1,
      77, 76, 79, -1,
      79, 76, 78, -1,
      75, 74, 77, -1,
      77, 74, 76, -1,
      162, 163, 164, -1,
      164, 163, 165, -1,
      166, 167, 168, -1,
      168, 167, 169, -1,
      164, 165, 166, -1,
      166, 165, 167, -1,
      170, 171, 172, -1,
      172, 171, 173, -1,
      174, 175, 176, -1,
      176, 175, 177, -1,
      172, 173, 174, -1,
      174, 173, 175, -1,
      64, 65, 67, -1,
      67, 65, 66, -1,
      69, 68, 71, -1,
      71, 68, 70, -1,
      67, 66, 69, -1,
      69, 66, 68, -1,
      178, 179, 180, -1,
      180, 179, 181, -1,
      182, 183, 184, -1,
      184, 183, 185, -1,
      180, 181, 182, -1,
      182, 181, 183, -1,
      186, 187, 188, -1,
      188, 187, 189, -1,
      190, 191, 192, -1,
      192, 191, 193, -1,
      188, 189, 190, -1,
      190, 189, 191, -1,
      194, 195, 196, -1,
      196, 195, 197, -1,
      198, 199, 200, -1,
      200, 199, 201, -1,
      196, 197, 198, -1,
      198, 197, 199, -1,
      32, 33, 35, -1,
      35, 33, 34, -1,
      37, 36, 39, -1,
      39, 36, 38, -1,
      35, 34, 37, -1,
      37, 34, 36, -1,
      202, 203, 204, -1,
      204, 203, 205, -1,
      206, 207, 208, -1,
      208, 207, 209, -1,
      204, 205, 206, -1,
      206, 205, 207, -1,
      210, 211, 212, -1,
      212, 211, 213, -1,
      214, 215, 216, -1,
      216, 215, 217, -1,
      212, 213, 214, -1,
      214, 213, 215, -1,
      218, 219, 220, -1,
      220, 219, 221, -1,
      222, 223, 224, -1,
      224, 223, 225, -1,
      220, 221, 222, -1,
      222, 221, 223, -1,
      226, 227, 228, -1,
      228, 227, 229, -1,
      230, 231, 232, -1,
      232, 231, 233, -1,
      228, 229, 230, -1,
      230, 229, 231, -1,
      234, 235, 236, -1,
      236, 235, 237, -1,
      238, 239, 240, -1,
      240, 239, 241, -1,
      236, 237, 238, -1,
      238, 237, 239, -1,
      242, 243, 244, -1,
      244, 243, 245, -1,
      246, 247, 248, -1,
      248, 247, 249, -1,
      244, 245, 246, -1,
      246, 245, 247, -1,
      250, 251, 252, -1,
      252, 251, 253, -1,
      254, 255, 256, -1,
      256, 255, 257, -1,
      252, 253, 254, -1,
      254, 253, 255, -1,
      258, 259, 260, -1,
      260, 259, 261, -1,
      260, 261, 262, -1,
      262, 261, 263, -1,
      262, 263, 264, -1,
      264, 263, 265, -1,
      266, 267, 268, -1,
      268, 267, 269, -1,
      268, 269, 270, -1,
      270, 269, 271, -1,
      270, 271, 272, -1,
      272, 271, 273, -1,
      274, 275, 276, -1,
      276, 275, 277, -1,
      276, 277, 278, -1,
      278, 277, 279, -1,
      278, 279, 280, -1,
      280, 279, 281, -1,
      24, 25, 27, -1,
      27, 25, 26, -1,
      27, 26, 29, -1,
      29, 26, 28, -1,
      29, 28, 31, -1,
      31, 28, 30, -1,
      282, 283, 284, -1,
      284, 283, 285, -1,
      284, 285, 286, -1,
      286, 285, 287, -1,
      286, 287, 288, -1,
      288, 287, 289, -1,
      290, 291, 292, -1,
      292, 291, 293, -1,
      292, 293, 294, -1,
      294, 293, 295, -1,
      294, 295, 296, -1,
      296, 295, 297, -1,
      298, 299, 300, -1,
      300, 299, 301, -1,
      300, 301, 302, -1,
      302, 301, 303, -1,
      302, 303, 304, -1,
      304, 303, 305, -1,
      306, 307, 308, -1,
      308, 307, 309, -1,
      308, 309, 310, -1,
      310, 309, 311, -1,
      310, 311, 312, -1,
      312, 311, 313, -1,
      16, 17, 19, -1,
      19, 17, 18, -1,
      19, 18, 21, -1,
      21, 18, 20, -1,
      21, 20, 23, -1,
      23, 20, 22, -1,
      48, 49, 51, -1,
      51, 49, 50, -1,
      51, 50, 53, -1,
      53, 50, 52, -1,
      53, 52, 55, -1,
      55, 52, 54, -1,
      0, 1, 3, -1,
      3, 1, 2, -1,
      3, 2, 5, -1,
      5, 2, 4, -1,
      5, 4, 7, -1,
      7, 4, 6, -1,
      314, 315, 316, -1,
      316, 315, 317, -1,
      316, 317, 318, -1,
      318, 317, 319, -1,
      318, 319, 320, -1,
      320, 319, 321, -1,
      8, 9, 11, -1,
      11, 9, 10, -1,
      11, 10, 13, -1,
      13, 10, 12, -1,
      13, 12, 15, -1,
      15, 12, 14, -1,
      322, 323, 324, -1,
      324, 323, 325, -1,
      324, 325, 326, -1,
      326, 325, 327, -1,
      326, 327, 328, -1,
      328, 327, 329, -1,
      330, 331, 332, -1,
      332, 331, 333, -1,
      332, 333, 334, -1,
      334, 333, 335, -1,
      334, 335, 336, -1,
      336, 335, 337, -1,
      338, 339, 340, -1,
      340, 339, 341, -1,
      340, 341, 342, -1,
      342, 341, 343, -1,
      342, 343, 344, -1,
      344, 343, 345, -1,
      346, 347, 348, -1,
      348, 347, 349, -1,
      348, 349, 350, -1,
      350, 349, 351, -1,
      350, 351, 352, -1,
      352, 351, 353, -1,
      56, 57, 59, -1,
      59, 57, 58, -1,
      59, 58, 61, -1,
      61, 58, 60, -1,
      61, 60, 63, -1,
      63, 60, 62, -1,
      354, 355, 356, -1,
      356, 355, 357, -1,
      356, 357, 358, -1,
      358, 357, 359, -1,
      358, 359, 360, -1,
      360, 359, 361, -1,
      362, 363, 364, -1,
      364, 363, 365, -1,
      364, 365, 366, -1,
      366, 365, 367, -1,
      366, 367, 368, -1,
      368, 367, 369, -1,
      370, 371, 372, -1,
      372, 371, 373, -1,
      372, 373, 374, -1,
      374, 373, 375, -1,
      374, 375, 376, -1,
      376, 375, 377, -1,
      378, 379, 380, -1,
      380, 379, 381, -1,
      380, 381, 382, -1,
      382, 381, 383, -1,
      382, 383, 384, -1,
      384, 383, 385, -1,
      40, 41, 43, -1,
      43, 41, 42, -1,
      43, 42, 45, -1,
      45, 42, 44, -1,
      45, 44, 47, -1,
      47, 44, 46, -1,
      80, 81, 83, -1,
      83, 81, 82, -1,
      83, 82, 85, -1,
      85, 82, 84, -1,
      85, 84, 87, -1,
      87, 84, 86, -1,
      386, 387, 388, -1,
      388, 387, 389, -1,
      388, 389, 390, -1,
      390, 389, 391, -1,
      390, 391, 392, -1,
      392, 391, 393, -1,
      394, 395, 396, -1,
      396, 395, 397, -1,
      396, 397, 398, -1,
      398, 397, 399, -1,
      398, 399, 400, -1,
      400, 399, 401, -1,
      402, 403, 404, -1,
      404, 403, 405, -1,
      404, 405, 406, -1,
      406, 405, 407, -1,
      406, 407, 408, -1,
      408, 407, 409, -1,
      410, 411, 412, -1,
      412, 411, 413, -1,
      412, 413, 414, -1,
      414, 413, 415, -1,
      414, 415, 416, -1,
      416, 415, 417, -1,
      418, 419, 420, -1,
      420, 419, 421, -1,
      420, 421, 422, -1,
      422, 421, 423, -1,
      422, 423, 424, -1,
      424, 423, 425, -1,
      134, 136, 122, -1,
      422, 424, 354, -1,
      368, 370, 366, -1,
      366, 370, 372, -1,
      128, 426, 126, -1,
      126, 426, 362, -1,
      126, 362, 124, -1,
      124, 362, 364, -1,
      122, 124, 134, -1,
      134, 124, 364, -1,
      134, 364, 132, -1,
      132, 364, 142, -1,
      132, 142, 130, -1,
      130, 142, 144, -1,
      200, 186, 198, -1,
      198, 186, 188, -1,
      3, 5, 252, -1,
      182, 116, 180, -1,
      180, 116, 190, -1,
      180, 190, 178, -1,
      178, 190, 192, -1,
      21, 23, 306, -1,
      384, 40, 382, -1,
      382, 40, 43, -1,
      320, 0, 318, -1,
      318, 0, 3, -1,
      318, 3, 254, -1,
      254, 3, 252, -1,
      236, 238, 318, -1,
      5, 7, 48, -1,
      427, 250, 252, -1,
      15, 314, 13, -1,
      13, 314, 316, -1,
      47, 80, 45, -1,
      45, 80, 83, -1,
      246, 248, 234, -1,
      230, 232, 218, -1,
      108, 51, 106, -1,
      106, 51, 53, -1,
      106, 53, 112, -1,
      328, 8, 326, -1,
      326, 8, 11, -1,
      87, 386, 85, -1,
      85, 386, 388, -1,
      234, 236, 246, -1,
      246, 236, 318, -1,
      246, 318, 244, -1,
      244, 318, 254, -1,
      244, 254, 242, -1,
      242, 254, 256, -1,
      302, 304, 290, -1,
      336, 322, 334, -1,
      334, 322, 324, -1,
      392, 394, 390, -1,
      390, 394, 396, -1,
      308, 310, 112, -1,
      292, 294, 112, -1,
      344, 330, 342, -1,
      342, 330, 332, -1,
      400, 402, 398, -1,
      398, 402, 404, -1,
      306, 308, 21, -1,
      21, 308, 112, -1,
      21, 112, 19, -1,
      19, 112, 53, -1,
      19, 53, 16, -1,
      16, 53, 55, -1,
      290, 292, 302, -1,
      302, 292, 112, -1,
      302, 112, 300, -1,
      300, 112, 310, -1,
      300, 310, 298, -1,
      298, 310, 312, -1,
      352, 338, 350, -1,
      350, 338, 340, -1,
      408, 410, 406, -1,
      406, 410, 412, -1,
      67, 69, 382, -1,
      214, 120, 212, -1,
      212, 120, 222, -1,
      212, 222, 210, -1,
      210, 222, 224, -1,
      286, 288, 24, -1,
      63, 346, 61, -1,
      61, 346, 348, -1,
      416, 98, 414, -1,
      414, 98, 100, -1,
      206, 208, 32, -1,
      27, 29, 112, -1,
      360, 56, 358, -1,
      358, 56, 59, -1,
      318, 382, 316, -1,
      316, 382, 43, -1,
      316, 43, 13, -1,
      13, 43, 45, -1,
      13, 45, 11, -1,
      11, 45, 83, -1,
      11, 83, 326, -1,
      326, 83, 85, -1,
      326, 85, 324, -1,
      324, 85, 388, -1,
      324, 388, 334, -1,
      334, 388, 390, -1,
      334, 390, 332, -1,
      332, 390, 396, -1,
      332, 396, 342, -1,
      342, 396, 398, -1,
      342, 398, 340, -1,
      340, 398, 404, -1,
      340, 404, 350, -1,
      350, 404, 406, -1,
      350, 406, 348, -1,
      348, 406, 412, -1,
      348, 412, 61, -1,
      61, 412, 414, -1,
      61, 414, 59, -1,
      59, 414, 100, -1,
      59, 100, 358, -1,
      358, 100, 102, -1,
      358, 102, 356, -1,
      428, 418, 104, -1,
      104, 418, 420, -1,
      104, 420, 102, -1,
      102, 420, 422, -1,
      102, 422, 356, -1,
      356, 422, 354, -1,
      240, 226, 238, -1,
      238, 226, 228, -1,
      238, 228, 318, -1,
      318, 228, 230, -1,
      318, 230, 220, -1,
      220, 230, 218, -1,
      184, 64, 182, -1,
      182, 64, 67, -1,
      182, 67, 116, -1,
      116, 67, 382, -1,
      116, 382, 114, -1,
      114, 382, 318, -1,
      114, 318, 120, -1,
      120, 318, 220, -1,
      120, 220, 222, -1,
      174, 176, 162, -1,
      164, 166, 382, -1,
      39, 194, 37, -1,
      37, 194, 196, -1,
      35, 37, 120, -1,
      120, 37, 196, -1,
      120, 196, 118, -1,
      118, 196, 198, -1,
      118, 198, 116, -1,
      116, 198, 188, -1,
      116, 188, 190, -1,
      296, 282, 294, -1,
      294, 282, 284, -1,
      294, 284, 112, -1,
      112, 284, 286, -1,
      112, 286, 27, -1,
      27, 286, 24, -1,
      278, 280, 266, -1,
      162, 164, 174, -1,
      174, 164, 382, -1,
      174, 382, 172, -1,
      172, 382, 69, -1,
      172, 69, 170, -1,
      170, 69, 71, -1,
      216, 202, 214, -1,
      214, 202, 204, -1,
      214, 204, 120, -1,
      120, 204, 206, -1,
      120, 206, 35, -1,
      35, 206, 32, -1,
      77, 79, 154, -1,
      268, 270, 112, -1,
      112, 270, 427, -1,
      112, 427, 110, -1,
      110, 427, 252, -1,
      110, 252, 108, -1,
      108, 252, 5, -1,
      108, 5, 51, -1,
      51, 5, 48, -1,
      266, 268, 278, -1,
      278, 268, 112, -1,
      278, 112, 276, -1,
      276, 112, 29, -1,
      276, 29, 274, -1,
      274, 29, 31, -1,
      264, 429, 262, -1,
      262, 429, 427, -1,
      262, 427, 260, -1,
      260, 427, 270, -1,
      260, 270, 258, -1,
      258, 270, 272, -1,
      154, 156, 77, -1,
      77, 156, 382, -1,
      77, 382, 75, -1,
      75, 382, 166, -1,
      75, 166, 72, -1,
      72, 166, 168, -1,
      160, 146, 158, -1,
      158, 146, 148, -1,
      376, 378, 374, -1,
      374, 378, 380, -1,
      364, 366, 142, -1,
      142, 366, 372, -1,
      142, 372, 140, -1,
      140, 372, 150, -1,
      140, 150, 138, -1,
      138, 150, 152, -1,
      156, 158, 382, -1,
      382, 158, 148, -1,
      382, 148, 380, -1,
      380, 148, 150, -1,
      380, 150, 374, -1,
      374, 150, 372, -1,
      413, 411, 409, -1,
      99, 417, 101, -1,
      101, 417, 415, -1,
      407, 405, 117, -1,
      397, 395, 393, -1,
      103, 101, 115, -1,
      115, 101, 415, -1,
      115, 415, 117, -1,
      117, 415, 413, -1,
      117, 413, 407, -1,
      407, 413, 409, -1,
      391, 389, 117, -1,
      82, 81, 46, -1,
      403, 401, 405, -1,
      405, 401, 399, -1,
      405, 399, 117, -1,
      117, 399, 397, -1,
      117, 397, 391, -1,
      391, 397, 393, -1,
      44, 42, 117, -1,
      381, 379, 377, -1,
      387, 86, 389, -1,
      389, 86, 84, -1,
      389, 84, 117, -1,
      117, 84, 82, -1,
      117, 82, 44, -1,
      44, 82, 46, -1,
      375, 373, 117, -1,
      181, 179, 193, -1,
      41, 385, 42, -1,
      42, 385, 383, -1,
      42, 383, 117, -1,
      117, 383, 381, -1,
      117, 381, 375, -1,
      375, 381, 377, -1,
      189, 187, 201, -1,
      125, 123, 137, -1,
      430, 129, 363, -1,
      363, 129, 127, -1,
      363, 127, 365, -1,
      365, 127, 125, -1,
      365, 125, 367, -1,
      135, 133, 117, -1,
      2, 1, 321, -1,
      137, 135, 125, -1,
      125, 135, 117, -1,
      125, 117, 367, -1,
      367, 117, 373, -1,
      367, 373, 369, -1,
      369, 373, 371, -1,
      319, 96, 97, -1,
      269, 267, 281, -1,
      18, 17, 54, -1,
      90, 92, 265, -1,
      141, 139, 153, -1,
      97, 89, 88, -1,
      285, 283, 297, -1,
      151, 149, 117, -1,
      195, 38, 197, -1,
      197, 38, 36, -1,
      10, 103, 12, -1,
      12, 103, 317, -1,
      12, 317, 14, -1,
      14, 317, 315, -1,
      94, 251, 431, -1,
      153, 151, 141, -1,
      141, 151, 117, -1,
      141, 117, 143, -1,
      143, 117, 133, -1,
      143, 133, 145, -1,
      145, 133, 131, -1,
      119, 191, 121, -1,
      121, 191, 189, -1,
      121, 189, 199, -1,
      199, 189, 201, -1,
      33, 209, 34, -1,
      34, 209, 207, -1,
      301, 299, 313, -1,
      97, 52, 50, -1,
      49, 6, 50, -1,
      50, 6, 4, -1,
      50, 4, 97, -1,
      97, 4, 2, -1,
      97, 2, 319, -1,
      319, 2, 321, -1,
      261, 107, 263, -1,
      263, 107, 113, -1,
      265, 92, 432, -1,
      432, 92, 93, -1,
      432, 93, 431, -1,
      431, 93, 91, -1,
      431, 91, 94, -1,
      103, 115, 317, -1,
      317, 115, 121, -1,
      317, 121, 319, -1,
      199, 197, 121, -1,
      121, 197, 36, -1,
      121, 36, 319, -1,
      319, 36, 34, -1,
      319, 34, 96, -1,
      96, 34, 207, -1,
      96, 207, 205, -1,
      325, 323, 337, -1,
      109, 97, 111, -1,
      111, 97, 88, -1,
      111, 88, 113, -1,
      113, 88, 90, -1,
      113, 90, 263, -1,
      263, 90, 265, -1,
      245, 243, 257, -1,
      157, 155, 78, -1,
      335, 333, 103, -1,
      275, 30, 277, -1,
      277, 30, 28, -1,
      255, 253, 96, -1,
      76, 74, 117, -1,
      213, 211, 225, -1,
      337, 335, 325, -1,
      325, 335, 103, -1,
      325, 103, 327, -1,
      327, 103, 10, -1,
      327, 10, 329, -1,
      329, 10, 9, -1,
      307, 22, 309, -1,
      309, 22, 20, -1,
      251, 94, 253, -1,
      253, 94, 95, -1,
      253, 95, 96, -1,
      78, 76, 157, -1,
      157, 76, 117, -1,
      157, 117, 159, -1,
      159, 117, 149, -1,
      159, 149, 161, -1,
      161, 149, 147, -1,
      223, 221, 96, -1,
      281, 279, 269, -1,
      269, 279, 107, -1,
      269, 107, 271, -1,
      271, 107, 261, -1,
      271, 261, 273, -1,
      273, 261, 259, -1,
      225, 223, 213, -1,
      213, 223, 96, -1,
      213, 96, 215, -1,
      215, 96, 205, -1,
      215, 205, 217, -1,
      217, 205, 203, -1,
      341, 339, 353, -1,
      279, 277, 107, -1,
      107, 277, 28, -1,
      107, 28, 109, -1,
      109, 28, 26, -1,
      165, 163, 177, -1,
      351, 349, 103, -1,
      295, 293, 109, -1,
      229, 227, 241, -1,
      353, 351, 341, -1,
      341, 351, 103, -1,
      341, 103, 343, -1,
      343, 103, 333, -1,
      343, 333, 345, -1,
      345, 333, 331, -1,
      297, 295, 285, -1,
      285, 295, 109, -1,
      285, 109, 287, -1,
      287, 109, 26, -1,
      287, 26, 289, -1,
      289, 26, 25, -1,
      177, 175, 165, -1,
      165, 175, 117, -1,
      165, 117, 167, -1,
      167, 117, 74, -1,
      167, 74, 169, -1,
      169, 74, 73, -1,
      239, 237, 96, -1,
      313, 311, 301, -1,
      301, 311, 109, -1,
      301, 109, 303, -1,
      303, 109, 293, -1,
      303, 293, 305, -1,
      305, 293, 291, -1,
      70, 68, 171, -1,
      171, 68, 173, -1,
      241, 239, 229, -1,
      229, 239, 96, -1,
      229, 96, 231, -1,
      231, 96, 221, -1,
      231, 221, 233, -1,
      233, 221, 219, -1,
      58, 57, 361, -1,
      54, 52, 18, -1,
      18, 52, 97, -1,
      18, 97, 20, -1,
      20, 97, 109, -1,
      20, 109, 309, -1,
      309, 109, 311, -1,
      175, 173, 117, -1,
      117, 173, 68, -1,
      117, 68, 119, -1,
      119, 68, 66, -1,
      235, 249, 237, -1,
      237, 249, 247, -1,
      237, 247, 96, -1,
      96, 247, 245, -1,
      96, 245, 255, -1,
      255, 245, 257, -1,
      65, 185, 66, -1,
      66, 185, 183, -1,
      66, 183, 119, -1,
      119, 183, 181, -1,
      119, 181, 191, -1,
      191, 181, 193, -1,
      361, 359, 58, -1,
      58, 359, 103, -1,
      58, 103, 60, -1,
      60, 103, 349, -1,
      60, 349, 62, -1,
      62, 349, 347, -1,
      355, 425, 357, -1,
      357, 425, 423, -1,
      419, 433, 421, -1,
      421, 433, 105, -1,
      421, 105, 423, -1,
      423, 105, 103, -1,
      423, 103, 357, -1,
      357, 103, 359, -1,
      433, 428, 105, -1,
      105, 428, 104, -1,
      98, 416, 99, -1,
      99, 416, 417, -1,
      411, 410, 409, -1,
      409, 410, 408, -1,
      403, 402, 401, -1,
      401, 402, 400, -1,
      395, 394, 393, -1,
      393, 394, 392, -1,
      387, 386, 86, -1,
      86, 386, 87, -1,
      81, 80, 46, -1,
      46, 80, 47, -1,
      41, 40, 385, -1,
      385, 40, 384, -1,
      379, 378, 377, -1,
      377, 378, 376, -1,
      371, 370, 369, -1,
      369, 370, 368, -1,
      362, 426, 363, -1,
      363, 426, 430, -1,
      129, 430, 128, -1,
      128, 430, 426, -1,
      122, 136, 123, -1,
      123, 136, 137, -1,
      130, 144, 131, -1,
      131, 144, 145, -1,
      138, 152, 139, -1,
      139, 152, 153, -1,
      146, 160, 147, -1,
      147, 160, 161, -1,
      154, 79, 155, -1,
      155, 79, 78, -1,
      72, 168, 73, -1,
      73, 168, 169, -1,
      162, 176, 163, -1,
      163, 176, 177, -1,
      170, 71, 171, -1,
      171, 71, 70, -1,
      64, 184, 65, -1,
      65, 184, 185, -1,
      178, 192, 179, -1,
      179, 192, 193, -1,
      186, 200, 187, -1,
      187, 200, 201, -1,
      194, 39, 195, -1,
      195, 39, 38, -1,
      32, 208, 33, -1,
      33, 208, 209, -1,
      202, 216, 203, -1,
      203, 216, 217, -1,
      210, 224, 211, -1,
      211, 224, 225, -1,
      218, 232, 219, -1,
      219, 232, 233, -1,
      226, 240, 227, -1,
      227, 240, 241, -1,
      234, 248, 235, -1,
      235, 248, 249, -1,
      242, 256, 243, -1,
      243, 256, 257, -1,
      250, 427, 251, -1,
      251, 427, 431, -1,
      427, 429, 431, -1,
      431, 429, 432, -1,
      265, 432, 264, -1,
      264, 432, 429, -1,
      258, 272, 259, -1,
      259, 272, 273, -1,
      266, 280, 267, -1,
      267, 280, 281, -1,
      274, 31, 275, -1,
      275, 31, 30, -1,
      24, 288, 25, -1,
      25, 288, 289, -1,
      282, 296, 283, -1,
      283, 296, 297, -1,
      290, 304, 291, -1,
      291, 304, 305, -1,
      298, 312, 299, -1,
      299, 312, 313, -1,
      306, 23, 307, -1,
      307, 23, 22, -1,
      16, 55, 17, -1,
      17, 55, 54, -1,
      48, 7, 49, -1,
      49, 7, 6, -1,
      0, 320, 1, -1,
      1, 320, 321, -1,
      314, 15, 315, -1,
      315, 15, 14, -1,
      8, 328, 9, -1,
      9, 328, 329, -1,
      322, 336, 323, -1,
      323, 336, 337, -1,
      330, 344, 331, -1,
      331, 344, 345, -1,
      338, 352, 339, -1,
      339, 352, 353, -1,
      346, 63, 347, -1,
      347, 63, 62, -1,
      56, 360, 57, -1,
      57, 360, 361, -1,
      354, 424, 355, -1,
      355, 424, 425, -1,
      418, 428, 419, -1,
      419, 428, 433, -1,
    ]
  }
}

Shape {
  appearance Appearance {
    material Material {
      diffuseColor 0.8275 0.6667 0.1294
      specularColor 0.8275 0.6667 0.1294
      ambientIntensity 0.2
      transparency 0.0000
      shininess 0.5
    }
  }
  geometry IndexedFaceSet {
    ccw TRUE
    solid FALSE
    coord DEF co Coordinate {
      point [
        -1.653543 -6.299213 -0.236220,
        -1.653543 -6.299213 -0.000000,
        -1.653543 -5.905512 -0.236220,
        -1.653543 -5.905512 -0.000000,
        -1.889764 -5.905512 -0.236220,
        -1.889764 -5.905512 -0.000000,
        -1.889764 -6.299213 -0.236220,
        -1.889764 -6.299213 -0.000000,
        -1.844488 1.649606 -0.236220,
        -1.844488 1.649606 0.000000,
        -0.746063 1.649606 -0.236220,
        -0.746063 1.649606 0.000000,
        -0.746063 1.948819 -0.236220,
        -0.746063 1.948819 0.000000,
        -1.844488 1.948819 -0.236220,
        -1.844488 1.948819 0.000000,
        1.527559 -2.527559 -0.236220,
        1.527559 -2.527559 -0.000000,
        2.228346 -2.527559 -0.236220,
        2.228346 -2.527559 -0.000000,
        2.228346 -1.826772 -0.236220,
        2.228346 -1.826772 -0.000000,
        1.527559 -1.826772 -0.236220,
        1.527559 -1.826772 -0.000000,
        2.952756 -5.433071 -0.236220,
        2.952756 -5.433071 -0.000000,
        2.559055 -5.433071 -0.236220,
        2.559055 -5.433071 -0.000000,
        2.559055 -5.669291 -0.236220,
        2.559055 -5.669291 -0.000000,
        2.952756 -5.669291 -0.236220,
        2.952756 -5.669291 -0.000000,
        2.952756 -5.039370 -0.236220,
        2.952756 -5.039370 -0.000000,
        2.559055 -5.039370 -0.236220,
        2.559055 -5.039370 -0.000000,
        2.559055 -5.275591 -0.236220,
        2.559055 -5.275591 -0.000000,
        2.952756 -5.275591 -0.236220,
        2.952756 -5.275591 -0.000000,
        2.952756 -4.645669 -0.236220,
        2.952756 -4.645669 -0.000000,
        2.559055 -4.645669 -0.236220,
        2.559055 -4.645669 -0.000000,
        2.559055 -4.881890 -0.236220,
        2.559055 -4.881890 -0.000000,
        2.952756 -4.881890 -0.236220,
        2.952756 -4.881890 -0.000000,
        2.952756 -4.251969 -0.236220,
        2.952756 -4.251969 -0.000000,
        2.559055 -4.251969 -0.236220,
        2.559055 -4.251969 -0.000000,
        2.559055 -4.488189 -0.236220,
        2.559055 -4.488189 -0.000000,
        2.952756 -4.488189 -0.236220,
        2.952756 -4.488189 -0.000000,
        2.952756 -3.858268 -0.236220,
        2.952756 -3.858268 -0.000000,
        2.559055 -3.858268 -0.236220,
        2.559055 -3.858268 -0.000000,
        2.559055 -4.094488 -0.236220,
        2.559055 -4.094488 -0.000000,
        2.952756 -4.094488 -0.236220,
        2.952756 -4.094488 -0.000000,
        2.952756 -3.070866 -0.236220,
        2.952756 -3.070866 -0.000000,
        2.559055 -3.070866 -0.236220,
        2.559055 -3.070866 -0.000000,
        2.559055 -3.307087 -0.236220,
        2.559055 -3.307087 -0.000000,
        2.952756 -3.307087 -0.236220,
        2.952756 -3.307087 -0.000000,
        2.952756 -2.677165 -0.236220,
        2.952756 -2.677165 -0.000000,
        2.559055 -2.677165 -0.236220,
        2.559055 -2.677165 -0.000000,
        2.559055 -2.913386 -0.236220,
        2.559055 -2.913386 -0.000000,
        2.952756 -2.913386 -0.236220,
        2.952756 -2.913386 -0.000000,
        2.952756 -1.889764 -0.236220,
        2.952756 -1.889764 -0.000000,
        2.559055 -1.889764 -0.236220,
        2.559055 -1.889764 -0.000000,
        2.559055 -2.125984 -0.236220,
        2.559055 -2.125984 -0.000000,
        2.952756 -2.125984 -0.236220,
        2.952756 -2.125984 -0.000000,
        2.952756 -1.496063 -0.236220,
        2.952756 -1.496063 -0.000000,
        2.559055 -1.496063 -0.236220,
        2.559055 -1.496063 -0.000000,
        2.559055 -1.732283 -0.236220,
        2.559055 -1.732283 -0.000000,
        2.952756 -1.732283 -0.236220,
        2.952756 -1.732283 -0.000000,
        2.952756 -1.102362 -0.236220,
        2.952756 -1.102362 -0.000000,
        2.559055 -1.102362 -0.236220,
        2.559055 -1.102362 -0.000000,
        2.559055 -1.338583 -0.236220,
        2.559055 -1.338583 -0.000000,
        2.952756 -1.338583 -0.236220,
        2.952756 -1.338583 -0.000000,
        2.952756 -0.314961 -0.236220,
        2.952756 -0.314961 -0.000000,
        2.559055 -0.314961 -0.236220,
        2.559055 -0.314961 -0.000000,
        2.559055 -0.551181 -0.236220,
        2.559055 -0.551181 -0.000000,
        2.952756 -0.551181 -0.236220,
        2.952756 -0.551181 -0.000000,
        2.952756 0.078740 -0.236220,
        2.952756 0.078740 0.000000,
        2.559055 0.078740 -0.236220,
        2.559055 0.078740 0.000000,
        2.559055 -0.157480 -0.236220,
        2.559055 -0.157480 -0.000000,
        2.952756 -0.157480 -0.236220,
        2.952756 -0.157480 -0.000000,
        2.952756 0.472441 -0.236220,
        2.952756 0.472441 0.000000,
        2.559055 0.472441 -0.236220,
        2.559055 0.472441 0.000000,
        2.559055 0.236220 -0.236220,
        2.559055 0.236220 0.000000,
        2.952756 0.236220 -0.236220,
        2.952756 0.236220 0.000000,
        2.952756 0.866142 -0.236220,
        2.952756 0.866142 0.000000,
        2.559055 0.866142 -0.236220,
        2.559055 0.866142 0.000000,
        2.559055 0.629921 -0.236220,
        2.559055 0.629921 0.000000,
        2.952756 0.629921 -0.236220,
        2.952756 0.629921 0.000000,
        2.952756 1.259843 -0.236220,
        2.952756 1.259843 0.000000,
        2.559055 1.259843 -0.236220,
        2.559055 1.259843 0.000000,
        2.559055 1.023622 -0.236220,
        2.559055 1.023622 0.000000,
        2.952756 1.023622 -0.236220,
        2.952756 1.023622 0.000000,
        2.952756 1.653543 -0.236220,
        2.952756 1.653543 0.000000,
        2.559055 1.653543 -0.236220,
        2.559055 1.653543 0.000000,
        2.559055 1.417323 -0.236220,
        2.559055 1.417323 0.000000,
        2.952756 1.417323 -0.236220,
        2.952756 1.417323 0.000000,
        2.952756 2.047244 -0.236220,
        2.952756 2.047244 0.000000,
        2.559055 2.047244 -0.236220,
        2.559055 2.047244 0.000000,
        2.559055 1.811024 -0.236220,
        2.559055 1.811024 0.000000,
        2.952756 1.811024 -0.236220,
        2.952756 1.811024 0.000000,
        -2.952756 1.811024 -0.236220,
        -2.952756 1.811024 0.000000,
        -2.559055 1.811024 -0.236220,
        -2.559055 1.811024 0.000000,
        -2.559055 2.047244 -0.236220,
        -2.559055 2.047244 0.000000,
        -2.952756 2.047244 -0.236220,
        -2.952756 2.047244 0.000000,
        -2.952756 1.417323 -0.236220,
        -2.952756 1.417323 0.000000,
        -2.559055 1.417323 -0.236220,
        -2.559055 1.417323 0.000000,
        -2.559055 1.653543 -0.236220,
        -2.559055 1.653543 0.000000,
        -2.952756 1.653543 -0.236220,
        -2.952756 1.653543 0.000000,
        -2.952756 1.023622 -0.236220,
        -2.952756 1.023622 0.000000,
        -2.559055 1.023622 -0.236220,
        -2.559055 1.023622 0.000000,
        -2.559055 1.259843 -0.236220,
        -2.559055 1.259843 0.000000,
        -2.952756 1.259843 -0.236220,
        -2.952756 1.259843 0.000000,
        -2.952756 0.236220 -0.236220,
        -2.952756 0.236220 0.000000,
        -2.559055 0.236220 -0.236220,
        -2.559055 0.236220 0.000000,
        -2.559055 0.472441 -0.236220,
        -2.559055 0.472441 0.000000,
        -2.952756 0.472441 -0.236220,
        -2.952756 0.472441 0.000000,
        -2.952756 -0.157480 -0.236220,
        -2.952756 -0.157480 -0.000000,
        -2.559055 -0.157480 -0.236220,
        -2.559055 -0.157480 -0.000000,
        -2.559055 0.078740 -0.236220,
        -2.559055 0.078740 0.000000,
        -2.952756 0.078740 -0.236220,
        -2.952756 0.078740 0.000000,
        -2.952756 -0.551181 -0.236220,
        -2.952756 -0.551181 -0.000000,
        -2.559055 -0.551181 -0.236220,
        -2.559055 -0.551181 -0.000000,
        -2.559055 -0.314961 -0.236220,
        -2.559055 -0.314961 -0.000000,
        -2.952756 -0.314961 -0.236220,
        -2.952756 -0.314961 -0.000000,
        -2.952756 -0.944882 -0.236220,
        -2.952756 -0.944882 -0.000000,
        -2.559055 -0.944882 -0.236220,
        -2.559055 -0.944882 -0.000000,
        -2.559055 -0.708661 -0.236220,
        -2.559055 -0.708661 -0.000000,
        -2.952756 -0.708661 -0.236220,
        -2.952756 -0.708661 -0.000000,
        -2.952756 -2.519685 -0.236220,
        -2.952756 -2.519685 -0.000000,
        -2.559055 -2.519685 -0.236220,
        -2.559055 -2.519685 -0.000000,
        -2.559055 -2.283465 -0.236220,
        -2.559055 -2.283465 -0.000000,
        -2.952756 -2.283465 -0.236220,
        -2.952756 -2.283465 -0.000000,
        -2.952756 -3.307087 -0.236220,
        -2.952756 -3.307087 -0.000000,
        -2.559055 -3.307087 -0.236220,
        -2.559055 -3.307087 -0.000000,
        -2.559055 -3.070866 -0.236220,
        -2.559055 -3.070866 -0.000000,
        -2.952756 -3.070866 -0.236220,
        -2.952756 -3.070866 -0.000000,
        -2.952756 -3.700787 -0.236220,
        -2.952756 -3.700787 -0.000000,
        -2.559055 -3.700787 -0.236220,
        -2.559055 -3.700787 -0.000000,
        -2.559055 -3.464567 -0.236220,
        -2.559055 -3.464567 -0.000000,
        -2.952756 -3.464567 -0.236220,
        -2.952756 -3.464567 -0.000000,
        -2.952756 -4.094488 -0.236220,
        -2.952756 -4.094488 -0.000000,
        -2.559055 -4.094488 -0.236220,
        -2.559055 -4.094488 -0.000000,
        -2.559055 -3.858268 -0.236220,
        -2.559055 -3.858268 -0.000000,
        -2.952756 -3.858268 -0.236220,
        -2.952756 -3.858268 -0.000000,
        -2.952756 -4.488189 -0.236220,
        -2.952756 -4.488189 -0.000000,
        -2.559055 -4.488189 -0.236220,
        -2.559055 -4.488189 -0.000000,
        -2.559055 -4.251969 -0.236220,
        -2.559055 -4.251969 -0.000000,
        -2.952756 -4.251969 -0.236220,
        -2.952756 -4.251969 -0.000000,
        -2.952756 -5.275591 -0.236220,
        -2.952756 -5.275591 -0.000000,
        -2.559055 -5.275591 -0.236220,
        -2.559055 -5.275591 -0.000000,
        -2.559055 -5.039370 -0.236220,
        -2.559055 -5.039370 -0.000000,
        -2.952756 -5.039370 -0.236220,
        -2.952756 -5.039370 -0.000000,
        1.889764 -6.299213 -0.236220,
        1.889764 -6.299213 -0.000000,
        1.889764 -5.905512 -0.236220,
        1.889764 -5.905512 -0.000000,
        1.653543 -5.905512 -0.236220,
        1.653543 -5.905512 -0.000000,
        1.653543 -6.299213 -0.236220,
        1.653543 -6.299213 -0.000000,
        1.496063 -6.299213 -0.236220,
        1.496063 -6.299213 -0.000000,
        1.496063 -5.905512 -0.236220,
        1.496063 -5.905512 -0.000000,
        1.259843 -5.905512 -0.236220,
        1.259843 -5.905512 -0.000000,
        1.259843 -6.299213 -0.236220,
        1.259843 -6.299213 -0.000000,
        1.102362 -6.299213 -0.236220,
        1.102362 -6.299213 -0.000000,
        1.102362 -5.905512 -0.236220,
        1.102362 -5.905512 -0.000000,
        0.866142 -5.905512 -0.236220,
        0.866142 -5.905512 -0.000000,
        0.866142 -6.299213 -0.236220,
        0.866142 -6.299213 -0.000000,
        -0.078740 -6.299213 -0.236220,
        -0.078740 -6.299213 -0.000000,
        -0.078740 -5.905512 -0.236220,
        -0.078740 -5.905512 -0.000000,
        -0.314961 -5.905512 -0.236220,
        -0.314961 -5.905512 -0.000000,
        -0.314961 -6.299213 -0.236220,
        -0.314961 -6.299213 -0.000000,
        -0.472441 -6.299213 -0.236220,
        -0.472441 -6.299213 -0.000000,
        -0.472441 -5.905512 -0.236220,
        -0.472441 -5.905512 -0.000000,
        -0.708661 -5.905512 -0.236220,
        -0.708661 -5.905512 -0.000000,
        -0.708661 -6.299213 -0.236220,
        -0.708661 -6.299213 -0.000000,
        -0.866142 -6.299213 -0.236220,
        -0.866142 -6.299213 -0.000000,
        -0.866142 -5.905512 -0.236220,
        -0.866142 -5.905512 -0.000000,
        -1.102362 -5.905512 -0.236220,
        -1.102362 -5.905512 -0.000000,
        -1.102362 -6.299213 -0.236220,
        -1.102362 -6.299213 -0.000000,
        -1.259843 -6.299213 -0.236220,
        -1.259843 -6.299213 -0.000000,
        -1.259843 -5.905512 -0.236220,
        -1.259843 -5.905512 -0.000000,
        -1.496063 -5.905512 -0.236220,
        -1.496063 -5.905512 -0.000000,
        -1.496063 -6.299213 -0.236220,
        -1.496063 -6.299213 -0.000000,
        -2.952756 -5.669291 -0.236220,
        -2.952756 -5.669291 -0.000000,
        -2.559055 -5.669291 -0.236220,
        -2.559055 -5.669291 -0.000000,
        -2.559055 -5.433071 -0.236220,
        -2.559055 -5.433071 -0.000000,
        -2.952756 -5.433071 -0.236220,
        -2.952756 -5.433071 -0.000000,
        2.952756 1.240157 -0.236220,
        2.952756 1.240157 0.000000,
        2.894903 1.221360 -0.236220,
        2.883159 1.211330 -0.236220,
        2.873128 1.199585 -0.236220,
        2.865058 1.186417 -0.236220,
        2.859148 1.111317 -0.236220,
        2.865058 1.097048 -0.236220,
        2.855543 1.126335 -0.236220,
        2.873128 1.083880 -0.236220,
        2.883159 1.072135 -0.236220,
        2.894903 1.062105 -0.236220,
        2.908072 1.054035 -0.236220,
        2.922341 1.048124 -0.236220,
        2.937359 1.044519 -0.236220,
        2.952756 1.043307 -0.236220,
        2.937359 1.238946 -0.236220,
        2.922341 1.235340 -0.236220,
        2.908072 1.229430 -0.236220,
        2.859148 1.172147 -0.236220,
        2.855543 1.157130 -0.236220,
        2.854331 1.141732 -0.236220,
        2.952756 1.043307 0.000000,
        2.859148 1.172147 0.000000,
        2.865058 1.186417 0.000000,
        2.894903 1.062105 0.000000,
        2.883159 1.072135 0.000000,
        2.873128 1.083880 0.000000,
        2.865058 1.097048 0.000000,
        2.859148 1.111317 0.000000,
        2.937359 1.044519 0.000000,
        2.922341 1.048124 0.000000,
        2.908072 1.054035 0.000000,
        2.855543 1.126335 0.000000,
        2.854331 1.141732 0.000000,
        2.855543 1.157130 0.000000,
        2.873128 1.199585 0.000000,
        2.883159 1.211330 0.000000,
        2.894903 1.221360 0.000000,
        2.908072 1.229430 0.000000,
        2.922341 1.235340 0.000000,
        2.937359 1.238946 0.000000,
        -2.952756 1.830709 -0.236220,
        -2.952756 1.830709 0.000000,
        -2.937359 1.831920 -0.236220,
        -2.922341 1.835526 -0.236220,
        -2.908072 1.841436 -0.236220,
        -2.894903 1.849506 -0.236220,
        -2.894903 2.008761 -0.236220,
        -2.883159 1.998731 -0.236220,
        -2.873128 1.986987 -0.236220,
        -2.855543 1.944531 -0.236220,
        -2.859148 1.959549 -0.236220,
        -2.865058 1.973818 -0.236220,
        -2.908072 2.016831 -0.236220,
        -2.922341 2.022742 -0.236220,
        -2.937359 2.026347 -0.236220,
        -2.952756 2.027559 -0.236220,
        -2.883159 1.859537 -0.236220,
        -2.873128 1.871281 -0.236220,
        -2.865058 1.884450 -0.236220,
        -2.859148 1.898719 -0.236220,
        -2.855543 1.913737 -0.236220,
        -2.854331 1.929134 -0.236220,
        -2.952756 2.027559 0.000000,
        -2.894903 2.008761 0.000000,
        -2.883159 1.998731 0.000000,
        -2.937359 2.026347 0.000000,
        -2.922341 2.022742 0.000000,
        -2.908072 2.016831 0.000000,
        -2.873128 1.986987 0.000000,
        -2.865058 1.973818 0.000000,
        -2.859148 1.959549 0.000000,
        -2.922341 1.835526 0.000000,
        -2.937359 1.831920 0.000000,
        -2.859148 1.898719 0.000000,
        -2.865058 1.884450 0.000000,
        -2.873128 1.871281 0.000000,
        -2.883159 1.859537 0.000000,
        -2.894903 1.849506 0.000000,
        -2.908072 1.841436 0.000000,
        -2.855543 1.944531 0.000000,
        -2.854331 1.929134 0.000000,
        -2.855543 1.913737 0.000000,
        -2.952756 -3.287401 -0.236220,
        -2.952756 -3.287401 -0.000000,
        -2.937359 -3.091763 -0.236220,
        -2.952756 -3.090551 -0.236220,
        -2.922341 -3.095369 -0.236220,
        -2.908072 -3.101279 -0.236220,
        -2.937359 -3.286190 -0.236220,
        -2.922341 -3.282584 -0.236220,
        -2.908072 -3.276674 -0.236220,
        -2.894903 -3.268604 -0.236220,
        -2.883159 -3.258573 -0.236220,
        -2.873128 -3.246829 -0.236220,
        -2.865058 -3.233661 -0.236220,
        -2.855543 -3.173579 -0.236220,
        -2.859148 -3.158561 -0.236220,
        -2.865058 -3.144293 -0.236220,
        -2.873128 -3.131123 -0.236220,
        -2.859148 -3.219392 -0.236220,
        -2.855543 -3.204374 -0.236220,
        -2.854331 -3.188976 -0.236220,
        -2.883159 -3.119379 -0.236220,
        -2.894903 -3.109349 -0.236220,
        -2.952756 -3.090551 -0.000000,
        -2.937359 -3.091763 -0.000000,
        -2.922341 -3.095369 -0.000000,
        -2.908072 -3.101279 -0.000000,
        -2.894903 -3.109349 -0.000000,
        -2.859148 -3.219392 -0.000000,
        -2.865058 -3.233661 -0.000000,
        -2.865058 -3.144293 -0.000000,
        -2.859148 -3.158561 -0.000000,
        -2.883159 -3.119379 -0.000000,
        -2.873128 -3.131123 -0.000000,
        -2.855543 -3.173579 -0.000000,
        -2.854331 -3.188976 -0.000000,
        -2.855543 -3.204374 -0.000000,
        -2.873128 -3.246829 -0.000000,
        -2.883159 -3.258573 -0.000000,
        -2.894903 -3.268604 -0.000000,
        -2.908072 -3.276674 -0.000000,
        -2.922341 -3.282584 -0.000000,
        -2.937359 -3.286190 -0.000000,
        2.952756 2.027559 -0.236220,
        2.952756 2.027559 0.000000,
        2.937359 2.026347 -0.236220,
        2.922341 2.022742 -0.236220,
        2.908072 2.016831 -0.236220,
        2.894903 2.008761 -0.236220,
        2.894903 1.849506 -0.236220,
        2.883159 1.859537 -0.236220,
        2.873128 1.871281 -0.236220,
        2.908072 1.841436 -0.236220,
        2.922341 1.835526 -0.236220,
        2.937359 1.831920 -0.236220,
        2.952756 1.830709 -0.236220,
        2.883159 1.998731 -0.236220,
        2.873128 1.986987 -0.236220,
        2.865058 1.973818 -0.236220,
        2.855543 1.913737 -0.236220,
        2.859148 1.898719 -0.236220,
        2.865058 1.884450 -0.236220,
        2.859148 1.959549 -0.236220,
        2.855543 1.944531 -0.236220,
        2.854331 1.929134 -0.236220,
        2.952756 1.830709 0.000000,
        2.883159 1.998731 0.000000,
        2.894903 2.008761 0.000000,
        2.937359 1.831920 0.000000,
        2.922341 1.835526 0.000000,
        2.908072 1.841436 0.000000,
        2.894903 1.849506 0.000000,
        2.883159 1.859537 0.000000,
        2.873128 1.871281 0.000000,
        2.865058 1.884450 0.000000,
        2.859148 1.898719 0.000000,
        2.859148 1.959549 0.000000,
        2.865058 1.973818 0.000000,
        2.873128 1.986987 0.000000,
        2.908072 2.016831 0.000000,
        2.922341 2.022742 0.000000,
        2.937359 2.026347 0.000000,
        2.855543 1.913737 0.000000,
        2.854331 1.929134 0.000000,
        2.855543 1.944531 0.000000,
        2.952756 0.452756 -0.236220,
        2.952756 0.452756 0.000000,
        2.859148 0.323916 -0.236220,
        2.865058 0.309646 -0.236220,
        2.855543 0.338933 -0.236220,
        2.873128 0.296478 -0.236220,
        2.883159 0.284733 -0.236220,
        2.894903 0.274703 -0.236220,
        2.865058 0.399015 -0.236220,
        2.859148 0.384746 -0.236220,
        2.855543 0.369728 -0.236220,
        2.854331 0.354331 -0.236220,
        2.908072 0.266633 -0.236220,
        2.922341 0.260723 -0.236220,
        2.937359 0.257117 -0.236220,
        2.952756 0.255906 -0.236220,
        2.937359 0.451544 -0.236220,
        2.922341 0.447939 -0.236220,
        2.908072 0.442028 -0.236220,
        2.894903 0.433958 -0.236220,
        2.883159 0.423928 -0.236220,
        2.873128 0.412183 -0.236220,
        2.952756 0.255906 0.000000,
        2.859148 0.384746 0.000000,
        2.865058 0.399015 0.000000,
        2.873128 0.412183 0.000000,
        2.883159 0.423928 0.000000,
        2.894903 0.433958 0.000000,
        2.894903 0.274703 0.000000,
        2.883159 0.284733 0.000000,
        2.859148 0.323916 0.000000,
        2.855543 0.338933 0.000000,
        2.854331 0.354331 0.000000,
        2.855543 0.369728 0.000000,
        2.908072 0.442028 0.000000,
        2.922341 0.447939 0.000000,
        2.937359 0.451544 0.000000,
        2.873128 0.296478 0.000000,
        2.865058 0.309646 0.000000,
        2.937359 0.257117 0.000000,
        2.922341 0.260723 0.000000,
        2.908072 0.266633 0.000000,
        -1.279528 -6.299213 -0.236220,
        -1.279528 -6.299213 -0.000000,
        -1.377953 -6.200787 -0.236220,
        -1.362556 -6.201999 -0.236220,
        -1.298325 -6.241359 -0.236220,
        -1.308356 -6.229615 -0.236220,
        -1.320100 -6.219585 -0.236220,
        -1.393350 -6.201999 -0.236220,
        -1.408368 -6.205605 -0.236220,
        -1.422637 -6.211515 -0.236220,
        -1.280739 -6.283815 -0.236220,
        -1.284345 -6.268798 -0.236220,
        -1.290255 -6.254528 -0.236220,
        -1.333269 -6.211515 -0.236220,
        -1.347538 -6.205605 -0.236220,
        -1.435806 -6.219585 -0.236220,
        -1.447550 -6.229615 -0.236220,
        -1.457580 -6.241359 -0.236220,
        -1.465650 -6.254528 -0.236220,
        -1.471561 -6.268798 -0.236220,
        -1.475166 -6.283815 -0.236220,
        -1.476378 -6.299213 -0.236220,
        -1.362556 -6.201999 -0.000000,
        -1.347538 -6.205605 -0.000000,
        -1.308356 -6.229615 -0.000000,
        -1.298325 -6.241359 -0.000000,
        -1.422637 -6.211515 -0.000000,
        -1.408368 -6.205605 -0.000000,
        -1.393350 -6.201999 -0.000000,
        -1.377953 -6.200787 -0.000000,
        -1.333269 -6.211515 -0.000000,
        -1.320100 -6.219585 -0.000000,
        -1.290255 -6.254528 -0.000000,
        -1.284345 -6.268798 -0.000000,
        -1.280739 -6.283815 -0.000000,
        -1.457580 -6.241359 -0.000000,
        -1.447550 -6.229615 -0.000000,
        -1.435806 -6.219585 -0.000000,
        -1.476378 -6.299213 -0.000000,
        -1.475166 -6.283815 -0.000000,
        -1.471561 -6.268798 -0.000000,
        -1.465650 -6.254528 -0.000000,
        2.952756 -0.334646 -0.236220,
        2.952756 -0.334646 -0.000000,
        2.859148 -0.463486 -0.236220,
        2.865058 -0.477755 -0.236220,
        2.855543 -0.448468 -0.236220,
        2.937359 -0.335857 -0.236220,
        2.922341 -0.339463 -0.236220,
        2.908072 -0.345373 -0.236220,
        2.894903 -0.353443 -0.236220,
        2.883159 -0.363474 -0.236220,
        2.873128 -0.375218 -0.236220,
        2.865058 -0.388387 -0.236220,
        2.859148 -0.402656 -0.236220,
        2.855543 -0.417674 -0.236220,
        2.854331 -0.433071 -0.236220,
        2.873128 -0.490924 -0.236220,
        2.883159 -0.502668 -0.236220,
        2.894903 -0.512698 -0.236220,
        2.908072 -0.520769 -0.236220,
        2.922341 -0.526679 -0.236220,
        2.937359 -0.530284 -0.236220,
        2.952756 -0.531496 -0.236220,
        2.952756 -0.531496 -0.000000,
        2.859148 -0.402656 -0.000000,
        2.865058 -0.388387 -0.000000,
        2.865058 -0.477755 -0.000000,
        2.859148 -0.463486 -0.000000,
        2.894903 -0.512698 -0.000000,
        2.883159 -0.502668 -0.000000,
        2.873128 -0.490924 -0.000000,
        2.855543 -0.448468 -0.000000,
        2.854331 -0.433071 -0.000000,
        2.855543 -0.417674 -0.000000,
        2.873128 -0.375218 -0.000000,
        2.883159 -0.363474 -0.000000,
        2.894903 -0.353443 -0.000000,
        2.908072 -0.345373 -0.000000,
        2.922341 -0.339463 -0.000000,
        2.937359 -0.335857 -0.000000,
        2.937359 -0.530284 -0.000000,
        2.922341 -0.526679 -0.000000,
        2.908072 -0.520769 -0.000000,
        -2.952756 -5.649606 -0.236220,
        -2.952756 -5.649606 -0.000000,
        -2.937359 -5.453968 -0.236220,
        -2.952756 -5.452756 -0.236220,
        -2.922341 -5.457573 -0.236220,
        -2.908072 -5.463484 -0.236220,
        -2.937359 -5.648394 -0.236220,
        -2.922341 -5.644789 -0.236220,
        -2.908072 -5.638878 -0.236220,
        -2.894903 -5.630809 -0.236220,
        -2.883159 -5.620778 -0.236220,
        -2.873128 -5.609034 -0.236220,
        -2.865058 -5.595865 -0.236220,
        -2.855543 -5.535784 -0.236220,
        -2.859148 -5.520766 -0.236220,
        -2.865058 -5.506497 -0.236220,
        -2.873128 -5.493328 -0.236220,
        -2.859148 -5.581596 -0.236220,
        -2.855543 -5.566578 -0.236220,
        -2.854331 -5.551181 -0.236220,
        -2.883159 -5.481584 -0.236220,
        -2.894903 -5.471554 -0.236220,
        -2.952756 -5.452756 -0.000000,
        -2.937359 -5.453968 -0.000000,
        -2.922341 -5.457573 -0.000000,
        -2.908072 -5.463484 -0.000000,
        -2.894903 -5.471554 -0.000000,
        -2.883159 -5.620778 -0.000000,
        -2.894903 -5.630809 -0.000000,
        -2.865058 -5.506497 -0.000000,
        -2.859148 -5.520766 -0.000000,
        -2.883159 -5.481584 -0.000000,
        -2.873128 -5.493328 -0.000000,
        -2.855543 -5.535784 -0.000000,
        -2.854331 -5.551181 -0.000000,
        -2.855543 -5.566578 -0.000000,
        -2.859148 -5.581596 -0.000000,
        -2.865058 -5.595865 -0.000000,
        -2.873128 -5.609034 -0.000000,
        -2.908072 -5.638878 -0.000000,
        -2.922341 -5.644789 -0.000000,
        -2.937359 -5.648394 -0.000000,
        2.952756 -3.090551 -0.236220,
        2.952756 -3.090551 -0.000000,
        2.937359 -3.286190 -0.236220,
        2.952756 -3.287401 -0.236220,
        2.894903 -3.109349 -0.236220,
        2.883159 -3.119379 -0.236220,
        2.873128 -3.131123 -0.236220,
        2.865058 -3.144293 -0.236220,
        2.922341 -3.282584 -0.236220,
        2.908072 -3.276674 -0.236220,
        2.937359 -3.091763 -0.236220,
        2.922341 -3.095369 -0.236220,
        2.908072 -3.101279 -0.236220,
        2.855543 -3.204374 -0.236220,
        2.859148 -3.219392 -0.236220,
        2.865058 -3.233661 -0.236220,
        2.873128 -3.246829 -0.236220,
        2.883159 -3.258573 -0.236220,
        2.894903 -3.268604 -0.236220,
        2.859148 -3.158561 -0.236220,
        2.855543 -3.173579 -0.236220,
        2.854331 -3.188976 -0.236220,
        2.952756 -3.287401 -0.000000,
        2.937359 -3.286190 -0.000000,
        2.922341 -3.282584 -0.000000,
        2.908072 -3.276674 -0.000000,
        2.894903 -3.268604 -0.000000,
        2.859148 -3.158561 -0.000000,
        2.865058 -3.144293 -0.000000,
        2.865058 -3.233661 -0.000000,
        2.859148 -3.219392 -0.000000,
        2.883159 -3.258573 -0.000000,
        2.873128 -3.246829 -0.000000,
        2.855543 -3.204374 -0.000000,
        2.854331 -3.188976 -0.000000,
        2.855543 -3.173579 -0.000000,
        2.873128 -3.131123 -0.000000,
        2.883159 -3.119379 -0.000000,
        2.894903 -3.109349 -0.000000,
        2.908072 -3.101279 -0.000000,
        2.922341 -3.095369 -0.000000,
        2.937359 -3.091763 -0.000000,
        -2.952756 1.043307 -0.236220,
        -2.952756 1.043307 0.000000,
        -2.859148 1.172147 -0.236220,
        -2.865058 1.186417 -0.236220,
        -2.855543 1.157130 -0.236220,
        -2.873128 1.199585 -0.236220,
        -2.883159 1.211330 -0.236220,
        -2.894903 1.221360 -0.236220,
        -2.894903 1.062105 -0.236220,
        -2.883159 1.072135 -0.236220,
        -2.873128 1.083880 -0.236220,
        -2.865058 1.097048 -0.236220,
        -2.859148 1.111317 -0.236220,
        -2.855543 1.126335 -0.236220,
        -2.854331 1.141732 -0.236220,
        -2.937359 1.044519 -0.236220,
        -2.922341 1.048124 -0.236220,
        -2.908072 1.054035 -0.236220,
        -2.908072 1.229430 -0.236220,
        -2.922341 1.235340 -0.236220,
        -2.937359 1.238946 -0.236220,
        -2.952756 1.240157 -0.236220,
        -2.952756 1.240157 0.000000,
        -2.859148 1.111317 0.000000,
        -2.865058 1.097048 0.000000,
        -2.894903 1.221360 0.000000,
        -2.883159 1.211330 0.000000,
        -2.873128 1.199585 0.000000,
        -2.865058 1.186417 0.000000,
        -2.859148 1.172147 0.000000,
        -2.937359 1.238946 0.000000,
        -2.922341 1.235340 0.000000,
        -2.908072 1.229430 0.000000,
        -2.855543 1.157130 0.000000,
        -2.854331 1.141732 0.000000,
        -2.855543 1.126335 0.000000,
        -2.873128 1.083880 0.000000,
        -2.883159 1.072135 0.000000,
        -2.894903 1.062105 0.000000,
        -2.908072 1.054035 0.000000,
        -2.922341 1.048124 0.000000,
        -2.937359 1.044519 0.000000,
        1.476378 -6.299213 -0.236220,
        1.476378 -6.299213 -0.000000,
        1.393350 -6.201999 -0.236220,
        1.377953 -6.200787 -0.236220,
        1.347538 -6.205605 -0.236220,
        1.333269 -6.211515 -0.236220,
        1.475166 -6.283815 -0.236220,
        1.471561 -6.268798 -0.236220,
        1.465650 -6.254528 -0.236220,
        1.457580 -6.241359 -0.236220,
        1.447550 -6.229615 -0.236220,
        1.435806 -6.219585 -0.236220,
        1.362556 -6.201999 -0.236220,
        1.320100 -6.219585 -0.236220,
        1.308356 -6.229615 -0.236220,
        1.298325 -6.241359 -0.236220,
        1.422637 -6.211515 -0.236220,
        1.408368 -6.205605 -0.236220,
        1.290255 -6.254528 -0.236220,
        1.284345 -6.268798 -0.236220,
        1.280739 -6.283815 -0.236220,
        1.279528 -6.299213 -0.236220,
        1.393350 -6.201999 -0.000000,
        1.408368 -6.205605 -0.000000,
        1.447550 -6.229615 -0.000000,
        1.457580 -6.241359 -0.000000,
        1.333269 -6.211515 -0.000000,
        1.347538 -6.205605 -0.000000,
        1.362556 -6.201999 -0.000000,
        1.377953 -6.200787 -0.000000,
        1.422637 -6.211515 -0.000000,
        1.435806 -6.219585 -0.000000,
        1.465650 -6.254528 -0.000000,
        1.471561 -6.268798 -0.000000,
        1.475166 -6.283815 -0.000000,
        1.298325 -6.241359 -0.000000,
        1.308356 -6.229615 -0.000000,
        1.320100 -6.219585 -0.000000,
        1.279528 -6.299213 -0.000000,
        1.280739 -6.283815 -0.000000,
        1.284345 -6.268798 -0.000000,
        1.290255 -6.254528 -0.000000,
        -2.952756 -4.074803 -0.236220,
        -2.952756 -4.074803 -0.000000,
        -2.937359 -3.879165 -0.236220,
        -2.952756 -3.877953 -0.236220,
        -2.922341 -3.882770 -0.236220,
        -2.908072 -3.888681 -0.236220,
        -2.937359 -4.073591 -0.236220,
        -2.922341 -4.069986 -0.236220,
        -2.908072 -4.064075 -0.236220,
        -2.894903 -4.056006 -0.236220,
        -2.883159 -4.045975 -0.236220,
        -2.873128 -4.034231 -0.236220,
        -2.865058 -4.021062 -0.236220,
        -2.855543 -3.960981 -0.236220,
        -2.859148 -3.945963 -0.236220,
        -2.865058 -3.931694 -0.236220,
        -2.873128 -3.918525 -0.236220,
        -2.859148 -4.006793 -0.236220,
        -2.855543 -3.991775 -0.236220,
        -2.854331 -3.976378 -0.236220,
        -2.883159 -3.906781 -0.236220,
        -2.894903 -3.896750 -0.236220,
        -2.952756 -3.877953 -0.000000,
        -2.937359 -3.879165 -0.000000,
        -2.922341 -3.882770 -0.000000,
        -2.908072 -3.888681 -0.000000,
        -2.894903 -3.896750 -0.000000,
        -2.859148 -4.006793 -0.000000,
        -2.865058 -4.021062 -0.000000,
        -2.865058 -3.931694 -0.000000,
        -2.859148 -3.945963 -0.000000,
        -2.883159 -3.906781 -0.000000,
        -2.873128 -3.918525 -0.000000,
        -2.855543 -3.960981 -0.000000,
        -2.854331 -3.976378 -0.000000,
        -2.855543 -3.991775 -0.000000,
        -2.873128 -4.034231 -0.000000,
        -2.883159 -4.045975 -0.000000,
        -2.894903 -4.056006 -0.000000,
        -2.908072 -4.064075 -0.000000,
        -2.922341 -4.069986 -0.000000,
        -2.937359 -4.073591 -0.000000,
        2.952756 -5.059055 -0.236220,
        2.952756 -5.059055 -0.000000,
        2.937359 -5.254694 -0.236220,
        2.952756 -5.255905 -0.236220,
        2.894903 -5.077853 -0.236220,
        2.883159 -5.087883 -0.236220,
        2.873128 -5.099627 -0.236220,
        2.865058 -5.112796 -0.236220,
        2.922341 -5.251088 -0.236220,
        2.908072 -5.245178 -0.236220,
        2.937359 -5.060267 -0.236220,
        2.922341 -5.063872 -0.236220,
        2.908072 -5.069783 -0.236220,
        2.855543 -5.172878 -0.236220,
        2.859148 -5.187896 -0.236220,
        2.865058 -5.202164 -0.236220,
        2.873128 -5.215333 -0.236220,
        2.883159 -5.227077 -0.236220,
        2.894903 -5.237108 -0.236220,
        2.859148 -5.127065 -0.236220,
        2.855543 -5.142083 -0.236220,
        2.854331 -5.157480 -0.236220,
        2.952756 -5.255905 -0.000000,
        2.937359 -5.254694 -0.000000,
        2.922341 -5.251088 -0.000000,
        2.908072 -5.245178 -0.000000,
        2.894903 -5.237108 -0.000000,
        2.859148 -5.127065 -0.000000,
        2.865058 -5.112796 -0.000000,
        2.865058 -5.202164 -0.000000,
        2.859148 -5.187896 -0.000000,
        2.883159 -5.227077 -0.000000,
        2.873128 -5.215333 -0.000000,
        2.855543 -5.172878 -0.000000,
        2.854331 -5.157480 -0.000000,
        2.855543 -5.142083 -0.000000,
        2.873128 -5.099627 -0.000000,
        2.883159 -5.087883 -0.000000,
        2.894903 -5.077853 -0.000000,
        2.908072 -5.069783 -0.000000,
        2.922341 -5.063872 -0.000000,
        2.937359 -5.060267 -0.000000,
        2.952756 -1.122047 -0.236220,
        2.952756 -1.122047 -0.000000,
        2.859148 -1.250887 -0.236220,
        2.865058 -1.265157 -0.236220,
        2.894903 -1.140845 -0.236220,
        2.883159 -1.150875 -0.236220,
        2.873128 -1.162620 -0.236220,
        2.865058 -1.175788 -0.236220,
        2.855543 -1.235870 -0.236220,
        2.873128 -1.278325 -0.236220,
        2.883159 -1.290070 -0.236220,
        2.894903 -1.300100 -0.236220,
        2.908072 -1.308170 -0.236220,
        2.922341 -1.314080 -0.236220,
        2.937359 -1.317686 -0.236220,
        2.952756 -1.318898 -0.236220,
        2.937359 -1.123259 -0.236220,
        2.922341 -1.126865 -0.236220,
        2.908072 -1.132775 -0.236220,
        2.859148 -1.190057 -0.236220,
        2.855543 -1.205075 -0.236220,
        2.854331 -1.220472 -0.236220,
        2.952756 -1.318898 -0.000000,
        2.894903 -1.300100 -0.000000,
        2.883159 -1.290070 -0.000000,
        2.873128 -1.278325 -0.000000,
        2.865058 -1.265157 -0.000000,
        2.859148 -1.250887 -0.000000,
        2.855543 -1.235870 -0.000000,
        2.854331 -1.220472 -0.000000,
        2.855543 -1.205075 -0.000000,
        2.859148 -1.190057 -0.000000,
        2.865058 -1.175788 -0.000000,
        2.873128 -1.162620 -0.000000,
        2.883159 -1.150875 -0.000000,
        2.922341 -1.126865 -0.000000,
        2.937359 -1.123259 -0.000000,
        2.937359 -1.317686 -0.000000,
        2.922341 -1.314080 -0.000000,
        2.908072 -1.308170 -0.000000,
        2.894903 -1.140845 -0.000000,
        2.908072 -1.132775 -0.000000,
        2.952756 -5.452756 -0.236220,
        2.952756 -5.452756 -0.000000,
        2.937359 -5.648394 -0.236220,
        2.952756 -5.649606 -0.236220,
        2.922341 -5.644789 -0.236220,
        2.908072 -5.638878 -0.236220,
        2.937359 -5.453968 -0.236220,
        2.922341 -5.457573 -0.236220,
        2.908072 -5.463484 -0.236220,
        2.894903 -5.471554 -0.236220,
        2.855543 -5.566578 -0.236220,
        2.859148 -5.581596 -0.236220,
        2.865058 -5.595865 -0.236220,
        2.873128 -5.609034 -0.236220,
        2.883159 -5.620778 -0.236220,
        2.894903 -5.630809 -0.236220,
        2.883159 -5.481584 -0.236220,
        2.873128 -5.493328 -0.236220,
        2.865058 -5.506497 -0.236220,
        2.859148 -5.520766 -0.236220,
        2.855543 -5.535784 -0.236220,
        2.854331 -5.551181 -0.236220,
        2.952756 -5.649606 -0.000000,
        2.937359 -5.648394 -0.000000,
        2.922341 -5.644789 -0.000000,
        2.908072 -5.638878 -0.000000,
        2.894903 -5.630809 -0.000000,
        2.883159 -5.481584 -0.000000,
        2.894903 -5.471554 -0.000000,
        2.865058 -5.595865 -0.000000,
        2.859148 -5.581596 -0.000000,
        2.883159 -5.620778 -0.000000,
        2.873128 -5.609034 -0.000000,
        2.855543 -5.566578 -0.000000,
        2.854331 -5.551181 -0.000000,
        2.855543 -5.535784 -0.000000,
        2.859148 -5.520766 -0.000000,
        2.865058 -5.506497 -0.000000,
        2.873128 -5.493328 -0.000000,
        2.908072 -5.463484 -0.000000,
        2.922341 -5.457573 -0.000000,
        2.937359 -5.453968 -0.000000,
        1.082677 -6.299213 -0.236220,
        1.082677 -6.299213 -0.000000,
        0.999649 -6.201999 -0.236220,
        0.984252 -6.200787 -0.236220,
        0.953837 -6.205605 -0.236220,
        0.939568 -6.211515 -0.236220,
        1.081465 -6.283815 -0.236220,
        1.077860 -6.268798 -0.236220,
        1.071950 -6.254528 -0.236220,
        1.063880 -6.241359 -0.236220,
        1.053849 -6.229615 -0.236220,
        1.042105 -6.219585 -0.236220,
        0.968855 -6.201999 -0.236220,
        0.926399 -6.219585 -0.236220,
        0.914655 -6.229615 -0.236220,
        0.904624 -6.241359 -0.236220,
        1.028936 -6.211515 -0.236220,
        1.014667 -6.205605 -0.236220,
        0.896554 -6.254528 -0.236220,
        0.890644 -6.268798 -0.236220,
        0.887039 -6.283815 -0.236220,
        0.885827 -6.299213 -0.236220,
        0.999649 -6.201999 -0.000000,
        1.014667 -6.205605 -0.000000,
        1.053849 -6.229615 -0.000000,
        1.063880 -6.241359 -0.000000,
        0.939568 -6.211515 -0.000000,
        0.953837 -6.205605 -0.000000,
        0.968855 -6.201999 -0.000000,
        0.984252 -6.200787 -0.000000,
        1.028936 -6.211515 -0.000000,
        1.042105 -6.219585 -0.000000,
        1.071950 -6.254528 -0.000000,
        1.077860 -6.268798 -0.000000,
        1.081465 -6.283815 -0.000000,
        0.904624 -6.241359 -0.000000,
        0.914655 -6.229615 -0.000000,
        0.926399 -6.219585 -0.000000,
        0.885827 -6.299213 -0.000000,
        0.887039 -6.283815 -0.000000,
        0.890644 -6.268798 -0.000000,
        0.896554 -6.254528 -0.000000,
        2.952756 -3.877953 -0.236220,
        2.952756 -3.877953 -0.000000,
        2.937359 -4.073591 -0.236220,
        2.952756 -4.074803 -0.236220,
        2.894903 -3.896750 -0.236220,
        2.883159 -3.906781 -0.236220,
        2.873128 -3.918525 -0.236220,
        2.865058 -3.931694 -0.236220,
        2.922341 -4.069986 -0.236220,
        2.908072 -4.064075 -0.236220,
        2.937359 -3.879165 -0.236220,
        2.922341 -3.882770 -0.236220,
        2.908072 -3.888681 -0.236220,
        2.855543 -3.991775 -0.236220,
        2.859148 -4.006793 -0.236220,
        2.865058 -4.021062 -0.236220,
        2.873128 -4.034231 -0.236220,
        2.883159 -4.045975 -0.236220,
        2.894903 -4.056006 -0.236220,
        2.859148 -3.945963 -0.236220,
        2.855543 -3.960981 -0.236220,
        2.854331 -3.976378 -0.236220,
        2.952756 -4.074803 -0.000000,
        2.937359 -4.073591 -0.000000,
        2.922341 -4.069986 -0.000000,
        2.908072 -4.064075 -0.000000,
        2.894903 -4.056006 -0.000000,
        2.859148 -3.945963 -0.000000,
        2.865058 -3.931694 -0.000000,
        2.865058 -4.021062 -0.000000,
        2.859148 -4.006793 -0.000000,
        2.883159 -4.045975 -0.000000,
        2.873128 -4.034231 -0.000000,
        2.855543 -3.991775 -0.000000,
        2.854331 -3.976378 -0.000000,
        2.855543 -3.960981 -0.000000,
        2.873128 -3.918525 -0.000000,
        2.883159 -3.906781 -0.000000,
        2.894903 -3.896750 -0.000000,
        2.908072 -3.888681 -0.000000,
        2.922341 -3.882770 -0.000000,
        2.937359 -3.879165 -0.000000,
        2.952756 -2.696850 -0.236220,
        2.952756 -2.696850 -0.000000,
        2.937359 -2.698062 -0.236220,
        2.922341 -2.701668 -0.236220,
        2.908072 -2.707578 -0.236220,
        2.894903 -2.715648 -0.236220,
        2.894903 -2.874904 -0.236220,
        2.883159 -2.864873 -0.236220,
        2.873128 -2.853128 -0.236220,
        2.908072 -2.882973 -0.236220,
        2.922341 -2.888883 -0.236220,
        2.937359 -2.892489 -0.236220,
        2.952756 -2.893701 -0.236220,
        2.883159 -2.725678 -0.236220,
        2.873128 -2.737422 -0.236220,
        2.865058 -2.750592 -0.236220,
        2.855543 -2.810673 -0.236220,
        2.859148 -2.825691 -0.236220,
        2.865058 -2.839960 -0.236220,
        2.859148 -2.764861 -0.236220,
        2.855543 -2.779879 -0.236220,
        2.854331 -2.795276 -0.236220,
        2.952756 -2.893701 -0.000000,
        2.883159 -2.725678 -0.000000,
        2.894903 -2.715648 -0.000000,
        2.937359 -2.892489 -0.000000,
        2.922341 -2.888883 -0.000000,
        2.908072 -2.882973 -0.000000,
        2.894903 -2.874904 -0.000000,
        2.883159 -2.864873 -0.000000,
        2.873128 -2.853128 -0.000000,
        2.865058 -2.839960 -0.000000,
        2.859148 -2.825691 -0.000000,
        2.859148 -2.764861 -0.000000,
        2.865058 -2.750592 -0.000000,
        2.873128 -2.737422 -0.000000,
        2.908072 -2.707578 -0.000000,
        2.922341 -2.701668 -0.000000,
        2.937359 -2.698062 -0.000000,
        2.855543 -2.810673 -0.000000,
        2.854331 -2.795276 -0.000000,
        2.855543 -2.779879 -0.000000,
        2.952756 0.846457 -0.236220,
        2.952756 0.846457 0.000000,
        2.859148 0.717617 -0.236220,
        2.865058 0.703347 -0.236220,
        2.859148 0.778446 -0.236220,
        2.855543 0.763429 -0.236220,
        2.855543 0.732634 -0.236220,
        2.937359 0.845245 -0.236220,
        2.922341 0.841639 -0.236220,
        2.908072 0.835729 -0.236220,
        2.894903 0.827659 -0.236220,
        2.883159 0.817629 -0.236220,
        2.854331 0.748031 -0.236220,
        2.873128 0.690179 -0.236220,
        2.883159 0.678434 -0.236220,
        2.894903 0.668404 -0.236220,
        2.873128 0.805884 -0.236220,
        2.865058 0.792716 -0.236220,
        2.908072 0.660334 -0.236220,
        2.922341 0.654424 -0.236220,
        2.937359 0.650818 -0.236220,
        2.952756 0.649606 -0.236220,
        2.952756 0.649606 0.000000,
        2.937359 0.845245 0.000000,
        2.865058 0.703347 0.000000,
        2.859148 0.717617 0.000000,
        2.894903 0.668404 0.000000,
        2.883159 0.678434 0.000000,
        2.873128 0.690179 0.000000,
        2.855543 0.732634 0.000000,
        2.854331 0.748031 0.000000,
        2.855543 0.763429 0.000000,
        2.859148 0.778446 0.000000,
        2.865058 0.792716 0.000000,
        2.873128 0.805884 0.000000,
        2.922341 0.841639 0.000000,
        2.908072 0.835729 0.000000,
        2.937359 0.650818 0.000000,
        2.922341 0.654424 0.000000,
        2.908072 0.660334 0.000000,
        2.883159 0.817629 0.000000,
        2.894903 0.827659 0.000000,
        1.870079 -6.299213 -0.236220,
        1.870079 -6.299213 -0.000000,
        1.851281 -6.241359 -0.236220,
        1.841250 -6.229615 -0.236220,
        1.741239 -6.205605 -0.236220,
        1.726969 -6.211515 -0.236220,
        1.802069 -6.205605 -0.236220,
        1.787051 -6.201999 -0.236220,
        1.771654 -6.200787 -0.236220,
        1.756256 -6.201999 -0.236220,
        1.713801 -6.219585 -0.236220,
        1.702056 -6.229615 -0.236220,
        1.692026 -6.241359 -0.236220,
        1.868867 -6.283815 -0.236220,
        1.865261 -6.268798 -0.236220,
        1.859351 -6.254528 -0.236220,
        1.829506 -6.219585 -0.236220,
        1.816338 -6.211515 -0.236220,
        1.683956 -6.254528 -0.236220,
        1.678046 -6.268798 -0.236220,
        1.674440 -6.283815 -0.236220,
        1.673228 -6.299213 -0.236220,
        1.787051 -6.201999 -0.000000,
        1.802069 -6.205605 -0.000000,
        1.816338 -6.211515 -0.000000,
        1.829506 -6.219585 -0.000000,
        1.841250 -6.229615 -0.000000,
        1.851281 -6.241359 -0.000000,
        1.859351 -6.254528 -0.000000,
        1.865261 -6.268798 -0.000000,
        1.868867 -6.283815 -0.000000,
        1.673228 -6.299213 -0.000000,
        1.674440 -6.283815 -0.000000,
        1.678046 -6.268798 -0.000000,
        1.683956 -6.254528 -0.000000,
        1.692026 -6.241359 -0.000000,
        1.702056 -6.229615 -0.000000,
        1.713801 -6.219585 -0.000000,
        1.726969 -6.211515 -0.000000,
        1.741239 -6.205605 -0.000000,
        1.756256 -6.201999 -0.000000,
        1.771654 -6.200787 -0.000000,
        -2.952756 -0.925197 -0.236220,
        -2.952756 -0.925197 -0.000000,
        -2.859148 -0.796357 -0.236220,
        -2.865058 -0.782087 -0.236220,
        -2.855543 -0.811374 -0.236220,
        -2.873128 -0.768919 -0.236220,
        -2.883159 -0.757174 -0.236220,
        -2.894903 -0.747144 -0.236220,
        -2.894903 -0.906399 -0.236220,
        -2.883159 -0.896369 -0.236220,
        -2.873128 -0.884624 -0.236220,
        -2.865058 -0.871456 -0.236220,
        -2.859148 -0.857187 -0.236220,
        -2.855543 -0.842169 -0.236220,
        -2.854331 -0.826772 -0.236220,
        -2.937359 -0.923985 -0.236220,
        -2.922341 -0.920380 -0.236220,
        -2.908072 -0.914469 -0.236220,
        -2.908072 -0.739074 -0.236220,
        -2.922341 -0.733164 -0.236220,
        -2.937359 -0.729558 -0.236220,
        -2.952756 -0.728346 -0.236220,
        -2.952756 -0.728346 -0.000000,
        -2.859148 -0.857187 -0.000000,
        -2.865058 -0.871456 -0.000000,
        -2.894903 -0.747144 -0.000000,
        -2.883159 -0.757174 -0.000000,
        -2.873128 -0.768919 -0.000000,
        -2.865058 -0.782087 -0.000000,
        -2.859148 -0.796357 -0.000000,
        -2.855543 -0.811374 -0.000000,
        -2.854331 -0.826772 -0.000000,
        -2.855543 -0.842169 -0.000000,
        -2.937359 -0.729558 -0.000000,
        -2.922341 -0.733164 -0.000000,
        -2.908072 -0.739074 -0.000000,
        -2.873128 -0.884624 -0.000000,
        -2.883159 -0.896369 -0.000000,
        -2.894903 -0.906399 -0.000000,
        -2.908072 -0.914469 -0.000000,
        -2.922341 -0.920380 -0.000000,
        -2.937359 -0.923985 -0.000000,
        2.952756 -1.515748 -0.236220,
        2.952756 -1.515748 -0.000000,
        2.894903 -1.693801 -0.236220,
        2.883159 -1.683770 -0.236220,
        2.873128 -1.672026 -0.236220,
        2.908072 -1.701871 -0.236220,
        2.922341 -1.707781 -0.236220,
        2.937359 -1.711387 -0.236220,
        2.952756 -1.712598 -0.236220,
        2.894903 -1.534546 -0.236220,
        2.883159 -1.544576 -0.236220,
        2.873128 -1.556320 -0.236220,
        2.865058 -1.569489 -0.236220,
        2.855543 -1.629570 -0.236220,
        2.859148 -1.644588 -0.236220,
        2.865058 -1.658857 -0.236220,
        2.937359 -1.516960 -0.236220,
        2.922341 -1.520565 -0.236220,
        2.908072 -1.526476 -0.236220,
        2.859148 -1.583758 -0.236220,
        2.855543 -1.598776 -0.236220,
        2.854331 -1.614173 -0.236220,
        2.952756 -1.712598 -0.000000,
        2.883159 -1.544576 -0.000000,
        2.894903 -1.534546 -0.000000,
        2.937359 -1.711387 -0.000000,
        2.922341 -1.707781 -0.000000,
        2.908072 -1.701871 -0.000000,
        2.894903 -1.693801 -0.000000,
        2.883159 -1.683770 -0.000000,
        2.908072 -1.526476 -0.000000,
        2.922341 -1.520565 -0.000000,
        2.937359 -1.516960 -0.000000,
        2.873128 -1.672026 -0.000000,
        2.865058 -1.658857 -0.000000,
        2.859148 -1.644588 -0.000000,
        2.859148 -1.583758 -0.000000,
        2.865058 -1.569489 -0.000000,
        2.873128 -1.556320 -0.000000,
        2.855543 -1.629570 -0.000000,
        2.854331 -1.614173 -0.000000,
        2.855543 -1.598776 -0.000000,
        2.952756 -1.909449 -0.236220,
        2.952756 -1.909449 -0.000000,
        2.937359 -1.910661 -0.236220,
        2.922341 -1.914266 -0.236220,
        2.908072 -1.920176 -0.236220,
        2.894903 -1.928246 -0.236220,
        2.894903 -2.087502 -0.236220,
        2.883159 -2.077471 -0.236220,
        2.873128 -2.065727 -0.236220,
        2.908072 -2.095572 -0.236220,
        2.922341 -2.101482 -0.236220,
        2.937359 -2.105087 -0.236220,
        2.952756 -2.106299 -0.236220,
        2.883159 -1.938277 -0.236220,
        2.873128 -1.950021 -0.236220,
        2.865058 -1.963190 -0.236220,
        2.855543 -2.023271 -0.236220,
        2.859148 -2.038289 -0.236220,
        2.865058 -2.052558 -0.236220,
        2.859148 -1.977459 -0.236220,
        2.855543 -1.992477 -0.236220,
        2.854331 -2.007874 -0.236220,
        2.952756 -2.106299 -0.000000,
        2.883159 -1.938277 -0.000000,
        2.894903 -1.928246 -0.000000,
        2.937359 -2.105087 -0.000000,
        2.922341 -2.101482 -0.000000,
        2.908072 -2.095572 -0.000000,
        2.894903 -2.087502 -0.000000,
        2.883159 -2.077471 -0.000000,
        2.873128 -2.065727 -0.000000,
        2.865058 -2.052558 -0.000000,
        2.859148 -2.038289 -0.000000,
        2.859148 -1.977459 -0.000000,
        2.865058 -1.963190 -0.000000,
        2.873128 -1.950021 -0.000000,
        2.908072 -1.920176 -0.000000,
        2.922341 -1.914266 -0.000000,
        2.937359 -1.910661 -0.000000,
        2.855543 -2.023271 -0.000000,
        2.854331 -2.007874 -0.000000,
        2.855543 -1.992477 -0.000000,
        2.952756 1.633858 -0.236220,
        2.952756 1.633858 0.000000,
        2.937359 1.632646 -0.236220,
        2.922341 1.629041 -0.236220,
        2.908072 1.623131 -0.236220,
        2.894903 1.615061 -0.236220,
        2.883159 1.605030 -0.236220,
        2.873128 1.593286 -0.236220,
        2.865058 1.580117 -0.236220,
        2.859148 1.505018 -0.236220,
        2.865058 1.490749 -0.236220,
        2.855543 1.520036 -0.236220,
        2.873128 1.477580 -0.236220,
        2.883159 1.465836 -0.236220,
        2.894903 1.455806 -0.236220,
        2.908072 1.447735 -0.236220,
        2.922341 1.441825 -0.236220,
        2.937359 1.438220 -0.236220,
        2.952756 1.437008 -0.236220,
        2.859148 1.565848 -0.236220,
        2.855543 1.550830 -0.236220,
        2.854331 1.535433 -0.236220,
        2.952756 1.437008 0.000000,
        2.859148 1.565848 0.000000,
        2.865058 1.580117 0.000000,
        2.873128 1.593286 0.000000,
        2.883159 1.605030 0.000000,
        2.894903 1.615061 0.000000,
        2.865058 1.490749 0.000000,
        2.859148 1.505018 0.000000,
        2.908072 1.623131 0.000000,
        2.922341 1.629041 0.000000,
        2.937359 1.632646 0.000000,
        2.894903 1.455806 0.000000,
        2.883159 1.465836 0.000000,
        2.873128 1.477580 0.000000,
        2.855543 1.520036 0.000000,
        2.854331 1.535433 0.000000,
        2.855543 1.550830 0.000000,
        2.937359 1.438220 0.000000,
        2.922341 1.441825 0.000000,
        2.908072 1.447735 0.000000,
        -1.673228 -6.299213 -0.236220,
        -1.673228 -6.299213 -0.000000,
        -1.870079 -6.299213 -0.000000,
        -1.870079 -6.299213 -0.236220,
        -1.756256 -6.201999 -0.000000,
        -1.741239 -6.205605 -0.000000,
        -1.726969 -6.211515 -0.000000,
        -1.713801 -6.219585 -0.000000,
        -1.702056 -6.229615 -0.000000,
        -1.692026 -6.241359 -0.000000,
        -1.868867 -6.283815 -0.000000,
        -1.865261 -6.268798 -0.000000,
        -1.859351 -6.254528 -0.000000,
        -1.851281 -6.241359 -0.000000,
        -1.841250 -6.229615 -0.000000,
        -1.829506 -6.219585 -0.000000,
        -1.816338 -6.211515 -0.000000,
        -1.683956 -6.254528 -0.000000,
        -1.678046 -6.268798 -0.000000,
        -1.674440 -6.283815 -0.000000,
        -1.802069 -6.205605 -0.000000,
        -1.787051 -6.201999 -0.000000,
        -1.771654 -6.200787 -0.000000,
        -1.692026 -6.241359 -0.236220,
        -1.702056 -6.229615 -0.236220,
        -1.771654 -6.200787 -0.236220,
        -1.756256 -6.201999 -0.236220,
        -1.741239 -6.205605 -0.236220,
        -1.713801 -6.219585 -0.236220,
        -1.726969 -6.211515 -0.236220,
        -1.787051 -6.201999 -0.236220,
        -1.802069 -6.205605 -0.236220,
        -1.816338 -6.211515 -0.236220,
        -1.829506 -6.219585 -0.236220,
        -1.841250 -6.229615 -0.236220,
        -1.851281 -6.241359 -0.236220,
        -1.859351 -6.254528 -0.236220,
        -1.865261 -6.268798 -0.236220,
        -1.868867 -6.283815 -0.236220,
        -1.674440 -6.283815 -0.236220,
        -1.678046 -6.268798 -0.236220,
        -1.683956 -6.254528 -0.236220,
        -2.952756 -0.137795 -0.236220,
        -2.952756 -0.137795 -0.000000,
        -2.859148 -0.008955 -0.236220,
        -2.865058 0.005314 -0.236220,
        -2.855543 -0.023973 -0.236220,
        -2.937359 -0.136583 -0.236220,
        -2.922341 -0.132978 -0.236220,
        -2.908072 -0.127068 -0.236220,
        -2.894903 -0.118998 -0.236220,
        -2.865058 -0.084054 -0.236220,
        -2.859148 -0.069785 -0.236220,
        -2.855543 -0.054767 -0.236220,
        -2.854331 -0.039370 -0.236220,
        -2.873128 0.018483 -0.236220,
        -2.883159 0.030227 -0.236220,
        -2.894903 0.040257 -0.236220,
        -2.883159 -0.108967 -0.236220,
        -2.873128 -0.097223 -0.236220,
        -2.908072 0.048328 -0.236220,
        -2.922341 0.054238 -0.236220,
        -2.937359 0.057843 -0.236220,
        -2.952756 0.059055 -0.236220,
        -2.952756 0.059055 0.000000,
        -2.859148 -0.069785 -0.000000,
        -2.865058 -0.084054 -0.000000,
        -2.865058 0.005314 0.000000,
        -2.859148 -0.008955 -0.000000,
        -2.894903 0.040257 0.000000,
        -2.883159 0.030227 0.000000,
        -2.873128 0.018483 0.000000,
        -2.855543 -0.023973 -0.000000,
        -2.854331 -0.039370 -0.000000,
        -2.855543 -0.054767 -0.000000,
        -2.873128 -0.097223 -0.000000,
        -2.883159 -0.108967 -0.000000,
        -2.894903 -0.118998 -0.000000,
        -2.908072 -0.127068 -0.000000,
        -2.922341 -0.132978 -0.000000,
        -2.937359 -0.136583 -0.000000,
        -2.937359 0.057843 0.000000,
        -2.922341 0.054238 0.000000,
        -2.908072 0.048328 0.000000,
        -2.952756 -2.500000 -0.236220,
        -2.952756 -2.500000 -0.000000,
        -2.937359 -2.498788 -0.236220,
        -2.922341 -2.495183 -0.236220,
        -2.908072 -2.489272 -0.236220,
        -2.894903 -2.481202 -0.236220,
        -2.865058 -2.356891 -0.236220,
        -2.859148 -2.371160 -0.236220,
        -2.855543 -2.386178 -0.236220,
        -2.873128 -2.343722 -0.236220,
        -2.883159 -2.331978 -0.236220,
        -2.894903 -2.321947 -0.236220,
        -2.883159 -2.471172 -0.236220,
        -2.873128 -2.459428 -0.236220,
        -2.865058 -2.446259 -0.236220,
        -2.908072 -2.313877 -0.236220,
        -2.922341 -2.307967 -0.236220,
        -2.937359 -2.304361 -0.236220,
        -2.952756 -2.303150 -0.236220,
        -2.859148 -2.431990 -0.236220,
        -2.855543 -2.416972 -0.236220,
        -2.854331 -2.401575 -0.236220,
        -2.952756 -2.303150 -0.000000,
        -2.883159 -2.471172 -0.000000,
        -2.894903 -2.481202 -0.000000,
        -2.937359 -2.304361 -0.000000,
        -2.922341 -2.307967 -0.000000,
        -2.908072 -2.313877 -0.000000,
        -2.894903 -2.321947 -0.000000,
        -2.883159 -2.331978 -0.000000,
        -2.873128 -2.343722 -0.000000,
        -2.865058 -2.356891 -0.000000,
        -2.859148 -2.371160 -0.000000,
        -2.859148 -2.431990 -0.000000,
        -2.865058 -2.446259 -0.000000,
        -2.873128 -2.459428 -0.000000,
        -2.908072 -2.489272 -0.000000,
        -2.922341 -2.495183 -0.000000,
        -2.937359 -2.498788 -0.000000,
        -2.855543 -2.386178 -0.000000,
        -2.854331 -2.401575 -0.000000,
        -2.855543 -2.416972 -0.000000,
        -2.952756 -5.255905 -0.236220,
        -2.952756 -5.255905 -0.000000,
        -2.937359 -5.060267 -0.236220,
        -2.952756 -5.059055 -0.236220,
        -2.922341 -5.063872 -0.236220,
        -2.908072 -5.069783 -0.236220,
        -2.937359 -5.254694 -0.236220,
        -2.922341 -5.251088 -0.236220,
        -2.908072 -5.245178 -0.236220,
        -2.894903 -5.237108 -0.236220,
        -2.883159 -5.227077 -0.236220,
        -2.873128 -5.215333 -0.236220,
        -2.865058 -5.202164 -0.236220,
        -2.855543 -5.142083 -0.236220,
        -2.859148 -5.127065 -0.236220,
        -2.865058 -5.112796 -0.236220,
        -2.873128 -5.099627 -0.236220,
        -2.859148 -5.187896 -0.236220,
        -2.855543 -5.172878 -0.236220,
        -2.854331 -5.157480 -0.236220,
        -2.883159 -5.087883 -0.236220,
        -2.894903 -5.077853 -0.236220,
        -2.952756 -5.059055 -0.000000,
        -2.937359 -5.060267 -0.000000,
        -2.922341 -5.063872 -0.000000,
        -2.908072 -5.069783 -0.000000,
        -2.894903 -5.077853 -0.000000,
        -2.859148 -5.187896 -0.000000,
        -2.865058 -5.202164 -0.000000,
        -2.865058 -5.112796 -0.000000,
        -2.859148 -5.127065 -0.000000,
        -2.883159 -5.087883 -0.000000,
        -2.873128 -5.099627 -0.000000,
        -2.855543 -5.142083 -0.000000,
        -2.854331 -5.157480 -0.000000,
        -2.855543 -5.172878 -0.000000,
        -2.873128 -5.215333 -0.000000,
        -2.883159 -5.227077 -0.000000,
        -2.894903 -5.237108 -0.000000,
        -2.908072 -5.245178 -0.000000,
        -2.922341 -5.251088 -0.000000,
        -2.937359 -5.254694 -0.000000,
        -2.952756 0.255906 -0.236220,
        -2.952756 0.255906 0.000000,
        -2.859148 0.384746 -0.236220,
        -2.865058 0.399015 -0.236220,
        -2.855543 0.369728 -0.236220,
        -2.937359 0.257117 -0.236220,
        -2.922341 0.260723 -0.236220,
        -2.908072 0.266633 -0.236220,
        -2.894903 0.274703 -0.236220,
        -2.883159 0.284733 -0.236220,
        -2.873128 0.296478 -0.236220,
        -2.865058 0.309646 -0.236220,
        -2.859148 0.323916 -0.236220,
        -2.855543 0.338933 -0.236220,
        -2.854331 0.354331 -0.236220,
        -2.873128 0.412183 -0.236220,
        -2.883159 0.423928 -0.236220,
        -2.894903 0.433958 -0.236220,
        -2.908072 0.442028 -0.236220,
        -2.922341 0.447939 -0.236220,
        -2.937359 0.451544 -0.236220,
        -2.952756 0.452756 -0.236220,
        -2.952756 0.452756 0.000000,
        -2.859148 0.323916 0.000000,
        -2.865058 0.309646 0.000000,
        -2.894903 0.433958 0.000000,
        -2.883159 0.423928 0.000000,
        -2.873128 0.412183 0.000000,
        -2.865058 0.399015 0.000000,
        -2.859148 0.384746 0.000000,
        -2.937359 0.451544 0.000000,
        -2.922341 0.447939 0.000000,
        -2.908072 0.442028 0.000000,
        -2.855543 0.369728 0.000000,
        -2.854331 0.354331 0.000000,
        -2.855543 0.338933 0.000000,
        -2.873128 0.296478 0.000000,
        -2.883159 0.284733 0.000000,
        -2.894903 0.274703 0.000000,
        -2.908072 0.266633 0.000000,
        -2.922341 0.260723 0.000000,
        -2.937359 0.257117 0.000000,
        -2.952756 -0.531496 -0.236220,
        -2.952756 -0.531496 -0.000000,
        -2.859148 -0.402656 -0.236220,
        -2.865058 -0.388387 -0.236220,
        -2.855543 -0.417674 -0.236220,
        -2.937359 -0.530284 -0.236220,
        -2.922341 -0.526679 -0.236220,
        -2.908072 -0.520769 -0.236220,
        -2.894903 -0.512698 -0.236220,
        -2.865058 -0.477755 -0.236220,
        -2.859148 -0.463486 -0.236220,
        -2.855543 -0.448468 -0.236220,
        -2.854331 -0.433071 -0.236220,
        -2.883159 -0.502668 -0.236220,
        -2.873128 -0.490924 -0.236220,
        -2.873128 -0.375218 -0.236220,
        -2.883159 -0.363474 -0.236220,
        -2.894903 -0.353443 -0.236220,
        -2.908072 -0.345373 -0.236220,
        -2.922341 -0.339463 -0.236220,
        -2.937359 -0.335857 -0.236220,
        -2.952756 -0.334646 -0.236220,
        -2.952756 -0.334646 -0.000000,
        -2.894903 -0.353443 -0.000000,
        -2.883159 -0.363474 -0.000000,
        -2.859148 -0.463486 -0.000000,
        -2.865058 -0.477755 -0.000000,
        -2.873128 -0.375218 -0.000000,
        -2.865058 -0.388387 -0.000000,
        -2.859148 -0.402656 -0.000000,
        -2.937359 -0.335857 -0.000000,
        -2.922341 -0.339463 -0.000000,
        -2.908072 -0.345373 -0.000000,
        -2.855543 -0.417674 -0.000000,
        -2.854331 -0.433071 -0.000000,
        -2.855543 -0.448468 -0.000000,
        -2.873128 -0.490924 -0.000000,
        -2.883159 -0.502668 -0.000000,
        -2.894903 -0.512698 -0.000000,
        -2.908072 -0.520769 -0.000000,
        -2.922341 -0.526679 -0.000000,
        -2.937359 -0.530284 -0.000000,
        2.952756 -4.665354 -0.236220,
        2.952756 -4.665354 -0.000000,
        2.937359 -4.860993 -0.236220,
        2.952756 -4.862205 -0.236220,
        2.894903 -4.684152 -0.236220,
        2.883159 -4.694182 -0.236220,
        2.873128 -4.705927 -0.236220,
        2.865058 -4.719096 -0.236220,
        2.922341 -4.857387 -0.236220,
        2.908072 -4.851477 -0.236220,
        2.937359 -4.666567 -0.236220,
        2.922341 -4.670172 -0.236220,
        2.908072 -4.676082 -0.236220,
        2.855543 -4.779177 -0.236220,
        2.859148 -4.794194 -0.236220,
        2.865058 -4.808463 -0.236220,
        2.873128 -4.821632 -0.236220,
        2.883159 -4.833377 -0.236220,
        2.894903 -4.843407 -0.236220,
        2.859148 -4.733365 -0.236220,
        2.855543 -4.748383 -0.236220,
        2.854331 -4.763780 -0.236220,
        2.952756 -4.862205 -0.000000,
        2.937359 -4.860993 -0.000000,
        2.922341 -4.857387 -0.000000,
        2.908072 -4.851477 -0.000000,
        2.894903 -4.843407 -0.000000,
        2.859148 -4.733365 -0.000000,
        2.865058 -4.719096 -0.000000,
        2.865058 -4.808463 -0.000000,
        2.859148 -4.794194 -0.000000,
        2.883159 -4.833377 -0.000000,
        2.873128 -4.821632 -0.000000,
        2.855543 -4.779177 -0.000000,
        2.854331 -4.763780 -0.000000,
        2.855543 -4.748383 -0.000000,
        2.873128 -4.705927 -0.000000,
        2.883159 -4.694182 -0.000000,
        2.894903 -4.684152 -0.000000,
        2.908072 -4.676082 -0.000000,
        2.922341 -4.670172 -0.000000,
        2.937359 -4.666567 -0.000000,
        -0.098425 -6.299213 -0.236220,
        -0.098425 -6.299213 -0.000000,
        -0.117223 -6.241359 -0.236220,
        -0.127253 -6.229615 -0.236220,
        -0.138998 -6.219585 -0.236220,
        -0.152166 -6.211515 -0.236220,
        -0.166435 -6.205605 -0.236220,
        -0.227265 -6.205605 -0.236220,
        -0.241535 -6.211515 -0.236220,
        -0.181453 -6.201999 -0.236220,
        -0.196850 -6.200787 -0.236220,
        -0.212248 -6.201999 -0.236220,
        -0.099637 -6.283815 -0.236220,
        -0.103243 -6.268798 -0.236220,
        -0.109153 -6.254528 -0.236220,
        -0.254703 -6.219585 -0.236220,
        -0.266448 -6.229615 -0.236220,
        -0.276478 -6.241359 -0.236220,
        -0.284548 -6.254528 -0.236220,
        -0.290458 -6.268798 -0.236220,
        -0.294064 -6.283815 -0.236220,
        -0.295276 -6.299213 -0.236220,
        -0.181453 -6.201999 -0.000000,
        -0.166435 -6.205605 -0.000000,
        -0.152166 -6.211515 -0.000000,
        -0.138998 -6.219585 -0.000000,
        -0.127253 -6.229615 -0.000000,
        -0.117223 -6.241359 -0.000000,
        -0.276478 -6.241359 -0.000000,
        -0.266448 -6.229615 -0.000000,
        -0.254703 -6.219585 -0.000000,
        -0.241535 -6.211515 -0.000000,
        -0.227265 -6.205605 -0.000000,
        -0.212248 -6.201999 -0.000000,
        -0.196850 -6.200787 -0.000000,
        -0.109153 -6.254528 -0.000000,
        -0.103243 -6.268798 -0.000000,
        -0.099637 -6.283815 -0.000000,
        -0.295276 -6.299213 -0.000000,
        -0.294064 -6.283815 -0.000000,
        -0.290458 -6.268798 -0.000000,
        -0.284548 -6.254528 -0.000000,
        2.952756 -4.271654 -0.236220,
        2.952756 -4.271654 -0.000000,
        2.937359 -4.467292 -0.236220,
        2.952756 -4.468504 -0.236220,
        2.894903 -4.290451 -0.236220,
        2.883159 -4.300481 -0.236220,
        2.873128 -4.312226 -0.236220,
        2.865058 -4.325395 -0.236220,
        2.922341 -4.463687 -0.236220,
        2.908072 -4.457776 -0.236220,
        2.937359 -4.272865 -0.236220,
        2.922341 -4.276471 -0.236220,
        2.908072 -4.282381 -0.236220,
        2.855543 -4.385476 -0.236220,
        2.859148 -4.400494 -0.236220,
        2.865058 -4.414763 -0.236220,
        2.873128 -4.427931 -0.236220,
        2.883159 -4.439676 -0.236220,
        2.894903 -4.449706 -0.236220,
        2.859148 -4.339664 -0.236220,
        2.855543 -4.354682 -0.236220,
        2.854331 -4.370078 -0.236220,
        2.952756 -4.468504 -0.000000,
        2.937359 -4.467292 -0.000000,
        2.922341 -4.463687 -0.000000,
        2.908072 -4.457776 -0.000000,
        2.894903 -4.449706 -0.000000,
        2.859148 -4.339664 -0.000000,
        2.865058 -4.325395 -0.000000,
        2.865058 -4.414763 -0.000000,
        2.859148 -4.400494 -0.000000,
        2.883159 -4.439676 -0.000000,
        2.873128 -4.427931 -0.000000,
        2.855543 -4.385476 -0.000000,
        2.854331 -4.370078 -0.000000,
        2.855543 -4.354682 -0.000000,
        2.873128 -4.312226 -0.000000,
        2.883159 -4.300481 -0.000000,
        2.894903 -4.290451 -0.000000,
        2.908072 -4.282381 -0.000000,
        2.922341 -4.276471 -0.000000,
        2.937359 -4.272865 -0.000000,
        -0.492126 -6.299213 -0.236220,
        -0.492126 -6.299213 -0.000000,
        -0.575154 -6.201999 -0.236220,
        -0.590551 -6.200787 -0.236220,
        -0.620966 -6.205605 -0.236220,
        -0.635235 -6.211515 -0.236220,
        -0.493338 -6.283815 -0.236220,
        -0.496943 -6.268798 -0.236220,
        -0.502854 -6.254528 -0.236220,
        -0.510924 -6.241359 -0.236220,
        -0.520954 -6.229615 -0.236220,
        -0.532698 -6.219585 -0.236220,
        -0.605948 -6.201999 -0.236220,
        -0.545867 -6.211515 -0.236220,
        -0.560136 -6.205605 -0.236220,
        -0.648404 -6.219585 -0.236220,
        -0.660148 -6.229615 -0.236220,
        -0.670179 -6.241359 -0.236220,
        -0.678249 -6.254528 -0.236220,
        -0.684159 -6.268798 -0.236220,
        -0.687765 -6.283815 -0.236220,
        -0.688976 -6.299213 -0.236220,
        -0.575154 -6.201999 -0.000000,
        -0.560136 -6.205605 -0.000000,
        -0.520954 -6.229615 -0.000000,
        -0.510924 -6.241359 -0.000000,
        -0.670179 -6.241359 -0.000000,
        -0.660148 -6.229615 -0.000000,
        -0.648404 -6.219585 -0.000000,
        -0.635235 -6.211515 -0.000000,
        -0.502854 -6.254528 -0.000000,
        -0.496943 -6.268798 -0.000000,
        -0.493338 -6.283815 -0.000000,
        -0.620966 -6.205605 -0.000000,
        -0.605948 -6.201999 -0.000000,
        -0.590551 -6.200787 -0.000000,
        -0.545867 -6.211515 -0.000000,
        -0.532698 -6.219585 -0.000000,
        -0.688976 -6.299213 -0.000000,
        -0.687765 -6.283815 -0.000000,
        -0.684159 -6.268798 -0.000000,
        -0.678249 -6.254528 -0.000000,
        -0.885827 -6.299213 -0.236220,
        -0.885827 -6.299213 -0.000000,
        -0.984252 -6.200787 -0.236220,
        -0.968855 -6.201999 -0.236220,
        -0.904624 -6.241359 -0.236220,
        -0.914655 -6.229615 -0.236220,
        -0.926399 -6.219585 -0.236220,
        -0.999649 -6.201999 -0.236220,
        -1.014667 -6.205605 -0.236220,
        -1.028936 -6.211515 -0.236220,
        -0.887039 -6.283815 -0.236220,
        -0.890644 -6.268798 -0.236220,
        -0.896554 -6.254528 -0.236220,
        -0.939568 -6.211515 -0.236220,
        -0.953837 -6.205605 -0.236220,
        -1.042105 -6.219585 -0.236220,
        -1.053849 -6.229615 -0.236220,
        -1.063880 -6.241359 -0.236220,
        -1.071950 -6.254528 -0.236220,
        -1.077860 -6.268798 -0.236220,
        -1.081465 -6.283815 -0.236220,
        -1.082677 -6.299213 -0.236220,
        -0.968855 -6.201999 -0.000000,
        -0.953837 -6.205605 -0.000000,
        -0.914655 -6.229615 -0.000000,
        -0.904624 -6.241359 -0.000000,
        -1.028936 -6.211515 -0.000000,
        -1.014667 -6.205605 -0.000000,
        -0.999649 -6.201999 -0.000000,
        -0.984252 -6.200787 -0.000000,
        -0.939568 -6.211515 -0.000000,
        -0.926399 -6.219585 -0.000000,
        -0.896554 -6.254528 -0.000000,
        -0.890644 -6.268798 -0.000000,
        -0.887039 -6.283815 -0.000000,
        -1.063880 -6.241359 -0.000000,
        -1.053849 -6.229615 -0.000000,
        -1.042105 -6.219585 -0.000000,
        -1.082677 -6.299213 -0.000000,
        -1.081465 -6.283815 -0.000000,
        -1.077860 -6.268798 -0.000000,
        -1.071950 -6.254528 -0.000000,
        -2.952756 -3.681102 -0.236220,
        -2.952756 -3.681102 -0.000000,
        -2.937359 -3.485464 -0.236220,
        -2.952756 -3.484252 -0.236220,
        -2.922341 -3.489069 -0.236220,
        -2.908072 -3.494980 -0.236220,
        -2.937359 -3.679891 -0.236220,
        -2.922341 -3.676285 -0.236220,
        -2.908072 -3.670374 -0.236220,
        -2.894903 -3.662305 -0.236220,
        -2.883159 -3.652274 -0.236220,
        -2.873128 -3.640530 -0.236220,
        -2.865058 -3.627361 -0.236220,
        -2.855543 -3.567280 -0.236220,
        -2.859148 -3.552262 -0.236220,
        -2.865058 -3.537993 -0.236220,
        -2.873128 -3.524824 -0.236220,
        -2.859148 -3.613093 -0.236220,
        -2.855543 -3.598074 -0.236220,
        -2.854331 -3.582677 -0.236220,
        -2.883159 -3.513080 -0.236220,
        -2.894903 -3.503050 -0.236220,
        -2.952756 -3.484252 -0.000000,
        -2.937359 -3.485464 -0.000000,
        -2.922341 -3.489069 -0.000000,
        -2.908072 -3.494980 -0.000000,
        -2.894903 -3.503050 -0.000000,
        -2.859148 -3.613093 -0.000000,
        -2.865058 -3.627361 -0.000000,
        -2.865058 -3.537993 -0.000000,
        -2.859148 -3.552262 -0.000000,
        -2.883159 -3.513080 -0.000000,
        -2.873128 -3.524824 -0.000000,
        -2.855543 -3.567280 -0.000000,
        -2.854331 -3.582677 -0.000000,
        -2.855543 -3.598074 -0.000000,
        -2.873128 -3.640530 -0.000000,
        -2.883159 -3.652274 -0.000000,
        -2.894903 -3.662305 -0.000000,
        -2.908072 -3.670374 -0.000000,
        -2.922341 -3.676285 -0.000000,
        -2.937359 -3.679891 -0.000000,
        -2.952756 1.437008 -0.236220,
        -2.952756 1.437008 0.000000,
        -2.894903 1.455806 -0.236220,
        -2.883159 1.465836 -0.236220,
        -2.873128 1.477580 -0.236220,
        -2.865058 1.490749 -0.236220,
        -2.855543 1.550830 -0.236220,
        -2.859148 1.565848 -0.236220,
        -2.937359 1.438220 -0.236220,
        -2.922341 1.441825 -0.236220,
        -2.908072 1.447735 -0.236220,
        -2.859148 1.505018 -0.236220,
        -2.855543 1.520036 -0.236220,
        -2.854331 1.535433 -0.236220,
        -2.865058 1.580117 -0.236220,
        -2.873128 1.593286 -0.236220,
        -2.883159 1.605030 -0.236220,
        -2.922341 1.629041 -0.236220,
        -2.937359 1.632646 -0.236220,
        -2.952756 1.633858 -0.236220,
        -2.894903 1.615061 -0.236220,
        -2.908072 1.623131 -0.236220,
        -2.952756 1.633858 0.000000,
        -2.859148 1.505018 0.000000,
        -2.865058 1.490749 0.000000,
        -2.937359 1.632646 0.000000,
        -2.922341 1.629041 0.000000,
        -2.908072 1.623131 0.000000,
        -2.894903 1.615061 0.000000,
        -2.883159 1.605030 0.000000,
        -2.873128 1.593286 0.000000,
        -2.865058 1.580117 0.000000,
        -2.859148 1.565848 0.000000,
        -2.855543 1.550830 0.000000,
        -2.854331 1.535433 0.000000,
        -2.855543 1.520036 0.000000,
        -2.873128 1.477580 0.000000,
        -2.883159 1.465836 0.000000,
        -2.894903 1.455806 0.000000,
        -2.908072 1.447735 0.000000,
        -2.922341 1.441825 0.000000,
        -2.937359 1.438220 0.000000,
        -2.952756 -4.468504 -0.236220,
        -2.952756 -4.468504 -0.000000,
        -2.937359 -4.272865 -0.236220,
        -2.952756 -4.271654 -0.236220,
        -2.922341 -4.276471 -0.236220,
        -2.908072 -4.282381 -0.236220,
        -2.937359 -4.467292 -0.236220,
        -2.922341 -4.463687 -0.236220,
        -2.908072 -4.457776 -0.236220,
        -2.894903 -4.449706 -0.236220,
        -2.883159 -4.439676 -0.236220,
        -2.873128 -4.427931 -0.236220,
        -2.865058 -4.414763 -0.236220,
        -2.855543 -4.354682 -0.236220,
        -2.859148 -4.339664 -0.236220,
        -2.865058 -4.325395 -0.236220,
        -2.873128 -4.312226 -0.236220,
        -2.859148 -4.400494 -0.236220,
        -2.855543 -4.385476 -0.236220,
        -2.854331 -4.370078 -0.236220,
        -2.883159 -4.300481 -0.236220,
        -2.894903 -4.290451 -0.236220,
        -2.952756 -4.271654 -0.000000,
        -2.937359 -4.272865 -0.000000,
        -2.922341 -4.276471 -0.000000,
        -2.908072 -4.282381 -0.000000,
        -2.894903 -4.290451 -0.000000,
        -2.859148 -4.400494 -0.000000,
        -2.865058 -4.414763 -0.000000,
        -2.865058 -4.325395 -0.000000,
        -2.859148 -4.339664 -0.000000,
        -2.883159 -4.300481 -0.000000,
        -2.873128 -4.312226 -0.000000,
        -2.855543 -4.354682 -0.000000,
        -2.854331 -4.370078 -0.000000,
        -2.855543 -4.385476 -0.000000,
        -2.873128 -4.427931 -0.000000,
        -2.883159 -4.439676 -0.000000,
        -2.894903 -4.449706 -0.000000,
        -2.908072 -4.457776 -0.000000,
        -2.922341 -4.463687 -0.000000,
        -2.937359 -4.467292 -0.000000,
        2.952756 0.059055 -0.236220,
        2.952756 0.059055 0.000000,
        2.859148 -0.069785 -0.236220,
        2.865058 -0.084054 -0.236220,
        2.855543 -0.054767 -0.236220,
        2.894903 0.040257 -0.236220,
        2.883159 0.030227 -0.236220,
        2.873128 0.018483 -0.236220,
        2.865058 0.005314 -0.236220,
        2.859148 -0.008955 -0.236220,
        2.855543 -0.023973 -0.236220,
        2.854331 -0.039370 -0.236220,
        2.873128 -0.097223 -0.236220,
        2.883159 -0.108967 -0.236220,
        2.894903 -0.118998 -0.236220,
        2.937359 0.057843 -0.236220,
        2.922341 0.054238 -0.236220,
        2.908072 0.048328 -0.236220,
        2.908072 -0.127068 -0.236220,
        2.922341 -0.132978 -0.236220,
        2.937359 -0.136583 -0.236220,
        2.952756 -0.137795 -0.236220,
        2.952756 -0.137795 -0.000000,
        2.859148 -0.008955 -0.000000,
        2.865058 0.005314 0.000000,
        2.894903 -0.118998 -0.000000,
        2.883159 -0.108967 -0.000000,
        2.873128 -0.097223 -0.000000,
        2.865058 -0.084054 -0.000000,
        2.859148 -0.069785 -0.000000,
        2.855543 -0.054767 -0.000000,
        2.854331 -0.039370 -0.000000,
        2.855543 -0.023973 -0.000000,
        2.873128 0.018483 0.000000,
        2.883159 0.030227 0.000000,
        2.894903 0.040257 0.000000,
        2.937359 -0.136583 -0.000000,
        2.922341 -0.132978 -0.000000,
        2.908072 -0.127068 -0.000000,
        2.908072 0.048328 0.000000,
        2.922341 0.054238 0.000000,
        2.937359 0.057843 0.000000,
      ]
    }
    coordIndex [
      328, 136, 329, -1,
      329, 136, 137, -1,
      139, 138, 141, -1,
      141, 138, 140, -1,
      141, 140, 143, -1,
      143, 140, 142, -1,
      137, 136, 139, -1,
      139, 136, 138, -1,
      330, 331, 138, -1,
      138, 331, 332, -1,
      138, 332, 333, -1,
      334, 335, 140, -1,
      334, 140, 336, -1,
      335, 337, 140, -1,
      140, 337, 338, -1,
      140, 338, 339, -1,
      339, 340, 140, -1,
      140, 340, 341, -1,
      140, 341, 142, -1,
      142, 341, 342, -1,
      142, 342, 343, -1,
      328, 344, 136, -1,
      136, 344, 345, -1,
      136, 345, 138, -1,
      138, 345, 346, -1,
      138, 346, 330, -1,
      333, 347, 138, -1,
      138, 347, 348, -1,
      138, 348, 140, -1,
      140, 348, 349, -1,
      140, 349, 336, -1,
      350, 143, 343, -1,
      343, 143, 142, -1,
      351, 352, 139, -1,
      141, 353, 354, -1,
      354, 355, 141, -1,
      141, 355, 356, -1,
      141, 356, 357, -1,
      350, 358, 143, -1,
      143, 358, 359, -1,
      143, 359, 141, -1,
      141, 359, 360, -1,
      141, 360, 353, -1,
      357, 361, 141, -1,
      141, 361, 362, -1,
      141, 362, 139, -1,
      139, 362, 363, -1,
      139, 363, 351, -1,
      352, 364, 139, -1,
      139, 364, 365, -1,
      139, 365, 366, -1,
      366, 367, 139, -1,
      139, 367, 368, -1,
      139, 368, 137, -1,
      137, 368, 369, -1,
      137, 369, 329, -1,
      350, 343, 358, -1,
      358, 343, 342, -1,
      358, 342, 359, -1,
      359, 342, 341, -1,
      359, 341, 360, -1,
      360, 341, 340, -1,
      360, 340, 353, -1,
      353, 340, 339, -1,
      353, 339, 354, -1,
      354, 339, 338, -1,
      354, 338, 355, -1,
      355, 338, 337, -1,
      355, 337, 356, -1,
      356, 337, 335, -1,
      356, 335, 357, -1,
      357, 335, 334, -1,
      357, 334, 361, -1,
      361, 334, 336, -1,
      361, 336, 362, -1,
      362, 336, 349, -1,
      362, 349, 363, -1,
      363, 349, 348, -1,
      363, 348, 351, -1,
      351, 348, 347, -1,
      351, 347, 352, -1,
      352, 347, 333, -1,
      352, 333, 364, -1,
      364, 333, 332, -1,
      364, 332, 365, -1,
      365, 332, 331, -1,
      365, 331, 366, -1,
      366, 331, 330, -1,
      366, 330, 367, -1,
      367, 330, 346, -1,
      367, 346, 368, -1,
      368, 346, 345, -1,
      368, 345, 369, -1,
      369, 345, 344, -1,
      369, 344, 329, -1,
      329, 344, 328, -1,
      370, 160, 371, -1,
      371, 160, 161, -1,
      163, 162, 165, -1,
      165, 162, 164, -1,
      161, 160, 163, -1,
      163, 160, 162, -1,
      165, 164, 167, -1,
      167, 164, 166, -1,
      370, 372, 160, -1,
      160, 372, 373, -1,
      160, 373, 162, -1,
      162, 373, 374, -1,
      162, 374, 375, -1,
      376, 164, 377, -1,
      377, 164, 378, -1,
      379, 380, 164, -1,
      164, 380, 381, -1,
      164, 381, 378, -1,
      376, 382, 164, -1,
      164, 382, 383, -1,
      164, 383, 166, -1,
      166, 383, 384, -1,
      166, 384, 385, -1,
      375, 386, 162, -1,
      162, 386, 387, -1,
      162, 387, 388, -1,
      388, 389, 162, -1,
      162, 389, 390, -1,
      162, 390, 164, -1,
      164, 390, 391, -1,
      164, 391, 379, -1,
      392, 167, 385, -1,
      385, 167, 166, -1,
      165, 393, 394, -1,
      392, 395, 167, -1,
      167, 395, 396, -1,
      167, 396, 165, -1,
      165, 396, 397, -1,
      165, 397, 393, -1,
      394, 398, 165, -1,
      165, 398, 399, -1,
      165, 399, 400, -1,
      163, 401, 161, -1,
      161, 401, 402, -1,
      161, 402, 371, -1,
      403, 404, 163, -1,
      163, 404, 405, -1,
      163, 405, 406, -1,
      406, 407, 163, -1,
      163, 407, 408, -1,
      163, 408, 401, -1,
      400, 409, 165, -1,
      165, 409, 410, -1,
      165, 410, 163, -1,
      163, 410, 411, -1,
      163, 411, 403, -1,
      392, 385, 395, -1,
      395, 385, 384, -1,
      395, 384, 396, -1,
      396, 384, 383, -1,
      396, 383, 397, -1,
      397, 383, 382, -1,
      397, 382, 393, -1,
      393, 382, 376, -1,
      393, 376, 394, -1,
      394, 376, 377, -1,
      394, 377, 398, -1,
      398, 377, 378, -1,
      398, 378, 399, -1,
      399, 378, 381, -1,
      399, 381, 400, -1,
      400, 381, 380, -1,
      400, 380, 409, -1,
      409, 380, 379, -1,
      409, 379, 410, -1,
      410, 379, 391, -1,
      410, 391, 411, -1,
      411, 391, 390, -1,
      411, 390, 403, -1,
      403, 390, 389, -1,
      403, 389, 404, -1,
      404, 389, 388, -1,
      404, 388, 405, -1,
      405, 388, 387, -1,
      405, 387, 406, -1,
      406, 387, 386, -1,
      406, 386, 407, -1,
      407, 386, 375, -1,
      407, 375, 408, -1,
      408, 375, 374, -1,
      408, 374, 401, -1,
      401, 374, 373, -1,
      401, 373, 402, -1,
      402, 373, 372, -1,
      402, 372, 371, -1,
      371, 372, 370, -1,
      412, 224, 413, -1,
      413, 224, 225, -1,
      227, 226, 229, -1,
      229, 226, 228, -1,
      225, 224, 227, -1,
      227, 224, 226, -1,
      229, 228, 231, -1,
      231, 228, 230, -1,
      414, 415, 230, -1,
      414, 230, 416, -1,
      416, 230, 228, -1,
      416, 228, 417, -1,
      412, 418, 224, -1,
      224, 418, 419, -1,
      224, 419, 226, -1,
      226, 419, 420, -1,
      226, 420, 421, -1,
      421, 422, 226, -1,
      226, 422, 423, -1,
      226, 423, 424, -1,
      425, 426, 228, -1,
      228, 426, 427, -1,
      228, 427, 428, -1,
      424, 429, 226, -1,
      226, 429, 430, -1,
      226, 430, 228, -1,
      228, 430, 431, -1,
      228, 431, 425, -1,
      428, 432, 228, -1,
      228, 432, 433, -1,
      228, 433, 417, -1,
      434, 231, 415, -1,
      415, 231, 230, -1,
      434, 435, 231, -1,
      231, 435, 436, -1,
      231, 436, 229, -1,
      229, 436, 437, -1,
      229, 437, 438, -1,
      439, 440, 227, -1,
      229, 441, 442, -1,
      438, 443, 229, -1,
      229, 443, 444, -1,
      229, 444, 441, -1,
      442, 445, 229, -1,
      229, 445, 446, -1,
      229, 446, 227, -1,
      227, 446, 447, -1,
      227, 447, 439, -1,
      440, 448, 227, -1,
      227, 448, 449, -1,
      227, 449, 450, -1,
      450, 451, 227, -1,
      227, 451, 452, -1,
      227, 452, 225, -1,
      225, 452, 453, -1,
      225, 453, 413, -1,
      434, 415, 435, -1,
      435, 415, 414, -1,
      435, 414, 436, -1,
      436, 414, 416, -1,
      436, 416, 437, -1,
      437, 416, 417, -1,
      437, 417, 438, -1,
      438, 417, 433, -1,
      438, 433, 443, -1,
      443, 433, 432, -1,
      443, 432, 444, -1,
      444, 432, 428, -1,
      444, 428, 441, -1,
      441, 428, 427, -1,
      441, 427, 442, -1,
      442, 427, 426, -1,
      442, 426, 445, -1,
      445, 426, 425, -1,
      445, 425, 446, -1,
      446, 425, 431, -1,
      446, 431, 447, -1,
      447, 431, 430, -1,
      447, 430, 439, -1,
      439, 430, 429, -1,
      439, 429, 440, -1,
      440, 429, 424, -1,
      440, 424, 448, -1,
      448, 424, 423, -1,
      448, 423, 449, -1,
      449, 423, 422, -1,
      449, 422, 450, -1,
      450, 422, 421, -1,
      450, 421, 451, -1,
      451, 421, 420, -1,
      451, 420, 452, -1,
      452, 420, 419, -1,
      452, 419, 453, -1,
      453, 419, 418, -1,
      453, 418, 413, -1,
      413, 418, 412, -1,
      454, 152, 455, -1,
      455, 152, 153, -1,
      155, 154, 157, -1,
      157, 154, 156, -1,
      157, 156, 159, -1,
      159, 156, 158, -1,
      153, 152, 155, -1,
      155, 152, 154, -1,
      454, 456, 152, -1,
      152, 456, 457, -1,
      152, 457, 154, -1,
      154, 457, 458, -1,
      154, 458, 459, -1,
      460, 156, 461, -1,
      461, 156, 462, -1,
      460, 463, 156, -1,
      156, 463, 464, -1,
      156, 464, 158, -1,
      158, 464, 465, -1,
      158, 465, 466, -1,
      459, 467, 154, -1,
      154, 467, 468, -1,
      154, 468, 469, -1,
      470, 471, 156, -1,
      156, 471, 472, -1,
      156, 472, 462, -1,
      469, 473, 154, -1,
      154, 473, 474, -1,
      154, 474, 156, -1,
      156, 474, 475, -1,
      156, 475, 470, -1,
      476, 159, 466, -1,
      466, 159, 158, -1,
      477, 478, 155, -1,
      476, 479, 159, -1,
      159, 479, 480, -1,
      159, 480, 157, -1,
      480, 481, 157, -1,
      157, 481, 482, -1,
      157, 482, 483, -1,
      483, 484, 157, -1,
      157, 484, 485, -1,
      157, 485, 486, -1,
      487, 488, 155, -1,
      155, 488, 489, -1,
      155, 489, 477, -1,
      478, 490, 155, -1,
      155, 490, 491, -1,
      155, 491, 153, -1,
      153, 491, 492, -1,
      153, 492, 455, -1,
      486, 493, 157, -1,
      157, 493, 494, -1,
      157, 494, 155, -1,
      155, 494, 495, -1,
      155, 495, 487, -1,
      476, 466, 479, -1,
      479, 466, 465, -1,
      479, 465, 480, -1,
      480, 465, 464, -1,
      480, 464, 481, -1,
      481, 464, 463, -1,
      481, 463, 482, -1,
      482, 463, 460, -1,
      482, 460, 483, -1,
      483, 460, 461, -1,
      483, 461, 484, -1,
      484, 461, 462, -1,
      484, 462, 485, -1,
      485, 462, 472, -1,
      485, 472, 486, -1,
      486, 472, 471, -1,
      486, 471, 493, -1,
      493, 471, 470, -1,
      493, 470, 494, -1,
      494, 470, 475, -1,
      494, 475, 495, -1,
      495, 475, 474, -1,
      495, 474, 487, -1,
      487, 474, 473, -1,
      487, 473, 488, -1,
      488, 473, 469, -1,
      488, 469, 489, -1,
      489, 469, 468, -1,
      489, 468, 477, -1,
      477, 468, 467, -1,
      477, 467, 478, -1,
      478, 467, 459, -1,
      478, 459, 490, -1,
      490, 459, 458, -1,
      490, 458, 491, -1,
      491, 458, 457, -1,
      491, 457, 492, -1,
      492, 457, 456, -1,
      492, 456, 455, -1,
      455, 456, 454, -1,
      496, 120, 497, -1,
      497, 120, 121, -1,
      123, 122, 125, -1,
      125, 122, 124, -1,
      125, 124, 127, -1,
      127, 124, 126, -1,
      121, 120, 123, -1,
      123, 120, 122, -1,
      498, 499, 124, -1,
      498, 124, 500, -1,
      499, 501, 124, -1,
      124, 501, 502, -1,
      124, 502, 503, -1,
      504, 505, 122, -1,
      122, 505, 506, -1,
      122, 506, 124, -1,
      124, 506, 507, -1,
      124, 507, 500, -1,
      503, 508, 124, -1,
      124, 508, 509, -1,
      124, 509, 126, -1,
      126, 509, 510, -1,
      126, 510, 511, -1,
      496, 512, 120, -1,
      120, 512, 513, -1,
      120, 513, 122, -1,
      122, 513, 514, -1,
      122, 514, 515, -1,
      515, 516, 122, -1,
      122, 516, 517, -1,
      122, 517, 504, -1,
      518, 127, 511, -1,
      511, 127, 126, -1,
      519, 520, 123, -1,
      520, 521, 123, -1,
      123, 521, 522, -1,
      123, 522, 523, -1,
      125, 524, 525, -1,
      526, 527, 125, -1,
      125, 527, 528, -1,
      125, 528, 123, -1,
      123, 528, 529, -1,
      123, 529, 519, -1,
      523, 530, 123, -1,
      123, 530, 531, -1,
      123, 531, 121, -1,
      121, 531, 532, -1,
      121, 532, 497, -1,
      525, 533, 125, -1,
      125, 533, 534, -1,
      125, 534, 526, -1,
      518, 535, 127, -1,
      127, 535, 536, -1,
      127, 536, 125, -1,
      125, 536, 537, -1,
      125, 537, 524, -1,
      518, 511, 535, -1,
      535, 511, 510, -1,
      535, 510, 536, -1,
      536, 510, 509, -1,
      536, 509, 537, -1,
      537, 509, 508, -1,
      537, 508, 524, -1,
      524, 508, 503, -1,
      524, 503, 525, -1,
      525, 503, 502, -1,
      525, 502, 533, -1,
      533, 502, 501, -1,
      533, 501, 534, -1,
      534, 501, 499, -1,
      534, 499, 526, -1,
      526, 499, 498, -1,
      526, 498, 527, -1,
      527, 498, 500, -1,
      527, 500, 528, -1,
      528, 500, 507, -1,
      528, 507, 529, -1,
      529, 507, 506, -1,
      529, 506, 519, -1,
      519, 506, 505, -1,
      519, 505, 520, -1,
      520, 505, 504, -1,
      520, 504, 521, -1,
      521, 504, 517, -1,
      521, 517, 522, -1,
      522, 517, 516, -1,
      522, 516, 523, -1,
      523, 516, 515, -1,
      523, 515, 530, -1,
      530, 515, 514, -1,
      530, 514, 531, -1,
      531, 514, 513, -1,
      531, 513, 532, -1,
      532, 513, 512, -1,
      532, 512, 497, -1,
      497, 512, 496, -1,
      538, 312, 539, -1,
      539, 312, 313, -1,
      315, 314, 317, -1,
      317, 314, 316, -1,
      313, 312, 315, -1,
      315, 312, 314, -1,
      317, 316, 319, -1,
      319, 316, 318, -1,
      540, 316, 541, -1,
      541, 316, 314, -1,
      542, 543, 314, -1,
      314, 543, 544, -1,
      540, 545, 316, -1,
      316, 545, 546, -1,
      316, 546, 547, -1,
      538, 548, 312, -1,
      312, 548, 549, -1,
      312, 549, 314, -1,
      314, 549, 550, -1,
      314, 550, 542, -1,
      544, 551, 314, -1,
      314, 551, 552, -1,
      314, 552, 541, -1,
      547, 553, 316, -1,
      316, 553, 554, -1,
      316, 554, 555, -1,
      555, 556, 316, -1,
      316, 556, 557, -1,
      316, 557, 318, -1,
      318, 557, 558, -1,
      318, 558, 559, -1,
      560, 561, 315, -1,
      562, 563, 315, -1,
      564, 565, 317, -1,
      317, 565, 566, -1,
      317, 566, 315, -1,
      315, 566, 567, -1,
      315, 567, 560, -1,
      561, 568, 315, -1,
      315, 568, 569, -1,
      315, 569, 562, -1,
      563, 570, 315, -1,
      315, 570, 571, -1,
      315, 571, 313, -1,
      313, 571, 572, -1,
      313, 572, 539, -1,
      573, 574, 317, -1,
      317, 574, 575, -1,
      317, 575, 564, -1,
      576, 577, 319, -1,
      319, 577, 578, -1,
      319, 578, 317, -1,
      317, 578, 579, -1,
      317, 579, 573, -1,
      576, 319, 559, -1,
      559, 319, 318, -1,
      576, 559, 577, -1,
      577, 559, 558, -1,
      577, 558, 578, -1,
      578, 558, 557, -1,
      578, 557, 579, -1,
      579, 557, 556, -1,
      579, 556, 573, -1,
      573, 556, 555, -1,
      573, 555, 574, -1,
      574, 555, 554, -1,
      574, 554, 575, -1,
      575, 554, 553, -1,
      575, 553, 564, -1,
      564, 553, 547, -1,
      564, 547, 565, -1,
      565, 547, 546, -1,
      565, 546, 566, -1,
      566, 546, 545, -1,
      566, 545, 567, -1,
      567, 545, 540, -1,
      567, 540, 560, -1,
      560, 540, 541, -1,
      560, 541, 561, -1,
      561, 541, 552, -1,
      561, 552, 568, -1,
      568, 552, 551, -1,
      568, 551, 569, -1,
      569, 551, 544, -1,
      569, 544, 562, -1,
      562, 544, 543, -1,
      562, 543, 563, -1,
      563, 543, 542, -1,
      563, 542, 570, -1,
      570, 542, 550, -1,
      570, 550, 571, -1,
      571, 550, 549, -1,
      571, 549, 572, -1,
      572, 549, 548, -1,
      572, 548, 539, -1,
      539, 548, 538, -1,
      580, 104, 581, -1,
      581, 104, 105, -1,
      107, 106, 109, -1,
      109, 106, 108, -1,
      109, 108, 111, -1,
      111, 108, 110, -1,
      105, 104, 107, -1,
      107, 104, 106, -1,
      582, 583, 108, -1,
      582, 108, 584, -1,
      580, 585, 104, -1,
      104, 585, 586, -1,
      104, 586, 106, -1,
      106, 586, 587, -1,
      106, 587, 588, -1,
      588, 589, 106, -1,
      106, 589, 590, -1,
      106, 590, 591, -1,
      591, 592, 106, -1,
      106, 592, 593, -1,
      106, 593, 108, -1,
      108, 593, 594, -1,
      108, 594, 584, -1,
      583, 595, 108, -1,
      108, 595, 596, -1,
      108, 596, 597, -1,
      597, 598, 108, -1,
      108, 598, 599, -1,
      108, 599, 110, -1,
      110, 599, 600, -1,
      110, 600, 601, -1,
      602, 111, 601, -1,
      601, 111, 110, -1,
      603, 604, 107, -1,
      109, 605, 606, -1,
      607, 608, 109, -1,
      109, 608, 609, -1,
      109, 609, 605, -1,
      606, 610, 109, -1,
      109, 610, 611, -1,
      109, 611, 107, -1,
      107, 611, 612, -1,
      107, 612, 603, -1,
      604, 613, 107, -1,
      107, 613, 614, -1,
      107, 614, 615, -1,
      615, 616, 107, -1,
      107, 616, 617, -1,
      107, 617, 105, -1,
      105, 617, 618, -1,
      105, 618, 581, -1,
      602, 619, 111, -1,
      111, 619, 620, -1,
      111, 620, 109, -1,
      109, 620, 621, -1,
      109, 621, 607, -1,
      602, 601, 619, -1,
      619, 601, 600, -1,
      619, 600, 620, -1,
      620, 600, 599, -1,
      620, 599, 621, -1,
      621, 599, 598, -1,
      621, 598, 607, -1,
      607, 598, 597, -1,
      607, 597, 608, -1,
      608, 597, 596, -1,
      608, 596, 609, -1,
      609, 596, 595, -1,
      609, 595, 605, -1,
      605, 595, 583, -1,
      605, 583, 606, -1,
      606, 583, 582, -1,
      606, 582, 610, -1,
      610, 582, 584, -1,
      610, 584, 611, -1,
      611, 584, 594, -1,
      611, 594, 612, -1,
      612, 594, 593, -1,
      612, 593, 603, -1,
      603, 593, 592, -1,
      603, 592, 604, -1,
      604, 592, 591, -1,
      604, 591, 613, -1,
      613, 591, 590, -1,
      613, 590, 614, -1,
      614, 590, 589, -1,
      614, 589, 615, -1,
      615, 589, 588, -1,
      615, 588, 616, -1,
      616, 588, 587, -1,
      616, 587, 617, -1,
      617, 587, 586, -1,
      617, 586, 618, -1,
      618, 586, 585, -1,
      618, 585, 581, -1,
      581, 585, 580, -1,
      622, 320, 623, -1,
      623, 320, 321, -1,
      323, 322, 325, -1,
      325, 322, 324, -1,
      321, 320, 323, -1,
      323, 320, 322, -1,
      325, 324, 327, -1,
      327, 324, 326, -1,
      624, 625, 326, -1,
      624, 326, 626, -1,
      626, 326, 324, -1,
      626, 324, 627, -1,
      622, 628, 320, -1,
      320, 628, 629, -1,
      320, 629, 322, -1,
      322, 629, 630, -1,
      322, 630, 631, -1,
      631, 632, 322, -1,
      322, 632, 633, -1,
      322, 633, 634, -1,
      635, 636, 324, -1,
      324, 636, 637, -1,
      324, 637, 638, -1,
      634, 639, 322, -1,
      322, 639, 640, -1,
      322, 640, 324, -1,
      324, 640, 641, -1,
      324, 641, 635, -1,
      638, 642, 324, -1,
      324, 642, 643, -1,
      324, 643, 627, -1,
      644, 327, 625, -1,
      625, 327, 326, -1,
      644, 645, 327, -1,
      327, 645, 646, -1,
      327, 646, 325, -1,
      325, 646, 647, -1,
      325, 647, 648, -1,
      649, 650, 323, -1,
      325, 651, 652, -1,
      648, 653, 325, -1,
      325, 653, 654, -1,
      325, 654, 651, -1,
      652, 655, 325, -1,
      325, 655, 656, -1,
      325, 656, 323, -1,
      323, 656, 657, -1,
      323, 657, 658, -1,
      658, 659, 323, -1,
      323, 659, 660, -1,
      323, 660, 649, -1,
      650, 661, 323, -1,
      323, 661, 662, -1,
      323, 662, 321, -1,
      321, 662, 663, -1,
      321, 663, 623, -1,
      644, 625, 645, -1,
      645, 625, 624, -1,
      645, 624, 646, -1,
      646, 624, 626, -1,
      646, 626, 647, -1,
      647, 626, 627, -1,
      647, 627, 648, -1,
      648, 627, 643, -1,
      648, 643, 653, -1,
      653, 643, 642, -1,
      653, 642, 654, -1,
      654, 642, 638, -1,
      654, 638, 651, -1,
      651, 638, 637, -1,
      651, 637, 652, -1,
      652, 637, 636, -1,
      652, 636, 655, -1,
      655, 636, 635, -1,
      655, 635, 656, -1,
      656, 635, 641, -1,
      656, 641, 657, -1,
      657, 641, 640, -1,
      657, 640, 658, -1,
      658, 640, 639, -1,
      658, 639, 659, -1,
      659, 639, 634, -1,
      659, 634, 660, -1,
      660, 634, 633, -1,
      660, 633, 649, -1,
      649, 633, 632, -1,
      649, 632, 650, -1,
      650, 632, 631, -1,
      650, 631, 661, -1,
      661, 631, 630, -1,
      661, 630, 662, -1,
      662, 630, 629, -1,
      662, 629, 663, -1,
      663, 629, 628, -1,
      663, 628, 623, -1,
      623, 628, 622, -1,
      664, 64, 665, -1,
      665, 64, 65, -1,
      67, 66, 69, -1,
      69, 66, 68, -1,
      69, 68, 71, -1,
      71, 68, 70, -1,
      65, 64, 67, -1,
      67, 64, 66, -1,
      666, 667, 70, -1,
      668, 669, 66, -1,
      66, 669, 670, -1,
      66, 670, 671, -1,
      666, 70, 672, -1,
      672, 70, 68, -1,
      672, 68, 673, -1,
      664, 674, 64, -1,
      64, 674, 675, -1,
      64, 675, 66, -1,
      66, 675, 676, -1,
      66, 676, 668, -1,
      677, 678, 68, -1,
      68, 678, 679, -1,
      68, 679, 680, -1,
      680, 681, 68, -1,
      68, 681, 682, -1,
      68, 682, 673, -1,
      671, 683, 66, -1,
      66, 683, 684, -1,
      66, 684, 68, -1,
      68, 684, 685, -1,
      68, 685, 677, -1,
      686, 71, 667, -1,
      667, 71, 70, -1,
      686, 687, 71, -1,
      71, 687, 688, -1,
      71, 688, 69, -1,
      69, 688, 689, -1,
      69, 689, 690, -1,
      691, 692, 67, -1,
      69, 693, 694, -1,
      690, 695, 69, -1,
      69, 695, 696, -1,
      69, 696, 693, -1,
      694, 697, 69, -1,
      69, 697, 698, -1,
      69, 698, 67, -1,
      67, 698, 699, -1,
      67, 699, 691, -1,
      692, 700, 67, -1,
      67, 700, 701, -1,
      67, 701, 702, -1,
      702, 703, 67, -1,
      67, 703, 704, -1,
      67, 704, 65, -1,
      65, 704, 705, -1,
      65, 705, 665, -1,
      686, 667, 687, -1,
      687, 667, 666, -1,
      687, 666, 688, -1,
      688, 666, 672, -1,
      688, 672, 689, -1,
      689, 672, 673, -1,
      689, 673, 690, -1,
      690, 673, 682, -1,
      690, 682, 695, -1,
      695, 682, 681, -1,
      695, 681, 696, -1,
      696, 681, 680, -1,
      696, 680, 693, -1,
      693, 680, 679, -1,
      693, 679, 694, -1,
      694, 679, 678, -1,
      694, 678, 697, -1,
      697, 678, 677, -1,
      697, 677, 698, -1,
      698, 677, 685, -1,
      698, 685, 699, -1,
      699, 685, 684, -1,
      699, 684, 691, -1,
      691, 684, 683, -1,
      691, 683, 692, -1,
      692, 683, 671, -1,
      692, 671, 700, -1,
      700, 671, 670, -1,
      700, 670, 701, -1,
      701, 670, 669, -1,
      701, 669, 702, -1,
      702, 669, 668, -1,
      702, 668, 703, -1,
      703, 668, 676, -1,
      703, 676, 704, -1,
      704, 676, 675, -1,
      704, 675, 705, -1,
      705, 675, 674, -1,
      705, 674, 665, -1,
      665, 674, 664, -1,
      706, 176, 707, -1,
      707, 176, 177, -1,
      179, 178, 181, -1,
      181, 178, 180, -1,
      177, 176, 179, -1,
      179, 176, 178, -1,
      181, 180, 183, -1,
      183, 180, 182, -1,
      708, 709, 180, -1,
      708, 180, 710, -1,
      709, 711, 180, -1,
      180, 711, 712, -1,
      180, 712, 713, -1,
      714, 715, 178, -1,
      178, 715, 716, -1,
      178, 716, 717, -1,
      717, 718, 178, -1,
      178, 718, 719, -1,
      178, 719, 180, -1,
      180, 719, 720, -1,
      180, 720, 710, -1,
      706, 721, 176, -1,
      176, 721, 722, -1,
      176, 722, 178, -1,
      178, 722, 723, -1,
      178, 723, 714, -1,
      713, 724, 180, -1,
      180, 724, 725, -1,
      180, 725, 182, -1,
      182, 725, 726, -1,
      182, 726, 727, -1,
      728, 183, 727, -1,
      727, 183, 182, -1,
      729, 730, 179, -1,
      181, 731, 732, -1,
      732, 733, 181, -1,
      181, 733, 734, -1,
      181, 734, 735, -1,
      728, 736, 183, -1,
      183, 736, 737, -1,
      183, 737, 181, -1,
      181, 737, 738, -1,
      181, 738, 731, -1,
      735, 739, 181, -1,
      181, 739, 740, -1,
      181, 740, 179, -1,
      179, 740, 741, -1,
      179, 741, 729, -1,
      730, 742, 179, -1,
      179, 742, 743, -1,
      179, 743, 744, -1,
      744, 745, 179, -1,
      179, 745, 746, -1,
      179, 746, 177, -1,
      177, 746, 747, -1,
      177, 747, 707, -1,
      728, 727, 736, -1,
      736, 727, 726, -1,
      736, 726, 737, -1,
      737, 726, 725, -1,
      737, 725, 738, -1,
      738, 725, 724, -1,
      738, 724, 731, -1,
      731, 724, 713, -1,
      731, 713, 732, -1,
      732, 713, 712, -1,
      732, 712, 733, -1,
      733, 712, 711, -1,
      733, 711, 734, -1,
      734, 711, 709, -1,
      734, 709, 735, -1,
      735, 709, 708, -1,
      735, 708, 739, -1,
      739, 708, 710, -1,
      739, 710, 740, -1,
      740, 710, 720, -1,
      740, 720, 741, -1,
      741, 720, 719, -1,
      741, 719, 729, -1,
      729, 719, 718, -1,
      729, 718, 730, -1,
      730, 718, 717, -1,
      730, 717, 742, -1,
      742, 717, 716, -1,
      742, 716, 743, -1,
      743, 716, 715, -1,
      743, 715, 744, -1,
      744, 715, 714, -1,
      744, 714, 745, -1,
      745, 714, 723, -1,
      745, 723, 746, -1,
      746, 723, 722, -1,
      746, 722, 747, -1,
      747, 722, 721, -1,
      747, 721, 707, -1,
      707, 721, 706, -1,
      748, 272, 749, -1,
      749, 272, 273, -1,
      275, 274, 277, -1,
      277, 274, 276, -1,
      273, 272, 275, -1,
      275, 272, 274, -1,
      277, 276, 279, -1,
      279, 276, 278, -1,
      750, 751, 274, -1,
      752, 753, 276, -1,
      748, 754, 272, -1,
      272, 754, 755, -1,
      272, 755, 274, -1,
      274, 755, 756, -1,
      756, 757, 274, -1,
      274, 757, 758, -1,
      274, 758, 759, -1,
      274, 751, 276, -1,
      276, 751, 760, -1,
      276, 760, 752, -1,
      753, 761, 276, -1,
      276, 761, 762, -1,
      276, 762, 763, -1,
      759, 764, 274, -1,
      274, 764, 765, -1,
      274, 765, 750, -1,
      763, 766, 276, -1,
      276, 766, 767, -1,
      276, 767, 278, -1,
      278, 767, 768, -1,
      278, 768, 769, -1,
      770, 771, 275, -1,
      772, 773, 275, -1,
      774, 775, 277, -1,
      277, 775, 776, -1,
      277, 776, 275, -1,
      275, 776, 777, -1,
      275, 777, 770, -1,
      771, 778, 275, -1,
      275, 778, 779, -1,
      275, 779, 772, -1,
      773, 780, 275, -1,
      275, 780, 781, -1,
      275, 781, 273, -1,
      273, 781, 782, -1,
      273, 782, 749, -1,
      783, 784, 277, -1,
      277, 784, 785, -1,
      277, 785, 774, -1,
      786, 787, 279, -1,
      279, 787, 788, -1,
      279, 788, 277, -1,
      277, 788, 789, -1,
      277, 789, 783, -1,
      786, 279, 769, -1,
      769, 279, 278, -1,
      786, 769, 787, -1,
      787, 769, 768, -1,
      787, 768, 788, -1,
      788, 768, 767, -1,
      788, 767, 789, -1,
      789, 767, 766, -1,
      789, 766, 783, -1,
      783, 766, 763, -1,
      783, 763, 784, -1,
      784, 763, 762, -1,
      784, 762, 785, -1,
      785, 762, 761, -1,
      785, 761, 774, -1,
      774, 761, 753, -1,
      774, 753, 775, -1,
      775, 753, 752, -1,
      775, 752, 776, -1,
      776, 752, 760, -1,
      776, 760, 777, -1,
      777, 760, 751, -1,
      777, 751, 770, -1,
      770, 751, 750, -1,
      770, 750, 771, -1,
      771, 750, 765, -1,
      771, 765, 778, -1,
      778, 765, 764, -1,
      778, 764, 779, -1,
      779, 764, 759, -1,
      779, 759, 772, -1,
      772, 759, 758, -1,
      772, 758, 773, -1,
      773, 758, 757, -1,
      773, 757, 780, -1,
      780, 757, 756, -1,
      780, 756, 781, -1,
      781, 756, 755, -1,
      781, 755, 782, -1,
      782, 755, 754, -1,
      782, 754, 749, -1,
      749, 754, 748, -1,
      790, 240, 791, -1,
      791, 240, 241, -1,
      243, 242, 245, -1,
      245, 242, 244, -1,
      241, 240, 243, -1,
      243, 240, 242, -1,
      245, 244, 247, -1,
      247, 244, 246, -1,
      792, 793, 246, -1,
      792, 246, 794, -1,
      794, 246, 244, -1,
      794, 244, 795, -1,
      790, 796, 240, -1,
      240, 796, 797, -1,
      240, 797, 242, -1,
      242, 797, 798, -1,
      242, 798, 799, -1,
      799, 800, 242, -1,
      242, 800, 801, -1,
      242, 801, 802, -1,
      803, 804, 244, -1,
      244, 804, 805, -1,
      244, 805, 806, -1,
      802, 807, 242, -1,
      242, 807, 808, -1,
      242, 808, 244, -1,
      244, 808, 809, -1,
      244, 809, 803, -1,
      806, 810, 244, -1,
      244, 810, 811, -1,
      244, 811, 795, -1,
      812, 247, 793, -1,
      793, 247, 246, -1,
      812, 813, 247, -1,
      247, 813, 814, -1,
      247, 814, 245, -1,
      245, 814, 815, -1,
      245, 815, 816, -1,
      817, 818, 243, -1,
      245, 819, 820, -1,
      816, 821, 245, -1,
      245, 821, 822, -1,
      245, 822, 819, -1,
      820, 823, 245, -1,
      245, 823, 824, -1,
      245, 824, 243, -1,
      243, 824, 825, -1,
      243, 825, 817, -1,
      818, 826, 243, -1,
      243, 826, 827, -1,
      243, 827, 828, -1,
      828, 829, 243, -1,
      243, 829, 830, -1,
      243, 830, 241, -1,
      241, 830, 831, -1,
      241, 831, 791, -1,
      812, 793, 813, -1,
      813, 793, 792, -1,
      813, 792, 814, -1,
      814, 792, 794, -1,
      814, 794, 815, -1,
      815, 794, 795, -1,
      815, 795, 816, -1,
      816, 795, 811, -1,
      816, 811, 821, -1,
      821, 811, 810, -1,
      821, 810, 822, -1,
      822, 810, 806, -1,
      822, 806, 819, -1,
      819, 806, 805, -1,
      819, 805, 820, -1,
      820, 805, 804, -1,
      820, 804, 823, -1,
      823, 804, 803, -1,
      823, 803, 824, -1,
      824, 803, 809, -1,
      824, 809, 825, -1,
      825, 809, 808, -1,
      825, 808, 817, -1,
      817, 808, 807, -1,
      817, 807, 818, -1,
      818, 807, 802, -1,
      818, 802, 826, -1,
      826, 802, 801, -1,
      826, 801, 827, -1,
      827, 801, 800, -1,
      827, 800, 828, -1,
      828, 800, 799, -1,
      828, 799, 829, -1,
      829, 799, 798, -1,
      829, 798, 830, -1,
      830, 798, 797, -1,
      830, 797, 831, -1,
      831, 797, 796, -1,
      831, 796, 791, -1,
      791, 796, 790, -1,
      832, 32, 833, -1,
      833, 32, 33, -1,
      35, 34, 37, -1,
      37, 34, 36, -1,
      37, 36, 39, -1,
      39, 36, 38, -1,
      33, 32, 35, -1,
      35, 32, 34, -1,
      834, 835, 38, -1,
      836, 837, 34, -1,
      34, 837, 838, -1,
      34, 838, 839, -1,
      834, 38, 840, -1,
      840, 38, 36, -1,
      840, 36, 841, -1,
      832, 842, 32, -1,
      32, 842, 843, -1,
      32, 843, 34, -1,
      34, 843, 844, -1,
      34, 844, 836, -1,
      845, 846, 36, -1,
      36, 846, 847, -1,
      36, 847, 848, -1,
      848, 849, 36, -1,
      36, 849, 850, -1,
      36, 850, 841, -1,
      839, 851, 34, -1,
      34, 851, 852, -1,
      34, 852, 36, -1,
      36, 852, 853, -1,
      36, 853, 845, -1,
      854, 39, 835, -1,
      835, 39, 38, -1,
      854, 855, 39, -1,
      39, 855, 856, -1,
      39, 856, 37, -1,
      37, 856, 857, -1,
      37, 857, 858, -1,
      859, 860, 35, -1,
      37, 861, 862, -1,
      858, 863, 37, -1,
      37, 863, 864, -1,
      37, 864, 861, -1,
      862, 865, 37, -1,
      37, 865, 866, -1,
      37, 866, 35, -1,
      35, 866, 867, -1,
      35, 867, 859, -1,
      860, 868, 35, -1,
      35, 868, 869, -1,
      35, 869, 870, -1,
      870, 871, 35, -1,
      35, 871, 872, -1,
      35, 872, 33, -1,
      33, 872, 873, -1,
      33, 873, 833, -1,
      854, 835, 855, -1,
      855, 835, 834, -1,
      855, 834, 856, -1,
      856, 834, 840, -1,
      856, 840, 857, -1,
      857, 840, 841, -1,
      857, 841, 858, -1,
      858, 841, 850, -1,
      858, 850, 863, -1,
      863, 850, 849, -1,
      863, 849, 864, -1,
      864, 849, 848, -1,
      864, 848, 861, -1,
      861, 848, 847, -1,
      861, 847, 862, -1,
      862, 847, 846, -1,
      862, 846, 865, -1,
      865, 846, 845, -1,
      865, 845, 866, -1,
      866, 845, 853, -1,
      866, 853, 867, -1,
      867, 853, 852, -1,
      867, 852, 859, -1,
      859, 852, 851, -1,
      859, 851, 860, -1,
      860, 851, 839, -1,
      860, 839, 868, -1,
      868, 839, 838, -1,
      868, 838, 869, -1,
      869, 838, 837, -1,
      869, 837, 870, -1,
      870, 837, 836, -1,
      870, 836, 871, -1,
      871, 836, 844, -1,
      871, 844, 872, -1,
      872, 844, 843, -1,
      872, 843, 873, -1,
      873, 843, 842, -1,
      873, 842, 833, -1,
      833, 842, 832, -1,
      874, 96, 875, -1,
      875, 96, 97, -1,
      99, 98, 101, -1,
      101, 98, 100, -1,
      101, 100, 103, -1,
      103, 100, 102, -1,
      97, 96, 99, -1,
      99, 96, 98, -1,
      876, 877, 100, -1,
      878, 879, 98, -1,
      98, 879, 880, -1,
      98, 880, 881, -1,
      876, 100, 882, -1,
      877, 883, 100, -1,
      100, 883, 884, -1,
      100, 884, 885, -1,
      885, 886, 100, -1,
      100, 886, 887, -1,
      100, 887, 102, -1,
      102, 887, 888, -1,
      102, 888, 889, -1,
      874, 890, 96, -1,
      96, 890, 891, -1,
      96, 891, 98, -1,
      98, 891, 892, -1,
      98, 892, 878, -1,
      881, 893, 98, -1,
      98, 893, 894, -1,
      98, 894, 100, -1,
      100, 894, 895, -1,
      100, 895, 882, -1,
      896, 103, 889, -1,
      889, 103, 102, -1,
      101, 897, 898, -1,
      898, 899, 101, -1,
      101, 899, 900, -1,
      101, 900, 901, -1,
      901, 902, 101, -1,
      101, 902, 903, -1,
      101, 903, 99, -1,
      99, 903, 904, -1,
      99, 904, 905, -1,
      905, 906, 99, -1,
      99, 906, 907, -1,
      99, 907, 908, -1,
      99, 909, 97, -1,
      97, 909, 910, -1,
      97, 910, 875, -1,
      896, 911, 103, -1,
      103, 911, 912, -1,
      103, 912, 101, -1,
      101, 912, 913, -1,
      101, 913, 897, -1,
      908, 914, 99, -1,
      99, 914, 915, -1,
      99, 915, 909, -1,
      896, 889, 911, -1,
      911, 889, 888, -1,
      911, 888, 912, -1,
      912, 888, 887, -1,
      912, 887, 913, -1,
      913, 887, 886, -1,
      913, 886, 897, -1,
      897, 886, 885, -1,
      897, 885, 898, -1,
      898, 885, 884, -1,
      898, 884, 899, -1,
      899, 884, 883, -1,
      899, 883, 900, -1,
      900, 883, 877, -1,
      900, 877, 901, -1,
      901, 877, 876, -1,
      901, 876, 902, -1,
      902, 876, 882, -1,
      902, 882, 903, -1,
      903, 882, 895, -1,
      903, 895, 904, -1,
      904, 895, 894, -1,
      904, 894, 905, -1,
      905, 894, 893, -1,
      905, 893, 906, -1,
      906, 893, 881, -1,
      906, 881, 907, -1,
      907, 881, 880, -1,
      907, 880, 908, -1,
      908, 880, 879, -1,
      908, 879, 914, -1,
      914, 879, 878, -1,
      914, 878, 915, -1,
      915, 878, 892, -1,
      915, 892, 909, -1,
      909, 892, 891, -1,
      909, 891, 910, -1,
      910, 891, 890, -1,
      910, 890, 875, -1,
      875, 890, 874, -1,
      916, 24, 917, -1,
      917, 24, 25, -1,
      27, 26, 29, -1,
      29, 26, 28, -1,
      29, 28, 31, -1,
      31, 28, 30, -1,
      25, 24, 27, -1,
      27, 24, 26, -1,
      918, 919, 30, -1,
      918, 30, 920, -1,
      920, 30, 28, -1,
      920, 28, 921, -1,
      916, 922, 24, -1,
      24, 922, 923, -1,
      24, 923, 26, -1,
      26, 923, 924, -1,
      26, 924, 925, -1,
      926, 927, 28, -1,
      28, 927, 928, -1,
      28, 928, 929, -1,
      929, 930, 28, -1,
      28, 930, 931, -1,
      28, 931, 921, -1,
      925, 932, 26, -1,
      26, 932, 933, -1,
      26, 933, 934, -1,
      934, 935, 26, -1,
      26, 935, 936, -1,
      26, 936, 28, -1,
      28, 936, 937, -1,
      28, 937, 926, -1,
      938, 31, 919, -1,
      919, 31, 30, -1,
      938, 939, 31, -1,
      31, 939, 940, -1,
      31, 940, 29, -1,
      29, 940, 941, -1,
      29, 941, 942, -1,
      943, 944, 27, -1,
      29, 945, 946, -1,
      942, 947, 29, -1,
      29, 947, 948, -1,
      29, 948, 945, -1,
      946, 949, 29, -1,
      29, 949, 950, -1,
      29, 950, 27, -1,
      27, 950, 951, -1,
      27, 951, 952, -1,
      952, 953, 27, -1,
      27, 953, 954, -1,
      27, 954, 943, -1,
      944, 955, 27, -1,
      27, 955, 956, -1,
      27, 956, 25, -1,
      25, 956, 957, -1,
      25, 957, 917, -1,
      938, 919, 939, -1,
      939, 919, 918, -1,
      939, 918, 940, -1,
      940, 918, 920, -1,
      940, 920, 941, -1,
      941, 920, 921, -1,
      941, 921, 942, -1,
      942, 921, 931, -1,
      942, 931, 947, -1,
      947, 931, 930, -1,
      947, 930, 948, -1,
      948, 930, 929, -1,
      948, 929, 945, -1,
      945, 929, 928, -1,
      945, 928, 946, -1,
      946, 928, 927, -1,
      946, 927, 949, -1,
      949, 927, 926, -1,
      949, 926, 950, -1,
      950, 926, 937, -1,
      950, 937, 951, -1,
      951, 937, 936, -1,
      951, 936, 952, -1,
      952, 936, 935, -1,
      952, 935, 953, -1,
      953, 935, 934, -1,
      953, 934, 954, -1,
      954, 934, 933, -1,
      954, 933, 943, -1,
      943, 933, 932, -1,
      943, 932, 944, -1,
      944, 932, 925, -1,
      944, 925, 955, -1,
      955, 925, 924, -1,
      955, 924, 956, -1,
      956, 924, 923, -1,
      956, 923, 957, -1,
      957, 923, 922, -1,
      957, 922, 917, -1,
      917, 922, 916, -1,
      958, 280, 959, -1,
      959, 280, 281, -1,
      283, 282, 285, -1,
      285, 282, 284, -1,
      281, 280, 283, -1,
      283, 280, 282, -1,
      285, 284, 287, -1,
      287, 284, 286, -1,
      960, 961, 282, -1,
      962, 963, 284, -1,
      958, 964, 280, -1,
      280, 964, 965, -1,
      280, 965, 282, -1,
      282, 965, 966, -1,
      966, 967, 282, -1,
      282, 967, 968, -1,
      282, 968, 969, -1,
      282, 961, 284, -1,
      284, 961, 970, -1,
      284, 970, 962, -1,
      963, 971, 284, -1,
      284, 971, 972, -1,
      284, 972, 973, -1,
      969, 974, 282, -1,
      282, 974, 975, -1,
      282, 975, 960, -1,
      973, 976, 284, -1,
      284, 976, 977, -1,
      284, 977, 286, -1,
      286, 977, 978, -1,
      286, 978, 979, -1,
      980, 981, 283, -1,
      982, 983, 283, -1,
      984, 985, 285, -1,
      285, 985, 986, -1,
      285, 986, 283, -1,
      283, 986, 987, -1,
      283, 987, 980, -1,
      981, 988, 283, -1,
      283, 988, 989, -1,
      283, 989, 982, -1,
      983, 990, 283, -1,
      283, 990, 991, -1,
      283, 991, 281, -1,
      281, 991, 992, -1,
      281, 992, 959, -1,
      993, 994, 285, -1,
      285, 994, 995, -1,
      285, 995, 984, -1,
      996, 997, 287, -1,
      287, 997, 998, -1,
      287, 998, 285, -1,
      285, 998, 999, -1,
      285, 999, 993, -1,
      996, 287, 979, -1,
      979, 287, 286, -1,
      996, 979, 997, -1,
      997, 979, 978, -1,
      997, 978, 998, -1,
      998, 978, 977, -1,
      998, 977, 999, -1,
      999, 977, 976, -1,
      999, 976, 993, -1,
      993, 976, 973, -1,
      993, 973, 994, -1,
      994, 973, 972, -1,
      994, 972, 995, -1,
      995, 972, 971, -1,
      995, 971, 984, -1,
      984, 971, 963, -1,
      984, 963, 985, -1,
      985, 963, 962, -1,
      985, 962, 986, -1,
      986, 962, 970, -1,
      986, 970, 987, -1,
      987, 970, 961, -1,
      987, 961, 980, -1,
      980, 961, 960, -1,
      980, 960, 981, -1,
      981, 960, 975, -1,
      981, 975, 988, -1,
      988, 975, 974, -1,
      988, 974, 989, -1,
      989, 974, 969, -1,
      989, 969, 982, -1,
      982, 969, 968, -1,
      982, 968, 983, -1,
      983, 968, 967, -1,
      983, 967, 990, -1,
      990, 967, 966, -1,
      990, 966, 991, -1,
      991, 966, 965, -1,
      991, 965, 992, -1,
      992, 965, 964, -1,
      992, 964, 959, -1,
      959, 964, 958, -1,
      1000, 56, 1001, -1,
      1001, 56, 57, -1,
      59, 58, 61, -1,
      61, 58, 60, -1,
      61, 60, 63, -1,
      63, 60, 62, -1,
      57, 56, 59, -1,
      59, 56, 58, -1,
      1002, 1003, 62, -1,
      1004, 1005, 58, -1,
      58, 1005, 1006, -1,
      58, 1006, 1007, -1,
      1002, 62, 1008, -1,
      1008, 62, 60, -1,
      1008, 60, 1009, -1,
      1000, 1010, 56, -1,
      56, 1010, 1011, -1,
      56, 1011, 58, -1,
      58, 1011, 1012, -1,
      58, 1012, 1004, -1,
      1013, 1014, 60, -1,
      60, 1014, 1015, -1,
      60, 1015, 1016, -1,
      1016, 1017, 60, -1,
      60, 1017, 1018, -1,
      60, 1018, 1009, -1,
      1007, 1019, 58, -1,
      58, 1019, 1020, -1,
      58, 1020, 60, -1,
      60, 1020, 1021, -1,
      60, 1021, 1013, -1,
      1022, 63, 1003, -1,
      1003, 63, 62, -1,
      1022, 1023, 63, -1,
      63, 1023, 1024, -1,
      63, 1024, 61, -1,
      61, 1024, 1025, -1,
      61, 1025, 1026, -1,
      1027, 1028, 59, -1,
      61, 1029, 1030, -1,
      1026, 1031, 61, -1,
      61, 1031, 1032, -1,
      61, 1032, 1029, -1,
      1030, 1033, 61, -1,
      61, 1033, 1034, -1,
      61, 1034, 59, -1,
      59, 1034, 1035, -1,
      59, 1035, 1027, -1,
      1028, 1036, 59, -1,
      59, 1036, 1037, -1,
      59, 1037, 1038, -1,
      1038, 1039, 59, -1,
      59, 1039, 1040, -1,
      59, 1040, 57, -1,
      57, 1040, 1041, -1,
      57, 1041, 1001, -1,
      1022, 1003, 1023, -1,
      1023, 1003, 1002, -1,
      1023, 1002, 1024, -1,
      1024, 1002, 1008, -1,
      1024, 1008, 1025, -1,
      1025, 1008, 1009, -1,
      1025, 1009, 1026, -1,
      1026, 1009, 1018, -1,
      1026, 1018, 1031, -1,
      1031, 1018, 1017, -1,
      1031, 1017, 1032, -1,
      1032, 1017, 1016, -1,
      1032, 1016, 1029, -1,
      1029, 1016, 1015, -1,
      1029, 1015, 1030, -1,
      1030, 1015, 1014, -1,
      1030, 1014, 1033, -1,
      1033, 1014, 1013, -1,
      1033, 1013, 1034, -1,
      1034, 1013, 1021, -1,
      1034, 1021, 1035, -1,
      1035, 1021, 1020, -1,
      1035, 1020, 1027, -1,
      1027, 1020, 1019, -1,
      1027, 1019, 1028, -1,
      1028, 1019, 1007, -1,
      1028, 1007, 1036, -1,
      1036, 1007, 1006, -1,
      1036, 1006, 1037, -1,
      1037, 1006, 1005, -1,
      1037, 1005, 1038, -1,
      1038, 1005, 1004, -1,
      1038, 1004, 1039, -1,
      1039, 1004, 1012, -1,
      1039, 1012, 1040, -1,
      1040, 1012, 1011, -1,
      1040, 1011, 1041, -1,
      1041, 1011, 1010, -1,
      1041, 1010, 1001, -1,
      1001, 1010, 1000, -1,
      1042, 72, 1043, -1,
      1043, 72, 73, -1,
      75, 74, 77, -1,
      77, 74, 76, -1,
      77, 76, 79, -1,
      79, 76, 78, -1,
      73, 72, 75, -1,
      75, 72, 74, -1,
      1042, 1044, 72, -1,
      72, 1044, 1045, -1,
      72, 1045, 74, -1,
      74, 1045, 1046, -1,
      74, 1046, 1047, -1,
      1048, 76, 1049, -1,
      1049, 76, 1050, -1,
      1048, 1051, 76, -1,
      76, 1051, 1052, -1,
      76, 1052, 78, -1,
      78, 1052, 1053, -1,
      78, 1053, 1054, -1,
      1047, 1055, 74, -1,
      74, 1055, 1056, -1,
      74, 1056, 1057, -1,
      1058, 1059, 76, -1,
      76, 1059, 1060, -1,
      76, 1060, 1050, -1,
      1057, 1061, 74, -1,
      74, 1061, 1062, -1,
      74, 1062, 76, -1,
      76, 1062, 1063, -1,
      76, 1063, 1058, -1,
      1064, 79, 1054, -1,
      1054, 79, 78, -1,
      1065, 1066, 75, -1,
      1064, 1067, 79, -1,
      79, 1067, 1068, -1,
      79, 1068, 77, -1,
      1068, 1069, 77, -1,
      77, 1069, 1070, -1,
      77, 1070, 1071, -1,
      1071, 1072, 77, -1,
      77, 1072, 1073, -1,
      77, 1073, 1074, -1,
      1075, 1076, 75, -1,
      75, 1076, 1077, -1,
      75, 1077, 1065, -1,
      1066, 1078, 75, -1,
      75, 1078, 1079, -1,
      75, 1079, 73, -1,
      73, 1079, 1080, -1,
      73, 1080, 1043, -1,
      1074, 1081, 77, -1,
      77, 1081, 1082, -1,
      77, 1082, 75, -1,
      75, 1082, 1083, -1,
      75, 1083, 1075, -1,
      1064, 1054, 1067, -1,
      1067, 1054, 1053, -1,
      1067, 1053, 1068, -1,
      1068, 1053, 1052, -1,
      1068, 1052, 1069, -1,
      1069, 1052, 1051, -1,
      1069, 1051, 1070, -1,
      1070, 1051, 1048, -1,
      1070, 1048, 1071, -1,
      1071, 1048, 1049, -1,
      1071, 1049, 1072, -1,
      1072, 1049, 1050, -1,
      1072, 1050, 1073, -1,
      1073, 1050, 1060, -1,
      1073, 1060, 1074, -1,
      1074, 1060, 1059, -1,
      1074, 1059, 1081, -1,
      1081, 1059, 1058, -1,
      1081, 1058, 1082, -1,
      1082, 1058, 1063, -1,
      1082, 1063, 1083, -1,
      1083, 1063, 1062, -1,
      1083, 1062, 1075, -1,
      1075, 1062, 1061, -1,
      1075, 1061, 1076, -1,
      1076, 1061, 1057, -1,
      1076, 1057, 1077, -1,
      1077, 1057, 1056, -1,
      1077, 1056, 1065, -1,
      1065, 1056, 1055, -1,
      1065, 1055, 1066, -1,
      1066, 1055, 1047, -1,
      1066, 1047, 1078, -1,
      1078, 1047, 1046, -1,
      1078, 1046, 1079, -1,
      1079, 1046, 1045, -1,
      1079, 1045, 1080, -1,
      1080, 1045, 1044, -1,
      1080, 1044, 1043, -1,
      1043, 1044, 1042, -1,
      1084, 128, 1085, -1,
      1085, 128, 129, -1,
      131, 130, 133, -1,
      133, 130, 132, -1,
      133, 132, 135, -1,
      135, 132, 134, -1,
      129, 128, 131, -1,
      131, 128, 130, -1,
      1086, 1087, 132, -1,
      1088, 1089, 130, -1,
      1086, 132, 1090, -1,
      1084, 1091, 128, -1,
      128, 1091, 1092, -1,
      128, 1092, 130, -1,
      1092, 1093, 130, -1,
      130, 1093, 1094, -1,
      130, 1094, 1095, -1,
      130, 1089, 132, -1,
      132, 1089, 1096, -1,
      132, 1096, 1090, -1,
      1087, 1097, 132, -1,
      132, 1097, 1098, -1,
      132, 1098, 1099, -1,
      1095, 1100, 130, -1,
      130, 1100, 1101, -1,
      130, 1101, 1088, -1,
      1099, 1102, 132, -1,
      132, 1102, 1103, -1,
      132, 1103, 134, -1,
      134, 1103, 1104, -1,
      134, 1104, 1105, -1,
      1106, 135, 1105, -1,
      1105, 135, 134, -1,
      1107, 1085, 129, -1,
      133, 1108, 1109, -1,
      1110, 1111, 133, -1,
      133, 1111, 1112, -1,
      133, 1112, 1108, -1,
      1109, 1113, 133, -1,
      133, 1113, 1114, -1,
      133, 1114, 131, -1,
      131, 1114, 1115, -1,
      1115, 1116, 131, -1,
      131, 1116, 1117, -1,
      131, 1117, 1118, -1,
      1107, 129, 1119, -1,
      1119, 129, 131, -1,
      1119, 131, 1120, -1,
      1106, 1121, 135, -1,
      135, 1121, 1122, -1,
      135, 1122, 133, -1,
      133, 1122, 1123, -1,
      133, 1123, 1110, -1,
      1118, 1124, 131, -1,
      131, 1124, 1125, -1,
      131, 1125, 1120, -1,
      1106, 1105, 1121, -1,
      1121, 1105, 1104, -1,
      1121, 1104, 1122, -1,
      1122, 1104, 1103, -1,
      1122, 1103, 1123, -1,
      1123, 1103, 1102, -1,
      1123, 1102, 1110, -1,
      1110, 1102, 1099, -1,
      1110, 1099, 1111, -1,
      1111, 1099, 1098, -1,
      1111, 1098, 1112, -1,
      1112, 1098, 1097, -1,
      1112, 1097, 1108, -1,
      1108, 1097, 1087, -1,
      1108, 1087, 1109, -1,
      1109, 1087, 1086, -1,
      1109, 1086, 1113, -1,
      1113, 1086, 1090, -1,
      1113, 1090, 1114, -1,
      1114, 1090, 1096, -1,
      1114, 1096, 1115, -1,
      1115, 1096, 1089, -1,
      1115, 1089, 1116, -1,
      1116, 1089, 1088, -1,
      1116, 1088, 1117, -1,
      1117, 1088, 1101, -1,
      1117, 1101, 1118, -1,
      1118, 1101, 1100, -1,
      1118, 1100, 1124, -1,
      1124, 1100, 1095, -1,
      1124, 1095, 1125, -1,
      1125, 1095, 1094, -1,
      1125, 1094, 1120, -1,
      1120, 1094, 1093, -1,
      1120, 1093, 1119, -1,
      1119, 1093, 1092, -1,
      1119, 1092, 1107, -1,
      1107, 1092, 1091, -1,
      1107, 1091, 1085, -1,
      1085, 1091, 1084, -1,
      1126, 264, 1127, -1,
      1127, 264, 265, -1,
      267, 266, 269, -1,
      269, 266, 268, -1,
      265, 264, 267, -1,
      267, 264, 266, -1,
      269, 268, 271, -1,
      271, 268, 270, -1,
      266, 1128, 1129, -1,
      268, 1130, 1131, -1,
      1132, 1133, 266, -1,
      266, 1133, 1134, -1,
      266, 1134, 268, -1,
      268, 1134, 1135, -1,
      268, 1135, 1130, -1,
      1131, 1136, 268, -1,
      268, 1136, 1137, -1,
      268, 1137, 1138, -1,
      1126, 1139, 264, -1,
      264, 1139, 1140, -1,
      264, 1140, 266, -1,
      266, 1140, 1141, -1,
      266, 1141, 1128, -1,
      1129, 1142, 266, -1,
      266, 1142, 1143, -1,
      266, 1143, 1132, -1,
      1138, 1144, 268, -1,
      268, 1144, 1145, -1,
      268, 1145, 270, -1,
      270, 1145, 1146, -1,
      270, 1146, 1147, -1,
      1148, 1149, 267, -1,
      267, 1149, 1150, -1,
      1150, 1151, 267, -1,
      267, 1151, 1152, -1,
      267, 1152, 1153, -1,
      1153, 1154, 267, -1,
      267, 1154, 1155, -1,
      267, 1155, 265, -1,
      265, 1155, 1156, -1,
      265, 1156, 1127, -1,
      1157, 1158, 271, -1,
      271, 1158, 1159, -1,
      271, 1159, 269, -1,
      269, 1159, 1160, -1,
      269, 1160, 1161, -1,
      1161, 1162, 269, -1,
      269, 1162, 1163, -1,
      269, 1163, 1164, -1,
      1164, 1165, 269, -1,
      269, 1165, 1166, -1,
      269, 1166, 267, -1,
      267, 1166, 1167, -1,
      267, 1167, 1148, -1,
      1157, 271, 1147, -1,
      1147, 271, 270, -1,
      1157, 1147, 1158, -1,
      1158, 1147, 1146, -1,
      1158, 1146, 1159, -1,
      1159, 1146, 1145, -1,
      1159, 1145, 1160, -1,
      1160, 1145, 1144, -1,
      1160, 1144, 1161, -1,
      1161, 1144, 1138, -1,
      1161, 1138, 1162, -1,
      1162, 1138, 1137, -1,
      1162, 1137, 1163, -1,
      1163, 1137, 1136, -1,
      1163, 1136, 1164, -1,
      1164, 1136, 1131, -1,
      1164, 1131, 1165, -1,
      1165, 1131, 1130, -1,
      1165, 1130, 1166, -1,
      1166, 1130, 1135, -1,
      1166, 1135, 1167, -1,
      1167, 1135, 1134, -1,
      1167, 1134, 1148, -1,
      1148, 1134, 1133, -1,
      1148, 1133, 1149, -1,
      1149, 1133, 1132, -1,
      1149, 1132, 1150, -1,
      1150, 1132, 1143, -1,
      1150, 1143, 1151, -1,
      1151, 1143, 1142, -1,
      1151, 1142, 1152, -1,
      1152, 1142, 1129, -1,
      1152, 1129, 1153, -1,
      1153, 1129, 1128, -1,
      1153, 1128, 1154, -1,
      1154, 1128, 1141, -1,
      1154, 1141, 1155, -1,
      1155, 1141, 1140, -1,
      1155, 1140, 1156, -1,
      1156, 1140, 1139, -1,
      1156, 1139, 1127, -1,
      1127, 1139, 1126, -1,
      1168, 208, 1169, -1,
      1169, 208, 209, -1,
      211, 210, 213, -1,
      213, 210, 212, -1,
      209, 208, 211, -1,
      211, 208, 210, -1,
      213, 212, 215, -1,
      215, 212, 214, -1,
      1170, 1171, 212, -1,
      1170, 212, 1172, -1,
      1171, 1173, 212, -1,
      212, 1173, 1174, -1,
      212, 1174, 1175, -1,
      1176, 1177, 210, -1,
      210, 1177, 1178, -1,
      210, 1178, 1179, -1,
      1179, 1180, 210, -1,
      210, 1180, 1181, -1,
      210, 1181, 212, -1,
      212, 1181, 1182, -1,
      212, 1182, 1172, -1,
      1168, 1183, 208, -1,
      208, 1183, 1184, -1,
      208, 1184, 210, -1,
      210, 1184, 1185, -1,
      210, 1185, 1176, -1,
      1175, 1186, 212, -1,
      212, 1186, 1187, -1,
      212, 1187, 214, -1,
      214, 1187, 1188, -1,
      214, 1188, 1189, -1,
      1190, 215, 1189, -1,
      1189, 215, 214, -1,
      1191, 1192, 211, -1,
      213, 1193, 1194, -1,
      1194, 1195, 213, -1,
      213, 1195, 1196, -1,
      213, 1196, 1197, -1,
      1197, 1198, 213, -1,
      213, 1198, 1199, -1,
      213, 1199, 211, -1,
      211, 1199, 1200, -1,
      211, 1200, 1191, -1,
      1190, 1201, 215, -1,
      215, 1201, 1202, -1,
      215, 1202, 213, -1,
      213, 1202, 1203, -1,
      213, 1203, 1193, -1,
      1192, 1204, 211, -1,
      211, 1204, 1205, -1,
      211, 1205, 1206, -1,
      1206, 1207, 211, -1,
      211, 1207, 1208, -1,
      211, 1208, 209, -1,
      209, 1208, 1209, -1,
      209, 1209, 1169, -1,
      1190, 1189, 1201, -1,
      1201, 1189, 1188, -1,
      1201, 1188, 1202, -1,
      1202, 1188, 1187, -1,
      1202, 1187, 1203, -1,
      1203, 1187, 1186, -1,
      1203, 1186, 1193, -1,
      1193, 1186, 1175, -1,
      1193, 1175, 1194, -1,
      1194, 1175, 1174, -1,
      1194, 1174, 1195, -1,
      1195, 1174, 1173, -1,
      1195, 1173, 1196, -1,
      1196, 1173, 1171, -1,
      1196, 1171, 1197, -1,
      1197, 1171, 1170, -1,
      1197, 1170, 1198, -1,
      1198, 1170, 1172, -1,
      1198, 1172, 1199, -1,
      1199, 1172, 1182, -1,
      1199, 1182, 1200, -1,
      1200, 1182, 1181, -1,
      1200, 1181, 1191, -1,
      1191, 1181, 1180, -1,
      1191, 1180, 1192, -1,
      1192, 1180, 1179, -1,
      1192, 1179, 1204, -1,
      1204, 1179, 1178, -1,
      1204, 1178, 1205, -1,
      1205, 1178, 1177, -1,
      1205, 1177, 1206, -1,
      1206, 1177, 1176, -1,
      1206, 1176, 1207, -1,
      1207, 1176, 1185, -1,
      1207, 1185, 1208, -1,
      1208, 1185, 1184, -1,
      1208, 1184, 1209, -1,
      1209, 1184, 1183, -1,
      1209, 1183, 1169, -1,
      1169, 1183, 1168, -1,
      1210, 88, 1211, -1,
      1211, 88, 89, -1,
      91, 90, 93, -1,
      93, 90, 92, -1,
      93, 92, 95, -1,
      95, 92, 94, -1,
      89, 88, 91, -1,
      91, 88, 90, -1,
      1212, 92, 1213, -1,
      1213, 92, 1214, -1,
      1212, 1215, 92, -1,
      92, 1215, 1216, -1,
      92, 1216, 94, -1,
      94, 1216, 1217, -1,
      94, 1217, 1218, -1,
      1219, 1220, 90, -1,
      90, 1220, 1221, -1,
      90, 1221, 1222, -1,
      1223, 1224, 92, -1,
      92, 1224, 1225, -1,
      92, 1225, 1214, -1,
      1210, 1226, 88, -1,
      88, 1226, 1227, -1,
      88, 1227, 90, -1,
      90, 1227, 1228, -1,
      90, 1228, 1219, -1,
      1222, 1229, 90, -1,
      90, 1229, 1230, -1,
      90, 1230, 92, -1,
      92, 1230, 1231, -1,
      92, 1231, 1223, -1,
      1232, 95, 1218, -1,
      1218, 95, 94, -1,
      1233, 1234, 91, -1,
      1232, 1235, 95, -1,
      95, 1235, 1236, -1,
      95, 1236, 93, -1,
      1236, 1237, 93, -1,
      93, 1237, 1238, -1,
      93, 1238, 1239, -1,
      1234, 1240, 91, -1,
      91, 1240, 1241, -1,
      91, 1241, 89, -1,
      89, 1241, 1242, -1,
      89, 1242, 1211, -1,
      1239, 1243, 93, -1,
      93, 1243, 1244, -1,
      93, 1244, 1245, -1,
      1246, 1247, 91, -1,
      91, 1247, 1248, -1,
      91, 1248, 1233, -1,
      1245, 1249, 93, -1,
      93, 1249, 1250, -1,
      93, 1250, 91, -1,
      91, 1250, 1251, -1,
      91, 1251, 1246, -1,
      1232, 1218, 1235, -1,
      1235, 1218, 1217, -1,
      1235, 1217, 1236, -1,
      1236, 1217, 1216, -1,
      1236, 1216, 1237, -1,
      1237, 1216, 1215, -1,
      1237, 1215, 1238, -1,
      1238, 1215, 1212, -1,
      1238, 1212, 1239, -1,
      1239, 1212, 1213, -1,
      1239, 1213, 1243, -1,
      1243, 1213, 1214, -1,
      1243, 1214, 1244, -1,
      1244, 1214, 1225, -1,
      1244, 1225, 1245, -1,
      1245, 1225, 1224, -1,
      1245, 1224, 1249, -1,
      1249, 1224, 1223, -1,
      1249, 1223, 1250, -1,
      1250, 1223, 1231, -1,
      1250, 1231, 1251, -1,
      1251, 1231, 1230, -1,
      1251, 1230, 1246, -1,
      1246, 1230, 1229, -1,
      1246, 1229, 1247, -1,
      1247, 1229, 1222, -1,
      1247, 1222, 1248, -1,
      1248, 1222, 1221, -1,
      1248, 1221, 1233, -1,
      1233, 1221, 1220, -1,
      1233, 1220, 1234, -1,
      1234, 1220, 1219, -1,
      1234, 1219, 1240, -1,
      1240, 1219, 1228, -1,
      1240, 1228, 1241, -1,
      1241, 1228, 1227, -1,
      1241, 1227, 1242, -1,
      1242, 1227, 1226, -1,
      1242, 1226, 1211, -1,
      1211, 1226, 1210, -1,
      1252, 80, 1253, -1,
      1253, 80, 81, -1,
      83, 82, 85, -1,
      85, 82, 84, -1,
      85, 84, 87, -1,
      87, 84, 86, -1,
      81, 80, 83, -1,
      83, 80, 82, -1,
      1252, 1254, 80, -1,
      80, 1254, 1255, -1,
      80, 1255, 82, -1,
      82, 1255, 1256, -1,
      82, 1256, 1257, -1,
      1258, 84, 1259, -1,
      1259, 84, 1260, -1,
      1258, 1261, 84, -1,
      84, 1261, 1262, -1,
      84, 1262, 86, -1,
      86, 1262, 1263, -1,
      86, 1263, 1264, -1,
      1257, 1265, 82, -1,
      82, 1265, 1266, -1,
      82, 1266, 1267, -1,
      1268, 1269, 84, -1,
      84, 1269, 1270, -1,
      84, 1270, 1260, -1,
      1267, 1271, 82, -1,
      82, 1271, 1272, -1,
      82, 1272, 84, -1,
      84, 1272, 1273, -1,
      84, 1273, 1268, -1,
      1274, 87, 1264, -1,
      1264, 87, 86, -1,
      1275, 1276, 83, -1,
      1274, 1277, 87, -1,
      87, 1277, 1278, -1,
      87, 1278, 85, -1,
      1278, 1279, 85, -1,
      85, 1279, 1280, -1,
      85, 1280, 1281, -1,
      1281, 1282, 85, -1,
      85, 1282, 1283, -1,
      85, 1283, 1284, -1,
      1285, 1286, 83, -1,
      83, 1286, 1287, -1,
      83, 1287, 1275, -1,
      1276, 1288, 83, -1,
      83, 1288, 1289, -1,
      83, 1289, 81, -1,
      81, 1289, 1290, -1,
      81, 1290, 1253, -1,
      1284, 1291, 85, -1,
      85, 1291, 1292, -1,
      85, 1292, 83, -1,
      83, 1292, 1293, -1,
      83, 1293, 1285, -1,
      1274, 1264, 1277, -1,
      1277, 1264, 1263, -1,
      1277, 1263, 1278, -1,
      1278, 1263, 1262, -1,
      1278, 1262, 1279, -1,
      1279, 1262, 1261, -1,
      1279, 1261, 1280, -1,
      1280, 1261, 1258, -1,
      1280, 1258, 1281, -1,
      1281, 1258, 1259, -1,
      1281, 1259, 1282, -1,
      1282, 1259, 1260, -1,
      1282, 1260, 1283, -1,
      1283, 1260, 1270, -1,
      1283, 1270, 1284, -1,
      1284, 1270, 1269, -1,
      1284, 1269, 1291, -1,
      1291, 1269, 1268, -1,
      1291, 1268, 1292, -1,
      1292, 1268, 1273, -1,
      1292, 1273, 1293, -1,
      1293, 1273, 1272, -1,
      1293, 1272, 1285, -1,
      1285, 1272, 1271, -1,
      1285, 1271, 1286, -1,
      1286, 1271, 1267, -1,
      1286, 1267, 1287, -1,
      1287, 1267, 1266, -1,
      1287, 1266, 1275, -1,
      1275, 1266, 1265, -1,
      1275, 1265, 1276, -1,
      1276, 1265, 1257, -1,
      1276, 1257, 1288, -1,
      1288, 1257, 1256, -1,
      1288, 1256, 1289, -1,
      1289, 1256, 1255, -1,
      1289, 1255, 1290, -1,
      1290, 1255, 1254, -1,
      1290, 1254, 1253, -1,
      1253, 1254, 1252, -1,
      1294, 144, 1295, -1,
      1295, 144, 145, -1,
      147, 146, 149, -1,
      149, 146, 148, -1,
      149, 148, 151, -1,
      151, 148, 150, -1,
      145, 144, 147, -1,
      147, 144, 146, -1,
      1294, 1296, 144, -1,
      144, 1296, 1297, -1,
      144, 1297, 146, -1,
      146, 1297, 1298, -1,
      146, 1298, 1299, -1,
      1299, 1300, 146, -1,
      146, 1300, 1301, -1,
      146, 1301, 1302, -1,
      1303, 1304, 148, -1,
      1303, 148, 1305, -1,
      1304, 1306, 148, -1,
      148, 1306, 1307, -1,
      148, 1307, 1308, -1,
      1308, 1309, 148, -1,
      148, 1309, 1310, -1,
      148, 1310, 150, -1,
      150, 1310, 1311, -1,
      150, 1311, 1312, -1,
      1302, 1313, 146, -1,
      146, 1313, 1314, -1,
      146, 1314, 148, -1,
      148, 1314, 1315, -1,
      148, 1315, 1305, -1,
      1316, 151, 1312, -1,
      1312, 151, 150, -1,
      1317, 1318, 147, -1,
      1318, 1319, 147, -1,
      147, 1319, 1320, -1,
      147, 1320, 1321, -1,
      149, 1322, 1323, -1,
      1321, 1324, 147, -1,
      147, 1324, 1325, -1,
      147, 1325, 145, -1,
      145, 1325, 1326, -1,
      145, 1326, 1295, -1,
      1327, 1328, 149, -1,
      149, 1328, 1329, -1,
      149, 1329, 1322, -1,
      1323, 1330, 149, -1,
      149, 1330, 1331, -1,
      149, 1331, 147, -1,
      147, 1331, 1332, -1,
      147, 1332, 1317, -1,
      1316, 1333, 151, -1,
      151, 1333, 1334, -1,
      151, 1334, 149, -1,
      149, 1334, 1335, -1,
      149, 1335, 1327, -1,
      1316, 1312, 1333, -1,
      1333, 1312, 1311, -1,
      1333, 1311, 1334, -1,
      1334, 1311, 1310, -1,
      1334, 1310, 1335, -1,
      1335, 1310, 1309, -1,
      1335, 1309, 1327, -1,
      1327, 1309, 1308, -1,
      1327, 1308, 1328, -1,
      1328, 1308, 1307, -1,
      1328, 1307, 1329, -1,
      1329, 1307, 1306, -1,
      1329, 1306, 1322, -1,
      1322, 1306, 1304, -1,
      1322, 1304, 1323, -1,
      1323, 1304, 1303, -1,
      1323, 1303, 1330, -1,
      1330, 1303, 1305, -1,
      1330, 1305, 1331, -1,
      1331, 1305, 1315, -1,
      1331, 1315, 1332, -1,
      1332, 1315, 1314, -1,
      1332, 1314, 1317, -1,
      1317, 1314, 1313, -1,
      1317, 1313, 1318, -1,
      1318, 1313, 1302, -1,
      1318, 1302, 1319, -1,
      1319, 1302, 1301, -1,
      1319, 1301, 1320, -1,
      1320, 1301, 1300, -1,
      1320, 1300, 1321, -1,
      1321, 1300, 1299, -1,
      1321, 1299, 1324, -1,
      1324, 1299, 1298, -1,
      1324, 1298, 1325, -1,
      1325, 1298, 1297, -1,
      1325, 1297, 1326, -1,
      1326, 1297, 1296, -1,
      1326, 1296, 1295, -1,
      1295, 1296, 1294, -1,
      1336, 0, 1337, -1,
      1337, 0, 1, -1,
      1338, 7, 1339, -1,
      1339, 7, 6, -1,
      1340, 1341, 3, -1,
      3, 1341, 1342, -1,
      1342, 1343, 3, -1,
      3, 1343, 1344, -1,
      3, 1344, 1345, -1,
      1338, 1346, 7, -1,
      7, 1346, 1347, -1,
      7, 1347, 5, -1,
      5, 1347, 1348, -1,
      5, 1348, 1349, -1,
      1349, 1350, 5, -1,
      5, 1350, 1351, -1,
      5, 1351, 1352, -1,
      1345, 1353, 3, -1,
      3, 1353, 1354, -1,
      3, 1354, 1, -1,
      1, 1354, 1355, -1,
      1, 1355, 1337, -1,
      1352, 1356, 5, -1,
      5, 1356, 1357, -1,
      5, 1357, 3, -1,
      3, 1357, 1358, -1,
      3, 1358, 1340, -1,
      1359, 1360, 2, -1,
      1361, 4, 1362, -1,
      1362, 4, 2, -1,
      1362, 2, 1363, -1,
      1360, 1364, 2, -1,
      2, 1364, 1365, -1,
      2, 1365, 1363, -1,
      1361, 1366, 4, -1,
      4, 1366, 1367, -1,
      4, 1367, 1368, -1,
      1368, 1369, 4, -1,
      4, 1369, 1370, -1,
      4, 1370, 1371, -1,
      1371, 1372, 4, -1,
      4, 1372, 1373, -1,
      4, 1373, 6, -1,
      6, 1373, 1374, -1,
      6, 1374, 1339, -1,
      1336, 1375, 0, -1,
      0, 1375, 1376, -1,
      0, 1376, 2, -1,
      2, 1376, 1377, -1,
      2, 1377, 1359, -1,
      5, 4, 7, -1,
      7, 4, 6, -1,
      1, 0, 3, -1,
      3, 0, 2, -1,
      3, 2, 5, -1,
      5, 2, 4, -1,
      1338, 1339, 1346, -1,
      1346, 1339, 1374, -1,
      1346, 1374, 1347, -1,
      1347, 1374, 1373, -1,
      1347, 1373, 1348, -1,
      1348, 1373, 1372, -1,
      1348, 1372, 1349, -1,
      1349, 1372, 1371, -1,
      1349, 1371, 1350, -1,
      1350, 1371, 1370, -1,
      1350, 1370, 1351, -1,
      1351, 1370, 1369, -1,
      1351, 1369, 1352, -1,
      1352, 1369, 1368, -1,
      1352, 1368, 1356, -1,
      1356, 1368, 1367, -1,
      1356, 1367, 1357, -1,
      1357, 1367, 1366, -1,
      1357, 1366, 1358, -1,
      1358, 1366, 1361, -1,
      1358, 1361, 1340, -1,
      1340, 1361, 1362, -1,
      1340, 1362, 1341, -1,
      1341, 1362, 1363, -1,
      1341, 1363, 1342, -1,
      1342, 1363, 1365, -1,
      1342, 1365, 1343, -1,
      1343, 1365, 1364, -1,
      1343, 1364, 1344, -1,
      1344, 1364, 1360, -1,
      1344, 1360, 1345, -1,
      1345, 1360, 1359, -1,
      1345, 1359, 1353, -1,
      1353, 1359, 1377, -1,
      1353, 1377, 1354, -1,
      1354, 1377, 1376, -1,
      1354, 1376, 1355, -1,
      1355, 1376, 1375, -1,
      1355, 1375, 1337, -1,
      1337, 1375, 1336, -1,
      1378, 192, 1379, -1,
      1379, 192, 193, -1,
      195, 194, 197, -1,
      197, 194, 196, -1,
      193, 192, 195, -1,
      195, 192, 194, -1,
      197, 196, 199, -1,
      199, 196, 198, -1,
      1380, 1381, 196, -1,
      1380, 196, 1382, -1,
      1378, 1383, 192, -1,
      192, 1383, 1384, -1,
      192, 1384, 194, -1,
      194, 1384, 1385, -1,
      194, 1385, 1386, -1,
      1387, 1388, 194, -1,
      194, 1388, 1389, -1,
      194, 1389, 196, -1,
      196, 1389, 1390, -1,
      196, 1390, 1382, -1,
      1381, 1391, 196, -1,
      196, 1391, 1392, -1,
      196, 1392, 1393, -1,
      1386, 1394, 194, -1,
      194, 1394, 1395, -1,
      194, 1395, 1387, -1,
      1393, 1396, 196, -1,
      196, 1396, 1397, -1,
      196, 1397, 198, -1,
      198, 1397, 1398, -1,
      198, 1398, 1399, -1,
      1400, 199, 1399, -1,
      1399, 199, 198, -1,
      1401, 1402, 195, -1,
      197, 1403, 1404, -1,
      1405, 1406, 197, -1,
      197, 1406, 1407, -1,
      197, 1407, 1403, -1,
      1404, 1408, 197, -1,
      197, 1408, 1409, -1,
      197, 1409, 195, -1,
      195, 1409, 1410, -1,
      195, 1410, 1401, -1,
      1402, 1411, 195, -1,
      195, 1411, 1412, -1,
      195, 1412, 1413, -1,
      1413, 1414, 195, -1,
      195, 1414, 1415, -1,
      195, 1415, 193, -1,
      193, 1415, 1416, -1,
      193, 1416, 1379, -1,
      1400, 1417, 199, -1,
      199, 1417, 1418, -1,
      199, 1418, 197, -1,
      197, 1418, 1419, -1,
      197, 1419, 1405, -1,
      1400, 1399, 1417, -1,
      1417, 1399, 1398, -1,
      1417, 1398, 1418, -1,
      1418, 1398, 1397, -1,
      1418, 1397, 1419, -1,
      1419, 1397, 1396, -1,
      1419, 1396, 1405, -1,
      1405, 1396, 1393, -1,
      1405, 1393, 1406, -1,
      1406, 1393, 1392, -1,
      1406, 1392, 1407, -1,
      1407, 1392, 1391, -1,
      1407, 1391, 1403, -1,
      1403, 1391, 1381, -1,
      1403, 1381, 1404, -1,
      1404, 1381, 1380, -1,
      1404, 1380, 1408, -1,
      1408, 1380, 1382, -1,
      1408, 1382, 1409, -1,
      1409, 1382, 1390, -1,
      1409, 1390, 1410, -1,
      1410, 1390, 1389, -1,
      1410, 1389, 1401, -1,
      1401, 1389, 1388, -1,
      1401, 1388, 1402, -1,
      1402, 1388, 1387, -1,
      1402, 1387, 1411, -1,
      1411, 1387, 1395, -1,
      1411, 1395, 1412, -1,
      1412, 1395, 1394, -1,
      1412, 1394, 1413, -1,
      1413, 1394, 1386, -1,
      1413, 1386, 1414, -1,
      1414, 1386, 1385, -1,
      1414, 1385, 1415, -1,
      1415, 1385, 1384, -1,
      1415, 1384, 1416, -1,
      1416, 1384, 1383, -1,
      1416, 1383, 1379, -1,
      1379, 1383, 1378, -1,
      1420, 216, 1421, -1,
      1421, 216, 217, -1,
      219, 218, 221, -1,
      221, 218, 220, -1,
      217, 216, 219, -1,
      219, 216, 218, -1,
      221, 220, 223, -1,
      223, 220, 222, -1,
      1420, 1422, 216, -1,
      216, 1422, 1423, -1,
      216, 1423, 218, -1,
      218, 1423, 1424, -1,
      218, 1424, 1425, -1,
      1426, 220, 1427, -1,
      1427, 220, 1428, -1,
      1426, 1429, 220, -1,
      220, 1429, 1430, -1,
      220, 1430, 1431, -1,
      1425, 1432, 218, -1,
      218, 1432, 1433, -1,
      218, 1433, 1434, -1,
      1431, 1435, 220, -1,
      220, 1435, 1436, -1,
      220, 1436, 222, -1,
      222, 1436, 1437, -1,
      222, 1437, 1438, -1,
      1434, 1439, 218, -1,
      218, 1439, 1440, -1,
      218, 1440, 220, -1,
      220, 1440, 1441, -1,
      220, 1441, 1428, -1,
      1442, 223, 1438, -1,
      1438, 223, 222, -1,
      1443, 1444, 219, -1,
      1442, 1445, 223, -1,
      223, 1445, 1446, -1,
      223, 1446, 221, -1,
      1446, 1447, 221, -1,
      221, 1447, 1448, -1,
      221, 1448, 1449, -1,
      1449, 1450, 221, -1,
      221, 1450, 1451, -1,
      221, 1451, 1452, -1,
      1453, 1454, 219, -1,
      219, 1454, 1455, -1,
      219, 1455, 1443, -1,
      1444, 1456, 219, -1,
      219, 1456, 1457, -1,
      219, 1457, 217, -1,
      217, 1457, 1458, -1,
      217, 1458, 1421, -1,
      1452, 1459, 221, -1,
      221, 1459, 1460, -1,
      221, 1460, 219, -1,
      219, 1460, 1461, -1,
      219, 1461, 1453, -1,
      1442, 1438, 1445, -1,
      1445, 1438, 1437, -1,
      1445, 1437, 1446, -1,
      1446, 1437, 1436, -1,
      1446, 1436, 1447, -1,
      1447, 1436, 1435, -1,
      1447, 1435, 1448, -1,
      1448, 1435, 1431, -1,
      1448, 1431, 1449, -1,
      1449, 1431, 1430, -1,
      1449, 1430, 1450, -1,
      1450, 1430, 1429, -1,
      1450, 1429, 1451, -1,
      1451, 1429, 1426, -1,
      1451, 1426, 1452, -1,
      1452, 1426, 1427, -1,
      1452, 1427, 1459, -1,
      1459, 1427, 1428, -1,
      1459, 1428, 1460, -1,
      1460, 1428, 1441, -1,
      1460, 1441, 1461, -1,
      1461, 1441, 1440, -1,
      1461, 1440, 1453, -1,
      1453, 1440, 1439, -1,
      1453, 1439, 1454, -1,
      1454, 1439, 1434, -1,
      1454, 1434, 1455, -1,
      1455, 1434, 1433, -1,
      1455, 1433, 1443, -1,
      1443, 1433, 1432, -1,
      1443, 1432, 1444, -1,
      1444, 1432, 1425, -1,
      1444, 1425, 1456, -1,
      1456, 1425, 1424, -1,
      1456, 1424, 1457, -1,
      1457, 1424, 1423, -1,
      1457, 1423, 1458, -1,
      1458, 1423, 1422, -1,
      1458, 1422, 1421, -1,
      1421, 1422, 1420, -1,
      1462, 256, 1463, -1,
      1463, 256, 257, -1,
      259, 258, 261, -1,
      261, 258, 260, -1,
      257, 256, 259, -1,
      259, 256, 258, -1,
      261, 260, 263, -1,
      263, 260, 262, -1,
      1464, 1465, 262, -1,
      1464, 262, 1466, -1,
      1466, 262, 260, -1,
      1466, 260, 1467, -1,
      1462, 1468, 256, -1,
      256, 1468, 1469, -1,
      256, 1469, 258, -1,
      258, 1469, 1470, -1,
      258, 1470, 1471, -1,
      1471, 1472, 258, -1,
      258, 1472, 1473, -1,
      258, 1473, 1474, -1,
      1475, 1476, 260, -1,
      260, 1476, 1477, -1,
      260, 1477, 1478, -1,
      1474, 1479, 258, -1,
      258, 1479, 1480, -1,
      258, 1480, 260, -1,
      260, 1480, 1481, -1,
      260, 1481, 1475, -1,
      1478, 1482, 260, -1,
      260, 1482, 1483, -1,
      260, 1483, 1467, -1,
      1484, 263, 1465, -1,
      1465, 263, 262, -1,
      1484, 1485, 263, -1,
      263, 1485, 1486, -1,
      263, 1486, 261, -1,
      261, 1486, 1487, -1,
      261, 1487, 1488, -1,
      1489, 1490, 259, -1,
      261, 1491, 1492, -1,
      1488, 1493, 261, -1,
      261, 1493, 1494, -1,
      261, 1494, 1491, -1,
      1492, 1495, 261, -1,
      261, 1495, 1496, -1,
      261, 1496, 259, -1,
      259, 1496, 1497, -1,
      259, 1497, 1489, -1,
      1490, 1498, 259, -1,
      259, 1498, 1499, -1,
      259, 1499, 1500, -1,
      1500, 1501, 259, -1,
      259, 1501, 1502, -1,
      259, 1502, 257, -1,
      257, 1502, 1503, -1,
      257, 1503, 1463, -1,
      1484, 1465, 1485, -1,
      1485, 1465, 1464, -1,
      1485, 1464, 1486, -1,
      1486, 1464, 1466, -1,
      1486, 1466, 1487, -1,
      1487, 1466, 1467, -1,
      1487, 1467, 1488, -1,
      1488, 1467, 1483, -1,
      1488, 1483, 1493, -1,
      1493, 1483, 1482, -1,
      1493, 1482, 1494, -1,
      1494, 1482, 1478, -1,
      1494, 1478, 1491, -1,
      1491, 1478, 1477, -1,
      1491, 1477, 1492, -1,
      1492, 1477, 1476, -1,
      1492, 1476, 1495, -1,
      1495, 1476, 1475, -1,
      1495, 1475, 1496, -1,
      1496, 1475, 1481, -1,
      1496, 1481, 1497, -1,
      1497, 1481, 1480, -1,
      1497, 1480, 1489, -1,
      1489, 1480, 1479, -1,
      1489, 1479, 1490, -1,
      1490, 1479, 1474, -1,
      1490, 1474, 1498, -1,
      1498, 1474, 1473, -1,
      1498, 1473, 1499, -1,
      1499, 1473, 1472, -1,
      1499, 1472, 1500, -1,
      1500, 1472, 1471, -1,
      1500, 1471, 1501, -1,
      1501, 1471, 1470, -1,
      1501, 1470, 1502, -1,
      1502, 1470, 1469, -1,
      1502, 1469, 1503, -1,
      1503, 1469, 1468, -1,
      1503, 1468, 1463, -1,
      1463, 1468, 1462, -1,
      9, 8, 11, -1,
      11, 8, 10, -1,
      11, 10, 13, -1,
      13, 10, 12, -1,
      13, 12, 15, -1,
      15, 12, 14, -1,
      15, 14, 9, -1,
      9, 14, 8, -1,
      14, 12, 8, -1,
      8, 12, 10, -1,
      11, 13, 9, -1,
      9, 13, 15, -1,
      1504, 184, 1505, -1,
      1505, 184, 185, -1,
      187, 186, 189, -1,
      189, 186, 188, -1,
      185, 184, 187, -1,
      187, 184, 186, -1,
      189, 188, 191, -1,
      191, 188, 190, -1,
      1506, 1507, 188, -1,
      1506, 188, 1508, -1,
      1504, 1509, 184, -1,
      184, 1509, 1510, -1,
      184, 1510, 186, -1,
      186, 1510, 1511, -1,
      186, 1511, 1512, -1,
      1512, 1513, 186, -1,
      186, 1513, 1514, -1,
      186, 1514, 1515, -1,
      1515, 1516, 186, -1,
      186, 1516, 1517, -1,
      186, 1517, 188, -1,
      188, 1517, 1518, -1,
      188, 1518, 1508, -1,
      1507, 1519, 188, -1,
      188, 1519, 1520, -1,
      188, 1520, 1521, -1,
      1521, 1522, 188, -1,
      188, 1522, 1523, -1,
      188, 1523, 190, -1,
      190, 1523, 1524, -1,
      190, 1524, 1525, -1,
      1526, 191, 1525, -1,
      1525, 191, 190, -1,
      1527, 1528, 187, -1,
      189, 1529, 1530, -1,
      1530, 1531, 189, -1,
      189, 1531, 1532, -1,
      189, 1532, 1533, -1,
      1526, 1534, 191, -1,
      191, 1534, 1535, -1,
      191, 1535, 189, -1,
      189, 1535, 1536, -1,
      189, 1536, 1529, -1,
      1533, 1537, 189, -1,
      189, 1537, 1538, -1,
      189, 1538, 187, -1,
      187, 1538, 1539, -1,
      187, 1539, 1527, -1,
      1528, 1540, 187, -1,
      187, 1540, 1541, -1,
      187, 1541, 1542, -1,
      1542, 1543, 187, -1,
      187, 1543, 1544, -1,
      187, 1544, 185, -1,
      185, 1544, 1545, -1,
      185, 1545, 1505, -1,
      1526, 1525, 1534, -1,
      1534, 1525, 1524, -1,
      1534, 1524, 1535, -1,
      1535, 1524, 1523, -1,
      1535, 1523, 1536, -1,
      1536, 1523, 1522, -1,
      1536, 1522, 1529, -1,
      1529, 1522, 1521, -1,
      1529, 1521, 1530, -1,
      1530, 1521, 1520, -1,
      1530, 1520, 1531, -1,
      1531, 1520, 1519, -1,
      1531, 1519, 1532, -1,
      1532, 1519, 1507, -1,
      1532, 1507, 1533, -1,
      1533, 1507, 1506, -1,
      1533, 1506, 1537, -1,
      1537, 1506, 1508, -1,
      1537, 1508, 1538, -1,
      1538, 1508, 1518, -1,
      1538, 1518, 1539, -1,
      1539, 1518, 1517, -1,
      1539, 1517, 1527, -1,
      1527, 1517, 1516, -1,
      1527, 1516, 1528, -1,
      1528, 1516, 1515, -1,
      1528, 1515, 1540, -1,
      1540, 1515, 1514, -1,
      1540, 1514, 1541, -1,
      1541, 1514, 1513, -1,
      1541, 1513, 1542, -1,
      1542, 1513, 1512, -1,
      1542, 1512, 1543, -1,
      1543, 1512, 1511, -1,
      1543, 1511, 1544, -1,
      1544, 1511, 1510, -1,
      1544, 1510, 1545, -1,
      1545, 1510, 1509, -1,
      1545, 1509, 1505, -1,
      1505, 1509, 1504, -1,
      1546, 200, 1547, -1,
      1547, 200, 201, -1,
      203, 202, 205, -1,
      205, 202, 204, -1,
      201, 200, 203, -1,
      203, 200, 202, -1,
      205, 204, 207, -1,
      207, 204, 206, -1,
      1548, 1549, 204, -1,
      1548, 204, 1550, -1,
      1546, 1551, 200, -1,
      200, 1551, 1552, -1,
      200, 1552, 202, -1,
      202, 1552, 1553, -1,
      202, 1553, 1554, -1,
      1555, 1556, 202, -1,
      202, 1556, 1557, -1,
      202, 1557, 204, -1,
      204, 1557, 1558, -1,
      204, 1558, 1550, -1,
      1554, 1559, 202, -1,
      202, 1559, 1560, -1,
      202, 1560, 1555, -1,
      1549, 1561, 204, -1,
      204, 1561, 1562, -1,
      204, 1562, 1563, -1,
      1563, 1564, 204, -1,
      204, 1564, 1565, -1,
      204, 1565, 206, -1,
      206, 1565, 1566, -1,
      206, 1566, 1567, -1,
      1568, 207, 1567, -1,
      1567, 207, 206, -1,
      205, 1569, 1570, -1,
      1571, 1572, 203, -1,
      1570, 1573, 205, -1,
      205, 1573, 1574, -1,
      205, 1574, 1575, -1,
      1568, 1576, 207, -1,
      207, 1576, 1577, -1,
      207, 1577, 205, -1,
      205, 1577, 1578, -1,
      205, 1578, 1569, -1,
      1575, 1579, 205, -1,
      205, 1579, 1580, -1,
      205, 1580, 203, -1,
      203, 1580, 1581, -1,
      203, 1581, 1571, -1,
      1572, 1582, 203, -1,
      203, 1582, 1583, -1,
      203, 1583, 1584, -1,
      1584, 1585, 203, -1,
      203, 1585, 1586, -1,
      203, 1586, 201, -1,
      201, 1586, 1587, -1,
      201, 1587, 1547, -1,
      1568, 1567, 1576, -1,
      1576, 1567, 1566, -1,
      1576, 1566, 1577, -1,
      1577, 1566, 1565, -1,
      1577, 1565, 1578, -1,
      1578, 1565, 1564, -1,
      1578, 1564, 1569, -1,
      1569, 1564, 1563, -1,
      1569, 1563, 1570, -1,
      1570, 1563, 1562, -1,
      1570, 1562, 1573, -1,
      1573, 1562, 1561, -1,
      1573, 1561, 1574, -1,
      1574, 1561, 1549, -1,
      1574, 1549, 1575, -1,
      1575, 1549, 1548, -1,
      1575, 1548, 1579, -1,
      1579, 1548, 1550, -1,
      1579, 1550, 1580, -1,
      1580, 1550, 1558, -1,
      1580, 1558, 1581, -1,
      1581, 1558, 1557, -1,
      1581, 1557, 1571, -1,
      1571, 1557, 1556, -1,
      1571, 1556, 1572, -1,
      1572, 1556, 1555, -1,
      1572, 1555, 1582, -1,
      1582, 1555, 1560, -1,
      1582, 1560, 1583, -1,
      1583, 1560, 1559, -1,
      1583, 1559, 1584, -1,
      1584, 1559, 1554, -1,
      1584, 1554, 1585, -1,
      1585, 1554, 1553, -1,
      1585, 1553, 1586, -1,
      1586, 1553, 1552, -1,
      1586, 1552, 1587, -1,
      1587, 1552, 1551, -1,
      1587, 1551, 1547, -1,
      1547, 1551, 1546, -1,
      1588, 40, 1589, -1,
      1589, 40, 41, -1,
      43, 42, 45, -1,
      45, 42, 44, -1,
      45, 44, 47, -1,
      47, 44, 46, -1,
      41, 40, 43, -1,
      43, 40, 42, -1,
      1590, 1591, 46, -1,
      1592, 1593, 42, -1,
      42, 1593, 1594, -1,
      42, 1594, 1595, -1,
      1590, 46, 1596, -1,
      1596, 46, 44, -1,
      1596, 44, 1597, -1,
      1588, 1598, 40, -1,
      40, 1598, 1599, -1,
      40, 1599, 42, -1,
      42, 1599, 1600, -1,
      42, 1600, 1592, -1,
      1601, 1602, 44, -1,
      44, 1602, 1603, -1,
      44, 1603, 1604, -1,
      1604, 1605, 44, -1,
      44, 1605, 1606, -1,
      44, 1606, 1597, -1,
      1595, 1607, 42, -1,
      42, 1607, 1608, -1,
      42, 1608, 44, -1,
      44, 1608, 1609, -1,
      44, 1609, 1601, -1,
      1610, 47, 1591, -1,
      1591, 47, 46, -1,
      1610, 1611, 47, -1,
      47, 1611, 1612, -1,
      47, 1612, 45, -1,
      45, 1612, 1613, -1,
      45, 1613, 1614, -1,
      1615, 1616, 43, -1,
      45, 1617, 1618, -1,
      1614, 1619, 45, -1,
      45, 1619, 1620, -1,
      45, 1620, 1617, -1,
      1618, 1621, 45, -1,
      45, 1621, 1622, -1,
      45, 1622, 43, -1,
      43, 1622, 1623, -1,
      43, 1623, 1615, -1,
      1616, 1624, 43, -1,
      43, 1624, 1625, -1,
      43, 1625, 1626, -1,
      1626, 1627, 43, -1,
      43, 1627, 1628, -1,
      43, 1628, 41, -1,
      41, 1628, 1629, -1,
      41, 1629, 1589, -1,
      1610, 1591, 1611, -1,
      1611, 1591, 1590, -1,
      1611, 1590, 1612, -1,
      1612, 1590, 1596, -1,
      1612, 1596, 1613, -1,
      1613, 1596, 1597, -1,
      1613, 1597, 1614, -1,
      1614, 1597, 1606, -1,
      1614, 1606, 1619, -1,
      1619, 1606, 1605, -1,
      1619, 1605, 1620, -1,
      1620, 1605, 1604, -1,
      1620, 1604, 1617, -1,
      1617, 1604, 1603, -1,
      1617, 1603, 1618, -1,
      1618, 1603, 1602, -1,
      1618, 1602, 1621, -1,
      1621, 1602, 1601, -1,
      1621, 1601, 1622, -1,
      1622, 1601, 1609, -1,
      1622, 1609, 1623, -1,
      1623, 1609, 1608, -1,
      1623, 1608, 1615, -1,
      1615, 1608, 1607, -1,
      1615, 1607, 1616, -1,
      1616, 1607, 1595, -1,
      1616, 1595, 1624, -1,
      1624, 1595, 1594, -1,
      1624, 1594, 1625, -1,
      1625, 1594, 1593, -1,
      1625, 1593, 1626, -1,
      1626, 1593, 1592, -1,
      1626, 1592, 1627, -1,
      1627, 1592, 1600, -1,
      1627, 1600, 1628, -1,
      1628, 1600, 1599, -1,
      1628, 1599, 1629, -1,
      1629, 1599, 1598, -1,
      1629, 1598, 1589, -1,
      1589, 1598, 1588, -1,
      1630, 288, 1631, -1,
      1631, 288, 289, -1,
      291, 290, 293, -1,
      293, 290, 292, -1,
      289, 288, 291, -1,
      291, 288, 290, -1,
      293, 292, 295, -1,
      295, 292, 294, -1,
      1632, 1633, 290, -1,
      1633, 1634, 290, -1,
      290, 1634, 1635, -1,
      290, 1635, 1636, -1,
      1637, 1638, 292, -1,
      1636, 1639, 290, -1,
      290, 1639, 1640, -1,
      290, 1640, 292, -1,
      292, 1640, 1641, -1,
      292, 1641, 1637, -1,
      1630, 1642, 288, -1,
      288, 1642, 1643, -1,
      288, 1643, 290, -1,
      290, 1643, 1644, -1,
      290, 1644, 1632, -1,
      1638, 1645, 292, -1,
      292, 1645, 1646, -1,
      292, 1646, 1647, -1,
      1647, 1648, 292, -1,
      292, 1648, 1649, -1,
      292, 1649, 294, -1,
      294, 1649, 1650, -1,
      294, 1650, 1651, -1,
      1652, 1653, 291, -1,
      291, 1653, 1654, -1,
      1654, 1655, 291, -1,
      291, 1655, 1656, -1,
      291, 1656, 1657, -1,
      1658, 1659, 293, -1,
      293, 1659, 1660, -1,
      293, 1660, 1661, -1,
      1661, 1662, 293, -1,
      293, 1662, 1663, -1,
      293, 1663, 291, -1,
      291, 1663, 1664, -1,
      291, 1664, 1652, -1,
      1657, 1665, 291, -1,
      291, 1665, 1666, -1,
      291, 1666, 289, -1,
      289, 1666, 1667, -1,
      289, 1667, 1631, -1,
      1668, 1669, 295, -1,
      295, 1669, 1670, -1,
      295, 1670, 293, -1,
      293, 1670, 1671, -1,
      293, 1671, 1658, -1,
      1668, 295, 1651, -1,
      1651, 295, 294, -1,
      1668, 1651, 1669, -1,
      1669, 1651, 1650, -1,
      1669, 1650, 1670, -1,
      1670, 1650, 1649, -1,
      1670, 1649, 1671, -1,
      1671, 1649, 1648, -1,
      1671, 1648, 1658, -1,
      1658, 1648, 1647, -1,
      1658, 1647, 1659, -1,
      1659, 1647, 1646, -1,
      1659, 1646, 1660, -1,
      1660, 1646, 1645, -1,
      1660, 1645, 1661, -1,
      1661, 1645, 1638, -1,
      1661, 1638, 1662, -1,
      1662, 1638, 1637, -1,
      1662, 1637, 1663, -1,
      1663, 1637, 1641, -1,
      1663, 1641, 1664, -1,
      1664, 1641, 1640, -1,
      1664, 1640, 1652, -1,
      1652, 1640, 1639, -1,
      1652, 1639, 1653, -1,
      1653, 1639, 1636, -1,
      1653, 1636, 1654, -1,
      1654, 1636, 1635, -1,
      1654, 1635, 1655, -1,
      1655, 1635, 1634, -1,
      1655, 1634, 1656, -1,
      1656, 1634, 1633, -1,
      1656, 1633, 1657, -1,
      1657, 1633, 1632, -1,
      1657, 1632, 1665, -1,
      1665, 1632, 1644, -1,
      1665, 1644, 1666, -1,
      1666, 1644, 1643, -1,
      1666, 1643, 1667, -1,
      1667, 1643, 1642, -1,
      1667, 1642, 1631, -1,
      1631, 1642, 1630, -1,
      1672, 48, 1673, -1,
      1673, 48, 49, -1,
      51, 50, 53, -1,
      53, 50, 52, -1,
      53, 52, 55, -1,
      55, 52, 54, -1,
      49, 48, 51, -1,
      51, 48, 50, -1,
      1674, 1675, 54, -1,
      1676, 1677, 50, -1,
      50, 1677, 1678, -1,
      50, 1678, 1679, -1,
      1674, 54, 1680, -1,
      1680, 54, 52, -1,
      1680, 52, 1681, -1,
      1672, 1682, 48, -1,
      48, 1682, 1683, -1,
      48, 1683, 50, -1,
      50, 1683, 1684, -1,
      50, 1684, 1676, -1,
      1685, 1686, 52, -1,
      52, 1686, 1687, -1,
      52, 1687, 1688, -1,
      1688, 1689, 52, -1,
      52, 1689, 1690, -1,
      52, 1690, 1681, -1,
      1679, 1691, 50, -1,
      50, 1691, 1692, -1,
      50, 1692, 52, -1,
      52, 1692, 1693, -1,
      52, 1693, 1685, -1,
      1694, 55, 1675, -1,
      1675, 55, 54, -1,
      1694, 1695, 55, -1,
      55, 1695, 1696, -1,
      55, 1696, 53, -1,
      53, 1696, 1697, -1,
      53, 1697, 1698, -1,
      1699, 1700, 51, -1,
      53, 1701, 1702, -1,
      1698, 1703, 53, -1,
      53, 1703, 1704, -1,
      53, 1704, 1701, -1,
      1702, 1705, 53, -1,
      53, 1705, 1706, -1,
      53, 1706, 51, -1,
      51, 1706, 1707, -1,
      51, 1707, 1699, -1,
      1700, 1708, 51, -1,
      51, 1708, 1709, -1,
      51, 1709, 1710, -1,
      1710, 1711, 51, -1,
      51, 1711, 1712, -1,
      51, 1712, 49, -1,
      49, 1712, 1713, -1,
      49, 1713, 1673, -1,
      1694, 1675, 1695, -1,
      1695, 1675, 1674, -1,
      1695, 1674, 1696, -1,
      1696, 1674, 1680, -1,
      1696, 1680, 1697, -1,
      1697, 1680, 1681, -1,
      1697, 1681, 1698, -1,
      1698, 1681, 1690, -1,
      1698, 1690, 1703, -1,
      1703, 1690, 1689, -1,
      1703, 1689, 1704, -1,
      1704, 1689, 1688, -1,
      1704, 1688, 1701, -1,
      1701, 1688, 1687, -1,
      1701, 1687, 1702, -1,
      1702, 1687, 1686, -1,
      1702, 1686, 1705, -1,
      1705, 1686, 1685, -1,
      1705, 1685, 1706, -1,
      1706, 1685, 1693, -1,
      1706, 1693, 1707, -1,
      1707, 1693, 1692, -1,
      1707, 1692, 1699, -1,
      1699, 1692, 1691, -1,
      1699, 1691, 1700, -1,
      1700, 1691, 1679, -1,
      1700, 1679, 1708, -1,
      1708, 1679, 1678, -1,
      1708, 1678, 1709, -1,
      1709, 1678, 1677, -1,
      1709, 1677, 1710, -1,
      1710, 1677, 1676, -1,
      1710, 1676, 1711, -1,
      1711, 1676, 1684, -1,
      1711, 1684, 1712, -1,
      1712, 1684, 1683, -1,
      1712, 1683, 1713, -1,
      1713, 1683, 1682, -1,
      1713, 1682, 1673, -1,
      1673, 1682, 1672, -1,
      1714, 296, 1715, -1,
      1715, 296, 297, -1,
      299, 298, 301, -1,
      301, 298, 300, -1,
      297, 296, 299, -1,
      299, 296, 298, -1,
      301, 300, 303, -1,
      303, 300, 302, -1,
      1716, 1717, 298, -1,
      1718, 1719, 300, -1,
      1714, 1720, 296, -1,
      296, 1720, 1721, -1,
      296, 1721, 298, -1,
      298, 1721, 1722, -1,
      1722, 1723, 298, -1,
      298, 1723, 1724, -1,
      298, 1724, 1725, -1,
      298, 1717, 300, -1,
      300, 1717, 1726, -1,
      300, 1726, 1718, -1,
      1725, 1727, 298, -1,
      298, 1727, 1728, -1,
      298, 1728, 1716, -1,
      1719, 1729, 300, -1,
      300, 1729, 1730, -1,
      300, 1730, 1731, -1,
      1731, 1732, 300, -1,
      300, 1732, 1733, -1,
      300, 1733, 302, -1,
      302, 1733, 1734, -1,
      302, 1734, 1735, -1,
      1736, 1737, 299, -1,
      1738, 1739, 299, -1,
      1740, 1741, 301, -1,
      301, 1741, 1742, -1,
      301, 1742, 1743, -1,
      1739, 1744, 299, -1,
      299, 1744, 1745, -1,
      299, 1745, 297, -1,
      297, 1745, 1746, -1,
      297, 1746, 1715, -1,
      1743, 1747, 301, -1,
      301, 1747, 1748, -1,
      301, 1748, 299, -1,
      299, 1748, 1749, -1,
      299, 1749, 1736, -1,
      1737, 1750, 299, -1,
      299, 1750, 1751, -1,
      299, 1751, 1738, -1,
      1752, 1753, 303, -1,
      303, 1753, 1754, -1,
      303, 1754, 301, -1,
      301, 1754, 1755, -1,
      301, 1755, 1740, -1,
      1752, 303, 1735, -1,
      1735, 303, 302, -1,
      1752, 1735, 1753, -1,
      1753, 1735, 1734, -1,
      1753, 1734, 1754, -1,
      1754, 1734, 1733, -1,
      1754, 1733, 1755, -1,
      1755, 1733, 1732, -1,
      1755, 1732, 1740, -1,
      1740, 1732, 1731, -1,
      1740, 1731, 1741, -1,
      1741, 1731, 1730, -1,
      1741, 1730, 1742, -1,
      1742, 1730, 1729, -1,
      1742, 1729, 1743, -1,
      1743, 1729, 1719, -1,
      1743, 1719, 1747, -1,
      1747, 1719, 1718, -1,
      1747, 1718, 1748, -1,
      1748, 1718, 1726, -1,
      1748, 1726, 1749, -1,
      1749, 1726, 1717, -1,
      1749, 1717, 1736, -1,
      1736, 1717, 1716, -1,
      1736, 1716, 1737, -1,
      1737, 1716, 1728, -1,
      1737, 1728, 1750, -1,
      1750, 1728, 1727, -1,
      1750, 1727, 1751, -1,
      1751, 1727, 1725, -1,
      1751, 1725, 1738, -1,
      1738, 1725, 1724, -1,
      1738, 1724, 1739, -1,
      1739, 1724, 1723, -1,
      1739, 1723, 1744, -1,
      1744, 1723, 1722, -1,
      1744, 1722, 1745, -1,
      1745, 1722, 1721, -1,
      1745, 1721, 1746, -1,
      1746, 1721, 1720, -1,
      1746, 1720, 1715, -1,
      1715, 1720, 1714, -1,
      1756, 304, 1757, -1,
      1757, 304, 305, -1,
      307, 306, 309, -1,
      309, 306, 308, -1,
      305, 304, 307, -1,
      307, 304, 306, -1,
      309, 308, 311, -1,
      311, 308, 310, -1,
      1758, 308, 1759, -1,
      1759, 308, 306, -1,
      1760, 1761, 306, -1,
      306, 1761, 1762, -1,
      1758, 1763, 308, -1,
      308, 1763, 1764, -1,
      308, 1764, 1765, -1,
      1756, 1766, 304, -1,
      304, 1766, 1767, -1,
      304, 1767, 306, -1,
      306, 1767, 1768, -1,
      306, 1768, 1760, -1,
      1762, 1769, 306, -1,
      306, 1769, 1770, -1,
      306, 1770, 1759, -1,
      1765, 1771, 308, -1,
      308, 1771, 1772, -1,
      308, 1772, 1773, -1,
      1773, 1774, 308, -1,
      308, 1774, 1775, -1,
      308, 1775, 310, -1,
      310, 1775, 1776, -1,
      310, 1776, 1777, -1,
      1778, 1779, 307, -1,
      1780, 1781, 307, -1,
      1782, 1783, 309, -1,
      309, 1783, 1784, -1,
      309, 1784, 307, -1,
      307, 1784, 1785, -1,
      307, 1785, 1778, -1,
      1779, 1786, 307, -1,
      307, 1786, 1787, -1,
      307, 1787, 1780, -1,
      1781, 1788, 307, -1,
      307, 1788, 1789, -1,
      307, 1789, 305, -1,
      305, 1789, 1790, -1,
      305, 1790, 1757, -1,
      1791, 1792, 309, -1,
      309, 1792, 1793, -1,
      309, 1793, 1782, -1,
      1794, 1795, 311, -1,
      311, 1795, 1796, -1,
      311, 1796, 309, -1,
      309, 1796, 1797, -1,
      309, 1797, 1791, -1,
      1794, 311, 1777, -1,
      1777, 311, 310, -1,
      1794, 1777, 1795, -1,
      1795, 1777, 1776, -1,
      1795, 1776, 1796, -1,
      1796, 1776, 1775, -1,
      1796, 1775, 1797, -1,
      1797, 1775, 1774, -1,
      1797, 1774, 1791, -1,
      1791, 1774, 1773, -1,
      1791, 1773, 1792, -1,
      1792, 1773, 1772, -1,
      1792, 1772, 1793, -1,
      1793, 1772, 1771, -1,
      1793, 1771, 1782, -1,
      1782, 1771, 1765, -1,
      1782, 1765, 1783, -1,
      1783, 1765, 1764, -1,
      1783, 1764, 1784, -1,
      1784, 1764, 1763, -1,
      1784, 1763, 1785, -1,
      1785, 1763, 1758, -1,
      1785, 1758, 1778, -1,
      1778, 1758, 1759, -1,
      1778, 1759, 1779, -1,
      1779, 1759, 1770, -1,
      1779, 1770, 1786, -1,
      1786, 1770, 1769, -1,
      1786, 1769, 1787, -1,
      1787, 1769, 1762, -1,
      1787, 1762, 1780, -1,
      1780, 1762, 1761, -1,
      1780, 1761, 1781, -1,
      1781, 1761, 1760, -1,
      1781, 1760, 1788, -1,
      1788, 1760, 1768, -1,
      1788, 1768, 1789, -1,
      1789, 1768, 1767, -1,
      1789, 1767, 1790, -1,
      1790, 1767, 1766, -1,
      1790, 1766, 1757, -1,
      1757, 1766, 1756, -1,
      17, 16, 19, -1,
      19, 16, 18, -1,
      19, 18, 21, -1,
      21, 18, 20, -1,
      21, 20, 23, -1,
      23, 20, 22, -1,
      23, 22, 17, -1,
      17, 22, 16, -1,
      22, 20, 16, -1,
      16, 20, 18, -1,
      19, 21, 17, -1,
      17, 21, 23, -1,
      1798, 232, 1799, -1,
      1799, 232, 233, -1,
      235, 234, 237, -1,
      237, 234, 236, -1,
      233, 232, 235, -1,
      235, 232, 234, -1,
      237, 236, 239, -1,
      239, 236, 238, -1,
      1800, 1801, 238, -1,
      1800, 238, 1802, -1,
      1802, 238, 236, -1,
      1802, 236, 1803, -1,
      1798, 1804, 232, -1,
      232, 1804, 1805, -1,
      232, 1805, 234, -1,
      234, 1805, 1806, -1,
      234, 1806, 1807, -1,
      1807, 1808, 234, -1,
      234, 1808, 1809, -1,
      234, 1809, 1810, -1,
      1811, 1812, 236, -1,
      236, 1812, 1813, -1,
      236, 1813, 1814, -1,
      1810, 1815, 234, -1,
      234, 1815, 1816, -1,
      234, 1816, 236, -1,
      236, 1816, 1817, -1,
      236, 1817, 1811, -1,
      1814, 1818, 236, -1,
      236, 1818, 1819, -1,
      236, 1819, 1803, -1,
      1820, 239, 1801, -1,
      1801, 239, 238, -1,
      1820, 1821, 239, -1,
      239, 1821, 1822, -1,
      239, 1822, 237, -1,
      237, 1822, 1823, -1,
      237, 1823, 1824, -1,
      1825, 1826, 235, -1,
      237, 1827, 1828, -1,
      1824, 1829, 237, -1,
      237, 1829, 1830, -1,
      237, 1830, 1827, -1,
      1828, 1831, 237, -1,
      237, 1831, 1832, -1,
      237, 1832, 235, -1,
      235, 1832, 1833, -1,
      235, 1833, 1825, -1,
      1826, 1834, 235, -1,
      235, 1834, 1835, -1,
      235, 1835, 1836, -1,
      1836, 1837, 235, -1,
      235, 1837, 1838, -1,
      235, 1838, 233, -1,
      233, 1838, 1839, -1,
      233, 1839, 1799, -1,
      1820, 1801, 1821, -1,
      1821, 1801, 1800, -1,
      1821, 1800, 1822, -1,
      1822, 1800, 1802, -1,
      1822, 1802, 1823, -1,
      1823, 1802, 1803, -1,
      1823, 1803, 1824, -1,
      1824, 1803, 1819, -1,
      1824, 1819, 1829, -1,
      1829, 1819, 1818, -1,
      1829, 1818, 1830, -1,
      1830, 1818, 1814, -1,
      1830, 1814, 1827, -1,
      1827, 1814, 1813, -1,
      1827, 1813, 1828, -1,
      1828, 1813, 1812, -1,
      1828, 1812, 1831, -1,
      1831, 1812, 1811, -1,
      1831, 1811, 1832, -1,
      1832, 1811, 1817, -1,
      1832, 1817, 1833, -1,
      1833, 1817, 1816, -1,
      1833, 1816, 1825, -1,
      1825, 1816, 1815, -1,
      1825, 1815, 1826, -1,
      1826, 1815, 1810, -1,
      1826, 1810, 1834, -1,
      1834, 1810, 1809, -1,
      1834, 1809, 1835, -1,
      1835, 1809, 1808, -1,
      1835, 1808, 1836, -1,
      1836, 1808, 1807, -1,
      1836, 1807, 1837, -1,
      1837, 1807, 1806, -1,
      1837, 1806, 1838, -1,
      1838, 1806, 1805, -1,
      1838, 1805, 1839, -1,
      1839, 1805, 1804, -1,
      1839, 1804, 1799, -1,
      1799, 1804, 1798, -1,
      1840, 168, 1841, -1,
      1841, 168, 169, -1,
      171, 170, 173, -1,
      173, 170, 172, -1,
      169, 168, 171, -1,
      171, 168, 170, -1,
      173, 172, 175, -1,
      175, 172, 174, -1,
      1842, 1843, 170, -1,
      170, 1843, 1844, -1,
      170, 1844, 1845, -1,
      1846, 1847, 172, -1,
      1840, 1848, 168, -1,
      168, 1848, 1849, -1,
      168, 1849, 170, -1,
      170, 1849, 1850, -1,
      170, 1850, 1842, -1,
      1845, 1851, 170, -1,
      170, 1851, 1852, -1,
      170, 1852, 172, -1,
      172, 1852, 1853, -1,
      172, 1853, 1846, -1,
      1847, 1854, 172, -1,
      172, 1854, 1855, -1,
      172, 1855, 1856, -1,
      172, 1857, 174, -1,
      174, 1857, 1858, -1,
      174, 1858, 1859, -1,
      1856, 1860, 172, -1,
      172, 1860, 1861, -1,
      172, 1861, 1857, -1,
      1862, 175, 1859, -1,
      1859, 175, 174, -1,
      1863, 1864, 171, -1,
      1862, 1865, 175, -1,
      175, 1865, 1866, -1,
      175, 1866, 173, -1,
      1866, 1867, 173, -1,
      173, 1867, 1868, -1,
      173, 1868, 1869, -1,
      1869, 1870, 173, -1,
      173, 1870, 1871, -1,
      173, 1871, 1872, -1,
      1872, 1873, 173, -1,
      173, 1873, 1874, -1,
      173, 1874, 171, -1,
      171, 1874, 1875, -1,
      171, 1875, 1863, -1,
      1864, 1876, 171, -1,
      171, 1876, 1877, -1,
      171, 1877, 1878, -1,
      1878, 1879, 171, -1,
      171, 1879, 1880, -1,
      171, 1880, 169, -1,
      169, 1880, 1881, -1,
      169, 1881, 1841, -1,
      1862, 1859, 1865, -1,
      1865, 1859, 1858, -1,
      1865, 1858, 1866, -1,
      1866, 1858, 1857, -1,
      1866, 1857, 1867, -1,
      1867, 1857, 1861, -1,
      1867, 1861, 1868, -1,
      1868, 1861, 1860, -1,
      1868, 1860, 1869, -1,
      1869, 1860, 1856, -1,
      1869, 1856, 1870, -1,
      1870, 1856, 1855, -1,
      1870, 1855, 1871, -1,
      1871, 1855, 1854, -1,
      1871, 1854, 1872, -1,
      1872, 1854, 1847, -1,
      1872, 1847, 1873, -1,
      1873, 1847, 1846, -1,
      1873, 1846, 1874, -1,
      1874, 1846, 1853, -1,
      1874, 1853, 1875, -1,
      1875, 1853, 1852, -1,
      1875, 1852, 1863, -1,
      1863, 1852, 1851, -1,
      1863, 1851, 1864, -1,
      1864, 1851, 1845, -1,
      1864, 1845, 1876, -1,
      1876, 1845, 1844, -1,
      1876, 1844, 1877, -1,
      1877, 1844, 1843, -1,
      1877, 1843, 1878, -1,
      1878, 1843, 1842, -1,
      1878, 1842, 1879, -1,
      1879, 1842, 1850, -1,
      1879, 1850, 1880, -1,
      1880, 1850, 1849, -1,
      1880, 1849, 1881, -1,
      1881, 1849, 1848, -1,
      1881, 1848, 1841, -1,
      1841, 1848, 1840, -1,
      1882, 248, 1883, -1,
      1883, 248, 249, -1,
      251, 250, 253, -1,
      253, 250, 252, -1,
      249, 248, 251, -1,
      251, 248, 250, -1,
      253, 252, 255, -1,
      255, 252, 254, -1,
      1884, 1885, 254, -1,
      1884, 254, 1886, -1,
      1886, 254, 252, -1,
      1886, 252, 1887, -1,
      1882, 1888, 248, -1,
      248, 1888, 1889, -1,
      248, 1889, 250, -1,
      250, 1889, 1890, -1,
      250, 1890, 1891, -1,
      1891, 1892, 250, -1,
      250, 1892, 1893, -1,
      250, 1893, 1894, -1,
      1895, 1896, 252, -1,
      252, 1896, 1897, -1,
      252, 1897, 1898, -1,
      1894, 1899, 250, -1,
      250, 1899, 1900, -1,
      250, 1900, 252, -1,
      252, 1900, 1901, -1,
      252, 1901, 1895, -1,
      1898, 1902, 252, -1,
      252, 1902, 1903, -1,
      252, 1903, 1887, -1,
      1904, 255, 1885, -1,
      1885, 255, 254, -1,
      1904, 1905, 255, -1,
      255, 1905, 1906, -1,
      255, 1906, 253, -1,
      253, 1906, 1907, -1,
      253, 1907, 1908, -1,
      1909, 1910, 251, -1,
      253, 1911, 1912, -1,
      1908, 1913, 253, -1,
      253, 1913, 1914, -1,
      253, 1914, 1911, -1,
      1912, 1915, 253, -1,
      253, 1915, 1916, -1,
      253, 1916, 251, -1,
      251, 1916, 1917, -1,
      251, 1917, 1909, -1,
      1910, 1918, 251, -1,
      251, 1918, 1919, -1,
      251, 1919, 1920, -1,
      1920, 1921, 251, -1,
      251, 1921, 1922, -1,
      251, 1922, 249, -1,
      249, 1922, 1923, -1,
      249, 1923, 1883, -1,
      1904, 1885, 1905, -1,
      1905, 1885, 1884, -1,
      1905, 1884, 1906, -1,
      1906, 1884, 1886, -1,
      1906, 1886, 1907, -1,
      1907, 1886, 1887, -1,
      1907, 1887, 1908, -1,
      1908, 1887, 1903, -1,
      1908, 1903, 1913, -1,
      1913, 1903, 1902, -1,
      1913, 1902, 1914, -1,
      1914, 1902, 1898, -1,
      1914, 1898, 1911, -1,
      1911, 1898, 1897, -1,
      1911, 1897, 1912, -1,
      1912, 1897, 1896, -1,
      1912, 1896, 1915, -1,
      1915, 1896, 1895, -1,
      1915, 1895, 1916, -1,
      1916, 1895, 1901, -1,
      1916, 1901, 1917, -1,
      1917, 1901, 1900, -1,
      1917, 1900, 1909, -1,
      1909, 1900, 1899, -1,
      1909, 1899, 1910, -1,
      1910, 1899, 1894, -1,
      1910, 1894, 1918, -1,
      1918, 1894, 1893, -1,
      1918, 1893, 1919, -1,
      1919, 1893, 1892, -1,
      1919, 1892, 1920, -1,
      1920, 1892, 1891, -1,
      1920, 1891, 1921, -1,
      1921, 1891, 1890, -1,
      1921, 1890, 1922, -1,
      1922, 1890, 1889, -1,
      1922, 1889, 1923, -1,
      1923, 1889, 1888, -1,
      1923, 1888, 1883, -1,
      1883, 1888, 1882, -1,
      1924, 112, 1925, -1,
      1925, 112, 113, -1,
      115, 114, 117, -1,
      117, 114, 116, -1,
      117, 116, 119, -1,
      119, 116, 118, -1,
      113, 112, 115, -1,
      115, 112, 114, -1,
      1926, 1927, 116, -1,
      1926, 116, 1928, -1,
      1929, 1930, 114, -1,
      114, 1930, 1931, -1,
      114, 1931, 1932, -1,
      1932, 1933, 114, -1,
      114, 1933, 1934, -1,
      114, 1934, 116, -1,
      116, 1934, 1935, -1,
      116, 1935, 1928, -1,
      1927, 1936, 116, -1,
      116, 1936, 1937, -1,
      116, 1937, 1938, -1,
      1924, 1939, 112, -1,
      112, 1939, 1940, -1,
      112, 1940, 114, -1,
      114, 1940, 1941, -1,
      114, 1941, 1929, -1,
      1938, 1942, 116, -1,
      116, 1942, 1943, -1,
      116, 1943, 118, -1,
      118, 1943, 1944, -1,
      118, 1944, 1945, -1,
      1946, 119, 1945, -1,
      1945, 119, 118, -1,
      1947, 1948, 115, -1,
      117, 1949, 1950, -1,
      1950, 1951, 117, -1,
      117, 1951, 1952, -1,
      117, 1952, 1953, -1,
      1953, 1954, 117, -1,
      117, 1954, 1955, -1,
      117, 1955, 115, -1,
      115, 1955, 1956, -1,
      115, 1956, 1947, -1,
      1948, 1957, 115, -1,
      115, 1957, 1958, -1,
      115, 1958, 1959, -1,
      1946, 1960, 119, -1,
      119, 1960, 1961, -1,
      119, 1961, 117, -1,
      117, 1961, 1962, -1,
      117, 1962, 1949, -1,
      1959, 1963, 115, -1,
      115, 1963, 1964, -1,
      115, 1964, 113, -1,
      113, 1964, 1965, -1,
      113, 1965, 1925, -1,
      1946, 1945, 1960, -1,
      1960, 1945, 1944, -1,
      1960, 1944, 1961, -1,
      1961, 1944, 1943, -1,
      1961, 1943, 1962, -1,
      1962, 1943, 1942, -1,
      1962, 1942, 1949, -1,
      1949, 1942, 1938, -1,
      1949, 1938, 1950, -1,
      1950, 1938, 1937, -1,
      1950, 1937, 1951, -1,
      1951, 1937, 1936, -1,
      1951, 1936, 1952, -1,
      1952, 1936, 1927, -1,
      1952, 1927, 1953, -1,
      1953, 1927, 1926, -1,
      1953, 1926, 1954, -1,
      1954, 1926, 1928, -1,
      1954, 1928, 1955, -1,
      1955, 1928, 1935, -1,
      1955, 1935, 1956, -1,
      1956, 1935, 1934, -1,
      1956, 1934, 1947, -1,
      1947, 1934, 1933, -1,
      1947, 1933, 1948, -1,
      1948, 1933, 1932, -1,
      1948, 1932, 1957, -1,
      1957, 1932, 1931, -1,
      1957, 1931, 1958, -1,
      1958, 1931, 1930, -1,
      1958, 1930, 1959, -1,
      1959, 1930, 1929, -1,
      1959, 1929, 1963, -1,
      1963, 1929, 1941, -1,
      1963, 1941, 1964, -1,
      1964, 1941, 1940, -1,
      1964, 1940, 1965, -1,
      1965, 1940, 1939, -1,
      1965, 1939, 1925, -1,
      1925, 1939, 1924, -1,
    ]
  }
}

Shape {
  appearance Appearance {
    material Material {
      diffuseColor 0.6667 0.6667 0.6667
      specularColor 0.4667 0.4667 0.4667
      ambientIntensity 0.2
      transparency 0.0000
      shininess 0.5
    }
  }
  geometry IndexedFaceSet {
    ccw TRUE
    solid FALSE
    coord DEF co Coordinate {
      point [
        2.475276 -6.023622 0.748031,
        2.677165 -6.023622 0.748031,
        2.677165 -5.690986 0.748031,
        2.118653 -6.023622 0.748031,
        2.475276 -5.690986 0.748031,
        1.679770 -5.624113 0.748031,
        1.673042 -5.624904 0.748031,
        1.714647 -5.624904 0.748031,
        2.118653 -5.360257 0.748031,
        2.064474 -5.358850 0.748031,
        2.040679 -5.358850 0.748031,
        2.023665 -5.313222 0.748031,
        1.962450 -5.313222 0.748031,
        1.962450 -5.360257 0.748031,
        2.000935 -5.192028 0.748031,
        2.118653 -5.190620 0.748031,
        1.962450 -5.190620 0.748031,
        1.954198 -5.313222 0.748031,
        1.938164 -5.358850 0.748031,
        1.909742 -5.360257 0.748031,
        1.914369 -5.358850 0.748031,
        1.909742 -5.190620 0.748031,
        1.962450 -5.232614 0.748031,
        1.977908 -5.192028 0.748031,
        1.607547 -5.215547 0.748031,
        1.595890 -5.211111 0.748031,
        1.607547 -5.334498 0.748031,
        1.575351 -5.208659 0.748031,
        1.567468 -5.209048 0.748031,
        1.553151 -5.212115 0.748031,
        1.540172 -5.218487 0.748031,
        1.529893 -5.227166 0.748031,
        1.528749 -5.228420 0.748031,
        1.520689 -5.240017 0.748031,
        1.515106 -5.254431 0.748031,
        1.512367 -5.277315 0.748031,
        1.512641 -5.284861 0.748031,
        1.598232 -5.338680 0.748031,
        1.579360 -5.342187 0.748031,
        1.571599 -5.342475 0.748031,
        1.515524 -5.301237 0.748031,
        1.521108 -5.314503 0.748031,
        1.528742 -5.324906 0.748031,
        1.533445 -5.329404 0.748031,
        1.557012 -5.340975 0.748031,
        1.544738 -5.336776 0.748031,
        1.612811 -5.217550 0.748031,
        1.614669 -5.331302 0.748031,
        1.614669 -5.218552 0.748031,
        1.638400 -5.360257 0.748031,
        1.638400 -5.190620 0.748031,
        1.593048 -5.190620 0.748031,
        1.596982 -5.190930 0.748031,
        1.607547 -5.190620 0.748031,
        1.607547 -5.193980 0.748031,
        1.614669 -5.196036 0.748031,
        1.497228 -5.190620 0.748031,
        1.501767 -5.229574 0.748031,
        1.513859 -5.213776 0.748031,
        1.517993 -5.209831 0.748031,
        1.533612 -5.198898 0.748031,
        1.551048 -5.192137 0.748031,
        1.487228 -5.190620 0.748031,
        1.493843 -5.248104 0.748031,
        1.497228 -5.240187 0.748031,
        1.497228 -5.316447 0.748031,
        1.493046 -5.305715 0.748031,
        1.487228 -5.360257 0.748031,
        1.489765 -5.278594 0.748031,
        1.490059 -5.269883 0.748031,
        1.540317 -5.357461 0.748031,
        1.524576 -5.350033 0.748031,
        1.497228 -5.360257 0.748031,
        1.511172 -5.338893 0.748031,
        1.509783 -5.337375 0.748031,
        1.499833 -5.323130 0.748031,
        1.553885 -5.360257 0.748031,
        1.497228 -5.409169 0.748031,
        1.558393 -5.361187 0.748031,
        1.568486 -5.361665 0.748031,
        1.607547 -5.409169 0.748031,
        1.583206 -5.360257 0.748031,
        1.614669 -5.351942 0.748031,
        1.611823 -5.353359 0.748031,
        1.607547 -5.360257 0.748031,
        1.607547 -5.354762 0.748031,
        1.593912 -5.359233 0.748031,
        1.856970 -5.456675 0.748031,
        1.909742 -5.456675 0.748031,
        1.909742 -5.409169 0.748031,
        1.909742 -5.624904 0.748031,
        1.909742 -5.623496 0.748031,
        1.856970 -5.623496 0.748031,
        1.774583 -5.593902 0.748031,
        1.777141 -5.603710 0.748031,
        1.777696 -5.603710 0.748031,
        1.834454 -5.504350 0.748031,
        1.753538 -5.409169 0.748031,
        1.812791 -5.504350 0.748031,
        1.753538 -5.533363 0.748031,
        1.780254 -5.594072 0.748031,
        1.778655 -5.599627 0.748031,
        1.753538 -5.624904 0.748031,
        1.753538 -5.589450 0.748031,
        1.720084 -5.504350 0.748031,
        1.714647 -5.409169 0.748031,
        1.743453 -5.504350 0.748031,
        1.766821 -5.623241 0.748031,
        1.766118 -5.624904 0.748031,
        1.757653 -5.644904 0.748031,
        1.714647 -5.690986 0.748031,
        1.724391 -5.677910 0.748031,
        1.724391 -5.659317 0.748031,
        1.749610 -5.656821 0.748031,
        1.753502 -5.652493 0.748031,
        1.753538 -5.652427 0.748031,
        1.753538 -5.675891 0.748031,
        1.746308 -5.678645 0.748031,
        1.753538 -5.690986 0.748031,
        1.737867 -5.679616 0.748031,
        1.733254 -5.679450 0.748031,
        1.736246 -5.661706 0.748031,
        1.741506 -5.661085 0.748031,
        1.746056 -5.659311 0.748031,
        1.780382 -5.641493 0.748031,
        1.770923 -5.659915 0.748031,
        1.909742 -5.690986 0.748031,
        1.786923 -5.624904 0.748031,
        1.763277 -5.669098 0.748031,
        1.761852 -5.670403 0.748031,
        1.754554 -5.675504 0.748031,
        1.702216 -5.571386 0.748031,
        1.706117 -5.577142 0.748031,
        1.703496 -5.527207 0.748031,
        1.649027 -5.507106 0.748031,
        1.638400 -5.409169 0.748031,
        1.642259 -5.511088 0.748031,
        1.638400 -5.514557 0.748031,
        1.708346 -5.583303 0.748031,
        1.709210 -5.591088 0.748031,
        1.708216 -5.599483 0.748031,
        1.705650 -5.606105 0.748031,
        1.701755 -5.611616 0.748031,
        1.660643 -5.503124 0.748031,
        1.675265 -5.501621 0.748031,
        1.703496 -5.506909 0.748031,
        1.689924 -5.502922 0.748031,
        1.695777 -5.616844 0.748031,
        1.690800 -5.619895 0.748031,
        1.673219 -5.518593 0.748031,
        1.667033 -5.519057 0.748031,
        1.650404 -5.534627 0.748031,
        1.661444 -5.520537 0.748031,
        1.656758 -5.523028 0.748031,
        1.650595 -5.537407 0.748031,
        1.651424 -5.540652 0.748031,
        1.652929 -5.543472 0.748031,
        1.654967 -5.545715 0.748031,
        1.662334 -5.550320 0.748031,
        1.686616 -5.520076 0.748031,
        1.675265 -5.555949 0.748031,
        1.698431 -5.524326 0.748031,
        1.683356 -5.559223 0.748031,
        1.697234 -5.566941 0.748031,
        1.653606 -5.525814 0.748031,
        1.651814 -5.528474 0.748031,
        1.650782 -5.531294 0.748031,
        1.628741 -5.597740 0.748031,
        1.607547 -5.624904 0.748031,
        1.636065 -5.516657 0.748031,
        1.632182 -5.522305 0.748031,
        1.637116 -5.602898 0.748031,
        1.638400 -5.603376 0.748031,
        1.638400 -5.559049 0.748031,
        1.634797 -5.555352 0.748031,
        1.632072 -5.550997 0.748031,
        1.629768 -5.544617 0.748031,
        1.628869 -5.536504 0.748031,
        1.629694 -5.529032 0.748031,
        1.638215 -5.558928 0.748031,
        1.650227 -5.607773 0.748031,
        1.660511 -5.571130 0.748031,
        1.648056 -5.565421 0.748031,
        1.663112 -5.609254 0.748031,
        1.664035 -5.609248 0.748031,
        1.674231 -5.576876 0.748031,
        1.674746 -5.608048 0.748031,
        1.687760 -5.593134 0.748031,
        1.687556 -5.590535 0.748031,
        1.680138 -5.606074 0.748031,
        1.682043 -5.604918 0.748031,
        1.684441 -5.602790 0.748031,
        1.686265 -5.600092 0.748031,
        1.687327 -5.597120 0.748031,
        1.686606 -5.587272 0.748031,
        1.684991 -5.584502 0.748031,
        1.682387 -5.581791 0.748031,
        1.649062 -5.624904 0.748031,
        1.641482 -5.624015 0.748031,
        1.638400 -5.624904 0.748031,
        1.638400 -5.622879 0.748031,
        1.628741 -5.619318 0.748031,
        1.661065 -5.626311 0.748031,
        1.638400 -5.690986 0.748031,
        1.728666 -5.660718 0.748031,
        1.513426 -5.566370 0.748031,
        1.516333 -5.533007 0.748031,
        1.509163 -5.572292 0.748031,
        1.506206 -5.579596 0.748031,
        1.579530 -5.623496 0.748031,
        1.579530 -5.605075 0.748031,
        1.578976 -5.605075 0.748031,
        1.497228 -5.624904 0.748031,
        1.508269 -5.608184 0.748031,
        1.505733 -5.601127 0.748031,
        1.573499 -5.612793 0.748031,
        1.566602 -5.619104 0.748031,
        1.562653 -5.621571 0.748031,
        1.519969 -5.560862 0.748031,
        1.529122 -5.556336 0.748031,
        1.528629 -5.524967 0.748031,
        1.544222 -5.552708 0.748031,
        1.562473 -5.519335 0.748031,
        1.555394 -5.518593 0.748031,
        1.541660 -5.520177 0.748031,
        1.497228 -5.690986 0.748031,
        1.530355 -5.624904 0.748031,
        1.529973 -5.624859 0.748031,
        1.521962 -5.621839 0.748031,
        1.570302 -5.502830 0.748031,
        1.579022 -5.505548 0.748031,
        1.514925 -5.616930 0.748031,
        1.512618 -5.614594 0.748031,
        1.585918 -5.509567 0.748031,
        1.591450 -5.514956 0.748031,
        1.595688 -5.521792 0.748031,
        1.516333 -5.512708 0.748031,
        1.520681 -5.510191 0.748031,
        1.536225 -5.504178 0.748031,
        1.557356 -5.501621 0.748031,
        1.579530 -5.547761 0.748031,
        1.578804 -5.538522 0.748031,
        1.576643 -5.531082 0.748031,
        1.574188 -5.526779 0.748031,
        1.504691 -5.591599 0.748031,
        1.504780 -5.588486 0.748031,
        1.598915 -5.531459 0.748031,
        1.600426 -5.546823 0.748031,
        1.600426 -5.623496 0.748031,
        1.571029 -5.523419 0.748031,
        1.567319 -5.521028 0.748031,
        1.607547 -5.690986 0.748031,
        1.553831 -5.624904 0.748031,
        1.542473 -5.626311 0.748031,
        1.182063 -5.322135 0.748031,
        1.214228 -5.349350 0.748031,
        1.326657 -5.190620 0.748031,
        1.326657 -5.360257 0.748031,
        1.030521 -5.176800 0.748031,
        1.050451 -5.190620 0.748031,
        1.076873 -5.208944 0.748031,
        1.117859 -5.256972 0.748031,
        1.140922 -5.302645 0.748031,
        1.146769 -5.304612 0.748031,
        0.806910 -5.173148 0.748031,
        0.861930 -5.153286 0.748031,
        -2.677165 2.283465 0.748031,
        1.326657 2.283465 0.748031,
        0.915565 -5.147268 0.748031,
        0.971656 -5.154044 0.748031,
        0.778035 -5.190620 0.748031,
        -2.677165 -5.190620 0.748031,
        0.773235 -5.193526 0.748031,
        0.647053 -5.249111 0.748031,
        0.693767 -5.243341 0.748031,
        0.745362 -5.217396 0.748031,
        0.707407 -5.244082 0.748031,
        0.721047 -5.245713 0.748031,
        0.557367 -5.300273 0.748031,
        0.565387 -5.292683 0.748031,
        0.603115 -5.266166 0.748031,
        -2.677165 -5.360257 0.748031,
        -2.677165 -5.409169 0.748031,
        0.504624 -5.409169 0.748031,
        0.509929 -5.379504 0.748031,
        0.518463 -5.360257 0.748031,
        0.528863 -5.336807 0.748031,
        0.631359 -5.617227 0.748031,
        0.588487 -5.596356 0.748031,
        -2.677165 -5.624904 0.748031,
        0.551436 -5.564771 0.748031,
        0.524338 -5.526076 0.748031,
        0.507352 -5.481917 0.748031,
        0.501620 -5.435487 0.748031,
        0.501957 -5.424080 0.748031,
        0.646323 -5.621703 0.748031,
        0.647819 -5.624904 0.748031,
        0.658219 -5.647153 0.748031,
        0.675859 -5.668921 0.748031,
        1.326657 -5.690986 0.748031,
        0.808109 -5.690986 0.748031,
        1.326657 -6.023622 0.748031,
        0.787709 -5.698822 0.748031,
        0.759002 -5.702357 0.748031,
        0.754431 -5.702272 0.748031,
        -2.677165 -6.023622 0.748031,
        0.726427 -5.697906 0.748031,
        -2.677165 -5.690986 0.748031,
        0.709958 -5.690986 0.748031,
        0.699061 -5.686409 0.748031,
        1.326657 -5.624904 0.748031,
        0.870142 -5.624904 0.748031,
        0.870035 -5.625356 0.748031,
        0.856006 -5.651793 0.748031,
        0.837787 -5.672222 0.748031,
        0.814163 -5.688661 0.748031,
        1.252924 -5.419322 0.748031,
        1.258344 -5.458023 0.748031,
        1.326657 -5.409169 0.748031,
        1.021589 -5.554932 0.748031,
        1.029727 -5.551717 0.748031,
        1.043663 -5.484117 0.748031,
        1.214459 -5.570701 0.748031,
        1.182179 -5.598026 0.748031,
        0.847958 -5.504280 0.748031,
        1.006894 -5.421254 0.748031,
        0.827231 -5.485408 0.748031,
        0.802063 -5.471918 0.748031,
        1.014295 -5.560102 0.748031,
        1.237994 -5.537920 0.748031,
        1.184228 -5.448822 0.748031,
        1.178658 -5.426041 0.748031,
        1.169565 -5.409169 0.748031,
        0.579293 -5.409169 0.748031,
        1.252898 -5.500372 0.748031,
        1.038919 -5.550538 0.748031,
        1.040072 -5.550621 0.748031,
        1.043631 -5.551409 0.748031,
        0.586261 -5.480409 0.748031,
        0.600400 -5.504472 0.748031,
        0.660624 -5.516729 0.748031,
        0.621666 -5.526318 0.748031,
        0.647509 -5.542235 0.748031,
        0.704487 -5.477462 0.748031,
        0.680235 -5.494309 0.748031,
        0.576344 -5.433115 0.748031,
        0.577760 -5.451379 0.748031,
        0.730687 -5.467442 0.748031,
        0.759002 -5.463954 0.748031,
        0.773433 -5.464809 0.748031,
        1.002150 -5.587307 0.748031,
        1.002451 -5.582626 0.748031,
        0.877610 -5.571887 0.748031,
        1.004833 -5.573598 0.748031,
        1.009394 -5.565506 0.748031,
        1.160734 -5.521942 0.748031,
        1.173784 -5.503442 0.748031,
        1.181959 -5.482304 0.748031,
        1.184807 -5.459209 0.748031,
        1.029865 -5.622998 0.748031,
        1.022019 -5.619910 0.748031,
        1.014326 -5.614441 0.748031,
        1.011569 -5.611635 0.748031,
        1.006399 -5.604184 0.748031,
        1.003275 -5.596141 0.748031,
        0.876970 -5.596074 0.748031,
        0.877610 -5.583748 0.748031,
        1.145989 -5.615733 0.748031,
        1.106525 -5.624075 0.748031,
        1.036546 -5.624075 0.748031,
        1.046035 -5.551724 0.748031,
        1.099409 -5.551724 0.748031,
        1.120691 -5.547648 0.748031,
        1.141620 -5.537953 0.748031,
        1.159159 -5.523633 0.748031,
        1.082804 -5.366694 0.748031,
        0.590040 -5.377954 0.748031,
        0.579880 -5.404408 0.748031,
        1.092292 -5.366694 0.748031,
        1.167629 -5.405576 0.748031,
        1.153946 -5.390296 0.748031,
        1.135551 -5.377450 0.748031,
        1.114850 -5.369477 0.748031,
        1.057250 -5.295460 0.748031,
        1.030500 -5.263496 0.748031,
        0.757816 -5.332298 0.748031,
        1.027483 -5.260749 0.748031,
        0.994158 -5.237624 0.748031,
        0.775930 -5.294788 0.748031,
        0.602355 -5.360257 0.748031,
        0.749336 -5.327662 0.748031,
        1.081389 -5.360257 0.748031,
        1.075548 -5.333678 0.748031,
        0.722740 -5.317946 0.748031,
        0.694953 -5.314506 0.748031,
        0.682627 -5.315146 0.748031,
        0.802530 -5.263005 0.748031,
        0.956963 -5.223375 0.748031,
        0.834348 -5.239757 0.748031,
        0.916751 -5.218433 0.748031,
        0.873096 -5.224055 0.748031,
        0.653346 -5.322082 0.748031,
        0.626909 -5.336111 0.748031,
        0.606480 -5.354330 0.748031,
        1.222051 -5.360257 0.748031,
        1.238431 -5.383096 0.748031,
        1.248862 -5.409169 0.748031,
        1.946693 -5.623496 0.748031,
        1.962450 -5.624904 0.748031,
        1.946693 -5.604478 0.748031,
        1.962450 -5.409169 0.748031,
        1.942897 -5.456675 0.748031,
        1.942897 -5.475864 0.748031,
        1.878505 -5.548359 0.748031,
        1.878505 -5.604478 0.748031,
        1.909742 -5.548359 0.748031,
        1.909742 -5.604478 0.748031,
        1.938164 -5.548359 0.748031,
        1.938164 -5.529254 0.748031,
        1.878505 -5.475864 0.748031,
        1.878505 -5.529254 0.748031,
        1.909742 -5.475864 0.748031,
        1.909742 -5.529254 0.748031,
        1.714647 -5.190620 0.748031,
        1.714647 -5.192028 0.748031,
        1.733986 -5.192028 0.748031,
        1.753538 -5.190620 0.748031,
        1.733986 -5.211218 0.748031,
        1.753538 -5.360257 0.748031,
        1.729252 -5.283712 0.748031,
        1.729252 -5.264607 0.748031,
        1.714647 -5.264607 0.748031,
        1.714647 -5.211218 0.748031,
        1.669594 -5.264607 0.748031,
        1.669594 -5.211218 0.748031,
        1.669594 -5.283712 0.748031,
        1.669594 -5.339831 0.748031,
        1.714647 -5.283712 0.748031,
        1.714647 -5.339831 0.748031,
        1.737781 -5.339831 0.748031,
        1.737781 -5.358850 0.748031,
        1.714647 -5.360257 0.748031,
        1.714647 -5.358850 0.748031,
        1.648059 -5.358850 0.748031,
        1.648059 -5.192028 0.748031,
        1.962450 -6.023622 0.748031,
        1.962450 -5.690986 0.748031,
        1.909742 -6.023622 0.748031,
        1.753538 -6.023622 0.748031,
        1.714647 -6.023622 0.748031,
        1.638400 -6.023622 0.748031,
        1.607547 -6.023622 0.748031,
        1.497228 -6.023622 0.748031,
        1.554369 -5.624837 0.748031,
        2.118653 -5.690986 0.748031,
        2.475276 -5.624904 0.748031,
        2.118653 -5.624904 0.748031,
        1.394969 -5.456675 0.748031,
        1.394969 -5.623496 0.748031,
        1.487228 -5.624904 0.748031,
        1.487228 -5.690986 0.748031,
        1.487228 -6.023622 0.748031,
        1.480896 -5.456675 0.748031,
        1.487228 -5.409169 0.748031,
        1.480896 -5.475864 0.748031,
        1.416504 -5.548359 0.748031,
        1.416504 -5.604478 0.748031,
        1.476162 -5.548359 0.748031,
        1.484691 -5.604478 0.748031,
        1.476162 -5.529254 0.748031,
        1.416504 -5.475864 0.748031,
        1.416504 -5.529254 0.748031,
        1.484691 -5.623496 0.748031,
        2.024091 -5.623496 0.748031,
        1.978206 -5.623496 0.748031,
        2.109480 -5.568120 0.748031,
        2.101263 -5.585373 0.748031,
        2.088867 -5.600128 0.748031,
        2.071404 -5.612641 0.748031,
        2.052379 -5.620059 0.748031,
        1.978206 -5.456675 0.748031,
        2.025796 -5.456675 0.748031,
        2.118653 -5.409169 0.748031,
        2.051270 -5.459488 0.748031,
        2.071403 -5.466843 0.748031,
        2.088867 -5.478764 0.748031,
        2.094768 -5.484539 0.748031,
        2.105091 -5.499089 0.748031,
        2.111256 -5.515004 0.748031,
        2.114026 -5.537953 0.748031,
        2.113524 -5.548590 0.748031,
        2.147075 -5.623496 0.748031,
        2.123280 -5.623496 0.748031,
        2.249591 -5.623496 0.748031,
        2.232576 -5.577868 0.748031,
        2.163109 -5.577868 0.748031,
        2.186819 -5.456675 0.748031,
        2.209846 -5.456675 0.748031,
        1.416504 -5.192028 0.748031,
        1.416504 -5.339831 0.748031,
        1.482943 -5.339831 0.748031,
        1.482943 -5.358850 0.748031,
        1.394969 -5.358850 0.748031,
        1.394969 -5.192028 0.748031,
        1.900569 -5.303473 0.748031,
        1.892352 -5.320726 0.748031,
        1.879955 -5.335481 0.748031,
        1.862493 -5.347994 0.748031,
        1.816885 -5.192028 0.748031,
        1.842358 -5.194841 0.748031,
        1.862491 -5.202196 0.748031,
        1.843468 -5.355413 0.748031,
        1.815180 -5.358850 0.748031,
        1.769295 -5.358850 0.748031,
        1.769295 -5.192028 0.748031,
        1.879955 -5.214117 0.748031,
        1.885857 -5.219892 0.748031,
        1.896179 -5.234442 0.748031,
        1.902345 -5.250358 0.748031,
        1.905115 -5.273307 0.748031,
        1.904613 -5.283944 0.748031,
        2.273386 -5.623496 0.748031,
        2.475276 -5.409169 0.748031,
        2.475276 -5.360257 0.748031,
        2.475276 -5.190620 0.748031,
        2.677165 -5.624904 0.748031,
        2.677165 -5.409169 0.748031,
        2.677165 -5.360257 0.748031,
        2.677165 -5.190620 0.748031,
        1.563543 -5.190620 0.748031,
        1.497228 2.283465 0.748031,
        1.487228 2.283465 0.748031,
        2.677165 2.283465 0.748031,
        2.475276 2.283465 0.748031,
        2.118653 2.283465 0.748031,
        1.962450 2.283465 0.748031,
        1.909742 2.283465 0.748031,
        1.753538 2.283465 0.748031,
        1.714647 2.283465 0.748031,
        1.638400 2.283465 0.748031,
        1.607547 2.283465 0.748031,
        1.575138 -5.189213 0.748031,
        -2.755906 -6.023622 0.669291,
        -2.755906 2.283465 0.669291,
        -2.755906 -6.023622 -0.000000,
        -2.755906 2.283465 0.000000,
        2.677165 -6.102362 0.669291,
        -2.677165 -6.102362 0.669291,
        2.677165 -6.102362 -0.000000,
        -2.677165 -6.102362 -0.000000,
        2.755906 -6.023622 -0.000000,
        2.755906 2.283465 0.000000,
        2.755906 -6.023622 0.669291,
        2.755906 2.283465 0.669291,
        2.677165 2.362205 0.000000,
        -2.677165 2.362205 0.000000,
        2.677165 2.362205 0.669291,
        -2.677165 2.362205 0.669291,
        -2.694687 2.360231 0.000000,
        -2.697545 -6.099679 -0.000000,
        -2.716535 -6.091813 -0.000000,
        2.697545 2.359522 0.000000,
        2.738727 -6.072716 -0.000000,
        2.726259 -6.085184 -0.000000,
        2.711329 -6.094564 -0.000000,
        -2.732843 -6.079300 -0.000000,
        -2.745356 -6.062992 -0.000000,
        -2.753222 -6.044002 -0.000000,
        -2.711329 2.354407 0.000000,
        -2.753931 2.300986 0.000000,
        -2.726259 2.345026 0.000000,
        -2.748108 2.317629 0.000000,
        -2.738727 2.332558 0.000000,
        2.753931 -6.041143 -0.000000,
        2.748108 -6.057786 -0.000000,
        2.694687 -6.100388 -0.000000,
        2.716535 2.351656 0.000000,
        2.732843 2.339142 0.000000,
        2.753222 2.303844 0.000000,
        2.745356 2.322835 0.000000,
        2.697545 -6.099679 0.669291,
        2.694644 -6.100061 0.669291,
        2.716535 -6.091813 0.669291,
        2.711119 -6.094057 0.669291,
        2.732843 -6.079300 0.669291,
        2.725857 -6.084660 0.669291,
        2.745356 -6.062992 0.669291,
        2.738204 -6.072314 0.669291,
        2.753604 -6.041101 0.669291,
        2.753222 -6.044002 0.669291,
        2.747600 -6.057576 0.669291,
        2.677165 -6.099679 0.689671,
        -2.677165 -6.099679 0.689671,
        2.677165 -6.091813 0.708661,
        -2.677165 -6.091813 0.708661,
        2.677165 -6.079300 0.724969,
        -2.677165 -6.079300 0.724969,
        2.677165 -6.062992 0.737482,
        -2.677165 -6.062992 0.737482,
        2.677165 -6.044002 0.745348,
        -2.677165 -6.044002 0.745348,
        -2.753222 -6.044002 0.669291,
        -2.745356 -6.062992 0.669291,
        -2.732843 -6.079300 0.669291,
        -2.716535 -6.091813 0.669291,
        -2.697545 -6.099679 0.669291,
        2.696850 -6.097088 0.689671,
        2.715194 -6.089489 0.689671,
        2.730946 -6.077403 0.689671,
        2.743033 -6.061650 0.689671,
        2.750631 -6.043307 0.689671,
        2.753222 -6.023622 0.689671,
        2.743033 -6.041271 0.708661,
        2.745356 -6.023622 0.708661,
        2.730946 -6.038033 0.724969,
        2.732843 -6.023622 0.724969,
        2.715194 -6.033812 0.737482,
        2.716535 -6.023622 0.737482,
        2.696850 -6.028896 0.745348,
        2.697545 -6.023622 0.745348,
        2.736220 -6.057717 0.708661,
        2.725383 -6.051461 0.724969,
        2.711261 -6.043307 0.737482,
        2.694815 -6.033812 0.745348,
        2.725383 -6.071841 0.708661,
        2.716535 -6.062992 0.724969,
        2.705004 -6.051461 0.737482,
        2.691576 -6.038033 0.745348,
        2.711261 -6.082677 0.708661,
        2.705004 -6.071841 0.724969,
        2.696850 -6.057717 0.737482,
        2.687355 -6.041271 0.745348,
        2.694815 -6.089489 0.708661,
        2.691576 -6.077403 0.724969,
        2.687355 -6.061650 0.737482,
        2.682440 -6.043307 0.745348,
        -2.696850 -6.097088 0.689671,
        -2.696850 -6.057717 0.737482,
        -2.687355 -6.041271 0.745348,
        -2.691576 -6.038033 0.745348,
        -2.697545 -6.023622 0.745348,
        -2.696850 -6.028896 0.745348,
        -2.682440 -6.043307 0.745348,
        -2.687355 -6.061650 0.737482,
        -2.691576 -6.077403 0.724969,
        -2.705004 -6.051461 0.737482,
        -2.694815 -6.033812 0.745348,
        -2.711261 -6.043307 0.737482,
        -2.715194 -6.033812 0.737482,
        -2.716535 -6.023622 0.737482,
        -2.705004 -6.071841 0.724969,
        -2.716535 -6.062992 0.724969,
        -2.725383 -6.051461 0.724969,
        -2.730946 -6.038033 0.724969,
        -2.732843 -6.023622 0.724969,
        -2.694815 -6.089489 0.708661,
        -2.711261 -6.082677 0.708661,
        -2.725383 -6.071841 0.708661,
        -2.736220 -6.057717 0.708661,
        -2.743033 -6.041271 0.708661,
        -2.745356 -6.023622 0.708661,
        -2.715194 -6.089489 0.689671,
        -2.730946 -6.077403 0.689671,
        -2.743033 -6.061650 0.689671,
        -2.750631 -6.043307 0.689671,
        -2.753222 -6.023622 0.689671,
        2.753222 2.303844 0.669291,
        2.745356 2.322835 0.669291,
        2.732843 2.339142 0.669291,
        2.716535 2.351656 0.669291,
        2.697545 2.359522 0.669291,
        2.753222 2.283465 0.689671,
        2.745356 2.283465 0.708661,
        2.732843 2.283465 0.724969,
        2.716535 2.283465 0.737482,
        2.697545 2.283465 0.745348,
        -2.753222 2.283465 0.689671,
        -2.745356 2.283465 0.708661,
        -2.732843 2.283465 0.724969,
        -2.716535 2.283465 0.737482,
        -2.697545 2.283465 0.745348,
        -2.697545 2.359522 0.669291,
        -2.694644 2.359904 0.669291,
        -2.716535 2.351656 0.669291,
        -2.711119 2.353899 0.669291,
        -2.732843 2.339142 0.669291,
        -2.725857 2.344503 0.669291,
        -2.745356 2.322835 0.669291,
        -2.738204 2.332157 0.669291,
        -2.753604 2.300943 0.669291,
        -2.753222 2.303844 0.669291,
        -2.747600 2.317418 0.669291,
        2.677165 2.359522 0.689671,
        2.696850 2.356930 0.689671,
        2.696850 2.317560 0.737482,
        2.687355 2.301114 0.745348,
        2.691576 2.297875 0.745348,
        2.696850 2.288739 0.745348,
        2.682440 2.303150 0.745348,
        2.687355 2.321493 0.737482,
        2.691576 2.337245 0.724969,
        2.677165 2.303844 0.745348,
        2.705004 2.311303 0.737482,
        2.694815 2.293654 0.745348,
        2.711261 2.303150 0.737482,
        2.715194 2.293654 0.737482,
        2.677165 2.322835 0.737482,
        2.677165 2.339142 0.724969,
        2.677165 2.351656 0.708661,
        2.705004 2.331683 0.724969,
        2.716535 2.322835 0.724969,
        2.725383 2.311303 0.724969,
        2.730946 2.297875 0.724969,
        2.694815 2.349332 0.708661,
        2.711261 2.342520 0.708661,
        2.725383 2.331683 0.708661,
        2.736220 2.317560 0.708661,
        2.743033 2.301114 0.708661,
        2.715194 2.349332 0.689671,
        2.730946 2.337245 0.689671,
        2.743033 2.321493 0.689671,
        2.750631 2.303150 0.689671,
        -2.696850 2.356930 0.689671,
        -2.715194 2.349332 0.689671,
        -2.730946 2.337245 0.689671,
        -2.743033 2.321493 0.689671,
        -2.750631 2.303150 0.689671,
        -2.743033 2.301114 0.708661,
        -2.730946 2.297875 0.724969,
        -2.715194 2.293654 0.737482,
        -2.696850 2.288739 0.745348,
        -2.736220 2.317560 0.708661,
        -2.725383 2.311303 0.724969,
        -2.711261 2.303150 0.737482,
        -2.694815 2.293654 0.745348,
        -2.725383 2.331683 0.708661,
        -2.716535 2.322835 0.724969,
        -2.705004 2.311303 0.737482,
        -2.691576 2.297875 0.745348,
        -2.711261 2.342520 0.708661,
        -2.705004 2.331683 0.724969,
        -2.696850 2.317560 0.737482,
        -2.687355 2.301114 0.745348,
        -2.694815 2.349332 0.708661,
        -2.691576 2.337245 0.724969,
        -2.687355 2.321493 0.737482,
        -2.682440 2.303150 0.745348,
        -2.677165 2.359522 0.689671,
        -2.677165 2.351656 0.708661,
        -2.677165 2.339142 0.724969,
        -2.677165 2.322835 0.737482,
        -2.677165 2.303844 0.745348,
      ]
    }
    coordIndex [
      0, 1, 2, -1,
      3, 0, 4, -1,
      5, 6, 7, -1,
      8, 9, 10, -1,
      11, 12, 10, -1,
      10, 12, 13, -1,
      10, 13, 8, -1,
      9, 8, 14, -1,
      14, 8, 15, -1,
      14, 15, 16, -1,
      12, 17, 13, -1,
      13, 17, 18, -1,
      13, 18, 19, -1,
      19, 18, 20, -1,
      19, 20, 21, -1,
      21, 20, 22, -1,
      21, 22, 16, -1,
      16, 22, 23, -1,
      16, 23, 14, -1,
      24, 25, 26, -1,
      26, 25, 27, -1,
      26, 27, 28, -1,
      28, 29, 26, -1,
      26, 29, 30, -1,
      26, 30, 31, -1,
      31, 32, 26, -1,
      26, 32, 33, -1,
      26, 33, 34, -1,
      34, 35, 26, -1,
      26, 35, 36, -1,
      26, 36, 37, -1,
      37, 36, 38, -1,
      38, 36, 39, -1,
      39, 36, 40, -1,
      39, 40, 41, -1,
      41, 42, 39, -1,
      39, 42, 43, -1,
      39, 43, 44, -1,
      44, 43, 45, -1,
      24, 26, 46, -1,
      46, 26, 47, -1,
      46, 47, 48, -1,
      48, 47, 49, -1,
      48, 49, 50, -1,
      51, 52, 53, -1,
      53, 52, 54, -1,
      53, 54, 50, -1,
      50, 54, 55, -1,
      50, 55, 48, -1,
      56, 57, 58, -1,
      58, 59, 56, -1,
      56, 59, 60, -1,
      56, 60, 61, -1,
      62, 63, 56, -1,
      56, 63, 64, -1,
      56, 64, 57, -1,
      65, 66, 67, -1,
      67, 66, 68, -1,
      67, 68, 62, -1,
      62, 68, 69, -1,
      62, 69, 63, -1,
      70, 71, 72, -1,
      72, 71, 73, -1,
      73, 74, 72, -1,
      72, 74, 75, -1,
      72, 75, 65, -1,
      70, 72, 76, -1,
      76, 72, 77, -1,
      76, 77, 78, -1,
      78, 77, 79, -1,
      79, 77, 80, -1,
      79, 80, 81, -1,
      47, 82, 49, -1,
      49, 82, 83, -1,
      49, 83, 84, -1,
      84, 83, 85, -1,
      84, 85, 86, -1,
      87, 88, 89, -1,
      90, 91, 92, -1,
      93, 94, 95, -1,
      96, 97, 98, -1,
      98, 97, 99, -1,
      98, 99, 100, -1,
      100, 99, 93, -1,
      100, 93, 101, -1,
      101, 93, 95, -1,
      102, 103, 7, -1,
      7, 103, 104, -1,
      7, 104, 105, -1,
      105, 104, 97, -1,
      97, 104, 106, -1,
      97, 106, 99, -1,
      107, 103, 108, -1,
      108, 103, 102, -1,
      108, 102, 109, -1,
      110, 111, 112, -1,
      113, 114, 102, -1,
      102, 114, 115, -1,
      102, 115, 109, -1,
      116, 117, 118, -1,
      118, 117, 119, -1,
      118, 119, 110, -1,
      110, 119, 120, -1,
      110, 120, 111, -1,
      121, 122, 102, -1,
      102, 122, 123, -1,
      102, 123, 113, -1,
      124, 125, 126, -1,
      124, 126, 127, -1,
      125, 128, 126, -1,
      126, 128, 129, -1,
      126, 129, 118, -1,
      118, 129, 130, -1,
      118, 130, 116, -1,
      131, 132, 133, -1,
      134, 135, 136, -1,
      136, 135, 137, -1,
      138, 139, 7, -1,
      139, 140, 7, -1,
      7, 140, 141, -1,
      7, 141, 142, -1,
      134, 143, 135, -1,
      135, 143, 144, -1,
      135, 144, 105, -1,
      132, 138, 133, -1,
      133, 138, 7, -1,
      133, 7, 145, -1,
      145, 7, 105, -1,
      145, 105, 146, -1,
      146, 105, 144, -1,
      142, 147, 7, -1,
      7, 147, 148, -1,
      7, 148, 5, -1,
      149, 150, 151, -1,
      151, 150, 152, -1,
      151, 152, 153, -1,
      151, 154, 149, -1,
      149, 154, 155, -1,
      149, 155, 156, -1,
      156, 157, 149, -1,
      149, 157, 158, -1,
      149, 158, 159, -1,
      159, 158, 160, -1,
      159, 160, 161, -1,
      161, 160, 162, -1,
      161, 162, 133, -1,
      133, 162, 163, -1,
      133, 163, 131, -1,
      164, 165, 153, -1,
      153, 165, 166, -1,
      153, 166, 151, -1,
      167, 80, 168, -1,
      137, 135, 169, -1,
      169, 135, 80, -1,
      169, 80, 170, -1,
      171, 172, 173, -1,
      174, 175, 167, -1,
      175, 176, 167, -1,
      167, 176, 177, -1,
      167, 177, 80, -1,
      80, 177, 178, -1,
      80, 178, 170, -1,
      171, 173, 167, -1,
      167, 173, 179, -1,
      167, 179, 174, -1,
      180, 181, 172, -1,
      172, 181, 182, -1,
      172, 182, 173, -1,
      180, 183, 181, -1,
      181, 183, 184, -1,
      181, 184, 185, -1,
      185, 184, 186, -1,
      185, 187, 188, -1,
      186, 189, 185, -1,
      185, 189, 190, -1,
      185, 190, 191, -1,
      191, 192, 185, -1,
      185, 192, 193, -1,
      185, 193, 187, -1,
      188, 194, 185, -1,
      185, 194, 195, -1,
      185, 195, 196, -1,
      197, 198, 199, -1,
      199, 198, 200, -1,
      199, 200, 168, -1,
      168, 200, 201, -1,
      168, 201, 167, -1,
      202, 203, 6, -1,
      6, 203, 110, -1,
      6, 110, 7, -1,
      7, 110, 112, -1,
      7, 112, 102, -1,
      102, 112, 204, -1,
      102, 204, 121, -1,
      205, 206, 207, -1,
      207, 206, 208, -1,
      209, 210, 211, -1,
      212, 213, 214, -1,
      211, 215, 209, -1,
      209, 215, 216, -1,
      209, 216, 217, -1,
      205, 218, 206, -1,
      206, 218, 219, -1,
      206, 219, 220, -1,
      220, 219, 221, -1,
      222, 223, 221, -1,
      221, 223, 224, -1,
      221, 224, 220, -1,
      225, 226, 212, -1,
      212, 226, 227, -1,
      212, 227, 228, -1,
      229, 230, 80, -1,
      228, 231, 212, -1,
      212, 231, 232, -1,
      212, 232, 213, -1,
      230, 233, 80, -1,
      80, 233, 234, -1,
      80, 234, 235, -1,
      236, 237, 77, -1,
      77, 237, 238, -1,
      77, 238, 80, -1,
      80, 238, 239, -1,
      80, 239, 229, -1,
      240, 241, 221, -1,
      221, 241, 242, -1,
      221, 242, 243, -1,
      214, 244, 212, -1,
      212, 244, 245, -1,
      212, 245, 77, -1,
      77, 245, 208, -1,
      77, 208, 236, -1,
      236, 208, 206, -1,
      235, 246, 80, -1,
      80, 246, 247, -1,
      80, 247, 168, -1,
      168, 247, 248, -1,
      168, 248, 209, -1,
      243, 249, 221, -1,
      221, 249, 250, -1,
      221, 250, 222, -1,
      251, 252, 225, -1,
      225, 252, 253, -1,
      225, 253, 226, -1,
      254, 255, 256, -1,
      256, 255, 257, -1,
      258, 259, 256, -1,
      256, 259, 260, -1,
      256, 260, 261, -1,
      261, 262, 256, -1,
      256, 262, 263, -1,
      256, 263, 254, -1,
      264, 265, 266, -1,
      266, 265, 267, -1,
      267, 265, 268, -1,
      267, 268, 269, -1,
      264, 266, 270, -1,
      270, 266, 271, -1,
      270, 271, 272, -1,
      271, 273, 272, -1,
      272, 273, 274, -1,
      272, 274, 275, -1,
      275, 274, 276, -1,
      275, 276, 277, -1,
      278, 279, 271, -1,
      271, 279, 280, -1,
      271, 280, 273, -1,
      281, 282, 283, -1,
      283, 284, 281, -1,
      281, 284, 285, -1,
      281, 285, 271, -1,
      271, 285, 286, -1,
      271, 286, 278, -1,
      287, 288, 289, -1,
      289, 288, 290, -1,
      289, 290, 291, -1,
      291, 292, 289, -1,
      289, 292, 293, -1,
      289, 293, 282, -1,
      282, 293, 294, -1,
      282, 294, 283, -1,
      295, 287, 296, -1,
      296, 287, 289, -1,
      296, 289, 297, -1,
      297, 289, 298, -1,
      299, 300, 301, -1,
      301, 300, 302, -1,
      302, 303, 301, -1,
      301, 303, 304, -1,
      301, 304, 305, -1,
      305, 304, 306, -1,
      305, 306, 307, -1,
      307, 306, 308, -1,
      307, 308, 289, -1,
      289, 308, 309, -1,
      289, 309, 298, -1,
      310, 311, 299, -1,
      299, 311, 312, -1,
      299, 312, 313, -1,
      313, 314, 299, -1,
      299, 314, 315, -1,
      299, 315, 300, -1,
      316, 317, 318, -1,
      319, 320, 321, -1,
      322, 323, 310, -1,
      324, 325, 326, -1,
      326, 325, 327, -1,
      319, 321, 328, -1,
      322, 310, 329, -1,
      330, 331, 325, -1,
      325, 331, 332, -1,
      325, 332, 333, -1,
      318, 317, 310, -1,
      310, 317, 334, -1,
      310, 334, 329, -1,
      320, 335, 321, -1,
      321, 335, 336, -1,
      321, 336, 337, -1,
      338, 339, 340, -1,
      340, 339, 341, -1,
      340, 341, 342, -1,
      343, 333, 344, -1,
      344, 333, 345, -1,
      344, 345, 340, -1,
      340, 345, 346, -1,
      340, 346, 338, -1,
      343, 347, 333, -1,
      333, 347, 348, -1,
      333, 348, 325, -1,
      325, 348, 349, -1,
      325, 349, 327, -1,
      350, 351, 352, -1,
      352, 351, 353, -1,
      352, 353, 321, -1,
      321, 353, 354, -1,
      321, 354, 328, -1,
      355, 356, 321, -1,
      321, 356, 357, -1,
      321, 357, 325, -1,
      325, 357, 358, -1,
      325, 358, 330, -1,
      359, 360, 311, -1,
      311, 360, 361, -1,
      311, 361, 362, -1,
      362, 363, 311, -1,
      311, 363, 364, -1,
      311, 364, 365, -1,
      365, 364, 350, -1,
      365, 350, 366, -1,
      366, 350, 352, -1,
      323, 367, 310, -1,
      310, 367, 368, -1,
      310, 368, 311, -1,
      311, 368, 369, -1,
      311, 369, 359, -1,
      337, 370, 321, -1,
      321, 370, 371, -1,
      321, 371, 372, -1,
      372, 373, 321, -1,
      321, 373, 374, -1,
      321, 374, 355, -1,
      375, 376, 377, -1,
      377, 333, 375, -1,
      375, 333, 332, -1,
      375, 332, 378, -1,
      378, 332, 379, -1,
      379, 380, 378, -1,
      378, 380, 381, -1,
      378, 381, 382, -1,
      383, 384, 385, -1,
      384, 386, 385, -1,
      385, 386, 387, -1,
      385, 387, 388, -1,
      389, 385, 390, -1,
      376, 375, 389, -1,
      389, 375, 391, -1,
      389, 391, 385, -1,
      385, 391, 392, -1,
      385, 392, 383, -1,
      390, 393, 389, -1,
      389, 393, 394, -1,
      389, 394, 395, -1,
      388, 387, 396, -1,
      396, 387, 397, -1,
      396, 397, 398, -1,
      398, 397, 399, -1,
      398, 399, 400, -1,
      401, 402, 395, -1,
      395, 402, 403, -1,
      395, 403, 389, -1,
      255, 404, 257, -1,
      257, 404, 405, -1,
      257, 405, 318, -1,
      318, 405, 406, -1,
      318, 406, 316, -1,
      91, 90, 407, -1,
      407, 90, 408, -1,
      407, 408, 409, -1,
      89, 88, 410, -1,
      410, 88, 411, -1,
      410, 411, 412, -1,
      413, 414, 415, -1,
      415, 414, 416, -1,
      415, 416, 417, -1,
      417, 416, 409, -1,
      417, 409, 418, -1,
      419, 420, 421, -1,
      421, 420, 422, -1,
      421, 422, 412, -1,
      423, 424, 425, -1,
      423, 425, 426, -1,
      426, 425, 427, -1,
      426, 427, 428, -1,
      429, 428, 430, -1,
      430, 428, 427, -1,
      430, 427, 431, -1,
      431, 427, 432, -1,
      431, 432, 433, -1,
      433, 432, 434, -1,
      435, 436, 437, -1,
      437, 436, 438, -1,
      437, 438, 429, -1,
      429, 438, 439, -1,
      429, 439, 428, -1,
      428, 439, 440, -1,
      428, 440, 441, -1,
      441, 440, 442, -1,
      441, 442, 443, -1,
      424, 423, 444, -1,
      444, 423, 50, -1,
      444, 50, 443, -1,
      443, 50, 49, -1,
      443, 49, 441, -1,
      445, 446, 447, -1,
      447, 446, 126, -1,
      447, 126, 448, -1,
      448, 126, 118, -1,
      448, 118, 449, -1,
      449, 118, 110, -1,
      449, 110, 450, -1,
      450, 110, 203, -1,
      450, 203, 451, -1,
      451, 203, 251, -1,
      451, 251, 452, -1,
      452, 251, 225, -1,
      202, 197, 203, -1,
      203, 197, 199, -1,
      203, 199, 251, -1,
      251, 199, 168, -1,
      251, 168, 252, -1,
      252, 168, 209, -1,
      252, 209, 453, -1,
      453, 209, 217, -1,
      446, 408, 126, -1,
      126, 408, 90, -1,
      126, 90, 127, -1,
      127, 90, 92, -1,
      127, 92, 96, -1,
      96, 92, 87, -1,
      96, 87, 97, -1,
      97, 87, 89, -1,
      3, 4, 454, -1,
      454, 4, 455, -1,
      454, 455, 456, -1,
      457, 318, 458, -1,
      458, 318, 310, -1,
      458, 310, 459, -1,
      459, 310, 299, -1,
      459, 299, 460, -1,
      460, 299, 301, -1,
      460, 301, 461, -1,
      457, 462, 463, -1,
      463, 462, 464, -1,
      465, 466, 467, -1,
      467, 466, 468, -1,
      467, 468, 469, -1,
      470, 471, 464, -1,
      464, 471, 469, -1,
      464, 469, 463, -1,
      463, 469, 468, -1,
      463, 468, 459, -1,
      459, 468, 472, -1,
      459, 472, 458, -1,
      473, 408, 456, -1,
      456, 408, 446, -1,
      456, 446, 454, -1,
      454, 446, 445, -1,
      454, 445, 3, -1,
      473, 474, 408, -1,
      408, 474, 410, -1,
      408, 410, 409, -1,
      409, 410, 412, -1,
      409, 412, 418, -1,
      418, 412, 422, -1,
      475, 476, 456, -1,
      456, 476, 477, -1,
      477, 478, 456, -1,
      456, 478, 479, -1,
      456, 479, 473, -1,
      474, 480, 410, -1,
      410, 480, 481, -1,
      410, 481, 482, -1,
      482, 481, 483, -1,
      482, 483, 484, -1,
      484, 485, 482, -1,
      482, 485, 486, -1,
      482, 486, 487, -1,
      487, 488, 482, -1,
      482, 488, 489, -1,
      482, 489, 456, -1,
      456, 489, 490, -1,
      456, 490, 475, -1,
      491, 492, 456, -1,
      493, 494, 495, -1,
      456, 492, 482, -1,
      482, 492, 496, -1,
      482, 496, 497, -1,
      65, 67, 72, -1,
      72, 67, 463, -1,
      72, 463, 77, -1,
      77, 463, 459, -1,
      77, 459, 212, -1,
      212, 459, 460, -1,
      212, 460, 225, -1,
      225, 460, 461, -1,
      225, 461, 452, -1,
      482, 8, 410, -1,
      410, 8, 13, -1,
      410, 13, 89, -1,
      89, 13, 19, -1,
      89, 19, 97, -1,
      97, 19, 428, -1,
      97, 428, 105, -1,
      105, 428, 441, -1,
      105, 441, 135, -1,
      135, 441, 49, -1,
      135, 49, 80, -1,
      80, 49, 84, -1,
      80, 84, 81, -1,
      81, 84, 86, -1,
      498, 62, 256, -1,
      498, 499, 62, -1,
      62, 499, 500, -1,
      62, 500, 67, -1,
      67, 500, 501, -1,
      67, 501, 502, -1,
      457, 463, 318, -1,
      318, 463, 67, -1,
      318, 67, 257, -1,
      257, 67, 502, -1,
      257, 502, 256, -1,
      256, 502, 503, -1,
      256, 503, 498, -1,
      504, 505, 19, -1,
      19, 505, 506, -1,
      19, 506, 507, -1,
      426, 508, 21, -1,
      21, 508, 509, -1,
      21, 509, 510, -1,
      507, 511, 19, -1,
      19, 511, 512, -1,
      19, 512, 428, -1,
      428, 512, 513, -1,
      428, 513, 426, -1,
      426, 513, 514, -1,
      426, 514, 508, -1,
      510, 515, 21, -1,
      21, 515, 516, -1,
      21, 516, 517, -1,
      517, 518, 21, -1,
      21, 518, 519, -1,
      21, 519, 19, -1,
      19, 519, 520, -1,
      19, 520, 504, -1,
      495, 491, 493, -1,
      493, 491, 456, -1,
      493, 456, 521, -1,
      521, 456, 455, -1,
      521, 455, 497, -1,
      497, 455, 522, -1,
      497, 522, 482, -1,
      482, 522, 523, -1,
      482, 523, 8, -1,
      8, 523, 524, -1,
      8, 524, 15, -1,
      0, 2, 4, -1,
      4, 2, 525, -1,
      4, 525, 455, -1,
      455, 525, 526, -1,
      455, 526, 522, -1,
      522, 526, 527, -1,
      522, 527, 523, -1,
      523, 527, 528, -1,
      523, 528, 524, -1,
      61, 529, 56, -1,
      56, 529, 530, -1,
      56, 530, 62, -1,
      62, 530, 531, -1,
      62, 531, 256, -1,
      256, 531, 267, -1,
      256, 267, 258, -1,
      258, 267, 269, -1,
      528, 532, 524, -1,
      524, 532, 533, -1,
      524, 533, 15, -1,
      15, 533, 534, -1,
      15, 534, 16, -1,
      16, 534, 535, -1,
      16, 535, 21, -1,
      21, 535, 536, -1,
      21, 536, 426, -1,
      426, 536, 537, -1,
      426, 537, 423, -1,
      423, 537, 538, -1,
      423, 538, 50, -1,
      50, 538, 539, -1,
      50, 539, 53, -1,
      53, 539, 540, -1,
      53, 540, 51, -1,
      51, 540, 530, -1,
      51, 530, 541, -1,
      541, 530, 529, -1,
      542, 543, 544, -1,
      544, 543, 545, -1,
      546, 547, 548, -1,
      548, 547, 549, -1,
      550, 551, 552, -1,
      552, 551, 553, -1,
      554, 555, 556, -1,
      556, 555, 557, -1,
      558, 555, 545, -1,
      559, 560, 544, -1,
      545, 555, 544, -1,
      544, 555, 549, -1,
      544, 549, 559, -1,
      551, 554, 561, -1,
      562, 563, 564, -1,
      560, 565, 544, -1,
      544, 565, 566, -1,
      544, 566, 567, -1,
      558, 545, 568, -1,
      568, 545, 569, -1,
      568, 569, 570, -1,
      570, 569, 571, -1,
      570, 571, 572, -1,
      573, 548, 550, -1,
      550, 548, 549, -1,
      550, 549, 551, -1,
      551, 549, 555, -1,
      551, 555, 554, -1,
      573, 574, 548, -1,
      548, 574, 562, -1,
      548, 562, 575, -1,
      575, 562, 564, -1,
      561, 576, 551, -1,
      551, 576, 577, -1,
      551, 577, 578, -1,
      578, 577, 579, -1,
      546, 548, 575, -1,
      564, 580, 575, -1,
      575, 580, 581, -1,
      575, 581, 546, -1,
      563, 582, 564, -1,
      564, 582, 583, -1,
      564, 583, 580, -1,
      562, 584, 563, -1,
      563, 584, 585, -1,
      563, 585, 582, -1,
      574, 586, 562, -1,
      562, 586, 587, -1,
      562, 587, 584, -1,
      588, 589, 574, -1,
      574, 589, 590, -1,
      574, 590, 586, -1,
      574, 573, 588, -1,
      588, 573, 550, -1,
      588, 550, 552, -1,
      547, 546, 591, -1,
      547, 591, 592, -1,
      592, 591, 593, -1,
      592, 593, 594, -1,
      594, 593, 595, -1,
      594, 595, 596, -1,
      596, 595, 597, -1,
      596, 597, 598, -1,
      598, 597, 599, -1,
      598, 599, 600, -1,
      600, 599, 1, -1,
      600, 1, 305, -1,
      542, 544, 567, -1,
      542, 567, 601, -1,
      601, 567, 566, -1,
      601, 566, 602, -1,
      602, 566, 565, -1,
      602, 565, 603, -1,
      603, 565, 560, -1,
      603, 560, 604, -1,
      604, 560, 559, -1,
      604, 559, 605, -1,
      605, 559, 549, -1,
      605, 549, 547, -1,
      581, 580, 606, -1,
      583, 582, 607, -1,
      585, 584, 608, -1,
      587, 586, 609, -1,
      590, 589, 610, -1,
      588, 552, 611, -1,
      589, 588, 610, -1,
      610, 588, 611, -1,
      610, 611, 612, -1,
      612, 611, 613, -1,
      612, 613, 614, -1,
      614, 613, 615, -1,
      614, 615, 616, -1,
      616, 615, 617, -1,
      616, 617, 618, -1,
      618, 617, 619, -1,
      618, 619, 1, -1,
      586, 590, 609, -1,
      609, 590, 610, -1,
      609, 610, 620, -1,
      620, 610, 612, -1,
      620, 612, 621, -1,
      621, 612, 614, -1,
      621, 614, 622, -1,
      622, 614, 616, -1,
      622, 616, 623, -1,
      623, 616, 618, -1,
      623, 618, 1, -1,
      584, 587, 608, -1,
      608, 587, 609, -1,
      608, 609, 624, -1,
      624, 609, 620, -1,
      624, 620, 625, -1,
      625, 620, 621, -1,
      625, 621, 626, -1,
      626, 621, 622, -1,
      626, 622, 627, -1,
      627, 622, 623, -1,
      627, 623, 1, -1,
      582, 585, 607, -1,
      607, 585, 608, -1,
      607, 608, 628, -1,
      628, 608, 624, -1,
      628, 624, 629, -1,
      629, 624, 625, -1,
      629, 625, 630, -1,
      630, 625, 626, -1,
      630, 626, 631, -1,
      631, 626, 627, -1,
      631, 627, 1, -1,
      580, 583, 606, -1,
      606, 583, 607, -1,
      606, 607, 632, -1,
      632, 607, 628, -1,
      632, 628, 633, -1,
      633, 628, 629, -1,
      633, 629, 634, -1,
      634, 629, 630, -1,
      634, 630, 635, -1,
      635, 630, 631, -1,
      635, 631, 1, -1,
      546, 581, 591, -1,
      591, 581, 606, -1,
      591, 606, 593, -1,
      593, 606, 632, -1,
      593, 632, 595, -1,
      595, 632, 633, -1,
      595, 633, 597, -1,
      597, 633, 634, -1,
      597, 634, 599, -1,
      599, 634, 635, -1,
      599, 635, 1, -1,
      547, 592, 636, -1,
      637, 638, 639, -1,
      305, 640, 641, -1,
      639, 638, 305, -1,
      642, 305, 638, -1,
      642, 638, 643, -1,
      643, 638, 637, -1,
      643, 637, 644, -1,
      600, 305, 642, -1,
      645, 646, 647, -1,
      647, 646, 641, -1,
      647, 641, 648, -1,
      648, 641, 640, -1,
      648, 640, 649, -1,
      600, 642, 598, -1,
      598, 642, 643, -1,
      598, 643, 596, -1,
      596, 643, 644, -1,
      596, 644, 594, -1,
      650, 645, 651, -1,
      651, 645, 647, -1,
      651, 647, 652, -1,
      652, 647, 648, -1,
      652, 648, 653, -1,
      653, 648, 649, -1,
      653, 649, 654, -1,
      655, 650, 656, -1,
      656, 650, 651, -1,
      656, 651, 657, -1,
      657, 651, 652, -1,
      657, 652, 658, -1,
      658, 652, 653, -1,
      658, 653, 659, -1,
      659, 653, 654, -1,
      659, 654, 660, -1,
      592, 655, 636, -1,
      636, 655, 656, -1,
      636, 656, 661, -1,
      661, 656, 657, -1,
      661, 657, 662, -1,
      662, 657, 658, -1,
      662, 658, 663, -1,
      663, 658, 659, -1,
      663, 659, 664, -1,
      664, 659, 660, -1,
      664, 660, 665, -1,
      547, 636, 605, -1,
      605, 636, 661, -1,
      605, 661, 604, -1,
      604, 661, 662, -1,
      604, 662, 603, -1,
      603, 662, 663, -1,
      603, 663, 602, -1,
      602, 663, 664, -1,
      602, 664, 601, -1,
      601, 664, 665, -1,
      601, 665, 542, -1,
      646, 305, 641, -1,
      592, 594, 655, -1,
      655, 594, 644, -1,
      655, 644, 650, -1,
      650, 644, 637, -1,
      650, 637, 645, -1,
      645, 637, 639, -1,
      645, 639, 646, -1,
      646, 639, 305, -1,
      553, 551, 578, -1,
      553, 578, 666, -1,
      666, 578, 579, -1,
      666, 579, 667, -1,
      667, 579, 577, -1,
      667, 577, 668, -1,
      668, 577, 576, -1,
      668, 576, 669, -1,
      669, 576, 561, -1,
      669, 561, 670, -1,
      670, 561, 554, -1,
      670, 554, 556, -1,
      552, 553, 671, -1,
      552, 671, 611, -1,
      611, 671, 672, -1,
      611, 672, 613, -1,
      613, 672, 673, -1,
      613, 673, 615, -1,
      615, 673, 674, -1,
      615, 674, 617, -1,
      617, 674, 675, -1,
      617, 675, 619, -1,
      619, 675, 532, -1,
      619, 532, 1, -1,
      543, 542, 665, -1,
      543, 665, 676, -1,
      676, 665, 660, -1,
      676, 660, 677, -1,
      677, 660, 654, -1,
      677, 654, 678, -1,
      678, 654, 649, -1,
      678, 649, 679, -1,
      679, 649, 640, -1,
      679, 640, 680, -1,
      680, 640, 305, -1,
      680, 305, 266, -1,
      557, 555, 558, -1,
      568, 681, 558, -1,
      558, 681, 682, -1,
      558, 682, 557, -1,
      570, 683, 568, -1,
      568, 683, 684, -1,
      568, 684, 681, -1,
      572, 685, 570, -1,
      570, 685, 686, -1,
      570, 686, 683, -1,
      571, 687, 572, -1,
      572, 687, 688, -1,
      572, 688, 685, -1,
      689, 690, 571, -1,
      571, 690, 691, -1,
      571, 691, 687, -1,
      571, 569, 689, -1,
      689, 569, 545, -1,
      689, 545, 543, -1,
      556, 692, 693, -1,
      694, 695, 696, -1,
      532, 675, 697, -1,
      696, 695, 532, -1,
      698, 532, 695, -1,
      698, 695, 699, -1,
      699, 695, 694, -1,
      699, 694, 700, -1,
      701, 532, 698, -1,
      702, 703, 704, -1,
      704, 703, 697, -1,
      704, 697, 705, -1,
      705, 697, 675, -1,
      705, 675, 674, -1,
      701, 698, 706, -1,
      706, 698, 699, -1,
      706, 699, 707, -1,
      707, 699, 700, -1,
      707, 700, 708, -1,
      709, 702, 710, -1,
      710, 702, 704, -1,
      710, 704, 711, -1,
      711, 704, 705, -1,
      711, 705, 712, -1,
      712, 705, 674, -1,
      712, 674, 673, -1,
      713, 709, 714, -1,
      714, 709, 710, -1,
      714, 710, 715, -1,
      715, 710, 711, -1,
      715, 711, 716, -1,
      716, 711, 712, -1,
      716, 712, 717, -1,
      717, 712, 673, -1,
      717, 673, 672, -1,
      692, 713, 693, -1,
      693, 713, 714, -1,
      693, 714, 718, -1,
      718, 714, 715, -1,
      718, 715, 719, -1,
      719, 715, 716, -1,
      719, 716, 720, -1,
      720, 716, 717, -1,
      720, 717, 721, -1,
      721, 717, 672, -1,
      721, 672, 671, -1,
      556, 693, 670, -1,
      670, 693, 718, -1,
      670, 718, 669, -1,
      669, 718, 719, -1,
      669, 719, 668, -1,
      668, 719, 720, -1,
      668, 720, 667, -1,
      667, 720, 721, -1,
      667, 721, 666, -1,
      666, 721, 671, -1,
      666, 671, 553, -1,
      703, 532, 697, -1,
      692, 708, 713, -1,
      713, 708, 700, -1,
      713, 700, 709, -1,
      709, 700, 694, -1,
      709, 694, 702, -1,
      702, 694, 696, -1,
      702, 696, 703, -1,
      703, 696, 532, -1,
      682, 681, 722, -1,
      684, 683, 723, -1,
      686, 685, 724, -1,
      688, 687, 725, -1,
      691, 690, 726, -1,
      689, 543, 676, -1,
      690, 689, 726, -1,
      726, 689, 676, -1,
      726, 676, 727, -1,
      727, 676, 677, -1,
      727, 677, 728, -1,
      728, 677, 678, -1,
      728, 678, 729, -1,
      729, 678, 679, -1,
      729, 679, 730, -1,
      730, 679, 680, -1,
      730, 680, 266, -1,
      687, 691, 725, -1,
      725, 691, 726, -1,
      725, 726, 731, -1,
      731, 726, 727, -1,
      731, 727, 732, -1,
      732, 727, 728, -1,
      732, 728, 733, -1,
      733, 728, 729, -1,
      733, 729, 734, -1,
      734, 729, 730, -1,
      734, 730, 266, -1,
      685, 688, 724, -1,
      724, 688, 725, -1,
      724, 725, 735, -1,
      735, 725, 731, -1,
      735, 731, 736, -1,
      736, 731, 732, -1,
      736, 732, 737, -1,
      737, 732, 733, -1,
      737, 733, 738, -1,
      738, 733, 734, -1,
      738, 734, 266, -1,
      683, 686, 723, -1,
      723, 686, 724, -1,
      723, 724, 739, -1,
      739, 724, 735, -1,
      739, 735, 740, -1,
      740, 735, 736, -1,
      740, 736, 741, -1,
      741, 736, 737, -1,
      741, 737, 742, -1,
      742, 737, 738, -1,
      742, 738, 266, -1,
      681, 684, 722, -1,
      722, 684, 723, -1,
      722, 723, 743, -1,
      743, 723, 739, -1,
      743, 739, 744, -1,
      744, 739, 740, -1,
      744, 740, 745, -1,
      745, 740, 741, -1,
      745, 741, 746, -1,
      746, 741, 742, -1,
      746, 742, 266, -1,
      557, 682, 747, -1,
      747, 682, 722, -1,
      747, 722, 748, -1,
      748, 722, 743, -1,
      748, 743, 749, -1,
      749, 743, 744, -1,
      749, 744, 750, -1,
      750, 744, 745, -1,
      750, 745, 751, -1,
      751, 745, 746, -1,
      751, 746, 266, -1,
      556, 557, 747, -1,
      556, 747, 692, -1,
      692, 747, 748, -1,
      692, 748, 708, -1,
      708, 748, 749, -1,
      708, 749, 707, -1,
      707, 749, 750, -1,
      707, 750, 706, -1,
      706, 750, 751, -1,
      706, 751, 701, -1,
      701, 751, 266, -1,
      701, 266, 532, -1,
    ]
  }
}

Shape {
  appearance Appearance {
    material Material {
      diffuseColor 0.0000 0.0000 0.0000
      specularColor 0.0000 0.0000 0.0000
      ambientIntensity 0.2
      transparency 0.0000
      shininess 0.5
    }
  }
  geometry IndexedFaceSet {
    ccw TRUE
    solid FALSE
    coord DEF co Coordinate {
      point [
        2.024091 -5.623496 0.748031,
        1.978206 -5.623496 0.748031,
        2.109480 -5.568120 0.748031,
        2.101263 -5.585373 0.748031,
        2.088867 -5.600128 0.748031,
        2.071404 -5.612641 0.748031,
        2.052379 -5.620059 0.748031,
        1.978206 -5.456675 0.748031,
        2.025796 -5.456675 0.748031,
        2.051270 -5.459488 0.748031,
        2.071403 -5.466843 0.748031,
        2.088867 -5.478764 0.748031,
        2.094768 -5.484539 0.748031,
        2.105091 -5.499089 0.748031,
        2.111256 -5.515004 0.748031,
        2.114026 -5.537953 0.748031,
        2.113524 -5.548590 0.748031,
        2.088867 -5.600128 0.751969,
        2.071587 -5.588915 0.751969,
        2.071404 -5.612641 0.751969,
        2.060823 -5.596387 0.751969,
        2.052379 -5.620059 0.751969,
        2.047037 -5.601727 0.751969,
        2.024091 -5.623496 0.751969,
        2.023963 -5.604478 0.751969,
        1.978206 -5.623496 0.751969,
        1.999741 -5.604478 0.751969,
        1.978206 -5.456675 0.751969,
        1.999741 -5.475864 0.751969,
        2.025796 -5.456675 0.751969,
        2.024944 -5.475864 0.751969,
        2.026589 -5.475876 0.751969,
        2.051270 -5.459488 0.751969,
        2.047956 -5.478620 0.751969,
        2.071403 -5.466843 0.751969,
        2.062159 -5.484106 0.751969,
        2.088867 -5.478764 0.751969,
        2.073088 -5.491557 0.751969,
        2.094768 -5.484539 0.751969,
        2.077762 -5.496167 0.751969,
        2.105091 -5.499089 0.751969,
        2.084223 -5.505524 0.751969,
        2.111256 -5.515004 0.751969,
        2.088920 -5.517717 0.751969,
        2.114026 -5.537953 0.751969,
        2.091383 -5.538550 0.751969,
        2.113524 -5.548590 0.751969,
        2.090733 -5.549970 0.751969,
        2.109480 -5.568120 0.751969,
        2.087371 -5.565063 0.751969,
        2.101263 -5.585373 0.751969,
        2.081510 -5.577335 0.751969,
        2.073557 -5.587079 0.751969,
        2.073088 -5.491557 0.748031,
        2.077762 -5.496167 0.748031,
        2.084223 -5.505524 0.748031,
        2.088920 -5.517717 0.748031,
        2.091383 -5.538550 0.748031,
        2.024944 -5.475864 0.748031,
        2.026589 -5.475876 0.748031,
        2.047956 -5.478620 0.748031,
        2.062159 -5.484106 0.748031,
        1.999741 -5.475864 0.748031,
        1.999741 -5.604478 0.748031,
        2.023963 -5.604478 0.748031,
        2.073557 -5.587079 0.748031,
        2.071587 -5.588915 0.748031,
        2.060823 -5.596387 0.748031,
        2.047037 -5.601727 0.748031,
        2.090733 -5.549970 0.748031,
        2.087371 -5.565063 0.748031,
        2.081510 -5.577335 0.748031,
      ]
    }
    coordIndex [
      17, 18, 19, -1,
      19, 18, 20, -1,
      19, 20, 21, -1,
      21, 20, 22, -1,
      21, 22, 23, -1,
      23, 22, 24, -1,
      23, 24, 25, -1,
      25, 24, 26, -1,
      25, 26, 27, -1,
      27, 26, 28, -1,
      27, 28, 29, -1,
      28, 30, 29, -1,
      29, 30, 31, -1,
      29, 31, 32, -1,
      32, 31, 33, -1,
      32, 33, 34, -1,
      34, 33, 35, -1,
      34, 35, 36, -1,
      36, 35, 37, -1,
      36, 37, 38, -1,
      38, 37, 39, -1,
      38, 39, 40, -1,
      40, 39, 41, -1,
      40, 41, 42, -1,
      42, 41, 43, -1,
      42, 43, 44, -1,
      44, 43, 45, -1,
      44, 45, 46, -1,
      46, 45, 47, -1,
      46, 47, 48, -1,
      48, 47, 49, -1,
      48, 49, 50, -1,
      50, 49, 51, -1,
      50, 51, 17, -1,
      17, 51, 52, -1,
      17, 52, 18, -1,
      17, 4, 3, -1,
      17, 3, 50, -1,
      50, 3, 2, -1,
      50, 2, 48, -1,
      48, 2, 16, -1,
      48, 16, 46, -1,
      46, 16, 15, -1,
      46, 15, 44, -1,
      44, 15, 14, -1,
      44, 14, 42, -1,
      42, 14, 13, -1,
      42, 13, 40, -1,
      40, 13, 12, -1,
      40, 12, 38, -1,
      38, 12, 11, -1,
      38, 11, 36, -1,
      36, 11, 10, -1,
      36, 10, 34, -1,
      34, 10, 9, -1,
      34, 9, 32, -1,
      32, 9, 8, -1,
      32, 8, 29, -1,
      27, 29, 7, -1,
      7, 29, 8, -1,
      25, 27, 1, -1,
      1, 27, 7, -1,
      23, 25, 0, -1,
      0, 25, 1, -1,
      23, 0, 6, -1,
      23, 6, 21, -1,
      21, 6, 5, -1,
      21, 5, 19, -1,
      19, 5, 4, -1,
      19, 4, 17, -1,
      37, 53, 54, -1,
      37, 54, 39, -1,
      39, 54, 55, -1,
      39, 55, 41, -1,
      41, 55, 56, -1,
      41, 56, 43, -1,
      43, 56, 57, -1,
      43, 57, 45, -1,
      30, 58, 59, -1,
      30, 59, 31, -1,
      31, 59, 60, -1,
      31, 60, 33, -1,
      33, 60, 61, -1,
      33, 61, 35, -1,
      35, 61, 53, -1,
      35, 53, 37, -1,
      30, 28, 58, -1,
      58, 28, 62, -1,
      28, 26, 62, -1,
      62, 26, 63, -1,
      26, 24, 63, -1,
      63, 24, 64, -1,
      52, 65, 66, -1,
      52, 66, 18, -1,
      18, 66, 67, -1,
      18, 67, 20, -1,
      20, 67, 68, -1,
      20, 68, 22, -1,
      22, 68, 64, -1,
      22, 64, 24, -1,
      45, 57, 69, -1,
      45, 69, 47, -1,
      47, 69, 70, -1,
      47, 70, 49, -1,
      49, 70, 71, -1,
      49, 71, 51, -1,
      51, 71, 65, -1,
      51, 65, 52, -1,
    ]
  }
}

Shape {
  appearance Appearance {
    material Material {
      diffuseColor 0.6667 0.6667 0.6667
      specularColor 0.4667 0.4667 0.4667
      ambientIntensity 0.2
      transparency 0.0000
      shininess 0.5
    }
  }
  geometry IndexedFaceSet {
    ccw TRUE
    solid FALSE
    coord DEF co Coordinate {
      point [
        2.073088 -5.491557 0.748031,
        2.077762 -5.496167 0.748031,
        2.084223 -5.505524 0.748031,
        2.088920 -5.517717 0.748031,
        2.091383 -5.538550 0.748031,
        2.024944 -5.475864 0.748031,
        2.026589 -5.475876 0.748031,
        2.047956 -5.478620 0.748031,
        2.062159 -5.484106 0.748031,
        1.999741 -5.475864 0.748031,
        1.999741 -5.604478 0.748031,
        2.023963 -5.604478 0.748031,
        2.073557 -5.587079 0.748031,
        2.071587 -5.588915 0.748031,
        2.060823 -5.596387 0.748031,
        2.047037 -5.601727 0.748031,
        2.090733 -5.549970 0.748031,
        2.087371 -5.565063 0.748031,
        2.081510 -5.577335 0.748031,
      ]
    }
    coordIndex [
      14, 13, 6, -1,
      9, 10, 5, -1,
      5, 10, 11, -1,
      5, 11, 6, -1,
      6, 11, 15, -1,
      6, 15, 14, -1,
      13, 12, 6, -1,
      6, 12, 18, -1,
      6, 18, 17, -1,
      4, 0, 8, -1,
      3, 2, 4, -1,
      4, 2, 1, -1,
      4, 1, 0, -1,
      17, 16, 6, -1,
      6, 16, 4, -1,
      6, 4, 7, -1,
      7, 4, 8, -1,
    ]
  }
}

Shape {
  appearance Appearance {
    material Material {
      diffuseColor 0.0000 0.0000 0.0000
      specularColor 0.0000 0.0000 0.0000
      ambientIntensity 0.2
      transparency 0.0000
      shininess 0.5
    }
  }
  geometry IndexedFaceSet {
    ccw TRUE
    solid FALSE
    coord DEF co Coordinate {
      point [
        1.679770 -5.624113 0.748031,
        1.673042 -5.624904 0.748031,
        1.774583 -5.593902 0.748031,
        1.777141 -5.603710 0.748031,
        1.777696 -5.603710 0.748031,
        1.834454 -5.504350 0.748031,
        1.812791 -5.504350 0.748031,
        1.753538 -5.533363 0.748031,
        1.780254 -5.594072 0.748031,
        1.778655 -5.599627 0.748031,
        1.753538 -5.589450 0.748031,
        1.720084 -5.504350 0.748031,
        1.743453 -5.504350 0.748031,
        1.766821 -5.623241 0.748031,
        1.766118 -5.624904 0.748031,
        1.757653 -5.644904 0.748031,
        1.724391 -5.677910 0.748031,
        1.724391 -5.659317 0.748031,
        1.749610 -5.656821 0.748031,
        1.753502 -5.652493 0.748031,
        1.753538 -5.652427 0.748031,
        1.753538 -5.675891 0.748031,
        1.746308 -5.678645 0.748031,
        1.737867 -5.679616 0.748031,
        1.733254 -5.679450 0.748031,
        1.736246 -5.661706 0.748031,
        1.741506 -5.661085 0.748031,
        1.746056 -5.659311 0.748031,
        1.780382 -5.641493 0.748031,
        1.770923 -5.659915 0.748031,
        1.786923 -5.624904 0.748031,
        1.763277 -5.669098 0.748031,
        1.761852 -5.670403 0.748031,
        1.754554 -5.675504 0.748031,
        1.702216 -5.571386 0.748031,
        1.706117 -5.577142 0.748031,
        1.703496 -5.527207 0.748031,
        1.649027 -5.507106 0.748031,
        1.642259 -5.511088 0.748031,
        1.638400 -5.514557 0.748031,
        1.708346 -5.583303 0.748031,
        1.709210 -5.591088 0.748031,
        1.708216 -5.599483 0.748031,
        1.705650 -5.606105 0.748031,
        1.701755 -5.611616 0.748031,
        1.660643 -5.503124 0.748031,
        1.675265 -5.501621 0.748031,
        1.703496 -5.506909 0.748031,
        1.689924 -5.502922 0.748031,
        1.695777 -5.616844 0.748031,
        1.690800 -5.619895 0.748031,
        1.673219 -5.518593 0.748031,
        1.667033 -5.519057 0.748031,
        1.650404 -5.534627 0.748031,
        1.661444 -5.520537 0.748031,
        1.656758 -5.523028 0.748031,
        1.650595 -5.537407 0.748031,
        1.651424 -5.540652 0.748031,
        1.652929 -5.543472 0.748031,
        1.654967 -5.545715 0.748031,
        1.662334 -5.550320 0.748031,
        1.686616 -5.520076 0.748031,
        1.675265 -5.555949 0.748031,
        1.698431 -5.524326 0.748031,
        1.683356 -5.559223 0.748031,
        1.697234 -5.566941 0.748031,
        1.653606 -5.525814 0.748031,
        1.651814 -5.528474 0.748031,
        1.650782 -5.531294 0.748031,
        1.628741 -5.597740 0.748031,
        1.636065 -5.516657 0.748031,
        1.632182 -5.522305 0.748031,
        1.637116 -5.602898 0.748031,
        1.638400 -5.603376 0.748031,
        1.638400 -5.559049 0.748031,
        1.634797 -5.555352 0.748031,
        1.632072 -5.550997 0.748031,
        1.629768 -5.544617 0.748031,
        1.628869 -5.536504 0.748031,
        1.629694 -5.529032 0.748031,
        1.638215 -5.558928 0.748031,
        1.650227 -5.607773 0.748031,
        1.660511 -5.571130 0.748031,
        1.648056 -5.565421 0.748031,
        1.663112 -5.609254 0.748031,
        1.664035 -5.609248 0.748031,
        1.674231 -5.576876 0.748031,
        1.674746 -5.608048 0.748031,
        1.687760 -5.593134 0.748031,
        1.687556 -5.590535 0.748031,
        1.680138 -5.606074 0.748031,
        1.682043 -5.604918 0.748031,
        1.684441 -5.602790 0.748031,
        1.686265 -5.600092 0.748031,
        1.687327 -5.597120 0.748031,
        1.686606 -5.587272 0.748031,
        1.684991 -5.584502 0.748031,
        1.682387 -5.581791 0.748031,
        1.649062 -5.624904 0.748031,
        1.641482 -5.624015 0.748031,
        1.638400 -5.622879 0.748031,
        1.628741 -5.619318 0.748031,
        1.661065 -5.626311 0.748031,
        1.728666 -5.660718 0.748031,
        1.513426 -5.566370 0.748031,
        1.516333 -5.533007 0.748031,
        1.509163 -5.572292 0.748031,
        1.506206 -5.579596 0.748031,
        1.579530 -5.623496 0.748031,
        1.579530 -5.605075 0.748031,
        1.578976 -5.605075 0.748031,
        1.508269 -5.608184 0.748031,
        1.505733 -5.601127 0.748031,
        1.573499 -5.612793 0.748031,
        1.566602 -5.619104 0.748031,
        1.562653 -5.621571 0.748031,
        1.519969 -5.560862 0.748031,
        1.529122 -5.556336 0.748031,
        1.528629 -5.524967 0.748031,
        1.544222 -5.552708 0.748031,
        1.562473 -5.519335 0.748031,
        1.555394 -5.518593 0.748031,
        1.541660 -5.520177 0.748031,
        1.530355 -5.624904 0.748031,
        1.529973 -5.624859 0.748031,
        1.521962 -5.621839 0.748031,
        1.570302 -5.502830 0.748031,
        1.579022 -5.505548 0.748031,
        1.514925 -5.616930 0.748031,
        1.512618 -5.614594 0.748031,
        1.585918 -5.509567 0.748031,
        1.591450 -5.514956 0.748031,
        1.595688 -5.521792 0.748031,
        1.516333 -5.512708 0.748031,
        1.520681 -5.510191 0.748031,
        1.536225 -5.504178 0.748031,
        1.557356 -5.501621 0.748031,
        1.579530 -5.547761 0.748031,
        1.578804 -5.538522 0.748031,
        1.576643 -5.531082 0.748031,
        1.574188 -5.526779 0.748031,
        1.504691 -5.591599 0.748031,
        1.504780 -5.588486 0.748031,
        1.598915 -5.531459 0.748031,
        1.600426 -5.546823 0.748031,
        1.600426 -5.623496 0.748031,
        1.571029 -5.523419 0.748031,
        1.567319 -5.521028 0.748031,
        1.553831 -5.624904 0.748031,
        1.542473 -5.626311 0.748031,
        1.554369 -5.624837 0.748031,
        1.780254 -5.594072 0.751969,
        1.778655 -5.599627 0.751969,
        1.777696 -5.603710 0.751969,
        1.777141 -5.603710 0.751969,
        1.774583 -5.593902 0.751969,
        1.743453 -5.504350 0.751969,
        1.720084 -5.504350 0.751969,
        1.766821 -5.623241 0.751969,
        1.757653 -5.644904 0.751969,
        1.753502 -5.652493 0.751969,
        1.749610 -5.656821 0.751969,
        1.746056 -5.659311 0.751969,
        1.741506 -5.661085 0.751969,
        1.736246 -5.661706 0.751969,
        1.728666 -5.660718 0.751969,
        1.724391 -5.659317 0.751969,
        1.724391 -5.677910 0.751969,
        1.733254 -5.679450 0.751969,
        1.737867 -5.679616 0.751969,
        1.746308 -5.678645 0.751969,
        1.754554 -5.675504 0.751969,
        1.761852 -5.670403 0.751969,
        1.763277 -5.669098 0.751969,
        1.770923 -5.659915 0.751969,
        1.780382 -5.641493 0.751969,
        1.834454 -5.504350 0.751969,
        1.812791 -5.504350 0.751969,
        1.661065 -5.626311 0.751969,
        1.679770 -5.624113 0.751969,
        1.690800 -5.619895 0.751969,
        1.695777 -5.616844 0.751969,
        1.701755 -5.611616 0.751969,
        1.705650 -5.606105 0.751969,
        1.708216 -5.599483 0.751969,
        1.709210 -5.591088 0.751969,
        1.708346 -5.583303 0.751969,
        1.706117 -5.577142 0.751969,
        1.702216 -5.571386 0.751969,
        1.697234 -5.566941 0.751969,
        1.683356 -5.559223 0.751969,
        1.675265 -5.555949 0.751969,
        1.662334 -5.550320 0.751969,
        1.654967 -5.545715 0.751969,
        1.652929 -5.543472 0.751969,
        1.651424 -5.540652 0.751969,
        1.650595 -5.537407 0.751969,
        1.650404 -5.534627 0.751969,
        1.650782 -5.531294 0.751969,
        1.651814 -5.528474 0.751969,
        1.653606 -5.525814 0.751969,
        1.656758 -5.523028 0.751969,
        1.661444 -5.520537 0.751969,
        1.667033 -5.519057 0.751969,
        1.673219 -5.518593 0.751969,
        1.686616 -5.520076 0.751969,
        1.698431 -5.524326 0.751969,
        1.703496 -5.527207 0.751969,
        1.703496 -5.506909 0.751969,
        1.689924 -5.502922 0.751969,
        1.675265 -5.501621 0.751969,
        1.660643 -5.503124 0.751969,
        1.649027 -5.507106 0.751969,
        1.642259 -5.511088 0.751969,
        1.636065 -5.516657 0.751969,
        1.632182 -5.522305 0.751969,
        1.629694 -5.529032 0.751969,
        1.628869 -5.536504 0.751969,
        1.629768 -5.544617 0.751969,
        1.632072 -5.550997 0.751969,
        1.634797 -5.555352 0.751969,
        1.660511 -5.571130 0.751969,
        1.648056 -5.565421 0.751969,
        1.638215 -5.558928 0.751969,
        1.674231 -5.576876 0.751969,
        1.682387 -5.581791 0.751969,
        1.684991 -5.584502 0.751969,
        1.686606 -5.587272 0.751969,
        1.687556 -5.590535 0.751969,
        1.687760 -5.593134 0.751969,
        1.687327 -5.597120 0.751969,
        1.686265 -5.600092 0.751969,
        1.684441 -5.602790 0.751969,
        1.682043 -5.604918 0.751969,
        1.680138 -5.606074 0.751969,
        1.674746 -5.608048 0.751969,
        1.664035 -5.609248 0.751969,
        1.663112 -5.609254 0.751969,
        1.628741 -5.597740 0.751969,
        1.637116 -5.602898 0.751969,
        1.650227 -5.607773 0.751969,
        1.628741 -5.619318 0.751969,
        1.641482 -5.624015 0.751969,
        1.579530 -5.623496 0.751969,
        1.600426 -5.623496 0.751969,
        1.579530 -5.605075 0.751969,
        1.600426 -5.546823 0.751969,
        1.551642 -5.567463 0.751969,
        1.579530 -5.563710 0.751969,
        1.579530 -5.575138 0.751969,
        1.578976 -5.605075 0.751969,
        1.567955 -5.602006 0.751969,
        1.573499 -5.612793 0.751969,
        1.562050 -5.605991 0.751969,
        1.519969 -5.560862 0.751969,
        1.513426 -5.566370 0.751969,
        1.528927 -5.577894 0.751969,
        1.579510 -5.576525 0.751969,
        1.578165 -5.585849 0.751969,
        1.575100 -5.593303 0.751969,
        1.570575 -5.599446 0.751969,
        1.516333 -5.512708 0.751969,
        1.516333 -5.533007 0.751969,
        1.520681 -5.510191 0.751969,
        1.528629 -5.524967 0.751969,
        1.536225 -5.504178 0.751969,
        1.541660 -5.520177 0.751969,
        1.557356 -5.501621 0.751969,
        1.555394 -5.518593 0.751969,
        1.570302 -5.502830 0.751969,
        1.562473 -5.519335 0.751969,
        1.579022 -5.505548 0.751969,
        1.567319 -5.521028 0.751969,
        1.585918 -5.509567 0.751969,
        1.571029 -5.523419 0.751969,
        1.591450 -5.514956 0.751969,
        1.574188 -5.526779 0.751969,
        1.595688 -5.521792 0.751969,
        1.576643 -5.531082 0.751969,
        1.598915 -5.531459 0.751969,
        1.578804 -5.538522 0.751969,
        1.579530 -5.547761 0.751969,
        1.527093 -5.581792 0.751969,
        1.509163 -5.572292 0.751969,
        1.526062 -5.586577 0.751969,
        1.544222 -5.552708 0.751969,
        1.533925 -5.572849 0.751969,
        1.538722 -5.570499 0.751969,
        1.530163 -5.602009 0.751969,
        1.514925 -5.616930 0.751969,
        1.531940 -5.603796 0.751969,
        1.521962 -5.621839 0.751969,
        1.536104 -5.606639 0.751969,
        1.529973 -5.624859 0.751969,
        1.540831 -5.608373 0.751969,
        1.542473 -5.626311 0.751969,
        1.547889 -5.609169 0.751969,
        1.554369 -5.624837 0.751969,
        1.555711 -5.608294 0.751969,
        1.562653 -5.621571 0.751969,
        1.566602 -5.619104 0.751969,
        1.531428 -5.574798 0.751969,
        1.529122 -5.556336 0.751969,
        1.506206 -5.579596 0.751969,
        1.504780 -5.588486 0.751969,
        1.525885 -5.589893 0.751969,
        1.504691 -5.591599 0.751969,
        1.526415 -5.594691 0.751969,
        1.505733 -5.601127 0.751969,
        1.527789 -5.598487 0.751969,
        1.508269 -5.608184 0.751969,
        1.512618 -5.614594 0.751969,
        1.570575 -5.599446 0.748031,
        1.567955 -5.602006 0.748031,
        1.562050 -5.605991 0.748031,
        1.555711 -5.608294 0.748031,
        1.547889 -5.609169 0.748031,
        1.579530 -5.575138 0.748031,
        1.579510 -5.576525 0.748031,
        1.578165 -5.585849 0.748031,
        1.575100 -5.593303 0.748031,
        1.579530 -5.563710 0.748031,
        1.551642 -5.567463 0.748031,
        1.531428 -5.574798 0.748031,
        1.533925 -5.572849 0.748031,
        1.538722 -5.570499 0.748031,
        1.525885 -5.589893 0.748031,
        1.526062 -5.586577 0.748031,
        1.527093 -5.581792 0.748031,
        1.528927 -5.577894 0.748031,
        1.531940 -5.603796 0.748031,
        1.530163 -5.602009 0.748031,
        1.527789 -5.598487 0.748031,
        1.526415 -5.594691 0.748031,
        1.540831 -5.608373 0.748031,
        1.536104 -5.606639 0.748031,
      ]
    }
    coordIndex [
      151, 8, 9, -1,
      151, 9, 152, -1,
      152, 9, 4, -1,
      152, 4, 153, -1,
      154, 153, 3, -1,
      3, 153, 4, -1,
      155, 154, 2, -1,
      2, 154, 3, -1,
      12, 156, 7, -1,
      7, 156, 155, -1,
      7, 155, 2, -1,
      157, 156, 11, -1,
      11, 156, 12, -1,
      13, 158, 10, -1,
      10, 158, 157, -1,
      10, 157, 11, -1,
      15, 159, 14, -1,
      14, 159, 158, -1,
      14, 158, 13, -1,
      15, 20, 159, -1,
      159, 20, 160, -1,
      20, 19, 160, -1,
      160, 19, 18, -1,
      160, 18, 161, -1,
      161, 18, 27, -1,
      161, 27, 162, -1,
      162, 27, 26, -1,
      162, 26, 163, -1,
      163, 26, 25, -1,
      163, 25, 164, -1,
      164, 25, 103, -1,
      164, 103, 165, -1,
      165, 103, 17, -1,
      165, 17, 166, -1,
      167, 166, 16, -1,
      16, 166, 17, -1,
      167, 16, 24, -1,
      167, 24, 168, -1,
      168, 24, 23, -1,
      168, 23, 169, -1,
      169, 23, 22, -1,
      169, 22, 170, -1,
      170, 22, 21, -1,
      170, 21, 171, -1,
      21, 33, 171, -1,
      171, 33, 32, -1,
      171, 32, 172, -1,
      172, 32, 31, -1,
      172, 31, 173, -1,
      173, 31, 29, -1,
      173, 29, 174, -1,
      174, 29, 28, -1,
      174, 28, 175, -1,
      5, 176, 30, -1,
      30, 176, 175, -1,
      30, 175, 28, -1,
      177, 176, 6, -1,
      6, 176, 5, -1,
      151, 177, 8, -1,
      8, 177, 6, -1,
      152, 153, 175, -1,
      176, 177, 175, -1,
      175, 177, 151, -1,
      175, 151, 152, -1,
      156, 157, 155, -1,
      155, 157, 158, -1,
      155, 158, 154, -1,
      166, 167, 165, -1,
      165, 167, 168, -1,
      165, 168, 164, -1,
      164, 168, 169, -1,
      164, 169, 163, -1,
      163, 169, 170, -1,
      163, 170, 162, -1,
      162, 170, 171, -1,
      162, 171, 161, -1,
      153, 154, 175, -1,
      175, 154, 158, -1,
      175, 158, 174, -1,
      158, 159, 174, -1,
      174, 159, 160, -1,
      174, 160, 173, -1,
      173, 160, 161, -1,
      173, 161, 172, -1,
      172, 161, 171, -1,
      178, 102, 179, -1,
      179, 102, 1, -1,
      1, 0, 179, -1,
      179, 0, 50, -1,
      179, 50, 180, -1,
      180, 50, 49, -1,
      180, 49, 181, -1,
      181, 49, 44, -1,
      181, 44, 182, -1,
      182, 44, 43, -1,
      182, 43, 183, -1,
      183, 43, 42, -1,
      183, 42, 184, -1,
      184, 42, 41, -1,
      184, 41, 185, -1,
      185, 41, 40, -1,
      185, 40, 186, -1,
      186, 40, 35, -1,
      186, 35, 187, -1,
      187, 35, 34, -1,
      187, 34, 188, -1,
      188, 34, 65, -1,
      188, 65, 189, -1,
      189, 65, 64, -1,
      189, 64, 190, -1,
      190, 64, 62, -1,
      190, 62, 191, -1,
      191, 62, 60, -1,
      191, 60, 192, -1,
      192, 60, 59, -1,
      192, 59, 193, -1,
      193, 59, 58, -1,
      193, 58, 194, -1,
      194, 58, 57, -1,
      194, 57, 195, -1,
      195, 57, 56, -1,
      195, 56, 196, -1,
      196, 56, 53, -1,
      196, 53, 197, -1,
      197, 53, 68, -1,
      197, 68, 198, -1,
      198, 68, 67, -1,
      198, 67, 199, -1,
      199, 67, 66, -1,
      199, 66, 200, -1,
      200, 66, 55, -1,
      200, 55, 201, -1,
      201, 55, 54, -1,
      201, 54, 202, -1,
      202, 54, 52, -1,
      202, 52, 203, -1,
      203, 52, 51, -1,
      203, 51, 204, -1,
      204, 51, 61, -1,
      204, 61, 205, -1,
      205, 61, 63, -1,
      205, 63, 206, -1,
      206, 63, 36, -1,
      206, 36, 207, -1,
      208, 207, 47, -1,
      47, 207, 36, -1,
      208, 47, 48, -1,
      208, 48, 209, -1,
      209, 48, 46, -1,
      209, 46, 210, -1,
      210, 46, 45, -1,
      210, 45, 211, -1,
      211, 45, 37, -1,
      211, 37, 212, -1,
      212, 37, 38, -1,
      212, 38, 213, -1,
      213, 38, 214, -1,
      214, 38, 39, -1,
      39, 70, 214, -1,
      214, 70, 71, -1,
      214, 71, 215, -1,
      215, 71, 79, -1,
      215, 79, 216, -1,
      216, 79, 78, -1,
      216, 78, 217, -1,
      217, 78, 77, -1,
      217, 77, 218, -1,
      218, 77, 76, -1,
      218, 76, 219, -1,
      219, 76, 75, -1,
      219, 75, 220, -1,
      82, 221, 222, -1,
      220, 75, 80, -1,
      220, 80, 223, -1,
      223, 80, 74, -1,
      223, 74, 222, -1,
      222, 74, 83, -1,
      222, 83, 82, -1,
      221, 82, 86, -1,
      221, 86, 224, -1,
      224, 86, 97, -1,
      224, 97, 225, -1,
      225, 97, 96, -1,
      225, 96, 226, -1,
      226, 96, 95, -1,
      226, 95, 227, -1,
      227, 95, 89, -1,
      227, 89, 228, -1,
      228, 89, 88, -1,
      228, 88, 229, -1,
      229, 88, 94, -1,
      229, 94, 230, -1,
      230, 94, 93, -1,
      230, 93, 231, -1,
      231, 93, 92, -1,
      231, 92, 232, -1,
      232, 92, 91, -1,
      232, 91, 233, -1,
      233, 91, 90, -1,
      233, 90, 234, -1,
      234, 90, 87, -1,
      234, 87, 235, -1,
      235, 87, 85, -1,
      235, 85, 236, -1,
      236, 85, 84, -1,
      236, 84, 237, -1,
      69, 238, 239, -1,
      237, 84, 81, -1,
      237, 81, 240, -1,
      240, 81, 73, -1,
      240, 73, 239, -1,
      239, 73, 72, -1,
      239, 72, 69, -1,
      241, 238, 101, -1,
      101, 238, 69, -1,
      241, 101, 242, -1,
      242, 101, 100, -1,
      102, 178, 98, -1,
      98, 178, 242, -1,
      98, 242, 99, -1,
      99, 242, 100, -1,
      200, 201, 212, -1,
      212, 201, 211, -1,
      224, 191, 221, -1,
      221, 191, 192, -1,
      180, 181, 232, -1,
      232, 181, 182, -1,
      232, 182, 231, -1,
      231, 182, 183, -1,
      231, 183, 230, -1,
      230, 183, 184, -1,
      230, 184, 229, -1,
      229, 184, 185, -1,
      229, 185, 228, -1,
      228, 185, 186, -1,
      228, 186, 227, -1,
      227, 186, 187, -1,
      227, 187, 226, -1,
      226, 187, 188, -1,
      226, 188, 225, -1,
      225, 188, 189, -1,
      225, 189, 224, -1,
      224, 189, 190, -1,
      224, 190, 191, -1,
      178, 237, 242, -1,
      242, 237, 240, -1,
      242, 240, 241, -1,
      241, 240, 239, -1,
      241, 239, 238, -1,
      201, 202, 211, -1,
      211, 202, 203, -1,
      211, 203, 210, -1,
      210, 203, 204, -1,
      210, 204, 209, -1,
      209, 204, 205, -1,
      209, 205, 208, -1,
      208, 205, 206, -1,
      208, 206, 207, -1,
      232, 233, 180, -1,
      180, 233, 234, -1,
      180, 234, 179, -1,
      179, 234, 235, -1,
      179, 235, 178, -1,
      178, 235, 236, -1,
      178, 236, 237, -1,
      212, 213, 200, -1,
      200, 213, 214, -1,
      200, 214, 199, -1,
      199, 214, 215, -1,
      199, 215, 198, -1,
      198, 215, 216, -1,
      198, 216, 197, -1,
      197, 216, 217, -1,
      197, 217, 196, -1,
      196, 217, 218, -1,
      196, 218, 195, -1,
      195, 218, 219, -1,
      195, 219, 194, -1,
      194, 219, 220, -1,
      194, 220, 193, -1,
      193, 220, 223, -1,
      193, 223, 192, -1,
      192, 223, 222, -1,
      192, 222, 221, -1,
      243, 244, 245, -1,
      245, 244, 246, -1,
      247, 248, 246, -1,
      246, 248, 249, -1,
      250, 251, 252, -1,
      252, 251, 253, -1,
      254, 255, 256, -1,
      249, 257, 246, -1,
      246, 257, 258, -1,
      246, 258, 245, -1,
      245, 258, 259, -1,
      245, 259, 250, -1,
      250, 259, 260, -1,
      250, 260, 251, -1,
      261, 262, 263, -1,
      263, 262, 264, -1,
      263, 264, 265, -1,
      265, 264, 266, -1,
      265, 266, 267, -1,
      267, 266, 268, -1,
      267, 268, 269, -1,
      269, 268, 270, -1,
      269, 270, 271, -1,
      271, 270, 272, -1,
      271, 272, 273, -1,
      273, 272, 274, -1,
      273, 274, 275, -1,
      275, 274, 276, -1,
      275, 276, 277, -1,
      277, 276, 278, -1,
      277, 278, 279, -1,
      279, 278, 280, -1,
      279, 280, 246, -1,
      246, 280, 281, -1,
      246, 281, 247, -1,
      256, 255, 282, -1,
      282, 255, 283, -1,
      282, 283, 284, -1,
      285, 286, 281, -1,
      281, 286, 287, -1,
      281, 287, 247, -1,
      288, 289, 290, -1,
      290, 289, 291, -1,
      290, 291, 292, -1,
      292, 291, 293, -1,
      292, 293, 294, -1,
      294, 293, 295, -1,
      294, 295, 296, -1,
      296, 295, 297, -1,
      296, 297, 298, -1,
      298, 297, 299, -1,
      298, 299, 253, -1,
      253, 299, 300, -1,
      253, 300, 252, -1,
      256, 301, 254, -1,
      254, 301, 286, -1,
      254, 286, 302, -1,
      302, 286, 285, -1,
      283, 303, 284, -1,
      284, 303, 304, -1,
      284, 304, 305, -1,
      305, 304, 306, -1,
      305, 306, 307, -1,
      307, 306, 308, -1,
      307, 308, 309, -1,
      309, 308, 310, -1,
      309, 310, 288, -1,
      288, 310, 311, -1,
      288, 311, 289, -1,
      268, 121, 120, -1,
      268, 120, 270, -1,
      270, 120, 147, -1,
      270, 147, 272, -1,
      272, 147, 146, -1,
      272, 146, 274, -1,
      274, 146, 140, -1,
      274, 140, 276, -1,
      276, 140, 139, -1,
      276, 139, 278, -1,
      278, 139, 138, -1,
      278, 138, 280, -1,
      280, 138, 137, -1,
      280, 137, 281, -1,
      285, 281, 119, -1,
      119, 281, 137, -1,
      285, 119, 117, -1,
      285, 117, 302, -1,
      302, 117, 116, -1,
      302, 116, 254, -1,
      254, 116, 104, -1,
      254, 104, 255, -1,
      255, 104, 106, -1,
      255, 106, 283, -1,
      283, 106, 107, -1,
      283, 107, 303, -1,
      303, 107, 142, -1,
      303, 142, 304, -1,
      304, 142, 141, -1,
      304, 141, 306, -1,
      306, 141, 112, -1,
      306, 112, 308, -1,
      308, 112, 111, -1,
      308, 111, 310, -1,
      310, 111, 129, -1,
      310, 129, 311, -1,
      311, 129, 128, -1,
      311, 128, 289, -1,
      149, 295, 123, -1,
      123, 295, 293, -1,
      123, 293, 124, -1,
      124, 293, 291, -1,
      124, 291, 125, -1,
      125, 291, 289, -1,
      125, 289, 128, -1,
      149, 148, 295, -1,
      295, 148, 297, -1,
      148, 150, 297, -1,
      297, 150, 115, -1,
      297, 115, 299, -1,
      299, 115, 114, -1,
      299, 114, 300, -1,
      300, 114, 113, -1,
      300, 113, 252, -1,
      252, 113, 110, -1,
      252, 110, 250, -1,
      245, 250, 109, -1,
      109, 250, 110, -1,
      243, 245, 108, -1,
      108, 245, 109, -1,
      244, 243, 145, -1,
      145, 243, 108, -1,
      246, 244, 144, -1,
      144, 244, 145, -1,
      246, 144, 143, -1,
      246, 143, 279, -1,
      279, 143, 132, -1,
      279, 132, 277, -1,
      277, 132, 131, -1,
      277, 131, 275, -1,
      275, 131, 130, -1,
      275, 130, 273, -1,
      273, 130, 127, -1,
      273, 127, 271, -1,
      271, 127, 126, -1,
      271, 126, 269, -1,
      269, 126, 136, -1,
      269, 136, 267, -1,
      267, 136, 135, -1,
      267, 135, 265, -1,
      265, 135, 134, -1,
      265, 134, 263, -1,
      263, 134, 133, -1,
      263, 133, 261, -1,
      262, 261, 105, -1,
      105, 261, 133, -1,
      262, 105, 118, -1,
      262, 118, 264, -1,
      264, 118, 122, -1,
      264, 122, 266, -1,
      266, 122, 121, -1,
      266, 121, 268, -1,
      260, 312, 313, -1,
      260, 313, 251, -1,
      251, 313, 314, -1,
      251, 314, 253, -1,
      253, 314, 315, -1,
      253, 315, 298, -1,
      298, 315, 316, -1,
      298, 316, 296, -1,
      249, 317, 318, -1,
      249, 318, 257, -1,
      257, 318, 319, -1,
      257, 319, 258, -1,
      258, 319, 320, -1,
      258, 320, 259, -1,
      259, 320, 312, -1,
      259, 312, 260, -1,
      249, 248, 317, -1,
      317, 248, 321, -1,
      248, 247, 321, -1,
      321, 247, 322, -1,
      301, 323, 324, -1,
      301, 324, 286, -1,
      286, 324, 325, -1,
      286, 325, 287, -1,
      287, 325, 322, -1,
      287, 322, 247, -1,
      305, 326, 327, -1,
      305, 327, 284, -1,
      284, 327, 328, -1,
      284, 328, 282, -1,
      282, 328, 329, -1,
      282, 329, 256, -1,
      256, 329, 323, -1,
      256, 323, 301, -1,
      290, 330, 331, -1,
      290, 331, 288, -1,
      288, 331, 332, -1,
      288, 332, 309, -1,
      309, 332, 333, -1,
      309, 333, 307, -1,
      307, 333, 326, -1,
      307, 326, 305, -1,
      296, 316, 334, -1,
      296, 334, 294, -1,
      294, 334, 335, -1,
      294, 335, 292, -1,
      292, 335, 330, -1,
      292, 330, 290, -1,
    ]
  }
}

Shape {
  appearance Appearance {
    material Material {
      diffuseColor 0.6667 0.6667 0.6667
      specularColor 0.4667 0.4667 0.4667
      ambientIntensity 0.2
      transparency 0.0000
      shininess 0.5
    }
  }
  geometry IndexedFaceSet {
    ccw TRUE
    solid FALSE
    coord DEF co Coordinate {
      point [
        1.570575 -5.599446 0.748031,
        1.567955 -5.602006 0.748031,
        1.562050 -5.605991 0.748031,
        1.555711 -5.608294 0.748031,
        1.547889 -5.609169 0.748031,
        1.579530 -5.575138 0.748031,
        1.579510 -5.576525 0.748031,
        1.578165 -5.585849 0.748031,
        1.575100 -5.593303 0.748031,
        1.579530 -5.563710 0.748031,
        1.551642 -5.567463 0.748031,
        1.531428 -5.574798 0.748031,
        1.533925 -5.572849 0.748031,
        1.538722 -5.570499 0.748031,
        1.525885 -5.589893 0.748031,
        1.526062 -5.586577 0.748031,
        1.527093 -5.581792 0.748031,
        1.528927 -5.577894 0.748031,
        1.531940 -5.603796 0.748031,
        1.530163 -5.602009 0.748031,
        1.527789 -5.598487 0.748031,
        1.526415 -5.594691 0.748031,
        1.540831 -5.608373 0.748031,
        1.536104 -5.606639 0.748031,
      ]
    }
    coordIndex [
      6, 5, 11, -1,
      5, 9, 10, -1,
      10, 13, 5, -1,
      5, 13, 12, -1,
      5, 12, 11, -1,
      6, 11, 7, -1,
      7, 11, 17, -1,
      7, 17, 8, -1,
      19, 18, 1, -1,
      19, 1, 20, -1,
      2, 1, 3, -1,
      3, 1, 4, -1,
      17, 16, 8, -1,
      8, 16, 15, -1,
      8, 15, 0, -1,
      0, 15, 14, -1,
      0, 14, 1, -1,
      1, 14, 21, -1,
      1, 21, 20, -1,
      18, 23, 1, -1,
      1, 23, 22, -1,
      1, 22, 4, -1,
    ]
  }
}

Shape {
  appearance Appearance {
    material Material {
      diffuseColor 0.0000 0.0000 0.0000
      specularColor 0.0000 0.0000 0.0000
      ambientIntensity 0.2
      transparency 0.0000
      shininess 0.5
    }
  }
  geometry IndexedFaceSet {
    ccw TRUE
    solid FALSE
    coord DEF co Coordinate {
      point [
        1.182063 -5.322135 0.748031,
        1.214228 -5.349350 0.748031,
        1.030521 -5.176800 0.748031,
        1.050451 -5.190620 0.748031,
        1.076873 -5.208944 0.748031,
        1.117859 -5.256972 0.748031,
        1.140922 -5.302645 0.748031,
        1.146769 -5.304612 0.748031,
        0.806910 -5.173148 0.748031,
        0.861930 -5.153286 0.748031,
        0.915565 -5.147268 0.748031,
        0.971656 -5.154044 0.748031,
        0.778035 -5.190620 0.748031,
        0.773235 -5.193526 0.748031,
        0.647053 -5.249111 0.748031,
        0.693767 -5.243341 0.748031,
        0.745362 -5.217396 0.748031,
        0.707407 -5.244082 0.748031,
        0.721047 -5.245713 0.748031,
        0.557367 -5.300273 0.748031,
        0.565387 -5.292683 0.748031,
        0.603115 -5.266166 0.748031,
        0.504624 -5.409169 0.748031,
        0.509929 -5.379504 0.748031,
        0.518463 -5.360257 0.748031,
        0.528863 -5.336807 0.748031,
        0.631359 -5.617227 0.748031,
        0.588487 -5.596356 0.748031,
        0.551436 -5.564771 0.748031,
        0.524338 -5.526076 0.748031,
        0.507352 -5.481917 0.748031,
        0.501620 -5.435487 0.748031,
        0.501957 -5.424080 0.748031,
        0.646323 -5.621703 0.748031,
        0.647819 -5.624904 0.748031,
        0.658219 -5.647153 0.748031,
        0.675859 -5.668921 0.748031,
        0.808109 -5.690986 0.748031,
        0.787709 -5.698822 0.748031,
        0.759002 -5.702357 0.748031,
        0.754431 -5.702272 0.748031,
        0.726427 -5.697906 0.748031,
        0.709958 -5.690986 0.748031,
        0.699061 -5.686409 0.748031,
        0.870142 -5.624904 0.748031,
        0.870035 -5.625356 0.748031,
        0.856006 -5.651793 0.748031,
        0.837787 -5.672222 0.748031,
        0.814163 -5.688661 0.748031,
        1.252924 -5.419322 0.748031,
        1.258344 -5.458023 0.748031,
        1.021589 -5.554932 0.748031,
        1.029727 -5.551717 0.748031,
        1.043663 -5.484117 0.748031,
        1.214459 -5.570701 0.748031,
        1.182179 -5.598026 0.748031,
        0.847958 -5.504280 0.748031,
        1.006894 -5.421254 0.748031,
        0.827231 -5.485408 0.748031,
        0.802063 -5.471918 0.748031,
        1.014295 -5.560102 0.748031,
        1.237994 -5.537920 0.748031,
        1.184228 -5.448822 0.748031,
        1.178658 -5.426041 0.748031,
        1.169565 -5.409169 0.748031,
        0.579293 -5.409169 0.748031,
        1.252898 -5.500372 0.748031,
        1.038919 -5.550538 0.748031,
        1.040072 -5.550621 0.748031,
        1.043631 -5.551409 0.748031,
        0.586261 -5.480409 0.748031,
        0.600400 -5.504472 0.748031,
        0.660624 -5.516729 0.748031,
        0.621666 -5.526318 0.748031,
        0.647509 -5.542235 0.748031,
        0.704487 -5.477462 0.748031,
        0.680235 -5.494309 0.748031,
        0.576344 -5.433115 0.748031,
        0.577760 -5.451379 0.748031,
        0.730687 -5.467442 0.748031,
        0.759002 -5.463954 0.748031,
        0.773433 -5.464809 0.748031,
        1.002150 -5.587307 0.748031,
        1.002451 -5.582626 0.748031,
        0.877610 -5.571887 0.748031,
        1.004833 -5.573598 0.748031,
        1.009394 -5.565506 0.748031,
        1.160734 -5.521942 0.748031,
        1.173784 -5.503442 0.748031,
        1.181959 -5.482304 0.748031,
        1.184807 -5.459209 0.748031,
        1.029865 -5.622998 0.748031,
        1.022019 -5.619910 0.748031,
        1.014326 -5.614441 0.748031,
        1.011569 -5.611635 0.748031,
        1.006399 -5.604184 0.748031,
        1.003275 -5.596141 0.748031,
        0.876970 -5.596074 0.748031,
        0.877610 -5.583748 0.748031,
        1.145989 -5.615733 0.748031,
        1.106525 -5.624075 0.748031,
        1.036546 -5.624075 0.748031,
        1.046035 -5.551724 0.748031,
        1.099409 -5.551724 0.748031,
        1.120691 -5.547648 0.748031,
        1.141620 -5.537953 0.748031,
        1.159159 -5.523633 0.748031,
        1.082804 -5.366694 0.748031,
        0.590040 -5.377954 0.748031,
        0.579880 -5.404408 0.748031,
        1.092292 -5.366694 0.748031,
        1.167629 -5.405576 0.748031,
        1.153946 -5.390296 0.748031,
        1.135551 -5.377450 0.748031,
        1.114850 -5.369477 0.748031,
        1.057250 -5.295460 0.748031,
        1.030500 -5.263496 0.748031,
        0.757816 -5.332298 0.748031,
        1.027483 -5.260749 0.748031,
        0.994158 -5.237624 0.748031,
        0.775930 -5.294788 0.748031,
        0.602355 -5.360257 0.748031,
        0.749336 -5.327662 0.748031,
        1.081389 -5.360257 0.748031,
        1.075548 -5.333678 0.748031,
        0.722740 -5.317946 0.748031,
        0.694953 -5.314506 0.748031,
        0.682627 -5.315146 0.748031,
        0.802530 -5.263005 0.748031,
        0.956963 -5.223375 0.748031,
        0.834348 -5.239757 0.748031,
        0.916751 -5.218433 0.748031,
        0.873096 -5.224055 0.748031,
        0.653346 -5.322082 0.748031,
        0.626909 -5.336111 0.748031,
        0.606480 -5.354330 0.748031,
        1.222051 -5.360257 0.748031,
        1.238431 -5.383096 0.748031,
        1.248862 -5.409169 0.748031,
        0.658219 -5.647153 0.751969,
        0.675859 -5.668921 0.751969,
        0.647509 -5.542235 0.751969,
        0.626909 -5.336111 0.751969,
        0.653346 -5.322082 0.751969,
        0.647053 -5.249111 0.751969,
        0.721047 -5.245713 0.751969,
        0.757816 -5.332298 0.751969,
        0.775930 -5.294788 0.751969,
        0.877610 -5.583748 0.751969,
        0.877610 -5.571887 0.751969,
        0.777007 -5.542872 0.751969,
        0.765825 -5.539380 0.751969,
        0.621666 -5.526318 0.751969,
        0.631359 -5.617227 0.751969,
        0.646323 -5.621703 0.751969,
        0.693767 -5.243341 0.751969,
        0.794798 -5.557159 0.751969,
        0.800344 -5.566689 0.751969,
        0.876970 -5.596074 0.751969,
        1.043663 -5.484117 0.751969,
        1.006894 -5.421254 0.751969,
        0.847958 -5.504280 0.751969,
        0.757815 -5.538677 0.751969,
        0.746541 -5.540081 0.751969,
        0.730687 -5.467442 0.751969,
        0.736160 -5.544091 0.751969,
        0.704487 -5.477462 0.751969,
        0.726845 -5.550611 0.751969,
        0.680235 -5.494309 0.751969,
        0.721235 -5.556634 0.751969,
        0.660624 -5.516729 0.751969,
        0.715322 -5.566609 0.751969,
        0.712092 -5.577859 0.751969,
        0.711772 -5.589430 0.751969,
        0.802063 -5.471918 0.751969,
        0.773433 -5.464809 0.751969,
        0.759002 -5.463954 0.751969,
        0.786833 -5.548950 0.751969,
        1.082804 -5.366694 0.751969,
        1.092292 -5.366694 0.751969,
        1.140922 -5.302645 0.751969,
        1.114850 -5.369477 0.751969,
        1.146769 -5.304612 0.751969,
        1.135551 -5.377450 0.751969,
        1.182063 -5.322135 0.751969,
        1.214228 -5.349350 0.751969,
        0.745362 -5.217396 0.751969,
        0.802530 -5.263005 0.751969,
        0.773235 -5.193526 0.751969,
        0.834348 -5.239757 0.751969,
        0.806910 -5.173148 0.751969,
        0.682627 -5.315146 0.751969,
        0.694953 -5.314506 0.751969,
        0.707407 -5.244082 0.751969,
        0.722740 -5.317946 0.751969,
        0.749336 -5.327662 0.751969,
        0.714215 -5.600449 0.751969,
        0.719134 -5.610306 0.751969,
        0.827231 -5.485408 0.751969,
        1.214459 -5.570701 0.751969,
        1.159159 -5.523633 0.751969,
        1.182179 -5.598026 0.751969,
        1.141620 -5.537953 0.751969,
        1.145989 -5.615733 0.751969,
        1.120691 -5.547648 0.751969,
        1.106525 -5.624075 0.751969,
        1.099409 -5.551724 0.751969,
        1.036546 -5.624075 0.751969,
        1.046035 -5.551724 0.751969,
        1.029865 -5.622998 0.751969,
        1.153946 -5.390296 0.751969,
        1.167629 -5.405576 0.751969,
        1.238431 -5.383096 0.751969,
        1.178658 -5.426041 0.751969,
        1.252924 -5.419322 0.751969,
        1.184228 -5.448822 0.751969,
        1.258344 -5.458023 0.751969,
        1.184807 -5.459209 0.751969,
        1.252898 -5.500372 0.751969,
        1.181959 -5.482304 0.751969,
        1.237994 -5.537920 0.751969,
        1.173784 -5.503442 0.751969,
        1.160734 -5.521942 0.751969,
        1.076873 -5.208944 0.751969,
        1.030500 -5.263496 0.751969,
        1.117859 -5.256972 0.751969,
        1.057250 -5.295460 0.751969,
        1.075548 -5.333678 0.751969,
        0.579880 -5.404408 0.751969,
        0.501957 -5.424080 0.751969,
        0.576344 -5.433115 0.751969,
        0.501620 -5.435487 0.751969,
        0.577760 -5.451379 0.751969,
        0.507352 -5.481917 0.751969,
        0.586261 -5.480409 0.751969,
        0.524338 -5.526076 0.751969,
        0.600400 -5.504472 0.751969,
        0.551436 -5.564771 0.751969,
        0.588487 -5.596356 0.751969,
        0.861930 -5.153286 0.751969,
        0.873096 -5.224055 0.751969,
        0.915565 -5.147268 0.751969,
        0.916751 -5.218433 0.751969,
        0.971656 -5.154044 0.751969,
        0.956963 -5.223375 0.751969,
        1.030521 -5.176800 0.751969,
        0.994158 -5.237624 0.751969,
        1.027483 -5.260749 0.751969,
        0.603115 -5.266166 0.751969,
        0.565387 -5.292683 0.751969,
        0.606480 -5.354330 0.751969,
        0.557367 -5.300273 0.751969,
        0.590040 -5.377954 0.751969,
        0.528863 -5.336807 0.751969,
        0.509929 -5.379504 0.751969,
        0.803479 -5.577476 0.751969,
        0.803896 -5.588969 0.751969,
        0.870035 -5.625356 0.751969,
        0.801381 -5.600434 0.751969,
        0.856006 -5.651793 0.751969,
        0.796123 -5.610806 0.751969,
        0.837787 -5.672222 0.751969,
        0.788580 -5.619456 0.751969,
        0.814163 -5.688661 0.751969,
        0.779504 -5.625807 0.751969,
        0.787709 -5.698822 0.751969,
        0.769183 -5.629792 0.751969,
        0.759002 -5.702357 0.751969,
        0.757815 -5.631192 0.751969,
        0.754431 -5.702272 0.751969,
        0.755790 -5.631147 0.751969,
        0.726427 -5.697906 0.751969,
        0.745142 -5.629410 0.751969,
        0.699061 -5.686409 0.751969,
        0.734421 -5.624805 0.751969,
        0.725346 -5.617848 0.751969,
        1.040072 -5.550621 0.751969,
        1.011569 -5.611635 0.751969,
        1.014326 -5.614441 0.751969,
        1.043631 -5.551409 0.751969,
        1.022019 -5.619910 0.751969,
        1.002150 -5.587307 0.751969,
        1.003275 -5.596141 0.751969,
        1.006399 -5.604184 0.751969,
        1.029727 -5.551717 0.751969,
        1.021589 -5.554932 0.751969,
        1.002451 -5.582626 0.751969,
        1.014295 -5.560102 0.751969,
        1.009394 -5.565506 0.751969,
        1.004833 -5.573598 0.751969,
        1.038919 -5.550538 0.751969,
        0.757815 -5.538677 0.748031,
        0.765825 -5.539380 0.748031,
        0.777007 -5.542872 0.748031,
        0.786833 -5.548950 0.748031,
        0.794798 -5.557159 0.748031,
        0.800344 -5.566689 0.748031,
        0.803479 -5.577476 0.748031,
        0.803896 -5.588969 0.748031,
        0.801381 -5.600434 0.748031,
        0.796123 -5.610806 0.748031,
        0.788580 -5.619456 0.748031,
        0.779504 -5.625807 0.748031,
        0.769183 -5.629792 0.748031,
        0.757815 -5.631192 0.748031,
        0.755790 -5.631147 0.748031,
        0.745142 -5.629410 0.748031,
        0.734421 -5.624805 0.748031,
        0.725346 -5.617848 0.748031,
        0.719134 -5.610306 0.748031,
        0.714215 -5.600449 0.748031,
        0.711772 -5.589430 0.748031,
        0.712092 -5.577859 0.748031,
        0.715322 -5.566609 0.748031,
        0.721235 -5.556634 0.748031,
        0.726845 -5.550611 0.748031,
        0.736160 -5.544091 0.748031,
        0.746541 -5.540081 0.748031,
      ]
    }
    coordIndex [
      139, 140, 141, -1,
      142, 143, 144, -1,
      145, 146, 147, -1,
      148, 149, 150, -1,
      150, 149, 151, -1,
      152, 153, 141, -1,
      141, 153, 154, -1,
      141, 154, 139, -1,
      144, 143, 155, -1,
      156, 157, 158, -1,
      159, 160, 149, -1,
      149, 160, 161, -1,
      149, 161, 151, -1,
      151, 161, 162, -1,
      163, 164, 165, -1,
      165, 164, 166, -1,
      165, 166, 167, -1,
      167, 166, 168, -1,
      167, 168, 169, -1,
      169, 168, 170, -1,
      169, 170, 171, -1,
      171, 170, 141, -1,
      171, 141, 172, -1,
      172, 141, 173, -1,
      174, 175, 163, -1,
      163, 175, 176, -1,
      163, 176, 164, -1,
      148, 150, 158, -1,
      158, 150, 177, -1,
      158, 177, 156, -1,
      178, 179, 180, -1,
      180, 179, 181, -1,
      180, 181, 182, -1,
      182, 181, 183, -1,
      182, 183, 184, -1,
      184, 183, 185, -1,
      145, 147, 186, -1,
      186, 147, 187, -1,
      186, 187, 188, -1,
      188, 187, 189, -1,
      188, 189, 190, -1,
      143, 191, 155, -1,
      155, 191, 192, -1,
      155, 192, 193, -1,
      193, 192, 194, -1,
      193, 194, 145, -1,
      145, 194, 195, -1,
      145, 195, 146, -1,
      173, 141, 196, -1,
      196, 141, 140, -1,
      196, 140, 197, -1,
      162, 161, 163, -1,
      163, 161, 198, -1,
      163, 198, 174, -1,
      199, 200, 201, -1,
      201, 200, 202, -1,
      201, 202, 203, -1,
      203, 202, 204, -1,
      203, 204, 205, -1,
      205, 204, 206, -1,
      205, 206, 207, -1,
      207, 206, 208, -1,
      207, 208, 209, -1,
      183, 210, 185, -1,
      185, 210, 211, -1,
      185, 211, 212, -1,
      212, 211, 213, -1,
      212, 213, 214, -1,
      214, 213, 215, -1,
      214, 215, 216, -1,
      216, 215, 217, -1,
      216, 217, 218, -1,
      218, 217, 219, -1,
      218, 219, 220, -1,
      220, 219, 221, -1,
      220, 221, 199, -1,
      199, 221, 222, -1,
      199, 222, 200, -1,
      223, 224, 225, -1,
      225, 224, 226, -1,
      225, 226, 180, -1,
      180, 226, 227, -1,
      180, 227, 178, -1,
      228, 229, 230, -1,
      230, 229, 231, -1,
      230, 231, 232, -1,
      232, 231, 233, -1,
      232, 233, 234, -1,
      234, 233, 235, -1,
      234, 235, 236, -1,
      236, 235, 237, -1,
      236, 237, 152, -1,
      152, 237, 238, -1,
      152, 238, 153, -1,
      190, 189, 239, -1,
      239, 189, 240, -1,
      239, 240, 241, -1,
      241, 240, 242, -1,
      241, 242, 243, -1,
      243, 242, 244, -1,
      243, 244, 245, -1,
      245, 244, 246, -1,
      245, 246, 223, -1,
      223, 246, 247, -1,
      223, 247, 224, -1,
      144, 248, 142, -1,
      142, 248, 249, -1,
      142, 249, 250, -1,
      250, 249, 251, -1,
      250, 251, 252, -1,
      252, 251, 253, -1,
      252, 253, 228, -1,
      228, 253, 254, -1,
      228, 254, 229, -1,
      157, 255, 158, -1,
      158, 255, 256, -1,
      158, 256, 257, -1,
      257, 256, 258, -1,
      257, 258, 259, -1,
      259, 258, 260, -1,
      259, 260, 261, -1,
      261, 260, 262, -1,
      261, 262, 263, -1,
      263, 262, 264, -1,
      263, 264, 265, -1,
      265, 264, 266, -1,
      265, 266, 267, -1,
      267, 266, 268, -1,
      267, 268, 269, -1,
      269, 268, 270, -1,
      269, 270, 271, -1,
      271, 270, 272, -1,
      271, 272, 273, -1,
      273, 272, 274, -1,
      273, 274, 140, -1,
      140, 274, 275, -1,
      140, 275, 197, -1,
      276, 277, 278, -1,
      208, 279, 209, -1,
      209, 279, 276, -1,
      209, 276, 280, -1,
      280, 276, 278, -1,
      281, 282, 276, -1,
      276, 282, 283, -1,
      276, 283, 277, -1,
      284, 285, 286, -1,
      285, 287, 286, -1,
      286, 287, 288, -1,
      286, 288, 289, -1,
      281, 276, 286, -1,
      286, 276, 290, -1,
      286, 290, 284, -1,
      216, 50, 49, -1,
      136, 185, 212, -1,
      216, 49, 214, -1,
      214, 49, 138, -1,
      214, 138, 212, -1,
      212, 138, 137, -1,
      212, 137, 136, -1,
      136, 1, 185, -1,
      185, 1, 0, -1,
      185, 0, 184, -1,
      184, 0, 7, -1,
      184, 7, 182, -1,
      182, 7, 6, -1,
      182, 6, 180, -1,
      180, 6, 5, -1,
      180, 5, 225, -1,
      225, 5, 4, -1,
      225, 4, 223, -1,
      245, 223, 3, -1,
      3, 223, 4, -1,
      3, 2, 245, -1,
      245, 2, 11, -1,
      245, 11, 243, -1,
      243, 11, 10, -1,
      243, 10, 241, -1,
      241, 10, 9, -1,
      241, 9, 239, -1,
      239, 9, 8, -1,
      239, 8, 190, -1,
      190, 8, 188, -1,
      188, 8, 12, -1,
      188, 12, 13, -1,
      188, 13, 16, -1,
      188, 16, 186, -1,
      186, 16, 18, -1,
      186, 18, 145, -1,
      145, 18, 17, -1,
      145, 17, 193, -1,
      193, 17, 15, -1,
      193, 15, 155, -1,
      155, 15, 14, -1,
      155, 14, 144, -1,
      144, 14, 21, -1,
      144, 21, 248, -1,
      248, 21, 20, -1,
      248, 20, 249, -1,
      249, 20, 19, -1,
      249, 19, 251, -1,
      31, 231, 229, -1,
      251, 19, 25, -1,
      251, 25, 253, -1,
      253, 25, 24, -1,
      253, 24, 254, -1,
      24, 23, 254, -1,
      254, 23, 22, -1,
      254, 22, 229, -1,
      229, 22, 32, -1,
      229, 32, 31, -1,
      231, 31, 30, -1,
      231, 30, 233, -1,
      233, 30, 29, -1,
      233, 29, 235, -1,
      235, 29, 28, -1,
      235, 28, 237, -1,
      237, 28, 27, -1,
      237, 27, 238, -1,
      238, 27, 26, -1,
      238, 26, 153, -1,
      153, 26, 33, -1,
      153, 33, 154, -1,
      154, 33, 34, -1,
      154, 34, 139, -1,
      34, 35, 139, -1,
      139, 35, 36, -1,
      139, 36, 140, -1,
      140, 36, 43, -1,
      140, 43, 273, -1,
      273, 43, 42, -1,
      273, 42, 271, -1,
      42, 41, 271, -1,
      271, 41, 40, -1,
      271, 40, 269, -1,
      269, 40, 39, -1,
      269, 39, 267, -1,
      98, 148, 158, -1,
      267, 39, 38, -1,
      37, 263, 38, -1,
      38, 263, 265, -1,
      38, 265, 267, -1,
      37, 48, 263, -1,
      263, 48, 47, -1,
      263, 47, 261, -1,
      261, 47, 46, -1,
      261, 46, 259, -1,
      259, 46, 45, -1,
      259, 45, 257, -1,
      257, 45, 44, -1,
      257, 44, 158, -1,
      158, 44, 97, -1,
      158, 97, 98, -1,
      149, 148, 84, -1,
      84, 148, 98, -1,
      159, 149, 53, -1,
      53, 149, 84, -1,
      160, 159, 57, -1,
      57, 159, 53, -1,
      161, 160, 56, -1,
      56, 160, 57, -1,
      161, 56, 58, -1,
      161, 58, 198, -1,
      198, 58, 59, -1,
      198, 59, 174, -1,
      174, 59, 81, -1,
      174, 81, 175, -1,
      175, 81, 80, -1,
      175, 80, 176, -1,
      176, 80, 79, -1,
      176, 79, 164, -1,
      164, 79, 75, -1,
      164, 75, 166, -1,
      166, 75, 76, -1,
      166, 76, 168, -1,
      168, 76, 72, -1,
      168, 72, 170, -1,
      170, 72, 74, -1,
      170, 74, 141, -1,
      141, 74, 73, -1,
      141, 73, 152, -1,
      152, 73, 71, -1,
      152, 71, 236, -1,
      236, 71, 70, -1,
      236, 70, 234, -1,
      234, 70, 78, -1,
      234, 78, 232, -1,
      232, 78, 77, -1,
      232, 77, 230, -1,
      228, 230, 77, -1,
      77, 65, 228, -1,
      228, 65, 109, -1,
      228, 109, 108, -1,
      121, 250, 108, -1,
      108, 250, 252, -1,
      108, 252, 228, -1,
      121, 135, 250, -1,
      250, 135, 134, -1,
      250, 134, 142, -1,
      142, 134, 133, -1,
      142, 133, 143, -1,
      143, 133, 127, -1,
      143, 127, 191, -1,
      191, 127, 126, -1,
      191, 126, 192, -1,
      192, 126, 125, -1,
      192, 125, 194, -1,
      194, 125, 122, -1,
      194, 122, 195, -1,
      195, 122, 117, -1,
      195, 117, 146, -1,
      146, 117, 120, -1,
      146, 120, 147, -1,
      147, 120, 128, -1,
      147, 128, 187, -1,
      187, 128, 130, -1,
      187, 130, 189, -1,
      189, 130, 132, -1,
      189, 132, 240, -1,
      240, 132, 131, -1,
      240, 131, 242, -1,
      242, 131, 129, -1,
      242, 129, 244, -1,
      244, 129, 119, -1,
      244, 119, 246, -1,
      246, 119, 118, -1,
      246, 118, 247, -1,
      247, 118, 116, -1,
      247, 116, 224, -1,
      224, 116, 115, -1,
      224, 115, 226, -1,
      226, 115, 124, -1,
      226, 124, 227, -1,
      227, 124, 178, -1,
      178, 124, 123, -1,
      178, 123, 107, -1,
      179, 178, 110, -1,
      110, 178, 107, -1,
      179, 110, 114, -1,
      179, 114, 181, -1,
      181, 114, 113, -1,
      181, 113, 183, -1,
      183, 113, 112, -1,
      183, 112, 210, -1,
      210, 112, 111, -1,
      210, 111, 211, -1,
      211, 111, 64, -1,
      211, 64, 213, -1,
      64, 63, 213, -1,
      213, 63, 62, -1,
      213, 62, 215, -1,
      215, 62, 90, -1,
      215, 90, 217, -1,
      217, 90, 89, -1,
      217, 89, 219, -1,
      219, 89, 88, -1,
      219, 88, 221, -1,
      221, 88, 87, -1,
      221, 87, 222, -1,
      222, 87, 106, -1,
      222, 106, 200, -1,
      200, 106, 105, -1,
      200, 105, 202, -1,
      202, 105, 104, -1,
      202, 104, 204, -1,
      204, 104, 103, -1,
      204, 103, 206, -1,
      208, 206, 102, -1,
      102, 206, 103, -1,
      208, 102, 69, -1,
      208, 69, 279, -1,
      279, 69, 68, -1,
      279, 68, 276, -1,
      276, 68, 67, -1,
      276, 67, 290, -1,
      290, 67, 52, -1,
      290, 52, 284, -1,
      284, 52, 51, -1,
      284, 51, 285, -1,
      285, 51, 60, -1,
      285, 60, 287, -1,
      287, 60, 86, -1,
      287, 86, 288, -1,
      288, 86, 85, -1,
      288, 85, 289, -1,
      289, 85, 83, -1,
      289, 83, 286, -1,
      286, 83, 82, -1,
      286, 82, 281, -1,
      281, 82, 96, -1,
      281, 96, 282, -1,
      282, 96, 95, -1,
      282, 95, 283, -1,
      283, 95, 94, -1,
      283, 94, 277, -1,
      277, 94, 93, -1,
      277, 93, 278, -1,
      278, 93, 92, -1,
      278, 92, 280, -1,
      280, 92, 91, -1,
      280, 91, 209, -1,
      209, 91, 101, -1,
      209, 101, 207, -1,
      205, 207, 100, -1,
      100, 207, 101, -1,
      205, 100, 99, -1,
      205, 99, 203, -1,
      203, 99, 55, -1,
      203, 55, 201, -1,
      201, 55, 54, -1,
      201, 54, 199, -1,
      199, 54, 61, -1,
      199, 61, 220, -1,
      220, 61, 66, -1,
      220, 66, 218, -1,
      218, 66, 50, -1,
      218, 50, 216, -1,
      162, 291, 292, -1,
      162, 292, 151, -1,
      151, 292, 293, -1,
      151, 293, 150, -1,
      150, 293, 294, -1,
      150, 294, 177, -1,
      177, 294, 295, -1,
      177, 295, 156, -1,
      156, 295, 296, -1,
      156, 296, 157, -1,
      157, 296, 297, -1,
      157, 297, 255, -1,
      255, 297, 298, -1,
      255, 298, 256, -1,
      256, 298, 299, -1,
      256, 299, 258, -1,
      258, 299, 300, -1,
      258, 300, 260, -1,
      260, 300, 301, -1,
      260, 301, 262, -1,
      262, 301, 302, -1,
      262, 302, 264, -1,
      264, 302, 303, -1,
      264, 303, 266, -1,
      266, 303, 304, -1,
      266, 304, 268, -1,
      268, 304, 305, -1,
      268, 305, 270, -1,
      270, 305, 306, -1,
      270, 306, 272, -1,
      272, 306, 307, -1,
      272, 307, 274, -1,
      274, 307, 308, -1,
      274, 308, 275, -1,
      275, 308, 309, -1,
      275, 309, 197, -1,
      197, 309, 310, -1,
      197, 310, 196, -1,
      196, 310, 311, -1,
      196, 311, 173, -1,
      173, 311, 312, -1,
      173, 312, 172, -1,
      172, 312, 313, -1,
      172, 313, 171, -1,
      171, 313, 314, -1,
      171, 314, 169, -1,
      169, 314, 315, -1,
      169, 315, 167, -1,
      167, 315, 316, -1,
      167, 316, 165, -1,
      165, 316, 317, -1,
      165, 317, 163, -1,
      163, 317, 291, -1,
      163, 291, 162, -1,
    ]
  }
}

Shape {
  appearance Appearance {
    material Material {
      diffuseColor 0.6667 0.6667 0.6667
      specularColor 0.4667 0.4667 0.4667
      ambientIntensity 0.2
      transparency 0.0000
      shininess 0.5
    }
  }
  geometry IndexedFaceSet {
    ccw TRUE
    solid FALSE
    coord DEF co Coordinate {
      point [
        0.757815 -5.538677 0.748031,
        0.765825 -5.539380 0.748031,
        0.777007 -5.542872 0.748031,
        0.786833 -5.548950 0.748031,
        0.794798 -5.557159 0.748031,
        0.800344 -5.566689 0.748031,
        0.803479 -5.577476 0.748031,
        0.803896 -5.588969 0.748031,
        0.801381 -5.600434 0.748031,
        0.796123 -5.610806 0.748031,
        0.788580 -5.619456 0.748031,
        0.779504 -5.625807 0.748031,
        0.769183 -5.629792 0.748031,
        0.757815 -5.631192 0.748031,
        0.755790 -5.631147 0.748031,
        0.745142 -5.629410 0.748031,
        0.734421 -5.624805 0.748031,
        0.725346 -5.617848 0.748031,
        0.719134 -5.610306 0.748031,
        0.714215 -5.600449 0.748031,
        0.711772 -5.589430 0.748031,
        0.712092 -5.577859 0.748031,
        0.715322 -5.566609 0.748031,
        0.721235 -5.556634 0.748031,
        0.726845 -5.550611 0.748031,
        0.736160 -5.544091 0.748031,
        0.746541 -5.540081 0.748031,
      ]
    }
    coordIndex [
      26, 25, 14, -1,
      14, 25, 24, -1,
      14, 24, 23, -1,
      1, 13, 12, -1,
      13, 1, 14, -1,
      14, 1, 0, -1,
      14, 0, 26, -1,
      19, 18, 23, -1,
      23, 18, 17, -1,
      10, 4, 3, -1,
      22, 21, 23, -1,
      23, 21, 20, -1,
      23, 20, 19, -1,
      17, 16, 23, -1,
      23, 16, 15, -1,
      23, 15, 14, -1,
      12, 11, 1, -1,
      1, 11, 10, -1,
      1, 10, 2, -1,
      2, 10, 3, -1,
      8, 7, 9, -1,
      9, 7, 6, -1,
      9, 6, 10, -1,
      10, 6, 5, -1,
      10, 5, 4, -1,
    ]
  }
}

Shape {
  appearance Appearance {
    material Material {
      diffuseColor 0.0000 0.0000 0.0000
      specularColor 0.0000 0.0000 0.0000
      ambientIntensity 0.2
      transparency 0.0000
      shininess 0.5
    }
  }
  geometry IndexedFaceSet {
    ccw TRUE
    solid FALSE
    coord DEF co Coordinate {
      point [
        1.900569 -5.303473 0.748031,
        1.892352 -5.320726 0.748031,
        1.879955 -5.335481 0.748031,
        1.862493 -5.347994 0.748031,
        1.816885 -5.192028 0.748031,
        1.842358 -5.194841 0.748031,
        1.862491 -5.202196 0.748031,
        1.843468 -5.355413 0.748031,
        1.815180 -5.358850 0.748031,
        1.769295 -5.358850 0.748031,
        1.769295 -5.192028 0.748031,
        1.879955 -5.214117 0.748031,
        1.885857 -5.219892 0.748031,
        1.896179 -5.234442 0.748031,
        1.902345 -5.250358 0.748031,
        1.905115 -5.273307 0.748031,
        1.904613 -5.283944 0.748031,
        1.879955 -5.335481 0.751969,
        1.862676 -5.324268 0.751969,
        1.862493 -5.347994 0.751969,
        1.851912 -5.331740 0.751969,
        1.843468 -5.355413 0.751969,
        1.838126 -5.337080 0.751969,
        1.815180 -5.358850 0.751969,
        1.815051 -5.339831 0.751969,
        1.769295 -5.358850 0.751969,
        1.790830 -5.339831 0.751969,
        1.769295 -5.192028 0.751969,
        1.790830 -5.211218 0.751969,
        1.816885 -5.192028 0.751969,
        1.816032 -5.211218 0.751969,
        1.817677 -5.211230 0.751969,
        1.842358 -5.194841 0.751969,
        1.839044 -5.213974 0.751969,
        1.862491 -5.202196 0.751969,
        1.853248 -5.219460 0.751969,
        1.879955 -5.214117 0.751969,
        1.864177 -5.226911 0.751969,
        1.885857 -5.219892 0.751969,
        1.868851 -5.231520 0.751969,
        1.896179 -5.234442 0.751969,
        1.875311 -5.240877 0.751969,
        1.902345 -5.250358 0.751969,
        1.880009 -5.253070 0.751969,
        1.905115 -5.273307 0.751969,
        1.882471 -5.273904 0.751969,
        1.904613 -5.283944 0.751969,
        1.881822 -5.285324 0.751969,
        1.900569 -5.303473 0.751969,
        1.878460 -5.300416 0.751969,
        1.892352 -5.320726 0.751969,
        1.872598 -5.312688 0.751969,
        1.864646 -5.322432 0.751969,
        1.864177 -5.226911 0.748031,
        1.868851 -5.231520 0.748031,
        1.875311 -5.240877 0.748031,
        1.880009 -5.253070 0.748031,
        1.882471 -5.273904 0.748031,
        1.816032 -5.211218 0.748031,
        1.817677 -5.211230 0.748031,
        1.839044 -5.213974 0.748031,
        1.853248 -5.219460 0.748031,
        1.790830 -5.211218 0.748031,
        1.790830 -5.339831 0.748031,
        1.815051 -5.339831 0.748031,
        1.864646 -5.322432 0.748031,
        1.862676 -5.324268 0.748031,
        1.851912 -5.331740 0.748031,
        1.838126 -5.337080 0.748031,
        1.881822 -5.285324 0.748031,
        1.878460 -5.300416 0.748031,
        1.872598 -5.312688 0.748031,
      ]
    }
    coordIndex [
      17, 18, 19, -1,
      19, 18, 20, -1,
      19, 20, 21, -1,
      21, 20, 22, -1,
      21, 22, 23, -1,
      23, 22, 24, -1,
      23, 24, 25, -1,
      25, 24, 26, -1,
      25, 26, 27, -1,
      27, 26, 28, -1,
      27, 28, 29, -1,
      28, 30, 29, -1,
      29, 30, 31, -1,
      29, 31, 32, -1,
      32, 31, 33, -1,
      32, 33, 34, -1,
      34, 33, 35, -1,
      34, 35, 36, -1,
      36, 35, 37, -1,
      36, 37, 38, -1,
      38, 37, 39, -1,
      38, 39, 40, -1,
      40, 39, 41, -1,
      40, 41, 42, -1,
      42, 41, 43, -1,
      42, 43, 44, -1,
      44, 43, 45, -1,
      44, 45, 46, -1,
      46, 45, 47, -1,
      46, 47, 48, -1,
      48, 47, 49, -1,
      48, 49, 50, -1,
      50, 49, 51, -1,
      50, 51, 17, -1,
      17, 51, 52, -1,
      17, 52, 18, -1,
      17, 2, 1, -1,
      17, 1, 50, -1,
      50, 1, 0, -1,
      50, 0, 48, -1,
      48, 0, 16, -1,
      48, 16, 46, -1,
      46, 16, 15, -1,
      46, 15, 44, -1,
      44, 15, 14, -1,
      44, 14, 42, -1,
      42, 14, 13, -1,
      42, 13, 40, -1,
      40, 13, 12, -1,
      40, 12, 38, -1,
      38, 12, 11, -1,
      38, 11, 36, -1,
      36, 11, 6, -1,
      36, 6, 34, -1,
      34, 6, 5, -1,
      34, 5, 32, -1,
      32, 5, 4, -1,
      32, 4, 29, -1,
      27, 29, 10, -1,
      10, 29, 4, -1,
      25, 27, 9, -1,
      9, 27, 10, -1,
      23, 25, 8, -1,
      8, 25, 9, -1,
      23, 8, 7, -1,
      23, 7, 21, -1,
      21, 7, 3, -1,
      21, 3, 19, -1,
      19, 3, 2, -1,
      19, 2, 17, -1,
      37, 53, 54, -1,
      37, 54, 39, -1,
      39, 54, 55, -1,
      39, 55, 41, -1,
      41, 55, 56, -1,
      41, 56, 43, -1,
      43, 56, 57, -1,
      43, 57, 45, -1,
      30, 58, 59, -1,
      30, 59, 31, -1,
      31, 59, 60, -1,
      31, 60, 33, -1,
      33, 60, 61, -1,
      33, 61, 35, -1,
      35, 61, 53, -1,
      35, 53, 37, -1,
      30, 28, 58, -1,
      58, 28, 62, -1,
      28, 26, 62, -1,
      62, 26, 63, -1,
      26, 24, 63, -1,
      63, 24, 64, -1,
      52, 65, 66, -1,
      52, 66, 18, -1,
      18, 66, 67, -1,
      18, 67, 20, -1,
      20, 67, 68, -1,
      20, 68, 22, -1,
      22, 68, 64, -1,
      22, 64, 24, -1,
      45, 57, 69, -1,
      45, 69, 47, -1,
      47, 69, 70, -1,
      47, 70, 49, -1,
      49, 70, 71, -1,
      49, 71, 51, -1,
      51, 71, 65, -1,
      51, 65, 52, -1,
    ]
  }
}

Shape {
  appearance Appearance {
    material Material {
      diffuseColor 0.6667 0.6667 0.6667
      specularColor 0.4667 0.4667 0.4667
      ambientIntensity 0.2
      transparency 0.0000
      shininess 0.5
    }
  }
  geometry IndexedFaceSet {
    ccw TRUE
    solid FALSE
    coord DEF co Coordinate {
      point [
        1.864177 -5.226911 0.748031,
        1.868851 -5.231520 0.748031,
        1.875311 -5.240877 0.748031,
        1.880009 -5.253070 0.748031,
        1.882471 -5.273904 0.748031,
        1.816032 -5.211218 0.748031,
        1.817677 -5.211230 0.748031,
        1.839044 -5.213974 0.748031,
        1.853248 -5.219460 0.748031,
        1.790830 -5.211218 0.748031,
        1.790830 -5.339831 0.748031,
        1.815051 -5.339831 0.748031,
        1.864646 -5.322432 0.748031,
        1.862676 -5.324268 0.748031,
        1.851912 -5.331740 0.748031,
        1.838126 -5.337080 0.748031,
        1.881822 -5.285324 0.748031,
        1.878460 -5.300416 0.748031,
        1.872598 -5.312688 0.748031,
      ]
    }
    coordIndex [
      14, 13, 6, -1,
      9, 10, 5, -1,
      5, 10, 11, -1,
      5, 11, 6, -1,
      6, 11, 15, -1,
      6, 15, 14, -1,
      13, 12, 6, -1,
      6, 12, 18, -1,
      6, 18, 17, -1,
      4, 0, 8, -1,
      3, 2, 4, -1,
      4, 2, 1, -1,
      4, 1, 0, -1,
      17, 16, 6, -1,
      6, 16, 4, -1,
      6, 4, 7, -1,
      7, 4, 8, -1,
    ]
  }
}

Shape {
  appearance Appearance {
    material Material {
      diffuseColor 0.0000 0.0000 0.0000
      specularColor 0.0000 0.0000 0.0000
      ambientIntensity 0.2
      transparency 0.0000
      shininess 0.5
    }
  }
  geometry IndexedFaceSet {
    ccw TRUE
    solid FALSE
    coord DEF co Coordinate {
      point [
        1.607547 -5.215547 0.748031,
        1.595890 -5.211111 0.748031,
        1.607547 -5.334498 0.748031,
        1.575351 -5.208659 0.748031,
        1.567468 -5.209048 0.748031,
        1.553151 -5.212115 0.748031,
        1.540172 -5.218487 0.748031,
        1.529893 -5.227166 0.748031,
        1.528749 -5.228420 0.748031,
        1.520689 -5.240017 0.748031,
        1.515106 -5.254431 0.748031,
        1.512367 -5.277315 0.748031,
        1.512641 -5.284861 0.748031,
        1.598232 -5.338680 0.748031,
        1.579360 -5.342187 0.748031,
        1.571599 -5.342475 0.748031,
        1.515524 -5.301237 0.748031,
        1.521108 -5.314503 0.748031,
        1.528742 -5.324906 0.748031,
        1.533445 -5.329404 0.748031,
        1.557012 -5.340975 0.748031,
        1.544738 -5.336776 0.748031,
        1.612811 -5.217550 0.748031,
        1.614669 -5.331302 0.748031,
        1.614669 -5.218552 0.748031,
        1.593048 -5.190620 0.748031,
        1.596982 -5.190930 0.748031,
        1.607547 -5.193980 0.748031,
        1.614669 -5.196036 0.748031,
        1.501767 -5.229574 0.748031,
        1.513859 -5.213776 0.748031,
        1.517993 -5.209831 0.748031,
        1.533612 -5.198898 0.748031,
        1.551048 -5.192137 0.748031,
        1.493843 -5.248104 0.748031,
        1.497228 -5.240187 0.748031,
        1.497228 -5.316447 0.748031,
        1.493046 -5.305715 0.748031,
        1.489765 -5.278594 0.748031,
        1.490059 -5.269883 0.748031,
        1.540317 -5.357461 0.748031,
        1.524576 -5.350033 0.748031,
        1.511172 -5.338893 0.748031,
        1.509783 -5.337375 0.748031,
        1.499833 -5.323130 0.748031,
        1.553885 -5.360257 0.748031,
        1.558393 -5.361187 0.748031,
        1.568486 -5.361665 0.748031,
        1.583206 -5.360257 0.748031,
        1.614669 -5.351942 0.748031,
        1.611823 -5.353359 0.748031,
        1.607547 -5.354762 0.748031,
        1.593912 -5.359233 0.748031,
        2.147075 -5.623496 0.748031,
        2.123280 -5.623496 0.748031,
        2.249591 -5.623496 0.748031,
        2.232576 -5.577868 0.748031,
        2.163109 -5.577868 0.748031,
        2.186819 -5.456675 0.748031,
        2.209846 -5.456675 0.748031,
        2.273386 -5.623496 0.748031,
        1.563543 -5.190620 0.748031,
        1.575138 -5.189213 0.748031,
        1.571599 -5.342475 0.751969,
        1.557012 -5.340975 0.751969,
        1.544738 -5.336776 0.751969,
        1.533445 -5.329404 0.751969,
        1.528742 -5.324906 0.751969,
        1.521108 -5.314503 0.751969,
        1.515524 -5.301237 0.751969,
        1.512641 -5.284861 0.751969,
        1.512367 -5.277315 0.751969,
        1.515106 -5.254431 0.751969,
        1.520689 -5.240017 0.751969,
        1.528749 -5.228420 0.751969,
        1.529893 -5.227166 0.751969,
        1.540172 -5.218487 0.751969,
        1.553151 -5.212115 0.751969,
        1.567468 -5.209048 0.751969,
        1.575351 -5.208659 0.751969,
        1.612811 -5.217550 0.751969,
        1.595890 -5.211111 0.751969,
        1.614669 -5.218552 0.751969,
        1.614669 -5.196036 0.751969,
        1.596982 -5.190930 0.751969,
        1.575138 -5.189213 0.751969,
        1.551048 -5.192137 0.751969,
        1.533612 -5.198898 0.751969,
        1.517993 -5.209831 0.751969,
        1.513859 -5.213776 0.751969,
        1.493843 -5.248104 0.751969,
        1.501767 -5.229574 0.751969,
        1.490059 -5.269883 0.751969,
        1.489765 -5.278594 0.751969,
        1.499833 -5.323130 0.751969,
        1.493046 -5.305715 0.751969,
        1.509783 -5.337375 0.751969,
        1.511172 -5.338893 0.751969,
        1.524576 -5.350033 0.751969,
        1.558393 -5.361187 0.751969,
        1.540317 -5.357461 0.751969,
        1.568486 -5.361665 0.751969,
        1.593912 -5.359233 0.751969,
        1.611823 -5.353359 0.751969,
        1.614669 -5.351942 0.751969,
        1.614669 -5.331302 0.751969,
        1.598232 -5.338680 0.751969,
        1.579360 -5.342187 0.751969,
        2.169932 -5.559019 0.751969,
        2.163109 -5.577868 0.751969,
        2.225923 -5.559019 0.751969,
        2.232576 -5.577868 0.751969,
        2.194879 -5.489681 0.751969,
        2.186819 -5.456675 0.751969,
        2.123280 -5.623496 0.751969,
        2.147075 -5.623496 0.751969,
        2.196323 -5.484702 0.751969,
        2.197608 -5.477996 0.751969,
        2.209846 -5.456675 0.751969,
        2.198120 -5.477996 0.751969,
        2.199468 -5.485054 0.751969,
        2.200721 -5.489681 0.751969,
        2.273386 -5.623496 0.751969,
        2.249591 -5.623496 0.751969,
        2.194879 -5.489681 0.748031,
        2.196323 -5.484702 0.748031,
        2.197608 -5.477996 0.748031,
        2.169932 -5.559019 0.748031,
        2.225923 -5.559019 0.748031,
        2.200721 -5.489681 0.748031,
        2.198120 -5.477996 0.748031,
        2.199468 -5.485054 0.748031,
      ]
    }
    coordIndex [
      63, 15, 20, -1,
      63, 20, 64, -1,
      64, 20, 21, -1,
      64, 21, 65, -1,
      65, 21, 19, -1,
      65, 19, 66, -1,
      66, 19, 18, -1,
      66, 18, 67, -1,
      67, 18, 17, -1,
      67, 17, 68, -1,
      68, 17, 16, -1,
      68, 16, 69, -1,
      69, 16, 12, -1,
      69, 12, 70, -1,
      70, 12, 11, -1,
      70, 11, 71, -1,
      71, 11, 10, -1,
      71, 10, 72, -1,
      72, 10, 9, -1,
      72, 9, 73, -1,
      73, 9, 8, -1,
      73, 8, 74, -1,
      74, 8, 7, -1,
      74, 7, 75, -1,
      75, 7, 6, -1,
      75, 6, 76, -1,
      76, 6, 5, -1,
      76, 5, 77, -1,
      77, 5, 4, -1,
      77, 4, 78, -1,
      78, 4, 3, -1,
      78, 3, 79, -1,
      79, 3, 1, -1,
      0, 80, 1, -1,
      1, 80, 81, -1,
      1, 81, 79, -1,
      0, 22, 80, -1,
      80, 22, 24, -1,
      80, 24, 82, -1,
      83, 82, 28, -1,
      28, 82, 24, -1,
      83, 28, 27, -1,
      83, 27, 84, -1,
      62, 85, 25, -1,
      25, 85, 84, -1,
      25, 84, 26, -1,
      26, 84, 27, -1,
      85, 62, 61, -1,
      85, 61, 86, -1,
      61, 33, 86, -1,
      86, 33, 32, -1,
      86, 32, 87, -1,
      87, 32, 31, -1,
      87, 31, 88, -1,
      88, 31, 30, -1,
      88, 30, 89, -1,
      89, 30, 29, -1,
      35, 90, 29, -1,
      29, 90, 91, -1,
      29, 91, 89, -1,
      35, 34, 90, -1,
      90, 34, 39, -1,
      90, 39, 92, -1,
      92, 39, 38, -1,
      92, 38, 93, -1,
      93, 38, 37, -1,
      36, 94, 37, -1,
      37, 94, 95, -1,
      37, 95, 93, -1,
      36, 44, 94, -1,
      94, 44, 43, -1,
      94, 43, 96, -1,
      96, 43, 42, -1,
      96, 42, 97, -1,
      40, 98, 41, -1,
      41, 98, 97, -1,
      41, 97, 42, -1,
      45, 99, 40, -1,
      40, 99, 100, -1,
      40, 100, 98, -1,
      45, 46, 99, -1,
      99, 46, 47, -1,
      99, 47, 101, -1,
      102, 101, 47, -1,
      47, 48, 102, -1,
      102, 48, 52, -1,
      102, 52, 103, -1,
      103, 52, 51, -1,
      51, 50, 103, -1,
      103, 50, 49, -1,
      103, 49, 104, -1,
      105, 104, 23, -1,
      23, 104, 49, -1,
      105, 23, 2, -1,
      105, 2, 106, -1,
      2, 13, 106, -1,
      106, 13, 14, -1,
      106, 14, 107, -1,
      107, 14, 15, -1,
      107, 15, 63, -1,
      76, 77, 86, -1,
      72, 73, 91, -1,
      91, 73, 89, -1,
      86, 77, 85, -1,
      93, 71, 92, -1,
      92, 71, 72, -1,
      92, 72, 90, -1,
      90, 72, 91, -1,
      77, 78, 85, -1,
      85, 78, 79, -1,
      85, 79, 84, -1,
      84, 79, 81, -1,
      84, 81, 83, -1,
      83, 81, 80, -1,
      83, 80, 82, -1,
      104, 105, 103, -1,
      103, 105, 106, -1,
      103, 106, 102, -1,
      102, 106, 107, -1,
      102, 107, 101, -1,
      101, 107, 63, -1,
      101, 63, 99, -1,
      99, 63, 64, -1,
      99, 64, 100, -1,
      100, 64, 65, -1,
      100, 65, 98, -1,
      98, 65, 66, -1,
      98, 66, 97, -1,
      97, 66, 67, -1,
      97, 67, 96, -1,
      96, 67, 68, -1,
      96, 68, 94, -1,
      94, 68, 95, -1,
      95, 68, 69, -1,
      95, 69, 93, -1,
      93, 69, 70, -1,
      93, 70, 71, -1,
      73, 74, 89, -1,
      89, 74, 75, -1,
      89, 75, 88, -1,
      88, 75, 76, -1,
      88, 76, 87, -1,
      87, 76, 86, -1,
      108, 109, 110, -1,
      110, 109, 111, -1,
      112, 113, 108, -1,
      108, 113, 114, -1,
      108, 114, 109, -1,
      109, 114, 115, -1,
      112, 116, 113, -1,
      113, 116, 117, -1,
      113, 117, 118, -1,
      118, 117, 119, -1,
      118, 119, 120, -1,
      120, 121, 118, -1,
      118, 121, 110, -1,
      118, 110, 122, -1,
      122, 110, 111, -1,
      122, 111, 123, -1,
      113, 118, 58, -1,
      58, 118, 59, -1,
      114, 113, 54, -1,
      54, 113, 58, -1,
      115, 114, 53, -1,
      53, 114, 54, -1,
      109, 115, 57, -1,
      57, 115, 53, -1,
      111, 109, 56, -1,
      56, 109, 57, -1,
      123, 111, 55, -1,
      55, 111, 56, -1,
      122, 123, 60, -1,
      60, 123, 55, -1,
      118, 122, 59, -1,
      59, 122, 60, -1,
      112, 124, 125, -1,
      112, 125, 116, -1,
      116, 125, 126, -1,
      116, 126, 117, -1,
      112, 108, 124, -1,
      124, 108, 127, -1,
      108, 110, 127, -1,
      127, 110, 128, -1,
      110, 121, 128, -1,
      128, 121, 129, -1,
      119, 130, 131, -1,
      119, 131, 120, -1,
      120, 131, 129, -1,
      120, 129, 121, -1,
      119, 117, 130, -1,
      130, 117, 126, -1,
    ]
  }
}

Shape {
  appearance Appearance {
    material Material {
      diffuseColor 0.6667 0.6667 0.6667
      specularColor 0.4667 0.4667 0.4667
      ambientIntensity 0.2
      transparency 0.0000
      shininess 0.5
    }
  }
  geometry IndexedFaceSet {
    ccw TRUE
    solid FALSE
    coord DEF co Coordinate {
      point [
        2.194879 -5.489681 0.748031,
        2.196323 -5.484702 0.748031,
        2.197608 -5.477996 0.748031,
        2.169932 -5.559019 0.748031,
        2.225923 -5.559019 0.748031,
        2.200721 -5.489681 0.748031,
        2.198120 -5.477996 0.748031,
        2.199468 -5.485054 0.748031,
      ]
    }
    coordIndex [
      6, 2, 7, -1,
      7, 2, 1, -1,
      7, 1, 5, -1,
      5, 1, 0, -1,
      5, 0, 4, -1,
      4, 0, 3, -1,
    ]
  }
}

Shape {
  appearance Appearance {
    material Material {
      diffuseColor 0.0000 0.0000 0.0000
      specularColor 0.0000 0.0000 0.0000
      ambientIntensity 0.2
      transparency 0.0000
      shininess 0.5
    }
  }
  geometry IndexedFaceSet {
    ccw TRUE
    solid FALSE
    coord DEF co Coordinate {
      point [
        2.064474 -5.358850 0.748031,
        2.040679 -5.358850 0.748031,
        2.023665 -5.313222 0.748031,
        1.962450 -5.313222 0.748031,
        2.000935 -5.192028 0.748031,
        1.954198 -5.313222 0.748031,
        1.938164 -5.358850 0.748031,
        1.914369 -5.358850 0.748031,
        1.962450 -5.232614 0.748031,
        1.977908 -5.192028 0.748031,
        1.856970 -5.456675 0.748031,
        1.909742 -5.456675 0.748031,
        1.909742 -5.623496 0.748031,
        1.856970 -5.623496 0.748031,
        1.946693 -5.623496 0.748031,
        1.946693 -5.604478 0.748031,
        1.942897 -5.456675 0.748031,
        1.942897 -5.475864 0.748031,
        1.878505 -5.548359 0.748031,
        1.878505 -5.604478 0.748031,
        1.909742 -5.548359 0.748031,
        1.909742 -5.604478 0.748031,
        1.938164 -5.548359 0.748031,
        1.938164 -5.529254 0.748031,
        1.878505 -5.475864 0.748031,
        1.878505 -5.529254 0.748031,
        1.909742 -5.475864 0.748031,
        1.909742 -5.529254 0.748031,
        1.394969 -5.456675 0.748031,
        1.394969 -5.623496 0.748031,
        1.480896 -5.456675 0.748031,
        1.480896 -5.475864 0.748031,
        1.416504 -5.548359 0.748031,
        1.416504 -5.604478 0.748031,
        1.476162 -5.548359 0.748031,
        1.484691 -5.604478 0.748031,
        1.476162 -5.529254 0.748031,
        1.416504 -5.475864 0.748031,
        1.416504 -5.529254 0.748031,
        1.484691 -5.623496 0.748031,
        1.878505 -5.604478 0.751969,
        1.946693 -5.604478 0.751969,
        1.878505 -5.548359 0.751969,
        1.938164 -5.548359 0.751969,
        1.938164 -5.529254 0.751969,
        1.878505 -5.529254 0.751969,
        1.878505 -5.475864 0.751969,
        1.942897 -5.475864 0.751969,
        1.942897 -5.456675 0.751969,
        1.856970 -5.456675 0.751969,
        1.856970 -5.623496 0.751969,
        1.946693 -5.623496 0.751969,
        1.416504 -5.604478 0.751969,
        1.484691 -5.604478 0.751969,
        1.416504 -5.548359 0.751969,
        1.476162 -5.548359 0.751969,
        1.476162 -5.529254 0.751969,
        1.416504 -5.529254 0.751969,
        1.416504 -5.475864 0.751969,
        1.480896 -5.475864 0.751969,
        1.480896 -5.456675 0.751969,
        1.394969 -5.456675 0.751969,
        1.394969 -5.623496 0.751969,
        1.484691 -5.623496 0.751969,
        1.961021 -5.294372 0.751969,
        1.954198 -5.313222 0.751969,
        2.017012 -5.294372 0.751969,
        2.023665 -5.313222 0.751969,
        1.985967 -5.225034 0.751969,
        1.977908 -5.192028 0.751969,
        1.914369 -5.358850 0.751969,
        1.938164 -5.358850 0.751969,
        1.987412 -5.220056 0.751969,
        1.988696 -5.213350 0.751969,
        2.000935 -5.192028 0.751969,
        1.989208 -5.213350 0.751969,
        1.990557 -5.220407 0.751969,
        1.991809 -5.225034 0.751969,
        2.064474 -5.358850 0.751969,
        2.040679 -5.358850 0.751969,
        1.985967 -5.225034 0.748031,
        1.987412 -5.220056 0.748031,
        1.988696 -5.213350 0.748031,
        1.961021 -5.294372 0.748031,
        2.017012 -5.294372 0.748031,
        1.991809 -5.225034 0.748031,
        1.989208 -5.213350 0.748031,
        1.990557 -5.220407 0.748031,
      ]
    }
    coordIndex [
      19, 40, 21, -1,
      21, 40, 41, -1,
      21, 41, 15, -1,
      42, 40, 18, -1,
      18, 40, 19, -1,
      22, 43, 20, -1,
      20, 43, 42, -1,
      20, 42, 18, -1,
      44, 43, 23, -1,
      23, 43, 22, -1,
      25, 45, 27, -1,
      27, 45, 44, -1,
      27, 44, 23, -1,
      46, 45, 24, -1,
      24, 45, 25, -1,
      17, 47, 26, -1,
      26, 47, 46, -1,
      26, 46, 24, -1,
      48, 47, 16, -1,
      16, 47, 17, -1,
      10, 49, 11, -1,
      11, 49, 48, -1,
      11, 48, 16, -1,
      50, 49, 13, -1,
      13, 49, 10, -1,
      14, 51, 12, -1,
      12, 51, 50, -1,
      12, 50, 13, -1,
      41, 51, 15, -1,
      15, 51, 14, -1,
      50, 51, 41, -1,
      41, 40, 50, -1,
      50, 40, 42, -1,
      50, 42, 49, -1,
      47, 48, 46, -1,
      46, 48, 49, -1,
      46, 49, 45, -1,
      45, 49, 42, -1,
      45, 42, 44, -1,
      44, 42, 43, -1,
      52, 53, 33, -1,
      33, 53, 35, -1,
      54, 52, 32, -1,
      32, 52, 33, -1,
      55, 54, 34, -1,
      34, 54, 32, -1,
      56, 55, 36, -1,
      36, 55, 34, -1,
      57, 56, 38, -1,
      38, 56, 36, -1,
      58, 57, 37, -1,
      37, 57, 38, -1,
      59, 58, 31, -1,
      31, 58, 37, -1,
      60, 59, 30, -1,
      30, 59, 31, -1,
      61, 60, 28, -1,
      28, 60, 30, -1,
      62, 61, 29, -1,
      29, 61, 28, -1,
      63, 62, 39, -1,
      39, 62, 29, -1,
      53, 63, 35, -1,
      35, 63, 39, -1,
      62, 63, 53, -1,
      53, 52, 62, -1,
      62, 52, 54, -1,
      62, 54, 61, -1,
      59, 60, 58, -1,
      58, 60, 61, -1,
      58, 61, 57, -1,
      57, 61, 54, -1,
      57, 54, 56, -1,
      56, 54, 55, -1,
      64, 65, 66, -1,
      66, 65, 67, -1,
      68, 69, 64, -1,
      64, 69, 70, -1,
      64, 70, 65, -1,
      65, 70, 71, -1,
      68, 72, 69, -1,
      69, 72, 73, -1,
      69, 73, 74, -1,
      74, 73, 75, -1,
      74, 75, 76, -1,
      76, 77, 74, -1,
      74, 77, 66, -1,
      74, 66, 78, -1,
      78, 66, 67, -1,
      78, 67, 79, -1,
      69, 74, 9, -1,
      9, 74, 4, -1,
      7, 70, 8, -1,
      8, 70, 69, -1,
      8, 69, 9, -1,
      71, 70, 6, -1,
      6, 70, 7, -1,
      65, 71, 5, -1,
      5, 71, 6, -1,
      2, 67, 3, -1,
      3, 67, 65, -1,
      3, 65, 5, -1,
      79, 67, 1, -1,
      1, 67, 2, -1,
      78, 79, 0, -1,
      0, 79, 1, -1,
      74, 78, 4, -1,
      4, 78, 0, -1,
      68, 80, 81, -1,
      68, 81, 72, -1,
      72, 81, 82, -1,
      72, 82, 73, -1,
      68, 64, 80, -1,
      80, 64, 83, -1,
      64, 66, 83, -1,
      83, 66, 84, -1,
      66, 77, 84, -1,
      84, 77, 85, -1,
      75, 86, 87, -1,
      75, 87, 76, -1,
      76, 87, 85, -1,
      76, 85, 77, -1,
      75, 73, 86, -1,
      86, 73, 82, -1,
    ]
  }
}

Shape {
  appearance Appearance {
    material Material {
      diffuseColor 0.6667 0.6667 0.6667
      specularColor 0.4667 0.4667 0.4667
      ambientIntensity 0.2
      transparency 0.0000
      shininess 0.5
    }
  }
  geometry IndexedFaceSet {
    ccw TRUE
    solid FALSE
    coord DEF co Coordinate {
      point [
        1.985967 -5.225034 0.748031,
        1.987412 -5.220056 0.748031,
        1.988696 -5.213350 0.748031,
        1.961021 -5.294372 0.748031,
        2.017012 -5.294372 0.748031,
        1.991809 -5.225034 0.748031,
        1.989208 -5.213350 0.748031,
        1.990557 -5.220407 0.748031,
      ]
    }
    coordIndex [
      6, 2, 7, -1,
      7, 2, 1, -1,
      7, 1, 5, -1,
      5, 1, 0, -1,
      5, 0, 4, -1,
      4, 0, 3, -1,
    ]
  }
}

Shape {
  appearance Appearance {
    material Material {
      diffuseColor 0.0000 0.0000 0.0000
      specularColor 0.0000 0.0000 0.0000
      ambientIntensity 0.2
      transparency 0.0000
      shininess 0.5
    }
  }
  geometry IndexedFaceSet {
    ccw TRUE
    solid FALSE
    coord DEF co Coordinate {
      point [
        1.714647 -5.192028 0.748031,
        1.733986 -5.192028 0.748031,
        1.733986 -5.211218 0.748031,
        1.729252 -5.283712 0.748031,
        1.729252 -5.264607 0.748031,
        1.714647 -5.264607 0.748031,
        1.714647 -5.211218 0.748031,
        1.669594 -5.264607 0.748031,
        1.669594 -5.211218 0.748031,
        1.669594 -5.283712 0.748031,
        1.669594 -5.339831 0.748031,
        1.714647 -5.283712 0.748031,
        1.714647 -5.339831 0.748031,
        1.737781 -5.339831 0.748031,
        1.737781 -5.358850 0.748031,
        1.714647 -5.358850 0.748031,
        1.648059 -5.358850 0.748031,
        1.648059 -5.192028 0.748031,
        1.416504 -5.192028 0.748031,
        1.416504 -5.339831 0.748031,
        1.482943 -5.339831 0.748031,
        1.482943 -5.358850 0.748031,
        1.394969 -5.358850 0.748031,
        1.394969 -5.192028 0.748031,
        1.669594 -5.339831 0.751969,
        1.737781 -5.339831 0.751969,
        1.669594 -5.283712 0.751969,
        1.729252 -5.283712 0.751969,
        1.729252 -5.264607 0.751969,
        1.669594 -5.264607 0.751969,
        1.669594 -5.211218 0.751969,
        1.733986 -5.211218 0.751969,
        1.733986 -5.192028 0.751969,
        1.648059 -5.192028 0.751969,
        1.648059 -5.358850 0.751969,
        1.737781 -5.358850 0.751969,
        1.416504 -5.339831 0.751969,
        1.482943 -5.339831 0.751969,
        1.416504 -5.192028 0.751969,
        1.394969 -5.192028 0.751969,
        1.394969 -5.358850 0.751969,
        1.482943 -5.358850 0.751969,
      ]
    }
    coordIndex [
      10, 24, 12, -1,
      12, 24, 25, -1,
      12, 25, 13, -1,
      26, 24, 9, -1,
      9, 24, 10, -1,
      3, 27, 11, -1,
      11, 27, 26, -1,
      11, 26, 9, -1,
      28, 27, 4, -1,
      4, 27, 3, -1,
      7, 29, 5, -1,
      5, 29, 28, -1,
      5, 28, 4, -1,
      30, 29, 8, -1,
      8, 29, 7, -1,
      2, 31, 6, -1,
      6, 31, 30, -1,
      6, 30, 8, -1,
      32, 31, 1, -1,
      1, 31, 2, -1,
      17, 33, 0, -1,
      0, 33, 32, -1,
      0, 32, 1, -1,
      34, 33, 16, -1,
      16, 33, 17, -1,
      14, 35, 15, -1,
      15, 35, 34, -1,
      15, 34, 16, -1,
      25, 35, 13, -1,
      13, 35, 14, -1,
      34, 35, 25, -1,
      25, 24, 34, -1,
      34, 24, 26, -1,
      34, 26, 33, -1,
      31, 32, 30, -1,
      30, 32, 33, -1,
      30, 33, 29, -1,
      29, 33, 26, -1,
      29, 26, 28, -1,
      28, 26, 27, -1,
      36, 37, 19, -1,
      19, 37, 20, -1,
      38, 36, 18, -1,
      18, 36, 19, -1,
      39, 38, 23, -1,
      23, 38, 18, -1,
      40, 39, 22, -1,
      22, 39, 23, -1,
      41, 40, 21, -1,
      21, 40, 22, -1,
      37, 41, 20, -1,
      20, 41, 21, -1,
      38, 39, 36, -1,
      36, 39, 40, -1,
      36, 40, 37, -1,
      37, 40, 41, -1,
    ]
  }
}
