#VRML V2.0 utf8

Shape {
  appearance Appearance {
    material Material {
      diffuseColor 0.2510 0.2510 0.2510
      specularColor 0.1255 0.1255 0.1255
      ambientIntensity 0.2
      transparency 0.0000
      shininess 0.5
    }
  }
  geometry IndexedFaceSet {
    ccw TRUE
    solid FALSE
    coord DEF co Coordinate {
      point [
        -0.265748 -0.393701 0.193317,
        -0.265748 -0.393701 0.182745,
        -0.240058 -0.393701 0.182745,
        -0.265748 -0.393701 0.235658,
        -0.265748 -0.393701 0.227833,
        -0.240058 -0.393701 0.227833,
        -0.229878 -0.393701 0.262548,
        -0.227833 -0.393701 0.262798,
        -0.238459 -0.393701 0.262798,
        -0.222990 -0.393701 0.235822,
        -0.224703 -0.393701 0.235658,
        -0.215872 -0.393701 0.235658,
        -0.210882 -0.393701 0.259503,
        -0.210882 -0.393701 0.250961,
        -0.203674 -0.393701 0.250961,
        -0.151512 -0.393701 0.235883,
        -0.154234 -0.393701 0.243183,
        -0.164028 -0.393701 0.243183,
        -0.209209 -0.393701 0.193456,
        -0.210364 -0.393701 0.193317,
        -0.203674 -0.393701 0.193317,
        -0.215074 -0.393701 0.193387,
        -0.215872 -0.393701 0.193668,
        -0.215872 -0.393701 0.193317,
        -0.177458 -0.393701 0.205564,
        -0.177458 -0.393701 0.196585,
        -0.172461 -0.393701 0.196585,
        -0.397665 -0.393701 0.225857,
        -0.397271 -0.393701 0.227833,
        -0.415408 -0.393701 0.227833,
        -0.288704 -0.393701 0.241640,
        -0.283596 -0.393701 0.237250,
        -0.265748 -0.393701 0.262798,
        -0.310072 -0.393701 0.262798,
        -0.305711 -0.393701 0.259867,
        -0.299513 -0.393701 0.252721,
        -0.295464 -0.393701 0.244876,
        -0.294331 -0.393701 0.244490,
        -0.323698 -0.393701 0.268913,
        -0.314175 -0.393701 0.265557,
        -0.265748 -0.393701 0.307087,
        -0.349687 -0.393701 0.265188,
        -0.340939 -0.393701 0.268570,
        -0.415408 -0.393701 0.307087,
        -0.331519 -0.393701 0.269734,
        -0.388827 -0.393701 0.245255,
        -0.387122 -0.393701 0.246840,
        -0.415408 -0.393701 0.262798,
        -0.380756 -0.393701 0.251103,
        -0.373672 -0.393701 0.253631,
        -0.367004 -0.393701 0.254364,
        -0.353541 -0.393701 0.262798,
        -0.354290 -0.393701 0.262333,
        -0.358750 -0.393701 0.258515,
        -0.364822 -0.393701 0.254245,
        -0.362640 -0.393701 0.253984,
        -0.415408 -0.393701 0.235658,
        -0.396174 -0.393701 0.233341,
        -0.395074 -0.393701 0.235658,
        -0.392980 -0.393701 0.240070,
        -0.374595 -0.393701 0.193830,
        -0.377879 -0.393701 0.194865,
        -0.415408 -0.393701 0.193317,
        -0.384626 -0.393701 0.198411,
        -0.389776 -0.393701 0.202938,
        -0.390494 -0.393701 0.203765,
        -0.394498 -0.393701 0.209880,
        -0.397017 -0.393701 0.216989,
        -0.397746 -0.393701 0.223622,
        -0.366166 -0.393701 0.183483,
        -0.369877 -0.393701 0.186282,
        -0.415408 -0.393701 0.182745,
        -0.372697 -0.393701 0.189766,
        -0.374356 -0.393701 0.193317,
        -0.356567 -0.393701 0.180926,
        -0.415408 -0.393701 0.000000,
        -0.351983 -0.393701 0.181489,
        -0.265748 -0.393701 0.000000,
        -0.348709 -0.393701 0.182745,
        -0.357309 -0.393701 0.180940,
        -0.361789 -0.393701 0.181641,
        -0.364413 -0.393701 0.182745,
        -0.338783 -0.393701 0.193317,
        -0.338794 -0.393701 0.193270,
        -0.341033 -0.393701 0.189037,
        -0.343969 -0.393701 0.185741,
        -0.347750 -0.393701 0.183113,
        -0.283699 -0.393701 0.201989,
        -0.289091 -0.393701 0.197471,
        -0.280069 -0.393701 0.206989,
        -0.342335 -0.393701 0.212616,
        -0.316907 -0.393701 0.225899,
        -0.345645 -0.393701 0.215631,
        -0.349670 -0.393701 0.217791,
        -0.288533 -0.393701 0.221465,
        -0.289418 -0.393701 0.225111,
        -0.290879 -0.393701 0.227833,
        -0.385320 -0.393701 0.227833,
        -0.313178 -0.393701 0.205046,
        -0.311024 -0.393701 0.215842,
        -0.314486 -0.393701 0.204550,
        -0.315662 -0.393701 0.203740,
        -0.313090 -0.393701 0.193587,
        -0.314352 -0.393701 0.194046,
        -0.315606 -0.393701 0.194891,
        -0.316193 -0.393701 0.195478,
        -0.384215 -0.393701 0.216460,
        -0.381937 -0.393701 0.212578,
        -0.372301 -0.393701 0.210633,
        -0.378533 -0.393701 0.209085,
        -0.374405 -0.393701 0.206544,
        -0.365280 -0.393701 0.216911,
        -0.369161 -0.393701 0.214218,
        -0.385791 -0.393701 0.224002,
        -0.385569 -0.393701 0.221107,
        -0.277494 -0.393701 0.226014,
        -0.276678 -0.393701 0.220017,
        -0.276691 -0.393701 0.219179,
        -0.277623 -0.393701 0.212963,
        -0.294904 -0.393701 0.194700,
        -0.300967 -0.393701 0.193450,
        -0.312163 -0.393701 0.193450,
        -0.361087 -0.393701 0.218512,
        -0.356567 -0.393701 0.219068,
        -0.354250 -0.393701 0.218930,
        -0.311783 -0.393701 0.205215,
        -0.311599 -0.393701 0.205202,
        -0.311030 -0.393701 0.205076,
        -0.317666 -0.393701 0.199333,
        -0.317643 -0.393701 0.199849,
        -0.337591 -0.393701 0.201800,
        -0.317321 -0.393701 0.201307,
        -0.316639 -0.393701 0.202636,
        -0.317008 -0.393701 0.196675,
        -0.317497 -0.393701 0.197964,
        -0.337691 -0.393701 0.197957,
        -0.337591 -0.393701 0.199902,
        -0.292290 -0.393701 0.209795,
        -0.290204 -0.393701 0.212756,
        -0.288897 -0.393701 0.216138,
        -0.288443 -0.393701 0.219827,
        -0.310645 -0.393701 0.205026,
        -0.302106 -0.393701 0.205026,
        -0.298719 -0.393701 0.205672,
        -0.295368 -0.393701 0.207219,
        -0.292559 -0.393701 0.209506,
        -0.304762 -0.393701 0.234628,
        -0.383604 -0.393701 0.232819,
        -0.385227 -0.393701 0.228587,
        -0.303244 -0.393701 0.234628,
        -0.291178 -0.393701 0.228389,
        -0.293386 -0.393701 0.230857,
        -0.296330 -0.393701 0.232911,
        -0.299643 -0.393701 0.234185,
        -0.381630 -0.393701 0.235658,
        -0.356757 -0.393701 0.240131,
        -0.358149 -0.393701 0.240891,
        -0.308320 -0.393701 0.245169,
        -0.312414 -0.393701 0.250446,
        -0.313863 -0.393701 0.251798,
        -0.319231 -0.393701 0.255428,
        -0.325206 -0.393701 0.257633,
        -0.362405 -0.393701 0.242437,
        -0.366815 -0.393701 0.242978,
        -0.368759 -0.393701 0.242878,
        -0.304968 -0.393701 0.235658,
        -0.305624 -0.393701 0.238944,
        -0.331329 -0.393701 0.258349,
        -0.332102 -0.393701 0.258338,
        -0.354063 -0.393701 0.245811,
        -0.338433 -0.393701 0.257417,
        -0.349885 -0.393701 0.250952,
        -0.344626 -0.393701 0.254873,
        -0.373446 -0.393701 0.241776,
        -0.377680 -0.393701 0.239537,
        -0.380975 -0.393701 0.236600,
        -0.282472 -0.393701 0.235658,
        -0.279765 -0.393701 0.231822,
        -0.278205 -0.393701 0.227833,
        -0.166549 -0.393701 0.196585,
        -0.166549 -0.393701 0.193543,
        -0.164028 -0.393701 0.193317,
        -0.172461 -0.393701 0.193317,
        -0.164028 -0.393701 0.227833,
        -0.167156 -0.393701 0.220232,
        -0.167156 -0.393701 0.217162,
        -0.167913 -0.393701 0.208620,
        -0.167913 -0.393701 0.205564,
        -0.172461 -0.393701 0.205564,
        -0.172461 -0.393701 0.217162,
        -0.172461 -0.393701 0.208620,
        -0.177458 -0.393701 0.217162,
        -0.177458 -0.393701 0.208620,
        -0.172461 -0.393701 0.193543,
        -0.180904 -0.393701 0.193543,
        -0.182705 -0.393701 0.193317,
        -0.180904 -0.393701 0.220232,
        -0.235921 -0.393701 0.202622,
        -0.235402 -0.393701 0.208020,
        -0.236587 -0.393701 0.201664,
        -0.237044 -0.393701 0.200484,
        -0.226962 -0.393701 0.194556,
        -0.228178 -0.393701 0.193754,
        -0.225291 -0.393701 0.193543,
        -0.229415 -0.393701 0.193317,
        -0.221948 -0.393701 0.193543,
        -0.238459 -0.393701 0.193317,
        -0.236671 -0.393701 0.195950,
        -0.237085 -0.393701 0.197069,
        -0.228006 -0.393701 0.210204,
        -0.229152 -0.393701 0.210326,
        -0.230940 -0.393701 0.204868,
        -0.238459 -0.393701 0.182745,
        -0.233143 -0.393701 0.193317,
        -0.233233 -0.393701 0.193328,
        -0.234513 -0.393701 0.193813,
        -0.234898 -0.393701 0.203511,
        -0.233478 -0.393701 0.204242,
        -0.233088 -0.393701 0.209474,
        -0.230993 -0.393701 0.210150,
        -0.235627 -0.393701 0.194593,
        -0.235969 -0.393701 0.194936,
        -0.215902 -0.393701 0.203873,
        -0.217418 -0.393701 0.197663,
        -0.215872 -0.393701 0.203854,
        -0.216216 -0.393701 0.196911,
        -0.215872 -0.393701 0.196776,
        -0.232246 -0.393701 0.212626,
        -0.238459 -0.393701 0.227833,
        -0.234728 -0.393701 0.211658,
        -0.235402 -0.393701 0.211268,
        -0.225291 -0.393701 0.196490,
        -0.225380 -0.393701 0.196490,
        -0.225905 -0.393701 0.195691,
        -0.216449 -0.393701 0.204445,
        -0.221948 -0.393701 0.205809,
        -0.217418 -0.393701 0.194211,
        -0.224328 -0.393701 0.211814,
        -0.223432 -0.393701 0.210967,
        -0.216922 -0.393701 0.209624,
        -0.237265 -0.393701 0.198646,
        -0.237256 -0.393701 0.199039,
        -0.225291 -0.393701 0.205659,
        -0.225404 -0.393701 0.207118,
        -0.225748 -0.393701 0.208316,
        -0.226139 -0.393701 0.209007,
        -0.222744 -0.393701 0.209894,
        -0.222217 -0.393701 0.208387,
        -0.217290 -0.393701 0.208544,
        -0.228839 -0.393701 0.213041,
        -0.226861 -0.393701 0.212867,
        -0.225443 -0.393701 0.212444,
        -0.226643 -0.393701 0.209547,
        -0.227234 -0.393701 0.209931,
        -0.216825 -0.393701 0.205028,
        -0.217219 -0.393701 0.206026,
        -0.217397 -0.393701 0.207461,
        -0.214406 -0.393701 0.193317,
        -0.215872 -0.393701 0.182745,
        -0.212246 -0.393701 0.193092,
        -0.205458 -0.393701 0.212195,
        -0.205458 -0.393701 0.208948,
        -0.216333 -0.393701 0.210534,
        -0.215872 -0.393701 0.210958,
        -0.215872 -0.393701 0.227833,
        -0.215255 -0.393701 0.211527,
        -0.214442 -0.393701 0.212027,
        -0.204701 -0.393701 0.197390,
        -0.205110 -0.393701 0.196330,
        -0.205732 -0.393701 0.195448,
        -0.212652 -0.393701 0.212720,
        -0.209974 -0.393701 0.213041,
        -0.203674 -0.393701 0.227833,
        -0.207629 -0.393701 0.212833,
        -0.205663 -0.393701 0.201880,
        -0.205041 -0.393701 0.200965,
        -0.204683 -0.393701 0.199980,
        -0.204544 -0.393701 0.198728,
        -0.206693 -0.393701 0.194607,
        -0.207455 -0.393701 0.194137,
        -0.210302 -0.393701 0.210326,
        -0.211291 -0.393701 0.210252,
        -0.213952 -0.393701 0.207761,
        -0.212186 -0.393701 0.210015,
        -0.212935 -0.393701 0.209617,
        -0.213921 -0.393701 0.207316,
        -0.213789 -0.393701 0.206797,
        -0.213548 -0.393701 0.206346,
        -0.213222 -0.393701 0.205987,
        -0.212043 -0.393701 0.205250,
        -0.207966 -0.393701 0.210042,
        -0.209974 -0.393701 0.204350,
        -0.206075 -0.393701 0.209309,
        -0.208680 -0.393701 0.203826,
        -0.206459 -0.393701 0.202591,
        -0.213440 -0.393701 0.209171,
        -0.213726 -0.393701 0.208745,
        -0.213891 -0.393701 0.208294,
        -0.214125 -0.393701 0.196093,
        -0.212335 -0.393701 0.201920,
        -0.214328 -0.393701 0.202834,
        -0.211919 -0.393701 0.195821,
        -0.211771 -0.393701 0.195822,
        -0.210140 -0.393701 0.201001,
        -0.210057 -0.393701 0.196014,
        -0.207975 -0.393701 0.198400,
        -0.208008 -0.393701 0.198816,
        -0.209195 -0.393701 0.196330,
        -0.208890 -0.393701 0.196515,
        -0.208506 -0.393701 0.196856,
        -0.208215 -0.393701 0.197287,
        -0.208044 -0.393701 0.197763,
        -0.208160 -0.393701 0.199338,
        -0.208419 -0.393701 0.199781,
        -0.208835 -0.393701 0.200215,
        -0.147705 -0.393701 0.235883,
        -0.164028 -0.393701 0.235658,
        0.433071 -0.393701 0.235658,
        0.433071 -0.393701 0.262798,
        -0.157870 -0.393701 0.262573,
        -0.164028 -0.393701 0.262798,
        -0.167913 -0.393701 0.235883,
        -0.171720 -0.393701 0.235883,
        -0.172461 -0.393701 0.235658,
        -0.165348 -0.393701 0.243183,
        -0.172461 -0.393701 0.262798,
        -0.164028 -0.393701 0.256080,
        -0.161555 -0.393701 0.262573,
        -0.182705 -0.393701 0.235658,
        -0.183022 -0.393701 0.236444,
        -0.187589 -0.393701 0.235883,
        -0.187317 -0.393701 0.262573,
        -0.182705 -0.393701 0.262798,
        -0.197452 -0.393701 0.262798,
        -0.197452 -0.393701 0.235658,
        -0.194931 -0.393701 0.235883,
        -0.194931 -0.393701 0.262573,
        -0.173926 -0.393701 0.244750,
        -0.175239 -0.393701 0.241989,
        -0.176302 -0.393701 0.258137,
        -0.174645 -0.393701 0.255815,
        -0.177226 -0.393701 0.239622,
        -0.179986 -0.393701 0.237638,
        -0.182705 -0.393701 0.236569,
        -0.177226 -0.393701 0.259039,
        -0.183243 -0.393701 0.262124,
        -0.182705 -0.393701 0.261927,
        -0.180021 -0.393701 0.260947,
        -0.173653 -0.393701 0.253274,
        -0.173201 -0.393701 0.249569,
        -0.173280 -0.393701 0.247876,
        -0.203674 -0.393701 0.262798,
        -0.200580 -0.393701 0.262573,
        -0.203674 -0.393701 0.262573,
        -0.200580 -0.393701 0.259503,
        -0.199972 -0.393701 0.238926,
        -0.199972 -0.393701 0.235883,
        -0.203674 -0.393701 0.235658,
        -0.210882 -0.393701 0.238926,
        -0.203674 -0.393701 0.238926,
        -0.210882 -0.393701 0.247905,
        -0.203674 -0.393701 0.247905,
        -0.201337 -0.393701 0.247905,
        -0.201337 -0.393701 0.250961,
        -0.203674 -0.393701 0.259503,
        -0.214327 -0.393701 0.262573,
        -0.215872 -0.393701 0.262798,
        -0.214327 -0.393701 0.235883,
        -0.219669 -0.393701 0.261932,
        -0.222465 -0.393701 0.262743,
        -0.223154 -0.393701 0.262798,
        -0.203674 -0.393701 0.235883,
        -0.219669 -0.393701 0.258330,
        -0.220124 -0.393701 0.236762,
        -0.225304 -0.393701 0.238550,
        -0.222287 -0.393701 0.239114,
        -0.219669 -0.393701 0.240291,
        -0.219669 -0.393701 0.236989,
        -0.222674 -0.393701 0.259520,
        -0.225959 -0.393701 0.259912,
        -0.236037 -0.393701 0.248928,
        -0.234718 -0.393701 0.243122,
        -0.233417 -0.393701 0.241314,
        -0.232894 -0.393701 0.240797,
        -0.231151 -0.393701 0.239564,
        -0.229250 -0.393701 0.238828,
        -0.226560 -0.393701 0.238503,
        -0.233232 -0.393701 0.256952,
        -0.234687 -0.393701 0.254929,
        -0.231414 -0.393701 0.258452,
        -0.229315 -0.393701 0.259424,
        -0.226993 -0.393701 0.259871,
        -0.235587 -0.393701 0.252633,
        -0.219967 -0.393701 0.258490,
        -0.236008 -0.393701 0.247945,
        -0.235581 -0.393701 0.245274,
        -0.225994 -0.393701 0.263024,
        -0.238459 -0.393701 0.307087,
        -0.215872 -0.393701 0.307087,
        -0.225952 -0.393701 0.263024,
        -0.237733 -0.393701 0.256565,
        -0.235798 -0.393701 0.259094,
        -0.235158 -0.393701 0.259705,
        -0.232663 -0.393701 0.261461,
        -0.238459 -0.393701 0.242670,
        -0.239116 -0.393701 0.244339,
        -0.240058 -0.393701 0.235658,
        -0.239652 -0.393701 0.248723,
        -0.239606 -0.393701 0.250115,
        -0.240058 -0.393701 0.262798,
        -0.239001 -0.393701 0.253600,
        -0.238459 -0.393701 0.254868,
        -0.234080 -0.393701 0.237292,
        -0.236228 -0.393701 0.239076,
        -0.238459 -0.393701 0.235658,
        -0.238022 -0.393701 0.241563,
        -0.227058 -0.393701 0.235433,
        -0.228668 -0.393701 0.235509,
        -0.229393 -0.393701 0.235658,
        -0.231561 -0.393701 0.236104,
        -0.229542 -0.393701 0.193272,
        -0.231220 -0.393701 0.193092,
        -0.187972 -0.393701 0.212605,
        -0.184506 -0.393701 0.212605,
        -0.182705 -0.393701 0.227833,
        -0.172461 -0.393701 0.220232,
        -0.172461 -0.393701 0.227833,
        -0.192110 -0.393701 0.193317,
        -0.194085 -0.393701 0.198278,
        -0.193675 -0.393701 0.196708,
        -0.193587 -0.393701 0.196708,
        -0.197452 -0.393701 0.227833,
        -0.197452 -0.393701 0.207963,
        -0.193177 -0.393701 0.198250,
        -0.193433 -0.393701 0.197361,
        -0.197452 -0.393701 0.193317,
        -0.197452 -0.393701 0.198990,
        -0.202804 -0.393701 0.212605,
        -0.199065 -0.393701 0.212605,
        -0.195326 -0.393701 0.193583,
        -0.195439 -0.393701 0.193317,
        -0.196793 -0.393701 0.190118,
        -0.203674 -0.393701 0.182745,
        -0.202115 -0.393701 0.184837,
        -0.202115 -0.393701 0.187811,
        -0.201431 -0.393701 0.187587,
        -0.200218 -0.393701 0.187430,
        -0.199578 -0.393701 0.187485,
        -0.198843 -0.393701 0.187715,
        -0.198217 -0.393701 0.188098,
        -0.197452 -0.393701 0.185169,
        -0.198520 -0.393701 0.184741,
        -0.197452 -0.393701 0.182745,
        -0.199959 -0.393701 0.184564,
        -0.200697 -0.393701 0.184591,
        -0.197552 -0.393701 0.188776,
        -0.197452 -0.393701 0.188954,
        -0.182705 -0.393701 0.182745,
        -0.196064 -0.393701 0.186089,
        -0.197210 -0.393701 0.185265,
        -0.193157 -0.393701 0.190663,
        -0.194689 -0.393701 0.187689,
        -0.433071 -0.393701 0.000000,
        -0.433071 -0.393701 0.182745,
        -0.433071 -0.393701 0.193317,
        -0.433071 -0.393701 0.227833,
        -0.433071 -0.393701 0.235658,
        -0.433071 -0.393701 0.262798,
        -0.433071 -0.393701 0.307087,
        -0.240744 -0.393701 0.238926,
        -0.240744 -0.393701 0.235883,
        -0.254819 -0.393701 0.235883,
        -0.251374 -0.393701 0.262573,
        -0.251374 -0.393701 0.238926,
        -0.254819 -0.393701 0.262573,
        -0.240058 -0.393701 0.193317,
        -0.240464 -0.393701 0.193543,
        -0.254819 -0.393701 0.193543,
        -0.240464 -0.393701 0.196585,
        -0.241072 -0.393701 0.217162,
        -0.251374 -0.393701 0.205564,
        -0.251374 -0.393701 0.196585,
        -0.241829 -0.393701 0.205564,
        -0.241829 -0.393701 0.208620,
        -0.251374 -0.393701 0.208620,
        -0.251374 -0.393701 0.217162,
        -0.254819 -0.393701 0.220232,
        -0.241072 -0.393701 0.220232,
        -0.240058 -0.393701 0.307087,
        -0.203674 -0.393701 0.307087,
        -0.197452 -0.393701 0.307087,
        -0.182705 -0.393701 0.307087,
        -0.172461 -0.393701 0.307087,
        -0.164028 -0.393701 0.307087,
        0.433071 -0.393701 0.307087,
        0.433071 -0.393701 0.227833,
        -0.161507 -0.393701 0.193543,
        -0.161507 -0.393701 0.220232,
        -0.128131 -0.393701 0.220232,
        -0.124447 -0.393701 0.220232,
        -0.134489 -0.393701 0.193543,
        -0.138296 -0.393701 0.193543,
        -0.154166 -0.393701 0.193543,
        0.433071 -0.393701 0.193317,
        -0.114281 -0.393701 0.193543,
        -0.118088 -0.393701 0.193543,
        -0.120810 -0.393701 0.200843,
        -0.131924 -0.393701 0.200843,
        -0.141815 -0.393701 0.199648,
        -0.143802 -0.393701 0.197281,
        -0.146563 -0.393701 0.195297,
        -0.149598 -0.393701 0.194104,
        -0.143802 -0.393701 0.216698,
        -0.142878 -0.393701 0.215796,
        -0.141221 -0.393701 0.213474,
        -0.140229 -0.393701 0.210933,
        -0.153893 -0.393701 0.220232,
        -0.149819 -0.393701 0.219783,
        -0.146598 -0.393701 0.218606,
        -0.139777 -0.393701 0.207229,
        -0.139857 -0.393701 0.205535,
        -0.140502 -0.393701 0.202409,
        -0.172461 -0.393701 0.182745,
        -0.164028 -0.393701 0.182745,
        0.433071 -0.393701 0.182745,
        -0.240058 -0.393701 0.000000,
        -0.238459 -0.393701 0.000000,
        -0.215872 -0.393701 0.000000,
        -0.203674 -0.393701 0.000000,
        -0.197452 -0.393701 0.000000,
        -0.182705 -0.393701 0.000000,
        -0.172461 -0.393701 0.000000,
        -0.164028 -0.393701 0.000000,
        0.433071 -0.393701 0.000000,
        -0.433071 0.354331 0.000000,
        -0.433071 0.393701 0.000000,
        -0.314961 0.354331 0.000000,
        0.433071 0.393701 0.000000,
        0.433071 -0.354331 0.000000,
        0.314961 -0.354331 0.000000,
        -0.314961 -0.354331 0.000000,
        -0.433071 -0.354331 0.000000,
        0.433071 0.354331 0.000000,
        0.314961 0.354331 0.000000,
        0.314961 -0.039370 0.000000,
        0.433071 -0.039370 0.000000,
        0.433071 -0.118110 0.000000,
        -0.433071 -0.275591 0.000000,
        -0.433071 -0.196850 0.000000,
        -0.314961 -0.275591 0.000000,
        -0.314961 -0.196850 0.000000,
        -0.314961 -0.118110 0.000000,
        -0.177165 0.177165 0.000000,
        -0.177165 -0.295276 0.000000,
        0.433071 -0.196850 0.000000,
        0.433071 -0.275591 0.000000,
        0.314961 -0.196850 0.000000,
        0.314961 -0.275591 0.000000,
        -0.314961 0.039370 0.000000,
        -0.433071 0.039370 0.000000,
        -0.433071 0.118110 0.000000,
        -0.314961 0.118110 0.000000,
        -0.314961 0.196850 0.000000,
        0.314961 -0.118110 0.000000,
        0.177165 0.295276 0.000000,
        0.177165 -0.295276 0.000000,
        0.314961 0.275591 0.000000,
        -0.059055 0.295276 0.000000,
        -0.314961 -0.039370 0.000000,
        -0.433071 -0.039370 0.000000,
        -0.433071 -0.118110 0.000000,
        -0.314961 0.275591 0.000000,
        -0.433071 0.275591 0.000000,
        -0.433071 0.196850 0.000000,
        0.433071 0.275591 0.000000,
        0.433071 0.196850 0.000000,
        0.314961 0.196850 0.000000,
        0.314961 0.118110 0.000000,
        0.433071 0.118110 0.000000,
        0.433071 0.039370 0.000000,
        0.314961 0.039370 0.000000,
        0.433071 -0.275591 0.070866,
        0.433071 -0.196850 0.070866,
        0.433071 0.393701 0.307087,
        0.433071 -0.118110 0.070866,
        0.433071 -0.354331 0.070866,
        0.433071 0.039370 0.070866,
        0.433071 0.118110 0.070866,
        0.433071 0.196850 0.070866,
        0.433071 -0.039370 0.070866,
        0.433071 0.354331 0.070866,
        0.433071 0.275591 0.070866,
        -0.294374 0.334494 0.307087,
        -0.281597 0.335065 0.307087,
        -0.433071 0.393701 0.307087,
        -0.269058 0.332449 0.307087,
        -0.257630 0.326885 0.307087,
        -0.236395 0.298431 0.307087,
        -0.234322 0.286457 0.307087,
        -0.289975 0.232450 0.307087,
        -0.302409 0.235045 0.307087,
        -0.313906 0.240670 0.307087,
        -0.323655 0.248933 0.307087,
        -0.249333 0.320148 0.307087,
        -0.241547 0.310170 0.307087,
        -0.331058 0.259355 0.307087,
        -0.335667 0.271227 0.307087,
        -0.337206 0.283750 0.307087,
        -0.335635 0.296401 0.307087,
        -0.330988 0.308274 0.307087,
        -0.323566 0.318663 0.307087,
        -0.247813 0.248939 0.307087,
        -0.254281 0.242993 0.307087,
        -0.265243 0.236528 0.307087,
        -0.277423 0.232943 0.307087,
        -0.317496 0.324256 0.307087,
        -0.306648 0.330790 0.307087,
        -0.234250 0.283750 0.307087,
        -0.235808 0.271211 0.307087,
        -0.240417 0.259317 0.307087,
        -0.433071 0.354331 0.070866,
        -0.433071 0.275591 0.070866,
        -0.433071 0.196850 0.070866,
        -0.433071 0.118110 0.070866,
        -0.433071 -0.039370 0.070866,
        -0.433071 -0.118110 0.070866,
        -0.433071 -0.196850 0.070866,
        -0.433071 0.039370 0.070866,
        -0.433071 -0.354331 0.070866,
        -0.433071 -0.275591 0.070866,
      ]
    }
    coordIndex [
      0, 1, 2, -1,
      3, 4, 5, -1,
      6, 7, 8, -1,
      9, 10, 11, -1,
      12, 13, 14, -1,
      15, 16, 17, -1,
      18, 19, 20, -1,
      21, 22, 23, -1,
      24, 25, 26, -1,
      27, 28, 29, -1,
      30, 31, 32, -1,
      32, 31, 3, -1,
      33, 34, 32, -1,
      32, 34, 35, -1,
      35, 36, 32, -1,
      32, 36, 37, -1,
      32, 37, 30, -1,
      38, 39, 40, -1,
      41, 42, 43, -1,
      43, 42, 40, -1,
      40, 42, 44, -1,
      40, 44, 38, -1,
      45, 46, 47, -1,
      46, 48, 47, -1,
      47, 48, 49, -1,
      47, 49, 50, -1,
      41, 43, 51, -1,
      51, 43, 47, -1,
      51, 47, 52, -1,
      52, 47, 50, -1,
      52, 50, 53, -1,
      53, 50, 54, -1,
      53, 54, 55, -1,
      29, 28, 56, -1,
      28, 57, 56, -1,
      56, 57, 58, -1,
      56, 58, 47, -1,
      47, 58, 59, -1,
      47, 59, 45, -1,
      60, 61, 62, -1,
      61, 63, 62, -1,
      62, 63, 64, -1,
      62, 64, 65, -1,
      65, 66, 62, -1,
      62, 66, 67, -1,
      62, 67, 29, -1,
      29, 67, 68, -1,
      29, 68, 27, -1,
      69, 70, 71, -1,
      71, 70, 72, -1,
      71, 72, 62, -1,
      62, 72, 73, -1,
      62, 73, 60, -1,
      74, 75, 76, -1,
      76, 75, 77, -1,
      76, 77, 78, -1,
      74, 79, 75, -1,
      75, 79, 80, -1,
      75, 80, 71, -1,
      71, 80, 81, -1,
      71, 81, 69, -1,
      0, 82, 1, -1,
      1, 82, 83, -1,
      1, 83, 84, -1,
      84, 85, 1, -1,
      1, 85, 86, -1,
      1, 86, 78, -1,
      87, 88, 0, -1,
      87, 0, 89, -1,
      90, 91, 92, -1,
      92, 91, 93, -1,
      94, 95, 91, -1,
      91, 95, 96, -1,
      91, 96, 97, -1,
      98, 99, 100, -1,
      100, 99, 101, -1,
      102, 103, 82, -1,
      82, 103, 104, -1,
      82, 104, 105, -1,
      106, 107, 108, -1,
      108, 107, 109, -1,
      108, 109, 110, -1,
      111, 97, 112, -1,
      112, 97, 113, -1,
      112, 113, 108, -1,
      108, 113, 114, -1,
      108, 114, 106, -1,
      115, 116, 4, -1,
      4, 116, 117, -1,
      4, 117, 0, -1,
      0, 117, 118, -1,
      0, 118, 89, -1,
      88, 119, 0, -1,
      0, 119, 120, -1,
      0, 120, 82, -1,
      82, 120, 121, -1,
      82, 121, 102, -1,
      111, 122, 97, -1,
      97, 122, 123, -1,
      97, 123, 91, -1,
      91, 123, 124, -1,
      91, 124, 93, -1,
      98, 125, 99, -1,
      99, 125, 126, -1,
      99, 126, 127, -1,
      128, 129, 130, -1,
      130, 129, 131, -1,
      130, 131, 99, -1,
      99, 131, 132, -1,
      99, 132, 101, -1,
      105, 133, 82, -1,
      82, 133, 134, -1,
      82, 134, 135, -1,
      135, 134, 128, -1,
      135, 128, 136, -1,
      136, 128, 130, -1,
      137, 138, 99, -1,
      99, 138, 139, -1,
      99, 139, 91, -1,
      91, 139, 140, -1,
      91, 140, 94, -1,
      127, 141, 99, -1,
      99, 141, 142, -1,
      99, 142, 143, -1,
      143, 144, 99, -1,
      99, 144, 145, -1,
      99, 145, 137, -1,
      146, 147, 148, -1,
      148, 97, 146, -1,
      146, 97, 96, -1,
      146, 96, 149, -1,
      149, 96, 150, -1,
      150, 151, 149, -1,
      149, 151, 152, -1,
      149, 152, 153, -1,
      154, 155, 156, -1,
      157, 158, 155, -1,
      158, 159, 155, -1,
      155, 159, 160, -1,
      155, 160, 161, -1,
      156, 162, 154, -1,
      154, 162, 163, -1,
      154, 163, 164, -1,
      147, 146, 154, -1,
      154, 146, 165, -1,
      154, 165, 155, -1,
      155, 165, 166, -1,
      155, 166, 157, -1,
      161, 167, 155, -1,
      155, 167, 168, -1,
      155, 168, 169, -1,
      169, 168, 170, -1,
      169, 170, 171, -1,
      171, 170, 172, -1,
      173, 174, 164, -1,
      164, 174, 175, -1,
      164, 175, 154, -1,
      31, 176, 3, -1,
      3, 176, 177, -1,
      3, 177, 4, -1,
      4, 177, 178, -1,
      4, 178, 115, -1,
      179, 180, 181, -1,
      181, 180, 182, -1,
      183, 184, 185, -1,
      186, 187, 179, -1,
      179, 187, 26, -1,
      26, 187, 188, -1,
      26, 188, 24, -1,
      185, 189, 190, -1,
      190, 189, 191, -1,
      190, 191, 192, -1,
      180, 193, 182, -1,
      182, 193, 194, -1,
      182, 194, 195, -1,
      195, 194, 196, -1,
      197, 198, 199, -1,
      199, 198, 200, -1,
      201, 202, 203, -1,
      203, 202, 204, -1,
      203, 204, 205, -1,
      206, 207, 208, -1,
      209, 210, 211, -1,
      212, 213, 206, -1,
      206, 213, 214, -1,
      206, 214, 215, -1,
      197, 216, 198, -1,
      198, 216, 217, -1,
      198, 217, 218, -1,
      218, 217, 211, -1,
      218, 211, 219, -1,
      219, 211, 210, -1,
      215, 220, 206, -1,
      206, 220, 221, -1,
      206, 221, 207, -1,
      222, 223, 224, -1,
      224, 223, 225, -1,
      224, 225, 226, -1,
      227, 228, 229, -1,
      229, 228, 230, -1,
      231, 232, 203, -1,
      203, 232, 233, -1,
      203, 233, 201, -1,
      222, 234, 223, -1,
      223, 234, 235, -1,
      223, 235, 236, -1,
      236, 235, 205, -1,
      236, 205, 22, -1,
      237, 238, 239, -1,
      208, 240, 206, -1,
      206, 240, 241, -1,
      206, 241, 228, -1,
      228, 241, 200, -1,
      228, 200, 230, -1,
      230, 200, 198, -1,
      242, 243, 211, -1,
      211, 243, 244, -1,
      211, 244, 245, -1,
      238, 246, 239, -1,
      239, 246, 247, -1,
      239, 247, 248, -1,
      227, 249, 228, -1,
      228, 249, 250, -1,
      228, 250, 251, -1,
      245, 252, 211, -1,
      211, 252, 253, -1,
      211, 253, 209, -1,
      234, 254, 235, -1,
      235, 254, 255, -1,
      235, 255, 247, -1,
      247, 255, 256, -1,
      247, 256, 248, -1,
      21, 23, 257, -1,
      257, 23, 258, -1,
      257, 258, 259, -1,
      260, 261, 20, -1,
      262, 263, 264, -1,
      264, 263, 265, -1,
      264, 265, 266, -1,
      267, 268, 20, -1,
      20, 268, 269, -1,
      266, 270, 264, -1,
      264, 270, 271, -1,
      264, 271, 272, -1,
      272, 271, 273, -1,
      272, 273, 260, -1,
      274, 275, 261, -1,
      261, 275, 276, -1,
      261, 276, 20, -1,
      20, 276, 277, -1,
      20, 277, 267, -1,
      269, 278, 20, -1,
      20, 278, 279, -1,
      20, 279, 18, -1,
      280, 281, 282, -1,
      282, 281, 283, -1,
      282, 283, 284, -1,
      282, 285, 280, -1,
      280, 285, 286, -1,
      280, 286, 287, -1,
      287, 288, 280, -1,
      280, 288, 289, -1,
      280, 289, 290, -1,
      290, 289, 291, -1,
      290, 291, 292, -1,
      292, 291, 293, -1,
      292, 293, 261, -1,
      261, 293, 294, -1,
      261, 294, 274, -1,
      295, 296, 284, -1,
      284, 296, 297, -1,
      284, 297, 282, -1,
      298, 299, 226, -1,
      226, 299, 300, -1,
      226, 300, 224, -1,
      298, 301, 299, -1,
      299, 301, 302, -1,
      299, 302, 303, -1,
      303, 302, 304, -1,
      303, 305, 306, -1,
      304, 307, 303, -1,
      303, 307, 308, -1,
      303, 308, 309, -1,
      309, 310, 303, -1,
      303, 310, 311, -1,
      303, 311, 305, -1,
      306, 312, 303, -1,
      303, 312, 313, -1,
      303, 313, 314, -1,
      315, 15, 316, -1,
      317, 318, 319, -1,
      319, 318, 320, -1,
      321, 322, 323, -1,
      15, 17, 316, -1,
      316, 17, 324, -1,
      316, 324, 321, -1,
      323, 322, 325, -1,
      325, 322, 326, -1,
      325, 326, 320, -1,
      320, 326, 327, -1,
      320, 327, 319, -1,
      328, 329, 330, -1,
      331, 332, 333, -1,
      328, 330, 334, -1,
      334, 330, 335, -1,
      334, 335, 333, -1,
      333, 335, 336, -1,
      333, 336, 331, -1,
      337, 338, 323, -1,
      339, 340, 325, -1,
      338, 341, 323, -1,
      323, 341, 342, -1,
      323, 342, 328, -1,
      328, 342, 343, -1,
      328, 343, 329, -1,
      339, 325, 344, -1,
      331, 345, 332, -1,
      332, 345, 346, -1,
      332, 346, 325, -1,
      325, 346, 347, -1,
      325, 347, 344, -1,
      340, 348, 325, -1,
      325, 348, 349, -1,
      325, 349, 323, -1,
      323, 349, 350, -1,
      323, 350, 337, -1,
      333, 351, 352, -1,
      352, 351, 353, -1,
      352, 354, 333, -1,
      333, 354, 355, -1,
      333, 355, 334, -1,
      334, 355, 356, -1,
      334, 356, 357, -1,
      358, 359, 360, -1,
      360, 359, 361, -1,
      361, 359, 362, -1,
      362, 359, 355, -1,
      362, 355, 363, -1,
      363, 355, 354, -1,
      363, 354, 14, -1,
      14, 354, 364, -1,
      14, 364, 12, -1,
      353, 351, 365, -1,
      365, 351, 366, -1,
      365, 366, 367, -1,
      368, 366, 369, -1,
      369, 366, 370, -1,
      356, 371, 357, -1,
      357, 371, 367, -1,
      357, 367, 11, -1,
      11, 367, 366, -1,
      11, 366, 372, -1,
      372, 366, 368, -1,
      9, 11, 373, -1,
      374, 375, 372, -1,
      372, 375, 376, -1,
      372, 376, 11, -1,
      11, 376, 377, -1,
      11, 377, 373, -1,
      378, 379, 380, -1,
      381, 382, 372, -1,
      372, 382, 383, -1,
      372, 383, 384, -1,
      384, 385, 372, -1,
      372, 385, 386, -1,
      372, 386, 374, -1,
      387, 388, 389, -1,
      389, 388, 390, -1,
      379, 391, 380, -1,
      380, 391, 390, -1,
      380, 390, 392, -1,
      392, 390, 388, -1,
      378, 380, 393, -1,
      393, 380, 394, -1,
      393, 394, 372, -1,
      372, 394, 395, -1,
      372, 395, 381, -1,
      7, 396, 397, -1,
      397, 396, 398, -1,
      398, 396, 399, -1,
      398, 399, 370, -1,
      8, 400, 401, -1,
      401, 402, 8, -1,
      8, 402, 403, -1,
      8, 403, 6, -1,
      404, 405, 406, -1,
      407, 408, 409, -1,
      409, 408, 410, -1,
      409, 410, 8, -1,
      8, 410, 411, -1,
      8, 411, 400, -1,
      412, 413, 414, -1,
      414, 413, 415, -1,
      416, 417, 228, -1,
      228, 417, 418, -1,
      228, 418, 414, -1,
      414, 418, 419, -1,
      414, 419, 412, -1,
      237, 239, 251, -1,
      251, 239, 262, -1,
      251, 262, 228, -1,
      228, 262, 264, -1,
      228, 264, 416, -1,
      22, 205, 23, -1,
      23, 205, 204, -1,
      23, 204, 258, -1,
      258, 204, 420, -1,
      258, 420, 212, -1,
      212, 420, 421, -1,
      212, 421, 213, -1,
      422, 423, 424, -1,
      184, 183, 425, -1,
      425, 183, 426, -1,
      425, 426, 196, -1,
      196, 426, 424, -1,
      196, 424, 195, -1,
      195, 424, 423, -1,
      195, 423, 427, -1,
      428, 429, 430, -1,
      424, 431, 422, -1,
      422, 431, 432, -1,
      422, 432, 433, -1,
      433, 432, 428, -1,
      433, 428, 434, -1,
      434, 428, 430, -1,
      435, 436, 20, -1,
      20, 436, 437, -1,
      260, 20, 272, -1,
      272, 20, 437, -1,
      272, 437, 431, -1,
      431, 437, 438, -1,
      431, 438, 432, -1,
      439, 436, 440, -1,
      440, 436, 435, -1,
      440, 435, 441, -1,
      442, 443, 444, -1,
      259, 258, 19, -1,
      19, 258, 442, -1,
      19, 442, 20, -1,
      20, 442, 444, -1,
      20, 444, 435, -1,
      435, 444, 445, -1,
      435, 445, 446, -1,
      446, 447, 435, -1,
      435, 447, 448, -1,
      435, 448, 449, -1,
      450, 451, 452, -1,
      452, 451, 453, -1,
      452, 453, 442, -1,
      442, 453, 454, -1,
      442, 454, 443, -1,
      449, 455, 435, -1,
      435, 455, 456, -1,
      435, 456, 441, -1,
      457, 458, 452, -1,
      452, 458, 459, -1,
      452, 459, 450, -1,
      427, 460, 457, -1,
      457, 460, 461, -1,
      457, 461, 458, -1,
      462, 75, 463, -1,
      463, 75, 71, -1,
      463, 71, 464, -1,
      464, 71, 62, -1,
      464, 62, 465, -1,
      465, 62, 29, -1,
      465, 29, 466, -1,
      466, 29, 56, -1,
      466, 56, 467, -1,
      467, 56, 47, -1,
      467, 47, 468, -1,
      468, 47, 43, -1,
      469, 470, 406, -1,
      406, 470, 471, -1,
      472, 409, 32, -1,
      405, 407, 406, -1,
      406, 407, 409, -1,
      406, 409, 469, -1,
      469, 409, 472, -1,
      469, 472, 473, -1,
      5, 406, 3, -1,
      3, 406, 471, -1,
      3, 471, 32, -1,
      32, 471, 474, -1,
      32, 474, 472, -1,
      475, 476, 477, -1,
      476, 475, 478, -1,
      478, 475, 5, -1,
      478, 5, 479, -1,
      480, 481, 482, -1,
      482, 481, 478, -1,
      482, 478, 483, -1,
      483, 478, 479, -1,
      483, 479, 484, -1,
      484, 479, 485, -1,
      2, 475, 0, -1,
      0, 475, 477, -1,
      0, 477, 4, -1,
      4, 477, 486, -1,
      4, 486, 5, -1,
      5, 486, 487, -1,
      5, 487, 479, -1,
      7, 397, 8, -1,
      8, 397, 488, -1,
      8, 488, 409, -1,
      409, 488, 40, -1,
      409, 40, 32, -1,
      32, 40, 39, -1,
      32, 39, 33, -1,
      2, 212, 475, -1,
      475, 212, 206, -1,
      475, 206, 5, -1,
      5, 206, 228, -1,
      5, 228, 406, -1,
      406, 228, 414, -1,
      406, 414, 404, -1,
      404, 414, 415, -1,
      183, 323, 426, -1,
      426, 323, 328, -1,
      426, 328, 424, -1,
      424, 328, 334, -1,
      424, 334, 431, -1,
      431, 334, 357, -1,
      431, 357, 272, -1,
      272, 357, 11, -1,
      272, 11, 264, -1,
      264, 11, 10, -1,
      264, 10, 416, -1,
      370, 366, 398, -1,
      398, 366, 351, -1,
      398, 351, 489, -1,
      489, 351, 333, -1,
      489, 333, 490, -1,
      490, 333, 332, -1,
      490, 332, 491, -1,
      491, 332, 325, -1,
      491, 325, 492, -1,
      492, 325, 320, -1,
      492, 320, 493, -1,
      493, 320, 318, -1,
      493, 318, 494, -1,
      319, 315, 317, -1,
      317, 315, 316, -1,
      317, 316, 495, -1,
      496, 497, 183, -1,
      190, 186, 185, -1,
      185, 186, 179, -1,
      185, 179, 183, -1,
      183, 179, 181, -1,
      183, 181, 496, -1,
      183, 498, 499, -1,
      500, 501, 181, -1,
      181, 501, 502, -1,
      181, 502, 496, -1,
      321, 323, 316, -1,
      316, 323, 183, -1,
      316, 183, 495, -1,
      495, 183, 499, -1,
      495, 499, 503, -1,
      503, 499, 504, -1,
      503, 504, 181, -1,
      181, 504, 505, -1,
      181, 505, 500, -1,
      500, 505, 506, -1,
      500, 506, 507, -1,
      501, 508, 509, -1,
      509, 510, 501, -1,
      501, 510, 511, -1,
      501, 511, 502, -1,
      512, 513, 498, -1,
      498, 513, 514, -1,
      498, 514, 515, -1,
      497, 516, 183, -1,
      183, 516, 517, -1,
      183, 517, 498, -1,
      498, 517, 518, -1,
      498, 518, 512, -1,
      515, 519, 498, -1,
      498, 519, 520, -1,
      498, 520, 501, -1,
      501, 520, 521, -1,
      501, 521, 508, -1,
      427, 457, 195, -1,
      195, 457, 522, -1,
      195, 522, 182, -1,
      182, 522, 523, -1,
      182, 523, 181, -1,
      181, 523, 524, -1,
      181, 524, 503, -1,
      78, 77, 1, -1,
      1, 77, 525, -1,
      1, 525, 2, -1,
      2, 525, 526, -1,
      2, 526, 212, -1,
      212, 526, 527, -1,
      212, 527, 258, -1,
      258, 527, 528, -1,
      258, 528, 442, -1,
      442, 528, 529, -1,
      442, 529, 452, -1,
      452, 529, 530, -1,
      452, 530, 457, -1,
      457, 530, 531, -1,
      457, 531, 522, -1,
      522, 531, 532, -1,
      522, 532, 523, -1,
      523, 532, 533, -1,
      523, 533, 524, -1,
      534, 535, 536, -1,
      536, 535, 537, -1,
      538, 533, 539, -1,
      539, 533, 462, -1,
      539, 462, 540, -1,
      540, 462, 541, -1,
      537, 542, 543, -1,
      544, 545, 546, -1,
      547, 548, 549, -1,
      549, 548, 550, -1,
      551, 552, 550, -1,
      550, 552, 553, -1,
      550, 553, 549, -1,
      554, 555, 556, -1,
      556, 555, 557, -1,
      558, 559, 560, -1,
      561, 562, 552, -1,
      563, 556, 564, -1,
      564, 556, 557, -1,
      564, 557, 565, -1,
      565, 557, 539, -1,
      565, 539, 553, -1,
      553, 539, 540, -1,
      553, 540, 549, -1,
      566, 564, 543, -1,
      543, 564, 567, -1,
      560, 561, 558, -1,
      558, 561, 552, -1,
      558, 552, 568, -1,
      568, 552, 551, -1,
      568, 551, 569, -1,
      569, 551, 570, -1,
      537, 543, 536, -1,
      536, 543, 567, -1,
      536, 567, 571, -1,
      571, 567, 552, -1,
      571, 552, 572, -1,
      572, 552, 562, -1,
      572, 562, 573, -1,
      574, 575, 566, -1,
      566, 575, 576, -1,
      566, 576, 564, -1,
      564, 576, 577, -1,
      578, 579, 577, -1,
      577, 579, 580, -1,
      577, 580, 564, -1,
      564, 580, 544, -1,
      564, 544, 563, -1,
      563, 544, 546, -1,
      581, 555, 554, -1,
      494, 582, 583, -1,
      583, 582, 584, -1,
      554, 582, 581, -1,
      581, 582, 494, -1,
      581, 494, 585, -1,
      585, 494, 533, -1,
      585, 533, 538, -1,
      586, 579, 578, -1,
      587, 588, 583, -1,
      578, 587, 586, -1,
      586, 587, 583, -1,
      586, 583, 589, -1,
      589, 583, 584, -1,
      589, 584, 545, -1,
      545, 584, 546, -1,
      542, 537, 590, -1,
      590, 537, 583, -1,
      590, 583, 591, -1,
      591, 583, 588, -1,
      591, 588, 574, -1,
      574, 588, 575, -1,
      592, 593, 594, -1,
      594, 593, 583, -1,
      583, 593, 595, -1,
      583, 595, 596, -1,
      583, 597, 598, -1,
      599, 600, 468, -1,
      468, 600, 601, -1,
      468, 601, 602, -1,
      596, 603, 583, -1,
      583, 603, 604, -1,
      583, 604, 597, -1,
      602, 605, 468, -1,
      468, 605, 606, -1,
      468, 606, 594, -1,
      594, 606, 607, -1,
      607, 608, 594, -1,
      594, 608, 609, -1,
      594, 609, 610, -1,
      611, 612, 494, -1,
      494, 612, 613, -1,
      494, 613, 468, -1,
      468, 613, 614, -1,
      468, 614, 599, -1,
      610, 615, 594, -1,
      594, 615, 616, -1,
      594, 616, 592, -1,
      598, 617, 583, -1,
      583, 617, 618, -1,
      583, 618, 494, -1,
      494, 618, 619, -1,
      494, 619, 611, -1,
      594, 583, 535, -1,
      535, 583, 537, -1,
      535, 534, 620, -1,
      621, 572, 573, -1,
      622, 623, 468, -1,
      573, 622, 621, -1,
      621, 622, 468, -1,
      621, 468, 620, -1,
      620, 468, 594, -1,
      620, 594, 535, -1,
      624, 569, 570, -1,
      625, 626, 468, -1,
      570, 625, 624, -1,
      624, 625, 468, -1,
      624, 468, 627, -1,
      627, 468, 623, -1,
      627, 623, 559, -1,
      559, 623, 560, -1,
      541, 462, 628, -1,
      628, 462, 468, -1,
      628, 468, 629, -1,
      629, 468, 626, -1,
      629, 626, 547, -1,
      547, 626, 548, -1,
    ]
  }
}

Shape {
  appearance Appearance {
    material Material {
      diffuseColor 0.7529 0.7529 0.7529
      specularColor 0.3765 0.3765 0.3765
      ambientIntensity 0.2
      transparency 0.0000
      shininess 0.5
    }
  }
  geometry IndexedFaceSet {
    ccw TRUE
    solid FALSE
    coord DEF co Coordinate {
      point [
        -0.433071 0.354331 0.000000,
        -0.314961 0.354331 0.000000,
        0.433071 -0.354331 0.000000,
        0.314961 -0.354331 0.000000,
        -0.314961 -0.354331 0.000000,
        -0.433071 -0.354331 0.000000,
        0.433071 0.354331 0.000000,
        0.314961 0.354331 0.000000,
        0.314961 -0.039370 0.000000,
        0.433071 -0.039370 0.000000,
        0.433071 -0.118110 0.000000,
        -0.433071 -0.275591 0.000000,
        -0.433071 -0.196850 0.000000,
        -0.314961 -0.275591 0.000000,
        -0.314961 -0.196850 0.000000,
        -0.314961 -0.118110 0.000000,
        -0.177165 0.177165 0.000000,
        -0.177165 -0.295276 0.000000,
        0.433071 -0.196850 0.000000,
        0.433071 -0.275591 0.000000,
        0.314961 -0.196850 0.000000,
        0.314961 -0.275591 0.000000,
        -0.314961 0.039370 0.000000,
        -0.433071 0.039370 0.000000,
        -0.433071 0.118110 0.000000,
        -0.314961 0.118110 0.000000,
        -0.314961 0.196850 0.000000,
        0.314961 -0.118110 0.000000,
        0.177165 0.295276 0.000000,
        0.177165 -0.295276 0.000000,
        0.314961 0.275591 0.000000,
        -0.059055 0.295276 0.000000,
        -0.314961 -0.039370 0.000000,
        -0.433071 -0.039370 0.000000,
        -0.433071 -0.118110 0.000000,
        -0.314961 0.275591 0.000000,
        -0.433071 0.275591 0.000000,
        -0.433071 0.196850 0.000000,
        0.433071 0.275591 0.000000,
        0.433071 0.196850 0.000000,
        0.314961 0.196850 0.000000,
        0.314961 0.118110 0.000000,
        0.433071 0.118110 0.000000,
        0.433071 0.039370 0.000000,
        0.314961 0.039370 0.000000,
        0.433071 -0.275591 0.070866,
        0.433071 -0.196850 0.070866,
        0.433071 -0.118110 0.070866,
        0.433071 -0.354331 0.070866,
        0.433071 0.039370 0.070866,
        0.433071 0.118110 0.070866,
        0.433071 0.196850 0.070866,
        0.433071 -0.039370 0.070866,
        0.433071 0.354331 0.070866,
        0.433071 0.275591 0.070866,
        -0.294374 0.334494 0.307087,
        -0.281597 0.335065 0.307087,
        -0.269058 0.332449 0.307087,
        -0.257630 0.326885 0.307087,
        -0.236395 0.298431 0.307087,
        -0.234322 0.286457 0.307087,
        -0.289975 0.232450 0.307087,
        -0.302409 0.235045 0.307087,
        -0.313906 0.240670 0.307087,
        -0.323655 0.248933 0.307087,
        -0.249333 0.320148 0.307087,
        -0.241547 0.310170 0.307087,
        -0.331058 0.259355 0.307087,
        -0.335667 0.271227 0.307087,
        -0.337206 0.283750 0.307087,
        -0.335635 0.296401 0.307087,
        -0.330988 0.308274 0.307087,
        -0.323566 0.318663 0.307087,
        -0.247813 0.248939 0.307087,
        -0.254281 0.242993 0.307087,
        -0.265243 0.236528 0.307087,
        -0.277423 0.232943 0.307087,
        -0.317496 0.324256 0.307087,
        -0.306648 0.330790 0.307087,
        -0.234250 0.283750 0.307087,
        -0.235808 0.271211 0.307087,
        -0.240417 0.259317 0.307087,
        -0.433071 0.354331 0.070866,
        -0.433071 0.275591 0.070866,
        -0.433071 0.196850 0.070866,
        -0.433071 0.118110 0.070866,
        -0.433071 -0.039370 0.070866,
        -0.433071 -0.118110 0.070866,
        -0.433071 -0.196850 0.070866,
        -0.433071 0.039370 0.070866,
        -0.433071 -0.354331 0.070866,
        -0.433071 -0.275591 0.070866,
        -0.235808 0.271211 0.303150,
        -0.234250 0.283750 0.303150,
        -0.234322 0.286457 0.303150,
        -0.236395 0.298431 0.303150,
        -0.241547 0.310170 0.303150,
        -0.249333 0.320148 0.303150,
        -0.257630 0.326885 0.303150,
        -0.269058 0.332449 0.303150,
        -0.281597 0.335065 0.303150,
        -0.294374 0.334494 0.303150,
        -0.306648 0.330790 0.303150,
        -0.317496 0.324256 0.303150,
        -0.323566 0.318663 0.303150,
        -0.330988 0.308274 0.303150,
        -0.335635 0.296401 0.303150,
        -0.337206 0.283750 0.303150,
        -0.335667 0.271227 0.303150,
        -0.331058 0.259355 0.303150,
        -0.323655 0.248933 0.303150,
        -0.313906 0.240670 0.303150,
        -0.302409 0.235045 0.303150,
        -0.289975 0.232450 0.303150,
        -0.277423 0.232943 0.303150,
        -0.265243 0.236528 0.303150,
        -0.254281 0.242993 0.303150,
        -0.247813 0.248939 0.303150,
        -0.240417 0.259317 0.303150,
        -0.437008 0.039370 0.070866,
        -0.437008 -0.039370 0.070866,
        -0.437008 -0.039370 -0.007874,
        -0.314961 -0.039370 -0.007874,
        -0.314961 0.039370 -0.007874,
        -0.437008 0.039370 -0.007874,
        -0.437008 0.196850 0.070866,
        -0.437008 0.118110 0.070866,
        -0.437008 0.118110 -0.007874,
        -0.314961 0.118110 -0.007874,
        -0.314961 0.196850 -0.007874,
        -0.437008 0.196850 -0.007874,
        -0.437008 0.354331 0.070866,
        -0.437008 0.275591 0.070866,
        -0.437008 0.275591 -0.007874,
        -0.314961 0.275591 -0.007874,
        -0.314961 0.354331 -0.007874,
        -0.437008 0.354331 -0.007874,
        -0.437008 -0.118110 0.070866,
        -0.437008 -0.196850 0.070866,
        -0.437008 -0.196850 -0.007874,
        -0.314961 -0.196850 -0.007874,
        -0.314961 -0.118110 -0.007874,
        -0.437008 -0.118110 -0.007874,
        -0.437008 -0.275591 0.070866,
        -0.437008 -0.354331 0.070866,
        -0.437008 -0.354331 -0.007874,
        -0.314961 -0.354331 -0.007874,
        -0.314961 -0.275591 -0.007874,
        -0.437008 -0.275591 -0.007874,
        0.437008 -0.039370 0.070866,
        0.437008 0.039370 0.070866,
        0.437008 0.039370 -0.007874,
        0.314961 0.039370 -0.007874,
        0.314961 -0.039370 -0.007874,
        0.437008 -0.039370 -0.007874,
        0.437008 0.118110 0.070866,
        0.437008 0.196850 0.070866,
        0.437008 0.196850 -0.007874,
        0.314961 0.196850 -0.007874,
        0.314961 0.118110 -0.007874,
        0.437008 0.118110 -0.007874,
        0.437008 0.275591 0.070866,
        0.437008 0.354331 0.070866,
        0.437008 0.354331 -0.007874,
        0.314961 0.354331 -0.007874,
        0.314961 0.275591 -0.007874,
        0.437008 0.275591 -0.007874,
        0.437008 -0.196850 0.070866,
        0.437008 -0.118110 0.070866,
        0.437008 -0.118110 -0.007874,
        0.314961 -0.118110 -0.007874,
        0.314961 -0.196850 -0.007874,
        0.437008 -0.196850 -0.007874,
        0.437008 -0.354331 0.070866,
        0.437008 -0.275591 0.070866,
        0.437008 -0.275591 -0.007874,
        0.314961 -0.275591 -0.007874,
        0.314961 -0.354331 -0.007874,
        0.437008 -0.354331 -0.007874,
        0.177165 -0.295276 -0.007874,
        0.177165 0.295276 -0.007874,
        -0.177165 -0.295276 -0.007874,
        -0.177165 0.177165 -0.007874,
        -0.059055 0.295276 -0.007874,
      ]
    }
    coordIndex [
      92, 79, 93, -1,
      93, 79, 60, -1,
      93, 60, 94, -1,
      94, 60, 59, -1,
      94, 59, 95, -1,
      95, 59, 66, -1,
      95, 66, 96, -1,
      96, 66, 65, -1,
      96, 65, 97, -1,
      97, 65, 58, -1,
      97, 58, 98, -1,
      98, 58, 57, -1,
      98, 57, 99, -1,
      99, 57, 56, -1,
      99, 56, 100, -1,
      100, 56, 55, -1,
      100, 55, 101, -1,
      101, 55, 78, -1,
      101, 78, 102, -1,
      102, 78, 77, -1,
      102, 77, 103, -1,
      103, 77, 72, -1,
      103, 72, 104, -1,
      104, 72, 71, -1,
      104, 71, 105, -1,
      105, 71, 70, -1,
      105, 70, 106, -1,
      106, 70, 69, -1,
      106, 69, 107, -1,
      107, 69, 68, -1,
      107, 68, 108, -1,
      108, 68, 67, -1,
      108, 67, 109, -1,
      109, 67, 64, -1,
      109, 64, 110, -1,
      110, 64, 63, -1,
      110, 63, 111, -1,
      111, 63, 62, -1,
      111, 62, 112, -1,
      112, 62, 61, -1,
      112, 61, 113, -1,
      113, 61, 76, -1,
      113, 76, 114, -1,
      114, 76, 75, -1,
      114, 75, 115, -1,
      115, 75, 74, -1,
      115, 74, 116, -1,
      116, 74, 73, -1,
      116, 73, 117, -1,
      117, 73, 81, -1,
      117, 81, 118, -1,
      118, 81, 80, -1,
      118, 80, 92, -1,
      92, 80, 79, -1,
      93, 94, 108, -1,
      116, 117, 108, -1,
      116, 108, 115, -1,
      117, 118, 108, -1,
      108, 118, 92, -1,
      108, 92, 93, -1,
      97, 103, 96, -1,
      96, 103, 95, -1,
      95, 103, 94, -1,
      94, 103, 104, -1,
      94, 104, 105, -1,
      99, 100, 101, -1,
      105, 106, 94, -1,
      94, 106, 107, -1,
      94, 107, 108, -1,
      109, 110, 111, -1,
      97, 98, 103, -1,
      103, 98, 99, -1,
      103, 99, 102, -1,
      102, 99, 101, -1,
      111, 112, 109, -1,
      109, 112, 113, -1,
      109, 113, 108, -1,
      108, 113, 114, -1,
      108, 114, 115, -1,
      119, 120, 89, -1,
      89, 120, 86, -1,
      86, 120, 33, -1,
      33, 120, 121, -1,
      33, 121, 32, -1,
      32, 121, 122, -1,
      122, 123, 32, -1,
      32, 123, 22, -1,
      22, 123, 23, -1,
      23, 123, 124, -1,
      23, 124, 89, -1,
      89, 124, 119, -1,
      121, 120, 124, -1,
      124, 120, 119, -1,
      123, 122, 124, -1,
      124, 122, 121, -1,
      125, 126, 84, -1,
      84, 126, 85, -1,
      85, 126, 24, -1,
      24, 126, 127, -1,
      24, 127, 25, -1,
      25, 127, 128, -1,
      128, 129, 25, -1,
      25, 129, 26, -1,
      26, 129, 37, -1,
      37, 129, 130, -1,
      37, 130, 84, -1,
      84, 130, 125, -1,
      127, 126, 130, -1,
      130, 126, 125, -1,
      129, 128, 130, -1,
      130, 128, 127, -1,
      131, 132, 82, -1,
      82, 132, 83, -1,
      83, 132, 36, -1,
      36, 132, 133, -1,
      36, 133, 35, -1,
      35, 133, 134, -1,
      134, 135, 35, -1,
      35, 135, 1, -1,
      1, 135, 0, -1,
      0, 135, 136, -1,
      0, 136, 82, -1,
      82, 136, 131, -1,
      133, 132, 136, -1,
      136, 132, 131, -1,
      135, 134, 136, -1,
      136, 134, 133, -1,
      137, 138, 87, -1,
      87, 138, 88, -1,
      88, 138, 12, -1,
      12, 138, 139, -1,
      12, 139, 14, -1,
      14, 139, 140, -1,
      140, 141, 14, -1,
      14, 141, 15, -1,
      15, 141, 34, -1,
      34, 141, 142, -1,
      34, 142, 87, -1,
      87, 142, 137, -1,
      139, 138, 142, -1,
      142, 138, 137, -1,
      141, 140, 142, -1,
      142, 140, 139, -1,
      143, 144, 91, -1,
      91, 144, 90, -1,
      90, 144, 5, -1,
      5, 144, 145, -1,
      5, 145, 4, -1,
      4, 145, 146, -1,
      146, 147, 4, -1,
      4, 147, 13, -1,
      13, 147, 11, -1,
      11, 147, 148, -1,
      11, 148, 91, -1,
      91, 148, 143, -1,
      145, 144, 148, -1,
      148, 144, 143, -1,
      147, 146, 148, -1,
      148, 146, 145, -1,
      149, 150, 52, -1,
      52, 150, 49, -1,
      49, 150, 43, -1,
      43, 150, 151, -1,
      43, 151, 44, -1,
      44, 151, 152, -1,
      44, 152, 8, -1,
      8, 152, 153, -1,
      8, 153, 9, -1,
      9, 153, 154, -1,
      9, 154, 52, -1,
      52, 154, 149, -1,
      151, 150, 154, -1,
      154, 150, 149, -1,
      153, 152, 154, -1,
      154, 152, 151, -1,
      155, 156, 50, -1,
      50, 156, 51, -1,
      51, 156, 39, -1,
      39, 156, 157, -1,
      39, 157, 40, -1,
      40, 157, 158, -1,
      40, 158, 41, -1,
      41, 158, 159, -1,
      41, 159, 42, -1,
      42, 159, 160, -1,
      42, 160, 50, -1,
      50, 160, 155, -1,
      157, 156, 160, -1,
      160, 156, 155, -1,
      159, 158, 160, -1,
      160, 158, 157, -1,
      161, 162, 54, -1,
      54, 162, 53, -1,
      53, 162, 6, -1,
      6, 162, 163, -1,
      6, 163, 7, -1,
      7, 163, 164, -1,
      7, 164, 30, -1,
      30, 164, 165, -1,
      30, 165, 38, -1,
      38, 165, 166, -1,
      38, 166, 54, -1,
      54, 166, 161, -1,
      163, 162, 166, -1,
      166, 162, 161, -1,
      165, 164, 166, -1,
      166, 164, 163, -1,
      167, 168, 46, -1,
      46, 168, 47, -1,
      47, 168, 10, -1,
      10, 168, 169, -1,
      10, 169, 27, -1,
      27, 169, 170, -1,
      27, 170, 20, -1,
      20, 170, 171, -1,
      20, 171, 18, -1,
      18, 171, 172, -1,
      18, 172, 46, -1,
      46, 172, 167, -1,
      169, 168, 172, -1,
      172, 168, 167, -1,
      171, 170, 172, -1,
      172, 170, 169, -1,
      173, 174, 48, -1,
      48, 174, 45, -1,
      45, 174, 19, -1,
      19, 174, 175, -1,
      19, 175, 21, -1,
      21, 175, 176, -1,
      21, 176, 3, -1,
      3, 176, 177, -1,
      3, 177, 2, -1,
      2, 177, 178, -1,
      2, 178, 48, -1,
      48, 178, 173, -1,
      175, 174, 178, -1,
      178, 174, 173, -1,
      177, 176, 178, -1,
      178, 176, 175, -1,
      179, 180, 29, -1,
      29, 180, 28, -1,
      181, 179, 17, -1,
      17, 179, 29, -1,
      182, 181, 16, -1,
      16, 181, 17, -1,
      183, 182, 31, -1,
      31, 182, 16, -1,
      180, 183, 28, -1,
      28, 183, 31, -1,
      183, 180, 182, -1,
      182, 180, 179, -1,
      182, 179, 181, -1,
    ]
  }
}

Shape {
  appearance Appearance {
    material Material {
      diffuseColor 1.0000 1.0000 1.0000
      specularColor 0.5020 0.5020 0.5020
      ambientIntensity 0.2
      transparency 0.0000
      shininess 0.5
    }
  }
  geometry IndexedFaceSet {
    ccw TRUE
    solid FALSE
    coord DEF co Coordinate {
      point [
        -0.229878 -0.393701 0.262548,
        -0.227833 -0.393701 0.262798,
        -0.222990 -0.393701 0.235822,
        -0.224703 -0.393701 0.235658,
        -0.210882 -0.393701 0.259503,
        -0.210882 -0.393701 0.250961,
        -0.203674 -0.393701 0.250961,
        -0.183022 -0.393701 0.236444,
        -0.187589 -0.393701 0.235883,
        -0.187317 -0.393701 0.262573,
        -0.194931 -0.393701 0.235883,
        -0.194931 -0.393701 0.262573,
        -0.173926 -0.393701 0.244750,
        -0.175239 -0.393701 0.241989,
        -0.176302 -0.393701 0.258137,
        -0.174645 -0.393701 0.255815,
        -0.177226 -0.393701 0.239622,
        -0.179986 -0.393701 0.237638,
        -0.182705 -0.393701 0.236569,
        -0.177226 -0.393701 0.259039,
        -0.183243 -0.393701 0.262124,
        -0.182705 -0.393701 0.261927,
        -0.180021 -0.393701 0.260947,
        -0.173653 -0.393701 0.253274,
        -0.173201 -0.393701 0.249569,
        -0.173280 -0.393701 0.247876,
        -0.200580 -0.393701 0.262573,
        -0.203674 -0.393701 0.262573,
        -0.200580 -0.393701 0.259503,
        -0.199972 -0.393701 0.238926,
        -0.199972 -0.393701 0.235883,
        -0.210882 -0.393701 0.238926,
        -0.203674 -0.393701 0.238926,
        -0.210882 -0.393701 0.247905,
        -0.203674 -0.393701 0.247905,
        -0.201337 -0.393701 0.247905,
        -0.201337 -0.393701 0.250961,
        -0.203674 -0.393701 0.259503,
        -0.214327 -0.393701 0.262573,
        -0.214327 -0.393701 0.235883,
        -0.219669 -0.393701 0.261932,
        -0.222465 -0.393701 0.262743,
        -0.223154 -0.393701 0.262798,
        -0.203674 -0.393701 0.235883,
        -0.219669 -0.393701 0.258330,
        -0.220124 -0.393701 0.236762,
        -0.225304 -0.393701 0.238550,
        -0.222287 -0.393701 0.239114,
        -0.219669 -0.393701 0.240291,
        -0.219669 -0.393701 0.236989,
        -0.222674 -0.393701 0.259520,
        -0.225959 -0.393701 0.259912,
        -0.236037 -0.393701 0.248928,
        -0.234718 -0.393701 0.243122,
        -0.233417 -0.393701 0.241314,
        -0.232894 -0.393701 0.240797,
        -0.231151 -0.393701 0.239564,
        -0.229250 -0.393701 0.238828,
        -0.226560 -0.393701 0.238503,
        -0.233232 -0.393701 0.256952,
        -0.234687 -0.393701 0.254929,
        -0.231414 -0.393701 0.258452,
        -0.229315 -0.393701 0.259424,
        -0.226993 -0.393701 0.259871,
        -0.235587 -0.393701 0.252633,
        -0.219967 -0.393701 0.258490,
        -0.236008 -0.393701 0.247945,
        -0.235581 -0.393701 0.245274,
        -0.225994 -0.393701 0.263024,
        -0.225952 -0.393701 0.263024,
        -0.237733 -0.393701 0.256565,
        -0.235798 -0.393701 0.259094,
        -0.235158 -0.393701 0.259705,
        -0.232663 -0.393701 0.261461,
        -0.238459 -0.393701 0.242670,
        -0.239116 -0.393701 0.244339,
        -0.239652 -0.393701 0.248723,
        -0.239606 -0.393701 0.250115,
        -0.239001 -0.393701 0.253600,
        -0.238459 -0.393701 0.254868,
        -0.234080 -0.393701 0.237292,
        -0.236228 -0.393701 0.239076,
        -0.238022 -0.393701 0.241563,
        -0.227058 -0.393701 0.235433,
        -0.228668 -0.393701 0.235509,
        -0.229393 -0.393701 0.235658,
        -0.231561 -0.393701 0.236104,
        -0.240744 -0.393701 0.238926,
        -0.240744 -0.393701 0.235883,
        -0.254819 -0.393701 0.235883,
        -0.251374 -0.393701 0.262573,
        -0.251374 -0.393701 0.238926,
        -0.254819 -0.393701 0.262573,
        -0.240744 -0.397638 0.238926,
        -0.240744 -0.397638 0.235883,
        -0.251374 -0.397638 0.238926,
        -0.251374 -0.397638 0.262573,
        -0.254819 -0.397638 0.262573,
        -0.254819 -0.397638 0.235883,
        -0.227058 -0.397638 0.235433,
        -0.222990 -0.397638 0.235822,
        -0.220124 -0.397638 0.236762,
        -0.219669 -0.397638 0.236989,
        -0.219669 -0.397638 0.240291,
        -0.222287 -0.397638 0.239114,
        -0.225304 -0.397638 0.238550,
        -0.226560 -0.397638 0.238503,
        -0.229250 -0.397638 0.238828,
        -0.231151 -0.397638 0.239564,
        -0.232894 -0.397638 0.240797,
        -0.233417 -0.397638 0.241314,
        -0.234718 -0.397638 0.243122,
        -0.235581 -0.397638 0.245274,
        -0.236008 -0.397638 0.247945,
        -0.236037 -0.397638 0.248928,
        -0.235587 -0.397638 0.252633,
        -0.234687 -0.397638 0.254929,
        -0.233232 -0.397638 0.256952,
        -0.231414 -0.397638 0.258452,
        -0.229315 -0.397638 0.259424,
        -0.226993 -0.397638 0.259871,
        -0.225959 -0.397638 0.259912,
        -0.222674 -0.397638 0.259520,
        -0.219967 -0.397638 0.258490,
        -0.219669 -0.397638 0.258330,
        -0.219669 -0.397638 0.261932,
        -0.225994 -0.397638 0.263024,
        -0.225952 -0.397638 0.263024,
        -0.222465 -0.397638 0.262743,
        -0.229878 -0.397638 0.262548,
        -0.232663 -0.397638 0.261461,
        -0.235158 -0.397638 0.259705,
        -0.235798 -0.397638 0.259094,
        -0.237733 -0.397638 0.256565,
        -0.239001 -0.397638 0.253600,
        -0.239606 -0.397638 0.250115,
        -0.239652 -0.397638 0.248723,
        -0.236228 -0.397638 0.239076,
        -0.238022 -0.397638 0.241563,
        -0.239116 -0.397638 0.244339,
        -0.228668 -0.397638 0.235509,
        -0.234080 -0.397638 0.237292,
        -0.231561 -0.397638 0.236104,
        -0.199972 -0.397638 0.238926,
        -0.199972 -0.397638 0.235883,
        -0.210882 -0.397638 0.238926,
        -0.210882 -0.397638 0.247905,
        -0.201337 -0.397638 0.247905,
        -0.201337 -0.397638 0.250961,
        -0.210882 -0.397638 0.250961,
        -0.210882 -0.397638 0.259503,
        -0.200580 -0.397638 0.259503,
        -0.200580 -0.397638 0.262573,
        -0.214327 -0.397638 0.262573,
        -0.214327 -0.397638 0.235883,
        -0.177226 -0.397638 0.239622,
        -0.180166 -0.397638 0.241265,
        -0.179986 -0.397638 0.237638,
        -0.181933 -0.397638 0.240107,
        -0.183022 -0.397638 0.236444,
        -0.184215 -0.397638 0.239292,
        -0.187589 -0.397638 0.235883,
        -0.187610 -0.397638 0.238926,
        -0.194931 -0.397638 0.235883,
        -0.191485 -0.397638 0.238926,
        -0.194931 -0.397638 0.262573,
        -0.191485 -0.397638 0.259503,
        -0.187317 -0.397638 0.262573,
        -0.187453 -0.397638 0.259503,
        -0.183243 -0.397638 0.262124,
        -0.184019 -0.397638 0.259124,
        -0.180021 -0.397638 0.260947,
        -0.181704 -0.397638 0.258290,
        -0.177226 -0.397638 0.259039,
        -0.179750 -0.397638 0.256993,
        -0.176302 -0.397638 0.258137,
        -0.179028 -0.397638 0.256283,
        -0.174645 -0.397638 0.255815,
        -0.177988 -0.397638 0.254793,
        -0.173653 -0.397638 0.253274,
        -0.177230 -0.397638 0.252856,
        -0.173201 -0.397638 0.249569,
        -0.176824 -0.397638 0.249474,
        -0.173280 -0.397638 0.247876,
        -0.176911 -0.397638 0.247789,
        -0.173926 -0.397638 0.244750,
        -0.177428 -0.397638 0.245342,
        -0.175239 -0.397638 0.241989,
        -0.178346 -0.397638 0.243359,
        -0.179675 -0.397638 0.241710,
        -0.187453 -0.393701 0.259503,
        -0.191485 -0.393701 0.259503,
        -0.191485 -0.393701 0.238926,
        -0.187610 -0.393701 0.238926,
        -0.179675 -0.393701 0.241710,
        -0.180166 -0.393701 0.241265,
        -0.181933 -0.393701 0.240107,
        -0.184215 -0.393701 0.239292,
        -0.176824 -0.393701 0.249474,
        -0.176911 -0.393701 0.247789,
        -0.177428 -0.393701 0.245342,
        -0.178346 -0.393701 0.243359,
        -0.179750 -0.393701 0.256993,
        -0.179028 -0.393701 0.256283,
        -0.177988 -0.393701 0.254793,
        -0.177230 -0.393701 0.252856,
        -0.184019 -0.393701 0.259124,
        -0.181704 -0.393701 0.258290,
      ]
    }
    coordIndex [
      93, 94, 87, -1,
      87, 94, 88, -1,
      95, 93, 91, -1,
      91, 93, 87, -1,
      96, 95, 90, -1,
      90, 95, 91, -1,
      97, 96, 92, -1,
      92, 96, 90, -1,
      98, 97, 89, -1,
      89, 97, 92, -1,
      94, 98, 88, -1,
      88, 98, 89, -1,
      96, 97, 95, -1,
      95, 97, 98, -1,
      95, 98, 93, -1,
      93, 98, 94, -1,
      83, 3, 99, -1,
      99, 3, 100, -1,
      3, 2, 100, -1,
      100, 2, 45, -1,
      100, 45, 101, -1,
      101, 45, 49, -1,
      101, 49, 102, -1,
      103, 102, 48, -1,
      48, 102, 49, -1,
      103, 48, 47, -1,
      103, 47, 104, -1,
      104, 47, 46, -1,
      104, 46, 105, -1,
      105, 46, 58, -1,
      105, 58, 106, -1,
      106, 58, 57, -1,
      106, 57, 107, -1,
      107, 57, 56, -1,
      107, 56, 108, -1,
      108, 56, 55, -1,
      108, 55, 109, -1,
      109, 55, 54, -1,
      109, 54, 110, -1,
      110, 54, 53, -1,
      110, 53, 111, -1,
      111, 53, 67, -1,
      111, 67, 112, -1,
      112, 67, 66, -1,
      112, 66, 113, -1,
      113, 66, 52, -1,
      113, 52, 114, -1,
      114, 52, 64, -1,
      114, 64, 115, -1,
      115, 64, 60, -1,
      115, 60, 116, -1,
      116, 60, 59, -1,
      116, 59, 117, -1,
      117, 59, 61, -1,
      117, 61, 118, -1,
      118, 61, 62, -1,
      118, 62, 119, -1,
      119, 62, 63, -1,
      119, 63, 120, -1,
      120, 63, 51, -1,
      120, 51, 121, -1,
      121, 51, 50, -1,
      121, 50, 122, -1,
      122, 50, 65, -1,
      122, 65, 123, -1,
      123, 65, 44, -1,
      123, 44, 124, -1,
      125, 124, 40, -1,
      40, 124, 44, -1,
      68, 126, 127, -1,
      125, 40, 41, -1,
      125, 41, 128, -1,
      128, 41, 42, -1,
      128, 42, 127, -1,
      127, 42, 69, -1,
      127, 69, 68, -1,
      126, 68, 1, -1,
      126, 1, 129, -1,
      1, 0, 129, -1,
      129, 0, 73, -1,
      129, 73, 130, -1,
      130, 73, 72, -1,
      130, 72, 131, -1,
      131, 72, 71, -1,
      131, 71, 132, -1,
      132, 71, 70, -1,
      132, 70, 133, -1,
      133, 70, 79, -1,
      133, 79, 134, -1,
      79, 78, 134, -1,
      134, 78, 77, -1,
      134, 77, 135, -1,
      135, 77, 76, -1,
      135, 76, 136, -1,
      81, 137, 138, -1,
      136, 76, 75, -1,
      136, 75, 139, -1,
      139, 75, 74, -1,
      139, 74, 138, -1,
      138, 74, 82, -1,
      138, 82, 81, -1,
      83, 99, 140, -1,
      137, 81, 80, -1,
      137, 80, 141, -1,
      141, 80, 86, -1,
      141, 86, 142, -1,
      142, 86, 85, -1,
      142, 85, 140, -1,
      140, 85, 84, -1,
      140, 84, 83, -1,
      123, 124, 125, -1,
      118, 131, 117, -1,
      117, 131, 132, -1,
      117, 132, 116, -1,
      116, 132, 133, -1,
      116, 133, 115, -1,
      123, 125, 122, -1,
      122, 125, 128, -1,
      122, 128, 121, -1,
      121, 128, 127, -1,
      121, 127, 120, -1,
      120, 127, 126, -1,
      120, 126, 119, -1,
      119, 126, 129, -1,
      119, 129, 118, -1,
      118, 129, 130, -1,
      118, 130, 131, -1,
      136, 114, 135, -1,
      135, 114, 115, -1,
      135, 115, 134, -1,
      134, 115, 133, -1,
      102, 103, 101, -1,
      101, 103, 104, -1,
      101, 104, 100, -1,
      100, 104, 105, -1,
      100, 105, 99, -1,
      99, 105, 106, -1,
      99, 106, 140, -1,
      140, 106, 107, -1,
      140, 107, 142, -1,
      142, 107, 108, -1,
      142, 108, 141, -1,
      141, 108, 109, -1,
      141, 109, 137, -1,
      137, 109, 110, -1,
      137, 110, 138, -1,
      138, 110, 111, -1,
      138, 111, 139, -1,
      139, 111, 112, -1,
      139, 112, 136, -1,
      136, 112, 113, -1,
      136, 113, 114, -1,
      143, 144, 29, -1,
      29, 144, 30, -1,
      31, 145, 32, -1,
      32, 145, 143, -1,
      32, 143, 29, -1,
      146, 145, 33, -1,
      33, 145, 31, -1,
      146, 33, 147, -1,
      147, 33, 34, -1,
      147, 34, 35, -1,
      148, 147, 36, -1,
      36, 147, 35, -1,
      5, 149, 6, -1,
      6, 149, 148, -1,
      6, 148, 36, -1,
      150, 149, 4, -1,
      4, 149, 5, -1,
      150, 4, 151, -1,
      151, 4, 37, -1,
      151, 37, 28, -1,
      152, 151, 26, -1,
      26, 151, 28, -1,
      38, 153, 27, -1,
      27, 153, 152, -1,
      27, 152, 26, -1,
      154, 153, 39, -1,
      39, 153, 38, -1,
      154, 39, 144, -1,
      144, 39, 43, -1,
      144, 43, 30, -1,
      154, 144, 143, -1,
      143, 145, 154, -1,
      154, 145, 146, -1,
      154, 146, 153, -1,
      151, 152, 150, -1,
      150, 152, 153, -1,
      150, 153, 149, -1,
      149, 153, 146, -1,
      149, 146, 148, -1,
      148, 146, 147, -1,
      155, 156, 157, -1,
      157, 156, 158, -1,
      157, 158, 159, -1,
      159, 158, 160, -1,
      159, 160, 161, -1,
      161, 160, 162, -1,
      161, 162, 163, -1,
      163, 162, 164, -1,
      163, 164, 165, -1,
      165, 164, 166, -1,
      165, 166, 167, -1,
      167, 166, 168, -1,
      167, 168, 169, -1,
      169, 168, 170, -1,
      169, 170, 171, -1,
      171, 170, 172, -1,
      171, 172, 173, -1,
      173, 172, 174, -1,
      173, 174, 175, -1,
      175, 174, 176, -1,
      175, 176, 177, -1,
      177, 176, 178, -1,
      177, 178, 179, -1,
      179, 178, 180, -1,
      179, 180, 181, -1,
      181, 180, 182, -1,
      181, 182, 183, -1,
      183, 182, 184, -1,
      183, 184, 185, -1,
      185, 184, 186, -1,
      185, 186, 187, -1,
      187, 186, 188, -1,
      187, 188, 155, -1,
      155, 188, 189, -1,
      155, 189, 156, -1,
      161, 163, 8, -1,
      8, 163, 10, -1,
      16, 155, 157, -1,
      161, 8, 7, -1,
      161, 7, 159, -1,
      159, 7, 18, -1,
      159, 18, 157, -1,
      157, 18, 17, -1,
      157, 17, 16, -1,
      155, 16, 13, -1,
      155, 13, 187, -1,
      187, 13, 12, -1,
      187, 12, 185, -1,
      185, 12, 25, -1,
      185, 25, 183, -1,
      183, 25, 24, -1,
      183, 24, 181, -1,
      181, 24, 23, -1,
      181, 23, 179, -1,
      179, 23, 15, -1,
      179, 15, 177, -1,
      177, 15, 14, -1,
      177, 14, 175, -1,
      175, 14, 19, -1,
      175, 19, 173, -1,
      9, 167, 169, -1,
      173, 19, 22, -1,
      173, 22, 171, -1,
      171, 22, 21, -1,
      171, 21, 169, -1,
      169, 21, 20, -1,
      169, 20, 9, -1,
      165, 167, 11, -1,
      11, 167, 9, -1,
      163, 165, 10, -1,
      10, 165, 11, -1,
      168, 166, 190, -1,
      190, 166, 191, -1,
      166, 164, 191, -1,
      191, 164, 192, -1,
      164, 162, 192, -1,
      192, 162, 193, -1,
      189, 194, 195, -1,
      189, 195, 156, -1,
      156, 195, 196, -1,
      156, 196, 158, -1,
      158, 196, 197, -1,
      158, 197, 160, -1,
      160, 197, 193, -1,
      160, 193, 162, -1,
      182, 198, 199, -1,
      182, 199, 184, -1,
      184, 199, 200, -1,
      184, 200, 186, -1,
      186, 200, 201, -1,
      186, 201, 188, -1,
      188, 201, 194, -1,
      188, 194, 189, -1,
      174, 202, 203, -1,
      174, 203, 176, -1,
      176, 203, 204, -1,
      176, 204, 178, -1,
      178, 204, 205, -1,
      178, 205, 180, -1,
      180, 205, 198, -1,
      180, 198, 182, -1,
      168, 190, 206, -1,
      168, 206, 170, -1,
      170, 206, 207, -1,
      170, 207, 172, -1,
      172, 207, 202, -1,
      172, 202, 174, -1,
    ]
  }
}

Shape {
  appearance Appearance {
    material Material {
      diffuseColor 0.2510 0.2510 0.2510
      specularColor 0.1255 0.1255 0.1255
      ambientIntensity 0.2
      transparency 0.0000
      shininess 0.5
    }
  }
  geometry IndexedFaceSet {
    ccw TRUE
    solid FALSE
    coord DEF co Coordinate {
      point [
        -0.187453 -0.393701 0.259503,
        -0.191485 -0.393701 0.259503,
        -0.191485 -0.393701 0.238926,
        -0.187610 -0.393701 0.238926,
        -0.179675 -0.393701 0.241710,
        -0.180166 -0.393701 0.241265,
        -0.181933 -0.393701 0.240107,
        -0.184215 -0.393701 0.239292,
        -0.176824 -0.393701 0.249474,
        -0.176911 -0.393701 0.247789,
        -0.177428 -0.393701 0.245342,
        -0.178346 -0.393701 0.243359,
        -0.179750 -0.393701 0.256993,
        -0.179028 -0.393701 0.256283,
        -0.177988 -0.393701 0.254793,
        -0.177230 -0.393701 0.252856,
        -0.184019 -0.393701 0.259124,
        -0.181704 -0.393701 0.258290,
      ]
    }
    coordIndex [
      1, 2, 0, -1,
      0, 2, 3, -1,
      0, 3, 7, -1,
      7, 6, 0, -1,
      0, 6, 5, -1,
      0, 5, 4, -1,
      4, 11, 0, -1,
      0, 11, 10, -1,
      0, 10, 9, -1,
      9, 8, 0, -1,
      0, 8, 15, -1,
      0, 15, 14, -1,
      14, 13, 0, -1,
      0, 13, 12, -1,
      0, 12, 16, -1,
      16, 12, 17, -1,
    ]
  }
}

Shape {
  appearance Appearance {
    material Material {
      diffuseColor 1.0000 1.0000 1.0000
      specularColor 0.5020 0.5020 0.5020
      ambientIntensity 0.2
      transparency 0.0000
      shininess 0.5
    }
  }
  geometry IndexedFaceSet {
    ccw TRUE
    solid FALSE
    coord DEF co Coordinate {
      point [
        -0.151512 -0.393701 0.235883,
        -0.154234 -0.393701 0.243183,
        -0.164028 -0.393701 0.243183,
        -0.147705 -0.393701 0.235883,
        -0.157870 -0.393701 0.262573,
        -0.167913 -0.393701 0.235883,
        -0.171720 -0.393701 0.235883,
        -0.165348 -0.393701 0.243183,
        -0.164028 -0.393701 0.256080,
        -0.161555 -0.393701 0.262573,
        -0.164256 -0.397638 0.246199,
        -0.165348 -0.397638 0.243183,
        -0.155298 -0.397638 0.246199,
        -0.154234 -0.397638 0.243183,
        -0.160265 -0.397638 0.257293,
        -0.161555 -0.397638 0.262573,
        -0.171720 -0.397638 0.235883,
        -0.167913 -0.397638 0.235883,
        -0.160034 -0.397638 0.258089,
        -0.159828 -0.397638 0.259162,
        -0.157870 -0.397638 0.262573,
        -0.159747 -0.397638 0.259162,
        -0.159531 -0.397638 0.258033,
        -0.159330 -0.397638 0.257293,
        -0.147705 -0.397638 0.235883,
        -0.151512 -0.397638 0.235883,
        -0.164256 -0.393701 0.246199,
        -0.155298 -0.393701 0.246199,
        -0.159330 -0.393701 0.257293,
        -0.159747 -0.393701 0.259162,
        -0.159531 -0.393701 0.258033,
        -0.159828 -0.393701 0.259162,
        -0.160265 -0.393701 0.257293,
        -0.160034 -0.393701 0.258089,
      ]
    }
    coordIndex [
      10, 11, 12, -1,
      12, 11, 13, -1,
      14, 15, 10, -1,
      10, 15, 16, -1,
      10, 16, 11, -1,
      11, 16, 17, -1,
      14, 18, 15, -1,
      15, 18, 19, -1,
      15, 19, 20, -1,
      20, 19, 21, -1,
      20, 21, 22, -1,
      22, 23, 20, -1,
      20, 23, 12, -1,
      20, 12, 24, -1,
      24, 12, 13, -1,
      24, 13, 25, -1,
      20, 24, 4, -1,
      4, 24, 3, -1,
      15, 20, 9, -1,
      9, 20, 4, -1,
      6, 16, 8, -1,
      8, 16, 15, -1,
      8, 15, 9, -1,
      17, 16, 5, -1,
      5, 16, 6, -1,
      11, 17, 7, -1,
      7, 17, 5, -1,
      1, 13, 2, -1,
      2, 13, 11, -1,
      2, 11, 7, -1,
      25, 13, 0, -1,
      0, 13, 1, -1,
      24, 25, 3, -1,
      3, 25, 0, -1,
      10, 12, 26, -1,
      26, 12, 27, -1,
      12, 23, 27, -1,
      27, 23, 28, -1,
      21, 29, 30, -1,
      21, 30, 22, -1,
      22, 30, 28, -1,
      22, 28, 23, -1,
      21, 19, 29, -1,
      29, 19, 31, -1,
      14, 32, 33, -1,
      14, 33, 18, -1,
      18, 33, 31, -1,
      18, 31, 19, -1,
      14, 10, 32, -1,
      32, 10, 26, -1,
    ]
  }
}

Shape {
  appearance Appearance {
    material Material {
      diffuseColor 0.2510 0.2510 0.2510
      specularColor 0.1255 0.1255 0.1255
      ambientIntensity 0.2
      transparency 0.0000
      shininess 0.5
    }
  }
  geometry IndexedFaceSet {
    ccw TRUE
    solid FALSE
    coord DEF co Coordinate {
      point [
        -0.164256 -0.393701 0.246199,
        -0.155298 -0.393701 0.246199,
        -0.159330 -0.393701 0.257293,
        -0.159747 -0.393701 0.259162,
        -0.159531 -0.393701 0.258033,
        -0.159828 -0.393701 0.259162,
        -0.160265 -0.393701 0.257293,
        -0.160034 -0.393701 0.258089,
      ]
    }
    coordIndex [
      3, 5, 4, -1,
      4, 5, 7, -1,
      4, 7, 2, -1,
      2, 7, 6, -1,
      2, 6, 1, -1,
      1, 6, 0, -1,
    ]
  }
}

Shape {
  appearance Appearance {
    material Material {
      diffuseColor 1.0000 1.0000 1.0000
      specularColor 0.5020 0.5020 0.5020
      ambientIntensity 0.2
      transparency 0.0000
      shininess 0.5
    }
  }
  geometry IndexedFaceSet {
    ccw TRUE
    solid FALSE
    coord DEF co Coordinate {
      point [
        -0.235921 -0.393701 0.202622,
        -0.235402 -0.393701 0.208020,
        -0.236587 -0.393701 0.201664,
        -0.237044 -0.393701 0.200484,
        -0.226962 -0.393701 0.194556,
        -0.228178 -0.393701 0.193754,
        -0.225291 -0.393701 0.193543,
        -0.229415 -0.393701 0.193317,
        -0.221948 -0.393701 0.193543,
        -0.236671 -0.393701 0.195950,
        -0.237085 -0.393701 0.197069,
        -0.228006 -0.393701 0.210204,
        -0.229152 -0.393701 0.210326,
        -0.230940 -0.393701 0.204868,
        -0.233143 -0.393701 0.193317,
        -0.233233 -0.393701 0.193328,
        -0.234513 -0.393701 0.193813,
        -0.234898 -0.393701 0.203511,
        -0.233478 -0.393701 0.204242,
        -0.233088 -0.393701 0.209474,
        -0.230993 -0.393701 0.210150,
        -0.235627 -0.393701 0.194593,
        -0.235969 -0.393701 0.194936,
        -0.232246 -0.393701 0.212626,
        -0.234728 -0.393701 0.211658,
        -0.235402 -0.393701 0.211268,
        -0.225291 -0.393701 0.196490,
        -0.225380 -0.393701 0.196490,
        -0.225905 -0.393701 0.195691,
        -0.221948 -0.393701 0.205809,
        -0.224328 -0.393701 0.211814,
        -0.223432 -0.393701 0.210967,
        -0.237265 -0.393701 0.198646,
        -0.237256 -0.393701 0.199039,
        -0.225291 -0.393701 0.205659,
        -0.225404 -0.393701 0.207118,
        -0.225748 -0.393701 0.208316,
        -0.226139 -0.393701 0.209007,
        -0.222744 -0.393701 0.209894,
        -0.222217 -0.393701 0.208387,
        -0.228839 -0.393701 0.213041,
        -0.226861 -0.393701 0.212867,
        -0.225443 -0.393701 0.212444,
        -0.226643 -0.393701 0.209547,
        -0.227234 -0.393701 0.209931,
        -0.229542 -0.393701 0.193272,
        -0.231220 -0.393701 0.193092,
        -0.240464 -0.393701 0.193543,
        -0.254819 -0.393701 0.193543,
        -0.240464 -0.393701 0.196585,
        -0.241072 -0.393701 0.217162,
        -0.251374 -0.393701 0.205564,
        -0.251374 -0.393701 0.196585,
        -0.241829 -0.393701 0.205564,
        -0.241829 -0.393701 0.208620,
        -0.251374 -0.393701 0.208620,
        -0.251374 -0.393701 0.217162,
        -0.254819 -0.393701 0.220232,
        -0.241072 -0.393701 0.220232,
        -0.240464 -0.397638 0.196585,
        -0.240464 -0.397638 0.193543,
        -0.251374 -0.397638 0.196585,
        -0.251374 -0.397638 0.205564,
        -0.241829 -0.397638 0.205564,
        -0.241829 -0.397638 0.208620,
        -0.251374 -0.397638 0.208620,
        -0.251374 -0.397638 0.217162,
        -0.241072 -0.397638 0.217162,
        -0.241072 -0.397638 0.220232,
        -0.254819 -0.397638 0.220232,
        -0.254819 -0.397638 0.193543,
        -0.225380 -0.397638 0.196490,
        -0.225291 -0.397638 0.196490,
        -0.225509 -0.397638 0.199566,
        -0.225294 -0.397638 0.201057,
        -0.221948 -0.397638 0.205809,
        -0.225291 -0.397638 0.201280,
        -0.225291 -0.397638 0.203108,
        -0.225291 -0.397638 0.193543,
        -0.221948 -0.397638 0.193543,
        -0.233845 -0.397638 0.199449,
        -0.233680 -0.397638 0.200215,
        -0.236587 -0.397638 0.201664,
        -0.226000 -0.397638 0.198373,
        -0.226724 -0.397638 0.197391,
        -0.225905 -0.397638 0.195691,
        -0.227139 -0.397638 0.196984,
        -0.226962 -0.397638 0.194556,
        -0.228083 -0.397638 0.196346,
        -0.228178 -0.397638 0.193754,
        -0.229096 -0.397638 0.195976,
        -0.229542 -0.397638 0.193272,
        -0.230353 -0.397638 0.195835,
        -0.231220 -0.397638 0.193092,
        -0.231483 -0.397638 0.195962,
        -0.233233 -0.397638 0.193328,
        -0.232239 -0.397638 0.196240,
        -0.234513 -0.397638 0.193813,
        -0.232905 -0.397638 0.196694,
        -0.235627 -0.397638 0.194593,
        -0.233189 -0.397638 0.196980,
        -0.235921 -0.397638 0.202622,
        -0.233387 -0.397638 0.200839,
        -0.234898 -0.397638 0.203511,
        -0.232987 -0.397638 0.201334,
        -0.233478 -0.397638 0.204242,
        -0.232569 -0.397638 0.201657,
        -0.231789 -0.397638 0.202033,
        -0.230940 -0.397638 0.204868,
        -0.229753 -0.397638 0.202507,
        -0.225291 -0.397638 0.205659,
        -0.237044 -0.397638 0.200484,
        -0.237256 -0.397638 0.199039,
        -0.233874 -0.397638 0.198919,
        -0.237265 -0.397638 0.198646,
        -0.233789 -0.397638 0.198151,
        -0.237085 -0.397638 0.197069,
        -0.233569 -0.397638 0.197544,
        -0.236671 -0.397638 0.195950,
        -0.235969 -0.397638 0.194936,
        -0.235402 -0.397638 0.211268,
        -0.235402 -0.397638 0.208020,
        -0.234728 -0.397638 0.211658,
        -0.233088 -0.397638 0.209474,
        -0.232246 -0.397638 0.212626,
        -0.230993 -0.397638 0.210150,
        -0.228839 -0.397638 0.213041,
        -0.229152 -0.397638 0.210326,
        -0.226861 -0.397638 0.212867,
        -0.228006 -0.397638 0.210204,
        -0.225443 -0.397638 0.212444,
        -0.227234 -0.397638 0.209931,
        -0.224328 -0.397638 0.211814,
        -0.226643 -0.397638 0.209547,
        -0.223432 -0.397638 0.210967,
        -0.226139 -0.397638 0.209007,
        -0.222744 -0.397638 0.209894,
        -0.225748 -0.397638 0.208316,
        -0.222217 -0.397638 0.208387,
        -0.225404 -0.397638 0.207118,
        -0.232987 -0.393701 0.201334,
        -0.232569 -0.393701 0.201657,
        -0.231789 -0.393701 0.202033,
        -0.229753 -0.393701 0.202507,
        -0.233874 -0.393701 0.198919,
        -0.233845 -0.393701 0.199449,
        -0.233680 -0.393701 0.200215,
        -0.233387 -0.393701 0.200839,
        -0.232905 -0.393701 0.196694,
        -0.233189 -0.393701 0.196980,
        -0.233569 -0.393701 0.197544,
        -0.233789 -0.393701 0.198151,
        -0.230353 -0.393701 0.195835,
        -0.231483 -0.393701 0.195962,
        -0.232239 -0.393701 0.196240,
        -0.226724 -0.393701 0.197391,
        -0.227139 -0.393701 0.196984,
        -0.228083 -0.393701 0.196346,
        -0.229096 -0.393701 0.195976,
        -0.225291 -0.393701 0.201280,
        -0.225294 -0.393701 0.201057,
        -0.225509 -0.393701 0.199566,
        -0.226000 -0.393701 0.198373,
        -0.225291 -0.393701 0.203108,
      ]
    }
    coordIndex [
      59, 60, 49, -1,
      49, 60, 47, -1,
      61, 59, 52, -1,
      52, 59, 49, -1,
      62, 61, 51, -1,
      51, 61, 52, -1,
      63, 62, 53, -1,
      53, 62, 51, -1,
      64, 63, 54, -1,
      54, 63, 53, -1,
      65, 64, 55, -1,
      55, 64, 54, -1,
      66, 65, 56, -1,
      56, 65, 55, -1,
      67, 66, 50, -1,
      50, 66, 56, -1,
      68, 67, 58, -1,
      58, 67, 50, -1,
      69, 68, 57, -1,
      57, 68, 58, -1,
      70, 69, 48, -1,
      48, 69, 57, -1,
      60, 70, 47, -1,
      47, 70, 48, -1,
      70, 60, 59, -1,
      59, 61, 70, -1,
      70, 61, 62, -1,
      70, 62, 69, -1,
      67, 68, 66, -1,
      66, 68, 69, -1,
      66, 69, 65, -1,
      65, 69, 62, -1,
      65, 62, 64, -1,
      64, 62, 63, -1,
      71, 72, 73, -1,
      74, 75, 76, -1,
      76, 75, 77, -1,
      78, 79, 72, -1,
      72, 79, 75, -1,
      72, 75, 73, -1,
      73, 75, 74, -1,
      80, 81, 82, -1,
      73, 83, 71, -1,
      71, 83, 84, -1,
      71, 84, 85, -1,
      85, 84, 86, -1,
      85, 86, 87, -1,
      87, 86, 88, -1,
      87, 88, 89, -1,
      89, 88, 90, -1,
      89, 90, 91, -1,
      91, 90, 92, -1,
      91, 92, 93, -1,
      93, 92, 94, -1,
      93, 94, 95, -1,
      95, 94, 96, -1,
      95, 96, 97, -1,
      97, 96, 98, -1,
      97, 98, 99, -1,
      99, 98, 100, -1,
      82, 81, 101, -1,
      101, 81, 102, -1,
      101, 102, 103, -1,
      103, 102, 104, -1,
      103, 104, 105, -1,
      104, 106, 105, -1,
      105, 106, 107, -1,
      105, 107, 108, -1,
      108, 107, 109, -1,
      108, 109, 110, -1,
      82, 111, 80, -1,
      80, 111, 112, -1,
      80, 112, 113, -1,
      113, 112, 114, -1,
      113, 114, 115, -1,
      115, 114, 116, -1,
      115, 116, 117, -1,
      117, 116, 118, -1,
      117, 118, 100, -1,
      100, 118, 119, -1,
      100, 119, 99, -1,
      120, 121, 122, -1,
      122, 121, 123, -1,
      122, 123, 124, -1,
      124, 123, 125, -1,
      124, 125, 126, -1,
      126, 125, 127, -1,
      126, 127, 128, -1,
      128, 127, 129, -1,
      128, 129, 130, -1,
      130, 129, 131, -1,
      130, 131, 132, -1,
      132, 131, 133, -1,
      132, 133, 134, -1,
      134, 133, 135, -1,
      134, 135, 136, -1,
      136, 135, 137, -1,
      136, 137, 138, -1,
      138, 137, 139, -1,
      138, 139, 75, -1,
      75, 139, 110, -1,
      75, 110, 77, -1,
      77, 110, 109, -1,
      126, 40, 23, -1,
      126, 23, 124, -1,
      124, 23, 24, -1,
      124, 24, 122, -1,
      122, 24, 25, -1,
      122, 25, 120, -1,
      121, 120, 1, -1,
      1, 120, 25, -1,
      121, 1, 19, -1,
      121, 19, 123, -1,
      123, 19, 20, -1,
      123, 20, 125, -1,
      125, 20, 12, -1,
      125, 12, 127, -1,
      127, 12, 11, -1,
      127, 11, 129, -1,
      129, 11, 44, -1,
      129, 44, 131, -1,
      131, 44, 43, -1,
      131, 43, 133, -1,
      133, 43, 37, -1,
      133, 37, 135, -1,
      135, 37, 36, -1,
      135, 36, 137, -1,
      137, 36, 35, -1,
      137, 35, 139, -1,
      139, 35, 34, -1,
      139, 34, 110, -1,
      108, 110, 13, -1,
      13, 110, 34, -1,
      108, 13, 18, -1,
      108, 18, 105, -1,
      105, 18, 17, -1,
      105, 17, 103, -1,
      103, 17, 0, -1,
      103, 0, 101, -1,
      101, 0, 2, -1,
      101, 2, 82, -1,
      82, 2, 3, -1,
      82, 3, 111, -1,
      111, 3, 33, -1,
      111, 33, 112, -1,
      112, 33, 32, -1,
      112, 32, 114, -1,
      114, 32, 10, -1,
      114, 10, 116, -1,
      116, 10, 9, -1,
      116, 9, 118, -1,
      118, 9, 22, -1,
      118, 22, 119, -1,
      119, 22, 21, -1,
      119, 21, 99, -1,
      46, 93, 14, -1,
      14, 93, 95, -1,
      14, 95, 15, -1,
      15, 95, 97, -1,
      15, 97, 16, -1,
      16, 97, 99, -1,
      16, 99, 21, -1,
      93, 46, 45, -1,
      93, 45, 91, -1,
      91, 45, 7, -1,
      91, 7, 89, -1,
      7, 5, 89, -1,
      89, 5, 4, -1,
      89, 4, 87, -1,
      87, 4, 28, -1,
      87, 28, 85, -1,
      85, 28, 27, -1,
      85, 27, 71, -1,
      72, 71, 26, -1,
      26, 71, 27, -1,
      78, 72, 6, -1,
      6, 72, 26, -1,
      79, 78, 8, -1,
      8, 78, 6, -1,
      75, 79, 29, -1,
      29, 79, 8, -1,
      75, 29, 39, -1,
      75, 39, 138, -1,
      138, 39, 38, -1,
      138, 38, 136, -1,
      136, 38, 31, -1,
      136, 31, 134, -1,
      134, 31, 30, -1,
      134, 30, 132, -1,
      132, 30, 42, -1,
      132, 42, 130, -1,
      130, 42, 41, -1,
      130, 41, 128, -1,
      128, 41, 40, -1,
      128, 40, 126, -1,
      104, 140, 141, -1,
      104, 141, 106, -1,
      106, 141, 142, -1,
      106, 142, 107, -1,
      107, 142, 143, -1,
      107, 143, 109, -1,
      113, 144, 145, -1,
      113, 145, 80, -1,
      80, 145, 146, -1,
      80, 146, 81, -1,
      81, 146, 147, -1,
      81, 147, 102, -1,
      102, 147, 140, -1,
      102, 140, 104, -1,
      98, 148, 149, -1,
      98, 149, 100, -1,
      100, 149, 150, -1,
      100, 150, 117, -1,
      117, 150, 151, -1,
      117, 151, 115, -1,
      115, 151, 144, -1,
      115, 144, 113, -1,
      92, 152, 153, -1,
      92, 153, 94, -1,
      94, 153, 154, -1,
      94, 154, 96, -1,
      96, 154, 148, -1,
      96, 148, 98, -1,
      84, 155, 156, -1,
      84, 156, 86, -1,
      86, 156, 157, -1,
      86, 157, 88, -1,
      88, 157, 158, -1,
      88, 158, 90, -1,
      90, 158, 152, -1,
      90, 152, 92, -1,
      76, 159, 160, -1,
      76, 160, 74, -1,
      74, 160, 161, -1,
      74, 161, 73, -1,
      73, 161, 162, -1,
      73, 162, 83, -1,
      83, 162, 155, -1,
      83, 155, 84, -1,
      76, 77, 159, -1,
      159, 77, 163, -1,
      77, 109, 163, -1,
      163, 109, 143, -1,
    ]
  }
}

Shape {
  appearance Appearance {
    material Material {
      diffuseColor 0.2510 0.2510 0.2510
      specularColor 0.1255 0.1255 0.1255
      ambientIntensity 0.2
      transparency 0.0000
      shininess 0.5
    }
  }
  geometry IndexedFaceSet {
    ccw TRUE
    solid FALSE
    coord DEF co Coordinate {
      point [
        -0.232987 -0.393701 0.201334,
        -0.232569 -0.393701 0.201657,
        -0.231789 -0.393701 0.202033,
        -0.229753 -0.393701 0.202507,
        -0.233874 -0.393701 0.198919,
        -0.233845 -0.393701 0.199449,
        -0.233680 -0.393701 0.200215,
        -0.233387 -0.393701 0.200839,
        -0.232905 -0.393701 0.196694,
        -0.233189 -0.393701 0.196980,
        -0.233569 -0.393701 0.197544,
        -0.233789 -0.393701 0.198151,
        -0.230353 -0.393701 0.195835,
        -0.231483 -0.393701 0.195962,
        -0.232239 -0.393701 0.196240,
        -0.226724 -0.393701 0.197391,
        -0.227139 -0.393701 0.196984,
        -0.228083 -0.393701 0.196346,
        -0.229096 -0.393701 0.195976,
        -0.225291 -0.393701 0.201280,
        -0.225294 -0.393701 0.201057,
        -0.225509 -0.393701 0.199566,
        -0.226000 -0.393701 0.198373,
        -0.225291 -0.393701 0.203108,
      ]
    }
    coordIndex [
      20, 19, 0, -1,
      19, 23, 3, -1,
      3, 2, 19, -1,
      19, 2, 1, -1,
      19, 1, 0, -1,
      20, 0, 21, -1,
      21, 0, 7, -1,
      21, 7, 22, -1,
      9, 8, 16, -1,
      9, 16, 10, -1,
      17, 16, 18, -1,
      18, 16, 12, -1,
      7, 6, 22, -1,
      22, 6, 5, -1,
      22, 5, 15, -1,
      15, 5, 4, -1,
      15, 4, 16, -1,
      16, 4, 11, -1,
      16, 11, 10, -1,
      8, 14, 16, -1,
      16, 14, 13, -1,
      16, 13, 12, -1,
    ]
  }
}

Shape {
  appearance Appearance {
    material Material {
      diffuseColor 1.0000 1.0000 1.0000
      specularColor 0.5020 0.5020 0.5020
      ambientIntensity 0.2
      transparency 0.0000
      shininess 0.5
    }
  }
  geometry IndexedFaceSet {
    ccw TRUE
    solid FALSE
    coord DEF co Coordinate {
      point [
        -0.209209 -0.393701 0.193456,
        -0.210364 -0.393701 0.193317,
        -0.215074 -0.393701 0.193387,
        -0.215872 -0.393701 0.193668,
        -0.177458 -0.393701 0.205564,
        -0.177458 -0.393701 0.196585,
        -0.172461 -0.393701 0.196585,
        -0.166549 -0.393701 0.196585,
        -0.166549 -0.393701 0.193543,
        -0.167156 -0.393701 0.220232,
        -0.167156 -0.393701 0.217162,
        -0.167913 -0.393701 0.208620,
        -0.167913 -0.393701 0.205564,
        -0.172461 -0.393701 0.205564,
        -0.172461 -0.393701 0.217162,
        -0.172461 -0.393701 0.208620,
        -0.177458 -0.393701 0.217162,
        -0.177458 -0.393701 0.208620,
        -0.172461 -0.393701 0.193543,
        -0.180904 -0.393701 0.193543,
        -0.180904 -0.393701 0.220232,
        -0.215902 -0.393701 0.203873,
        -0.217418 -0.393701 0.197663,
        -0.215872 -0.393701 0.203854,
        -0.216216 -0.393701 0.196911,
        -0.215872 -0.393701 0.196776,
        -0.216449 -0.393701 0.204445,
        -0.217418 -0.393701 0.194211,
        -0.216922 -0.393701 0.209624,
        -0.217290 -0.393701 0.208544,
        -0.216825 -0.393701 0.205028,
        -0.217219 -0.393701 0.206026,
        -0.217397 -0.393701 0.207461,
        -0.214406 -0.393701 0.193317,
        -0.212246 -0.393701 0.193092,
        -0.205458 -0.393701 0.212195,
        -0.205458 -0.393701 0.208948,
        -0.216333 -0.393701 0.210534,
        -0.215872 -0.393701 0.210958,
        -0.215255 -0.393701 0.211527,
        -0.214442 -0.393701 0.212027,
        -0.204701 -0.393701 0.197390,
        -0.205110 -0.393701 0.196330,
        -0.205732 -0.393701 0.195448,
        -0.212652 -0.393701 0.212720,
        -0.209974 -0.393701 0.213041,
        -0.207629 -0.393701 0.212833,
        -0.205663 -0.393701 0.201880,
        -0.205041 -0.393701 0.200965,
        -0.204683 -0.393701 0.199980,
        -0.204544 -0.393701 0.198728,
        -0.206693 -0.393701 0.194607,
        -0.207455 -0.393701 0.194137,
        -0.210302 -0.393701 0.210326,
        -0.211291 -0.393701 0.210252,
        -0.213952 -0.393701 0.207761,
        -0.212186 -0.393701 0.210015,
        -0.212935 -0.393701 0.209617,
        -0.213921 -0.393701 0.207316,
        -0.213789 -0.393701 0.206797,
        -0.213548 -0.393701 0.206346,
        -0.213222 -0.393701 0.205987,
        -0.212043 -0.393701 0.205250,
        -0.207966 -0.393701 0.210042,
        -0.209974 -0.393701 0.204350,
        -0.206075 -0.393701 0.209309,
        -0.208680 -0.393701 0.203826,
        -0.206459 -0.393701 0.202591,
        -0.213440 -0.393701 0.209171,
        -0.213726 -0.393701 0.208745,
        -0.213891 -0.393701 0.208294,
        -0.214125 -0.393701 0.196093,
        -0.212335 -0.393701 0.201920,
        -0.214328 -0.393701 0.202834,
        -0.211919 -0.393701 0.195821,
        -0.211771 -0.393701 0.195822,
        -0.210140 -0.393701 0.201001,
        -0.210057 -0.393701 0.196014,
        -0.207975 -0.393701 0.198400,
        -0.208008 -0.393701 0.198816,
        -0.209195 -0.393701 0.196330,
        -0.208890 -0.393701 0.196515,
        -0.208506 -0.393701 0.196856,
        -0.208215 -0.393701 0.197287,
        -0.208044 -0.393701 0.197763,
        -0.208160 -0.393701 0.199338,
        -0.208419 -0.393701 0.199781,
        -0.208835 -0.393701 0.200215,
        -0.187972 -0.393701 0.212605,
        -0.184506 -0.393701 0.212605,
        -0.172461 -0.393701 0.220232,
        -0.192110 -0.393701 0.193317,
        -0.194085 -0.393701 0.198278,
        -0.193675 -0.393701 0.196708,
        -0.193587 -0.393701 0.196708,
        -0.197452 -0.393701 0.207963,
        -0.193177 -0.393701 0.198250,
        -0.193433 -0.393701 0.197361,
        -0.197452 -0.393701 0.198990,
        -0.202804 -0.393701 0.212605,
        -0.199065 -0.393701 0.212605,
        -0.195326 -0.393701 0.193583,
        -0.195439 -0.393701 0.193317,
        -0.196793 -0.393701 0.190118,
        -0.202115 -0.393701 0.184837,
        -0.202115 -0.393701 0.187811,
        -0.201431 -0.393701 0.187587,
        -0.200218 -0.393701 0.187430,
        -0.199578 -0.393701 0.187485,
        -0.198843 -0.393701 0.187715,
        -0.198217 -0.393701 0.188098,
        -0.197452 -0.393701 0.185169,
        -0.198520 -0.393701 0.184741,
        -0.199959 -0.393701 0.184564,
        -0.200697 -0.393701 0.184591,
        -0.197552 -0.393701 0.188776,
        -0.197452 -0.393701 0.188954,
        -0.196064 -0.393701 0.186089,
        -0.197210 -0.393701 0.185265,
        -0.193157 -0.393701 0.190663,
        -0.194689 -0.393701 0.187689,
        -0.161507 -0.393701 0.193543,
        -0.161507 -0.393701 0.220232,
        -0.154166 -0.393701 0.193543,
        -0.141815 -0.393701 0.199648,
        -0.143802 -0.393701 0.197281,
        -0.146563 -0.393701 0.195297,
        -0.149598 -0.393701 0.194104,
        -0.143802 -0.393701 0.216698,
        -0.142878 -0.393701 0.215796,
        -0.141221 -0.393701 0.213474,
        -0.140229 -0.393701 0.210933,
        -0.153893 -0.393701 0.220232,
        -0.149819 -0.393701 0.219783,
        -0.146598 -0.393701 0.218606,
        -0.139777 -0.393701 0.207229,
        -0.139857 -0.393701 0.205535,
        -0.140502 -0.393701 0.202409,
        -0.217418 -0.397638 0.197663,
        -0.216216 -0.397638 0.196911,
        -0.211919 -0.397638 0.195821,
        -0.214125 -0.397638 0.196093,
        -0.217418 -0.397638 0.194211,
        -0.215074 -0.397638 0.193387,
        -0.212246 -0.397638 0.193092,
        -0.209209 -0.397638 0.193456,
        -0.207455 -0.397638 0.194137,
        -0.206693 -0.397638 0.194607,
        -0.205732 -0.397638 0.195448,
        -0.205110 -0.397638 0.196330,
        -0.204701 -0.397638 0.197390,
        -0.204544 -0.397638 0.198728,
        -0.204683 -0.397638 0.199980,
        -0.205041 -0.397638 0.200965,
        -0.205663 -0.397638 0.201880,
        -0.206459 -0.397638 0.202591,
        -0.208680 -0.397638 0.203826,
        -0.209974 -0.397638 0.204350,
        -0.212043 -0.397638 0.205250,
        -0.213222 -0.397638 0.205987,
        -0.213548 -0.397638 0.206346,
        -0.213789 -0.397638 0.206797,
        -0.213921 -0.397638 0.207316,
        -0.213952 -0.397638 0.207761,
        -0.213891 -0.397638 0.208294,
        -0.213726 -0.397638 0.208745,
        -0.213440 -0.397638 0.209171,
        -0.212935 -0.397638 0.209617,
        -0.212186 -0.397638 0.210015,
        -0.211291 -0.397638 0.210252,
        -0.210302 -0.397638 0.210326,
        -0.207966 -0.397638 0.210042,
        -0.206075 -0.397638 0.209309,
        -0.205458 -0.397638 0.208948,
        -0.205458 -0.397638 0.212195,
        -0.207629 -0.397638 0.212833,
        -0.209974 -0.397638 0.213041,
        -0.212652 -0.397638 0.212720,
        -0.214442 -0.397638 0.212027,
        -0.215255 -0.397638 0.211527,
        -0.216333 -0.397638 0.210534,
        -0.216922 -0.397638 0.209624,
        -0.217290 -0.397638 0.208544,
        -0.217397 -0.397638 0.207461,
        -0.217219 -0.397638 0.206026,
        -0.216825 -0.397638 0.205028,
        -0.216449 -0.397638 0.204445,
        -0.212335 -0.397638 0.201920,
        -0.214328 -0.397638 0.202834,
        -0.215902 -0.397638 0.203873,
        -0.210140 -0.397638 0.201001,
        -0.208835 -0.397638 0.200215,
        -0.208419 -0.397638 0.199781,
        -0.208160 -0.397638 0.199338,
        -0.208008 -0.397638 0.198816,
        -0.207975 -0.397638 0.198400,
        -0.208044 -0.397638 0.197763,
        -0.208215 -0.397638 0.197287,
        -0.208506 -0.397638 0.196856,
        -0.208890 -0.397638 0.196515,
        -0.209195 -0.397638 0.196330,
        -0.210057 -0.397638 0.196014,
        -0.211771 -0.397638 0.195822,
        -0.187972 -0.397638 0.212605,
        -0.184506 -0.397638 0.212605,
        -0.193177 -0.397638 0.198250,
        -0.193433 -0.397638 0.197361,
        -0.193587 -0.397638 0.196708,
        -0.193675 -0.397638 0.196708,
        -0.194085 -0.397638 0.198278,
        -0.199065 -0.397638 0.212605,
        -0.202804 -0.397638 0.212605,
        -0.195326 -0.397638 0.193583,
        -0.196793 -0.397638 0.190118,
        -0.197552 -0.397638 0.188776,
        -0.198217 -0.397638 0.188098,
        -0.198843 -0.397638 0.187715,
        -0.199578 -0.397638 0.187485,
        -0.200218 -0.397638 0.187430,
        -0.201431 -0.397638 0.187587,
        -0.202115 -0.397638 0.187811,
        -0.202115 -0.397638 0.184837,
        -0.200697 -0.397638 0.184591,
        -0.199959 -0.397638 0.184564,
        -0.198520 -0.397638 0.184741,
        -0.197210 -0.397638 0.185265,
        -0.196064 -0.397638 0.186089,
        -0.194689 -0.397638 0.187689,
        -0.193157 -0.397638 0.190663,
        -0.166549 -0.397638 0.196585,
        -0.166549 -0.397638 0.193543,
        -0.177458 -0.397638 0.196585,
        -0.177458 -0.397638 0.205564,
        -0.167913 -0.397638 0.205564,
        -0.167913 -0.397638 0.208620,
        -0.177458 -0.397638 0.208620,
        -0.177458 -0.397638 0.217162,
        -0.167156 -0.397638 0.217162,
        -0.167156 -0.397638 0.220232,
        -0.180904 -0.397638 0.220232,
        -0.180904 -0.397638 0.193543,
        -0.143802 -0.397638 0.197281,
        -0.146742 -0.397638 0.198924,
        -0.146563 -0.397638 0.195297,
        -0.148510 -0.397638 0.197766,
        -0.149598 -0.397638 0.194104,
        -0.150792 -0.397638 0.196951,
        -0.154166 -0.397638 0.193543,
        -0.154186 -0.397638 0.196585,
        -0.161507 -0.397638 0.193543,
        -0.158061 -0.397638 0.196585,
        -0.161507 -0.397638 0.220232,
        -0.158061 -0.397638 0.217162,
        -0.153893 -0.397638 0.220232,
        -0.154030 -0.397638 0.217162,
        -0.149819 -0.397638 0.219783,
        -0.150596 -0.397638 0.216783,
        -0.146598 -0.397638 0.218606,
        -0.148280 -0.397638 0.215949,
        -0.143802 -0.397638 0.216698,
        -0.146327 -0.397638 0.214652,
        -0.142878 -0.397638 0.215796,
        -0.145604 -0.397638 0.213943,
        -0.141221 -0.397638 0.213474,
        -0.144564 -0.397638 0.212453,
        -0.140229 -0.397638 0.210933,
        -0.143807 -0.397638 0.210515,
        -0.139777 -0.397638 0.207229,
        -0.143400 -0.397638 0.207133,
        -0.139857 -0.397638 0.205535,
        -0.143487 -0.397638 0.205448,
        -0.140502 -0.397638 0.202409,
        -0.144004 -0.397638 0.203002,
        -0.141815 -0.397638 0.199648,
        -0.144922 -0.397638 0.201019,
        -0.146252 -0.397638 0.199369,
        -0.154030 -0.393701 0.217162,
        -0.158061 -0.393701 0.217162,
        -0.158061 -0.393701 0.196585,
        -0.154186 -0.393701 0.196585,
        -0.146252 -0.393701 0.199369,
        -0.146742 -0.393701 0.198924,
        -0.148510 -0.393701 0.197766,
        -0.150792 -0.393701 0.196951,
        -0.143400 -0.393701 0.207133,
        -0.143487 -0.393701 0.205448,
        -0.144004 -0.393701 0.203002,
        -0.144922 -0.393701 0.201019,
        -0.146327 -0.393701 0.214652,
        -0.145604 -0.393701 0.213943,
        -0.144564 -0.393701 0.212453,
        -0.143807 -0.393701 0.210515,
        -0.150596 -0.393701 0.216783,
        -0.148280 -0.393701 0.215949,
      ]
    }
    coordIndex [
      22, 138, 139, -1,
      140, 74, 71, -1,
      140, 71, 141, -1,
      141, 71, 25, -1,
      141, 25, 139, -1,
      139, 25, 24, -1,
      139, 24, 22, -1,
      142, 138, 27, -1,
      27, 138, 22, -1,
      27, 3, 142, -1,
      142, 3, 143, -1,
      34, 144, 33, -1,
      33, 144, 143, -1,
      33, 143, 2, -1,
      2, 143, 3, -1,
      34, 1, 144, -1,
      144, 1, 145, -1,
      1, 0, 145, -1,
      145, 0, 52, -1,
      145, 52, 146, -1,
      146, 52, 51, -1,
      146, 51, 147, -1,
      147, 51, 43, -1,
      147, 43, 148, -1,
      148, 43, 42, -1,
      148, 42, 149, -1,
      149, 42, 41, -1,
      149, 41, 150, -1,
      150, 41, 50, -1,
      150, 50, 151, -1,
      151, 50, 49, -1,
      151, 49, 152, -1,
      152, 49, 48, -1,
      152, 48, 153, -1,
      153, 48, 47, -1,
      153, 47, 154, -1,
      154, 47, 67, -1,
      154, 67, 155, -1,
      155, 67, 66, -1,
      155, 66, 156, -1,
      156, 66, 64, -1,
      156, 64, 157, -1,
      157, 64, 62, -1,
      157, 62, 158, -1,
      158, 62, 61, -1,
      158, 61, 159, -1,
      159, 61, 60, -1,
      159, 60, 160, -1,
      160, 60, 59, -1,
      160, 59, 161, -1,
      161, 59, 58, -1,
      161, 58, 162, -1,
      162, 58, 55, -1,
      162, 55, 163, -1,
      163, 55, 70, -1,
      163, 70, 164, -1,
      164, 70, 69, -1,
      164, 69, 165, -1,
      165, 69, 68, -1,
      165, 68, 166, -1,
      166, 68, 57, -1,
      166, 57, 167, -1,
      167, 57, 56, -1,
      167, 56, 168, -1,
      168, 56, 54, -1,
      168, 54, 169, -1,
      169, 54, 53, -1,
      169, 53, 170, -1,
      170, 53, 63, -1,
      170, 63, 171, -1,
      171, 63, 65, -1,
      171, 65, 172, -1,
      172, 65, 36, -1,
      172, 36, 173, -1,
      174, 173, 35, -1,
      35, 173, 36, -1,
      174, 35, 46, -1,
      174, 46, 175, -1,
      175, 46, 45, -1,
      175, 45, 176, -1,
      176, 45, 44, -1,
      176, 44, 177, -1,
      177, 44, 40, -1,
      177, 40, 178, -1,
      178, 40, 39, -1,
      178, 39, 179, -1,
      39, 38, 179, -1,
      179, 38, 180, -1,
      38, 37, 180, -1,
      180, 37, 28, -1,
      180, 28, 181, -1,
      181, 28, 29, -1,
      181, 29, 182, -1,
      182, 29, 32, -1,
      182, 32, 183, -1,
      183, 32, 31, -1,
      183, 31, 184, -1,
      184, 31, 30, -1,
      184, 30, 185, -1,
      185, 30, 26, -1,
      185, 26, 186, -1,
      72, 187, 188, -1,
      186, 26, 21, -1,
      186, 21, 189, -1,
      189, 21, 23, -1,
      189, 23, 188, -1,
      188, 23, 73, -1,
      188, 73, 72, -1,
      187, 72, 76, -1,
      187, 76, 190, -1,
      190, 76, 87, -1,
      190, 87, 191, -1,
      191, 87, 86, -1,
      191, 86, 192, -1,
      192, 86, 85, -1,
      192, 85, 193, -1,
      193, 85, 79, -1,
      193, 79, 194, -1,
      194, 79, 78, -1,
      194, 78, 195, -1,
      195, 78, 84, -1,
      195, 84, 196, -1,
      196, 84, 83, -1,
      196, 83, 197, -1,
      197, 83, 82, -1,
      197, 82, 198, -1,
      198, 82, 81, -1,
      198, 81, 199, -1,
      199, 81, 80, -1,
      199, 80, 200, -1,
      200, 80, 77, -1,
      200, 77, 201, -1,
      201, 77, 75, -1,
      201, 75, 202, -1,
      202, 75, 74, -1,
      202, 74, 140, -1,
      165, 166, 179, -1,
      179, 166, 178, -1,
      178, 166, 167, -1,
      178, 167, 177, -1,
      197, 148, 149, -1,
      190, 157, 187, -1,
      187, 157, 158, -1,
      183, 184, 161, -1,
      161, 184, 185, -1,
      161, 185, 160, -1,
      160, 185, 186, -1,
      160, 186, 159, -1,
      159, 186, 189, -1,
      159, 189, 158, -1,
      158, 189, 188, -1,
      158, 188, 187, -1,
      197, 149, 196, -1,
      196, 149, 150, -1,
      196, 150, 195, -1,
      195, 150, 151, -1,
      195, 151, 194, -1,
      194, 151, 152, -1,
      194, 152, 193, -1,
      193, 152, 153, -1,
      193, 153, 192, -1,
      192, 153, 154, -1,
      192, 154, 191, -1,
      191, 154, 155, -1,
      191, 155, 190, -1,
      190, 155, 156, -1,
      190, 156, 157, -1,
      148, 197, 147, -1,
      147, 197, 198, -1,
      147, 198, 146, -1,
      144, 140, 143, -1,
      143, 140, 141, -1,
      143, 141, 142, -1,
      142, 141, 139, -1,
      142, 139, 138, -1,
      167, 168, 177, -1,
      177, 168, 169, -1,
      177, 169, 176, -1,
      176, 169, 170, -1,
      176, 170, 175, -1,
      175, 170, 171, -1,
      175, 171, 174, -1,
      174, 171, 172, -1,
      174, 172, 173, -1,
      198, 199, 146, -1,
      146, 199, 200, -1,
      146, 200, 145, -1,
      145, 200, 201, -1,
      145, 201, 144, -1,
      144, 201, 202, -1,
      144, 202, 140, -1,
      179, 180, 165, -1,
      165, 180, 181, -1,
      165, 181, 164, -1,
      164, 181, 182, -1,
      164, 182, 163, -1,
      163, 182, 183, -1,
      163, 183, 162, -1,
      162, 183, 161, -1,
      203, 204, 88, -1,
      88, 204, 89, -1,
      205, 203, 96, -1,
      96, 203, 88, -1,
      205, 96, 97, -1,
      205, 97, 206, -1,
      206, 97, 94, -1,
      206, 94, 207, -1,
      208, 207, 93, -1,
      93, 207, 94, -1,
      209, 208, 92, -1,
      92, 208, 93, -1,
      209, 92, 210, -1,
      210, 92, 95, -1,
      210, 95, 100, -1,
      211, 210, 99, -1,
      99, 210, 100, -1,
      211, 99, 212, -1,
      212, 99, 98, -1,
      212, 98, 101, -1,
      103, 213, 102, -1,
      102, 213, 212, -1,
      102, 212, 101, -1,
      103, 116, 213, -1,
      213, 116, 214, -1,
      116, 115, 214, -1,
      214, 115, 110, -1,
      214, 110, 215, -1,
      215, 110, 109, -1,
      215, 109, 216, -1,
      216, 109, 108, -1,
      216, 108, 217, -1,
      217, 108, 107, -1,
      217, 107, 218, -1,
      218, 107, 106, -1,
      218, 106, 219, -1,
      219, 106, 105, -1,
      219, 105, 220, -1,
      221, 220, 104, -1,
      104, 220, 105, -1,
      221, 104, 114, -1,
      221, 114, 222, -1,
      222, 114, 113, -1,
      222, 113, 223, -1,
      223, 113, 112, -1,
      223, 112, 224, -1,
      224, 112, 111, -1,
      224, 111, 225, -1,
      111, 118, 225, -1,
      225, 118, 117, -1,
      225, 117, 226, -1,
      226, 117, 120, -1,
      226, 120, 227, -1,
      227, 120, 119, -1,
      227, 119, 228, -1,
      89, 204, 91, -1,
      91, 204, 228, -1,
      91, 228, 119, -1,
      206, 207, 228, -1,
      204, 203, 228, -1,
      228, 203, 205, -1,
      228, 205, 206, -1,
      210, 211, 209, -1,
      209, 211, 212, -1,
      209, 212, 208, -1,
      207, 208, 228, -1,
      228, 208, 212, -1,
      228, 212, 227, -1,
      212, 213, 227, -1,
      227, 213, 214, -1,
      227, 214, 226, -1,
      226, 214, 215, -1,
      226, 215, 225, -1,
      225, 215, 216, -1,
      225, 216, 224, -1,
      224, 216, 217, -1,
      224, 217, 223, -1,
      223, 217, 218, -1,
      223, 218, 222, -1,
      222, 218, 219, -1,
      222, 219, 221, -1,
      221, 219, 220, -1,
      229, 230, 7, -1,
      7, 230, 8, -1,
      229, 7, 231, -1,
      231, 7, 6, -1,
      231, 6, 5, -1,
      232, 231, 4, -1,
      4, 231, 5, -1,
      232, 4, 233, -1,
      233, 4, 13, -1,
      233, 13, 12, -1,
      234, 233, 11, -1,
      11, 233, 12, -1,
      17, 235, 15, -1,
      15, 235, 234, -1,
      15, 234, 11, -1,
      236, 235, 16, -1,
      16, 235, 17, -1,
      10, 237, 14, -1,
      14, 237, 236, -1,
      14, 236, 16, -1,
      238, 237, 9, -1,
      9, 237, 10, -1,
      20, 239, 90, -1,
      90, 239, 238, -1,
      90, 238, 9, -1,
      240, 239, 19, -1,
      19, 239, 20, -1,
      240, 19, 230, -1,
      230, 19, 18, -1,
      230, 18, 8, -1,
      240, 230, 229, -1,
      229, 231, 240, -1,
      240, 231, 232, -1,
      240, 232, 239, -1,
      237, 238, 236, -1,
      236, 238, 239, -1,
      236, 239, 235, -1,
      235, 239, 232, -1,
      235, 232, 234, -1,
      234, 232, 233, -1,
      241, 242, 243, -1,
      243, 242, 244, -1,
      243, 244, 245, -1,
      245, 244, 246, -1,
      245, 246, 247, -1,
      247, 246, 248, -1,
      247, 248, 249, -1,
      249, 248, 250, -1,
      249, 250, 251, -1,
      251, 250, 252, -1,
      251, 252, 253, -1,
      253, 252, 254, -1,
      253, 254, 255, -1,
      255, 254, 256, -1,
      255, 256, 257, -1,
      257, 256, 258, -1,
      257, 258, 259, -1,
      259, 258, 260, -1,
      259, 260, 261, -1,
      261, 260, 262, -1,
      261, 262, 263, -1,
      263, 262, 264, -1,
      263, 264, 265, -1,
      265, 264, 266, -1,
      265, 266, 267, -1,
      267, 266, 268, -1,
      267, 268, 269, -1,
      269, 268, 270, -1,
      269, 270, 271, -1,
      271, 270, 272, -1,
      271, 272, 273, -1,
      273, 272, 274, -1,
      273, 274, 241, -1,
      241, 274, 275, -1,
      241, 275, 242, -1,
      247, 249, 123, -1,
      123, 249, 121, -1,
      247, 123, 127, -1,
      247, 127, 245, -1,
      245, 127, 126, -1,
      245, 126, 243, -1,
      243, 126, 125, -1,
      243, 125, 241, -1,
      241, 125, 124, -1,
      241, 124, 273, -1,
      273, 124, 137, -1,
      273, 137, 271, -1,
      271, 137, 136, -1,
      271, 136, 269, -1,
      269, 136, 135, -1,
      269, 135, 267, -1,
      267, 135, 131, -1,
      267, 131, 265, -1,
      265, 131, 130, -1,
      265, 130, 263, -1,
      263, 130, 129, -1,
      263, 129, 261, -1,
      261, 129, 128, -1,
      261, 128, 259, -1,
      259, 128, 134, -1,
      259, 134, 257, -1,
      257, 134, 133, -1,
      257, 133, 255, -1,
      255, 133, 132, -1,
      255, 132, 253, -1,
      251, 253, 122, -1,
      122, 253, 132, -1,
      249, 251, 121, -1,
      121, 251, 122, -1,
      254, 252, 276, -1,
      276, 252, 277, -1,
      252, 250, 277, -1,
      277, 250, 278, -1,
      250, 248, 278, -1,
      278, 248, 279, -1,
      275, 280, 281, -1,
      275, 281, 242, -1,
      242, 281, 282, -1,
      242, 282, 244, -1,
      244, 282, 283, -1,
      244, 283, 246, -1,
      246, 283, 279, -1,
      246, 279, 248, -1,
      268, 284, 285, -1,
      268, 285, 270, -1,
      270, 285, 286, -1,
      270, 286, 272, -1,
      272, 286, 287, -1,
      272, 287, 274, -1,
      274, 287, 280, -1,
      274, 280, 275, -1,
      260, 288, 289, -1,
      260, 289, 262, -1,
      262, 289, 290, -1,
      262, 290, 264, -1,
      264, 290, 291, -1,
      264, 291, 266, -1,
      266, 291, 284, -1,
      266, 284, 268, -1,
      254, 276, 292, -1,
      254, 292, 256, -1,
      256, 292, 293, -1,
      256, 293, 258, -1,
      258, 293, 288, -1,
      258, 288, 260, -1,
    ]
  }
}

Shape {
  appearance Appearance {
    material Material {
      diffuseColor 0.2510 0.2510 0.2510
      specularColor 0.1255 0.1255 0.1255
      ambientIntensity 0.2
      transparency 0.0000
      shininess 0.5
    }
  }
  geometry IndexedFaceSet {
    ccw TRUE
    solid FALSE
    coord DEF co Coordinate {
      point [
        -0.154030 -0.393701 0.217162,
        -0.158061 -0.393701 0.217162,
        -0.158061 -0.393701 0.196585,
        -0.154186 -0.393701 0.196585,
        -0.146252 -0.393701 0.199369,
        -0.146742 -0.393701 0.198924,
        -0.148510 -0.393701 0.197766,
        -0.150792 -0.393701 0.196951,
        -0.143400 -0.393701 0.207133,
        -0.143487 -0.393701 0.205448,
        -0.144004 -0.393701 0.203002,
        -0.144922 -0.393701 0.201019,
        -0.146327 -0.393701 0.214652,
        -0.145604 -0.393701 0.213943,
        -0.144564 -0.393701 0.212453,
        -0.143807 -0.393701 0.210515,
        -0.150596 -0.393701 0.216783,
        -0.148280 -0.393701 0.215949,
      ]
    }
    coordIndex [
      1, 2, 0, -1,
      0, 2, 3, -1,
      0, 3, 7, -1,
      7, 6, 0, -1,
      0, 6, 5, -1,
      0, 5, 4, -1,
      4, 11, 0, -1,
      0, 11, 10, -1,
      0, 10, 9, -1,
      9, 8, 0, -1,
      0, 8, 15, -1,
      0, 15, 14, -1,
      14, 13, 0, -1,
      0, 13, 12, -1,
      0, 12, 16, -1,
      16, 12, 17, -1,
    ]
  }
}

Shape {
  appearance Appearance {
    material Material {
      diffuseColor 1.0000 1.0000 1.0000
      specularColor 0.5020 0.5020 0.5020
      ambientIntensity 0.2
      transparency 0.0000
      shininess 0.5
    }
  }
  geometry IndexedFaceSet {
    ccw TRUE
    solid FALSE
    coord DEF co Coordinate {
      point [
        -0.128131 -0.393701 0.220232,
        -0.124447 -0.393701 0.220232,
        -0.134489 -0.393701 0.193543,
        -0.138296 -0.393701 0.193543,
        -0.114281 -0.393701 0.193543,
        -0.118088 -0.393701 0.193543,
        -0.120810 -0.393701 0.200843,
        -0.131924 -0.393701 0.200843,
        -0.130833 -0.397638 0.203858,
        -0.131924 -0.397638 0.200843,
        -0.121875 -0.397638 0.203858,
        -0.120810 -0.397638 0.200843,
        -0.126841 -0.397638 0.214952,
        -0.128131 -0.397638 0.220232,
        -0.138296 -0.397638 0.193543,
        -0.134489 -0.397638 0.193543,
        -0.126610 -0.397638 0.215748,
        -0.126405 -0.397638 0.216821,
        -0.124447 -0.397638 0.220232,
        -0.126323 -0.397638 0.216821,
        -0.126107 -0.397638 0.215692,
        -0.125907 -0.397638 0.214952,
        -0.114281 -0.397638 0.193543,
        -0.118088 -0.397638 0.193543,
        -0.130833 -0.393701 0.203858,
        -0.121875 -0.393701 0.203858,
        -0.125907 -0.393701 0.214952,
        -0.126323 -0.393701 0.216821,
        -0.126107 -0.393701 0.215692,
        -0.126405 -0.393701 0.216821,
        -0.126841 -0.393701 0.214952,
        -0.126610 -0.393701 0.215748,
      ]
    }
    coordIndex [
      8, 9, 10, -1,
      10, 9, 11, -1,
      12, 13, 8, -1,
      8, 13, 14, -1,
      8, 14, 9, -1,
      9, 14, 15, -1,
      12, 16, 13, -1,
      13, 16, 17, -1,
      13, 17, 18, -1,
      18, 17, 19, -1,
      18, 19, 20, -1,
      20, 21, 18, -1,
      18, 21, 10, -1,
      18, 10, 22, -1,
      22, 10, 11, -1,
      22, 11, 23, -1,
      18, 22, 1, -1,
      1, 22, 4, -1,
      13, 18, 0, -1,
      0, 18, 1, -1,
      14, 13, 3, -1,
      3, 13, 0, -1,
      15, 14, 2, -1,
      2, 14, 3, -1,
      9, 15, 7, -1,
      7, 15, 2, -1,
      11, 9, 6, -1,
      6, 9, 7, -1,
      23, 11, 5, -1,
      5, 11, 6, -1,
      22, 23, 4, -1,
      4, 23, 5, -1,
      8, 10, 24, -1,
      24, 10, 25, -1,
      10, 21, 25, -1,
      25, 21, 26, -1,
      19, 27, 28, -1,
      19, 28, 20, -1,
      20, 28, 26, -1,
      20, 26, 21, -1,
      19, 17, 27, -1,
      27, 17, 29, -1,
      12, 30, 31, -1,
      12, 31, 16, -1,
      16, 31, 29, -1,
      16, 29, 17, -1,
      12, 8, 30, -1,
      30, 8, 24, -1,
    ]
  }
}

Shape {
  appearance Appearance {
    material Material {
      diffuseColor 0.2510 0.2510 0.2510
      specularColor 0.1255 0.1255 0.1255
      ambientIntensity 0.2
      transparency 0.0000
      shininess 0.5
    }
  }
  geometry IndexedFaceSet {
    ccw TRUE
    solid FALSE
    coord DEF co Coordinate {
      point [
        -0.130833 -0.393701 0.203858,
        -0.121875 -0.393701 0.203858,
        -0.125907 -0.393701 0.214952,
        -0.126323 -0.393701 0.216821,
        -0.126107 -0.393701 0.215692,
        -0.126405 -0.393701 0.216821,
        -0.126841 -0.393701 0.214952,
        -0.126610 -0.393701 0.215748,
      ]
    }
    coordIndex [
      3, 5, 4, -1,
      4, 5, 7, -1,
      4, 7, 2, -1,
      2, 7, 6, -1,
      2, 6, 1, -1,
      1, 6, 0, -1,
    ]
  }
}

Shape {
  appearance Appearance {
    material Material {
      diffuseColor 1.0000 1.0000 1.0000
      specularColor 0.5020 0.5020 0.5020
      ambientIntensity 0.2
      transparency 0.0000
      shininess 0.5
    }
  }
  geometry IndexedFaceSet {
    ccw TRUE
    solid FALSE
    coord DEF co Coordinate {
      point [
        -0.397665 -0.393701 0.225857,
        -0.397271 -0.393701 0.227833,
        -0.288704 -0.393701 0.241640,
        -0.283596 -0.393701 0.237250,
        -0.310072 -0.393701 0.262798,
        -0.305711 -0.393701 0.259867,
        -0.299513 -0.393701 0.252721,
        -0.295464 -0.393701 0.244876,
        -0.294331 -0.393701 0.244490,
        -0.323698 -0.393701 0.268913,
        -0.314175 -0.393701 0.265557,
        -0.349687 -0.393701 0.265188,
        -0.340939 -0.393701 0.268570,
        -0.331519 -0.393701 0.269734,
        -0.388827 -0.393701 0.245255,
        -0.387122 -0.393701 0.246840,
        -0.380756 -0.393701 0.251103,
        -0.373672 -0.393701 0.253631,
        -0.367004 -0.393701 0.254364,
        -0.353541 -0.393701 0.262798,
        -0.354290 -0.393701 0.262333,
        -0.358750 -0.393701 0.258515,
        -0.364822 -0.393701 0.254245,
        -0.362640 -0.393701 0.253984,
        -0.396174 -0.393701 0.233341,
        -0.395074 -0.393701 0.235658,
        -0.392980 -0.393701 0.240070,
        -0.374595 -0.393701 0.193830,
        -0.377879 -0.393701 0.194865,
        -0.384626 -0.393701 0.198411,
        -0.389776 -0.393701 0.202938,
        -0.390494 -0.393701 0.203765,
        -0.394498 -0.393701 0.209880,
        -0.397017 -0.393701 0.216989,
        -0.397746 -0.393701 0.223622,
        -0.366166 -0.393701 0.183483,
        -0.369877 -0.393701 0.186282,
        -0.372697 -0.393701 0.189766,
        -0.374356 -0.393701 0.193317,
        -0.356567 -0.393701 0.180926,
        -0.351983 -0.393701 0.181489,
        -0.348709 -0.393701 0.182745,
        -0.357309 -0.393701 0.180940,
        -0.361789 -0.393701 0.181641,
        -0.364413 -0.393701 0.182745,
        -0.338783 -0.393701 0.193317,
        -0.338794 -0.393701 0.193270,
        -0.341033 -0.393701 0.189037,
        -0.343969 -0.393701 0.185741,
        -0.347750 -0.393701 0.183113,
        -0.283699 -0.393701 0.201989,
        -0.289091 -0.393701 0.197471,
        -0.280069 -0.393701 0.206989,
        -0.342335 -0.393701 0.212616,
        -0.316907 -0.393701 0.225899,
        -0.345645 -0.393701 0.215631,
        -0.349670 -0.393701 0.217791,
        -0.288533 -0.393701 0.221465,
        -0.289418 -0.393701 0.225111,
        -0.290879 -0.393701 0.227833,
        -0.385320 -0.393701 0.227833,
        -0.313178 -0.393701 0.205046,
        -0.311024 -0.393701 0.215842,
        -0.314486 -0.393701 0.204550,
        -0.315662 -0.393701 0.203740,
        -0.313090 -0.393701 0.193587,
        -0.314352 -0.393701 0.194046,
        -0.315606 -0.393701 0.194891,
        -0.316193 -0.393701 0.195478,
        -0.384215 -0.393701 0.216460,
        -0.381937 -0.393701 0.212578,
        -0.372301 -0.393701 0.210633,
        -0.378533 -0.393701 0.209085,
        -0.374405 -0.393701 0.206544,
        -0.365280 -0.393701 0.216911,
        -0.369161 -0.393701 0.214218,
        -0.385791 -0.393701 0.224002,
        -0.385569 -0.393701 0.221107,
        -0.277494 -0.393701 0.226014,
        -0.276678 -0.393701 0.220017,
        -0.276691 -0.393701 0.219179,
        -0.277623 -0.393701 0.212963,
        -0.294904 -0.393701 0.194700,
        -0.300967 -0.393701 0.193450,
        -0.312163 -0.393701 0.193450,
        -0.361087 -0.393701 0.218512,
        -0.356567 -0.393701 0.219068,
        -0.354250 -0.393701 0.218930,
        -0.311783 -0.393701 0.205215,
        -0.311599 -0.393701 0.205202,
        -0.311030 -0.393701 0.205076,
        -0.317666 -0.393701 0.199333,
        -0.317643 -0.393701 0.199849,
        -0.337591 -0.393701 0.201800,
        -0.317321 -0.393701 0.201307,
        -0.316639 -0.393701 0.202636,
        -0.317008 -0.393701 0.196675,
        -0.317497 -0.393701 0.197964,
        -0.337691 -0.393701 0.197957,
        -0.337591 -0.393701 0.199902,
        -0.292290 -0.393701 0.209795,
        -0.290204 -0.393701 0.212756,
        -0.288897 -0.393701 0.216138,
        -0.288443 -0.393701 0.219827,
        -0.310645 -0.393701 0.205026,
        -0.302106 -0.393701 0.205026,
        -0.298719 -0.393701 0.205672,
        -0.295368 -0.393701 0.207219,
        -0.292559 -0.393701 0.209506,
        -0.304762 -0.393701 0.234628,
        -0.383604 -0.393701 0.232819,
        -0.385227 -0.393701 0.228587,
        -0.303244 -0.393701 0.234628,
        -0.291178 -0.393701 0.228389,
        -0.293386 -0.393701 0.230857,
        -0.296330 -0.393701 0.232911,
        -0.299643 -0.393701 0.234185,
        -0.381630 -0.393701 0.235658,
        -0.356757 -0.393701 0.240131,
        -0.358149 -0.393701 0.240891,
        -0.308320 -0.393701 0.245169,
        -0.312414 -0.393701 0.250446,
        -0.313863 -0.393701 0.251798,
        -0.319231 -0.393701 0.255428,
        -0.325206 -0.393701 0.257633,
        -0.362405 -0.393701 0.242437,
        -0.366815 -0.393701 0.242978,
        -0.368759 -0.393701 0.242878,
        -0.304968 -0.393701 0.235658,
        -0.305624 -0.393701 0.238944,
        -0.331329 -0.393701 0.258349,
        -0.332102 -0.393701 0.258338,
        -0.354063 -0.393701 0.245811,
        -0.338433 -0.393701 0.257417,
        -0.349885 -0.393701 0.250952,
        -0.344626 -0.393701 0.254873,
        -0.373446 -0.393701 0.241776,
        -0.377680 -0.393701 0.239537,
        -0.380975 -0.393701 0.236600,
        -0.282472 -0.393701 0.235658,
        -0.279765 -0.393701 0.231822,
        -0.278205 -0.393701 0.227833,
        -0.372697 -0.397638 0.189766,
        -0.369877 -0.397638 0.186282,
        -0.374405 -0.397638 0.206544,
        -0.341033 -0.397638 0.189037,
        -0.338794 -0.397638 0.193270,
        -0.337691 -0.397638 0.197957,
        -0.361682 -0.397638 0.194194,
        -0.360168 -0.397638 0.193149,
        -0.366166 -0.397638 0.183483,
        -0.358413 -0.397638 0.192500,
        -0.288443 -0.397638 0.219827,
        -0.288897 -0.397638 0.216138,
        -0.277623 -0.397638 0.212963,
        -0.311024 -0.397638 0.215842,
        -0.316907 -0.397638 0.225899,
        -0.337591 -0.397638 0.201800,
        -0.342335 -0.397638 0.212616,
        -0.337591 -0.397638 0.199902,
        -0.347750 -0.397638 0.183113,
        -0.343969 -0.397638 0.185741,
        -0.378533 -0.397638 0.209085,
        -0.377879 -0.397638 0.194865,
        -0.374595 -0.397638 0.193830,
        -0.304762 -0.397638 0.234628,
        -0.303244 -0.397638 0.234628,
        -0.295464 -0.397638 0.244876,
        -0.299643 -0.397638 0.234185,
        -0.294331 -0.397638 0.244490,
        -0.296330 -0.397638 0.232911,
        -0.288704 -0.397638 0.241640,
        -0.283596 -0.397638 0.237250,
        -0.358149 -0.397638 0.240891,
        -0.356757 -0.397638 0.240131,
        -0.362640 -0.397638 0.253984,
        -0.354063 -0.397638 0.245811,
        -0.358750 -0.397638 0.258515,
        -0.349885 -0.397638 0.250952,
        -0.354290 -0.397638 0.262333,
        -0.344626 -0.397638 0.254873,
        -0.349687 -0.397638 0.265188,
        -0.361789 -0.397638 0.181641,
        -0.357309 -0.397638 0.180940,
        -0.356757 -0.397638 0.192311,
        -0.356567 -0.397638 0.180926,
        -0.355157 -0.397638 0.192484,
        -0.351983 -0.397638 0.181489,
        -0.353485 -0.397638 0.193071,
        -0.352006 -0.397638 0.194040,
        -0.350755 -0.397638 0.195392,
        -0.280069 -0.397638 0.206989,
        -0.290204 -0.397638 0.212756,
        -0.283699 -0.397638 0.201989,
        -0.340939 -0.397638 0.268570,
        -0.338433 -0.397638 0.257417,
        -0.331519 -0.397638 0.269734,
        -0.305711 -0.397638 0.259867,
        -0.312414 -0.397638 0.250446,
        -0.299513 -0.397638 0.252721,
        -0.308320 -0.397638 0.245169,
        -0.305624 -0.397638 0.238944,
        -0.381937 -0.397638 0.212578,
        -0.389776 -0.397638 0.202938,
        -0.384626 -0.397638 0.198411,
        -0.385227 -0.397638 0.228587,
        -0.397665 -0.397638 0.225857,
        -0.385791 -0.397638 0.224002,
        -0.397746 -0.397638 0.223622,
        -0.385569 -0.397638 0.221107,
        -0.397017 -0.397638 0.216989,
        -0.384215 -0.397638 0.216460,
        -0.394498 -0.397638 0.209880,
        -0.390494 -0.397638 0.203765,
        -0.362891 -0.397638 0.195572,
        -0.363699 -0.397638 0.197138,
        -0.364113 -0.397638 0.198887,
        -0.349849 -0.397638 0.202377,
        -0.349411 -0.397638 0.200619,
        -0.349408 -0.397638 0.198842,
        -0.349866 -0.397638 0.197022,
        -0.293386 -0.397638 0.230857,
        -0.291178 -0.397638 0.228389,
        -0.279765 -0.397638 0.231822,
        -0.289418 -0.397638 0.225111,
        -0.277494 -0.397638 0.226014,
        -0.288533 -0.397638 0.221465,
        -0.276678 -0.397638 0.220017,
        -0.276691 -0.397638 0.219179,
        -0.292290 -0.397638 0.209795,
        -0.292559 -0.397638 0.209506,
        -0.289091 -0.397638 0.197471,
        -0.295368 -0.397638 0.207219,
        -0.294904 -0.397638 0.194700,
        -0.298719 -0.397638 0.205672,
        -0.300967 -0.397638 0.193450,
        -0.302106 -0.397638 0.205026,
        -0.312163 -0.397638 0.193450,
        -0.310645 -0.397638 0.205026,
        -0.313090 -0.397638 0.193587,
        -0.362405 -0.397638 0.242437,
        -0.364822 -0.397638 0.254245,
        -0.366815 -0.397638 0.242978,
        -0.367004 -0.397638 0.254364,
        -0.368759 -0.397638 0.242878,
        -0.373672 -0.397638 0.253631,
        -0.373446 -0.397638 0.241776,
        -0.380756 -0.397638 0.251103,
        -0.377680 -0.397638 0.239537,
        -0.387122 -0.397638 0.246840,
        -0.380975 -0.397638 0.236600,
        -0.388827 -0.397638 0.245255,
        -0.383604 -0.397638 0.232819,
        -0.392980 -0.397638 0.240070,
        -0.396174 -0.397638 0.233341,
        -0.332102 -0.397638 0.258338,
        -0.331329 -0.397638 0.258349,
        -0.323698 -0.397638 0.268913,
        -0.325206 -0.397638 0.257633,
        -0.314175 -0.397638 0.265557,
        -0.319231 -0.397638 0.255428,
        -0.313863 -0.397638 0.251798,
        -0.364113 -0.397638 0.200537,
        -0.363672 -0.397638 0.202360,
        -0.372301 -0.397638 0.210633,
        -0.362785 -0.397638 0.204005,
        -0.369161 -0.397638 0.214218,
        -0.361536 -0.397638 0.205357,
        -0.365280 -0.397638 0.216911,
        -0.360019 -0.397638 0.206351,
        -0.361087 -0.397638 0.218512,
        -0.358343 -0.397638 0.206940,
        -0.356567 -0.397638 0.219068,
        -0.356757 -0.397638 0.207113,
        -0.354250 -0.397638 0.218930,
        -0.355198 -0.397638 0.206946,
        -0.349670 -0.397638 0.217791,
        -0.353434 -0.397638 0.206320,
        -0.345645 -0.397638 0.215631,
        -0.351904 -0.397638 0.205293,
        -0.350678 -0.397638 0.203933,
        -0.311599 -0.397638 0.205202,
        -0.316193 -0.397638 0.195478,
        -0.315606 -0.397638 0.194891,
        -0.313178 -0.397638 0.205046,
        -0.314486 -0.397638 0.204550,
        -0.317643 -0.397638 0.199849,
        -0.317666 -0.397638 0.199333,
        -0.317497 -0.397638 0.197964,
        -0.317008 -0.397638 0.196675,
        -0.311030 -0.397638 0.205076,
        -0.314352 -0.397638 0.194046,
        -0.311783 -0.397638 0.205215,
        -0.315662 -0.397638 0.203740,
        -0.316639 -0.397638 0.202636,
        -0.317321 -0.397638 0.201307,
        -0.356757 -0.393701 0.207113,
        -0.355198 -0.393701 0.206946,
        -0.353434 -0.393701 0.206320,
        -0.351904 -0.393701 0.205293,
        -0.350678 -0.393701 0.203933,
        -0.349849 -0.393701 0.202377,
        -0.349411 -0.393701 0.200619,
        -0.349408 -0.393701 0.198842,
        -0.349866 -0.393701 0.197022,
        -0.350755 -0.393701 0.195392,
        -0.352006 -0.393701 0.194040,
        -0.353485 -0.393701 0.193071,
        -0.355157 -0.393701 0.192484,
        -0.356757 -0.393701 0.192311,
        -0.358413 -0.393701 0.192500,
        -0.360168 -0.393701 0.193149,
        -0.361682 -0.393701 0.194194,
        -0.362891 -0.393701 0.195572,
        -0.363699 -0.393701 0.197138,
        -0.364113 -0.393701 0.198887,
        -0.364113 -0.393701 0.200537,
        -0.363672 -0.393701 0.202360,
        -0.362785 -0.393701 0.204005,
        -0.361536 -0.393701 0.205357,
        -0.360019 -0.393701 0.206351,
        -0.358343 -0.393701 0.206940,
      ]
    }
    coordIndex [
      142, 143, 144, -1,
      145, 146, 147, -1,
      148, 143, 149, -1,
      149, 143, 150, -1,
      149, 150, 151, -1,
      152, 153, 154, -1,
      155, 156, 157, -1,
      157, 156, 158, -1,
      157, 158, 159, -1,
      159, 158, 160, -1,
      159, 160, 147, -1,
      147, 160, 161, -1,
      147, 161, 145, -1,
      162, 163, 144, -1,
      144, 163, 164, -1,
      144, 164, 142, -1,
      165, 166, 167, -1,
      167, 166, 168, -1,
      167, 168, 169, -1,
      169, 168, 170, -1,
      169, 170, 171, -1,
      171, 170, 172, -1,
      173, 174, 175, -1,
      175, 174, 176, -1,
      175, 176, 177, -1,
      177, 176, 178, -1,
      177, 178, 179, -1,
      179, 178, 180, -1,
      179, 180, 181, -1,
      150, 182, 151, -1,
      151, 182, 183, -1,
      151, 183, 184, -1,
      184, 183, 185, -1,
      184, 185, 186, -1,
      186, 185, 187, -1,
      186, 187, 188, -1,
      188, 187, 160, -1,
      188, 160, 189, -1,
      189, 160, 190, -1,
      154, 153, 191, -1,
      191, 153, 192, -1,
      191, 192, 193, -1,
      181, 180, 194, -1,
      194, 180, 195, -1,
      194, 195, 196, -1,
      197, 198, 199, -1,
      199, 198, 200, -1,
      199, 200, 167, -1,
      167, 200, 201, -1,
      167, 201, 165, -1,
      202, 203, 162, -1,
      162, 203, 204, -1,
      162, 204, 163, -1,
      205, 206, 207, -1,
      207, 206, 208, -1,
      207, 208, 209, -1,
      209, 208, 210, -1,
      209, 210, 211, -1,
      211, 210, 212, -1,
      211, 212, 202, -1,
      202, 212, 213, -1,
      202, 213, 203, -1,
      148, 214, 143, -1,
      143, 214, 215, -1,
      143, 215, 144, -1,
      144, 215, 216, -1,
      217, 218, 158, -1,
      158, 218, 219, -1,
      158, 219, 160, -1,
      160, 219, 220, -1,
      160, 220, 190, -1,
      170, 221, 172, -1,
      172, 221, 222, -1,
      172, 222, 223, -1,
      223, 222, 224, -1,
      223, 224, 225, -1,
      225, 224, 226, -1,
      225, 226, 227, -1,
      227, 226, 152, -1,
      227, 152, 228, -1,
      228, 152, 154, -1,
      192, 229, 193, -1,
      193, 229, 230, -1,
      193, 230, 231, -1,
      231, 230, 232, -1,
      231, 232, 233, -1,
      233, 232, 234, -1,
      233, 234, 235, -1,
      235, 234, 236, -1,
      235, 236, 237, -1,
      237, 236, 238, -1,
      237, 238, 239, -1,
      173, 175, 240, -1,
      240, 175, 241, -1,
      240, 241, 242, -1,
      242, 241, 243, -1,
      242, 243, 244, -1,
      244, 243, 245, -1,
      244, 245, 246, -1,
      246, 245, 247, -1,
      246, 247, 248, -1,
      248, 247, 249, -1,
      248, 249, 250, -1,
      250, 249, 251, -1,
      250, 251, 252, -1,
      252, 251, 253, -1,
      252, 253, 205, -1,
      205, 253, 254, -1,
      205, 254, 206, -1,
      195, 255, 196, -1,
      196, 255, 256, -1,
      196, 256, 257, -1,
      257, 256, 258, -1,
      257, 258, 259, -1,
      259, 258, 260, -1,
      259, 260, 197, -1,
      197, 260, 261, -1,
      197, 261, 198, -1,
      216, 262, 144, -1,
      144, 262, 263, -1,
      144, 263, 264, -1,
      264, 263, 265, -1,
      264, 265, 266, -1,
      266, 265, 267, -1,
      266, 267, 268, -1,
      268, 267, 269, -1,
      268, 269, 270, -1,
      270, 269, 271, -1,
      270, 271, 272, -1,
      272, 271, 273, -1,
      272, 273, 274, -1,
      274, 273, 275, -1,
      274, 275, 276, -1,
      276, 275, 277, -1,
      276, 277, 278, -1,
      278, 277, 279, -1,
      278, 279, 158, -1,
      158, 279, 280, -1,
      158, 280, 217, -1,
      281, 282, 283, -1,
      284, 285, 286, -1,
      287, 288, 281, -1,
      281, 288, 289, -1,
      281, 289, 282, -1,
      238, 290, 239, -1,
      239, 290, 281, -1,
      239, 281, 291, -1,
      291, 281, 283, -1,
      287, 281, 286, -1,
      286, 281, 292, -1,
      286, 292, 284, -1,
      285, 293, 286, -1,
      286, 293, 294, -1,
      286, 294, 295, -1,
      227, 79, 78, -1,
      227, 78, 225, -1,
      225, 78, 141, -1,
      225, 141, 223, -1,
      141, 140, 223, -1,
      223, 140, 139, -1,
      223, 139, 172, -1,
      139, 3, 172, -1,
      172, 3, 2, -1,
      172, 2, 171, -1,
      171, 2, 8, -1,
      171, 8, 169, -1,
      169, 8, 7, -1,
      169, 7, 167, -1,
      167, 7, 6, -1,
      167, 6, 199, -1,
      199, 6, 5, -1,
      199, 5, 197, -1,
      197, 5, 259, -1,
      259, 5, 4, -1,
      4, 10, 259, -1,
      259, 10, 9, -1,
      259, 9, 257, -1,
      257, 9, 13, -1,
      257, 13, 196, -1,
      20, 179, 19, -1,
      19, 179, 181, -1,
      19, 181, 11, -1,
      11, 181, 194, -1,
      11, 194, 12, -1,
      12, 194, 196, -1,
      12, 196, 13, -1,
      179, 20, 21, -1,
      179, 21, 177, -1,
      177, 21, 23, -1,
      177, 23, 175, -1,
      175, 23, 22, -1,
      175, 22, 241, -1,
      241, 22, 18, -1,
      241, 18, 243, -1,
      243, 18, 17, -1,
      243, 17, 245, -1,
      245, 17, 16, -1,
      245, 16, 247, -1,
      247, 16, 15, -1,
      247, 15, 249, -1,
      249, 15, 14, -1,
      249, 14, 251, -1,
      34, 208, 206, -1,
      251, 14, 26, -1,
      25, 254, 26, -1,
      26, 254, 253, -1,
      26, 253, 251, -1,
      25, 24, 254, -1,
      254, 24, 1, -1,
      254, 1, 206, -1,
      206, 1, 0, -1,
      206, 0, 34, -1,
      208, 34, 33, -1,
      208, 33, 210, -1,
      210, 33, 32, -1,
      210, 32, 212, -1,
      212, 32, 31, -1,
      212, 31, 213, -1,
      213, 31, 30, -1,
      213, 30, 203, -1,
      203, 30, 29, -1,
      203, 29, 204, -1,
      204, 29, 28, -1,
      204, 28, 163, -1,
      163, 28, 27, -1,
      163, 27, 164, -1,
      164, 27, 38, -1,
      164, 38, 142, -1,
      38, 37, 142, -1,
      142, 37, 36, -1,
      142, 36, 143, -1,
      143, 36, 35, -1,
      143, 35, 150, -1,
      150, 35, 44, -1,
      150, 44, 182, -1,
      44, 43, 182, -1,
      182, 43, 42, -1,
      182, 42, 183, -1,
      183, 42, 39, -1,
      183, 39, 185, -1,
      99, 159, 147, -1,
      185, 39, 40, -1,
      185, 40, 187, -1,
      187, 40, 41, -1,
      187, 41, 160, -1,
      41, 49, 160, -1,
      160, 49, 48, -1,
      160, 48, 161, -1,
      161, 48, 47, -1,
      161, 47, 145, -1,
      145, 47, 46, -1,
      145, 46, 146, -1,
      146, 46, 45, -1,
      146, 45, 147, -1,
      147, 45, 98, -1,
      147, 98, 99, -1,
      157, 159, 93, -1,
      93, 159, 99, -1,
      155, 157, 62, -1,
      62, 157, 93, -1,
      156, 155, 54, -1,
      54, 155, 62, -1,
      158, 156, 53, -1,
      53, 156, 54, -1,
      158, 53, 55, -1,
      158, 55, 278, -1,
      278, 55, 56, -1,
      278, 56, 276, -1,
      276, 56, 87, -1,
      276, 87, 274, -1,
      274, 87, 86, -1,
      274, 86, 272, -1,
      272, 86, 85, -1,
      272, 85, 270, -1,
      270, 85, 74, -1,
      270, 74, 268, -1,
      268, 74, 75, -1,
      268, 75, 266, -1,
      266, 75, 71, -1,
      266, 71, 264, -1,
      264, 71, 73, -1,
      264, 73, 144, -1,
      144, 73, 72, -1,
      144, 72, 162, -1,
      162, 72, 70, -1,
      162, 70, 202, -1,
      202, 70, 69, -1,
      202, 69, 211, -1,
      211, 69, 77, -1,
      211, 77, 209, -1,
      209, 77, 76, -1,
      209, 76, 207, -1,
      76, 60, 207, -1,
      207, 60, 205, -1,
      60, 111, 205, -1,
      205, 111, 110, -1,
      205, 110, 252, -1,
      252, 110, 117, -1,
      252, 117, 250, -1,
      117, 138, 250, -1,
      250, 138, 137, -1,
      250, 137, 248, -1,
      248, 137, 136, -1,
      248, 136, 246, -1,
      246, 136, 127, -1,
      246, 127, 244, -1,
      244, 127, 126, -1,
      244, 126, 242, -1,
      242, 126, 125, -1,
      242, 125, 240, -1,
      240, 125, 119, -1,
      240, 119, 173, -1,
      173, 119, 118, -1,
      173, 118, 174, -1,
      174, 118, 132, -1,
      174, 132, 176, -1,
      176, 132, 134, -1,
      176, 134, 178, -1,
      178, 134, 135, -1,
      178, 135, 180, -1,
      180, 135, 133, -1,
      180, 133, 195, -1,
      195, 133, 131, -1,
      195, 131, 255, -1,
      255, 131, 130, -1,
      255, 130, 256, -1,
      109, 165, 128, -1,
      128, 165, 201, -1,
      128, 201, 129, -1,
      129, 201, 200, -1,
      129, 200, 120, -1,
      120, 200, 198, -1,
      120, 198, 121, -1,
      121, 198, 261, -1,
      121, 261, 122, -1,
      122, 261, 260, -1,
      122, 260, 123, -1,
      123, 260, 258, -1,
      123, 258, 124, -1,
      124, 258, 256, -1,
      124, 256, 130, -1,
      166, 165, 112, -1,
      112, 165, 109, -1,
      166, 112, 116, -1,
      166, 116, 168, -1,
      168, 116, 115, -1,
      168, 115, 170, -1,
      170, 115, 114, -1,
      170, 114, 221, -1,
      221, 114, 113, -1,
      221, 113, 222, -1,
      222, 113, 59, -1,
      222, 59, 224, -1,
      59, 58, 224, -1,
      224, 58, 57, -1,
      224, 57, 226, -1,
      226, 57, 103, -1,
      226, 103, 152, -1,
      152, 103, 102, -1,
      152, 102, 153, -1,
      153, 102, 101, -1,
      153, 101, 192, -1,
      192, 101, 100, -1,
      192, 100, 229, -1,
      229, 100, 108, -1,
      229, 108, 230, -1,
      230, 108, 107, -1,
      230, 107, 232, -1,
      232, 107, 106, -1,
      232, 106, 234, -1,
      234, 106, 105, -1,
      234, 105, 236, -1,
      238, 236, 104, -1,
      104, 236, 105, -1,
      238, 104, 90, -1,
      238, 90, 290, -1,
      290, 90, 89, -1,
      290, 89, 281, -1,
      281, 89, 88, -1,
      281, 88, 292, -1,
      292, 88, 61, -1,
      292, 61, 284, -1,
      284, 61, 63, -1,
      284, 63, 285, -1,
      285, 63, 64, -1,
      285, 64, 293, -1,
      293, 64, 95, -1,
      293, 95, 294, -1,
      294, 95, 94, -1,
      294, 94, 295, -1,
      295, 94, 92, -1,
      295, 92, 286, -1,
      286, 92, 91, -1,
      286, 91, 287, -1,
      287, 91, 97, -1,
      287, 97, 288, -1,
      288, 97, 96, -1,
      288, 96, 289, -1,
      289, 96, 68, -1,
      289, 68, 282, -1,
      282, 68, 67, -1,
      282, 67, 283, -1,
      283, 67, 66, -1,
      283, 66, 291, -1,
      291, 66, 65, -1,
      291, 65, 239, -1,
      239, 65, 84, -1,
      239, 84, 237, -1,
      235, 237, 83, -1,
      83, 237, 84, -1,
      235, 83, 82, -1,
      235, 82, 233, -1,
      233, 82, 51, -1,
      233, 51, 231, -1,
      231, 51, 50, -1,
      231, 50, 193, -1,
      193, 50, 52, -1,
      193, 52, 191, -1,
      191, 52, 81, -1,
      191, 81, 154, -1,
      154, 81, 80, -1,
      154, 80, 228, -1,
      228, 80, 79, -1,
      228, 79, 227, -1,
      273, 296, 297, -1,
      273, 297, 275, -1,
      275, 297, 298, -1,
      275, 298, 277, -1,
      277, 298, 299, -1,
      277, 299, 279, -1,
      279, 299, 300, -1,
      279, 300, 280, -1,
      280, 300, 301, -1,
      280, 301, 217, -1,
      217, 301, 302, -1,
      217, 302, 218, -1,
      218, 302, 303, -1,
      218, 303, 219, -1,
      219, 303, 304, -1,
      219, 304, 220, -1,
      220, 304, 305, -1,
      220, 305, 190, -1,
      190, 305, 306, -1,
      190, 306, 189, -1,
      189, 306, 307, -1,
      189, 307, 188, -1,
      188, 307, 308, -1,
      188, 308, 186, -1,
      186, 308, 309, -1,
      186, 309, 184, -1,
      184, 309, 310, -1,
      184, 310, 151, -1,
      151, 310, 311, -1,
      151, 311, 149, -1,
      149, 311, 312, -1,
      149, 312, 148, -1,
      148, 312, 313, -1,
      148, 313, 214, -1,
      214, 313, 314, -1,
      214, 314, 215, -1,
      215, 314, 315, -1,
      215, 315, 216, -1,
      216, 315, 316, -1,
      216, 316, 262, -1,
      262, 316, 317, -1,
      262, 317, 263, -1,
      263, 317, 318, -1,
      263, 318, 265, -1,
      265, 318, 319, -1,
      265, 319, 267, -1,
      267, 319, 320, -1,
      267, 320, 269, -1,
      269, 320, 321, -1,
      269, 321, 271, -1,
      271, 321, 296, -1,
      271, 296, 273, -1,
    ]
  }
}

Shape {
  appearance Appearance {
    material Material {
      diffuseColor 0.2510 0.2510 0.2510
      specularColor 0.1255 0.1255 0.1255
      ambientIntensity 0.2
      transparency 0.0000
      shininess 0.5
    }
  }
  geometry IndexedFaceSet {
    ccw TRUE
    solid FALSE
    coord DEF co Coordinate {
      point [
        -0.356757 -0.393701 0.207113,
        -0.355198 -0.393701 0.206946,
        -0.353434 -0.393701 0.206320,
        -0.351904 -0.393701 0.205293,
        -0.350678 -0.393701 0.203933,
        -0.349849 -0.393701 0.202377,
        -0.349411 -0.393701 0.200619,
        -0.349408 -0.393701 0.198842,
        -0.349866 -0.393701 0.197022,
        -0.350755 -0.393701 0.195392,
        -0.352006 -0.393701 0.194040,
        -0.353485 -0.393701 0.193071,
        -0.355157 -0.393701 0.192484,
        -0.356757 -0.393701 0.192311,
        -0.358413 -0.393701 0.192500,
        -0.360168 -0.393701 0.193149,
        -0.361682 -0.393701 0.194194,
        -0.362891 -0.393701 0.195572,
        -0.363699 -0.393701 0.197138,
        -0.364113 -0.393701 0.198887,
        -0.364113 -0.393701 0.200537,
        -0.363672 -0.393701 0.202360,
        -0.362785 -0.393701 0.204005,
        -0.361536 -0.393701 0.205357,
        -0.360019 -0.393701 0.206351,
        -0.358343 -0.393701 0.206940,
      ]
    }
    coordIndex [
      19, 25, 20, -1,
      20, 25, 24, -1,
      6, 5, 11, -1,
      11, 5, 4, -1,
      11, 4, 3, -1,
      24, 23, 20, -1,
      20, 23, 22, -1,
      20, 22, 21, -1,
      19, 18, 25, -1,
      25, 18, 17, -1,
      25, 17, 16, -1,
      11, 10, 6, -1,
      6, 10, 9, -1,
      6, 9, 7, -1,
      7, 9, 8, -1,
      25, 13, 0, -1,
      0, 13, 12, -1,
      0, 12, 1, -1,
      1, 12, 11, -1,
      1, 11, 2, -1,
      2, 11, 3, -1,
      16, 15, 25, -1,
      25, 15, 14, -1,
      25, 14, 13, -1,
    ]
  }
}
