#VRML V2.0 utf8

Shape {
  appearance Appearance {
    material Material {
      diffuseColor 0.3176 0.2471 0.2078
      specularColor 0.1608 0.1216 0.1059
      ambientIntensity 0.2
      transparency 0.0000
      shininess 0.5
    }
  }
  geometry IndexedFaceSet {
    ccw TRUE
    solid FALSE
    coord DEF co Coordinate {
      point [
        0.984252 -0.122047 -0.009843,
        0.984252 -0.035433 -0.009843,
        0.984252 -0.122047 0.070866,
        0.984252 -0.035433 0.070866,
      ]
    }
    coordIndex [
      0, 1, 2, -1,
      2, 1, 3, -1,
    ]
  }
}

Shape {
  appearance Appearance {
    material Material {
      diffuseColor 0.8980 0.8980 0.8980
      specularColor 0.7176 0.7176 0.7176
      ambientIntensity 0.2
      transparency 0.0000
      shininess 0.5
    }
  }
  geometry IndexedFaceSet {
    ccw TRUE
    solid FALSE
    coord DEF co Coordinate {
      point [
        0.984252 -0.122047 -0.009843,
        0.984252 -0.035433 -0.009843,
        0.984252 -0.122047 0.070866,
        0.984252 -0.035433 0.070866,
        0.846457 -0.122047 -0.009843,
        0.846457 -0.122047 0.070866,
        0.842616 -0.121669 0.070866,
        0.842616 -0.121669 -0.009843,
        0.838924 -0.120549 0.070866,
        0.838924 -0.120549 -0.009843,
        0.835520 -0.118730 0.070866,
        0.835520 -0.118730 -0.009843,
        0.832537 -0.116281 0.070866,
        0.832537 -0.116281 -0.009843,
        0.830089 -0.113298 0.070866,
        0.830089 -0.113298 -0.009843,
        0.828270 -0.109895 0.070866,
        0.828270 -0.109895 -0.009843,
        0.827150 -0.106203 0.070866,
        0.827150 -0.106203 -0.009843,
        0.826772 -0.102362 0.070866,
        0.826772 -0.102362 -0.009843,
        0.826772 -0.055118 -0.009843,
        0.826772 -0.055118 0.070866,
        0.827150 -0.051278 0.070866,
        0.827150 -0.051278 -0.009843,
        0.828270 -0.047585 0.070866,
        0.828270 -0.047585 -0.009843,
        0.830089 -0.044181 0.070866,
        0.830089 -0.044181 -0.009843,
        0.832537 -0.041199 0.070866,
        0.832537 -0.041199 -0.009843,
        0.835520 -0.038751 0.070866,
        0.835520 -0.038751 -0.009843,
        0.838924 -0.036931 0.070866,
        0.838924 -0.036931 -0.009843,
        0.842616 -0.035811 0.070866,
        0.842616 -0.035811 -0.009843,
        0.846457 -0.035433 0.070866,
        0.846457 -0.035433 -0.009843,
      ]
    }
    coordIndex [
      4, 0, 5, -1,
      5, 0, 2, -1,
      4, 5, 6, -1,
      4, 6, 7, -1,
      7, 6, 8, -1,
      7, 8, 9, -1,
      9, 8, 10, -1,
      9, 10, 11, -1,
      11, 10, 12, -1,
      11, 12, 13, -1,
      13, 12, 14, -1,
      13, 14, 15, -1,
      15, 14, 16, -1,
      15, 16, 17, -1,
      17, 16, 18, -1,
      17, 18, 19, -1,
      19, 18, 20, -1,
      19, 20, 21, -1,
      22, 21, 23, -1,
      23, 21, 20, -1,
      22, 23, 24, -1,
      22, 24, 25, -1,
      25, 24, 26, -1,
      25, 26, 27, -1,
      27, 26, 28, -1,
      27, 28, 29, -1,
      29, 28, 30, -1,
      29, 30, 31, -1,
      31, 30, 32, -1,
      31, 32, 33, -1,
      33, 32, 34, -1,
      33, 34, 35, -1,
      35, 34, 36, -1,
      35, 36, 37, -1,
      37, 36, 38, -1,
      37, 38, 39, -1,
      1, 39, 3, -1,
      3, 39, 38, -1,
      37, 39, 27, -1,
      1, 0, 39, -1,
      39, 0, 4, -1,
      27, 39, 25, -1,
      17, 19, 4, -1,
      4, 19, 21, -1,
      4, 21, 39, -1,
      39, 21, 22, -1,
      39, 22, 25, -1,
      31, 33, 35, -1,
      37, 27, 35, -1,
      35, 27, 29, -1,
      35, 29, 31, -1,
      17, 4, 15, -1,
      15, 4, 7, -1,
      15, 7, 13, -1,
      13, 7, 9, -1,
      13, 9, 11, -1,
      24, 23, 38, -1,
      38, 23, 5, -1,
      38, 5, 3, -1,
      3, 5, 2, -1,
      36, 28, 38, -1,
      38, 28, 26, -1,
      38, 26, 24, -1,
      36, 34, 28, -1,
      28, 34, 32, -1,
      28, 32, 30, -1,
      23, 20, 5, -1,
      5, 20, 18, -1,
      5, 18, 16, -1,
      12, 10, 8, -1,
      16, 14, 5, -1,
      5, 14, 12, -1,
      5, 12, 6, -1,
      6, 12, 8, -1,
    ]
  }
}

Shape {
  appearance Appearance {
    material Material {
      diffuseColor 0.3176 0.2471 0.2078
      specularColor 0.1608 0.1216 0.1059
      ambientIntensity 0.2
      transparency 0.0000
      shininess 0.5
    }
  }
  geometry IndexedFaceSet {
    ccw TRUE
    solid FALSE
    coord DEF co Coordinate {
      point [
        -0.665354 0.984252 -0.009843,
        -0.751969 0.984252 -0.009843,
        -0.665354 0.984252 0.070866,
        -0.751969 0.984252 0.070866,
      ]
    }
    coordIndex [
      0, 1, 2, -1,
      2, 1, 3, -1,
    ]
  }
}

Shape {
  appearance Appearance {
    material Material {
      diffuseColor 0.8980 0.8980 0.8980
      specularColor 0.7176 0.7176 0.7176
      ambientIntensity 0.2
      transparency 0.0000
      shininess 0.5
    }
  }
  geometry IndexedFaceSet {
    ccw TRUE
    solid FALSE
    coord DEF co Coordinate {
      point [
        -0.665354 0.984252 -0.009843,
        -0.751969 0.984252 -0.009843,
        -0.665354 0.984252 0.070866,
        -0.751969 0.984252 0.070866,
        -0.665354 0.846457 -0.009843,
        -0.665354 0.846457 0.070866,
        -0.665733 0.842616 0.070866,
        -0.665733 0.842616 -0.009843,
        -0.666853 0.838924 0.070866,
        -0.666853 0.838924 -0.009843,
        -0.668672 0.835520 0.070866,
        -0.668672 0.835520 -0.009843,
        -0.671120 0.832537 0.070866,
        -0.671120 0.832537 -0.009843,
        -0.674103 0.830089 0.070866,
        -0.674103 0.830089 -0.009843,
        -0.677506 0.828270 0.070866,
        -0.677506 0.828270 -0.009843,
        -0.681199 0.827150 0.070866,
        -0.681199 0.827150 -0.009843,
        -0.685039 0.826772 0.070866,
        -0.685039 0.826772 -0.009843,
        -0.732283 0.826772 -0.009843,
        -0.732283 0.826772 0.070866,
        -0.736124 0.827150 0.070866,
        -0.736124 0.827150 -0.009843,
        -0.739817 0.828270 0.070866,
        -0.739817 0.828270 -0.009843,
        -0.743220 0.830089 0.070866,
        -0.743220 0.830089 -0.009843,
        -0.746203 0.832537 0.070866,
        -0.746203 0.832537 -0.009843,
        -0.748651 0.835520 0.070866,
        -0.748651 0.835520 -0.009843,
        -0.750470 0.838924 0.070866,
        -0.750470 0.838924 -0.009843,
        -0.751590 0.842616 0.070866,
        -0.751590 0.842616 -0.009843,
        -0.751969 0.846457 0.070866,
        -0.751969 0.846457 -0.009843,
      ]
    }
    coordIndex [
      4, 0, 5, -1,
      5, 0, 2, -1,
      4, 5, 6, -1,
      4, 6, 7, -1,
      7, 6, 8, -1,
      7, 8, 9, -1,
      9, 8, 10, -1,
      9, 10, 11, -1,
      11, 10, 12, -1,
      11, 12, 13, -1,
      13, 12, 14, -1,
      13, 14, 15, -1,
      15, 14, 16, -1,
      15, 16, 17, -1,
      17, 16, 18, -1,
      17, 18, 19, -1,
      19, 18, 20, -1,
      19, 20, 21, -1,
      22, 21, 23, -1,
      23, 21, 20, -1,
      22, 23, 24, -1,
      22, 24, 25, -1,
      25, 24, 26, -1,
      25, 26, 27, -1,
      27, 26, 28, -1,
      27, 28, 29, -1,
      29, 28, 30, -1,
      29, 30, 31, -1,
      31, 30, 32, -1,
      31, 32, 33, -1,
      33, 32, 34, -1,
      33, 34, 35, -1,
      35, 34, 36, -1,
      35, 36, 37, -1,
      37, 36, 38, -1,
      37, 38, 39, -1,
      1, 39, 3, -1,
      3, 39, 38, -1,
      19, 21, 4, -1,
      19, 4, 17, -1,
      17, 4, 7, -1,
      17, 7, 9, -1,
      25, 39, 22, -1,
      22, 39, 1, -1,
      22, 1, 21, -1,
      21, 1, 0, -1,
      21, 0, 4, -1,
      11, 13, 9, -1,
      9, 13, 15, -1,
      9, 15, 17, -1,
      33, 35, 31, -1,
      31, 35, 29, -1,
      25, 27, 39, -1,
      39, 27, 29, -1,
      39, 29, 37, -1,
      37, 29, 35, -1,
      6, 5, 16, -1,
      2, 3, 5, -1,
      5, 3, 38, -1,
      24, 23, 38, -1,
      16, 5, 18, -1,
      38, 23, 5, -1,
      5, 23, 20, -1,
      5, 20, 18, -1,
      12, 10, 8, -1,
      32, 30, 34, -1,
      34, 30, 28, -1,
      34, 28, 36, -1,
      36, 28, 38, -1,
      38, 28, 26, -1,
      38, 26, 24, -1,
      6, 16, 8, -1,
      8, 16, 14, -1,
      8, 14, 12, -1,
    ]
  }
}

Shape {
  appearance Appearance {
    material Material {
      diffuseColor 0.3176 0.2471 0.2078
      specularColor 0.1608 0.1216 0.1059
      ambientIntensity 0.2
      transparency 0.0000
      shininess 0.5
    }
  }
  geometry IndexedFaceSet {
    ccw TRUE
    solid FALSE
    coord DEF co Coordinate {
      point [
        -0.984252 -0.665354 -0.009843,
        -0.984252 -0.751969 -0.009843,
        -0.984252 -0.665354 0.070866,
        -0.984252 -0.751969 0.070866,
      ]
    }
    coordIndex [
      0, 1, 2, -1,
      2, 1, 3, -1,
    ]
  }
}

Shape {
  appearance Appearance {
    material Material {
      diffuseColor 0.8980 0.8980 0.8980
      specularColor 0.7176 0.7176 0.7176
      ambientIntensity 0.2
      transparency 0.0000
      shininess 0.5
    }
  }
  geometry IndexedFaceSet {
    ccw TRUE
    solid FALSE
    coord DEF co Coordinate {
      point [
        -0.984252 -0.665354 -0.009843,
        -0.984252 -0.751969 -0.009843,
        -0.984252 -0.665354 0.070866,
        -0.984252 -0.751969 0.070866,
        -0.846457 -0.665354 -0.009843,
        -0.846457 -0.665354 0.070866,
        -0.842616 -0.665733 0.070866,
        -0.842616 -0.665733 -0.009843,
        -0.838924 -0.666853 0.070866,
        -0.838924 -0.666853 -0.009843,
        -0.835520 -0.668672 0.070866,
        -0.835520 -0.668672 -0.009843,
        -0.832537 -0.671120 0.070866,
        -0.832537 -0.671120 -0.009843,
        -0.830089 -0.674103 0.070866,
        -0.830089 -0.674103 -0.009843,
        -0.828270 -0.677506 0.070866,
        -0.828270 -0.677506 -0.009843,
        -0.827150 -0.681199 0.070866,
        -0.827150 -0.681199 -0.009843,
        -0.826772 -0.685039 0.070866,
        -0.826772 -0.685039 -0.009843,
        -0.826772 -0.732283 -0.009843,
        -0.826772 -0.732283 0.070866,
        -0.827150 -0.736124 0.070866,
        -0.827150 -0.736124 -0.009843,
        -0.828270 -0.739817 0.070866,
        -0.828270 -0.739817 -0.009843,
        -0.830089 -0.743220 0.070866,
        -0.830089 -0.743220 -0.009843,
        -0.832537 -0.746203 0.070866,
        -0.832537 -0.746203 -0.009843,
        -0.835520 -0.748651 0.070866,
        -0.835520 -0.748651 -0.009843,
        -0.838924 -0.750470 0.070866,
        -0.838924 -0.750470 -0.009843,
        -0.842616 -0.751590 0.070866,
        -0.842616 -0.751590 -0.009843,
        -0.846457 -0.751969 0.070866,
        -0.846457 -0.751969 -0.009843,
      ]
    }
    coordIndex [
      4, 0, 5, -1,
      5, 0, 2, -1,
      4, 5, 6, -1,
      4, 6, 7, -1,
      7, 6, 8, -1,
      7, 8, 9, -1,
      9, 8, 10, -1,
      9, 10, 11, -1,
      11, 10, 12, -1,
      11, 12, 13, -1,
      13, 12, 14, -1,
      13, 14, 15, -1,
      15, 14, 16, -1,
      15, 16, 17, -1,
      17, 16, 18, -1,
      17, 18, 19, -1,
      19, 18, 20, -1,
      19, 20, 21, -1,
      22, 21, 23, -1,
      23, 21, 20, -1,
      22, 23, 24, -1,
      22, 24, 25, -1,
      25, 24, 26, -1,
      25, 26, 27, -1,
      27, 26, 28, -1,
      27, 28, 29, -1,
      29, 28, 30, -1,
      29, 30, 31, -1,
      31, 30, 32, -1,
      31, 32, 33, -1,
      33, 32, 34, -1,
      33, 34, 35, -1,
      35, 34, 36, -1,
      35, 36, 37, -1,
      37, 36, 38, -1,
      37, 38, 39, -1,
      1, 39, 3, -1,
      3, 39, 38, -1,
      1, 0, 39, -1,
      39, 0, 4, -1,
      11, 13, 15, -1,
      17, 19, 4, -1,
      4, 19, 21, -1,
      4, 21, 39, -1,
      39, 21, 22, -1,
      39, 22, 37, -1,
      37, 22, 35, -1,
      35, 22, 25, -1,
      35, 25, 27, -1,
      11, 15, 9, -1,
      27, 29, 35, -1,
      35, 29, 31, -1,
      35, 31, 33, -1,
      17, 4, 15, -1,
      15, 4, 7, -1,
      15, 7, 9, -1,
      24, 23, 34, -1,
      2, 3, 5, -1,
      5, 3, 38, -1,
      34, 23, 36, -1,
      20, 5, 23, -1,
      23, 5, 38, -1,
      23, 38, 36, -1,
      34, 32, 30, -1,
      30, 28, 34, -1,
      34, 28, 26, -1,
      34, 26, 24, -1,
      20, 18, 5, -1,
      5, 18, 16, -1,
      5, 16, 14, -1,
      14, 12, 5, -1,
      5, 12, 10, -1,
      5, 10, 6, -1,
      6, 10, 8, -1,
    ]
  }
}

Shape {
  appearance Appearance {
    material Material {
      diffuseColor 0.3176 0.2471 0.2078
      specularColor 0.1608 0.1216 0.1059
      ambientIntensity 0.2
      transparency 0.0000
      shininess 0.5
    }
  }
  geometry IndexedFaceSet {
    ccw TRUE
    solid FALSE
    coord DEF co Coordinate {
      point [
        0.665354 -0.984252 -0.009843,
        0.751969 -0.984252 -0.009843,
        0.665354 -0.984252 0.070866,
        0.751969 -0.984252 0.070866,
      ]
    }
    coordIndex [
      0, 1, 2, -1,
      2, 1, 3, -1,
    ]
  }
}

Shape {
  appearance Appearance {
    material Material {
      diffuseColor 0.8980 0.8980 0.8980
      specularColor 0.7176 0.7176 0.7176
      ambientIntensity 0.2
      transparency 0.0000
      shininess 0.5
    }
  }
  geometry IndexedFaceSet {
    ccw TRUE
    solid FALSE
    coord DEF co Coordinate {
      point [
        0.665354 -0.984252 -0.009843,
        0.751969 -0.984252 -0.009843,
        0.665354 -0.984252 0.070866,
        0.751969 -0.984252 0.070866,
        0.665354 -0.846457 -0.009843,
        0.665354 -0.846457 0.070866,
        0.665733 -0.842616 0.070866,
        0.665733 -0.842616 -0.009843,
        0.666853 -0.838924 0.070866,
        0.666853 -0.838924 -0.009843,
        0.668672 -0.835520 0.070866,
        0.668672 -0.835520 -0.009843,
        0.671120 -0.832537 0.070866,
        0.671120 -0.832537 -0.009843,
        0.674103 -0.830089 0.070866,
        0.674103 -0.830089 -0.009843,
        0.677506 -0.828270 0.070866,
        0.677506 -0.828270 -0.009843,
        0.681199 -0.827150 0.070866,
        0.681199 -0.827150 -0.009843,
        0.685039 -0.826772 0.070866,
        0.685039 -0.826772 -0.009843,
        0.732283 -0.826772 -0.009843,
        0.732283 -0.826772 0.070866,
        0.736124 -0.827150 0.070866,
        0.736124 -0.827150 -0.009843,
        0.739817 -0.828270 0.070866,
        0.739817 -0.828270 -0.009843,
        0.743220 -0.830089 0.070866,
        0.743220 -0.830089 -0.009843,
        0.746203 -0.832537 0.070866,
        0.746203 -0.832537 -0.009843,
        0.748651 -0.835520 0.070866,
        0.748651 -0.835520 -0.009843,
        0.750470 -0.838924 0.070866,
        0.750470 -0.838924 -0.009843,
        0.751590 -0.842616 0.070866,
        0.751590 -0.842616 -0.009843,
        0.751969 -0.846457 0.070866,
        0.751969 -0.846457 -0.009843,
      ]
    }
    coordIndex [
      4, 0, 5, -1,
      5, 0, 2, -1,
      4, 5, 6, -1,
      4, 6, 7, -1,
      7, 6, 8, -1,
      7, 8, 9, -1,
      9, 8, 10, -1,
      9, 10, 11, -1,
      11, 10, 12, -1,
      11, 12, 13, -1,
      13, 12, 14, -1,
      13, 14, 15, -1,
      15, 14, 16, -1,
      15, 16, 17, -1,
      17, 16, 18, -1,
      17, 18, 19, -1,
      19, 18, 20, -1,
      19, 20, 21, -1,
      22, 21, 23, -1,
      23, 21, 20, -1,
      22, 23, 24, -1,
      22, 24, 25, -1,
      25, 24, 26, -1,
      25, 26, 27, -1,
      27, 26, 28, -1,
      27, 28, 29, -1,
      29, 28, 30, -1,
      29, 30, 31, -1,
      31, 30, 32, -1,
      31, 32, 33, -1,
      33, 32, 34, -1,
      33, 34, 35, -1,
      35, 34, 36, -1,
      35, 36, 37, -1,
      37, 36, 38, -1,
      37, 38, 39, -1,
      1, 39, 3, -1,
      3, 39, 38, -1,
      1, 0, 39, -1,
      39, 0, 4, -1,
      22, 39, 21, -1,
      21, 39, 4, -1,
      21, 4, 19, -1,
      19, 4, 17, -1,
      22, 25, 39, -1,
      39, 25, 27, -1,
      39, 27, 37, -1,
      37, 27, 35, -1,
      35, 27, 33, -1,
      33, 27, 29, -1,
      33, 29, 31, -1,
      9, 11, 7, -1,
      7, 11, 13, -1,
      7, 13, 4, -1,
      4, 13, 15, -1,
      4, 15, 17, -1,
      2, 3, 5, -1,
      5, 3, 38, -1,
      5, 38, 23, -1,
      36, 26, 38, -1,
      38, 26, 24, -1,
      38, 24, 23, -1,
      36, 34, 26, -1,
      26, 34, 32, -1,
      26, 32, 28, -1,
      28, 32, 30, -1,
      23, 20, 5, -1,
      5, 20, 18, -1,
      5, 18, 16, -1,
      16, 14, 5, -1,
      5, 14, 12, -1,
      5, 12, 6, -1,
      6, 12, 10, -1,
      6, 10, 8, -1,
    ]
  }
}

Shape {
  appearance Appearance {
    material Material {
      diffuseColor 0.3176 0.2471 0.2078
      specularColor 0.1608 0.1216 0.1059
      ambientIntensity 0.2
      transparency 0.0000
      shininess 0.5
    }
  }
  geometry IndexedFaceSet {
    ccw TRUE
    solid FALSE
    coord DEF co Coordinate {
      point [
        -0.507874 0.984252 -0.009843,
        -0.594488 0.984252 -0.009843,
        -0.507874 0.984252 0.070866,
        -0.594488 0.984252 0.070866,
      ]
    }
    coordIndex [
      0, 1, 2, -1,
      2, 1, 3, -1,
    ]
  }
}

Shape {
  appearance Appearance {
    material Material {
      diffuseColor 0.8980 0.8980 0.8980
      specularColor 0.7176 0.7176 0.7176
      ambientIntensity 0.2
      transparency 0.0000
      shininess 0.5
    }
  }
  geometry IndexedFaceSet {
    ccw TRUE
    solid FALSE
    coord DEF co Coordinate {
      point [
        -0.507874 0.984252 -0.009843,
        -0.594488 0.984252 -0.009843,
        -0.507874 0.984252 0.070866,
        -0.594488 0.984252 0.070866,
        -0.507874 0.846457 -0.009843,
        -0.507874 0.846457 0.070866,
        -0.508252 0.842616 0.070866,
        -0.508252 0.842616 -0.009843,
        -0.509372 0.838924 0.070866,
        -0.509372 0.838924 -0.009843,
        -0.511192 0.835520 0.070866,
        -0.511192 0.835520 -0.009843,
        -0.513640 0.832537 0.070866,
        -0.513640 0.832537 -0.009843,
        -0.516623 0.830089 0.070866,
        -0.516623 0.830089 -0.009843,
        -0.520026 0.828270 0.070866,
        -0.520026 0.828270 -0.009843,
        -0.523719 0.827150 0.070866,
        -0.523719 0.827150 -0.009843,
        -0.527559 0.826772 0.070866,
        -0.527559 0.826772 -0.009843,
        -0.574803 0.826772 -0.009843,
        -0.574803 0.826772 0.070866,
        -0.578643 0.827150 0.070866,
        -0.578643 0.827150 -0.009843,
        -0.582336 0.828270 0.070866,
        -0.582336 0.828270 -0.009843,
        -0.585740 0.830089 0.070866,
        -0.585740 0.830089 -0.009843,
        -0.588722 0.832537 0.070866,
        -0.588722 0.832537 -0.009843,
        -0.591170 0.835520 0.070866,
        -0.591170 0.835520 -0.009843,
        -0.592990 0.838924 0.070866,
        -0.592990 0.838924 -0.009843,
        -0.594110 0.842616 0.070866,
        -0.594110 0.842616 -0.009843,
        -0.594488 0.846457 0.070866,
        -0.594488 0.846457 -0.009843,
      ]
    }
    coordIndex [
      4, 0, 5, -1,
      5, 0, 2, -1,
      4, 5, 6, -1,
      4, 6, 7, -1,
      7, 6, 8, -1,
      7, 8, 9, -1,
      9, 8, 10, -1,
      9, 10, 11, -1,
      11, 10, 12, -1,
      11, 12, 13, -1,
      13, 12, 14, -1,
      13, 14, 15, -1,
      15, 14, 16, -1,
      15, 16, 17, -1,
      17, 16, 18, -1,
      17, 18, 19, -1,
      19, 18, 20, -1,
      19, 20, 21, -1,
      22, 21, 23, -1,
      23, 21, 20, -1,
      22, 23, 24, -1,
      22, 24, 25, -1,
      25, 24, 26, -1,
      25, 26, 27, -1,
      27, 26, 28, -1,
      27, 28, 29, -1,
      29, 28, 30, -1,
      29, 30, 31, -1,
      31, 30, 32, -1,
      31, 32, 33, -1,
      33, 32, 34, -1,
      33, 34, 35, -1,
      35, 34, 36, -1,
      35, 36, 37, -1,
      37, 36, 38, -1,
      37, 38, 39, -1,
      1, 39, 3, -1,
      3, 39, 38, -1,
      1, 0, 39, -1,
      39, 0, 4, -1,
      9, 21, 7, -1,
      7, 21, 4, -1,
      19, 21, 17, -1,
      17, 21, 15, -1,
      4, 21, 39, -1,
      39, 21, 22, -1,
      39, 22, 25, -1,
      9, 11, 21, -1,
      21, 11, 13, -1,
      21, 13, 15, -1,
      33, 35, 31, -1,
      31, 35, 29, -1,
      25, 27, 39, -1,
      39, 27, 29, -1,
      39, 29, 37, -1,
      37, 29, 35, -1,
      6, 5, 20, -1,
      2, 3, 5, -1,
      5, 3, 38, -1,
      20, 5, 23, -1,
      23, 5, 38, -1,
      23, 38, 24, -1,
      18, 16, 20, -1,
      20, 16, 14, -1,
      20, 14, 12, -1,
      32, 30, 34, -1,
      34, 30, 28, -1,
      34, 28, 36, -1,
      36, 28, 38, -1,
      38, 28, 26, -1,
      38, 26, 24, -1,
      12, 10, 20, -1,
      20, 10, 8, -1,
      20, 8, 6, -1,
    ]
  }
}

Shape {
  appearance Appearance {
    material Material {
      diffuseColor 0.3176 0.2471 0.2078
      specularColor 0.1608 0.1216 0.1059
      ambientIntensity 0.2
      transparency 0.0000
      shininess 0.5
    }
  }
  geometry IndexedFaceSet {
    ccw TRUE
    solid FALSE
    coord DEF co Coordinate {
      point [
        -0.984252 -0.507874 -0.009843,
        -0.984252 -0.594488 -0.009843,
        -0.984252 -0.507874 0.070866,
        -0.984252 -0.594488 0.070866,
      ]
    }
    coordIndex [
      0, 1, 2, -1,
      2, 1, 3, -1,
    ]
  }
}

Shape {
  appearance Appearance {
    material Material {
      diffuseColor 0.8980 0.8980 0.8980
      specularColor 0.7176 0.7176 0.7176
      ambientIntensity 0.2
      transparency 0.0000
      shininess 0.5
    }
  }
  geometry IndexedFaceSet {
    ccw TRUE
    solid FALSE
    coord DEF co Coordinate {
      point [
        -0.984252 -0.507874 -0.009843,
        -0.984252 -0.594488 -0.009843,
        -0.984252 -0.507874 0.070866,
        -0.984252 -0.594488 0.070866,
        -0.846457 -0.507874 -0.009843,
        -0.846457 -0.507874 0.070866,
        -0.842616 -0.508252 0.070866,
        -0.842616 -0.508252 -0.009843,
        -0.838924 -0.509372 0.070866,
        -0.838924 -0.509372 -0.009843,
        -0.835520 -0.511192 0.070866,
        -0.835520 -0.511192 -0.009843,
        -0.832537 -0.513640 0.070866,
        -0.832537 -0.513640 -0.009843,
        -0.830089 -0.516623 0.070866,
        -0.830089 -0.516623 -0.009843,
        -0.828270 -0.520026 0.070866,
        -0.828270 -0.520026 -0.009843,
        -0.827150 -0.523719 0.070866,
        -0.827150 -0.523719 -0.009843,
        -0.826772 -0.527559 0.070866,
        -0.826772 -0.527559 -0.009843,
        -0.826772 -0.574803 -0.009843,
        -0.826772 -0.574803 0.070866,
        -0.827150 -0.578643 0.070866,
        -0.827150 -0.578643 -0.009843,
        -0.828270 -0.582336 0.070866,
        -0.828270 -0.582336 -0.009843,
        -0.830089 -0.585740 0.070866,
        -0.830089 -0.585740 -0.009843,
        -0.832537 -0.588722 0.070866,
        -0.832537 -0.588722 -0.009843,
        -0.835520 -0.591170 0.070866,
        -0.835520 -0.591170 -0.009843,
        -0.838924 -0.592990 0.070866,
        -0.838924 -0.592990 -0.009843,
        -0.842616 -0.594110 0.070866,
        -0.842616 -0.594110 -0.009843,
        -0.846457 -0.594488 0.070866,
        -0.846457 -0.594488 -0.009843,
      ]
    }
    coordIndex [
      4, 0, 5, -1,
      5, 0, 2, -1,
      4, 5, 6, -1,
      4, 6, 7, -1,
      7, 6, 8, -1,
      7, 8, 9, -1,
      9, 8, 10, -1,
      9, 10, 11, -1,
      11, 10, 12, -1,
      11, 12, 13, -1,
      13, 12, 14, -1,
      13, 14, 15, -1,
      15, 14, 16, -1,
      15, 16, 17, -1,
      17, 16, 18, -1,
      17, 18, 19, -1,
      19, 18, 20, -1,
      19, 20, 21, -1,
      22, 21, 23, -1,
      23, 21, 20, -1,
      22, 23, 24, -1,
      22, 24, 25, -1,
      25, 24, 26, -1,
      25, 26, 27, -1,
      27, 26, 28, -1,
      27, 28, 29, -1,
      29, 28, 30, -1,
      29, 30, 31, -1,
      31, 30, 32, -1,
      31, 32, 33, -1,
      33, 32, 34, -1,
      33, 34, 35, -1,
      35, 34, 36, -1,
      35, 36, 37, -1,
      37, 36, 38, -1,
      37, 38, 39, -1,
      1, 39, 3, -1,
      3, 39, 38, -1,
      1, 0, 39, -1,
      39, 0, 4, -1,
      22, 39, 21, -1,
      21, 39, 4, -1,
      21, 4, 19, -1,
      19, 4, 17, -1,
      9, 11, 13, -1,
      22, 25, 39, -1,
      39, 25, 27, -1,
      39, 27, 37, -1,
      37, 27, 35, -1,
      9, 13, 7, -1,
      35, 27, 33, -1,
      33, 27, 29, -1,
      33, 29, 31, -1,
      7, 13, 4, -1,
      4, 13, 15, -1,
      4, 15, 17, -1,
      2, 3, 5, -1,
      5, 3, 38, -1,
      38, 23, 5, -1,
      5, 23, 20, -1,
      5, 20, 18, -1,
      36, 26, 38, -1,
      38, 26, 24, -1,
      38, 24, 23, -1,
      36, 34, 26, -1,
      26, 34, 32, -1,
      26, 32, 28, -1,
      28, 32, 30, -1,
      18, 16, 5, -1,
      5, 16, 14, -1,
      5, 14, 12, -1,
      12, 10, 5, -1,
      5, 10, 8, -1,
      5, 8, 6, -1,
    ]
  }
}

Shape {
  appearance Appearance {
    material Material {
      diffuseColor 0.3176 0.2471 0.2078
      specularColor 0.1608 0.1216 0.1059
      ambientIntensity 0.2
      transparency 0.0000
      shininess 0.5
    }
  }
  geometry IndexedFaceSet {
    ccw TRUE
    solid FALSE
    coord DEF co Coordinate {
      point [
        0.507874 -0.984252 -0.009843,
        0.594488 -0.984252 -0.009843,
        0.507874 -0.984252 0.070866,
        0.594488 -0.984252 0.070866,
      ]
    }
    coordIndex [
      0, 1, 2, -1,
      2, 1, 3, -1,
    ]
  }
}

Shape {
  appearance Appearance {
    material Material {
      diffuseColor 0.8980 0.8980 0.8980
      specularColor 0.7176 0.7176 0.7176
      ambientIntensity 0.2
      transparency 0.0000
      shininess 0.5
    }
  }
  geometry IndexedFaceSet {
    ccw TRUE
    solid FALSE
    coord DEF co Coordinate {
      point [
        0.507874 -0.984252 -0.009843,
        0.594488 -0.984252 -0.009843,
        0.507874 -0.984252 0.070866,
        0.594488 -0.984252 0.070866,
        0.507874 -0.846457 -0.009843,
        0.507874 -0.846457 0.070866,
        0.508252 -0.842616 0.070866,
        0.508252 -0.842616 -0.009843,
        0.509372 -0.838924 0.070866,
        0.509372 -0.838924 -0.009843,
        0.511192 -0.835520 0.070866,
        0.511192 -0.835520 -0.009843,
        0.513640 -0.832537 0.070866,
        0.513640 -0.832537 -0.009843,
        0.516623 -0.830089 0.070866,
        0.516623 -0.830089 -0.009843,
        0.520026 -0.828270 0.070866,
        0.520026 -0.828270 -0.009843,
        0.523719 -0.827150 0.070866,
        0.523719 -0.827150 -0.009843,
        0.527559 -0.826772 0.070866,
        0.527559 -0.826772 -0.009843,
        0.574803 -0.826772 -0.009843,
        0.574803 -0.826772 0.070866,
        0.578643 -0.827150 0.070866,
        0.578643 -0.827150 -0.009843,
        0.582336 -0.828270 0.070866,
        0.582336 -0.828270 -0.009843,
        0.585740 -0.830089 0.070866,
        0.585740 -0.830089 -0.009843,
        0.588722 -0.832537 0.070866,
        0.588722 -0.832537 -0.009843,
        0.591170 -0.835520 0.070866,
        0.591170 -0.835520 -0.009843,
        0.592990 -0.838924 0.070866,
        0.592990 -0.838924 -0.009843,
        0.594110 -0.842616 0.070866,
        0.594110 -0.842616 -0.009843,
        0.594488 -0.846457 0.070866,
        0.594488 -0.846457 -0.009843,
      ]
    }
    coordIndex [
      4, 0, 5, -1,
      5, 0, 2, -1,
      4, 5, 6, -1,
      4, 6, 7, -1,
      7, 6, 8, -1,
      7, 8, 9, -1,
      9, 8, 10, -1,
      9, 10, 11, -1,
      11, 10, 12, -1,
      11, 12, 13, -1,
      13, 12, 14, -1,
      13, 14, 15, -1,
      15, 14, 16, -1,
      15, 16, 17, -1,
      17, 16, 18, -1,
      17, 18, 19, -1,
      19, 18, 20, -1,
      19, 20, 21, -1,
      22, 21, 23, -1,
      23, 21, 20, -1,
      22, 23, 24, -1,
      22, 24, 25, -1,
      25, 24, 26, -1,
      25, 26, 27, -1,
      27, 26, 28, -1,
      27, 28, 29, -1,
      29, 28, 30, -1,
      29, 30, 31, -1,
      31, 30, 32, -1,
      31, 32, 33, -1,
      33, 32, 34, -1,
      33, 34, 35, -1,
      35, 34, 36, -1,
      35, 36, 37, -1,
      37, 36, 38, -1,
      37, 38, 39, -1,
      1, 39, 3, -1,
      3, 39, 38, -1,
      1, 0, 39, -1,
      39, 0, 4, -1,
      35, 37, 22, -1,
      22, 37, 39, -1,
      22, 39, 21, -1,
      21, 39, 4, -1,
      21, 4, 19, -1,
      22, 25, 35, -1,
      35, 25, 27, -1,
      35, 27, 33, -1,
      33, 27, 29, -1,
      33, 29, 31, -1,
      15, 9, 13, -1,
      13, 9, 11, -1,
      4, 7, 19, -1,
      19, 7, 9, -1,
      19, 9, 17, -1,
      17, 9, 15, -1,
      2, 3, 5, -1,
      5, 3, 38, -1,
      34, 23, 36, -1,
      36, 23, 38, -1,
      38, 23, 5, -1,
      5, 23, 20, -1,
      5, 20, 18, -1,
      30, 28, 32, -1,
      32, 28, 26, -1,
      32, 26, 34, -1,
      34, 26, 24, -1,
      34, 24, 23, -1,
      16, 8, 18, -1,
      18, 8, 6, -1,
      18, 6, 5, -1,
      16, 14, 8, -1,
      8, 14, 12, -1,
      8, 12, 10, -1,
    ]
  }
}

Shape {
  appearance Appearance {
    material Material {
      diffuseColor 0.3176 0.2471 0.2078
      specularColor 0.1608 0.1216 0.1059
      ambientIntensity 0.2
      transparency 0.0000
      shininess 0.5
    }
  }
  geometry IndexedFaceSet {
    ccw TRUE
    solid FALSE
    coord DEF co Coordinate {
      point [
        -0.350394 0.984252 -0.009843,
        -0.437008 0.984252 -0.009843,
        -0.350394 0.984252 0.070866,
        -0.437008 0.984252 0.070866,
      ]
    }
    coordIndex [
      0, 1, 2, -1,
      2, 1, 3, -1,
    ]
  }
}

Shape {
  appearance Appearance {
    material Material {
      diffuseColor 0.8980 0.8980 0.8980
      specularColor 0.7176 0.7176 0.7176
      ambientIntensity 0.2
      transparency 0.0000
      shininess 0.5
    }
  }
  geometry IndexedFaceSet {
    ccw TRUE
    solid FALSE
    coord DEF co Coordinate {
      point [
        -0.350394 0.984252 -0.009843,
        -0.437008 0.984252 -0.009843,
        -0.350394 0.984252 0.070866,
        -0.437008 0.984252 0.070866,
        -0.350394 0.846457 -0.009843,
        -0.350394 0.846457 0.070866,
        -0.350772 0.842616 0.070866,
        -0.350772 0.842616 -0.009843,
        -0.351892 0.838924 0.070866,
        -0.351892 0.838924 -0.009843,
        -0.353711 0.835520 0.070866,
        -0.353711 0.835520 -0.009843,
        -0.356159 0.832537 0.070866,
        -0.356159 0.832537 -0.009843,
        -0.359142 0.830089 0.070866,
        -0.359142 0.830089 -0.009843,
        -0.362546 0.828270 0.070866,
        -0.362546 0.828270 -0.009843,
        -0.366239 0.827150 0.070866,
        -0.366239 0.827150 -0.009843,
        -0.370079 0.826772 0.070866,
        -0.370079 0.826772 -0.009843,
        -0.417323 0.826772 -0.009843,
        -0.417323 0.826772 0.070866,
        -0.421163 0.827150 0.070866,
        -0.421163 0.827150 -0.009843,
        -0.424856 0.828270 0.070866,
        -0.424856 0.828270 -0.009843,
        -0.428259 0.830089 0.070866,
        -0.428259 0.830089 -0.009843,
        -0.431242 0.832537 0.070866,
        -0.431242 0.832537 -0.009843,
        -0.433690 0.835520 0.070866,
        -0.433690 0.835520 -0.009843,
        -0.435509 0.838924 0.070866,
        -0.435509 0.838924 -0.009843,
        -0.436630 0.842616 0.070866,
        -0.436630 0.842616 -0.009843,
        -0.437008 0.846457 0.070866,
        -0.437008 0.846457 -0.009843,
      ]
    }
    coordIndex [
      4, 0, 5, -1,
      5, 0, 2, -1,
      4, 5, 6, -1,
      4, 6, 7, -1,
      7, 6, 8, -1,
      7, 8, 9, -1,
      9, 8, 10, -1,
      9, 10, 11, -1,
      11, 10, 12, -1,
      11, 12, 13, -1,
      13, 12, 14, -1,
      13, 14, 15, -1,
      15, 14, 16, -1,
      15, 16, 17, -1,
      17, 16, 18, -1,
      17, 18, 19, -1,
      19, 18, 20, -1,
      19, 20, 21, -1,
      22, 21, 23, -1,
      23, 21, 20, -1,
      22, 23, 24, -1,
      22, 24, 25, -1,
      25, 24, 26, -1,
      25, 26, 27, -1,
      27, 26, 28, -1,
      27, 28, 29, -1,
      29, 28, 30, -1,
      29, 30, 31, -1,
      31, 30, 32, -1,
      31, 32, 33, -1,
      33, 32, 34, -1,
      33, 34, 35, -1,
      35, 34, 36, -1,
      35, 36, 37, -1,
      37, 36, 38, -1,
      37, 38, 39, -1,
      1, 39, 3, -1,
      3, 39, 38, -1,
      7, 9, 11, -1,
      7, 11, 4, -1,
      4, 11, 13, -1,
      4, 13, 15, -1,
      15, 17, 4, -1,
      4, 17, 19, -1,
      4, 19, 21, -1,
      25, 39, 22, -1,
      22, 39, 1, -1,
      22, 1, 21, -1,
      21, 1, 0, -1,
      21, 0, 4, -1,
      33, 35, 31, -1,
      31, 35, 29, -1,
      25, 27, 39, -1,
      39, 27, 29, -1,
      39, 29, 37, -1,
      37, 29, 35, -1,
      24, 23, 38, -1,
      18, 5, 20, -1,
      20, 5, 2, -1,
      20, 2, 23, -1,
      23, 2, 3, -1,
      23, 3, 38, -1,
      18, 16, 5, -1,
      5, 16, 14, -1,
      5, 14, 12, -1,
      12, 10, 5, -1,
      5, 10, 8, -1,
      5, 8, 6, -1,
      32, 30, 34, -1,
      34, 30, 28, -1,
      34, 28, 36, -1,
      36, 28, 38, -1,
      38, 28, 26, -1,
      38, 26, 24, -1,
    ]
  }
}

Shape {
  appearance Appearance {
    material Material {
      diffuseColor 0.3176 0.2471 0.2078
      specularColor 0.1608 0.1216 0.1059
      ambientIntensity 0.2
      transparency 0.0000
      shininess 0.5
    }
  }
  geometry IndexedFaceSet {
    ccw TRUE
    solid FALSE
    coord DEF co Coordinate {
      point [
        -0.984252 -0.350394 -0.009843,
        -0.984252 -0.437008 -0.009843,
        -0.984252 -0.350394 0.070866,
        -0.984252 -0.437008 0.070866,
      ]
    }
    coordIndex [
      0, 1, 2, -1,
      2, 1, 3, -1,
    ]
  }
}

Shape {
  appearance Appearance {
    material Material {
      diffuseColor 0.8980 0.8980 0.8980
      specularColor 0.7176 0.7176 0.7176
      ambientIntensity 0.2
      transparency 0.0000
      shininess 0.5
    }
  }
  geometry IndexedFaceSet {
    ccw TRUE
    solid FALSE
    coord DEF co Coordinate {
      point [
        -0.984252 -0.350394 -0.009843,
        -0.984252 -0.437008 -0.009843,
        -0.984252 -0.350394 0.070866,
        -0.984252 -0.437008 0.070866,
        -0.846457 -0.350394 -0.009843,
        -0.846457 -0.350394 0.070866,
        -0.842616 -0.350772 0.070866,
        -0.842616 -0.350772 -0.009843,
        -0.838924 -0.351892 0.070866,
        -0.838924 -0.351892 -0.009843,
        -0.835520 -0.353711 0.070866,
        -0.835520 -0.353711 -0.009843,
        -0.832537 -0.356159 0.070866,
        -0.832537 -0.356159 -0.009843,
        -0.830089 -0.359142 0.070866,
        -0.830089 -0.359142 -0.009843,
        -0.828270 -0.362546 0.070866,
        -0.828270 -0.362546 -0.009843,
        -0.827150 -0.366239 0.070866,
        -0.827150 -0.366239 -0.009843,
        -0.826772 -0.370079 0.070866,
        -0.826772 -0.370079 -0.009843,
        -0.826772 -0.417323 -0.009843,
        -0.826772 -0.417323 0.070866,
        -0.827150 -0.421163 0.070866,
        -0.827150 -0.421163 -0.009843,
        -0.828270 -0.424856 0.070866,
        -0.828270 -0.424856 -0.009843,
        -0.830089 -0.428259 0.070866,
        -0.830089 -0.428259 -0.009843,
        -0.832537 -0.431242 0.070866,
        -0.832537 -0.431242 -0.009843,
        -0.835520 -0.433690 0.070866,
        -0.835520 -0.433690 -0.009843,
        -0.838924 -0.435509 0.070866,
        -0.838924 -0.435509 -0.009843,
        -0.842616 -0.436630 0.070866,
        -0.842616 -0.436630 -0.009843,
        -0.846457 -0.437008 0.070866,
        -0.846457 -0.437008 -0.009843,
      ]
    }
    coordIndex [
      4, 0, 5, -1,
      5, 0, 2, -1,
      4, 5, 6, -1,
      4, 6, 7, -1,
      7, 6, 8, -1,
      7, 8, 9, -1,
      9, 8, 10, -1,
      9, 10, 11, -1,
      11, 10, 12, -1,
      11, 12, 13, -1,
      13, 12, 14, -1,
      13, 14, 15, -1,
      15, 14, 16, -1,
      15, 16, 17, -1,
      17, 16, 18, -1,
      17, 18, 19, -1,
      19, 18, 20, -1,
      19, 20, 21, -1,
      22, 21, 23, -1,
      23, 21, 20, -1,
      22, 23, 24, -1,
      22, 24, 25, -1,
      25, 24, 26, -1,
      25, 26, 27, -1,
      27, 26, 28, -1,
      27, 28, 29, -1,
      29, 28, 30, -1,
      29, 30, 31, -1,
      31, 30, 32, -1,
      31, 32, 33, -1,
      33, 32, 34, -1,
      33, 34, 35, -1,
      35, 34, 36, -1,
      35, 36, 37, -1,
      37, 36, 38, -1,
      37, 38, 39, -1,
      1, 39, 3, -1,
      3, 39, 38, -1,
      1, 0, 39, -1,
      39, 0, 4, -1,
      4, 21, 39, -1,
      39, 21, 22, -1,
      39, 22, 37, -1,
      37, 22, 35, -1,
      35, 22, 25, -1,
      35, 25, 27, -1,
      4, 13, 15, -1,
      27, 29, 35, -1,
      35, 29, 31, -1,
      35, 31, 33, -1,
      13, 4, 11, -1,
      11, 4, 7, -1,
      11, 7, 9, -1,
      15, 17, 4, -1,
      4, 17, 19, -1,
      4, 19, 21, -1,
      24, 23, 34, -1,
      2, 3, 5, -1,
      5, 3, 38, -1,
      34, 23, 36, -1,
      20, 5, 23, -1,
      23, 5, 38, -1,
      23, 38, 36, -1,
      34, 32, 30, -1,
      30, 28, 34, -1,
      34, 28, 26, -1,
      34, 26, 24, -1,
      20, 18, 5, -1,
      5, 18, 16, -1,
      5, 16, 14, -1,
      14, 12, 5, -1,
      5, 12, 10, -1,
      5, 10, 6, -1,
      6, 10, 8, -1,
    ]
  }
}

Shape {
  appearance Appearance {
    material Material {
      diffuseColor 0.3176 0.2471 0.2078
      specularColor 0.1608 0.1216 0.1059
      ambientIntensity 0.2
      transparency 0.0000
      shininess 0.5
    }
  }
  geometry IndexedFaceSet {
    ccw TRUE
    solid FALSE
    coord DEF co Coordinate {
      point [
        0.350394 -0.984252 -0.009843,
        0.437008 -0.984252 -0.009843,
        0.350394 -0.984252 0.070866,
        0.437008 -0.984252 0.070866,
      ]
    }
    coordIndex [
      0, 1, 2, -1,
      2, 1, 3, -1,
    ]
  }
}

Shape {
  appearance Appearance {
    material Material {
      diffuseColor 0.8980 0.8980 0.8980
      specularColor 0.7176 0.7176 0.7176
      ambientIntensity 0.2
      transparency 0.0000
      shininess 0.5
    }
  }
  geometry IndexedFaceSet {
    ccw TRUE
    solid FALSE
    coord DEF co Coordinate {
      point [
        0.350394 -0.984252 -0.009843,
        0.437008 -0.984252 -0.009843,
        0.350394 -0.984252 0.070866,
        0.437008 -0.984252 0.070866,
        0.350394 -0.846457 -0.009843,
        0.350394 -0.846457 0.070866,
        0.350772 -0.842616 0.070866,
        0.350772 -0.842616 -0.009843,
        0.351892 -0.838924 0.070866,
        0.351892 -0.838924 -0.009843,
        0.353711 -0.835520 0.070866,
        0.353711 -0.835520 -0.009843,
        0.356159 -0.832537 0.070866,
        0.356159 -0.832537 -0.009843,
        0.359142 -0.830089 0.070866,
        0.359142 -0.830089 -0.009843,
        0.362546 -0.828270 0.070866,
        0.362546 -0.828270 -0.009843,
        0.366239 -0.827150 0.070866,
        0.366239 -0.827150 -0.009843,
        0.370079 -0.826772 0.070866,
        0.370079 -0.826772 -0.009843,
        0.417323 -0.826772 -0.009843,
        0.417323 -0.826772 0.070866,
        0.421163 -0.827150 0.070866,
        0.421163 -0.827150 -0.009843,
        0.424856 -0.828270 0.070866,
        0.424856 -0.828270 -0.009843,
        0.428259 -0.830089 0.070866,
        0.428259 -0.830089 -0.009843,
        0.431242 -0.832537 0.070866,
        0.431242 -0.832537 -0.009843,
        0.433690 -0.835520 0.070866,
        0.433690 -0.835520 -0.009843,
        0.435509 -0.838924 0.070866,
        0.435509 -0.838924 -0.009843,
        0.436630 -0.842616 0.070866,
        0.436630 -0.842616 -0.009843,
        0.437008 -0.846457 0.070866,
        0.437008 -0.846457 -0.009843,
      ]
    }
    coordIndex [
      4, 0, 5, -1,
      5, 0, 2, -1,
      4, 5, 6, -1,
      4, 6, 7, -1,
      7, 6, 8, -1,
      7, 8, 9, -1,
      9, 8, 10, -1,
      9, 10, 11, -1,
      11, 10, 12, -1,
      11, 12, 13, -1,
      13, 12, 14, -1,
      13, 14, 15, -1,
      15, 14, 16, -1,
      15, 16, 17, -1,
      17, 16, 18, -1,
      17, 18, 19, -1,
      19, 18, 20, -1,
      19, 20, 21, -1,
      22, 21, 23, -1,
      23, 21, 20, -1,
      22, 23, 24, -1,
      22, 24, 25, -1,
      25, 24, 26, -1,
      25, 26, 27, -1,
      27, 26, 28, -1,
      27, 28, 29, -1,
      29, 28, 30, -1,
      29, 30, 31, -1,
      31, 30, 32, -1,
      31, 32, 33, -1,
      33, 32, 34, -1,
      33, 34, 35, -1,
      35, 34, 36, -1,
      35, 36, 37, -1,
      37, 36, 38, -1,
      37, 38, 39, -1,
      1, 39, 3, -1,
      3, 39, 38, -1,
      39, 1, 0, -1,
      0, 4, 39, -1,
      39, 4, 21, -1,
      39, 21, 22, -1,
      22, 25, 39, -1,
      39, 25, 27, -1,
      39, 27, 37, -1,
      37, 27, 35, -1,
      7, 9, 11, -1,
      15, 17, 4, -1,
      4, 17, 19, -1,
      4, 19, 21, -1,
      35, 27, 33, -1,
      33, 27, 29, -1,
      33, 29, 31, -1,
      7, 11, 4, -1,
      4, 11, 13, -1,
      4, 13, 15, -1,
      2, 3, 5, -1,
      5, 3, 38, -1,
      38, 23, 5, -1,
      5, 23, 20, -1,
      5, 20, 18, -1,
      36, 26, 38, -1,
      38, 26, 24, -1,
      38, 24, 23, -1,
      36, 34, 26, -1,
      26, 34, 32, -1,
      26, 32, 28, -1,
      28, 32, 30, -1,
      18, 16, 5, -1,
      5, 16, 14, -1,
      5, 14, 12, -1,
      12, 10, 5, -1,
      5, 10, 8, -1,
      5, 8, 6, -1,
    ]
  }
}

Shape {
  appearance Appearance {
    material Material {
      diffuseColor 0.3176 0.2471 0.2078
      specularColor 0.1608 0.1216 0.1059
      ambientIntensity 0.2
      transparency 0.0000
      shininess 0.5
    }
  }
  geometry IndexedFaceSet {
    ccw TRUE
    solid FALSE
    coord DEF co Coordinate {
      point [
        -0.192913 0.984252 -0.009843,
        -0.279528 0.984252 -0.009843,
        -0.192913 0.984252 0.070866,
        -0.279528 0.984252 0.070866,
      ]
    }
    coordIndex [
      0, 1, 2, -1,
      2, 1, 3, -1,
    ]
  }
}

Shape {
  appearance Appearance {
    material Material {
      diffuseColor 0.8980 0.8980 0.8980
      specularColor 0.7176 0.7176 0.7176
      ambientIntensity 0.2
      transparency 0.0000
      shininess 0.5
    }
  }
  geometry IndexedFaceSet {
    ccw TRUE
    solid FALSE
    coord DEF co Coordinate {
      point [
        -0.192913 0.984252 -0.009843,
        -0.279528 0.984252 -0.009843,
        -0.192913 0.984252 0.070866,
        -0.279528 0.984252 0.070866,
        -0.192913 0.846457 -0.009843,
        -0.192913 0.846457 0.070866,
        -0.193292 0.842616 0.070866,
        -0.193292 0.842616 -0.009843,
        -0.194412 0.838924 0.070866,
        -0.194412 0.838924 -0.009843,
        -0.196231 0.835520 0.070866,
        -0.196231 0.835520 -0.009843,
        -0.198679 0.832537 0.070866,
        -0.198679 0.832537 -0.009843,
        -0.201662 0.830089 0.070866,
        -0.201662 0.830089 -0.009843,
        -0.205065 0.828270 0.070866,
        -0.205065 0.828270 -0.009843,
        -0.208758 0.827150 0.070866,
        -0.208758 0.827150 -0.009843,
        -0.212598 0.826772 0.070866,
        -0.212598 0.826772 -0.009843,
        -0.259843 0.826772 -0.009843,
        -0.259843 0.826772 0.070866,
        -0.263683 0.827150 0.070866,
        -0.263683 0.827150 -0.009843,
        -0.267376 0.828270 0.070866,
        -0.267376 0.828270 -0.009843,
        -0.270779 0.830089 0.070866,
        -0.270779 0.830089 -0.009843,
        -0.273762 0.832537 0.070866,
        -0.273762 0.832537 -0.009843,
        -0.276210 0.835520 0.070866,
        -0.276210 0.835520 -0.009843,
        -0.278029 0.838924 0.070866,
        -0.278029 0.838924 -0.009843,
        -0.279149 0.842616 0.070866,
        -0.279149 0.842616 -0.009843,
        -0.279528 0.846457 0.070866,
        -0.279528 0.846457 -0.009843,
      ]
    }
    coordIndex [
      4, 0, 5, -1,
      5, 0, 2, -1,
      4, 5, 6, -1,
      4, 6, 7, -1,
      7, 6, 8, -1,
      7, 8, 9, -1,
      9, 8, 10, -1,
      9, 10, 11, -1,
      11, 10, 12, -1,
      11, 12, 13, -1,
      13, 12, 14, -1,
      13, 14, 15, -1,
      15, 14, 16, -1,
      15, 16, 17, -1,
      17, 16, 18, -1,
      17, 18, 19, -1,
      19, 18, 20, -1,
      19, 20, 21, -1,
      22, 21, 23, -1,
      23, 21, 20, -1,
      22, 23, 24, -1,
      22, 24, 25, -1,
      25, 24, 26, -1,
      25, 26, 27, -1,
      27, 26, 28, -1,
      27, 28, 29, -1,
      29, 28, 30, -1,
      29, 30, 31, -1,
      31, 30, 32, -1,
      31, 32, 33, -1,
      33, 32, 34, -1,
      33, 34, 35, -1,
      35, 34, 36, -1,
      35, 36, 37, -1,
      37, 36, 38, -1,
      37, 38, 39, -1,
      1, 39, 3, -1,
      3, 39, 38, -1,
      39, 1, 0, -1,
      0, 4, 39, -1,
      39, 4, 21, -1,
      39, 21, 22, -1,
      25, 35, 22, -1,
      22, 35, 37, -1,
      22, 37, 39, -1,
      15, 17, 4, -1,
      4, 17, 19, -1,
      4, 19, 21, -1,
      31, 33, 29, -1,
      29, 33, 35, -1,
      29, 35, 27, -1,
      27, 35, 25, -1,
      4, 7, 15, -1,
      15, 7, 9, -1,
      15, 9, 13, -1,
      13, 9, 11, -1,
      2, 3, 5, -1,
      5, 3, 38, -1,
      38, 36, 23, -1,
      23, 36, 34, -1,
      23, 34, 24, -1,
      32, 30, 28, -1,
      38, 23, 5, -1,
      5, 23, 20, -1,
      5, 20, 18, -1,
      32, 28, 34, -1,
      34, 28, 26, -1,
      34, 26, 24, -1,
      10, 8, 12, -1,
      12, 8, 14, -1,
      18, 16, 5, -1,
      5, 16, 14, -1,
      5, 14, 6, -1,
      6, 14, 8, -1,
    ]
  }
}

Shape {
  appearance Appearance {
    material Material {
      diffuseColor 0.3176 0.2471 0.2078
      specularColor 0.1608 0.1216 0.1059
      ambientIntensity 0.2
      transparency 0.0000
      shininess 0.5
    }
  }
  geometry IndexedFaceSet {
    ccw TRUE
    solid FALSE
    coord DEF co Coordinate {
      point [
        -0.984252 -0.192913 -0.009843,
        -0.984252 -0.279528 -0.009843,
        -0.984252 -0.192913 0.070866,
        -0.984252 -0.279528 0.070866,
      ]
    }
    coordIndex [
      0, 1, 2, -1,
      2, 1, 3, -1,
    ]
  }
}

Shape {
  appearance Appearance {
    material Material {
      diffuseColor 0.8980 0.8980 0.8980
      specularColor 0.7176 0.7176 0.7176
      ambientIntensity 0.2
      transparency 0.0000
      shininess 0.5
    }
  }
  geometry IndexedFaceSet {
    ccw TRUE
    solid FALSE
    coord DEF co Coordinate {
      point [
        -0.984252 -0.192913 -0.009843,
        -0.984252 -0.279528 -0.009843,
        -0.984252 -0.192913 0.070866,
        -0.984252 -0.279528 0.070866,
        -0.846457 -0.192913 -0.009843,
        -0.846457 -0.192913 0.070866,
        -0.842616 -0.193292 0.070866,
        -0.842616 -0.193292 -0.009843,
        -0.838924 -0.194412 0.070866,
        -0.838924 -0.194412 -0.009843,
        -0.835520 -0.196231 0.070866,
        -0.835520 -0.196231 -0.009843,
        -0.832537 -0.198679 0.070866,
        -0.832537 -0.198679 -0.009843,
        -0.830089 -0.201662 0.070866,
        -0.830089 -0.201662 -0.009843,
        -0.828270 -0.205065 0.070866,
        -0.828270 -0.205065 -0.009843,
        -0.827150 -0.208758 0.070866,
        -0.827150 -0.208758 -0.009843,
        -0.826772 -0.212598 0.070866,
        -0.826772 -0.212598 -0.009843,
        -0.826772 -0.259843 -0.009843,
        -0.826772 -0.259843 0.070866,
        -0.827150 -0.263683 0.070866,
        -0.827150 -0.263683 -0.009843,
        -0.828270 -0.267376 0.070866,
        -0.828270 -0.267376 -0.009843,
        -0.830089 -0.270779 0.070866,
        -0.830089 -0.270779 -0.009843,
        -0.832537 -0.273762 0.070866,
        -0.832537 -0.273762 -0.009843,
        -0.835520 -0.276210 0.070866,
        -0.835520 -0.276210 -0.009843,
        -0.838924 -0.278029 0.070866,
        -0.838924 -0.278029 -0.009843,
        -0.842616 -0.279149 0.070866,
        -0.842616 -0.279149 -0.009843,
        -0.846457 -0.279528 0.070866,
        -0.846457 -0.279528 -0.009843,
      ]
    }
    coordIndex [
      4, 0, 5, -1,
      5, 0, 2, -1,
      4, 5, 6, -1,
      4, 6, 7, -1,
      7, 6, 8, -1,
      7, 8, 9, -1,
      9, 8, 10, -1,
      9, 10, 11, -1,
      11, 10, 12, -1,
      11, 12, 13, -1,
      13, 12, 14, -1,
      13, 14, 15, -1,
      15, 14, 16, -1,
      15, 16, 17, -1,
      17, 16, 18, -1,
      17, 18, 19, -1,
      19, 18, 20, -1,
      19, 20, 21, -1,
      22, 21, 23, -1,
      23, 21, 20, -1,
      22, 23, 24, -1,
      22, 24, 25, -1,
      25, 24, 26, -1,
      25, 26, 27, -1,
      27, 26, 28, -1,
      27, 28, 29, -1,
      29, 28, 30, -1,
      29, 30, 31, -1,
      31, 30, 32, -1,
      31, 32, 33, -1,
      33, 32, 34, -1,
      33, 34, 35, -1,
      35, 34, 36, -1,
      35, 36, 37, -1,
      37, 36, 38, -1,
      37, 38, 39, -1,
      1, 39, 3, -1,
      3, 39, 38, -1,
      1, 0, 39, -1,
      39, 0, 4, -1,
      37, 39, 25, -1,
      25, 39, 22, -1,
      22, 39, 21, -1,
      21, 39, 4, -1,
      21, 4, 19, -1,
      29, 31, 33, -1,
      29, 33, 27, -1,
      19, 4, 17, -1,
      17, 4, 7, -1,
      17, 7, 9, -1,
      27, 33, 25, -1,
      25, 33, 35, -1,
      25, 35, 37, -1,
      11, 13, 9, -1,
      9, 13, 15, -1,
      9, 15, 17, -1,
      6, 5, 16, -1,
      2, 3, 5, -1,
      5, 3, 38, -1,
      16, 5, 18, -1,
      32, 30, 28, -1,
      36, 24, 38, -1,
      38, 24, 23, -1,
      38, 23, 5, -1,
      5, 23, 20, -1,
      5, 20, 18, -1,
      12, 10, 8, -1,
      36, 34, 24, -1,
      24, 34, 32, -1,
      24, 32, 26, -1,
      26, 32, 28, -1,
      6, 16, 8, -1,
      8, 16, 14, -1,
      8, 14, 12, -1,
    ]
  }
}

Shape {
  appearance Appearance {
    material Material {
      diffuseColor 0.3176 0.2471 0.2078
      specularColor 0.1608 0.1216 0.1059
      ambientIntensity 0.2
      transparency 0.0000
      shininess 0.5
    }
  }
  geometry IndexedFaceSet {
    ccw TRUE
    solid FALSE
    coord DEF co Coordinate {
      point [
        0.192913 -0.984252 -0.009843,
        0.279528 -0.984252 -0.009843,
        0.192913 -0.984252 0.070866,
        0.279528 -0.984252 0.070866,
      ]
    }
    coordIndex [
      0, 1, 2, -1,
      2, 1, 3, -1,
    ]
  }
}

Shape {
  appearance Appearance {
    material Material {
      diffuseColor 0.8980 0.8980 0.8980
      specularColor 0.7176 0.7176 0.7176
      ambientIntensity 0.2
      transparency 0.0000
      shininess 0.5
    }
  }
  geometry IndexedFaceSet {
    ccw TRUE
    solid FALSE
    coord DEF co Coordinate {
      point [
        0.192913 -0.984252 -0.009843,
        0.279528 -0.984252 -0.009843,
        0.192913 -0.984252 0.070866,
        0.279528 -0.984252 0.070866,
        0.192913 -0.846457 -0.009843,
        0.192913 -0.846457 0.070866,
        0.193292 -0.842616 0.070866,
        0.193292 -0.842616 -0.009843,
        0.194412 -0.838924 0.070866,
        0.194412 -0.838924 -0.009843,
        0.196231 -0.835520 0.070866,
        0.196231 -0.835520 -0.009843,
        0.198679 -0.832537 0.070866,
        0.198679 -0.832537 -0.009843,
        0.201662 -0.830089 0.070866,
        0.201662 -0.830089 -0.009843,
        0.205065 -0.828270 0.070866,
        0.205065 -0.828270 -0.009843,
        0.208758 -0.827150 0.070866,
        0.208758 -0.827150 -0.009843,
        0.212598 -0.826772 0.070866,
        0.212598 -0.826772 -0.009843,
        0.259843 -0.826772 -0.009843,
        0.259843 -0.826772 0.070866,
        0.263683 -0.827150 0.070866,
        0.263683 -0.827150 -0.009843,
        0.267376 -0.828270 0.070866,
        0.267376 -0.828270 -0.009843,
        0.270779 -0.830089 0.070866,
        0.270779 -0.830089 -0.009843,
        0.273762 -0.832537 0.070866,
        0.273762 -0.832537 -0.009843,
        0.276210 -0.835520 0.070866,
        0.276210 -0.835520 -0.009843,
        0.278029 -0.838924 0.070866,
        0.278029 -0.838924 -0.009843,
        0.279149 -0.842616 0.070866,
        0.279149 -0.842616 -0.009843,
        0.279528 -0.846457 0.070866,
        0.279528 -0.846457 -0.009843,
      ]
    }
    coordIndex [
      4, 0, 5, -1,
      5, 0, 2, -1,
      4, 5, 6, -1,
      4, 6, 7, -1,
      7, 6, 8, -1,
      7, 8, 9, -1,
      9, 8, 10, -1,
      9, 10, 11, -1,
      11, 10, 12, -1,
      11, 12, 13, -1,
      13, 12, 14, -1,
      13, 14, 15, -1,
      15, 14, 16, -1,
      15, 16, 17, -1,
      17, 16, 18, -1,
      17, 18, 19, -1,
      19, 18, 20, -1,
      19, 20, 21, -1,
      22, 21, 23, -1,
      23, 21, 20, -1,
      22, 23, 24, -1,
      22, 24, 25, -1,
      25, 24, 26, -1,
      25, 26, 27, -1,
      27, 26, 28, -1,
      27, 28, 29, -1,
      29, 28, 30, -1,
      29, 30, 31, -1,
      31, 30, 32, -1,
      31, 32, 33, -1,
      33, 32, 34, -1,
      33, 34, 35, -1,
      35, 34, 36, -1,
      35, 36, 37, -1,
      37, 36, 38, -1,
      37, 38, 39, -1,
      1, 39, 3, -1,
      3, 39, 38, -1,
      1, 0, 39, -1,
      39, 0, 4, -1,
      27, 29, 31, -1,
      27, 31, 25, -1,
      25, 31, 22, -1,
      22, 31, 33, -1,
      22, 33, 35, -1,
      4, 21, 39, -1,
      39, 21, 22, -1,
      39, 22, 37, -1,
      37, 22, 35, -1,
      15, 17, 4, -1,
      4, 17, 19, -1,
      4, 19, 21, -1,
      4, 7, 15, -1,
      15, 7, 9, -1,
      15, 9, 13, -1,
      13, 9, 11, -1,
      30, 28, 26, -1,
      2, 3, 5, -1,
      5, 3, 38, -1,
      5, 38, 23, -1,
      23, 38, 36, -1,
      23, 36, 34, -1,
      34, 32, 23, -1,
      23, 32, 30, -1,
      23, 30, 24, -1,
      24, 30, 26, -1,
      23, 20, 5, -1,
      5, 20, 18, -1,
      5, 18, 16, -1,
      12, 10, 8, -1,
      16, 14, 5, -1,
      5, 14, 12, -1,
      5, 12, 6, -1,
      6, 12, 8, -1,
    ]
  }
}

Shape {
  appearance Appearance {
    material Material {
      diffuseColor 0.3176 0.2471 0.2078
      specularColor 0.1608 0.1216 0.1059
      ambientIntensity 0.2
      transparency 0.0000
      shininess 0.5
    }
  }
  geometry IndexedFaceSet {
    ccw TRUE
    solid FALSE
    coord DEF co Coordinate {
      point [
        -0.035433 0.984252 -0.009843,
        -0.122047 0.984252 -0.009843,
        -0.035433 0.984252 0.070866,
        -0.122047 0.984252 0.070866,
      ]
    }
    coordIndex [
      0, 1, 2, -1,
      2, 1, 3, -1,
    ]
  }
}

Shape {
  appearance Appearance {
    material Material {
      diffuseColor 0.8980 0.8980 0.8980
      specularColor 0.7176 0.7176 0.7176
      ambientIntensity 0.2
      transparency 0.0000
      shininess 0.5
    }
  }
  geometry IndexedFaceSet {
    ccw TRUE
    solid FALSE
    coord DEF co Coordinate {
      point [
        -0.035433 0.984252 -0.009843,
        -0.122047 0.984252 -0.009843,
        -0.035433 0.984252 0.070866,
        -0.122047 0.984252 0.070866,
        -0.035433 0.846457 -0.009843,
        -0.035433 0.846457 0.070866,
        -0.035811 0.842616 0.070866,
        -0.035811 0.842616 -0.009843,
        -0.036931 0.838924 0.070866,
        -0.036931 0.838924 -0.009843,
        -0.038751 0.835520 0.070866,
        -0.038751 0.835520 -0.009843,
        -0.041199 0.832537 0.070866,
        -0.041199 0.832537 -0.009843,
        -0.044181 0.830089 0.070866,
        -0.044181 0.830089 -0.009843,
        -0.047585 0.828270 0.070866,
        -0.047585 0.828270 -0.009843,
        -0.051278 0.827150 0.070866,
        -0.051278 0.827150 -0.009843,
        -0.055118 0.826772 0.070866,
        -0.055118 0.826772 -0.009843,
        -0.102362 0.826772 -0.009843,
        -0.102362 0.826772 0.070866,
        -0.106203 0.827150 0.070866,
        -0.106203 0.827150 -0.009843,
        -0.109895 0.828270 0.070866,
        -0.109895 0.828270 -0.009843,
        -0.113298 0.830089 0.070866,
        -0.113298 0.830089 -0.009843,
        -0.116281 0.832537 0.070866,
        -0.116281 0.832537 -0.009843,
        -0.118730 0.835520 0.070866,
        -0.118730 0.835520 -0.009843,
        -0.120549 0.838924 0.070866,
        -0.120549 0.838924 -0.009843,
        -0.121669 0.842616 0.070866,
        -0.121669 0.842616 -0.009843,
        -0.122047 0.846457 0.070866,
        -0.122047 0.846457 -0.009843,
      ]
    }
    coordIndex [
      4, 0, 5, -1,
      5, 0, 2, -1,
      4, 5, 6, -1,
      4, 6, 7, -1,
      7, 6, 8, -1,
      7, 8, 9, -1,
      9, 8, 10, -1,
      9, 10, 11, -1,
      11, 10, 12, -1,
      11, 12, 13, -1,
      13, 12, 14, -1,
      13, 14, 15, -1,
      15, 14, 16, -1,
      15, 16, 17, -1,
      17, 16, 18, -1,
      17, 18, 19, -1,
      19, 18, 20, -1,
      19, 20, 21, -1,
      22, 21, 23, -1,
      23, 21, 20, -1,
      22, 23, 24, -1,
      22, 24, 25, -1,
      25, 24, 26, -1,
      25, 26, 27, -1,
      27, 26, 28, -1,
      27, 28, 29, -1,
      29, 28, 30, -1,
      29, 30, 31, -1,
      31, 30, 32, -1,
      31, 32, 33, -1,
      33, 32, 34, -1,
      33, 34, 35, -1,
      35, 34, 36, -1,
      35, 36, 37, -1,
      37, 36, 38, -1,
      37, 38, 39, -1,
      1, 39, 3, -1,
      3, 39, 38, -1,
      1, 0, 39, -1,
      39, 0, 4, -1,
      27, 29, 31, -1,
      27, 31, 25, -1,
      25, 31, 22, -1,
      22, 31, 33, -1,
      22, 33, 35, -1,
      4, 21, 39, -1,
      39, 21, 22, -1,
      39, 22, 37, -1,
      37, 22, 35, -1,
      15, 17, 4, -1,
      4, 17, 19, -1,
      4, 19, 21, -1,
      4, 7, 15, -1,
      15, 7, 9, -1,
      15, 9, 13, -1,
      13, 9, 11, -1,
      30, 28, 26, -1,
      23, 20, 5, -1,
      5, 20, 18, -1,
      2, 3, 5, -1,
      5, 3, 38, -1,
      5, 38, 23, -1,
      23, 38, 36, -1,
      23, 36, 34, -1,
      34, 32, 23, -1,
      23, 32, 30, -1,
      23, 30, 24, -1,
      24, 30, 26, -1,
      10, 8, 12, -1,
      12, 8, 14, -1,
      18, 16, 5, -1,
      5, 16, 14, -1,
      5, 14, 6, -1,
      6, 14, 8, -1,
    ]
  }
}

Shape {
  appearance Appearance {
    material Material {
      diffuseColor 0.3176 0.2471 0.2078
      specularColor 0.1608 0.1216 0.1059
      ambientIntensity 0.2
      transparency 0.0000
      shininess 0.5
    }
  }
  geometry IndexedFaceSet {
    ccw TRUE
    solid FALSE
    coord DEF co Coordinate {
      point [
        -0.984252 -0.035433 -0.009843,
        -0.984252 -0.122047 -0.009843,
        -0.984252 -0.035433 0.070866,
        -0.984252 -0.122047 0.070866,
      ]
    }
    coordIndex [
      0, 1, 2, -1,
      2, 1, 3, -1,
    ]
  }
}

Shape {
  appearance Appearance {
    material Material {
      diffuseColor 0.8980 0.8980 0.8980
      specularColor 0.7176 0.7176 0.7176
      ambientIntensity 0.2
      transparency 0.0000
      shininess 0.5
    }
  }
  geometry IndexedFaceSet {
    ccw TRUE
    solid FALSE
    coord DEF co Coordinate {
      point [
        -0.984252 -0.035433 -0.009843,
        -0.984252 -0.122047 -0.009843,
        -0.984252 -0.035433 0.070866,
        -0.984252 -0.122047 0.070866,
        -0.846457 -0.035433 -0.009843,
        -0.846457 -0.035433 0.070866,
        -0.842616 -0.035811 0.070866,
        -0.842616 -0.035811 -0.009843,
        -0.838924 -0.036931 0.070866,
        -0.838924 -0.036931 -0.009843,
        -0.835520 -0.038751 0.070866,
        -0.835520 -0.038751 -0.009843,
        -0.832537 -0.041199 0.070866,
        -0.832537 -0.041199 -0.009843,
        -0.830089 -0.044181 0.070866,
        -0.830089 -0.044181 -0.009843,
        -0.828270 -0.047585 0.070866,
        -0.828270 -0.047585 -0.009843,
        -0.827150 -0.051278 0.070866,
        -0.827150 -0.051278 -0.009843,
        -0.826772 -0.055118 0.070866,
        -0.826772 -0.055118 -0.009843,
        -0.826772 -0.102362 -0.009843,
        -0.826772 -0.102362 0.070866,
        -0.827150 -0.106203 0.070866,
        -0.827150 -0.106203 -0.009843,
        -0.828270 -0.109895 0.070866,
        -0.828270 -0.109895 -0.009843,
        -0.830089 -0.113298 0.070866,
        -0.830089 -0.113298 -0.009843,
        -0.832537 -0.116281 0.070866,
        -0.832537 -0.116281 -0.009843,
        -0.835520 -0.118730 0.070866,
        -0.835520 -0.118730 -0.009843,
        -0.838924 -0.120549 0.070866,
        -0.838924 -0.120549 -0.009843,
        -0.842616 -0.121669 0.070866,
        -0.842616 -0.121669 -0.009843,
        -0.846457 -0.122047 0.070866,
        -0.846457 -0.122047 -0.009843,
      ]
    }
    coordIndex [
      4, 0, 5, -1,
      5, 0, 2, -1,
      4, 5, 6, -1,
      4, 6, 7, -1,
      7, 6, 8, -1,
      7, 8, 9, -1,
      9, 8, 10, -1,
      9, 10, 11, -1,
      11, 10, 12, -1,
      11, 12, 13, -1,
      13, 12, 14, -1,
      13, 14, 15, -1,
      15, 14, 16, -1,
      15, 16, 17, -1,
      17, 16, 18, -1,
      17, 18, 19, -1,
      19, 18, 20, -1,
      19, 20, 21, -1,
      22, 21, 23, -1,
      23, 21, 20, -1,
      22, 23, 24, -1,
      22, 24, 25, -1,
      25, 24, 26, -1,
      25, 26, 27, -1,
      27, 26, 28, -1,
      27, 28, 29, -1,
      29, 28, 30, -1,
      29, 30, 31, -1,
      31, 30, 32, -1,
      31, 32, 33, -1,
      33, 32, 34, -1,
      33, 34, 35, -1,
      35, 34, 36, -1,
      35, 36, 37, -1,
      37, 36, 38, -1,
      37, 38, 39, -1,
      1, 39, 3, -1,
      3, 39, 38, -1,
      19, 21, 4, -1,
      4, 21, 39, -1,
      4, 39, 0, -1,
      0, 39, 1, -1,
      21, 22, 39, -1,
      39, 22, 25, -1,
      39, 25, 27, -1,
      7, 15, 4, -1,
      4, 15, 17, -1,
      4, 17, 19, -1,
      7, 9, 15, -1,
      15, 9, 11, -1,
      15, 11, 13, -1,
      31, 33, 29, -1,
      29, 33, 35, -1,
      29, 35, 27, -1,
      27, 35, 37, -1,
      27, 37, 39, -1,
      2, 3, 5, -1,
      5, 3, 38, -1,
      26, 24, 38, -1,
      38, 24, 23, -1,
      38, 23, 5, -1,
      5, 23, 20, -1,
      5, 20, 18, -1,
      38, 36, 26, -1,
      26, 36, 34, -1,
      26, 34, 28, -1,
      28, 34, 32, -1,
      28, 32, 30, -1,
      8, 14, 10, -1,
      10, 14, 12, -1,
      18, 16, 5, -1,
      5, 16, 14, -1,
      5, 14, 6, -1,
      6, 14, 8, -1,
    ]
  }
}

Shape {
  appearance Appearance {
    material Material {
      diffuseColor 0.3176 0.2471 0.2078
      specularColor 0.1608 0.1216 0.1059
      ambientIntensity 0.2
      transparency 0.0000
      shininess 0.5
    }
  }
  geometry IndexedFaceSet {
    ccw TRUE
    solid FALSE
    coord DEF co Coordinate {
      point [
        0.035433 -0.984252 -0.009843,
        0.122047 -0.984252 -0.009843,
        0.035433 -0.984252 0.070866,
        0.122047 -0.984252 0.070866,
      ]
    }
    coordIndex [
      0, 1, 2, -1,
      2, 1, 3, -1,
    ]
  }
}

Shape {
  appearance Appearance {
    material Material {
      diffuseColor 0.8980 0.8980 0.8980
      specularColor 0.7176 0.7176 0.7176
      ambientIntensity 0.2
      transparency 0.0000
      shininess 0.5
    }
  }
  geometry IndexedFaceSet {
    ccw TRUE
    solid FALSE
    coord DEF co Coordinate {
      point [
        0.035433 -0.984252 -0.009843,
        0.122047 -0.984252 -0.009843,
        0.035433 -0.984252 0.070866,
        0.122047 -0.984252 0.070866,
        0.035433 -0.846457 -0.009843,
        0.035433 -0.846457 0.070866,
        0.035811 -0.842616 0.070866,
        0.035811 -0.842616 -0.009843,
        0.036931 -0.838924 0.070866,
        0.036931 -0.838924 -0.009843,
        0.038751 -0.835520 0.070866,
        0.038751 -0.835520 -0.009843,
        0.041199 -0.832537 0.070866,
        0.041199 -0.832537 -0.009843,
        0.044181 -0.830089 0.070866,
        0.044181 -0.830089 -0.009843,
        0.047585 -0.828270 0.070866,
        0.047585 -0.828270 -0.009843,
        0.051278 -0.827150 0.070866,
        0.051278 -0.827150 -0.009843,
        0.055118 -0.826772 0.070866,
        0.055118 -0.826772 -0.009843,
        0.102362 -0.826772 -0.009843,
        0.102362 -0.826772 0.070866,
        0.106203 -0.827150 0.070866,
        0.106203 -0.827150 -0.009843,
        0.109895 -0.828270 0.070866,
        0.109895 -0.828270 -0.009843,
        0.113298 -0.830089 0.070866,
        0.113298 -0.830089 -0.009843,
        0.116281 -0.832537 0.070866,
        0.116281 -0.832537 -0.009843,
        0.118730 -0.835520 0.070866,
        0.118730 -0.835520 -0.009843,
        0.120549 -0.838924 0.070866,
        0.120549 -0.838924 -0.009843,
        0.121669 -0.842616 0.070866,
        0.121669 -0.842616 -0.009843,
        0.122047 -0.846457 0.070866,
        0.122047 -0.846457 -0.009843,
      ]
    }
    coordIndex [
      4, 0, 5, -1,
      5, 0, 2, -1,
      4, 5, 6, -1,
      4, 6, 7, -1,
      7, 6, 8, -1,
      7, 8, 9, -1,
      9, 8, 10, -1,
      9, 10, 11, -1,
      11, 10, 12, -1,
      11, 12, 13, -1,
      13, 12, 14, -1,
      13, 14, 15, -1,
      15, 14, 16, -1,
      15, 16, 17, -1,
      17, 16, 18, -1,
      17, 18, 19, -1,
      19, 18, 20, -1,
      19, 20, 21, -1,
      22, 21, 23, -1,
      23, 21, 20, -1,
      22, 23, 24, -1,
      22, 24, 25, -1,
      25, 24, 26, -1,
      25, 26, 27, -1,
      27, 26, 28, -1,
      27, 28, 29, -1,
      29, 28, 30, -1,
      29, 30, 31, -1,
      31, 30, 32, -1,
      31, 32, 33, -1,
      33, 32, 34, -1,
      33, 34, 35, -1,
      35, 34, 36, -1,
      35, 36, 37, -1,
      37, 36, 38, -1,
      37, 38, 39, -1,
      1, 39, 3, -1,
      3, 39, 38, -1,
      1, 0, 39, -1,
      39, 0, 4, -1,
      17, 19, 4, -1,
      4, 19, 21, -1,
      4, 21, 39, -1,
      39, 21, 22, -1,
      39, 22, 25, -1,
      35, 29, 33, -1,
      33, 29, 31, -1,
      25, 27, 39, -1,
      39, 27, 29, -1,
      39, 29, 37, -1,
      37, 29, 35, -1,
      11, 13, 9, -1,
      9, 13, 7, -1,
      7, 13, 4, -1,
      4, 13, 15, -1,
      4, 15, 17, -1,
      2, 3, 5, -1,
      5, 3, 38, -1,
      26, 38, 28, -1,
      28, 38, 36, -1,
      36, 34, 28, -1,
      28, 34, 32, -1,
      28, 32, 30, -1,
      26, 24, 38, -1,
      38, 24, 23, -1,
      38, 23, 5, -1,
      5, 23, 20, -1,
      5, 20, 18, -1,
      18, 16, 5, -1,
      5, 16, 14, -1,
      5, 14, 12, -1,
      12, 10, 5, -1,
      5, 10, 8, -1,
      5, 8, 6, -1,
    ]
  }
}

Shape {
  appearance Appearance {
    material Material {
      diffuseColor 0.3176 0.2471 0.2078
      specularColor 0.1608 0.1216 0.1059
      ambientIntensity 0.2
      transparency 0.0000
      shininess 0.5
    }
  }
  geometry IndexedFaceSet {
    ccw TRUE
    solid FALSE
    coord DEF co Coordinate {
      point [
        0.122047 0.984252 -0.009843,
        0.035433 0.984252 -0.009843,
        0.122047 0.984252 0.070866,
        0.035433 0.984252 0.070866,
      ]
    }
    coordIndex [
      0, 1, 2, -1,
      2, 1, 3, -1,
    ]
  }
}

Shape {
  appearance Appearance {
    material Material {
      diffuseColor 0.8980 0.8980 0.8980
      specularColor 0.7176 0.7176 0.7176
      ambientIntensity 0.2
      transparency 0.0000
      shininess 0.5
    }
  }
  geometry IndexedFaceSet {
    ccw TRUE
    solid FALSE
    coord DEF co Coordinate {
      point [
        0.122047 0.984252 -0.009843,
        0.035433 0.984252 -0.009843,
        0.122047 0.984252 0.070866,
        0.035433 0.984252 0.070866,
        0.122047 0.846457 -0.009843,
        0.122047 0.846457 0.070866,
        0.121669 0.842616 0.070866,
        0.121669 0.842616 -0.009843,
        0.120549 0.838924 0.070866,
        0.120549 0.838924 -0.009843,
        0.118730 0.835520 0.070866,
        0.118730 0.835520 -0.009843,
        0.116281 0.832537 0.070866,
        0.116281 0.832537 -0.009843,
        0.113298 0.830089 0.070866,
        0.113298 0.830089 -0.009843,
        0.109895 0.828270 0.070866,
        0.109895 0.828270 -0.009843,
        0.106203 0.827150 0.070866,
        0.106203 0.827150 -0.009843,
        0.102362 0.826772 0.070866,
        0.102362 0.826772 -0.009843,
        0.055118 0.826772 -0.009843,
        0.055118 0.826772 0.070866,
        0.051278 0.827150 0.070866,
        0.051278 0.827150 -0.009843,
        0.047585 0.828270 0.070866,
        0.047585 0.828270 -0.009843,
        0.044181 0.830089 0.070866,
        0.044181 0.830089 -0.009843,
        0.041199 0.832537 0.070866,
        0.041199 0.832537 -0.009843,
        0.038751 0.835520 0.070866,
        0.038751 0.835520 -0.009843,
        0.036931 0.838924 0.070866,
        0.036931 0.838924 -0.009843,
        0.035811 0.842616 0.070866,
        0.035811 0.842616 -0.009843,
        0.035433 0.846457 0.070866,
        0.035433 0.846457 -0.009843,
      ]
    }
    coordIndex [
      4, 0, 5, -1,
      5, 0, 2, -1,
      4, 5, 6, -1,
      4, 6, 7, -1,
      7, 6, 8, -1,
      7, 8, 9, -1,
      9, 8, 10, -1,
      9, 10, 11, -1,
      11, 10, 12, -1,
      11, 12, 13, -1,
      13, 12, 14, -1,
      13, 14, 15, -1,
      15, 14, 16, -1,
      15, 16, 17, -1,
      17, 16, 18, -1,
      17, 18, 19, -1,
      19, 18, 20, -1,
      19, 20, 21, -1,
      22, 21, 23, -1,
      23, 21, 20, -1,
      22, 23, 24, -1,
      22, 24, 25, -1,
      25, 24, 26, -1,
      25, 26, 27, -1,
      27, 26, 28, -1,
      27, 28, 29, -1,
      29, 28, 30, -1,
      29, 30, 31, -1,
      31, 30, 32, -1,
      31, 32, 33, -1,
      33, 32, 34, -1,
      33, 34, 35, -1,
      35, 34, 36, -1,
      35, 36, 37, -1,
      37, 36, 38, -1,
      37, 38, 39, -1,
      1, 39, 3, -1,
      3, 39, 38, -1,
      1, 0, 39, -1,
      39, 0, 4, -1,
      27, 29, 31, -1,
      27, 31, 25, -1,
      25, 31, 22, -1,
      22, 31, 33, -1,
      22, 33, 35, -1,
      4, 21, 39, -1,
      39, 21, 22, -1,
      39, 22, 37, -1,
      37, 22, 35, -1,
      15, 4, 7, -1,
      15, 17, 4, -1,
      4, 17, 19, -1,
      4, 19, 21, -1,
      7, 9, 15, -1,
      15, 9, 11, -1,
      15, 11, 13, -1,
      30, 28, 26, -1,
      23, 20, 5, -1,
      5, 20, 18, -1,
      2, 3, 5, -1,
      5, 3, 38, -1,
      5, 38, 23, -1,
      23, 38, 36, -1,
      23, 36, 34, -1,
      34, 32, 23, -1,
      23, 32, 30, -1,
      23, 30, 24, -1,
      24, 30, 26, -1,
      8, 14, 10, -1,
      10, 14, 12, -1,
      18, 16, 5, -1,
      5, 16, 14, -1,
      5, 14, 6, -1,
      6, 14, 8, -1,
    ]
  }
}

Shape {
  appearance Appearance {
    material Material {
      diffuseColor 0.3176 0.2471 0.2078
      specularColor 0.1608 0.1216 0.1059
      ambientIntensity 0.2
      transparency 0.0000
      shininess 0.5
    }
  }
  geometry IndexedFaceSet {
    ccw TRUE
    solid FALSE
    coord DEF co Coordinate {
      point [
        -0.984252 0.122047 -0.009843,
        -0.984252 0.035433 -0.009843,
        -0.984252 0.122047 0.070866,
        -0.984252 0.035433 0.070866,
      ]
    }
    coordIndex [
      0, 1, 2, -1,
      2, 1, 3, -1,
    ]
  }
}

Shape {
  appearance Appearance {
    material Material {
      diffuseColor 0.8980 0.8980 0.8980
      specularColor 0.7176 0.7176 0.7176
      ambientIntensity 0.2
      transparency 0.0000
      shininess 0.5
    }
  }
  geometry IndexedFaceSet {
    ccw TRUE
    solid FALSE
    coord DEF co Coordinate {
      point [
        -0.984252 0.122047 -0.009843,
        -0.984252 0.035433 -0.009843,
        -0.984252 0.122047 0.070866,
        -0.984252 0.035433 0.070866,
        -0.846457 0.122047 -0.009843,
        -0.846457 0.122047 0.070866,
        -0.842616 0.121669 0.070866,
        -0.842616 0.121669 -0.009843,
        -0.838924 0.120549 0.070866,
        -0.838924 0.120549 -0.009843,
        -0.835520 0.118730 0.070866,
        -0.835520 0.118730 -0.009843,
        -0.832537 0.116281 0.070866,
        -0.832537 0.116281 -0.009843,
        -0.830089 0.113298 0.070866,
        -0.830089 0.113298 -0.009843,
        -0.828270 0.109895 0.070866,
        -0.828270 0.109895 -0.009843,
        -0.827150 0.106203 0.070866,
        -0.827150 0.106203 -0.009843,
        -0.826772 0.102362 0.070866,
        -0.826772 0.102362 -0.009843,
        -0.826772 0.055118 -0.009843,
        -0.826772 0.055118 0.070866,
        -0.827150 0.051278 0.070866,
        -0.827150 0.051278 -0.009843,
        -0.828270 0.047585 0.070866,
        -0.828270 0.047585 -0.009843,
        -0.830089 0.044181 0.070866,
        -0.830089 0.044181 -0.009843,
        -0.832537 0.041199 0.070866,
        -0.832537 0.041199 -0.009843,
        -0.835520 0.038751 0.070866,
        -0.835520 0.038751 -0.009843,
        -0.838924 0.036931 0.070866,
        -0.838924 0.036931 -0.009843,
        -0.842616 0.035811 0.070866,
        -0.842616 0.035811 -0.009843,
        -0.846457 0.035433 0.070866,
        -0.846457 0.035433 -0.009843,
      ]
    }
    coordIndex [
      4, 0, 5, -1,
      5, 0, 2, -1,
      4, 5, 6, -1,
      4, 6, 7, -1,
      7, 6, 8, -1,
      7, 8, 9, -1,
      9, 8, 10, -1,
      9, 10, 11, -1,
      11, 10, 12, -1,
      11, 12, 13, -1,
      13, 12, 14, -1,
      13, 14, 15, -1,
      15, 14, 16, -1,
      15, 16, 17, -1,
      17, 16, 18, -1,
      17, 18, 19, -1,
      19, 18, 20, -1,
      19, 20, 21, -1,
      22, 21, 23, -1,
      23, 21, 20, -1,
      22, 23, 24, -1,
      22, 24, 25, -1,
      25, 24, 26, -1,
      25, 26, 27, -1,
      27, 26, 28, -1,
      27, 28, 29, -1,
      29, 28, 30, -1,
      29, 30, 31, -1,
      31, 30, 32, -1,
      31, 32, 33, -1,
      33, 32, 34, -1,
      33, 34, 35, -1,
      35, 34, 36, -1,
      35, 36, 37, -1,
      37, 36, 38, -1,
      37, 38, 39, -1,
      1, 39, 3, -1,
      3, 39, 38, -1,
      37, 39, 27, -1,
      1, 0, 39, -1,
      39, 0, 4, -1,
      27, 39, 25, -1,
      17, 19, 4, -1,
      4, 19, 21, -1,
      4, 21, 39, -1,
      39, 21, 22, -1,
      39, 22, 25, -1,
      31, 33, 35, -1,
      37, 27, 35, -1,
      35, 27, 29, -1,
      35, 29, 31, -1,
      17, 4, 15, -1,
      15, 4, 7, -1,
      15, 7, 13, -1,
      13, 7, 9, -1,
      13, 9, 11, -1,
      24, 23, 38, -1,
      38, 23, 5, -1,
      38, 5, 3, -1,
      3, 5, 2, -1,
      36, 28, 38, -1,
      38, 28, 26, -1,
      38, 26, 24, -1,
      36, 34, 28, -1,
      28, 34, 32, -1,
      28, 32, 30, -1,
      23, 20, 5, -1,
      5, 20, 18, -1,
      5, 18, 16, -1,
      12, 10, 8, -1,
      16, 14, 5, -1,
      5, 14, 12, -1,
      5, 12, 6, -1,
      6, 12, 8, -1,
    ]
  }
}

Shape {
  appearance Appearance {
    material Material {
      diffuseColor 0.3176 0.2471 0.2078
      specularColor 0.1608 0.1216 0.1059
      ambientIntensity 0.2
      transparency 0.0000
      shininess 0.5
    }
  }
  geometry IndexedFaceSet {
    ccw TRUE
    solid FALSE
    coord DEF co Coordinate {
      point [
        -0.122047 -0.984252 -0.009843,
        -0.035433 -0.984252 -0.009843,
        -0.122047 -0.984252 0.070866,
        -0.035433 -0.984252 0.070866,
      ]
    }
    coordIndex [
      0, 1, 2, -1,
      2, 1, 3, -1,
    ]
  }
}

Shape {
  appearance Appearance {
    material Material {
      diffuseColor 0.8980 0.8980 0.8980
      specularColor 0.7176 0.7176 0.7176
      ambientIntensity 0.2
      transparency 0.0000
      shininess 0.5
    }
  }
  geometry IndexedFaceSet {
    ccw TRUE
    solid FALSE
    coord DEF co Coordinate {
      point [
        -0.122047 -0.984252 -0.009843,
        -0.035433 -0.984252 -0.009843,
        -0.122047 -0.984252 0.070866,
        -0.035433 -0.984252 0.070866,
        -0.122047 -0.846457 -0.009843,
        -0.122047 -0.846457 0.070866,
        -0.121669 -0.842616 0.070866,
        -0.121669 -0.842616 -0.009843,
        -0.120549 -0.838924 0.070866,
        -0.120549 -0.838924 -0.009843,
        -0.118730 -0.835520 0.070866,
        -0.118730 -0.835520 -0.009843,
        -0.116281 -0.832537 0.070866,
        -0.116281 -0.832537 -0.009843,
        -0.113298 -0.830089 0.070866,
        -0.113298 -0.830089 -0.009843,
        -0.109895 -0.828270 0.070866,
        -0.109895 -0.828270 -0.009843,
        -0.106203 -0.827150 0.070866,
        -0.106203 -0.827150 -0.009843,
        -0.102362 -0.826772 0.070866,
        -0.102362 -0.826772 -0.009843,
        -0.055118 -0.826772 -0.009843,
        -0.055118 -0.826772 0.070866,
        -0.051278 -0.827150 0.070866,
        -0.051278 -0.827150 -0.009843,
        -0.047585 -0.828270 0.070866,
        -0.047585 -0.828270 -0.009843,
        -0.044181 -0.830089 0.070866,
        -0.044181 -0.830089 -0.009843,
        -0.041199 -0.832537 0.070866,
        -0.041199 -0.832537 -0.009843,
        -0.038751 -0.835520 0.070866,
        -0.038751 -0.835520 -0.009843,
        -0.036931 -0.838924 0.070866,
        -0.036931 -0.838924 -0.009843,
        -0.035811 -0.842616 0.070866,
        -0.035811 -0.842616 -0.009843,
        -0.035433 -0.846457 0.070866,
        -0.035433 -0.846457 -0.009843,
      ]
    }
    coordIndex [
      4, 0, 5, -1,
      5, 0, 2, -1,
      4, 5, 6, -1,
      4, 6, 7, -1,
      7, 6, 8, -1,
      7, 8, 9, -1,
      9, 8, 10, -1,
      9, 10, 11, -1,
      11, 10, 12, -1,
      11, 12, 13, -1,
      13, 12, 14, -1,
      13, 14, 15, -1,
      15, 14, 16, -1,
      15, 16, 17, -1,
      17, 16, 18, -1,
      17, 18, 19, -1,
      19, 18, 20, -1,
      19, 20, 21, -1,
      22, 21, 23, -1,
      23, 21, 20, -1,
      22, 23, 24, -1,
      22, 24, 25, -1,
      25, 24, 26, -1,
      25, 26, 27, -1,
      27, 26, 28, -1,
      27, 28, 29, -1,
      29, 28, 30, -1,
      29, 30, 31, -1,
      31, 30, 32, -1,
      31, 32, 33, -1,
      33, 32, 34, -1,
      33, 34, 35, -1,
      35, 34, 36, -1,
      35, 36, 37, -1,
      37, 36, 38, -1,
      37, 38, 39, -1,
      1, 39, 3, -1,
      3, 39, 38, -1,
      1, 0, 39, -1,
      39, 0, 4, -1,
      17, 19, 4, -1,
      4, 19, 21, -1,
      4, 21, 39, -1,
      39, 21, 22, -1,
      39, 22, 25, -1,
      33, 35, 31, -1,
      31, 35, 29, -1,
      25, 27, 39, -1,
      39, 27, 29, -1,
      39, 29, 37, -1,
      37, 29, 35, -1,
      11, 13, 9, -1,
      9, 13, 7, -1,
      7, 13, 4, -1,
      4, 13, 15, -1,
      4, 15, 17, -1,
      24, 23, 38, -1,
      38, 23, 5, -1,
      38, 5, 3, -1,
      3, 5, 2, -1,
      36, 28, 38, -1,
      38, 28, 26, -1,
      38, 26, 24, -1,
      36, 34, 28, -1,
      28, 34, 32, -1,
      28, 32, 30, -1,
      12, 10, 8, -1,
      23, 20, 5, -1,
      5, 20, 18, -1,
      5, 18, 16, -1,
      16, 14, 5, -1,
      5, 14, 12, -1,
      5, 12, 6, -1,
      6, 12, 8, -1,
    ]
  }
}

Shape {
  appearance Appearance {
    material Material {
      diffuseColor 0.3176 0.2471 0.2078
      specularColor 0.1608 0.1216 0.1059
      ambientIntensity 0.2
      transparency 0.0000
      shininess 0.5
    }
  }
  geometry IndexedFaceSet {
    ccw TRUE
    solid FALSE
    coord DEF co Coordinate {
      point [
        0.279528 0.984252 -0.009843,
        0.192913 0.984252 -0.009843,
        0.279528 0.984252 0.070866,
        0.192913 0.984252 0.070866,
      ]
    }
    coordIndex [
      0, 1, 2, -1,
      2, 1, 3, -1,
    ]
  }
}

Shape {
  appearance Appearance {
    material Material {
      diffuseColor 0.8980 0.8980 0.8980
      specularColor 0.7176 0.7176 0.7176
      ambientIntensity 0.2
      transparency 0.0000
      shininess 0.5
    }
  }
  geometry IndexedFaceSet {
    ccw TRUE
    solid FALSE
    coord DEF co Coordinate {
      point [
        0.279528 0.984252 -0.009843,
        0.192913 0.984252 -0.009843,
        0.279528 0.984252 0.070866,
        0.192913 0.984252 0.070866,
        0.279528 0.846457 -0.009843,
        0.279528 0.846457 0.070866,
        0.279149 0.842616 0.070866,
        0.279149 0.842616 -0.009843,
        0.278029 0.838924 0.070866,
        0.278029 0.838924 -0.009843,
        0.276210 0.835520 0.070866,
        0.276210 0.835520 -0.009843,
        0.273762 0.832537 0.070866,
        0.273762 0.832537 -0.009843,
        0.270779 0.830089 0.070866,
        0.270779 0.830089 -0.009843,
        0.267376 0.828270 0.070866,
        0.267376 0.828270 -0.009843,
        0.263683 0.827150 0.070866,
        0.263683 0.827150 -0.009843,
        0.259843 0.826772 0.070866,
        0.259843 0.826772 -0.009843,
        0.212598 0.826772 -0.009843,
        0.212598 0.826772 0.070866,
        0.208758 0.827150 0.070866,
        0.208758 0.827150 -0.009843,
        0.205065 0.828270 0.070866,
        0.205065 0.828270 -0.009843,
        0.201662 0.830089 0.070866,
        0.201662 0.830089 -0.009843,
        0.198679 0.832537 0.070866,
        0.198679 0.832537 -0.009843,
        0.196231 0.835520 0.070866,
        0.196231 0.835520 -0.009843,
        0.194412 0.838924 0.070866,
        0.194412 0.838924 -0.009843,
        0.193292 0.842616 0.070866,
        0.193292 0.842616 -0.009843,
        0.192913 0.846457 0.070866,
        0.192913 0.846457 -0.009843,
      ]
    }
    coordIndex [
      4, 0, 5, -1,
      5, 0, 2, -1,
      4, 5, 6, -1,
      4, 6, 7, -1,
      7, 6, 8, -1,
      7, 8, 9, -1,
      9, 8, 10, -1,
      9, 10, 11, -1,
      11, 10, 12, -1,
      11, 12, 13, -1,
      13, 12, 14, -1,
      13, 14, 15, -1,
      15, 14, 16, -1,
      15, 16, 17, -1,
      17, 16, 18, -1,
      17, 18, 19, -1,
      19, 18, 20, -1,
      19, 20, 21, -1,
      22, 21, 23, -1,
      23, 21, 20, -1,
      22, 23, 24, -1,
      22, 24, 25, -1,
      25, 24, 26, -1,
      25, 26, 27, -1,
      27, 26, 28, -1,
      27, 28, 29, -1,
      29, 28, 30, -1,
      29, 30, 31, -1,
      31, 30, 32, -1,
      31, 32, 33, -1,
      33, 32, 34, -1,
      33, 34, 35, -1,
      35, 34, 36, -1,
      35, 36, 37, -1,
      37, 36, 38, -1,
      37, 38, 39, -1,
      1, 39, 3, -1,
      3, 39, 38, -1,
      39, 1, 0, -1,
      37, 39, 27, -1,
      7, 9, 11, -1,
      4, 15, 17, -1,
      27, 39, 25, -1,
      7, 11, 4, -1,
      4, 11, 13, -1,
      4, 13, 15, -1,
      17, 19, 4, -1,
      4, 19, 21, -1,
      4, 21, 0, -1,
      0, 21, 39, -1,
      39, 21, 22, -1,
      39, 22, 25, -1,
      27, 29, 31, -1,
      31, 33, 27, -1,
      27, 33, 35, -1,
      27, 35, 37, -1,
      24, 23, 38, -1,
      38, 23, 3, -1,
      16, 14, 5, -1,
      3, 23, 2, -1,
      2, 23, 20, -1,
      2, 20, 5, -1,
      5, 20, 18, -1,
      5, 18, 16, -1,
      14, 12, 5, -1,
      5, 12, 10, -1,
      5, 10, 6, -1,
      6, 10, 8, -1,
      24, 38, 26, -1,
      26, 38, 36, -1,
      26, 36, 34, -1,
      34, 32, 26, -1,
      26, 32, 30, -1,
      26, 30, 28, -1,
    ]
  }
}

Shape {
  appearance Appearance {
    material Material {
      diffuseColor 0.3176 0.2471 0.2078
      specularColor 0.1608 0.1216 0.1059
      ambientIntensity 0.2
      transparency 0.0000
      shininess 0.5
    }
  }
  geometry IndexedFaceSet {
    ccw TRUE
    solid FALSE
    coord DEF co Coordinate {
      point [
        -0.984252 0.279528 -0.009843,
        -0.984252 0.192913 -0.009843,
        -0.984252 0.279528 0.070866,
        -0.984252 0.192913 0.070866,
      ]
    }
    coordIndex [
      0, 1, 2, -1,
      2, 1, 3, -1,
    ]
  }
}

Shape {
  appearance Appearance {
    material Material {
      diffuseColor 0.8980 0.8980 0.8980
      specularColor 0.7176 0.7176 0.7176
      ambientIntensity 0.2
      transparency 0.0000
      shininess 0.5
    }
  }
  geometry IndexedFaceSet {
    ccw TRUE
    solid FALSE
    coord DEF co Coordinate {
      point [
        -0.984252 0.279528 -0.009843,
        -0.984252 0.192913 -0.009843,
        -0.984252 0.279528 0.070866,
        -0.984252 0.192913 0.070866,
        -0.846457 0.279528 -0.009843,
        -0.846457 0.279528 0.070866,
        -0.842616 0.279149 0.070866,
        -0.842616 0.279149 -0.009843,
        -0.838924 0.278029 0.070866,
        -0.838924 0.278029 -0.009843,
        -0.835520 0.276210 0.070866,
        -0.835520 0.276210 -0.009843,
        -0.832537 0.273762 0.070866,
        -0.832537 0.273762 -0.009843,
        -0.830089 0.270779 0.070866,
        -0.830089 0.270779 -0.009843,
        -0.828270 0.267376 0.070866,
        -0.828270 0.267376 -0.009843,
        -0.827150 0.263683 0.070866,
        -0.827150 0.263683 -0.009843,
        -0.826772 0.259843 0.070866,
        -0.826772 0.259843 -0.009843,
        -0.826772 0.212598 -0.009843,
        -0.826772 0.212598 0.070866,
        -0.827150 0.208758 0.070866,
        -0.827150 0.208758 -0.009843,
        -0.828270 0.205065 0.070866,
        -0.828270 0.205065 -0.009843,
        -0.830089 0.201662 0.070866,
        -0.830089 0.201662 -0.009843,
        -0.832537 0.198679 0.070866,
        -0.832537 0.198679 -0.009843,
        -0.835520 0.196231 0.070866,
        -0.835520 0.196231 -0.009843,
        -0.838924 0.194412 0.070866,
        -0.838924 0.194412 -0.009843,
        -0.842616 0.193292 0.070866,
        -0.842616 0.193292 -0.009843,
        -0.846457 0.192913 0.070866,
        -0.846457 0.192913 -0.009843,
      ]
    }
    coordIndex [
      4, 0, 5, -1,
      5, 0, 2, -1,
      4, 5, 6, -1,
      4, 6, 7, -1,
      7, 6, 8, -1,
      7, 8, 9, -1,
      9, 8, 10, -1,
      9, 10, 11, -1,
      11, 10, 12, -1,
      11, 12, 13, -1,
      13, 12, 14, -1,
      13, 14, 15, -1,
      15, 14, 16, -1,
      15, 16, 17, -1,
      17, 16, 18, -1,
      17, 18, 19, -1,
      19, 18, 20, -1,
      19, 20, 21, -1,
      22, 21, 23, -1,
      23, 21, 20, -1,
      22, 23, 24, -1,
      22, 24, 25, -1,
      25, 24, 26, -1,
      25, 26, 27, -1,
      27, 26, 28, -1,
      27, 28, 29, -1,
      29, 28, 30, -1,
      29, 30, 31, -1,
      31, 30, 32, -1,
      31, 32, 33, -1,
      33, 32, 34, -1,
      33, 34, 35, -1,
      35, 34, 36, -1,
      35, 36, 37, -1,
      37, 36, 38, -1,
      37, 38, 39, -1,
      1, 39, 3, -1,
      3, 39, 38, -1,
      39, 1, 0, -1,
      0, 4, 39, -1,
      39, 4, 21, -1,
      39, 21, 22, -1,
      22, 25, 39, -1,
      39, 25, 27, -1,
      39, 27, 29, -1,
      29, 31, 39, -1,
      39, 31, 33, -1,
      39, 33, 37, -1,
      37, 33, 35, -1,
      4, 13, 15, -1,
      13, 4, 11, -1,
      11, 4, 7, -1,
      11, 7, 9, -1,
      15, 17, 4, -1,
      4, 17, 19, -1,
      4, 19, 21, -1,
      23, 20, 5, -1,
      36, 28, 26, -1,
      36, 34, 28, -1,
      28, 34, 32, -1,
      28, 32, 30, -1,
      2, 3, 5, -1,
      5, 3, 38, -1,
      5, 38, 23, -1,
      23, 38, 36, -1,
      23, 36, 24, -1,
      24, 36, 26, -1,
      20, 18, 5, -1,
      5, 18, 16, -1,
      5, 16, 14, -1,
      14, 12, 5, -1,
      5, 12, 10, -1,
      5, 10, 6, -1,
      6, 10, 8, -1,
    ]
  }
}

Shape {
  appearance Appearance {
    material Material {
      diffuseColor 0.3176 0.2471 0.2078
      specularColor 0.1608 0.1216 0.1059
      ambientIntensity 0.2
      transparency 0.0000
      shininess 0.5
    }
  }
  geometry IndexedFaceSet {
    ccw TRUE
    solid FALSE
    coord DEF co Coordinate {
      point [
        -0.279528 -0.984252 -0.009843,
        -0.192913 -0.984252 -0.009843,
        -0.279528 -0.984252 0.070866,
        -0.192913 -0.984252 0.070866,
      ]
    }
    coordIndex [
      0, 1, 2, -1,
      2, 1, 3, -1,
    ]
  }
}

Shape {
  appearance Appearance {
    material Material {
      diffuseColor 0.8980 0.8980 0.8980
      specularColor 0.7176 0.7176 0.7176
      ambientIntensity 0.2
      transparency 0.0000
      shininess 0.5
    }
  }
  geometry IndexedFaceSet {
    ccw TRUE
    solid FALSE
    coord DEF co Coordinate {
      point [
        -0.279528 -0.984252 -0.009843,
        -0.192913 -0.984252 -0.009843,
        -0.279528 -0.984252 0.070866,
        -0.192913 -0.984252 0.070866,
        -0.279528 -0.846457 -0.009843,
        -0.279528 -0.846457 0.070866,
        -0.279149 -0.842616 0.070866,
        -0.279149 -0.842616 -0.009843,
        -0.278029 -0.838924 0.070866,
        -0.278029 -0.838924 -0.009843,
        -0.276210 -0.835520 0.070866,
        -0.276210 -0.835520 -0.009843,
        -0.273762 -0.832537 0.070866,
        -0.273762 -0.832537 -0.009843,
        -0.270779 -0.830089 0.070866,
        -0.270779 -0.830089 -0.009843,
        -0.267376 -0.828270 0.070866,
        -0.267376 -0.828270 -0.009843,
        -0.263683 -0.827150 0.070866,
        -0.263683 -0.827150 -0.009843,
        -0.259843 -0.826772 0.070866,
        -0.259843 -0.826772 -0.009843,
        -0.212598 -0.826772 -0.009843,
        -0.212598 -0.826772 0.070866,
        -0.208758 -0.827150 0.070866,
        -0.208758 -0.827150 -0.009843,
        -0.205065 -0.828270 0.070866,
        -0.205065 -0.828270 -0.009843,
        -0.201662 -0.830089 0.070866,
        -0.201662 -0.830089 -0.009843,
        -0.198679 -0.832537 0.070866,
        -0.198679 -0.832537 -0.009843,
        -0.196231 -0.835520 0.070866,
        -0.196231 -0.835520 -0.009843,
        -0.194412 -0.838924 0.070866,
        -0.194412 -0.838924 -0.009843,
        -0.193292 -0.842616 0.070866,
        -0.193292 -0.842616 -0.009843,
        -0.192913 -0.846457 0.070866,
        -0.192913 -0.846457 -0.009843,
      ]
    }
    coordIndex [
      4, 0, 5, -1,
      5, 0, 2, -1,
      4, 5, 6, -1,
      4, 6, 7, -1,
      7, 6, 8, -1,
      7, 8, 9, -1,
      9, 8, 10, -1,
      9, 10, 11, -1,
      11, 10, 12, -1,
      11, 12, 13, -1,
      13, 12, 14, -1,
      13, 14, 15, -1,
      15, 14, 16, -1,
      15, 16, 17, -1,
      17, 16, 18, -1,
      17, 18, 19, -1,
      19, 18, 20, -1,
      19, 20, 21, -1,
      22, 21, 23, -1,
      23, 21, 20, -1,
      22, 23, 24, -1,
      22, 24, 25, -1,
      25, 24, 26, -1,
      25, 26, 27, -1,
      27, 26, 28, -1,
      27, 28, 29, -1,
      29, 28, 30, -1,
      29, 30, 31, -1,
      31, 30, 32, -1,
      31, 32, 33, -1,
      33, 32, 34, -1,
      33, 34, 35, -1,
      35, 34, 36, -1,
      35, 36, 37, -1,
      37, 36, 38, -1,
      37, 38, 39, -1,
      1, 39, 3, -1,
      3, 39, 38, -1,
      39, 1, 0, -1,
      0, 4, 39, -1,
      39, 4, 21, -1,
      39, 21, 22, -1,
      22, 25, 39, -1,
      39, 25, 27, -1,
      39, 27, 29, -1,
      29, 31, 39, -1,
      39, 31, 33, -1,
      39, 33, 37, -1,
      37, 33, 35, -1,
      7, 9, 11, -1,
      15, 17, 4, -1,
      4, 17, 19, -1,
      4, 19, 21, -1,
      7, 11, 4, -1,
      4, 11, 13, -1,
      4, 13, 15, -1,
      24, 23, 36, -1,
      2, 3, 5, -1,
      5, 3, 38, -1,
      32, 30, 28, -1,
      20, 5, 23, -1,
      23, 5, 38, -1,
      23, 38, 36, -1,
      32, 28, 34, -1,
      34, 28, 36, -1,
      36, 28, 26, -1,
      36, 26, 24, -1,
      20, 18, 5, -1,
      5, 18, 16, -1,
      5, 16, 14, -1,
      14, 12, 5, -1,
      5, 12, 10, -1,
      5, 10, 6, -1,
      6, 10, 8, -1,
    ]
  }
}

Shape {
  appearance Appearance {
    material Material {
      diffuseColor 0.3176 0.2471 0.2078
      specularColor 0.1608 0.1216 0.1059
      ambientIntensity 0.2
      transparency 0.0000
      shininess 0.5
    }
  }
  geometry IndexedFaceSet {
    ccw TRUE
    solid FALSE
    coord DEF co Coordinate {
      point [
        0.437008 0.984252 -0.009843,
        0.350394 0.984252 -0.009843,
        0.437008 0.984252 0.070866,
        0.350394 0.984252 0.070866,
      ]
    }
    coordIndex [
      0, 1, 2, -1,
      2, 1, 3, -1,
    ]
  }
}

Shape {
  appearance Appearance {
    material Material {
      diffuseColor 0.8980 0.8980 0.8980
      specularColor 0.7176 0.7176 0.7176
      ambientIntensity 0.2
      transparency 0.0000
      shininess 0.5
    }
  }
  geometry IndexedFaceSet {
    ccw TRUE
    solid FALSE
    coord DEF co Coordinate {
      point [
        0.437008 0.984252 -0.009843,
        0.350394 0.984252 -0.009843,
        0.437008 0.984252 0.070866,
        0.350394 0.984252 0.070866,
        0.437008 0.846457 -0.009843,
        0.437008 0.846457 0.070866,
        0.436630 0.842616 0.070866,
        0.436630 0.842616 -0.009843,
        0.435509 0.838924 0.070866,
        0.435509 0.838924 -0.009843,
        0.433690 0.835520 0.070866,
        0.433690 0.835520 -0.009843,
        0.431242 0.832537 0.070866,
        0.431242 0.832537 -0.009843,
        0.428259 0.830089 0.070866,
        0.428259 0.830089 -0.009843,
        0.424856 0.828270 0.070866,
        0.424856 0.828270 -0.009843,
        0.421163 0.827150 0.070866,
        0.421163 0.827150 -0.009843,
        0.417323 0.826772 0.070866,
        0.417323 0.826772 -0.009843,
        0.370079 0.826772 -0.009843,
        0.370079 0.826772 0.070866,
        0.366239 0.827150 0.070866,
        0.366239 0.827150 -0.009843,
        0.362546 0.828270 0.070866,
        0.362546 0.828270 -0.009843,
        0.359142 0.830089 0.070866,
        0.359142 0.830089 -0.009843,
        0.356159 0.832537 0.070866,
        0.356159 0.832537 -0.009843,
        0.353711 0.835520 0.070866,
        0.353711 0.835520 -0.009843,
        0.351892 0.838924 0.070866,
        0.351892 0.838924 -0.009843,
        0.350772 0.842616 0.070866,
        0.350772 0.842616 -0.009843,
        0.350394 0.846457 0.070866,
        0.350394 0.846457 -0.009843,
      ]
    }
    coordIndex [
      4, 0, 5, -1,
      5, 0, 2, -1,
      4, 5, 6, -1,
      4, 6, 7, -1,
      7, 6, 8, -1,
      7, 8, 9, -1,
      9, 8, 10, -1,
      9, 10, 11, -1,
      11, 10, 12, -1,
      11, 12, 13, -1,
      13, 12, 14, -1,
      13, 14, 15, -1,
      15, 14, 16, -1,
      15, 16, 17, -1,
      17, 16, 18, -1,
      17, 18, 19, -1,
      19, 18, 20, -1,
      19, 20, 21, -1,
      22, 21, 23, -1,
      23, 21, 20, -1,
      22, 23, 24, -1,
      22, 24, 25, -1,
      25, 24, 26, -1,
      25, 26, 27, -1,
      27, 26, 28, -1,
      27, 28, 29, -1,
      29, 28, 30, -1,
      29, 30, 31, -1,
      31, 30, 32, -1,
      31, 32, 33, -1,
      33, 32, 34, -1,
      33, 34, 35, -1,
      35, 34, 36, -1,
      35, 36, 37, -1,
      37, 36, 38, -1,
      37, 38, 39, -1,
      1, 39, 3, -1,
      3, 39, 38, -1,
      39, 1, 0, -1,
      19, 21, 4, -1,
      4, 21, 0, -1,
      19, 4, 17, -1,
      17, 4, 7, -1,
      17, 7, 9, -1,
      0, 21, 39, -1,
      39, 21, 22, -1,
      39, 22, 25, -1,
      11, 13, 9, -1,
      9, 13, 15, -1,
      9, 15, 17, -1,
      33, 35, 31, -1,
      31, 35, 29, -1,
      25, 27, 39, -1,
      39, 27, 29, -1,
      39, 29, 37, -1,
      37, 29, 35, -1,
      6, 5, 16, -1,
      2, 3, 5, -1,
      5, 3, 38, -1,
      24, 23, 38, -1,
      16, 5, 18, -1,
      38, 23, 5, -1,
      5, 23, 20, -1,
      5, 20, 18, -1,
      12, 10, 8, -1,
      32, 30, 34, -1,
      34, 30, 28, -1,
      34, 28, 36, -1,
      36, 28, 38, -1,
      38, 28, 26, -1,
      38, 26, 24, -1,
      6, 16, 8, -1,
      8, 16, 14, -1,
      8, 14, 12, -1,
    ]
  }
}

Shape {
  appearance Appearance {
    material Material {
      diffuseColor 0.3176 0.2471 0.2078
      specularColor 0.1608 0.1216 0.1059
      ambientIntensity 0.2
      transparency 0.0000
      shininess 0.5
    }
  }
  geometry IndexedFaceSet {
    ccw TRUE
    solid FALSE
    coord DEF co Coordinate {
      point [
        -0.984252 0.437008 -0.009843,
        -0.984252 0.350394 -0.009843,
        -0.984252 0.437008 0.070866,
        -0.984252 0.350394 0.070866,
      ]
    }
    coordIndex [
      0, 1, 2, -1,
      2, 1, 3, -1,
    ]
  }
}

Shape {
  appearance Appearance {
    material Material {
      diffuseColor 0.8980 0.8980 0.8980
      specularColor 0.7176 0.7176 0.7176
      ambientIntensity 0.2
      transparency 0.0000
      shininess 0.5
    }
  }
  geometry IndexedFaceSet {
    ccw TRUE
    solid FALSE
    coord DEF co Coordinate {
      point [
        -0.984252 0.437008 -0.009843,
        -0.984252 0.350394 -0.009843,
        -0.984252 0.437008 0.070866,
        -0.984252 0.350394 0.070866,
        -0.846457 0.437008 -0.009843,
        -0.846457 0.437008 0.070866,
        -0.842616 0.436630 0.070866,
        -0.842616 0.436630 -0.009843,
        -0.838924 0.435509 0.070866,
        -0.838924 0.435509 -0.009843,
        -0.835520 0.433690 0.070866,
        -0.835520 0.433690 -0.009843,
        -0.832537 0.431242 0.070866,
        -0.832537 0.431242 -0.009843,
        -0.830089 0.428259 0.070866,
        -0.830089 0.428259 -0.009843,
        -0.828270 0.424856 0.070866,
        -0.828270 0.424856 -0.009843,
        -0.827150 0.421163 0.070866,
        -0.827150 0.421163 -0.009843,
        -0.826772 0.417323 0.070866,
        -0.826772 0.417323 -0.009843,
        -0.826772 0.370079 -0.009843,
        -0.826772 0.370079 0.070866,
        -0.827150 0.366239 0.070866,
        -0.827150 0.366239 -0.009843,
        -0.828270 0.362546 0.070866,
        -0.828270 0.362546 -0.009843,
        -0.830089 0.359142 0.070866,
        -0.830089 0.359142 -0.009843,
        -0.832537 0.356159 0.070866,
        -0.832537 0.356159 -0.009843,
        -0.835520 0.353711 0.070866,
        -0.835520 0.353711 -0.009843,
        -0.838924 0.351892 0.070866,
        -0.838924 0.351892 -0.009843,
        -0.842616 0.350772 0.070866,
        -0.842616 0.350772 -0.009843,
        -0.846457 0.350394 0.070866,
        -0.846457 0.350394 -0.009843,
      ]
    }
    coordIndex [
      4, 0, 5, -1,
      5, 0, 2, -1,
      4, 5, 6, -1,
      4, 6, 7, -1,
      7, 6, 8, -1,
      7, 8, 9, -1,
      9, 8, 10, -1,
      9, 10, 11, -1,
      11, 10, 12, -1,
      11, 12, 13, -1,
      13, 12, 14, -1,
      13, 14, 15, -1,
      15, 14, 16, -1,
      15, 16, 17, -1,
      17, 16, 18, -1,
      17, 18, 19, -1,
      19, 18, 20, -1,
      19, 20, 21, -1,
      22, 21, 23, -1,
      23, 21, 20, -1,
      22, 23, 24, -1,
      22, 24, 25, -1,
      25, 24, 26, -1,
      25, 26, 27, -1,
      27, 26, 28, -1,
      27, 28, 29, -1,
      29, 28, 30, -1,
      29, 30, 31, -1,
      31, 30, 32, -1,
      31, 32, 33, -1,
      33, 32, 34, -1,
      33, 34, 35, -1,
      35, 34, 36, -1,
      35, 36, 37, -1,
      37, 36, 38, -1,
      37, 38, 39, -1,
      1, 39, 3, -1,
      3, 39, 38, -1,
      1, 0, 39, -1,
      39, 0, 4, -1,
      37, 39, 25, -1,
      25, 39, 22, -1,
      29, 31, 33, -1,
      29, 33, 27, -1,
      27, 33, 25, -1,
      25, 33, 35, -1,
      25, 35, 37, -1,
      9, 11, 19, -1,
      11, 13, 19, -1,
      19, 13, 15, -1,
      19, 15, 17, -1,
      22, 39, 21, -1,
      21, 39, 4, -1,
      21, 4, 19, -1,
      19, 4, 7, -1,
      19, 7, 9, -1,
      2, 3, 5, -1,
      5, 3, 38, -1,
      20, 5, 23, -1,
      23, 5, 38, -1,
      23, 38, 24, -1,
      24, 38, 36, -1,
      32, 30, 28, -1,
      36, 34, 24, -1,
      24, 34, 32, -1,
      24, 32, 26, -1,
      26, 32, 28, -1,
      20, 18, 5, -1,
      5, 18, 16, -1,
      5, 16, 14, -1,
      14, 12, 5, -1,
      5, 12, 10, -1,
      5, 10, 6, -1,
      6, 10, 8, -1,
    ]
  }
}

Shape {
  appearance Appearance {
    material Material {
      diffuseColor 0.3176 0.2471 0.2078
      specularColor 0.1608 0.1216 0.1059
      ambientIntensity 0.2
      transparency 0.0000
      shininess 0.5
    }
  }
  geometry IndexedFaceSet {
    ccw TRUE
    solid FALSE
    coord DEF co Coordinate {
      point [
        -0.437008 -0.984252 -0.009843,
        -0.350394 -0.984252 -0.009843,
        -0.437008 -0.984252 0.070866,
        -0.350394 -0.984252 0.070866,
      ]
    }
    coordIndex [
      0, 1, 2, -1,
      2, 1, 3, -1,
    ]
  }
}

Shape {
  appearance Appearance {
    material Material {
      diffuseColor 0.8980 0.8980 0.8980
      specularColor 0.7176 0.7176 0.7176
      ambientIntensity 0.2
      transparency 0.0000
      shininess 0.5
    }
  }
  geometry IndexedFaceSet {
    ccw TRUE
    solid FALSE
    coord DEF co Coordinate {
      point [
        -0.437008 -0.984252 -0.009843,
        -0.350394 -0.984252 -0.009843,
        -0.437008 -0.984252 0.070866,
        -0.350394 -0.984252 0.070866,
        -0.437008 -0.846457 -0.009843,
        -0.437008 -0.846457 0.070866,
        -0.436630 -0.842616 0.070866,
        -0.436630 -0.842616 -0.009843,
        -0.435509 -0.838924 0.070866,
        -0.435509 -0.838924 -0.009843,
        -0.433690 -0.835520 0.070866,
        -0.433690 -0.835520 -0.009843,
        -0.431242 -0.832537 0.070866,
        -0.431242 -0.832537 -0.009843,
        -0.428259 -0.830089 0.070866,
        -0.428259 -0.830089 -0.009843,
        -0.424856 -0.828270 0.070866,
        -0.424856 -0.828270 -0.009843,
        -0.421163 -0.827150 0.070866,
        -0.421163 -0.827150 -0.009843,
        -0.417323 -0.826772 0.070866,
        -0.417323 -0.826772 -0.009843,
        -0.370079 -0.826772 -0.009843,
        -0.370079 -0.826772 0.070866,
        -0.366239 -0.827150 0.070866,
        -0.366239 -0.827150 -0.009843,
        -0.362546 -0.828270 0.070866,
        -0.362546 -0.828270 -0.009843,
        -0.359142 -0.830089 0.070866,
        -0.359142 -0.830089 -0.009843,
        -0.356159 -0.832537 0.070866,
        -0.356159 -0.832537 -0.009843,
        -0.353711 -0.835520 0.070866,
        -0.353711 -0.835520 -0.009843,
        -0.351892 -0.838924 0.070866,
        -0.351892 -0.838924 -0.009843,
        -0.350772 -0.842616 0.070866,
        -0.350772 -0.842616 -0.009843,
        -0.350394 -0.846457 0.070866,
        -0.350394 -0.846457 -0.009843,
      ]
    }
    coordIndex [
      4, 0, 5, -1,
      5, 0, 2, -1,
      4, 5, 6, -1,
      4, 6, 7, -1,
      7, 6, 8, -1,
      7, 8, 9, -1,
      9, 8, 10, -1,
      9, 10, 11, -1,
      11, 10, 12, -1,
      11, 12, 13, -1,
      13, 12, 14, -1,
      13, 14, 15, -1,
      15, 14, 16, -1,
      15, 16, 17, -1,
      17, 16, 18, -1,
      17, 18, 19, -1,
      19, 18, 20, -1,
      19, 20, 21, -1,
      22, 21, 23, -1,
      23, 21, 20, -1,
      22, 23, 24, -1,
      22, 24, 25, -1,
      25, 24, 26, -1,
      25, 26, 27, -1,
      27, 26, 28, -1,
      27, 28, 29, -1,
      29, 28, 30, -1,
      29, 30, 31, -1,
      31, 30, 32, -1,
      31, 32, 33, -1,
      33, 32, 34, -1,
      33, 34, 35, -1,
      35, 34, 36, -1,
      35, 36, 37, -1,
      37, 36, 38, -1,
      37, 38, 39, -1,
      1, 39, 3, -1,
      3, 39, 38, -1,
      1, 0, 39, -1,
      39, 0, 4, -1,
      27, 29, 31, -1,
      27, 31, 25, -1,
      25, 31, 22, -1,
      22, 31, 33, -1,
      22, 33, 35, -1,
      17, 19, 4, -1,
      4, 19, 21, -1,
      4, 21, 39, -1,
      39, 21, 22, -1,
      39, 22, 37, -1,
      37, 22, 35, -1,
      9, 11, 7, -1,
      7, 11, 13, -1,
      7, 13, 4, -1,
      4, 13, 15, -1,
      4, 15, 17, -1,
      30, 28, 26, -1,
      2, 3, 5, -1,
      5, 3, 38, -1,
      5, 38, 23, -1,
      23, 38, 36, -1,
      23, 36, 34, -1,
      34, 32, 23, -1,
      23, 32, 30, -1,
      23, 30, 24, -1,
      24, 30, 26, -1,
      23, 20, 5, -1,
      5, 20, 18, -1,
      5, 18, 16, -1,
      16, 14, 5, -1,
      5, 14, 12, -1,
      5, 12, 6, -1,
      6, 12, 10, -1,
      6, 10, 8, -1,
    ]
  }
}

Shape {
  appearance Appearance {
    material Material {
      diffuseColor 0.3176 0.2471 0.2078
      specularColor 0.1608 0.1216 0.1059
      ambientIntensity 0.2
      transparency 0.0000
      shininess 0.5
    }
  }
  geometry IndexedFaceSet {
    ccw TRUE
    solid FALSE
    coord DEF co Coordinate {
      point [
        0.594488 0.984252 -0.009843,
        0.507874 0.984252 -0.009843,
        0.594488 0.984252 0.070866,
        0.507874 0.984252 0.070866,
      ]
    }
    coordIndex [
      0, 1, 2, -1,
      2, 1, 3, -1,
    ]
  }
}

Shape {
  appearance Appearance {
    material Material {
      diffuseColor 0.8980 0.8980 0.8980
      specularColor 0.7176 0.7176 0.7176
      ambientIntensity 0.2
      transparency 0.0000
      shininess 0.5
    }
  }
  geometry IndexedFaceSet {
    ccw TRUE
    solid FALSE
    coord DEF co Coordinate {
      point [
        0.594488 0.984252 -0.009843,
        0.507874 0.984252 -0.009843,
        0.594488 0.984252 0.070866,
        0.507874 0.984252 0.070866,
        0.594488 0.846457 -0.009843,
        0.594488 0.846457 0.070866,
        0.594110 0.842616 0.070866,
        0.594110 0.842616 -0.009843,
        0.592990 0.838924 0.070866,
        0.592990 0.838924 -0.009843,
        0.591170 0.835520 0.070866,
        0.591170 0.835520 -0.009843,
        0.588722 0.832537 0.070866,
        0.588722 0.832537 -0.009843,
        0.585740 0.830089 0.070866,
        0.585740 0.830089 -0.009843,
        0.582336 0.828270 0.070866,
        0.582336 0.828270 -0.009843,
        0.578643 0.827150 0.070866,
        0.578643 0.827150 -0.009843,
        0.574803 0.826772 0.070866,
        0.574803 0.826772 -0.009843,
        0.527559 0.826772 -0.009843,
        0.527559 0.826772 0.070866,
        0.523719 0.827150 0.070866,
        0.523719 0.827150 -0.009843,
        0.520026 0.828270 0.070866,
        0.520026 0.828270 -0.009843,
        0.516623 0.830089 0.070866,
        0.516623 0.830089 -0.009843,
        0.513640 0.832537 0.070866,
        0.513640 0.832537 -0.009843,
        0.511192 0.835520 0.070866,
        0.511192 0.835520 -0.009843,
        0.509372 0.838924 0.070866,
        0.509372 0.838924 -0.009843,
        0.508252 0.842616 0.070866,
        0.508252 0.842616 -0.009843,
        0.507874 0.846457 0.070866,
        0.507874 0.846457 -0.009843,
      ]
    }
    coordIndex [
      4, 0, 5, -1,
      5, 0, 2, -1,
      4, 5, 6, -1,
      4, 6, 7, -1,
      7, 6, 8, -1,
      7, 8, 9, -1,
      9, 8, 10, -1,
      9, 10, 11, -1,
      11, 10, 12, -1,
      11, 12, 13, -1,
      13, 12, 14, -1,
      13, 14, 15, -1,
      15, 14, 16, -1,
      15, 16, 17, -1,
      17, 16, 18, -1,
      17, 18, 19, -1,
      19, 18, 20, -1,
      19, 20, 21, -1,
      22, 21, 23, -1,
      23, 21, 20, -1,
      22, 23, 24, -1,
      22, 24, 25, -1,
      25, 24, 26, -1,
      25, 26, 27, -1,
      27, 26, 28, -1,
      27, 28, 29, -1,
      29, 28, 30, -1,
      29, 30, 31, -1,
      31, 30, 32, -1,
      31, 32, 33, -1,
      33, 32, 34, -1,
      33, 34, 35, -1,
      35, 34, 36, -1,
      35, 36, 37, -1,
      37, 36, 38, -1,
      37, 38, 39, -1,
      1, 39, 3, -1,
      3, 39, 38, -1,
      19, 21, 4, -1,
      4, 21, 0, -1,
      27, 29, 39, -1,
      19, 4, 17, -1,
      17, 4, 7, -1,
      17, 7, 9, -1,
      11, 13, 9, -1,
      9, 13, 15, -1,
      9, 15, 17, -1,
      0, 21, 1, -1,
      1, 21, 22, -1,
      1, 22, 39, -1,
      39, 22, 25, -1,
      39, 25, 27, -1,
      29, 31, 33, -1,
      33, 35, 29, -1,
      29, 35, 37, -1,
      29, 37, 39, -1,
      6, 5, 16, -1,
      2, 3, 5, -1,
      5, 3, 38, -1,
      16, 5, 18, -1,
      32, 30, 28, -1,
      12, 10, 8, -1,
      26, 24, 38, -1,
      38, 24, 23, -1,
      38, 23, 5, -1,
      5, 23, 20, -1,
      5, 20, 18, -1,
      32, 28, 34, -1,
      6, 16, 8, -1,
      8, 16, 14, -1,
      8, 14, 12, -1,
      26, 38, 28, -1,
      28, 38, 36, -1,
      28, 36, 34, -1,
    ]
  }
}

Shape {
  appearance Appearance {
    material Material {
      diffuseColor 0.3176 0.2471 0.2078
      specularColor 0.1608 0.1216 0.1059
      ambientIntensity 0.2
      transparency 0.0000
      shininess 0.5
    }
  }
  geometry IndexedFaceSet {
    ccw TRUE
    solid FALSE
    coord DEF co Coordinate {
      point [
        -0.984252 0.594488 -0.009843,
        -0.984252 0.507874 -0.009843,
        -0.984252 0.594488 0.070866,
        -0.984252 0.507874 0.070866,
      ]
    }
    coordIndex [
      0, 1, 2, -1,
      2, 1, 3, -1,
    ]
  }
}

Shape {
  appearance Appearance {
    material Material {
      diffuseColor 0.8980 0.8980 0.8980
      specularColor 0.7176 0.7176 0.7176
      ambientIntensity 0.2
      transparency 0.0000
      shininess 0.5
    }
  }
  geometry IndexedFaceSet {
    ccw TRUE
    solid FALSE
    coord DEF co Coordinate {
      point [
        -0.984252 0.594488 -0.009843,
        -0.984252 0.507874 -0.009843,
        -0.984252 0.594488 0.070866,
        -0.984252 0.507874 0.070866,
        -0.846457 0.594488 -0.009843,
        -0.846457 0.594488 0.070866,
        -0.842616 0.594110 0.070866,
        -0.842616 0.594110 -0.009843,
        -0.838924 0.592990 0.070866,
        -0.838924 0.592990 -0.009843,
        -0.835520 0.591170 0.070866,
        -0.835520 0.591170 -0.009843,
        -0.832537 0.588722 0.070866,
        -0.832537 0.588722 -0.009843,
        -0.830089 0.585740 0.070866,
        -0.830089 0.585740 -0.009843,
        -0.828270 0.582336 0.070866,
        -0.828270 0.582336 -0.009843,
        -0.827150 0.578643 0.070866,
        -0.827150 0.578643 -0.009843,
        -0.826772 0.574803 0.070866,
        -0.826772 0.574803 -0.009843,
        -0.826772 0.527559 -0.009843,
        -0.826772 0.527559 0.070866,
        -0.827150 0.523719 0.070866,
        -0.827150 0.523719 -0.009843,
        -0.828270 0.520026 0.070866,
        -0.828270 0.520026 -0.009843,
        -0.830089 0.516623 0.070866,
        -0.830089 0.516623 -0.009843,
        -0.832537 0.513640 0.070866,
        -0.832537 0.513640 -0.009843,
        -0.835520 0.511192 0.070866,
        -0.835520 0.511192 -0.009843,
        -0.838924 0.509372 0.070866,
        -0.838924 0.509372 -0.009843,
        -0.842616 0.508252 0.070866,
        -0.842616 0.508252 -0.009843,
        -0.846457 0.507874 0.070866,
        -0.846457 0.507874 -0.009843,
      ]
    }
    coordIndex [
      4, 0, 5, -1,
      5, 0, 2, -1,
      4, 5, 6, -1,
      4, 6, 7, -1,
      7, 6, 8, -1,
      7, 8, 9, -1,
      9, 8, 10, -1,
      9, 10, 11, -1,
      11, 10, 12, -1,
      11, 12, 13, -1,
      13, 12, 14, -1,
      13, 14, 15, -1,
      15, 14, 16, -1,
      15, 16, 17, -1,
      17, 16, 18, -1,
      17, 18, 19, -1,
      19, 18, 20, -1,
      19, 20, 21, -1,
      22, 21, 23, -1,
      23, 21, 20, -1,
      22, 23, 24, -1,
      22, 24, 25, -1,
      25, 24, 26, -1,
      25, 26, 27, -1,
      27, 26, 28, -1,
      27, 28, 29, -1,
      29, 28, 30, -1,
      29, 30, 31, -1,
      31, 30, 32, -1,
      31, 32, 33, -1,
      33, 32, 34, -1,
      33, 34, 35, -1,
      35, 34, 36, -1,
      35, 36, 37, -1,
      37, 36, 38, -1,
      37, 38, 39, -1,
      1, 39, 3, -1,
      3, 39, 38, -1,
      1, 0, 39, -1,
      39, 0, 4, -1,
      11, 13, 15, -1,
      17, 19, 4, -1,
      4, 19, 21, -1,
      4, 21, 39, -1,
      39, 21, 22, -1,
      39, 22, 37, -1,
      29, 31, 27, -1,
      27, 31, 33, -1,
      27, 33, 25, -1,
      25, 33, 22, -1,
      22, 33, 35, -1,
      22, 35, 37, -1,
      11, 15, 9, -1,
      17, 4, 15, -1,
      15, 4, 7, -1,
      15, 7, 9, -1,
      2, 3, 5, -1,
      5, 3, 38, -1,
      20, 5, 23, -1,
      23, 5, 38, -1,
      23, 38, 36, -1,
      28, 26, 30, -1,
      30, 26, 32, -1,
      36, 34, 23, -1,
      23, 34, 32, -1,
      23, 32, 24, -1,
      24, 32, 26, -1,
      20, 18, 5, -1,
      5, 18, 16, -1,
      5, 16, 14, -1,
      14, 12, 5, -1,
      5, 12, 10, -1,
      5, 10, 6, -1,
      6, 10, 8, -1,
    ]
  }
}

Shape {
  appearance Appearance {
    material Material {
      diffuseColor 0.3176 0.2471 0.2078
      specularColor 0.1608 0.1216 0.1059
      ambientIntensity 0.2
      transparency 0.0000
      shininess 0.5
    }
  }
  geometry IndexedFaceSet {
    ccw TRUE
    solid FALSE
    coord DEF co Coordinate {
      point [
        -0.594488 -0.984252 -0.009843,
        -0.507874 -0.984252 -0.009843,
        -0.594488 -0.984252 0.070866,
        -0.507874 -0.984252 0.070866,
      ]
    }
    coordIndex [
      0, 1, 2, -1,
      2, 1, 3, -1,
    ]
  }
}

Shape {
  appearance Appearance {
    material Material {
      diffuseColor 0.8980 0.8980 0.8980
      specularColor 0.7176 0.7176 0.7176
      ambientIntensity 0.2
      transparency 0.0000
      shininess 0.5
    }
  }
  geometry IndexedFaceSet {
    ccw TRUE
    solid FALSE
    coord DEF co Coordinate {
      point [
        -0.594488 -0.984252 -0.009843,
        -0.507874 -0.984252 -0.009843,
        -0.594488 -0.984252 0.070866,
        -0.507874 -0.984252 0.070866,
        -0.594488 -0.846457 -0.009843,
        -0.594488 -0.846457 0.070866,
        -0.594110 -0.842616 0.070866,
        -0.594110 -0.842616 -0.009843,
        -0.592990 -0.838924 0.070866,
        -0.592990 -0.838924 -0.009843,
        -0.591170 -0.835520 0.070866,
        -0.591170 -0.835520 -0.009843,
        -0.588722 -0.832537 0.070866,
        -0.588722 -0.832537 -0.009843,
        -0.585740 -0.830089 0.070866,
        -0.585740 -0.830089 -0.009843,
        -0.582336 -0.828270 0.070866,
        -0.582336 -0.828270 -0.009843,
        -0.578643 -0.827150 0.070866,
        -0.578643 -0.827150 -0.009843,
        -0.574803 -0.826772 0.070866,
        -0.574803 -0.826772 -0.009843,
        -0.527559 -0.826772 -0.009843,
        -0.527559 -0.826772 0.070866,
        -0.523719 -0.827150 0.070866,
        -0.523719 -0.827150 -0.009843,
        -0.520026 -0.828270 0.070866,
        -0.520026 -0.828270 -0.009843,
        -0.516623 -0.830089 0.070866,
        -0.516623 -0.830089 -0.009843,
        -0.513640 -0.832537 0.070866,
        -0.513640 -0.832537 -0.009843,
        -0.511192 -0.835520 0.070866,
        -0.511192 -0.835520 -0.009843,
        -0.509372 -0.838924 0.070866,
        -0.509372 -0.838924 -0.009843,
        -0.508252 -0.842616 0.070866,
        -0.508252 -0.842616 -0.009843,
        -0.507874 -0.846457 0.070866,
        -0.507874 -0.846457 -0.009843,
      ]
    }
    coordIndex [
      4, 0, 5, -1,
      5, 0, 2, -1,
      4, 5, 6, -1,
      4, 6, 7, -1,
      7, 6, 8, -1,
      7, 8, 9, -1,
      9, 8, 10, -1,
      9, 10, 11, -1,
      11, 10, 12, -1,
      11, 12, 13, -1,
      13, 12, 14, -1,
      13, 14, 15, -1,
      15, 14, 16, -1,
      15, 16, 17, -1,
      17, 16, 18, -1,
      17, 18, 19, -1,
      19, 18, 20, -1,
      19, 20, 21, -1,
      22, 21, 23, -1,
      23, 21, 20, -1,
      22, 23, 24, -1,
      22, 24, 25, -1,
      25, 24, 26, -1,
      25, 26, 27, -1,
      27, 26, 28, -1,
      27, 28, 29, -1,
      29, 28, 30, -1,
      29, 30, 31, -1,
      31, 30, 32, -1,
      31, 32, 33, -1,
      33, 32, 34, -1,
      33, 34, 35, -1,
      35, 34, 36, -1,
      35, 36, 37, -1,
      37, 36, 38, -1,
      37, 38, 39, -1,
      1, 39, 3, -1,
      3, 39, 38, -1,
      1, 0, 39, -1,
      39, 0, 4, -1,
      27, 29, 31, -1,
      27, 31, 25, -1,
      17, 19, 4, -1,
      4, 19, 21, -1,
      4, 21, 39, -1,
      39, 21, 22, -1,
      39, 22, 37, -1,
      37, 22, 35, -1,
      25, 31, 22, -1,
      22, 31, 33, -1,
      22, 33, 35, -1,
      9, 11, 7, -1,
      7, 11, 13, -1,
      7, 13, 4, -1,
      4, 13, 15, -1,
      4, 15, 17, -1,
      30, 28, 26, -1,
      2, 3, 5, -1,
      5, 3, 38, -1,
      5, 38, 23, -1,
      23, 38, 36, -1,
      23, 36, 34, -1,
      26, 24, 30, -1,
      30, 24, 23, -1,
      30, 23, 32, -1,
      32, 23, 34, -1,
      23, 20, 5, -1,
      5, 20, 18, -1,
      5, 18, 16, -1,
      16, 14, 5, -1,
      5, 14, 12, -1,
      5, 12, 6, -1,
      6, 12, 10, -1,
      6, 10, 8, -1,
    ]
  }
}

Shape {
  appearance Appearance {
    material Material {
      diffuseColor 0.3176 0.2471 0.2078
      specularColor 0.1608 0.1216 0.1059
      ambientIntensity 0.2
      transparency 0.0000
      shininess 0.5
    }
  }
  geometry IndexedFaceSet {
    ccw TRUE
    solid FALSE
    coord DEF co Coordinate {
      point [
        0.751969 0.984252 -0.009843,
        0.665354 0.984252 -0.009843,
        0.751969 0.984252 0.070866,
        0.665354 0.984252 0.070866,
      ]
    }
    coordIndex [
      0, 1, 2, -1,
      2, 1, 3, -1,
    ]
  }
}

Shape {
  appearance Appearance {
    material Material {
      diffuseColor 0.8980 0.8980 0.8980
      specularColor 0.7176 0.7176 0.7176
      ambientIntensity 0.2
      transparency 0.0000
      shininess 0.5
    }
  }
  geometry IndexedFaceSet {
    ccw TRUE
    solid FALSE
    coord DEF co Coordinate {
      point [
        0.751969 0.984252 -0.009843,
        0.665354 0.984252 -0.009843,
        0.751969 0.984252 0.070866,
        0.665354 0.984252 0.070866,
        0.751969 0.846457 -0.009843,
        0.751969 0.846457 0.070866,
        0.751590 0.842616 0.070866,
        0.751590 0.842616 -0.009843,
        0.750470 0.838924 0.070866,
        0.750470 0.838924 -0.009843,
        0.748651 0.835520 0.070866,
        0.748651 0.835520 -0.009843,
        0.746203 0.832537 0.070866,
        0.746203 0.832537 -0.009843,
        0.743220 0.830089 0.070866,
        0.743220 0.830089 -0.009843,
        0.739817 0.828270 0.070866,
        0.739817 0.828270 -0.009843,
        0.736124 0.827150 0.070866,
        0.736124 0.827150 -0.009843,
        0.732283 0.826772 0.070866,
        0.732283 0.826772 -0.009843,
        0.685039 0.826772 -0.009843,
        0.685039 0.826772 0.070866,
        0.681199 0.827150 0.070866,
        0.681199 0.827150 -0.009843,
        0.677506 0.828270 0.070866,
        0.677506 0.828270 -0.009843,
        0.674103 0.830089 0.070866,
        0.674103 0.830089 -0.009843,
        0.671120 0.832537 0.070866,
        0.671120 0.832537 -0.009843,
        0.668672 0.835520 0.070866,
        0.668672 0.835520 -0.009843,
        0.666853 0.838924 0.070866,
        0.666853 0.838924 -0.009843,
        0.665733 0.842616 0.070866,
        0.665733 0.842616 -0.009843,
        0.665354 0.846457 0.070866,
        0.665354 0.846457 -0.009843,
      ]
    }
    coordIndex [
      4, 0, 5, -1,
      5, 0, 2, -1,
      4, 5, 6, -1,
      4, 6, 7, -1,
      7, 6, 8, -1,
      7, 8, 9, -1,
      9, 8, 10, -1,
      9, 10, 11, -1,
      11, 10, 12, -1,
      11, 12, 13, -1,
      13, 12, 14, -1,
      13, 14, 15, -1,
      15, 14, 16, -1,
      15, 16, 17, -1,
      17, 16, 18, -1,
      17, 18, 19, -1,
      19, 18, 20, -1,
      19, 20, 21, -1,
      22, 21, 23, -1,
      23, 21, 20, -1,
      22, 23, 24, -1,
      22, 24, 25, -1,
      25, 24, 26, -1,
      25, 26, 27, -1,
      27, 26, 28, -1,
      27, 28, 29, -1,
      29, 28, 30, -1,
      29, 30, 31, -1,
      31, 30, 32, -1,
      31, 32, 33, -1,
      33, 32, 34, -1,
      33, 34, 35, -1,
      35, 34, 36, -1,
      35, 36, 37, -1,
      37, 36, 38, -1,
      37, 38, 39, -1,
      1, 39, 3, -1,
      3, 39, 38, -1,
      1, 0, 39, -1,
      39, 0, 4, -1,
      9, 17, 7, -1,
      7, 17, 4, -1,
      17, 19, 4, -1,
      4, 19, 21, -1,
      4, 21, 39, -1,
      39, 21, 22, -1,
      39, 22, 25, -1,
      11, 13, 9, -1,
      9, 13, 15, -1,
      9, 15, 17, -1,
      33, 35, 31, -1,
      31, 35, 29, -1,
      25, 27, 39, -1,
      39, 27, 29, -1,
      39, 29, 37, -1,
      37, 29, 35, -1,
      6, 5, 16, -1,
      2, 3, 5, -1,
      5, 3, 38, -1,
      24, 23, 38, -1,
      16, 5, 18, -1,
      38, 23, 5, -1,
      5, 23, 20, -1,
      5, 20, 18, -1,
      12, 10, 8, -1,
      32, 30, 34, -1,
      34, 30, 28, -1,
      34, 28, 36, -1,
      36, 28, 38, -1,
      38, 28, 26, -1,
      38, 26, 24, -1,
      6, 16, 8, -1,
      8, 16, 14, -1,
      8, 14, 12, -1,
    ]
  }
}

Shape {
  appearance Appearance {
    material Material {
      diffuseColor 0.3176 0.2471 0.2078
      specularColor 0.1608 0.1216 0.1059
      ambientIntensity 0.2
      transparency 0.0000
      shininess 0.5
    }
  }
  geometry IndexedFaceSet {
    ccw TRUE
    solid FALSE
    coord DEF co Coordinate {
      point [
        -0.984252 0.751969 -0.009843,
        -0.984252 0.665354 -0.009843,
        -0.984252 0.751969 0.070866,
        -0.984252 0.665354 0.070866,
      ]
    }
    coordIndex [
      0, 1, 2, -1,
      2, 1, 3, -1,
    ]
  }
}

Shape {
  appearance Appearance {
    material Material {
      diffuseColor 0.8980 0.8980 0.8980
      specularColor 0.7176 0.7176 0.7176
      ambientIntensity 0.2
      transparency 0.0000
      shininess 0.5
    }
  }
  geometry IndexedFaceSet {
    ccw TRUE
    solid FALSE
    coord DEF co Coordinate {
      point [
        -0.984252 0.751969 -0.009843,
        -0.984252 0.665354 -0.009843,
        -0.984252 0.751969 0.070866,
        -0.984252 0.665354 0.070866,
        -0.846457 0.751969 -0.009843,
        -0.846457 0.751969 0.070866,
        -0.842616 0.751590 0.070866,
        -0.842616 0.751590 -0.009843,
        -0.838924 0.750470 0.070866,
        -0.838924 0.750470 -0.009843,
        -0.835520 0.748651 0.070866,
        -0.835520 0.748651 -0.009843,
        -0.832537 0.746203 0.070866,
        -0.832537 0.746203 -0.009843,
        -0.830089 0.743220 0.070866,
        -0.830089 0.743220 -0.009843,
        -0.828270 0.739817 0.070866,
        -0.828270 0.739817 -0.009843,
        -0.827150 0.736124 0.070866,
        -0.827150 0.736124 -0.009843,
        -0.826772 0.732283 0.070866,
        -0.826772 0.732283 -0.009843,
        -0.826772 0.685039 -0.009843,
        -0.826772 0.685039 0.070866,
        -0.827150 0.681199 0.070866,
        -0.827150 0.681199 -0.009843,
        -0.828270 0.677506 0.070866,
        -0.828270 0.677506 -0.009843,
        -0.830089 0.674103 0.070866,
        -0.830089 0.674103 -0.009843,
        -0.832537 0.671120 0.070866,
        -0.832537 0.671120 -0.009843,
        -0.835520 0.668672 0.070866,
        -0.835520 0.668672 -0.009843,
        -0.838924 0.666853 0.070866,
        -0.838924 0.666853 -0.009843,
        -0.842616 0.665733 0.070866,
        -0.842616 0.665733 -0.009843,
        -0.846457 0.665354 0.070866,
        -0.846457 0.665354 -0.009843,
      ]
    }
    coordIndex [
      4, 0, 5, -1,
      5, 0, 2, -1,
      4, 5, 6, -1,
      4, 6, 7, -1,
      7, 6, 8, -1,
      7, 8, 9, -1,
      9, 8, 10, -1,
      9, 10, 11, -1,
      11, 10, 12, -1,
      11, 12, 13, -1,
      13, 12, 14, -1,
      13, 14, 15, -1,
      15, 14, 16, -1,
      15, 16, 17, -1,
      17, 16, 18, -1,
      17, 18, 19, -1,
      19, 18, 20, -1,
      19, 20, 21, -1,
      22, 21, 23, -1,
      23, 21, 20, -1,
      22, 23, 24, -1,
      22, 24, 25, -1,
      25, 24, 26, -1,
      25, 26, 27, -1,
      27, 26, 28, -1,
      27, 28, 29, -1,
      29, 28, 30, -1,
      29, 30, 31, -1,
      31, 30, 32, -1,
      31, 32, 33, -1,
      33, 32, 34, -1,
      33, 34, 35, -1,
      35, 34, 36, -1,
      35, 36, 37, -1,
      37, 36, 38, -1,
      37, 38, 39, -1,
      1, 39, 3, -1,
      3, 39, 38, -1,
      1, 0, 39, -1,
      39, 0, 4, -1,
      22, 25, 39, -1,
      39, 25, 27, -1,
      39, 27, 37, -1,
      37, 27, 35, -1,
      35, 27, 33, -1,
      33, 27, 29, -1,
      33, 29, 31, -1,
      9, 11, 19, -1,
      11, 13, 19, -1,
      19, 13, 15, -1,
      19, 15, 17, -1,
      22, 39, 21, -1,
      21, 39, 4, -1,
      21, 4, 19, -1,
      19, 4, 7, -1,
      19, 7, 9, -1,
      5, 2, 3, -1,
      3, 38, 5, -1,
      5, 38, 23, -1,
      5, 23, 20, -1,
      36, 26, 38, -1,
      38, 26, 24, -1,
      38, 24, 23, -1,
      36, 34, 26, -1,
      26, 34, 32, -1,
      26, 32, 28, -1,
      28, 32, 30, -1,
      20, 18, 5, -1,
      5, 18, 16, -1,
      5, 16, 14, -1,
      14, 12, 5, -1,
      5, 12, 10, -1,
      5, 10, 6, -1,
      6, 10, 8, -1,
    ]
  }
}

Shape {
  appearance Appearance {
    material Material {
      diffuseColor 0.3176 0.2471 0.2078
      specularColor 0.1608 0.1216 0.1059
      ambientIntensity 0.2
      transparency 0.0000
      shininess 0.5
    }
  }
  geometry IndexedFaceSet {
    ccw TRUE
    solid FALSE
    coord DEF co Coordinate {
      point [
        -0.751969 -0.984252 -0.009843,
        -0.665354 -0.984252 -0.009843,
        -0.751969 -0.984252 0.070866,
        -0.665354 -0.984252 0.070866,
      ]
    }
    coordIndex [
      0, 1, 2, -1,
      2, 1, 3, -1,
    ]
  }
}

Shape {
  appearance Appearance {
    material Material {
      diffuseColor 0.8980 0.8980 0.8980
      specularColor 0.7176 0.7176 0.7176
      ambientIntensity 0.2
      transparency 0.0000
      shininess 0.5
    }
  }
  geometry IndexedFaceSet {
    ccw TRUE
    solid FALSE
    coord DEF co Coordinate {
      point [
        -0.751969 -0.984252 -0.009843,
        -0.665354 -0.984252 -0.009843,
        -0.751969 -0.984252 0.070866,
        -0.665354 -0.984252 0.070866,
        -0.751969 -0.846457 -0.009843,
        -0.751969 -0.846457 0.070866,
        -0.751590 -0.842616 0.070866,
        -0.751590 -0.842616 -0.009843,
        -0.750470 -0.838924 0.070866,
        -0.750470 -0.838924 -0.009843,
        -0.748651 -0.835520 0.070866,
        -0.748651 -0.835520 -0.009843,
        -0.746203 -0.832537 0.070866,
        -0.746203 -0.832537 -0.009843,
        -0.743220 -0.830089 0.070866,
        -0.743220 -0.830089 -0.009843,
        -0.739817 -0.828270 0.070866,
        -0.739817 -0.828270 -0.009843,
        -0.736124 -0.827150 0.070866,
        -0.736124 -0.827150 -0.009843,
        -0.732283 -0.826772 0.070866,
        -0.732283 -0.826772 -0.009843,
        -0.685039 -0.826772 -0.009843,
        -0.685039 -0.826772 0.070866,
        -0.681199 -0.827150 0.070866,
        -0.681199 -0.827150 -0.009843,
        -0.677506 -0.828270 0.070866,
        -0.677506 -0.828270 -0.009843,
        -0.674103 -0.830089 0.070866,
        -0.674103 -0.830089 -0.009843,
        -0.671120 -0.832537 0.070866,
        -0.671120 -0.832537 -0.009843,
        -0.668672 -0.835520 0.070866,
        -0.668672 -0.835520 -0.009843,
        -0.666853 -0.838924 0.070866,
        -0.666853 -0.838924 -0.009843,
        -0.665733 -0.842616 0.070866,
        -0.665733 -0.842616 -0.009843,
        -0.665354 -0.846457 0.070866,
        -0.665354 -0.846457 -0.009843,
      ]
    }
    coordIndex [
      4, 0, 5, -1,
      5, 0, 2, -1,
      4, 5, 6, -1,
      4, 6, 7, -1,
      7, 6, 8, -1,
      7, 8, 9, -1,
      9, 8, 10, -1,
      9, 10, 11, -1,
      11, 10, 12, -1,
      11, 12, 13, -1,
      13, 12, 14, -1,
      13, 14, 15, -1,
      15, 14, 16, -1,
      15, 16, 17, -1,
      17, 16, 18, -1,
      17, 18, 19, -1,
      19, 18, 20, -1,
      19, 20, 21, -1,
      22, 21, 23, -1,
      23, 21, 20, -1,
      22, 23, 24, -1,
      22, 24, 25, -1,
      25, 24, 26, -1,
      25, 26, 27, -1,
      27, 26, 28, -1,
      27, 28, 29, -1,
      29, 28, 30, -1,
      29, 30, 31, -1,
      31, 30, 32, -1,
      31, 32, 33, -1,
      33, 32, 34, -1,
      33, 34, 35, -1,
      35, 34, 36, -1,
      35, 36, 37, -1,
      37, 36, 38, -1,
      37, 38, 39, -1,
      1, 39, 3, -1,
      3, 39, 38, -1,
      1, 0, 39, -1,
      39, 0, 4, -1,
      17, 19, 4, -1,
      4, 19, 21, -1,
      4, 21, 39, -1,
      39, 21, 22, -1,
      39, 22, 37, -1,
      37, 22, 35, -1,
      22, 25, 35, -1,
      35, 25, 27, -1,
      35, 27, 33, -1,
      33, 27, 29, -1,
      33, 29, 31, -1,
      9, 11, 7, -1,
      7, 11, 13, -1,
      7, 13, 4, -1,
      4, 13, 15, -1,
      4, 15, 17, -1,
      2, 3, 5, -1,
      5, 3, 38, -1,
      5, 38, 23, -1,
      23, 38, 36, -1,
      23, 36, 34, -1,
      30, 28, 32, -1,
      32, 28, 26, -1,
      32, 26, 34, -1,
      34, 26, 24, -1,
      34, 24, 23, -1,
      23, 20, 5, -1,
      5, 20, 18, -1,
      5, 18, 16, -1,
      16, 14, 5, -1,
      5, 14, 12, -1,
      5, 12, 6, -1,
      6, 12, 10, -1,
      6, 10, 8, -1,
    ]
  }
}

Shape {
  appearance Appearance {
    material Material {
      diffuseColor 0.3176 0.2471 0.2078
      specularColor 0.1608 0.1216 0.1059
      ambientIntensity 0.2
      transparency 0.0000
      shininess 0.5
    }
  }
  geometry IndexedFaceSet {
    ccw TRUE
    solid FALSE
    coord DEF co Coordinate {
      point [
        0.984252 -0.751969 -0.009843,
        0.984252 -0.665354 -0.009843,
        0.984252 -0.751969 0.070866,
        0.984252 -0.665354 0.070866,
      ]
    }
    coordIndex [
      0, 1, 2, -1,
      2, 1, 3, -1,
    ]
  }
}

Shape {
  appearance Appearance {
    material Material {
      diffuseColor 0.8980 0.8980 0.8980
      specularColor 0.7176 0.7176 0.7176
      ambientIntensity 0.2
      transparency 0.0000
      shininess 0.5
    }
  }
  geometry IndexedFaceSet {
    ccw TRUE
    solid FALSE
    coord DEF co Coordinate {
      point [
        0.984252 -0.751969 -0.009843,
        0.984252 -0.665354 -0.009843,
        0.984252 -0.751969 0.070866,
        0.984252 -0.665354 0.070866,
        0.846457 -0.751969 -0.009843,
        0.846457 -0.751969 0.070866,
        0.842616 -0.751590 0.070866,
        0.842616 -0.751590 -0.009843,
        0.838924 -0.750470 0.070866,
        0.838924 -0.750470 -0.009843,
        0.835520 -0.748651 0.070866,
        0.835520 -0.748651 -0.009843,
        0.832537 -0.746203 0.070866,
        0.832537 -0.746203 -0.009843,
        0.830089 -0.743220 0.070866,
        0.830089 -0.743220 -0.009843,
        0.828270 -0.739817 0.070866,
        0.828270 -0.739817 -0.009843,
        0.827150 -0.736124 0.070866,
        0.827150 -0.736124 -0.009843,
        0.826772 -0.732283 0.070866,
        0.826772 -0.732283 -0.009843,
        0.826772 -0.685039 -0.009843,
        0.826772 -0.685039 0.070866,
        0.827150 -0.681199 0.070866,
        0.827150 -0.681199 -0.009843,
        0.828270 -0.677506 0.070866,
        0.828270 -0.677506 -0.009843,
        0.830089 -0.674103 0.070866,
        0.830089 -0.674103 -0.009843,
        0.832537 -0.671120 0.070866,
        0.832537 -0.671120 -0.009843,
        0.835520 -0.668672 0.070866,
        0.835520 -0.668672 -0.009843,
        0.838924 -0.666853 0.070866,
        0.838924 -0.666853 -0.009843,
        0.842616 -0.665733 0.070866,
        0.842616 -0.665733 -0.009843,
        0.846457 -0.665354 0.070866,
        0.846457 -0.665354 -0.009843,
      ]
    }
    coordIndex [
      4, 0, 5, -1,
      5, 0, 2, -1,
      4, 5, 6, -1,
      4, 6, 7, -1,
      7, 6, 8, -1,
      7, 8, 9, -1,
      9, 8, 10, -1,
      9, 10, 11, -1,
      11, 10, 12, -1,
      11, 12, 13, -1,
      13, 12, 14, -1,
      13, 14, 15, -1,
      15, 14, 16, -1,
      15, 16, 17, -1,
      17, 16, 18, -1,
      17, 18, 19, -1,
      19, 18, 20, -1,
      19, 20, 21, -1,
      22, 21, 23, -1,
      23, 21, 20, -1,
      22, 23, 24, -1,
      22, 24, 25, -1,
      25, 24, 26, -1,
      25, 26, 27, -1,
      27, 26, 28, -1,
      27, 28, 29, -1,
      29, 28, 30, -1,
      29, 30, 31, -1,
      31, 30, 32, -1,
      31, 32, 33, -1,
      33, 32, 34, -1,
      33, 34, 35, -1,
      35, 34, 36, -1,
      35, 36, 37, -1,
      37, 36, 38, -1,
      37, 38, 39, -1,
      1, 39, 3, -1,
      3, 39, 38, -1,
      1, 0, 39, -1,
      39, 0, 4, -1,
      22, 25, 39, -1,
      39, 25, 27, -1,
      39, 27, 37, -1,
      37, 27, 35, -1,
      35, 27, 33, -1,
      33, 27, 29, -1,
      33, 29, 31, -1,
      9, 11, 19, -1,
      11, 13, 19, -1,
      19, 13, 15, -1,
      19, 15, 17, -1,
      22, 39, 21, -1,
      21, 39, 4, -1,
      21, 4, 19, -1,
      19, 4, 7, -1,
      19, 7, 9, -1,
      5, 2, 3, -1,
      3, 38, 5, -1,
      5, 38, 23, -1,
      5, 23, 20, -1,
      36, 26, 38, -1,
      38, 26, 24, -1,
      38, 24, 23, -1,
      36, 34, 26, -1,
      26, 34, 32, -1,
      26, 32, 28, -1,
      28, 32, 30, -1,
      20, 18, 5, -1,
      5, 18, 16, -1,
      5, 16, 14, -1,
      14, 12, 5, -1,
      5, 12, 10, -1,
      5, 10, 6, -1,
      6, 10, 8, -1,
    ]
  }
}

Shape {
  appearance Appearance {
    material Material {
      diffuseColor 0.3176 0.2471 0.2078
      specularColor 0.1608 0.1216 0.1059
      ambientIntensity 0.2
      transparency 0.0000
      shininess 0.5
    }
  }
  geometry IndexedFaceSet {
    ccw TRUE
    solid FALSE
    coord DEF co Coordinate {
      point [
        0.984252 -0.594488 -0.009843,
        0.984252 -0.507874 -0.009843,
        0.984252 -0.594488 0.070866,
        0.984252 -0.507874 0.070866,
      ]
    }
    coordIndex [
      0, 1, 2, -1,
      2, 1, 3, -1,
    ]
  }
}

Shape {
  appearance Appearance {
    material Material {
      diffuseColor 0.8980 0.8980 0.8980
      specularColor 0.7176 0.7176 0.7176
      ambientIntensity 0.2
      transparency 0.0000
      shininess 0.5
    }
  }
  geometry IndexedFaceSet {
    ccw TRUE
    solid FALSE
    coord DEF co Coordinate {
      point [
        0.984252 -0.594488 -0.009843,
        0.984252 -0.507874 -0.009843,
        0.984252 -0.594488 0.070866,
        0.984252 -0.507874 0.070866,
        0.846457 -0.594488 -0.009843,
        0.846457 -0.594488 0.070866,
        0.842616 -0.594110 0.070866,
        0.842616 -0.594110 -0.009843,
        0.838924 -0.592990 0.070866,
        0.838924 -0.592990 -0.009843,
        0.835520 -0.591170 0.070866,
        0.835520 -0.591170 -0.009843,
        0.832537 -0.588722 0.070866,
        0.832537 -0.588722 -0.009843,
        0.830089 -0.585740 0.070866,
        0.830089 -0.585740 -0.009843,
        0.828270 -0.582336 0.070866,
        0.828270 -0.582336 -0.009843,
        0.827150 -0.578643 0.070866,
        0.827150 -0.578643 -0.009843,
        0.826772 -0.574803 0.070866,
        0.826772 -0.574803 -0.009843,
        0.826772 -0.527559 -0.009843,
        0.826772 -0.527559 0.070866,
        0.827150 -0.523719 0.070866,
        0.827150 -0.523719 -0.009843,
        0.828270 -0.520026 0.070866,
        0.828270 -0.520026 -0.009843,
        0.830089 -0.516623 0.070866,
        0.830089 -0.516623 -0.009843,
        0.832537 -0.513640 0.070866,
        0.832537 -0.513640 -0.009843,
        0.835520 -0.511192 0.070866,
        0.835520 -0.511192 -0.009843,
        0.838924 -0.509372 0.070866,
        0.838924 -0.509372 -0.009843,
        0.842616 -0.508252 0.070866,
        0.842616 -0.508252 -0.009843,
        0.846457 -0.507874 0.070866,
        0.846457 -0.507874 -0.009843,
      ]
    }
    coordIndex [
      4, 0, 5, -1,
      5, 0, 2, -1,
      4, 5, 6, -1,
      4, 6, 7, -1,
      7, 6, 8, -1,
      7, 8, 9, -1,
      9, 8, 10, -1,
      9, 10, 11, -1,
      11, 10, 12, -1,
      11, 12, 13, -1,
      13, 12, 14, -1,
      13, 14, 15, -1,
      15, 14, 16, -1,
      15, 16, 17, -1,
      17, 16, 18, -1,
      17, 18, 19, -1,
      19, 18, 20, -1,
      19, 20, 21, -1,
      22, 21, 23, -1,
      23, 21, 20, -1,
      22, 23, 24, -1,
      22, 24, 25, -1,
      25, 24, 26, -1,
      25, 26, 27, -1,
      27, 26, 28, -1,
      27, 28, 29, -1,
      29, 28, 30, -1,
      29, 30, 31, -1,
      31, 30, 32, -1,
      31, 32, 33, -1,
      33, 32, 34, -1,
      33, 34, 35, -1,
      35, 34, 36, -1,
      35, 36, 37, -1,
      37, 36, 38, -1,
      37, 38, 39, -1,
      1, 39, 3, -1,
      3, 39, 38, -1,
      1, 0, 39, -1,
      39, 0, 4, -1,
      11, 13, 15, -1,
      17, 19, 4, -1,
      4, 19, 21, -1,
      4, 21, 39, -1,
      39, 21, 22, -1,
      39, 22, 37, -1,
      25, 27, 33, -1,
      33, 27, 29, -1,
      33, 29, 31, -1,
      25, 33, 22, -1,
      22, 33, 35, -1,
      22, 35, 37, -1,
      11, 15, 9, -1,
      17, 4, 15, -1,
      15, 4, 7, -1,
      15, 7, 9, -1,
      2, 3, 5, -1,
      5, 3, 38, -1,
      20, 5, 23, -1,
      23, 5, 38, -1,
      23, 38, 36, -1,
      26, 32, 28, -1,
      28, 32, 30, -1,
      36, 34, 23, -1,
      23, 34, 32, -1,
      23, 32, 24, -1,
      24, 32, 26, -1,
      20, 18, 5, -1,
      5, 18, 16, -1,
      5, 16, 14, -1,
      14, 12, 5, -1,
      5, 12, 10, -1,
      5, 10, 6, -1,
      6, 10, 8, -1,
    ]
  }
}

Shape {
  appearance Appearance {
    material Material {
      diffuseColor 0.3176 0.2471 0.2078
      specularColor 0.1608 0.1216 0.1059
      ambientIntensity 0.2
      transparency 0.0000
      shininess 0.5
    }
  }
  geometry IndexedFaceSet {
    ccw TRUE
    solid FALSE
    coord DEF co Coordinate {
      point [
        0.984252 -0.437008 -0.009843,
        0.984252 -0.350394 -0.009843,
        0.984252 -0.437008 0.070866,
        0.984252 -0.350394 0.070866,
      ]
    }
    coordIndex [
      0, 1, 2, -1,
      2, 1, 3, -1,
    ]
  }
}

Shape {
  appearance Appearance {
    material Material {
      diffuseColor 0.8980 0.8980 0.8980
      specularColor 0.7176 0.7176 0.7176
      ambientIntensity 0.2
      transparency 0.0000
      shininess 0.5
    }
  }
  geometry IndexedFaceSet {
    ccw TRUE
    solid FALSE
    coord DEF co Coordinate {
      point [
        0.984252 -0.437008 -0.009843,
        0.984252 -0.350394 -0.009843,
        0.984252 -0.437008 0.070866,
        0.984252 -0.350394 0.070866,
        0.846457 -0.437008 -0.009843,
        0.846457 -0.437008 0.070866,
        0.842616 -0.436630 0.070866,
        0.842616 -0.436630 -0.009843,
        0.838924 -0.435509 0.070866,
        0.838924 -0.435509 -0.009843,
        0.835520 -0.433690 0.070866,
        0.835520 -0.433690 -0.009843,
        0.832537 -0.431242 0.070866,
        0.832537 -0.431242 -0.009843,
        0.830089 -0.428259 0.070866,
        0.830089 -0.428259 -0.009843,
        0.828270 -0.424856 0.070866,
        0.828270 -0.424856 -0.009843,
        0.827150 -0.421163 0.070866,
        0.827150 -0.421163 -0.009843,
        0.826772 -0.417323 0.070866,
        0.826772 -0.417323 -0.009843,
        0.826772 -0.370079 -0.009843,
        0.826772 -0.370079 0.070866,
        0.827150 -0.366239 0.070866,
        0.827150 -0.366239 -0.009843,
        0.828270 -0.362546 0.070866,
        0.828270 -0.362546 -0.009843,
        0.830089 -0.359142 0.070866,
        0.830089 -0.359142 -0.009843,
        0.832537 -0.356159 0.070866,
        0.832537 -0.356159 -0.009843,
        0.835520 -0.353711 0.070866,
        0.835520 -0.353711 -0.009843,
        0.838924 -0.351892 0.070866,
        0.838924 -0.351892 -0.009843,
        0.842616 -0.350772 0.070866,
        0.842616 -0.350772 -0.009843,
        0.846457 -0.350394 0.070866,
        0.846457 -0.350394 -0.009843,
      ]
    }
    coordIndex [
      4, 0, 5, -1,
      5, 0, 2, -1,
      4, 5, 6, -1,
      4, 6, 7, -1,
      7, 6, 8, -1,
      7, 8, 9, -1,
      9, 8, 10, -1,
      9, 10, 11, -1,
      11, 10, 12, -1,
      11, 12, 13, -1,
      13, 12, 14, -1,
      13, 14, 15, -1,
      15, 14, 16, -1,
      15, 16, 17, -1,
      17, 16, 18, -1,
      17, 18, 19, -1,
      19, 18, 20, -1,
      19, 20, 21, -1,
      22, 21, 23, -1,
      23, 21, 20, -1,
      22, 23, 24, -1,
      22, 24, 25, -1,
      25, 24, 26, -1,
      25, 26, 27, -1,
      27, 26, 28, -1,
      27, 28, 29, -1,
      29, 28, 30, -1,
      29, 30, 31, -1,
      31, 30, 32, -1,
      31, 32, 33, -1,
      33, 32, 34, -1,
      33, 34, 35, -1,
      35, 34, 36, -1,
      35, 36, 37, -1,
      37, 36, 38, -1,
      37, 38, 39, -1,
      1, 39, 3, -1,
      3, 39, 38, -1,
      1, 0, 39, -1,
      39, 0, 4, -1,
      25, 33, 22, -1,
      22, 33, 35, -1,
      25, 27, 33, -1,
      33, 27, 29, -1,
      33, 29, 31, -1,
      9, 11, 19, -1,
      11, 13, 19, -1,
      19, 13, 15, -1,
      19, 15, 17, -1,
      35, 37, 22, -1,
      22, 37, 39, -1,
      22, 39, 21, -1,
      21, 39, 4, -1,
      21, 4, 19, -1,
      19, 4, 7, -1,
      19, 7, 9, -1,
      34, 32, 23, -1,
      23, 20, 5, -1,
      2, 3, 5, -1,
      5, 3, 38, -1,
      5, 38, 23, -1,
      23, 38, 36, -1,
      23, 36, 34, -1,
      32, 30, 28, -1,
      28, 26, 32, -1,
      32, 26, 24, -1,
      32, 24, 23, -1,
      20, 18, 5, -1,
      5, 18, 16, -1,
      5, 16, 14, -1,
      14, 12, 5, -1,
      5, 12, 10, -1,
      5, 10, 6, -1,
      6, 10, 8, -1,
    ]
  }
}

Shape {
  appearance Appearance {
    material Material {
      diffuseColor 0.3176 0.2471 0.2078
      specularColor 0.1608 0.1216 0.1059
      ambientIntensity 0.2
      transparency 0.0000
      shininess 0.5
    }
  }
  geometry IndexedFaceSet {
    ccw TRUE
    solid FALSE
    coord DEF co Coordinate {
      point [
        0.984252 -0.279528 -0.009843,
        0.984252 -0.192913 -0.009843,
        0.984252 -0.279528 0.070866,
        0.984252 -0.192913 0.070866,
      ]
    }
    coordIndex [
      0, 1, 2, -1,
      2, 1, 3, -1,
    ]
  }
}

Shape {
  appearance Appearance {
    material Material {
      diffuseColor 0.8980 0.8980 0.8980
      specularColor 0.7176 0.7176 0.7176
      ambientIntensity 0.2
      transparency 0.0000
      shininess 0.5
    }
  }
  geometry IndexedFaceSet {
    ccw TRUE
    solid FALSE
    coord DEF co Coordinate {
      point [
        0.984252 -0.279528 -0.009843,
        0.984252 -0.192913 -0.009843,
        0.984252 -0.279528 0.070866,
        0.984252 -0.192913 0.070866,
        0.846457 -0.279528 -0.009843,
        0.846457 -0.279528 0.070866,
        0.842616 -0.279149 0.070866,
        0.842616 -0.279149 -0.009843,
        0.838924 -0.278029 0.070866,
        0.838924 -0.278029 -0.009843,
        0.835520 -0.276210 0.070866,
        0.835520 -0.276210 -0.009843,
        0.832537 -0.273762 0.070866,
        0.832537 -0.273762 -0.009843,
        0.830089 -0.270779 0.070866,
        0.830089 -0.270779 -0.009843,
        0.828270 -0.267376 0.070866,
        0.828270 -0.267376 -0.009843,
        0.827150 -0.263683 0.070866,
        0.827150 -0.263683 -0.009843,
        0.826772 -0.259843 0.070866,
        0.826772 -0.259843 -0.009843,
        0.826772 -0.212598 -0.009843,
        0.826772 -0.212598 0.070866,
        0.827150 -0.208758 0.070866,
        0.827150 -0.208758 -0.009843,
        0.828270 -0.205065 0.070866,
        0.828270 -0.205065 -0.009843,
        0.830089 -0.201662 0.070866,
        0.830089 -0.201662 -0.009843,
        0.832537 -0.198679 0.070866,
        0.832537 -0.198679 -0.009843,
        0.835520 -0.196231 0.070866,
        0.835520 -0.196231 -0.009843,
        0.838924 -0.194412 0.070866,
        0.838924 -0.194412 -0.009843,
        0.842616 -0.193292 0.070866,
        0.842616 -0.193292 -0.009843,
        0.846457 -0.192913 0.070866,
        0.846457 -0.192913 -0.009843,
      ]
    }
    coordIndex [
      4, 0, 5, -1,
      5, 0, 2, -1,
      4, 5, 6, -1,
      4, 6, 7, -1,
      7, 6, 8, -1,
      7, 8, 9, -1,
      9, 8, 10, -1,
      9, 10, 11, -1,
      11, 10, 12, -1,
      11, 12, 13, -1,
      13, 12, 14, -1,
      13, 14, 15, -1,
      15, 14, 16, -1,
      15, 16, 17, -1,
      17, 16, 18, -1,
      17, 18, 19, -1,
      19, 18, 20, -1,
      19, 20, 21, -1,
      22, 21, 23, -1,
      23, 21, 20, -1,
      22, 23, 24, -1,
      22, 24, 25, -1,
      25, 24, 26, -1,
      25, 26, 27, -1,
      27, 26, 28, -1,
      27, 28, 29, -1,
      29, 28, 30, -1,
      29, 30, 31, -1,
      31, 30, 32, -1,
      31, 32, 33, -1,
      33, 32, 34, -1,
      33, 34, 35, -1,
      35, 34, 36, -1,
      35, 36, 37, -1,
      37, 36, 38, -1,
      37, 38, 39, -1,
      1, 39, 3, -1,
      3, 39, 38, -1,
      39, 1, 0, -1,
      0, 4, 39, -1,
      39, 4, 21, -1,
      39, 21, 22, -1,
      22, 25, 39, -1,
      39, 25, 27, -1,
      39, 27, 29, -1,
      29, 31, 39, -1,
      39, 31, 33, -1,
      39, 33, 37, -1,
      37, 33, 35, -1,
      4, 7, 9, -1,
      9, 11, 4, -1,
      4, 11, 13, -1,
      4, 13, 15, -1,
      15, 17, 4, -1,
      4, 17, 19, -1,
      4, 19, 21, -1,
      23, 20, 5, -1,
      5, 20, 18, -1,
      36, 28, 26, -1,
      36, 34, 28, -1,
      28, 34, 32, -1,
      28, 32, 30, -1,
      2, 3, 5, -1,
      5, 3, 38, -1,
      5, 38, 23, -1,
      23, 38, 36, -1,
      23, 36, 24, -1,
      24, 36, 26, -1,
      18, 16, 5, -1,
      5, 16, 14, -1,
      5, 14, 12, -1,
      12, 10, 5, -1,
      5, 10, 8, -1,
      5, 8, 6, -1,
    ]
  }
}

Shape {
  appearance Appearance {
    material Material {
      diffuseColor 0.3176 0.2471 0.2078
      specularColor 0.1608 0.1216 0.1059
      ambientIntensity 0.2
      transparency 0.0000
      shininess 0.5
    }
  }
  geometry IndexedFaceSet {
    ccw TRUE
    solid FALSE
    coord DEF co Coordinate {
      point [
        0.984252 0.665354 -0.009843,
        0.984252 0.751969 -0.009843,
        0.984252 0.665354 0.070866,
        0.984252 0.751969 0.070866,
      ]
    }
    coordIndex [
      0, 1, 2, -1,
      2, 1, 3, -1,
    ]
  }
}

Shape {
  appearance Appearance {
    material Material {
      diffuseColor 0.8980 0.8980 0.8980
      specularColor 0.7176 0.7176 0.7176
      ambientIntensity 0.2
      transparency 0.0000
      shininess 0.5
    }
  }
  geometry IndexedFaceSet {
    ccw TRUE
    solid FALSE
    coord DEF co Coordinate {
      point [
        0.984252 0.665354 -0.009843,
        0.984252 0.751969 -0.009843,
        0.984252 0.665354 0.070866,
        0.984252 0.751969 0.070866,
        0.846457 0.665354 -0.009843,
        0.846457 0.665354 0.070866,
        0.842616 0.665733 0.070866,
        0.842616 0.665733 -0.009843,
        0.838924 0.666853 0.070866,
        0.838924 0.666853 -0.009843,
        0.835520 0.668672 0.070866,
        0.835520 0.668672 -0.009843,
        0.832537 0.671120 0.070866,
        0.832537 0.671120 -0.009843,
        0.830089 0.674103 0.070866,
        0.830089 0.674103 -0.009843,
        0.828270 0.677506 0.070866,
        0.828270 0.677506 -0.009843,
        0.827150 0.681199 0.070866,
        0.827150 0.681199 -0.009843,
        0.826772 0.685039 0.070866,
        0.826772 0.685039 -0.009843,
        0.826772 0.732283 -0.009843,
        0.826772 0.732283 0.070866,
        0.827150 0.736124 0.070866,
        0.827150 0.736124 -0.009843,
        0.828270 0.739817 0.070866,
        0.828270 0.739817 -0.009843,
        0.830089 0.743220 0.070866,
        0.830089 0.743220 -0.009843,
        0.832537 0.746203 0.070866,
        0.832537 0.746203 -0.009843,
        0.835520 0.748651 0.070866,
        0.835520 0.748651 -0.009843,
        0.838924 0.750470 0.070866,
        0.838924 0.750470 -0.009843,
        0.842616 0.751590 0.070866,
        0.842616 0.751590 -0.009843,
        0.846457 0.751969 0.070866,
        0.846457 0.751969 -0.009843,
      ]
    }
    coordIndex [
      4, 0, 5, -1,
      5, 0, 2, -1,
      4, 5, 6, -1,
      4, 6, 7, -1,
      7, 6, 8, -1,
      7, 8, 9, -1,
      9, 8, 10, -1,
      9, 10, 11, -1,
      11, 10, 12, -1,
      11, 12, 13, -1,
      13, 12, 14, -1,
      13, 14, 15, -1,
      15, 14, 16, -1,
      15, 16, 17, -1,
      17, 16, 18, -1,
      17, 18, 19, -1,
      19, 18, 20, -1,
      19, 20, 21, -1,
      22, 21, 23, -1,
      23, 21, 20, -1,
      22, 23, 24, -1,
      22, 24, 25, -1,
      25, 24, 26, -1,
      25, 26, 27, -1,
      27, 26, 28, -1,
      27, 28, 29, -1,
      29, 28, 30, -1,
      29, 30, 31, -1,
      31, 30, 32, -1,
      31, 32, 33, -1,
      33, 32, 34, -1,
      33, 34, 35, -1,
      35, 34, 36, -1,
      35, 36, 37, -1,
      37, 36, 38, -1,
      37, 38, 39, -1,
      1, 39, 3, -1,
      3, 39, 38, -1,
      1, 0, 39, -1,
      39, 0, 4, -1,
      11, 13, 15, -1,
      17, 19, 4, -1,
      4, 19, 21, -1,
      4, 21, 39, -1,
      39, 21, 22, -1,
      39, 22, 37, -1,
      37, 22, 35, -1,
      35, 22, 25, -1,
      35, 25, 27, -1,
      11, 15, 9, -1,
      27, 29, 35, -1,
      35, 29, 31, -1,
      35, 31, 33, -1,
      17, 4, 15, -1,
      15, 4, 7, -1,
      15, 7, 9, -1,
      24, 23, 34, -1,
      2, 3, 5, -1,
      5, 3, 38, -1,
      34, 23, 36, -1,
      20, 5, 23, -1,
      23, 5, 38, -1,
      23, 38, 36, -1,
      34, 32, 30, -1,
      30, 28, 34, -1,
      34, 28, 26, -1,
      34, 26, 24, -1,
      20, 18, 5, -1,
      5, 18, 16, -1,
      5, 16, 14, -1,
      14, 12, 5, -1,
      5, 12, 10, -1,
      5, 10, 6, -1,
      6, 10, 8, -1,
    ]
  }
}

Shape {
  appearance Appearance {
    material Material {
      diffuseColor 0.3176 0.2471 0.2078
      specularColor 0.1608 0.1216 0.1059
      ambientIntensity 0.2
      transparency 0.0000
      shininess 0.5
    }
  }
  geometry IndexedFaceSet {
    ccw TRUE
    solid FALSE
    coord DEF co Coordinate {
      point [
        0.984252 0.507874 -0.009843,
        0.984252 0.594488 -0.009843,
        0.984252 0.507874 0.070866,
        0.984252 0.594488 0.070866,
      ]
    }
    coordIndex [
      0, 1, 2, -1,
      2, 1, 3, -1,
    ]
  }
}

Shape {
  appearance Appearance {
    material Material {
      diffuseColor 0.8980 0.8980 0.8980
      specularColor 0.7176 0.7176 0.7176
      ambientIntensity 0.2
      transparency 0.0000
      shininess 0.5
    }
  }
  geometry IndexedFaceSet {
    ccw TRUE
    solid FALSE
    coord DEF co Coordinate {
      point [
        0.984252 0.507874 -0.009843,
        0.984252 0.594488 -0.009843,
        0.984252 0.507874 0.070866,
        0.984252 0.594488 0.070866,
        0.846457 0.507874 -0.009843,
        0.846457 0.507874 0.070866,
        0.842616 0.508252 0.070866,
        0.842616 0.508252 -0.009843,
        0.838924 0.509372 0.070866,
        0.838924 0.509372 -0.009843,
        0.835520 0.511192 0.070866,
        0.835520 0.511192 -0.009843,
        0.832537 0.513640 0.070866,
        0.832537 0.513640 -0.009843,
        0.830089 0.516623 0.070866,
        0.830089 0.516623 -0.009843,
        0.828270 0.520026 0.070866,
        0.828270 0.520026 -0.009843,
        0.827150 0.523719 0.070866,
        0.827150 0.523719 -0.009843,
        0.826772 0.527559 0.070866,
        0.826772 0.527559 -0.009843,
        0.826772 0.574803 -0.009843,
        0.826772 0.574803 0.070866,
        0.827150 0.578643 0.070866,
        0.827150 0.578643 -0.009843,
        0.828270 0.582336 0.070866,
        0.828270 0.582336 -0.009843,
        0.830089 0.585740 0.070866,
        0.830089 0.585740 -0.009843,
        0.832537 0.588722 0.070866,
        0.832537 0.588722 -0.009843,
        0.835520 0.591170 0.070866,
        0.835520 0.591170 -0.009843,
        0.838924 0.592990 0.070866,
        0.838924 0.592990 -0.009843,
        0.842616 0.594110 0.070866,
        0.842616 0.594110 -0.009843,
        0.846457 0.594488 0.070866,
        0.846457 0.594488 -0.009843,
      ]
    }
    coordIndex [
      4, 0, 5, -1,
      5, 0, 2, -1,
      4, 5, 6, -1,
      4, 6, 7, -1,
      7, 6, 8, -1,
      7, 8, 9, -1,
      9, 8, 10, -1,
      9, 10, 11, -1,
      11, 10, 12, -1,
      11, 12, 13, -1,
      13, 12, 14, -1,
      13, 14, 15, -1,
      15, 14, 16, -1,
      15, 16, 17, -1,
      17, 16, 18, -1,
      17, 18, 19, -1,
      19, 18, 20, -1,
      19, 20, 21, -1,
      22, 21, 23, -1,
      23, 21, 20, -1,
      22, 23, 24, -1,
      22, 24, 25, -1,
      25, 24, 26, -1,
      25, 26, 27, -1,
      27, 26, 28, -1,
      27, 28, 29, -1,
      29, 28, 30, -1,
      29, 30, 31, -1,
      31, 30, 32, -1,
      31, 32, 33, -1,
      33, 32, 34, -1,
      33, 34, 35, -1,
      35, 34, 36, -1,
      35, 36, 37, -1,
      37, 36, 38, -1,
      37, 38, 39, -1,
      1, 39, 3, -1,
      3, 39, 38, -1,
      21, 22, 39, -1,
      19, 21, 4, -1,
      4, 21, 39, -1,
      4, 39, 0, -1,
      0, 39, 1, -1,
      22, 25, 39, -1,
      39, 25, 27, -1,
      39, 27, 37, -1,
      37, 27, 35, -1,
      4, 7, 19, -1,
      19, 7, 9, -1,
      19, 9, 11, -1,
      35, 27, 33, -1,
      33, 27, 29, -1,
      33, 29, 31, -1,
      11, 13, 19, -1,
      19, 13, 15, -1,
      19, 15, 17, -1,
      2, 3, 5, -1,
      5, 3, 38, -1,
      5, 38, 23, -1,
      36, 26, 38, -1,
      38, 26, 24, -1,
      38, 24, 23, -1,
      36, 34, 26, -1,
      26, 34, 32, -1,
      26, 32, 28, -1,
      28, 32, 30, -1,
      23, 20, 5, -1,
      5, 20, 18, -1,
      5, 18, 6, -1,
      6, 18, 8, -1,
      18, 16, 14, -1,
      14, 12, 18, -1,
      18, 12, 10, -1,
      18, 10, 8, -1,
    ]
  }
}

Shape {
  appearance Appearance {
    material Material {
      diffuseColor 0.3176 0.2471 0.2078
      specularColor 0.1608 0.1216 0.1059
      ambientIntensity 0.2
      transparency 0.0000
      shininess 0.5
    }
  }
  geometry IndexedFaceSet {
    ccw TRUE
    solid FALSE
    coord DEF co Coordinate {
      point [
        0.984252 0.350394 -0.009843,
        0.984252 0.437008 -0.009843,
        0.984252 0.350394 0.070866,
        0.984252 0.437008 0.070866,
      ]
    }
    coordIndex [
      0, 1, 2, -1,
      2, 1, 3, -1,
    ]
  }
}

Shape {
  appearance Appearance {
    material Material {
      diffuseColor 0.8980 0.8980 0.8980
      specularColor 0.7176 0.7176 0.7176
      ambientIntensity 0.2
      transparency 0.0000
      shininess 0.5
    }
  }
  geometry IndexedFaceSet {
    ccw TRUE
    solid FALSE
    coord DEF co Coordinate {
      point [
        0.984252 0.350394 -0.009843,
        0.984252 0.437008 -0.009843,
        0.984252 0.350394 0.070866,
        0.984252 0.437008 0.070866,
        0.846457 0.350394 -0.009843,
        0.846457 0.350394 0.070866,
        0.842616 0.350772 0.070866,
        0.842616 0.350772 -0.009843,
        0.838924 0.351892 0.070866,
        0.838924 0.351892 -0.009843,
        0.835520 0.353711 0.070866,
        0.835520 0.353711 -0.009843,
        0.832537 0.356159 0.070866,
        0.832537 0.356159 -0.009843,
        0.830089 0.359142 0.070866,
        0.830089 0.359142 -0.009843,
        0.828270 0.362546 0.070866,
        0.828270 0.362546 -0.009843,
        0.827150 0.366239 0.070866,
        0.827150 0.366239 -0.009843,
        0.826772 0.370079 0.070866,
        0.826772 0.370079 -0.009843,
        0.826772 0.417323 -0.009843,
        0.826772 0.417323 0.070866,
        0.827150 0.421163 0.070866,
        0.827150 0.421163 -0.009843,
        0.828270 0.424856 0.070866,
        0.828270 0.424856 -0.009843,
        0.830089 0.428259 0.070866,
        0.830089 0.428259 -0.009843,
        0.832537 0.431242 0.070866,
        0.832537 0.431242 -0.009843,
        0.835520 0.433690 0.070866,
        0.835520 0.433690 -0.009843,
        0.838924 0.435509 0.070866,
        0.838924 0.435509 -0.009843,
        0.842616 0.436630 0.070866,
        0.842616 0.436630 -0.009843,
        0.846457 0.437008 0.070866,
        0.846457 0.437008 -0.009843,
      ]
    }
    coordIndex [
      4, 0, 5, -1,
      5, 0, 2, -1,
      4, 5, 6, -1,
      4, 6, 7, -1,
      7, 6, 8, -1,
      7, 8, 9, -1,
      9, 8, 10, -1,
      9, 10, 11, -1,
      11, 10, 12, -1,
      11, 12, 13, -1,
      13, 12, 14, -1,
      13, 14, 15, -1,
      15, 14, 16, -1,
      15, 16, 17, -1,
      17, 16, 18, -1,
      17, 18, 19, -1,
      19, 18, 20, -1,
      19, 20, 21, -1,
      22, 21, 23, -1,
      23, 21, 20, -1,
      22, 23, 24, -1,
      22, 24, 25, -1,
      25, 24, 26, -1,
      25, 26, 27, -1,
      27, 26, 28, -1,
      27, 28, 29, -1,
      29, 28, 30, -1,
      29, 30, 31, -1,
      31, 30, 32, -1,
      31, 32, 33, -1,
      33, 32, 34, -1,
      33, 34, 35, -1,
      35, 34, 36, -1,
      35, 36, 37, -1,
      37, 36, 38, -1,
      37, 38, 39, -1,
      1, 39, 3, -1,
      3, 39, 38, -1,
      1, 0, 39, -1,
      39, 0, 4, -1,
      4, 21, 39, -1,
      39, 21, 22, -1,
      39, 22, 37, -1,
      37, 22, 35, -1,
      35, 22, 25, -1,
      35, 25, 27, -1,
      4, 7, 9, -1,
      27, 29, 35, -1,
      35, 29, 31, -1,
      35, 31, 33, -1,
      9, 11, 4, -1,
      4, 11, 13, -1,
      4, 13, 15, -1,
      15, 17, 4, -1,
      4, 17, 19, -1,
      4, 19, 21, -1,
      2, 3, 5, -1,
      5, 3, 38, -1,
      38, 36, 23, -1,
      23, 36, 34, -1,
      23, 34, 24, -1,
      38, 23, 5, -1,
      5, 23, 20, -1,
      5, 20, 18, -1,
      34, 32, 30, -1,
      30, 28, 34, -1,
      34, 28, 26, -1,
      34, 26, 24, -1,
      18, 16, 5, -1,
      5, 16, 14, -1,
      5, 14, 12, -1,
      12, 10, 5, -1,
      5, 10, 8, -1,
      5, 8, 6, -1,
    ]
  }
}

Shape {
  appearance Appearance {
    material Material {
      diffuseColor 0.3176 0.2471 0.2078
      specularColor 0.1608 0.1216 0.1059
      ambientIntensity 0.2
      transparency 0.0000
      shininess 0.5
    }
  }
  geometry IndexedFaceSet {
    ccw TRUE
    solid FALSE
    coord DEF co Coordinate {
      point [
        0.984252 0.192913 -0.009843,
        0.984252 0.279528 -0.009843,
        0.984252 0.192913 0.070866,
        0.984252 0.279528 0.070866,
      ]
    }
    coordIndex [
      0, 1, 2, -1,
      2, 1, 3, -1,
    ]
  }
}

Shape {
  appearance Appearance {
    material Material {
      diffuseColor 0.8980 0.8980 0.8980
      specularColor 0.7176 0.7176 0.7176
      ambientIntensity 0.2
      transparency 0.0000
      shininess 0.5
    }
  }
  geometry IndexedFaceSet {
    ccw TRUE
    solid FALSE
    coord DEF co Coordinate {
      point [
        0.984252 0.192913 -0.009843,
        0.984252 0.279528 -0.009843,
        0.984252 0.192913 0.070866,
        0.984252 0.279528 0.070866,
        0.846457 0.192913 -0.009843,
        0.846457 0.192913 0.070866,
        0.842616 0.193292 0.070866,
        0.842616 0.193292 -0.009843,
        0.838924 0.194412 0.070866,
        0.838924 0.194412 -0.009843,
        0.835520 0.196231 0.070866,
        0.835520 0.196231 -0.009843,
        0.832537 0.198679 0.070866,
        0.832537 0.198679 -0.009843,
        0.830089 0.201662 0.070866,
        0.830089 0.201662 -0.009843,
        0.828270 0.205065 0.070866,
        0.828270 0.205065 -0.009843,
        0.827150 0.208758 0.070866,
        0.827150 0.208758 -0.009843,
        0.826772 0.212598 0.070866,
        0.826772 0.212598 -0.009843,
        0.826772 0.259843 -0.009843,
        0.826772 0.259843 0.070866,
        0.827150 0.263683 0.070866,
        0.827150 0.263683 -0.009843,
        0.828270 0.267376 0.070866,
        0.828270 0.267376 -0.009843,
        0.830089 0.270779 0.070866,
        0.830089 0.270779 -0.009843,
        0.832537 0.273762 0.070866,
        0.832537 0.273762 -0.009843,
        0.835520 0.276210 0.070866,
        0.835520 0.276210 -0.009843,
        0.838924 0.278029 0.070866,
        0.838924 0.278029 -0.009843,
        0.842616 0.279149 0.070866,
        0.842616 0.279149 -0.009843,
        0.846457 0.279528 0.070866,
        0.846457 0.279528 -0.009843,
      ]
    }
    coordIndex [
      4, 0, 5, -1,
      5, 0, 2, -1,
      4, 5, 6, -1,
      4, 6, 7, -1,
      7, 6, 8, -1,
      7, 8, 9, -1,
      9, 8, 10, -1,
      9, 10, 11, -1,
      11, 10, 12, -1,
      11, 12, 13, -1,
      13, 12, 14, -1,
      13, 14, 15, -1,
      15, 14, 16, -1,
      15, 16, 17, -1,
      17, 16, 18, -1,
      17, 18, 19, -1,
      19, 18, 20, -1,
      19, 20, 21, -1,
      22, 21, 23, -1,
      23, 21, 20, -1,
      22, 23, 24, -1,
      22, 24, 25, -1,
      25, 24, 26, -1,
      25, 26, 27, -1,
      27, 26, 28, -1,
      27, 28, 29, -1,
      29, 28, 30, -1,
      29, 30, 31, -1,
      31, 30, 32, -1,
      31, 32, 33, -1,
      33, 32, 34, -1,
      33, 34, 35, -1,
      35, 34, 36, -1,
      35, 36, 37, -1,
      37, 36, 38, -1,
      37, 38, 39, -1,
      1, 39, 3, -1,
      3, 39, 38, -1,
      1, 0, 39, -1,
      39, 0, 4, -1,
      29, 31, 33, -1,
      35, 37, 22, -1,
      22, 37, 39, -1,
      22, 39, 21, -1,
      21, 39, 4, -1,
      21, 4, 19, -1,
      29, 33, 27, -1,
      19, 4, 17, -1,
      17, 4, 7, -1,
      17, 7, 9, -1,
      35, 22, 33, -1,
      33, 22, 25, -1,
      33, 25, 27, -1,
      11, 13, 9, -1,
      9, 13, 15, -1,
      9, 15, 17, -1,
      6, 5, 16, -1,
      2, 3, 5, -1,
      5, 3, 38, -1,
      16, 5, 18, -1,
      38, 36, 23, -1,
      23, 36, 34, -1,
      23, 34, 32, -1,
      32, 30, 28, -1,
      38, 23, 5, -1,
      5, 23, 20, -1,
      5, 20, 18, -1,
      12, 10, 8, -1,
      28, 26, 32, -1,
      32, 26, 24, -1,
      32, 24, 23, -1,
      6, 16, 8, -1,
      8, 16, 14, -1,
      8, 14, 12, -1,
    ]
  }
}

Shape {
  appearance Appearance {
    material Material {
      diffuseColor 0.3176 0.2471 0.2078
      specularColor 0.1608 0.1216 0.1059
      ambientIntensity 0.2
      transparency 0.0000
      shininess 0.5
    }
  }
  geometry IndexedFaceSet {
    ccw TRUE
    solid FALSE
    coord DEF co Coordinate {
      point [
        0.984252 0.035433 -0.009843,
        0.984252 0.122047 -0.009843,
        0.984252 0.035433 0.070866,
        0.984252 0.122047 0.070866,
      ]
    }
    coordIndex [
      0, 1, 2, -1,
      2, 1, 3, -1,
    ]
  }
}

Shape {
  appearance Appearance {
    material Material {
      diffuseColor 0.8980 0.8980 0.8980
      specularColor 0.7176 0.7176 0.7176
      ambientIntensity 0.2
      transparency 0.0000
      shininess 0.5
    }
  }
  geometry IndexedFaceSet {
    ccw TRUE
    solid FALSE
    coord DEF co Coordinate {
      point [
        0.984252 0.035433 -0.009843,
        0.984252 0.122047 -0.009843,
        0.984252 0.035433 0.070866,
        0.984252 0.122047 0.070866,
        0.846457 0.035433 -0.009843,
        0.846457 0.035433 0.070866,
        0.842616 0.035811 0.070866,
        0.842616 0.035811 -0.009843,
        0.838924 0.036931 0.070866,
        0.838924 0.036931 -0.009843,
        0.835520 0.038751 0.070866,
        0.835520 0.038751 -0.009843,
        0.832537 0.041199 0.070866,
        0.832537 0.041199 -0.009843,
        0.830089 0.044181 0.070866,
        0.830089 0.044181 -0.009843,
        0.828270 0.047585 0.070866,
        0.828270 0.047585 -0.009843,
        0.827150 0.051278 0.070866,
        0.827150 0.051278 -0.009843,
        0.826772 0.055118 0.070866,
        0.826772 0.055118 -0.009843,
        0.826772 0.102362 -0.009843,
        0.826772 0.102362 0.070866,
        0.827150 0.106203 0.070866,
        0.827150 0.106203 -0.009843,
        0.828270 0.109895 0.070866,
        0.828270 0.109895 -0.009843,
        0.830089 0.113298 0.070866,
        0.830089 0.113298 -0.009843,
        0.832537 0.116281 0.070866,
        0.832537 0.116281 -0.009843,
        0.835520 0.118730 0.070866,
        0.835520 0.118730 -0.009843,
        0.838924 0.120549 0.070866,
        0.838924 0.120549 -0.009843,
        0.842616 0.121669 0.070866,
        0.842616 0.121669 -0.009843,
        0.846457 0.122047 0.070866,
        0.846457 0.122047 -0.009843,
      ]
    }
    coordIndex [
      4, 0, 5, -1,
      5, 0, 2, -1,
      4, 5, 6, -1,
      4, 6, 7, -1,
      7, 6, 8, -1,
      7, 8, 9, -1,
      9, 8, 10, -1,
      9, 10, 11, -1,
      11, 10, 12, -1,
      11, 12, 13, -1,
      13, 12, 14, -1,
      13, 14, 15, -1,
      15, 14, 16, -1,
      15, 16, 17, -1,
      17, 16, 18, -1,
      17, 18, 19, -1,
      19, 18, 20, -1,
      19, 20, 21, -1,
      22, 21, 23, -1,
      23, 21, 20, -1,
      22, 23, 24, -1,
      22, 24, 25, -1,
      25, 24, 26, -1,
      25, 26, 27, -1,
      27, 26, 28, -1,
      27, 28, 29, -1,
      29, 28, 30, -1,
      29, 30, 31, -1,
      31, 30, 32, -1,
      31, 32, 33, -1,
      33, 32, 34, -1,
      33, 34, 35, -1,
      35, 34, 36, -1,
      35, 36, 37, -1,
      37, 36, 38, -1,
      37, 38, 39, -1,
      1, 39, 3, -1,
      3, 39, 38, -1,
      1, 0, 39, -1,
      39, 0, 4, -1,
      39, 4, 21, -1,
      21, 22, 39, -1,
      39, 22, 25, -1,
      39, 25, 27, -1,
      15, 17, 4, -1,
      4, 17, 19, -1,
      4, 19, 21, -1,
      4, 7, 15, -1,
      15, 7, 9, -1,
      15, 9, 13, -1,
      13, 9, 11, -1,
      31, 33, 29, -1,
      29, 33, 35, -1,
      29, 35, 27, -1,
      27, 35, 37, -1,
      27, 37, 39, -1,
      2, 3, 5, -1,
      5, 3, 38, -1,
      26, 24, 38, -1,
      38, 24, 23, -1,
      38, 23, 5, -1,
      5, 23, 20, -1,
      5, 20, 18, -1,
      38, 36, 26, -1,
      26, 36, 34, -1,
      26, 34, 28, -1,
      28, 34, 32, -1,
      28, 32, 30, -1,
      10, 8, 12, -1,
      12, 8, 14, -1,
      18, 16, 5, -1,
      5, 16, 14, -1,
      5, 14, 6, -1,
      6, 14, 8, -1,
    ]
  }
}

Shape {
  appearance Appearance {
    material Material {
      diffuseColor 0.2510 0.2510 0.2510
      specularColor 0.1255 0.1255 0.1255
      ambientIntensity 0.2
      transparency 0.0000
      shininess 0.5
    }
  }
  geometry IndexedFaceSet {
    ccw TRUE
    solid FALSE
    coord DEF co Coordinate {
      point [
        0.984252 -0.122047 0.070866,
        0.984252 -0.035433 0.070866,
        0.846457 -0.122047 0.070866,
        0.832537 -0.116281 0.070866,
        0.826772 -0.102362 0.070866,
        0.826772 -0.055118 0.070866,
        0.832537 -0.041199 0.070866,
        0.846457 -0.035433 0.070866,
        -0.665354 0.984252 0.070866,
        -0.751969 0.984252 0.070866,
        -0.665354 0.846457 0.070866,
        -0.685039 0.826772 0.070866,
        -0.732283 0.826772 0.070866,
        -0.746203 0.832537 0.070866,
        -0.751969 0.846457 0.070866,
        -0.984252 -0.665354 0.070866,
        -0.984252 -0.751969 0.070866,
        -0.846457 -0.665354 0.070866,
        -0.826772 -0.685039 0.070866,
        -0.826772 -0.732283 0.070866,
        -0.832537 -0.746203 0.070866,
        -0.846457 -0.751969 0.070866,
        0.665354 -0.984252 0.070866,
        0.751969 -0.984252 0.070866,
        0.665354 -0.846457 0.070866,
        0.685039 -0.826772 0.070866,
        0.732283 -0.826772 0.070866,
        0.746203 -0.832537 0.070866,
        0.751969 -0.846457 0.070866,
        -0.507874 0.984252 0.070866,
        -0.594488 0.984252 0.070866,
        -0.507874 0.846457 0.070866,
        -0.513640 0.832537 0.070866,
        -0.527559 0.826772 0.070866,
        -0.574803 0.826772 0.070866,
        -0.588722 0.832537 0.070866,
        -0.594488 0.846457 0.070866,
        -0.984252 -0.507874 0.070866,
        -0.984252 -0.594488 0.070866,
        -0.846457 -0.507874 0.070866,
        -0.832537 -0.513640 0.070866,
        -0.826772 -0.527559 0.070866,
        -0.826772 -0.574803 0.070866,
        -0.832537 -0.588722 0.070866,
        -0.846457 -0.594488 0.070866,
        0.507874 -0.984252 0.070866,
        0.594488 -0.984252 0.070866,
        0.507874 -0.846457 0.070866,
        0.513640 -0.832537 0.070866,
        0.527559 -0.826772 0.070866,
        0.574803 -0.826772 0.070866,
        0.588722 -0.832537 0.070866,
        0.594488 -0.846457 0.070866,
        -0.350394 0.984252 0.070866,
        -0.437008 0.984252 0.070866,
        -0.350394 0.846457 0.070866,
        -0.356159 0.832537 0.070866,
        -0.370079 0.826772 0.070866,
        -0.417323 0.826772 0.070866,
        -0.431242 0.832537 0.070866,
        -0.437008 0.846457 0.070866,
        -0.984252 -0.350394 0.070866,
        -0.984252 -0.437008 0.070866,
        -0.846457 -0.350394 0.070866,
        -0.832537 -0.356159 0.070866,
        -0.826772 -0.370079 0.070866,
        -0.826772 -0.417323 0.070866,
        -0.832537 -0.431242 0.070866,
        -0.846457 -0.437008 0.070866,
        0.350394 -0.984252 0.070866,
        0.437008 -0.984252 0.070866,
        0.350394 -0.846457 0.070866,
        0.356159 -0.832537 0.070866,
        0.370079 -0.826772 0.070866,
        0.417323 -0.826772 0.070866,
        0.431242 -0.832537 0.070866,
        0.437008 -0.846457 0.070866,
        -0.192913 0.984252 0.070866,
        -0.279528 0.984252 0.070866,
        -0.192913 0.846457 0.070866,
        -0.212598 0.826772 0.070866,
        -0.259843 0.826772 0.070866,
        -0.273762 0.832537 0.070866,
        -0.279528 0.846457 0.070866,
        -0.984252 -0.192913 0.070866,
        -0.984252 -0.279528 0.070866,
        -0.846457 -0.192913 0.070866,
        -0.832537 -0.198679 0.070866,
        -0.826772 -0.212598 0.070866,
        -0.826772 -0.259843 0.070866,
        -0.846457 -0.279528 0.070866,
        0.192913 -0.984252 0.070866,
        0.279528 -0.984252 0.070866,
        0.192913 -0.846457 0.070866,
        0.212598 -0.826772 0.070866,
        0.259843 -0.826772 0.070866,
        0.279528 -0.846457 0.070866,
        -0.035433 0.984252 0.070866,
        -0.122047 0.984252 0.070866,
        -0.035433 0.846457 0.070866,
        -0.055118 0.826772 0.070866,
        -0.102362 0.826772 0.070866,
        -0.116281 0.832537 0.070866,
        -0.122047 0.846457 0.070866,
        -0.984252 -0.035433 0.070866,
        -0.984252 -0.122047 0.070866,
        -0.846457 -0.035433 0.070866,
        -0.832537 -0.041199 0.070866,
        -0.826772 -0.055118 0.070866,
        -0.826772 -0.102362 0.070866,
        -0.832537 -0.116281 0.070866,
        -0.846457 -0.122047 0.070866,
        0.035433 -0.984252 0.070866,
        0.122047 -0.984252 0.070866,
        0.035433 -0.846457 0.070866,
        0.055118 -0.826772 0.070866,
        0.102362 -0.826772 0.070866,
        0.116281 -0.832537 0.070866,
        0.122047 -0.846457 0.070866,
        0.122047 0.984252 0.070866,
        0.035433 0.984252 0.070866,
        0.122047 0.846457 0.070866,
        0.102362 0.826772 0.070866,
        0.055118 0.826772 0.070866,
        0.041199 0.832537 0.070866,
        0.035433 0.846457 0.070866,
        -0.984252 0.122047 0.070866,
        -0.984252 0.035433 0.070866,
        -0.846457 0.122047 0.070866,
        -0.832537 0.116281 0.070866,
        -0.826772 0.102362 0.070866,
        -0.826772 0.055118 0.070866,
        -0.832537 0.041199 0.070866,
        -0.846457 0.035433 0.070866,
        -0.122047 -0.984252 0.070866,
        -0.035433 -0.984252 0.070866,
        -0.122047 -0.846457 0.070866,
        -0.102362 -0.826772 0.070866,
        -0.055118 -0.826772 0.070866,
        -0.041199 -0.832537 0.070866,
        -0.035433 -0.846457 0.070866,
        0.279528 0.984252 0.070866,
        0.192913 0.984252 0.070866,
        0.279528 0.846457 0.070866,
        0.273762 0.832537 0.070866,
        0.259843 0.826772 0.070866,
        0.212598 0.826772 0.070866,
        0.198679 0.832537 0.070866,
        0.192913 0.846457 0.070866,
        -0.984252 0.279528 0.070866,
        -0.984252 0.192913 0.070866,
        -0.846457 0.279528 0.070866,
        -0.832537 0.273762 0.070866,
        -0.826772 0.259843 0.070866,
        -0.826772 0.212598 0.070866,
        -0.832537 0.198679 0.070866,
        -0.846457 0.192913 0.070866,
        -0.279528 -0.984252 0.070866,
        -0.192913 -0.984252 0.070866,
        -0.279528 -0.846457 0.070866,
        -0.273762 -0.832537 0.070866,
        -0.259843 -0.826772 0.070866,
        -0.212598 -0.826772 0.070866,
        -0.198679 -0.832537 0.070866,
        -0.192913 -0.846457 0.070866,
        0.437008 0.984252 0.070866,
        0.350394 0.984252 0.070866,
        0.437008 0.846457 0.070866,
        0.417323 0.826772 0.070866,
        0.370079 0.826772 0.070866,
        0.350394 0.846457 0.070866,
        -0.984252 0.437008 0.070866,
        -0.984252 0.350394 0.070866,
        -0.846457 0.437008 0.070866,
        -0.826772 0.417323 0.070866,
        -0.826772 0.370079 0.070866,
        -0.846457 0.350394 0.070866,
        -0.437008 -0.984252 0.070866,
        -0.350394 -0.984252 0.070866,
        -0.437008 -0.846457 0.070866,
        -0.417323 -0.826772 0.070866,
        -0.370079 -0.826772 0.070866,
        -0.350394 -0.846457 0.070866,
        0.594488 0.984252 0.070866,
        0.507874 0.984252 0.070866,
        0.594488 0.846457 0.070866,
        0.574803 0.826772 0.070866,
        0.527559 0.826772 0.070866,
        0.513640 0.832537 0.070866,
        0.507874 0.846457 0.070866,
        -0.984252 0.594488 0.070866,
        -0.984252 0.507874 0.070866,
        -0.846457 0.594488 0.070866,
        -0.826772 0.574803 0.070866,
        -0.826772 0.527559 0.070866,
        -0.846457 0.507874 0.070866,
        -0.594488 -0.984252 0.070866,
        -0.507874 -0.984252 0.070866,
        -0.594488 -0.846457 0.070866,
        -0.574803 -0.826772 0.070866,
        -0.527559 -0.826772 0.070866,
        -0.507874 -0.846457 0.070866,
        0.751969 0.984252 0.070866,
        0.665354 0.984252 0.070866,
        0.751969 0.846457 0.070866,
        0.732283 0.826772 0.070866,
        0.685039 0.826772 0.070866,
        0.671120 0.832537 0.070866,
        0.665354 0.846457 0.070866,
        -0.984252 0.751969 0.070866,
        -0.984252 0.665354 0.070866,
        -0.846457 0.751969 0.070866,
        -0.826772 0.732283 0.070866,
        -0.826772 0.685039 0.070866,
        -0.832537 0.671120 0.070866,
        -0.846457 0.665354 0.070866,
        -0.751969 -0.984252 0.070866,
        -0.665354 -0.984252 0.070866,
        -0.751969 -0.846457 0.070866,
        -0.732283 -0.826772 0.070866,
        -0.685039 -0.826772 0.070866,
        -0.671120 -0.832537 0.070866,
        -0.665354 -0.846457 0.070866,
        0.984252 -0.751969 0.070866,
        0.984252 -0.665354 0.070866,
        0.846457 -0.751969 0.070866,
        0.826772 -0.732283 0.070866,
        0.826772 -0.685039 0.070866,
        0.832537 -0.671120 0.070866,
        0.846457 -0.665354 0.070866,
        0.984252 -0.594488 0.070866,
        0.984252 -0.507874 0.070866,
        0.846457 -0.594488 0.070866,
        0.826772 -0.574803 0.070866,
        0.826772 -0.527559 0.070866,
        0.846457 -0.507874 0.070866,
        0.984252 -0.437008 0.070866,
        0.984252 -0.350394 0.070866,
        0.846457 -0.437008 0.070866,
        0.826772 -0.417323 0.070866,
        0.826772 -0.370079 0.070866,
        0.846457 -0.350394 0.070866,
        0.984252 -0.279528 0.070866,
        0.984252 -0.192913 0.070866,
        0.846457 -0.279528 0.070866,
        0.832537 -0.273762 0.070866,
        0.826772 -0.259843 0.070866,
        0.826772 -0.212598 0.070866,
        0.832537 -0.198679 0.070866,
        0.846457 -0.192913 0.070866,
        0.984252 0.665354 0.070866,
        0.984252 0.751969 0.070866,
        0.846457 0.665354 0.070866,
        0.826772 0.685039 0.070866,
        0.826772 0.732283 0.070866,
        0.832537 0.746203 0.070866,
        0.846457 0.751969 0.070866,
        0.984252 0.507874 0.070866,
        0.984252 0.594488 0.070866,
        0.846457 0.507874 0.070866,
        0.832537 0.513640 0.070866,
        0.826772 0.527559 0.070866,
        0.826772 0.574803 0.070866,
        0.832537 0.588722 0.070866,
        0.846457 0.594488 0.070866,
        0.984252 0.350394 0.070866,
        0.984252 0.437008 0.070866,
        0.846457 0.350394 0.070866,
        0.832537 0.356159 0.070866,
        0.826772 0.370079 0.070866,
        0.826772 0.417323 0.070866,
        0.832537 0.431242 0.070866,
        0.846457 0.437008 0.070866,
        0.984252 0.192913 0.070866,
        0.984252 0.279528 0.070866,
        0.846457 0.192913 0.070866,
        0.832537 0.198679 0.070866,
        0.826772 0.212598 0.070866,
        0.826772 0.259843 0.070866,
        0.846457 0.279528 0.070866,
        0.984252 0.035433 0.070866,
        0.984252 0.122047 0.070866,
        0.846457 0.035433 0.070866,
        0.832537 0.041199 0.070866,
        0.826772 0.055118 0.070866,
        0.826772 0.102362 0.070866,
        0.832537 0.116281 0.070866,
        0.846457 0.122047 0.070866,
        0.656563 -0.851727 0.228346,
        0.656563 -0.865321 0.228346,
        0.689594 -0.865321 0.228346,
        0.656563 -0.797285 0.228346,
        0.656563 -0.807347 0.228346,
        0.689594 -0.807347 0.228346,
        0.675045 -0.762678 0.228346,
        0.675045 -0.793083 0.228346,
        0.688713 -0.793083 0.228346,
        0.727109 -0.766626 0.228346,
        0.727109 -0.777609 0.228346,
        0.736378 -0.777609 0.228346,
        0.770085 -0.821067 0.228346,
        0.770085 -0.832050 0.228346,
        0.776511 -0.832050 0.228346,
        0.721742 -0.851643 0.228346,
        0.720693 -0.851274 0.228346,
        0.720693 -0.851727 0.228346,
        0.729046 -0.851604 0.228346,
        0.727946 -0.851727 0.228346,
        0.736378 -0.851727 0.228346,
        0.702765 -0.762690 0.228346,
        0.705270 -0.762389 0.228346,
        0.691652 -0.762389 0.228346,
        0.803447 -0.796996 0.228346,
        0.799947 -0.787609 0.228346,
        0.787354 -0.787609 0.228346,
        0.808342 -0.796996 0.228346,
        0.787354 -0.797285 0.228346,
        0.984252 -0.797285 0.228346,
        0.984252 -0.762389 0.228346,
        0.795271 -0.762678 0.228346,
        0.787354 -0.762389 0.228346,
        0.785657 -0.787609 0.228346,
        0.782358 -0.796996 0.228346,
        0.776511 -0.797285 0.228346,
        0.777463 -0.796996 0.228346,
        0.776511 -0.762389 0.228346,
        0.787354 -0.771027 0.228346,
        0.790534 -0.762678 0.228346,
        0.720693 -0.762389 0.228346,
        0.711160 -0.762389 0.228346,
        0.712531 -0.762517 0.228346,
        0.715811 -0.763502 0.228346,
        0.715811 -0.768134 0.228346,
        0.720693 -0.797285 0.228346,
        0.715811 -0.791329 0.228346,
        0.715811 -0.795574 0.228346,
        0.715225 -0.795866 0.228346,
        0.711541 -0.797074 0.228346,
        0.709339 -0.797285 0.228346,
        0.715095 -0.767759 0.228346,
        0.711573 -0.766515 0.228346,
        0.708806 -0.793546 0.228346,
        0.712648 -0.792777 0.228346,
        0.694768 -0.780543 0.228346,
        0.694766 -0.780223 0.228346,
        0.707722 -0.766099 0.228346,
        0.706547 -0.766141 0.228346,
        0.703539 -0.766687 0.228346,
        0.697809 -0.770548 0.228346,
        0.696239 -0.773021 0.228346,
        0.695181 -0.776132 0.228346,
        0.698831 -0.790700 0.228346,
        0.701080 -0.792280 0.228346,
        0.700825 -0.767904 0.228346,
        0.698371 -0.769906 0.228346,
        0.698134 -0.790013 0.228346,
        0.695307 -0.784756 0.228346,
        0.696387 -0.787552 0.228346,
        0.703530 -0.793219 0.228346,
        0.706950 -0.793627 0.228346,
        0.707679 -0.762099 0.228346,
        0.691652 -0.012562 0.228346,
        0.720693 -0.012562 0.228346,
        0.708113 -0.762102 0.228346,
        0.699171 -0.764072 0.228346,
        0.692787 -0.770065 0.228346,
        0.695073 -0.767152 0.228346,
        0.695848 -0.766408 0.228346,
        0.689594 -0.762389 0.228346,
        0.691075 -0.773820 0.228346,
        0.691652 -0.772556 0.228346,
        0.691652 -0.788277 0.228346,
        0.690774 -0.786000 0.228346,
        0.689594 -0.797285 0.228346,
        0.690116 -0.780486 0.228346,
        0.690215 -0.778210 0.228346,
        0.691652 -0.807347 0.228346,
        0.703265 -0.797285 0.228346,
        0.691652 -0.797285 0.228346,
        0.700393 -0.796669 0.228346,
        0.697171 -0.795113 0.228346,
        0.694520 -0.792890 0.228346,
        0.694196 -0.792535 0.228346,
        0.692160 -0.789596 0.228346,
        0.720693 -0.807347 0.228346,
        0.706310 -0.797574 0.228346,
        0.704086 -0.797461 0.228346,
        0.756567 -0.826927 0.228346,
        0.761024 -0.826927 0.228346,
        0.763340 -0.807347 0.228346,
        0.748707 -0.845349 0.228346,
        0.749233 -0.847367 0.228346,
        0.749348 -0.847367 0.228346,
        0.744378 -0.807347 0.228346,
        0.744378 -0.832895 0.228346,
        0.749874 -0.845384 0.228346,
        0.749545 -0.846527 0.228346,
        0.737496 -0.826927 0.228346,
        0.736378 -0.807347 0.228346,
        0.744378 -0.844433 0.228346,
        0.742304 -0.826927 0.228346,
        0.744378 -0.851727 0.228346,
        0.746966 -0.851727 0.228346,
        0.747111 -0.851385 0.228346,
        0.744378 -0.857390 0.228346,
        0.744384 -0.857384 0.228346,
        0.745225 -0.855841 0.228346,
        0.736378 -0.865321 0.228346,
        0.738382 -0.862631 0.228346,
        0.738382 -0.858806 0.228346,
        0.740821 -0.859297 0.228346,
        0.741853 -0.859181 0.228346,
        0.744378 -0.862215 0.228346,
        0.742891 -0.862782 0.228346,
        0.744378 -0.865321 0.228346,
        0.741154 -0.862982 0.228346,
        0.740206 -0.862948 0.228346,
        0.742794 -0.858829 0.228346,
        0.743583 -0.858281 0.228346,
        0.749900 -0.855139 0.228346,
        0.747954 -0.858929 0.228346,
        0.763340 -0.865321 0.228346,
        0.751246 -0.851727 0.228346,
        0.746381 -0.860818 0.228346,
        0.746088 -0.861087 0.228346,
        0.744587 -0.862136 0.228346,
        0.733820 -0.840717 0.228346,
        0.734623 -0.841902 0.228346,
        0.734083 -0.831629 0.228346,
        0.721487 -0.828313 0.228346,
        0.722547 -0.827662 0.228346,
        0.735081 -0.843169 0.228346,
        0.735259 -0.844770 0.228346,
        0.735055 -0.846497 0.228346,
        0.734527 -0.847859 0.228346,
        0.733726 -0.848993 0.228346,
        0.724852 -0.826774 0.228346,
        0.728276 -0.826366 0.228346,
        0.734083 -0.827454 0.228346,
        0.730866 -0.826560 0.228346,
        0.732496 -0.850069 0.228346,
        0.731353 -0.850758 0.228346,
        0.727855 -0.829857 0.228346,
        0.726583 -0.829952 0.228346,
        0.723162 -0.833156 0.228346,
        0.725433 -0.830257 0.228346,
        0.724469 -0.830769 0.228346,
        0.723201 -0.833727 0.228346,
        0.723372 -0.834395 0.228346,
        0.723681 -0.834975 0.228346,
        0.724101 -0.835436 0.228346,
        0.725616 -0.836384 0.228346,
        0.730683 -0.830179 0.228346,
        0.728276 -0.837542 0.228346,
        0.733107 -0.831069 0.228346,
        0.729941 -0.838215 0.228346,
        0.732796 -0.839803 0.228346,
        0.723820 -0.831343 0.228346,
        0.723452 -0.831889 0.228346,
        0.723240 -0.832470 0.228346,
        0.705073 -0.830009 0.228346,
        0.703617 -0.829857 0.228346,
        0.701319 -0.836875 0.228346,
        0.718706 -0.846139 0.228346,
        0.712881 -0.835664 0.228346,
        0.718706 -0.850578 0.228346,
        0.712881 -0.851437 0.228346,
        0.706441 -0.850129 0.228346,
        0.704918 -0.851141 0.228346,
        0.708582 -0.851437 0.228346,
        0.703298 -0.851727 0.228346,
        0.694804 -0.839891 0.228346,
        0.696067 -0.838731 0.228346,
        0.695581 -0.832822 0.228346,
        0.697807 -0.837780 0.228346,
        0.698505 -0.830978 0.228346,
        0.701196 -0.830094 0.228346,
        0.691652 -0.865321 0.228346,
        0.698466 -0.851727 0.228346,
        0.691652 -0.851727 0.228346,
        0.698388 -0.851718 0.228346,
        0.696740 -0.851096 0.228346,
        0.695292 -0.850086 0.228346,
        0.694811 -0.849599 0.228346,
        0.693918 -0.848278 0.228346,
        0.720387 -0.847178 0.228346,
        0.720693 -0.847293 0.228346,
        0.720693 -0.838180 0.228346,
        0.708582 -0.847648 0.228346,
        0.708468 -0.847648 0.228346,
        0.707798 -0.848667 0.228346,
        0.693387 -0.842859 0.228346,
        0.693187 -0.844875 0.228346,
        0.693398 -0.846824 0.228346,
        0.696865 -0.827930 0.228346,
        0.695581 -0.828646 0.228346,
        0.693911 -0.841287 0.228346,
        0.718917 -0.835210 0.228346,
        0.712469 -0.832082 0.228346,
        0.718732 -0.833541 0.228346,
        0.708582 -0.835857 0.228346,
        0.708433 -0.833957 0.228346,
        0.707988 -0.832426 0.228346,
        0.707483 -0.831541 0.228346,
        0.708654 -0.827254 0.228346,
        0.710031 -0.828106 0.228346,
        0.720212 -0.829459 0.228346,
        0.700136 -0.826780 0.228346,
        0.704020 -0.826366 0.228346,
        0.706915 -0.826665 0.228346,
        0.720693 -0.829027 0.228346,
        0.718902 -0.832004 0.228346,
        0.719413 -0.830620 0.228346,
        0.711764 -0.830231 0.228346,
        0.710858 -0.828898 0.228346,
        0.720654 -0.838154 0.228346,
        0.719951 -0.837419 0.228346,
        0.719391 -0.836523 0.228346,
        0.706833 -0.830850 0.228346,
        0.706070 -0.830358 0.228346,
        0.723081 -0.848192 0.228346,
        0.725241 -0.840665 0.228346,
        0.722679 -0.839490 0.228346,
        0.725776 -0.848507 0.228346,
        0.725966 -0.848506 0.228346,
        0.728063 -0.841847 0.228346,
        0.728169 -0.848259 0.228346,
        0.730846 -0.845191 0.228346,
        0.730804 -0.844656 0.228346,
        0.729279 -0.847853 0.228346,
        0.729670 -0.847615 0.228346,
        0.730164 -0.847178 0.228346,
        0.730539 -0.846622 0.228346,
        0.730757 -0.846011 0.228346,
        0.730609 -0.843985 0.228346,
        0.730277 -0.843415 0.228346,
        0.729741 -0.842858 0.228346,
        0.722558 -0.851727 0.228346,
        0.720693 -0.865321 0.228346,
        0.725355 -0.852016 0.228346,
        0.739261 -0.859094 0.228346,
        0.703175 -0.851771 0.228346,
        0.700959 -0.852016 0.228346,
        0.626798 -0.789430 0.228346,
        0.633419 -0.795025 0.228346,
        0.656563 -0.762389 0.228346,
        0.599572 -0.762389 0.228346,
        0.605178 -0.766158 0.228346,
        0.613273 -0.775530 0.228346,
        0.618354 -0.785433 0.228346,
        0.619535 -0.785830 0.228346,
        0.559927 -0.754956 0.228346,
        0.571995 -0.753470 0.228346,
        0.656563 -0.012562 0.228346,
        0.582051 -0.754526 0.228346,
        0.594296 -0.758841 0.228346,
        0.548676 -0.759294 0.228346,
        -0.120753 -0.012562 0.228346,
        0.543680 -0.762389 0.228346,
        -0.120753 -0.762389 0.228346,
        0.542716 -0.762986 0.228346,
        0.516750 -0.774423 0.228346,
        0.526368 -0.773234 0.228346,
        0.536982 -0.767896 0.228346,
        0.529174 -0.773386 0.228346,
        0.531980 -0.773722 0.228346,
        0.498309 -0.784946 0.228346,
        0.499952 -0.783390 0.228346,
        0.507711 -0.777933 0.228346,
        -0.120753 -0.797285 0.228346,
        -0.120753 -0.807347 0.228346,
        0.487459 -0.807347 0.228346,
        0.488545 -0.801261 0.228346,
        0.490306 -0.797285 0.228346,
        0.492436 -0.792475 0.228346,
        0.504696 -0.845844 0.228346,
        0.497089 -0.839356 0.228346,
        -0.120753 -0.851727 0.228346,
        0.491524 -0.831414 0.228346,
        0.513513 -0.850142 0.228346,
        0.516916 -0.851727 0.228346,
        0.516608 -0.851068 0.228346,
        0.488025 -0.822331 0.228346,
        0.486841 -0.812761 0.228346,
        0.486909 -0.810431 0.228346,
        0.527472 -0.864387 0.228346,
        0.522696 -0.860793 0.228346,
        0.519064 -0.856318 0.228346,
        0.549887 -0.865321 0.228346,
        0.545707 -0.866929 0.228346,
        0.656563 -0.984252 0.228346,
        0.539788 -0.867660 0.228346,
        0.538865 -0.867643 0.228346,
        0.533104 -0.866749 0.228346,
        0.529698 -0.865321 0.228346,
        -0.120753 -0.865321 0.228346,
        -0.120753 -0.984252 0.228346,
        0.562645 -0.851727 0.228346,
        0.562613 -0.851863 0.228346,
        0.559717 -0.857294 0.228346,
        0.556006 -0.861451 0.228346,
        0.551148 -0.864836 0.228346,
        0.641389 -0.809415 0.228346,
        0.642510 -0.817397 0.228346,
        0.593806 -0.837333 0.228346,
        0.595480 -0.836671 0.228346,
        0.598346 -0.822765 0.228346,
        0.633482 -0.840576 0.228346,
        0.626849 -0.846192 0.228346,
        0.558087 -0.826913 0.228346,
        0.590783 -0.809833 0.228346,
        0.553813 -0.823023 0.228346,
        0.548634 -0.820250 0.228346,
        0.592305 -0.838396 0.228346,
        0.638331 -0.833819 0.228346,
        0.627258 -0.815463 0.228346,
        0.626102 -0.810780 0.228346,
        0.624243 -0.807347 0.228346,
        0.502820 -0.807347 0.228346,
        0.641393 -0.826093 0.228346,
        0.597370 -0.836428 0.228346,
        0.597608 -0.836446 0.228346,
        0.598340 -0.836608 0.228346,
        0.504270 -0.822041 0.228346,
        0.507153 -0.826941 0.228346,
        0.519540 -0.829488 0.228346,
        0.511525 -0.831437 0.228346,
        0.516852 -0.834720 0.228346,
        0.528558 -0.821404 0.228346,
        0.523571 -0.824873 0.228346,
        0.502213 -0.812273 0.228346,
        0.502511 -0.816074 0.228346,
        0.533946 -0.819339 0.228346,
        0.539788 -0.818617 0.228346,
        0.542743 -0.818791 0.228346,
        0.589807 -0.843993 0.228346,
        0.589869 -0.843030 0.228346,
        0.564187 -0.840820 0.228346,
        0.590359 -0.841172 0.228346,
        0.591297 -0.839508 0.228346,
        0.622422 -0.830554 0.228346,
        0.625109 -0.826750 0.228346,
        0.626794 -0.822402 0.228346,
        0.627382 -0.817641 0.228346,
        0.595508 -0.851335 0.228346,
        0.593894 -0.850699 0.228346,
        0.592312 -0.849574 0.228346,
        0.591744 -0.848997 0.228346,
        0.590681 -0.847464 0.228346,
        0.590038 -0.845810 0.228346,
        0.564051 -0.845842 0.228346,
        0.564187 -0.843260 0.228346,
        0.619405 -0.849837 0.228346,
        0.611278 -0.851556 0.228346,
        0.596883 -0.851556 0.228346,
        0.598835 -0.836672 0.228346,
        0.609814 -0.836672 0.228346,
        0.614224 -0.835824 0.228346,
        0.618525 -0.833822 0.228346,
        0.622128 -0.830870 0.228346,
        0.606398 -0.798609 0.228346,
        0.505037 -0.800913 0.228346,
        0.502943 -0.806354 0.228346,
        0.608350 -0.798609 0.228346,
        0.623825 -0.806576 0.228346,
        0.621043 -0.803473 0.228346,
        0.617261 -0.800828 0.228346,
        0.613003 -0.799185 0.228346,
        0.601115 -0.783913 0.228346,
        0.595602 -0.777346 0.228346,
        0.539544 -0.791533 0.228346,
        0.595031 -0.776826 0.228346,
        0.588177 -0.772065 0.228346,
        0.543276 -0.783807 0.228346,
        0.507564 -0.797285 0.228346,
        0.537852 -0.790606 0.228346,
        0.606106 -0.797285 0.228346,
        0.604890 -0.791770 0.228346,
        0.532383 -0.788594 0.228346,
        0.526612 -0.787874 0.228346,
        0.524030 -0.788010 0.228346,
        0.548751 -0.777271 0.228346,
        0.580527 -0.769130 0.228346,
        0.555277 -0.772502 0.228346,
        0.572239 -0.768110 0.228346,
        0.563246 -0.769270 0.228346,
        0.518010 -0.789448 0.228346,
        0.512578 -0.792344 0.228346,
        0.508422 -0.796055 0.228346,
        0.635043 -0.797285 0.228346,
        0.638402 -0.801964 0.228346,
        0.640560 -0.807347 0.228346,
        0.774522 -0.785902 0.228346,
        0.772763 -0.789413 0.228346,
        0.763340 -0.762389 0.228346,
        0.763340 -0.763452 0.228346,
        0.767261 -0.765019 0.228346,
        0.763340 -0.796103 0.228346,
        0.763340 -0.797285 0.228346,
        0.766744 -0.794788 0.228346,
        0.770384 -0.792188 0.228346,
        0.770384 -0.767222 0.228346,
        0.771961 -0.768820 0.228346,
        0.773991 -0.771935 0.228346,
        0.775145 -0.775329 0.228346,
        0.775559 -0.779398 0.228346,
        0.775419 -0.781940 0.228346,
        0.744378 -0.762389 0.228346,
        0.757409 -0.762678 0.228346,
        0.763191 -0.763393 0.228346,
        0.762819 -0.796304 0.228346,
        0.757059 -0.796996 0.228346,
        0.744378 -0.797285 0.228346,
        0.747619 -0.796996 0.228346,
        0.747619 -0.762678 0.228346,
        0.770085 -0.847525 0.228346,
        0.776511 -0.847525 0.228346,
        0.770085 -0.835980 0.228346,
        0.776511 -0.835980 0.228346,
        0.783332 -0.817120 0.228346,
        0.783332 -0.821067 0.228346,
        0.787354 -0.807347 0.228346,
        0.784113 -0.847525 0.228346,
        0.787354 -0.851727 0.228346,
        0.784113 -0.851437 0.228346,
        0.776511 -0.851727 0.228346,
        0.782358 -0.835980 0.228346,
        0.782358 -0.832050 0.228346,
        0.776511 -0.821067 0.228346,
        0.776511 -0.851437 0.228346,
        0.765656 -0.851437 0.228346,
        0.763340 -0.851727 0.228346,
        0.765656 -0.817120 0.228346,
        0.776511 -0.817120 0.228346,
        0.776511 -0.807347 0.228346,
        0.727109 -0.793083 0.228346,
        0.736378 -0.793083 0.228346,
        0.727109 -0.781539 0.228346,
        0.736378 -0.781539 0.228346,
        0.736378 -0.762389 0.228346,
        0.740356 -0.762678 0.228346,
        0.736378 -0.762678 0.228346,
        0.739382 -0.781539 0.228346,
        0.741137 -0.793083 0.228346,
        0.739382 -0.777609 0.228346,
        0.740356 -0.766626 0.228346,
        0.736378 -0.766626 0.228346,
        0.741137 -0.796996 0.228346,
        0.736378 -0.797285 0.228346,
        0.736378 -0.796996 0.228346,
        0.722680 -0.796996 0.228346,
        0.722680 -0.762678 0.228346,
        -0.816929 0.736258 0.228346,
        -0.829160 0.745643 0.228346,
        -0.984252 -0.012562 0.228346,
        -0.730359 0.802686 0.228346,
        -0.728346 0.787402 0.228346,
        -0.120753 0.984252 0.228346,
        -0.730359 0.772117 0.228346,
        -0.757874 0.838545 0.228346,
        -0.745643 0.829160 0.228346,
        -0.736258 0.816929 0.228346,
        -0.844444 0.802686 0.228346,
        -0.838545 0.816929 0.228346,
        -0.984252 0.984252 0.228346,
        -0.829160 0.829160 0.228346,
        -0.816929 0.838545 0.228346,
        -0.772117 0.730359 0.228346,
        -0.787402 0.728346 0.228346,
        -0.802686 0.730359 0.228346,
        -0.736258 0.757874 0.228346,
        -0.745643 0.745643 0.228346,
        -0.757874 0.736258 0.228346,
        -0.802686 0.844444 0.228346,
        -0.787402 0.846457 0.228346,
        -0.772117 0.844444 0.228346,
        -0.838545 0.757874 0.228346,
        -0.844444 0.772117 0.228346,
        -0.846457 0.787402 0.228346,
        -0.984252 -0.984252 0.228346,
        -0.984252 -0.865321 0.228346,
        -0.984252 -0.851727 0.228346,
        -0.984252 -0.807347 0.228346,
        -0.984252 -0.797285 0.228346,
        -0.984252 -0.762389 0.228346,
        0.688713 -0.796996 0.228346,
        0.670615 -0.796996 0.228346,
        0.670615 -0.762678 0.228346,
        0.675045 -0.821067 0.228346,
        0.675045 -0.832050 0.228346,
        0.688292 -0.821067 0.228346,
        0.687318 -0.832050 0.228346,
        0.689072 -0.847525 0.228346,
        0.689594 -0.851727 0.228346,
        0.689072 -0.851437 0.228346,
        0.670615 -0.851437 0.228346,
        0.675045 -0.835980 0.228346,
        0.675045 -0.847525 0.228346,
        0.687318 -0.835980 0.228346,
        0.688292 -0.817120 0.228346,
        0.670615 -0.817120 0.228346,
        0.689594 -0.012562 0.228346,
        0.656563 0.984252 0.228346,
        0.689594 0.984252 0.228346,
        0.691652 0.984252 0.228346,
        0.720693 0.984252 0.228346,
        0.736378 -0.012562 0.228346,
        0.736378 0.984252 0.228346,
        0.744378 -0.012562 0.228346,
        0.744378 0.984252 0.228346,
        0.763340 -0.012562 0.228346,
        0.763340 0.984252 0.228346,
        0.776511 -0.012562 0.228346,
        0.776511 0.984252 0.228346,
        0.787354 -0.012562 0.228346,
        0.787354 0.984252 0.228346,
        0.984252 -0.012562 0.228346,
        0.984252 0.984252 0.228346,
        0.984252 -0.807347 0.228346,
        0.825334 -0.851437 0.228346,
        0.820439 -0.851437 0.228346,
        0.846423 -0.851437 0.228346,
        0.842923 -0.842051 0.228346,
        0.828633 -0.842051 0.228346,
        0.817498 -0.840344 0.228346,
        0.815739 -0.843854 0.228346,
        0.813360 -0.846630 0.228346,
        0.809720 -0.849230 0.228346,
        0.833510 -0.817120 0.228346,
        0.838247 -0.817120 0.228346,
        0.851318 -0.851437 0.228346,
        0.984252 -0.851727 0.228346,
        0.790596 -0.817120 0.228346,
        0.790596 -0.851437 0.228346,
        0.800035 -0.851437 0.228346,
        0.805794 -0.850746 0.228346,
        0.814937 -0.823262 0.228346,
        0.816967 -0.826376 0.228346,
        0.813360 -0.821664 0.228346,
        0.818121 -0.829771 0.228346,
        0.818536 -0.833840 0.228346,
        0.818395 -0.836381 0.228346,
        0.800385 -0.817120 0.228346,
        0.806167 -0.817834 0.228346,
        0.810237 -0.819461 0.228346,
        0.776511 -0.865321 0.228346,
        0.787354 -0.865321 0.228346,
        0.984252 -0.865321 0.228346,
        0.689594 -0.984252 0.228346,
        0.691652 -0.984252 0.228346,
        0.720693 -0.984252 0.228346,
        0.736378 -0.984252 0.228346,
        0.744378 -0.984252 0.228346,
        0.763340 -0.984252 0.228346,
        0.776511 -0.984252 0.228346,
        0.787354 -0.984252 0.228346,
        0.984252 -0.984252 0.228346,
        -0.984252 -0.984252 0.000000,
        -0.751969 -0.984252 0.000000,
        -0.507874 -0.984252 0.000000,
        -0.437008 -0.984252 0.000000,
        -0.594488 -0.984252 0.000000,
        -0.665354 -0.984252 0.000000,
        -0.192913 -0.984252 0.000000,
        -0.122047 -0.984252 0.000000,
        -0.279528 -0.984252 0.000000,
        -0.350394 -0.984252 0.000000,
        0.122047 -0.984252 0.000000,
        0.192913 -0.984252 0.000000,
        0.035433 -0.984252 0.000000,
        -0.035433 -0.984252 0.000000,
        0.437008 -0.984252 0.000000,
        0.507874 -0.984252 0.000000,
        0.350394 -0.984252 0.000000,
        0.279528 -0.984252 0.000000,
        0.751969 -0.984252 0.000000,
        0.984252 -0.984252 0.000000,
        0.665354 -0.984252 0.000000,
        0.594488 -0.984252 0.000000,
        0.984252 -0.751969 0.000000,
        0.984252 -0.507874 0.000000,
        0.984252 -0.437008 0.000000,
        0.984252 -0.594488 0.000000,
        0.984252 -0.665354 0.000000,
        0.984252 -0.192913 0.000000,
        0.984252 -0.122047 0.000000,
        0.984252 -0.279528 0.000000,
        0.984252 -0.350394 0.000000,
        0.984252 0.122047 0.000000,
        0.984252 0.192913 0.000000,
        0.984252 0.035433 0.000000,
        0.984252 -0.035433 0.000000,
        0.984252 0.437008 0.000000,
        0.984252 0.507874 0.000000,
        0.984252 0.350394 0.000000,
        0.984252 0.279528 0.000000,
        0.984252 0.751969 0.000000,
        0.984252 0.984252 0.000000,
        0.984252 0.665354 0.000000,
        0.984252 0.594488 0.000000,
        0.751969 0.984252 0.000000,
        0.507874 0.984252 0.000000,
        0.437008 0.984252 0.000000,
        0.594488 0.984252 0.000000,
        0.665354 0.984252 0.000000,
        0.192913 0.984252 0.000000,
        0.122047 0.984252 0.000000,
        0.279528 0.984252 0.000000,
        0.350394 0.984252 0.000000,
        -0.122047 0.984252 0.000000,
        -0.192913 0.984252 0.000000,
        -0.035433 0.984252 0.000000,
        0.035433 0.984252 0.000000,
        -0.437008 0.984252 0.000000,
        -0.507874 0.984252 0.000000,
        -0.350394 0.984252 0.000000,
        -0.279528 0.984252 0.000000,
        -0.751969 0.984252 0.000000,
        -0.984252 0.984252 0.000000,
        -0.665354 0.984252 0.000000,
        -0.594488 0.984252 0.000000,
        -0.984252 0.751969 0.000000,
        -0.984252 0.507874 0.000000,
        -0.984252 0.437008 0.000000,
        -0.984252 0.594488 0.000000,
        -0.984252 0.665354 0.000000,
        -0.984252 0.192913 0.000000,
        -0.984252 0.122047 0.000000,
        -0.984252 0.279528 0.000000,
        -0.984252 0.350394 0.000000,
        -0.984252 -0.122047 0.000000,
        -0.984252 -0.192913 0.000000,
        -0.984252 -0.035433 0.000000,
        -0.984252 0.035433 0.000000,
        -0.984252 -0.437008 0.000000,
        -0.984252 -0.507874 0.000000,
        -0.984252 -0.350394 0.000000,
        -0.984252 -0.279528 0.000000,
        -0.984252 -0.751969 0.000000,
        -0.984252 -0.665354 0.000000,
        -0.984252 -0.594488 0.000000,
        0.832537 0.746203 0.000000,
        0.829409 0.742126 0.000000,
        0.688976 0.688976 0.000000,
        -0.667992 -0.836614 0.000000,
        -0.671120 -0.832537 0.000000,
        0.688976 -0.688976 0.000000,
        -0.688976 -0.688976 0.000000,
        -0.829409 -0.112205 0.000000,
        -0.827443 -0.107457 0.000000,
        -0.364984 0.827443 0.000000,
        -0.360236 0.829409 0.000000,
        -0.841362 -0.751298 0.000000,
        -0.846457 -0.751969 0.000000,
        -0.836614 -0.749331 0.000000,
        -0.832537 -0.746203 0.000000,
        -0.829409 -0.742126 0.000000,
        -0.829409 -0.045276 0.000000,
        -0.832537 -0.041199 0.000000,
        -0.829409 0.045276 0.000000,
        0.751298 -0.841362 0.000000,
        0.751969 -0.846457 0.000000,
        0.846457 0.751969 0.000000,
        0.841362 0.751298 0.000000,
        0.836614 0.749331 0.000000,
        0.829409 0.112205 0.000000,
        0.827443 0.107457 0.000000,
        -0.591851 0.836614 0.000000,
        -0.588722 0.832537 0.000000,
        -0.610236 0.688976 0.000000,
        0.429596 0.831067 0.000000,
        0.432713 0.834183 0.000000,
        0.508545 0.841362 0.000000,
        -0.751969 0.846457 0.000000,
        -0.826772 -0.102362 0.000000,
        -0.826772 -0.055118 0.000000,
        -0.827443 -0.050023 0.000000,
        -0.836614 -0.038070 0.000000,
        -0.841362 -0.036104 0.000000,
        -0.832537 0.041199 0.000000,
        -0.836614 0.038070 0.000000,
        -0.827443 0.050023 0.000000,
        -0.826772 0.055118 0.000000,
        -0.826772 0.102362 0.000000,
        0.749331 -0.836614 0.000000,
        0.746203 -0.832537 0.000000,
        0.742126 -0.829409 0.000000,
        -0.675197 -0.829409 0.000000,
        -0.679944 -0.827443 0.000000,
        -0.685039 -0.826772 0.000000,
        -0.751969 -0.846457 0.000000,
        -0.751475 -0.842076 0.000000,
        0.829409 0.584646 0.000000,
        0.827443 0.579898 0.000000,
        0.829409 0.045276 0.000000,
        0.832537 0.041199 0.000000,
        0.829409 -0.045276 0.000000,
        0.846457 -0.751969 0.000000,
        0.842076 -0.751475 0.000000,
        -0.431242 0.832537 0.000000,
        -0.427165 0.829409 0.000000,
        -0.517717 0.829409 0.000000,
        -0.829409 -0.584646 0.000000,
        -0.827443 -0.579898 0.000000,
        -0.826772 -0.574803 0.000000,
        -0.834183 -0.275233 0.000000,
        -0.831067 -0.272116 0.000000,
        -0.841362 -0.351065 0.000000,
        -0.832537 0.116281 0.000000,
        -0.829409 0.202756 0.000000,
        -0.829409 0.112205 0.000000,
        -0.827443 0.107457 0.000000,
        -0.836614 0.195551 0.000000,
        -0.832537 0.198679 0.000000,
        -0.841362 0.121376 0.000000,
        -0.836614 0.119410 0.000000,
        -0.826772 0.212598 0.000000,
        -0.688976 0.610236 0.000000,
        -0.827443 0.207504 0.000000,
        -0.826772 0.259843 0.000000,
        -0.827443 0.264937 0.000000,
        -0.829409 0.269685 0.000000,
        0.737378 -0.827443 0.000000,
        0.732283 -0.826772 0.000000,
        0.685039 -0.826772 0.000000,
        0.584646 -0.829409 0.000000,
        0.579898 -0.827443 0.000000,
        0.574803 -0.826772 0.000000,
        0.436337 -0.841362 0.000000,
        0.434370 -0.836614 0.000000,
        0.510511 -0.836614 0.000000,
        0.431242 -0.832537 0.000000,
        0.513640 -0.832537 0.000000,
        -0.523179 -0.827265 0.000000,
        -0.527559 -0.826772 0.000000,
        -0.425864 -0.828721 0.000000,
        -0.354688 -0.834183 0.000000,
        -0.357806 -0.831067 0.000000,
        -0.278857 -0.841362 0.000000,
        -0.732283 -0.826772 0.000000,
        -0.736664 -0.827265 0.000000,
        -0.740824 -0.828721 0.000000,
        0.826772 0.102362 0.000000,
        0.826772 0.055118 0.000000,
        0.827443 0.050023 0.000000,
        0.836614 0.038070 0.000000,
        0.841362 0.036104 0.000000,
        0.832537 -0.041199 0.000000,
        0.836614 -0.038070 0.000000,
        0.827443 -0.050023 0.000000,
        0.826772 -0.055118 0.000000,
        0.826772 -0.102362 0.000000,
        0.826772 -0.685039 0.000000,
        0.826772 -0.732283 0.000000,
        0.827265 -0.736664 0.000000,
        0.828721 -0.740824 0.000000,
        -0.584646 0.829409 0.000000,
        -0.579898 0.827443 0.000000,
        -0.574803 0.826772 0.000000,
        0.513640 0.832537 0.000000,
        0.417323 0.826772 0.000000,
        0.510511 0.836614 0.000000,
        0.421703 0.827265 0.000000,
        0.425864 0.828721 0.000000,
        -0.513640 0.832537 0.000000,
        -0.510511 0.836614 0.000000,
        -0.436337 0.841362 0.000000,
        -0.742126 0.829409 0.000000,
        -0.828721 0.740824 0.000000,
        -0.831067 0.744557 0.000000,
        -0.593817 0.841362 0.000000,
        -0.669649 0.834183 0.000000,
        -0.672766 0.831067 0.000000,
        -0.676498 0.828721 0.000000,
        -0.831067 -0.672766 0.000000,
        -0.834183 -0.669649 0.000000,
        -0.841362 -0.593817 0.000000,
        -0.827443 -0.737378 0.000000,
        -0.826772 -0.732283 0.000000,
        -0.826772 -0.685039 0.000000,
        -0.832537 -0.513640 0.000000,
        -0.836614 -0.510511 0.000000,
        -0.829409 -0.427165 0.000000,
        -0.841362 -0.508545 0.000000,
        -0.832537 -0.431242 0.000000,
        -0.836614 -0.434370 0.000000,
        -0.827443 -0.422418 0.000000,
        -0.826772 -0.417323 0.000000,
        0.588722 -0.832537 0.000000,
        0.591851 -0.836614 0.000000,
        0.680659 -0.827265 0.000000,
        0.593817 -0.841362 0.000000,
        0.275233 -0.834183 0.000000,
        0.272116 -0.831067 0.000000,
        0.351065 -0.841362 0.000000,
        -0.038070 -0.836614 0.000000,
        -0.041199 -0.832537 0.000000,
        -0.045276 -0.829409 0.000000,
        -0.195551 -0.836614 0.000000,
        -0.198679 -0.832537 0.000000,
        -0.202756 -0.829409 0.000000,
        -0.207504 -0.827443 0.000000,
        -0.421703 -0.827265 0.000000,
        -0.269685 -0.829409 0.000000,
        -0.273762 -0.832537 0.000000,
        -0.370079 -0.826772 0.000000,
        -0.276890 -0.836614 0.000000,
        -0.365698 -0.827265 0.000000,
        -0.361538 -0.828721 0.000000,
        -0.744557 -0.831067 0.000000,
        -0.747674 -0.834183 0.000000,
        -0.750019 -0.837916 0.000000,
        0.831067 0.672766 0.000000,
        0.834183 0.669649 0.000000,
        0.841362 0.593817 0.000000,
        0.827443 0.737378 0.000000,
        0.826772 0.732283 0.000000,
        0.826772 0.685039 0.000000,
        0.826772 0.574803 0.000000,
        0.826772 0.527559 0.000000,
        0.827443 0.522464 0.000000,
        0.829409 0.517717 0.000000,
        0.829409 0.427165 0.000000,
        0.841362 0.508545 0.000000,
        0.832537 0.431242 0.000000,
        0.836614 0.434370 0.000000,
        0.834183 0.275233 0.000000,
        0.831067 0.272116 0.000000,
        0.841362 0.351065 0.000000,
        0.832537 -0.116281 0.000000,
        0.829409 -0.202756 0.000000,
        0.829409 -0.112205 0.000000,
        0.827443 -0.107457 0.000000,
        0.836614 -0.195551 0.000000,
        0.832537 -0.198679 0.000000,
        0.841362 -0.121376 0.000000,
        0.836614 -0.119410 0.000000,
        0.826772 -0.212598 0.000000,
        0.827443 -0.207504 0.000000,
        0.836614 -0.667992 0.000000,
        0.826772 -0.574803 0.000000,
        0.827265 -0.579183 0.000000,
        0.831067 -0.744557 0.000000,
        0.834183 -0.747674 0.000000,
        0.837916 -0.750019 0.000000,
        -0.665354 0.846457 0.000000,
        -0.594488 0.846457 0.000000,
        -0.665848 0.842076 0.000000,
        -0.667304 0.837916 0.000000,
        -0.522464 0.827443 0.000000,
        -0.527559 0.826772 0.000000,
        -0.507874 0.846457 0.000000,
        -0.434370 0.836614 0.000000,
        -0.353031 0.836614 0.000000,
        -0.278857 0.841362 0.000000,
        -0.356159 0.832537 0.000000,
        -0.751298 0.841362 0.000000,
        -0.749331 0.836614 0.000000,
        -0.846457 0.751969 0.000000,
        -0.842076 0.751475 0.000000,
        -0.832537 -0.588722 0.000000,
        -0.836614 -0.591851 0.000000,
        -0.827265 -0.680659 0.000000,
        -0.828721 -0.676498 0.000000,
        -0.826772 -0.527559 0.000000,
        -0.827443 -0.522464 0.000000,
        -0.829409 -0.517717 0.000000,
        -0.832537 -0.198679 0.000000,
        -0.836614 -0.195551 0.000000,
        -0.841362 -0.193584 0.000000,
        -0.832537 -0.116281 0.000000,
        -0.836614 -0.119410 0.000000,
        -0.828721 -0.268383 0.000000,
        -0.827265 -0.264223 0.000000,
        -0.836614 -0.353031 0.000000,
        -0.826772 -0.259843 0.000000,
        -0.832537 -0.356159 0.000000,
        -0.846457 -0.035433 0.000000,
        -0.846457 0.035433 0.000000,
        -0.841362 0.036104 0.000000,
        -0.831067 0.587076 0.000000,
        -0.834183 0.590194 0.000000,
        -0.841362 0.666025 0.000000,
        -0.834183 0.354688 0.000000,
        -0.831067 0.357806 0.000000,
        -0.841362 0.278857 0.000000,
        0.676498 -0.828721 0.000000,
        0.672766 -0.831067 0.000000,
        0.669649 -0.834183 0.000000,
        0.527559 -0.826772 0.000000,
        0.522464 -0.827443 0.000000,
        0.517717 -0.829409 0.000000,
        0.121376 -0.841362 0.000000,
        0.119410 -0.836614 0.000000,
        0.116281 -0.832537 0.000000,
        0.112205 -0.829409 0.000000,
        0.268383 -0.828721 0.000000,
        0.264223 -0.827265 0.000000,
        0.353031 -0.836614 0.000000,
        0.259843 -0.826772 0.000000,
        0.356159 -0.832537 0.000000,
        0.832537 0.588722 0.000000,
        0.836614 0.591851 0.000000,
        0.827265 0.680659 0.000000,
        0.828721 0.676498 0.000000,
        0.832537 0.513640 0.000000,
        0.836614 0.510511 0.000000,
        0.832537 0.198679 0.000000,
        0.836614 0.195551 0.000000,
        0.841362 0.193584 0.000000,
        0.832537 0.116281 0.000000,
        0.836614 0.119410 0.000000,
        0.826772 -0.259843 0.000000,
        0.827443 -0.264937 0.000000,
        0.829409 -0.269685 0.000000,
        -0.508545 0.841362 0.000000,
        -0.437008 0.846457 0.000000,
        0.590194 0.834183 0.000000,
        0.666025 0.841362 0.000000,
        0.587076 0.831067 0.000000,
        0.583344 0.828721 0.000000,
        -0.746203 0.832537 0.000000,
        -0.834183 0.747674 0.000000,
        -0.837916 0.750019 0.000000,
        -0.826772 0.685039 0.000000,
        -0.826772 0.732283 0.000000,
        -0.827265 0.736664 0.000000,
        -0.846457 -0.665354 0.000000,
        -0.846457 -0.594488 0.000000,
        -0.842076 -0.665848 0.000000,
        -0.837916 -0.667304 0.000000,
        -0.846457 -0.350394 0.000000,
        0.665354 -0.846457 0.000000,
        0.594488 -0.846457 0.000000,
        0.665848 -0.842076 0.000000,
        0.667304 -0.837916 0.000000,
        -0.583344 -0.828721 0.000000,
        -0.587076 -0.831067 0.000000,
        -0.666025 -0.841362 0.000000,
        -0.590194 -0.834183 0.000000,
        -0.279528 -0.846457 0.000000,
        0.846457 0.665354 0.000000,
        0.846457 0.594488 0.000000,
        0.842076 0.665848 0.000000,
        0.837916 0.667304 0.000000,
        0.827443 0.422418 0.000000,
        0.826772 0.417323 0.000000,
        0.826772 0.259843 0.000000,
        0.826772 0.212598 0.000000,
        0.827443 0.207504 0.000000,
        0.829409 0.202756 0.000000,
        0.828721 0.268383 0.000000,
        0.827265 0.264223 0.000000,
        0.836614 0.353031 0.000000,
        0.832537 0.356159 0.000000,
        0.846457 0.192913 0.000000,
        0.846457 0.122047 0.000000,
        0.841362 0.121376 0.000000,
        0.846457 0.035433 0.000000,
        0.846457 -0.035433 0.000000,
        0.841362 -0.036104 0.000000,
        0.831067 -0.587076 0.000000,
        0.834183 -0.590194 0.000000,
        0.841362 -0.666025 0.000000,
        0.832537 -0.273762 0.000000,
        0.836614 -0.276890 0.000000,
        0.841362 -0.278857 0.000000,
        0.437008 0.846457 0.000000,
        0.507874 0.846457 0.000000,
        0.436514 0.842076 0.000000,
        0.435058 0.837916 0.000000,
        -0.422418 0.827443 0.000000,
        -0.417323 0.826772 0.000000,
        -0.370079 0.826772 0.000000,
        -0.350394 0.846457 0.000000,
        0.106743 0.827265 0.000000,
        0.193584 0.841362 0.000000,
        0.195551 0.836614 0.000000,
        0.579183 0.827265 0.000000,
        0.667992 0.836614 0.000000,
        0.574803 0.826772 0.000000,
        0.269685 0.829409 0.000000,
        0.273762 0.832537 0.000000,
        0.276890 0.836614 0.000000,
        0.278857 0.841362 0.000000,
        0.747674 0.834183 0.000000,
        0.750019 0.837916 0.000000,
        -0.737378 0.827443 0.000000,
        -0.732283 0.826772 0.000000,
        -0.685039 0.826772 0.000000,
        -0.680659 0.827265 0.000000,
        -0.846457 -0.507874 0.000000,
        -0.846457 -0.437008 0.000000,
        -0.841362 -0.436337 0.000000,
        -0.826772 -0.212598 0.000000,
        -0.827443 -0.207504 0.000000,
        -0.829409 -0.202756 0.000000,
        -0.846457 -0.192913 0.000000,
        -0.846457 -0.122047 0.000000,
        -0.841362 -0.121376 0.000000,
        -0.846457 -0.279528 0.000000,
        -0.842076 -0.279034 0.000000,
        -0.837916 -0.277578 0.000000,
        -0.846457 0.122047 0.000000,
        -0.846457 0.192913 0.000000,
        -0.841362 0.193584 0.000000,
        -0.846457 0.594488 0.000000,
        -0.846457 0.665354 0.000000,
        -0.842076 0.593994 0.000000,
        -0.837916 0.592539 0.000000,
        0.507874 -0.846457 0.000000,
        0.200325 -0.831067 0.000000,
        0.197208 -0.834183 0.000000,
        0.350394 -0.846457 0.000000,
        -0.050023 -0.827443 0.000000,
        -0.055118 -0.826772 0.000000,
        -0.102362 -0.826772 0.000000,
        -0.106743 -0.827265 0.000000,
        -0.193584 -0.841362 0.000000,
        -0.110903 -0.828721 0.000000,
        -0.114635 -0.831067 0.000000,
        -0.117753 -0.834183 0.000000,
        -0.594488 -0.846457 0.000000,
        -0.665354 -0.846457 0.000000,
        -0.593994 -0.842076 0.000000,
        -0.592539 -0.837916 0.000000,
        -0.417323 -0.826772 0.000000,
        -0.350394 -0.846457 0.000000,
        -0.350887 -0.842076 0.000000,
        -0.352343 -0.837916 0.000000,
        0.846457 0.507874 0.000000,
        0.846457 0.437008 0.000000,
        0.841362 0.436337 0.000000,
        0.846457 0.350394 0.000000,
        0.828721 -0.583344 0.000000,
        -0.351065 0.841362 0.000000,
        -0.279528 0.846457 0.000000,
        0.102362 0.826772 0.000000,
        0.198679 0.832537 0.000000,
        0.202756 0.829409 0.000000,
        0.041199 0.832537 0.000000,
        0.045276 0.829409 0.000000,
        -0.055118 0.826772 0.000000,
        0.740824 0.828721 0.000000,
        0.744557 0.831067 0.000000,
        -0.826772 -0.370079 0.000000,
        -0.827443 -0.364984 0.000000,
        -0.829409 -0.360236 0.000000,
        -0.826772 0.417323 0.000000,
        -0.827265 0.421703 0.000000,
        -0.828721 0.425864 0.000000,
        -0.831067 0.429596 0.000000,
        -0.837916 0.509824 0.000000,
        -0.834183 0.512169 0.000000,
        -0.842076 0.436514 0.000000,
        -0.831067 0.515286 0.000000,
        -0.846457 0.279528 0.000000,
        0.508545 -0.841362 0.000000,
        0.437008 -0.846457 0.000000,
        0.427165 -0.829409 0.000000,
        0.422418 -0.827443 0.000000,
        0.417323 -0.826772 0.000000,
        0.107457 -0.827443 0.000000,
        0.102362 -0.826772 0.000000,
        0.055118 -0.826772 0.000000,
        0.050738 -0.827265 0.000000,
        -0.036104 -0.841362 0.000000,
        0.046577 -0.828721 0.000000,
        0.042845 -0.831067 0.000000,
        0.039728 -0.834183 0.000000,
        0.279528 -0.846457 0.000000,
        0.279034 -0.842076 0.000000,
        0.277578 -0.837916 0.000000,
        -0.437008 -0.846457 0.000000,
        0.846457 0.279528 0.000000,
        0.842076 0.279034 0.000000,
        0.837916 0.277578 0.000000,
        0.846457 -0.122047 0.000000,
        0.846457 -0.192913 0.000000,
        0.841362 -0.193584 0.000000,
        0.846457 -0.594488 0.000000,
        0.846457 -0.665354 0.000000,
        0.842076 -0.593994 0.000000,
        0.837916 -0.592539 0.000000,
        0.834183 -0.354688 0.000000,
        0.831067 -0.357806 0.000000,
        0.110903 0.828721 0.000000,
        0.114635 0.831067 0.000000,
        0.117753 0.834183 0.000000,
        -0.276890 0.836614 0.000000,
        -0.273762 0.832537 0.000000,
        -0.269685 0.829409 0.000000,
        0.594488 0.846457 0.000000,
        0.665354 0.846457 0.000000,
        0.593994 0.842076 0.000000,
        0.592539 0.837916 0.000000,
        0.751475 0.842076 0.000000,
        0.751969 0.846457 0.000000,
        -0.832537 0.273762 0.000000,
        -0.836614 0.276890 0.000000,
        -0.846457 0.350394 0.000000,
        -0.842076 0.350887 0.000000,
        -0.837916 0.352343 0.000000,
        -0.212598 -0.826772 0.000000,
        -0.259843 -0.826772 0.000000,
        -0.264937 -0.827443 0.000000,
        -0.579183 -0.827265 0.000000,
        -0.574803 -0.826772 0.000000,
        -0.429596 -0.831067 0.000000,
        -0.432713 -0.834183 0.000000,
        -0.508368 -0.842076 0.000000,
        -0.435058 -0.837916 0.000000,
        -0.436514 -0.842076 0.000000,
        -0.507874 -0.846457 0.000000,
        -0.509824 -0.837916 0.000000,
        -0.512169 -0.834183 0.000000,
        -0.515286 -0.831067 0.000000,
        -0.519018 -0.828721 0.000000,
        0.826772 0.370079 0.000000,
        0.827443 0.364984 0.000000,
        0.829409 0.360236 0.000000,
        0.685039 0.826772 0.000000,
        0.732283 0.826772 0.000000,
        0.736664 0.827265 0.000000,
        -0.828721 0.361538 0.000000,
        -0.827265 0.365698 0.000000,
        -0.826772 0.370079 0.000000,
        -0.834183 0.432713 0.000000,
        -0.837916 0.435058 0.000000,
        0.035433 -0.846457 0.000000,
        -0.035433 -0.846457 0.000000,
        0.035927 -0.842076 0.000000,
        0.037383 -0.837916 0.000000,
        -0.122047 -0.846457 0.000000,
        -0.192913 -0.846457 0.000000,
        -0.121554 -0.842076 0.000000,
        -0.120098 -0.837916 0.000000,
        0.826772 -0.417323 0.000000,
        0.827265 -0.421703 0.000000,
        0.828721 -0.425864 0.000000,
        0.831067 -0.429596 0.000000,
        0.837916 -0.509824 0.000000,
        0.834183 -0.512169 0.000000,
        0.842076 -0.436514 0.000000,
        0.831067 -0.515286 0.000000,
        0.122047 0.846457 0.000000,
        0.192913 0.846457 0.000000,
        0.121554 0.842076 0.000000,
        0.120098 0.837916 0.000000,
        -0.119410 0.836614 0.000000,
        -0.212598 0.826772 0.000000,
        -0.208218 0.827265 0.000000,
        0.354688 0.834183 0.000000,
        0.357806 0.831067 0.000000,
        0.671120 0.832537 0.000000,
        0.675197 0.829409 0.000000,
        0.679944 0.827443 0.000000,
        -0.828721 0.519018 0.000000,
        -0.827265 0.523179 0.000000,
        -0.826772 0.527559 0.000000,
        -0.826772 0.574803 0.000000,
        -0.827443 0.679944 0.000000,
        -0.829409 0.675197 0.000000,
        -0.832537 0.671120 0.000000,
        -0.836614 0.667992 0.000000,
        -0.827265 0.579183 0.000000,
        -0.828721 0.583344 0.000000,
        0.212598 -0.826772 0.000000,
        0.208218 -0.827265 0.000000,
        0.204057 -0.828721 0.000000,
        0.192913 -0.846457 0.000000,
        0.122047 -0.846457 0.000000,
        0.193407 -0.842076 0.000000,
        0.194863 -0.837916 0.000000,
        0.846457 -0.279528 0.000000,
        -0.200325 0.831067 0.000000,
        -0.197208 0.834183 0.000000,
        -0.121376 0.841362 0.000000,
        -0.042845 0.831067 0.000000,
        -0.039728 0.834183 0.000000,
        0.036104 0.841362 0.000000,
        0.361538 0.828721 0.000000,
        0.365698 0.827265 0.000000,
        0.370079 0.826772 0.000000,
        0.517717 0.829409 0.000000,
        0.522464 0.827443 0.000000,
        0.527559 0.826772 0.000000,
        -0.846457 0.437008 0.000000,
        -0.846457 0.507874 0.000000,
        -0.842076 0.508368 0.000000,
        0.370079 -0.826772 0.000000,
        0.364984 -0.827443 0.000000,
        0.360236 -0.829409 0.000000,
        0.846457 -0.350394 0.000000,
        0.842076 -0.350887 0.000000,
        0.837916 -0.352343 0.000000,
        0.828721 -0.361538 0.000000,
        0.827265 -0.365698 0.000000,
        0.826772 -0.370079 0.000000,
        0.834183 -0.432713 0.000000,
        0.837916 -0.435058 0.000000,
        -0.204057 0.828721 0.000000,
        -0.192913 0.846457 0.000000,
        -0.122047 0.846457 0.000000,
        -0.193407 0.842076 0.000000,
        -0.194863 0.837916 0.000000,
        0.038070 0.836614 0.000000,
        -0.050738 0.827265 0.000000,
        -0.046577 0.828721 0.000000,
        0.828721 -0.519018 0.000000,
        0.827265 -0.523179 0.000000,
        0.826772 -0.527559 0.000000,
        0.832537 -0.671120 0.000000,
        0.829409 -0.675197 0.000000,
        0.827443 -0.679944 0.000000,
        -0.116281 0.832537 0.000000,
        -0.112205 0.829409 0.000000,
        -0.107457 0.827443 0.000000,
        0.279528 0.846457 0.000000,
        0.846457 -0.437008 0.000000,
        0.846457 -0.507874 0.000000,
        0.842076 -0.508368 0.000000,
        0.350394 0.846457 0.000000,
        0.350887 0.842076 0.000000,
        0.352343 0.837916 0.000000,
        -0.035433 0.846457 0.000000,
        0.035433 0.846457 0.000000,
        -0.035927 0.842076 0.000000,
        -0.037383 0.837916 0.000000,
        -0.102362 0.826772 0.000000,
        0.207504 0.827443 0.000000,
        0.212598 0.826772 0.000000,
        -0.264937 0.827443 0.000000,
        -0.259843 0.826772 0.000000,
        0.259843 0.826772 0.000000,
        0.264937 0.827443 0.000000,
        0.055118 0.826772 0.000000,
        0.050023 0.827443 0.000000,
        0.827443 -0.050023 0.070866,
        0.829409 -0.112205 0.070866,
        0.836614 -0.119410 0.070866,
        0.841362 -0.121376 0.070866,
        0.827443 -0.107457 0.070866,
        0.829409 -0.045276 0.070866,
        0.836614 -0.038070 0.070866,
        0.841362 -0.036104 0.070866,
        0.841362 0.036104 0.070866,
        0.836614 0.038070 0.070866,
        0.829409 0.045276 0.070866,
        0.827443 0.050023 0.070866,
        0.827443 0.107457 0.070866,
        0.829409 0.112205 0.070866,
        0.836614 0.119410 0.070866,
        0.841362 0.121376 0.070866,
        0.827443 0.207504 0.070866,
        0.841362 0.193584 0.070866,
        0.836614 0.195551 0.070866,
        0.837916 0.277578 0.070866,
        0.828721 0.268383 0.070866,
        0.834183 0.275233 0.070866,
        0.831067 0.272116 0.070866,
        0.827265 0.264223 0.070866,
        0.842076 0.279034 0.070866,
        0.829409 0.202756 0.070866,
        0.827443 0.364984 0.070866,
        0.836614 0.353031 0.070866,
        0.829409 0.360236 0.070866,
        0.827443 0.422418 0.070866,
        0.841362 0.351065 0.070866,
        0.829409 0.427165 0.070866,
        0.836614 0.434370 0.070866,
        0.841362 0.436337 0.070866,
        0.841362 0.508545 0.070866,
        0.836614 0.510511 0.070866,
        0.829409 0.517717 0.070866,
        0.827443 0.522464 0.070866,
        0.827443 0.579898 0.070866,
        0.829409 0.584646 0.070866,
        0.836614 0.591851 0.070866,
        0.841362 0.593817 0.070866,
        0.837916 0.667304 0.070866,
        0.842076 0.665848 0.070866,
        0.827443 0.737378 0.070866,
        0.834183 0.669649 0.070866,
        0.831067 0.672766 0.070866,
        0.827265 0.680659 0.070866,
        0.828721 0.676498 0.070866,
        0.829409 0.742126 0.070866,
        0.836614 0.749331 0.070866,
        0.841362 0.751298 0.070866,
        0.827443 -0.264937 0.070866,
        0.841362 -0.193584 0.070866,
        0.827443 -0.207504 0.070866,
        0.836614 -0.276890 0.070866,
        0.829409 -0.269685 0.070866,
        0.841362 -0.278857 0.070866,
        0.829409 -0.202756 0.070866,
        0.836614 -0.195551 0.070866,
        0.837916 -0.352343 0.070866,
        0.828721 -0.361538 0.070866,
        0.834183 -0.354688 0.070866,
        0.831067 -0.357806 0.070866,
        0.827265 -0.365698 0.070866,
        0.842076 -0.350887 0.070866,
        0.842076 -0.436514 0.070866,
        0.837916 -0.435058 0.070866,
        0.834183 -0.432713 0.070866,
        0.831067 -0.429596 0.070866,
        0.828721 -0.425864 0.070866,
        0.827265 -0.421703 0.070866,
        0.827265 -0.523179 0.070866,
        0.828721 -0.519018 0.070866,
        0.842076 -0.508368 0.070866,
        0.842076 -0.593994 0.070866,
        0.837916 -0.592539 0.070866,
        0.834183 -0.590194 0.070866,
        0.831067 -0.587076 0.070866,
        0.827265 -0.579183 0.070866,
        0.828721 -0.583344 0.070866,
        0.837916 -0.509824 0.070866,
        0.831067 -0.515286 0.070866,
        0.834183 -0.512169 0.070866,
        0.827443 -0.679944 0.070866,
        0.842076 -0.751475 0.070866,
        0.837916 -0.750019 0.070866,
        0.834183 -0.747674 0.070866,
        0.831067 -0.744557 0.070866,
        0.828721 -0.740824 0.070866,
        0.827265 -0.736664 0.070866,
        0.829409 -0.675197 0.070866,
        0.836614 -0.667992 0.070866,
        0.841362 -0.666025 0.070866,
        0.736664 0.827265 0.070866,
        0.750019 0.837916 0.070866,
        0.747674 0.834183 0.070866,
        0.744557 0.831067 0.070866,
        0.751475 0.842076 0.070866,
        0.740824 0.828721 0.070866,
        0.667992 0.836614 0.070866,
        0.679944 0.827443 0.070866,
        0.675197 0.829409 0.070866,
        0.666025 0.841362 0.070866,
        -0.827443 0.679944 0.070866,
        -0.842076 0.751475 0.070866,
        -0.837916 0.750019 0.070866,
        -0.834183 0.747674 0.070866,
        -0.831067 0.744557 0.070866,
        -0.828721 0.740824 0.070866,
        -0.827265 0.736664 0.070866,
        -0.829409 0.675197 0.070866,
        -0.836614 0.667992 0.070866,
        -0.841362 0.666025 0.070866,
        -0.751475 -0.842076 0.070866,
        -0.750019 -0.837916 0.070866,
        -0.736664 -0.827265 0.070866,
        -0.679944 -0.827443 0.070866,
        -0.675197 -0.829409 0.070866,
        -0.747674 -0.834183 0.070866,
        -0.744557 -0.831067 0.070866,
        -0.740824 -0.828721 0.070866,
        -0.667992 -0.836614 0.070866,
        -0.666025 -0.841362 0.070866,
        0.036104 0.841362 0.070866,
        0.038070 0.836614 0.070866,
        0.045276 0.829409 0.070866,
        0.050023 0.827443 0.070866,
        0.121554 0.842076 0.070866,
        0.120098 0.837916 0.070866,
        0.117753 0.834183 0.070866,
        0.114635 0.831067 0.070866,
        0.110903 0.828721 0.070866,
        0.106743 0.827265 0.070866,
        -0.841362 0.036104 0.070866,
        -0.836614 0.038070 0.070866,
        -0.829409 0.045276 0.070866,
        -0.827443 0.050023 0.070866,
        -0.841362 0.121376 0.070866,
        -0.836614 0.119410 0.070866,
        -0.829409 0.112205 0.070866,
        -0.827443 0.107457 0.070866,
        -0.036104 -0.841362 0.070866,
        -0.038070 -0.836614 0.070866,
        -0.045276 -0.829409 0.070866,
        -0.050023 -0.827443 0.070866,
        -0.121554 -0.842076 0.070866,
        -0.120098 -0.837916 0.070866,
        -0.117753 -0.834183 0.070866,
        -0.114635 -0.831067 0.070866,
        -0.110903 -0.828721 0.070866,
        -0.106743 -0.827265 0.070866,
        -0.046577 0.828721 0.070866,
        -0.050738 0.827265 0.070866,
        -0.037383 0.837916 0.070866,
        -0.039728 0.834183 0.070866,
        -0.042845 0.831067 0.070866,
        -0.035927 0.842076 0.070866,
        -0.119410 0.836614 0.070866,
        -0.112205 0.829409 0.070866,
        -0.107457 0.827443 0.070866,
        -0.121376 0.841362 0.070866,
        -0.841362 -0.036104 0.070866,
        -0.836614 -0.038070 0.070866,
        -0.829409 -0.045276 0.070866,
        -0.827443 -0.050023 0.070866,
        -0.836614 -0.119410 0.070866,
        -0.827443 -0.107457 0.070866,
        -0.829409 -0.112205 0.070866,
        -0.841362 -0.121376 0.070866,
        0.037383 -0.837916 0.070866,
        0.039728 -0.834183 0.070866,
        0.050738 -0.827265 0.070866,
        0.042845 -0.831067 0.070866,
        0.046577 -0.828721 0.070866,
        0.112205 -0.829409 0.070866,
        0.119410 -0.836614 0.070866,
        0.035927 -0.842076 0.070866,
        0.107457 -0.827443 0.070866,
        0.121376 -0.841362 0.070866,
        -0.200325 0.831067 0.070866,
        -0.204057 0.828721 0.070866,
        -0.197208 0.834183 0.070866,
        -0.208218 0.827265 0.070866,
        -0.194863 0.837916 0.070866,
        -0.193407 0.842076 0.070866,
        -0.276890 0.836614 0.070866,
        -0.269685 0.829409 0.070866,
        -0.264937 0.827443 0.070866,
        -0.278857 0.841362 0.070866,
        -0.836614 -0.195551 0.070866,
        -0.829409 -0.202756 0.070866,
        -0.827443 -0.207504 0.070866,
        -0.837916 -0.277578 0.070866,
        -0.828721 -0.268383 0.070866,
        -0.834183 -0.275233 0.070866,
        -0.831067 -0.272116 0.070866,
        -0.827265 -0.264223 0.070866,
        -0.842076 -0.279034 0.070866,
        -0.841362 -0.193584 0.070866,
        0.264223 -0.827265 0.070866,
        0.268383 -0.828721 0.070866,
        0.272116 -0.831067 0.070866,
        0.275233 -0.834183 0.070866,
        0.277578 -0.837916 0.070866,
        0.279034 -0.842076 0.070866,
        0.193407 -0.842076 0.070866,
        0.194863 -0.837916 0.070866,
        0.197208 -0.834183 0.070866,
        0.200325 -0.831067 0.070866,
        0.204057 -0.828721 0.070866,
        0.208218 -0.827265 0.070866,
        -0.360236 0.829409 0.070866,
        -0.364984 0.827443 0.070866,
        -0.353031 0.836614 0.070866,
        -0.351065 0.841362 0.070866,
        -0.434370 0.836614 0.070866,
        -0.422418 0.827443 0.070866,
        -0.427165 0.829409 0.070866,
        -0.436337 0.841362 0.070866,
        -0.827443 -0.364984 0.070866,
        -0.836614 -0.353031 0.070866,
        -0.829409 -0.360236 0.070866,
        -0.827443 -0.422418 0.070866,
        -0.841362 -0.351065 0.070866,
        -0.829409 -0.427165 0.070866,
        -0.836614 -0.434370 0.070866,
        -0.841362 -0.436337 0.070866,
        0.422418 -0.827443 0.070866,
        0.427165 -0.829409 0.070866,
        0.353031 -0.836614 0.070866,
        0.351065 -0.841362 0.070866,
        0.360236 -0.829409 0.070866,
        0.364984 -0.827443 0.070866,
        0.434370 -0.836614 0.070866,
        0.436337 -0.841362 0.070866,
        -0.510511 0.836614 0.070866,
        -0.508545 0.841362 0.070866,
        -0.517717 0.829409 0.070866,
        -0.522464 0.827443 0.070866,
        -0.591851 0.836614 0.070866,
        -0.579898 0.827443 0.070866,
        -0.584646 0.829409 0.070866,
        -0.593817 0.841362 0.070866,
        -0.841362 -0.508545 0.070866,
        -0.836614 -0.510511 0.070866,
        -0.829409 -0.517717 0.070866,
        -0.827443 -0.522464 0.070866,
        -0.827443 -0.579898 0.070866,
        -0.829409 -0.584646 0.070866,
        -0.836614 -0.591851 0.070866,
        -0.841362 -0.593817 0.070866,
        0.579898 -0.827443 0.070866,
        0.584646 -0.829409 0.070866,
        0.510511 -0.836614 0.070866,
        0.508545 -0.841362 0.070866,
        0.517717 -0.829409 0.070866,
        0.522464 -0.827443 0.070866,
        0.591851 -0.836614 0.070866,
        0.593817 -0.841362 0.070866,
        -0.676498 0.828721 0.070866,
        -0.680659 0.827265 0.070866,
        -0.667304 0.837916 0.070866,
        -0.669649 0.834183 0.070866,
        -0.672766 0.831067 0.070866,
        -0.665848 0.842076 0.070866,
        -0.749331 0.836614 0.070866,
        -0.737378 0.827443 0.070866,
        -0.742126 0.829409 0.070866,
        -0.751298 0.841362 0.070866,
        -0.837916 -0.667304 0.070866,
        -0.842076 -0.665848 0.070866,
        -0.827443 -0.737378 0.070866,
        -0.834183 -0.669649 0.070866,
        -0.831067 -0.672766 0.070866,
        -0.827265 -0.680659 0.070866,
        -0.828721 -0.676498 0.070866,
        -0.829409 -0.742126 0.070866,
        -0.836614 -0.749331 0.070866,
        -0.841362 -0.751298 0.070866,
        0.665848 -0.842076 0.070866,
        0.667304 -0.837916 0.070866,
        0.680659 -0.827265 0.070866,
        0.737378 -0.827443 0.070866,
        0.742126 -0.829409 0.070866,
        0.669649 -0.834183 0.070866,
        0.672766 -0.831067 0.070866,
        0.676498 -0.828721 0.070866,
        0.749331 -0.836614 0.070866,
        0.751298 -0.841362 0.070866,
        0.269685 0.829409 0.070866,
        0.264937 0.827443 0.070866,
        0.276890 0.836614 0.070866,
        0.278857 0.841362 0.070866,
        0.207504 0.827443 0.070866,
        0.202756 0.829409 0.070866,
        0.195551 0.836614 0.070866,
        0.193584 0.841362 0.070866,
        -0.827443 0.264937 0.070866,
        -0.841362 0.193584 0.070866,
        -0.827443 0.207504 0.070866,
        -0.836614 0.276890 0.070866,
        -0.829409 0.269685 0.070866,
        -0.841362 0.278857 0.070866,
        -0.829409 0.202756 0.070866,
        -0.836614 0.195551 0.070866,
        -0.207504 -0.827443 0.070866,
        -0.276890 -0.836614 0.070866,
        -0.278857 -0.841362 0.070866,
        -0.269685 -0.829409 0.070866,
        -0.264937 -0.827443 0.070866,
        -0.202756 -0.829409 0.070866,
        -0.195551 -0.836614 0.070866,
        -0.193584 -0.841362 0.070866,
        0.421703 0.827265 0.070866,
        0.365698 0.827265 0.070866,
        0.361538 0.828721 0.070866,
        0.357806 0.831067 0.070866,
        0.354688 0.834183 0.070866,
        0.352343 0.837916 0.070866,
        0.350887 0.842076 0.070866,
        0.435058 0.837916 0.070866,
        0.432713 0.834183 0.070866,
        0.429596 0.831067 0.070866,
        0.436514 0.842076 0.070866,
        0.425864 0.828721 0.070866,
        -0.837916 0.352343 0.070866,
        -0.828721 0.361538 0.070866,
        -0.834183 0.354688 0.070866,
        -0.831067 0.357806 0.070866,
        -0.827265 0.365698 0.070866,
        -0.842076 0.350887 0.070866,
        -0.842076 0.436514 0.070866,
        -0.837916 0.435058 0.070866,
        -0.834183 0.432713 0.070866,
        -0.831067 0.429596 0.070866,
        -0.828721 0.425864 0.070866,
        -0.827265 0.421703 0.070866,
        -0.365698 -0.827265 0.070866,
        -0.361538 -0.828721 0.070866,
        -0.357806 -0.831067 0.070866,
        -0.354688 -0.834183 0.070866,
        -0.352343 -0.837916 0.070866,
        -0.350887 -0.842076 0.070866,
        -0.421703 -0.827265 0.070866,
        -0.436514 -0.842076 0.070866,
        -0.435058 -0.837916 0.070866,
        -0.432713 -0.834183 0.070866,
        -0.429596 -0.831067 0.070866,
        -0.425864 -0.828721 0.070866,
        0.510511 0.836614 0.070866,
        0.508545 0.841362 0.070866,
        0.592539 0.837916 0.070866,
        0.590194 0.834183 0.070866,
        0.587076 0.831067 0.070866,
        0.583344 0.828721 0.070866,
        0.579183 0.827265 0.070866,
        0.522464 0.827443 0.070866,
        0.593994 0.842076 0.070866,
        0.517717 0.829409 0.070866,
        -0.827265 0.523179 0.070866,
        -0.828721 0.519018 0.070866,
        -0.842076 0.508368 0.070866,
        -0.842076 0.593994 0.070866,
        -0.837916 0.592539 0.070866,
        -0.834183 0.590194 0.070866,
        -0.831067 0.587076 0.070866,
        -0.827265 0.579183 0.070866,
        -0.828721 0.583344 0.070866,
        -0.837916 0.509824 0.070866,
        -0.831067 0.515286 0.070866,
        -0.834183 0.512169 0.070866,
        -0.523179 -0.827265 0.070866,
        -0.519018 -0.828721 0.070866,
        -0.515286 -0.831067 0.070866,
        -0.512169 -0.834183 0.070866,
        -0.509824 -0.837916 0.070866,
        -0.508368 -0.842076 0.070866,
        -0.579183 -0.827265 0.070866,
        -0.593994 -0.842076 0.070866,
        -0.592539 -0.837916 0.070866,
        -0.590194 -0.834183 0.070866,
        -0.587076 -0.831067 0.070866,
        -0.583344 -0.828721 0.070866,
      ]
    }
    coordIndex [
      288, 289, 290, -1,
      291, 292, 293, -1,
      294, 295, 296, -1,
      297, 298, 299, -1,
      300, 301, 302, -1,
      303, 304, 305, -1,
      306, 307, 308, -1,
      309, 310, 311, -1,
      312, 313, 314, -1,
      315, 312, 316, -1,
      317, 318, 319, -1,
      319, 318, 320, -1,
      312, 314, 316, -1,
      316, 314, 321, -1,
      316, 321, 322, -1,
      323, 324, 325, -1,
      325, 324, 326, -1,
      325, 326, 320, -1,
      320, 326, 327, -1,
      320, 327, 319, -1,
      328, 329, 330, -1,
      330, 331, 328, -1,
      328, 331, 332, -1,
      328, 332, 333, -1,
      334, 335, 333, -1,
      335, 336, 333, -1,
      333, 336, 337, -1,
      333, 337, 338, -1,
      333, 332, 334, -1,
      334, 332, 339, -1,
      334, 339, 340, -1,
      341, 342, 343, -1,
      343, 342, 334, -1,
      343, 334, 344, -1,
      340, 345, 334, -1,
      334, 345, 346, -1,
      334, 346, 347, -1,
      348, 349, 334, -1,
      334, 349, 350, -1,
      334, 350, 344, -1,
      343, 351, 352, -1,
      347, 353, 334, -1,
      334, 353, 354, -1,
      334, 354, 348, -1,
      351, 343, 355, -1,
      355, 343, 356, -1,
      355, 356, 357, -1,
      352, 358, 343, -1,
      343, 358, 359, -1,
      343, 359, 341, -1,
      310, 360, 361, -1,
      361, 360, 362, -1,
      362, 360, 363, -1,
      362, 363, 329, -1,
      309, 311, 364, -1,
      365, 366, 311, -1,
      311, 366, 367, -1,
      311, 367, 364, -1,
      368, 369, 311, -1,
      311, 369, 370, -1,
      311, 370, 365, -1,
      371, 372, 373, -1,
      373, 372, 374, -1,
      373, 374, 368, -1,
      368, 374, 375, -1,
      368, 375, 369, -1,
      376, 377, 378, -1,
      378, 377, 379, -1,
      378, 379, 380, -1,
      380, 381, 378, -1,
      378, 381, 382, -1,
      378, 382, 383, -1,
      384, 385, 376, -1,
      376, 385, 386, -1,
      376, 386, 377, -1,
      387, 388, 389, -1,
      390, 391, 392, -1,
      389, 393, 387, -1,
      387, 393, 394, -1,
      387, 394, 395, -1,
      395, 394, 390, -1,
      395, 390, 396, -1,
      396, 390, 392, -1,
      397, 398, 308, -1,
      397, 308, 399, -1,
      398, 397, 393, -1,
      393, 397, 400, -1,
      393, 400, 394, -1,
      308, 401, 399, -1,
      399, 401, 402, -1,
      399, 402, 403, -1,
      404, 405, 401, -1,
      401, 405, 406, -1,
      401, 406, 402, -1,
      407, 408, 409, -1,
      401, 410, 411, -1,
      412, 413, 414, -1,
      414, 413, 415, -1,
      414, 415, 407, -1,
      407, 415, 416, -1,
      407, 416, 408, -1,
      411, 417, 401, -1,
      401, 417, 418, -1,
      401, 418, 404, -1,
      419, 420, 421, -1,
      419, 421, 422, -1,
      420, 423, 421, -1,
      421, 423, 424, -1,
      421, 424, 414, -1,
      414, 424, 425, -1,
      414, 425, 412, -1,
      426, 427, 428, -1,
      429, 430, 384, -1,
      431, 432, 308, -1,
      432, 433, 308, -1,
      308, 433, 434, -1,
      308, 434, 435, -1,
      430, 436, 384, -1,
      384, 436, 437, -1,
      384, 437, 398, -1,
      427, 431, 428, -1,
      428, 431, 308, -1,
      428, 308, 438, -1,
      438, 308, 398, -1,
      438, 398, 439, -1,
      439, 398, 437, -1,
      435, 440, 308, -1,
      308, 440, 441, -1,
      308, 441, 306, -1,
      442, 443, 444, -1,
      444, 443, 445, -1,
      444, 445, 446, -1,
      444, 447, 442, -1,
      442, 447, 448, -1,
      442, 448, 449, -1,
      449, 450, 442, -1,
      442, 450, 451, -1,
      442, 451, 452, -1,
      452, 451, 453, -1,
      452, 453, 454, -1,
      454, 453, 455, -1,
      454, 455, 428, -1,
      428, 455, 456, -1,
      428, 456, 426, -1,
      457, 458, 446, -1,
      446, 458, 459, -1,
      446, 459, 444, -1,
      460, 461, 462, -1,
      463, 464, 465, -1,
      465, 464, 466, -1,
      465, 466, 304, -1,
      467, 468, 469, -1,
      469, 468, 470, -1,
      469, 470, 466, -1,
      471, 472, 473, -1,
      473, 472, 474, -1,
      473, 474, 475, -1,
      475, 474, 462, -1,
      475, 462, 476, -1,
      476, 462, 461, -1,
      477, 478, 479, -1,
      479, 478, 480, -1,
      479, 480, 481, -1,
      481, 482, 479, -1,
      479, 482, 483, -1,
      479, 483, 484, -1,
      485, 486, 487, -1,
      488, 489, 469, -1,
      469, 489, 490, -1,
      469, 490, 467, -1,
      491, 376, 492, -1,
      492, 376, 479, -1,
      492, 479, 493, -1,
      493, 479, 484, -1,
      494, 376, 495, -1,
      495, 376, 491, -1,
      495, 491, 473, -1,
      473, 491, 496, -1,
      473, 496, 471, -1,
      464, 497, 498, -1,
      498, 497, 499, -1,
      500, 501, 462, -1,
      462, 501, 502, -1,
      462, 502, 503, -1,
      504, 505, 506, -1,
      485, 487, 463, -1,
      494, 507, 376, -1,
      376, 507, 508, -1,
      376, 508, 509, -1,
      509, 504, 376, -1,
      376, 504, 506, -1,
      376, 506, 384, -1,
      384, 506, 510, -1,
      384, 510, 429, -1,
      499, 511, 498, -1,
      498, 511, 512, -1,
      498, 512, 513, -1,
      513, 512, 506, -1,
      513, 506, 514, -1,
      514, 506, 505, -1,
      487, 515, 463, -1,
      463, 515, 516, -1,
      463, 516, 464, -1,
      464, 516, 517, -1,
      464, 517, 497, -1,
      503, 518, 462, -1,
      462, 518, 519, -1,
      462, 519, 460, -1,
      520, 521, 486, -1,
      486, 521, 522, -1,
      486, 522, 487, -1,
      520, 523, 521, -1,
      521, 523, 524, -1,
      521, 524, 525, -1,
      525, 524, 526, -1,
      525, 527, 528, -1,
      526, 529, 525, -1,
      525, 529, 530, -1,
      525, 530, 531, -1,
      531, 532, 525, -1,
      525, 532, 533, -1,
      525, 533, 527, -1,
      528, 534, 525, -1,
      525, 534, 535, -1,
      525, 535, 536, -1,
      303, 305, 537, -1,
      537, 305, 538, -1,
      537, 538, 539, -1,
      539, 538, 307, -1,
      307, 538, 407, -1,
      307, 407, 308, -1,
      308, 407, 409, -1,
      308, 409, 401, -1,
      401, 409, 540, -1,
      401, 540, 410, -1,
      304, 466, 305, -1,
      305, 466, 470, -1,
      305, 470, 538, -1,
      538, 470, 541, -1,
      538, 541, 477, -1,
      477, 541, 542, -1,
      477, 542, 478, -1,
      543, 544, 545, -1,
      545, 544, 291, -1,
      546, 547, 545, -1,
      545, 547, 548, -1,
      548, 549, 545, -1,
      545, 549, 550, -1,
      545, 550, 543, -1,
      551, 552, 553, -1,
      553, 552, 554, -1,
      553, 554, 555, -1,
      551, 553, 556, -1,
      556, 553, 557, -1,
      556, 557, 558, -1,
      558, 557, 559, -1,
      558, 559, 560, -1,
      559, 561, 560, -1,
      560, 561, 562, -1,
      560, 562, 563, -1,
      563, 562, 564, -1,
      563, 564, 565, -1,
      566, 567, 559, -1,
      559, 567, 568, -1,
      559, 568, 561, -1,
      569, 570, 571, -1,
      571, 572, 569, -1,
      569, 572, 573, -1,
      569, 573, 559, -1,
      559, 573, 574, -1,
      559, 574, 566, -1,
      575, 576, 577, -1,
      577, 576, 578, -1,
      575, 577, 579, -1,
      579, 577, 580, -1,
      579, 580, 581, -1,
      578, 582, 577, -1,
      577, 582, 583, -1,
      577, 583, 570, -1,
      570, 583, 584, -1,
      570, 584, 571, -1,
      585, 586, 577, -1,
      577, 586, 587, -1,
      577, 587, 580, -1,
      588, 589, 590, -1,
      589, 591, 590, -1,
      590, 591, 592, -1,
      590, 592, 593, -1,
      585, 577, 594, -1,
      594, 577, 595, -1,
      594, 595, 593, -1,
      593, 595, 596, -1,
      593, 596, 590, -1,
      288, 597, 289, -1,
      289, 597, 598, -1,
      289, 598, 599, -1,
      599, 600, 289, -1,
      289, 600, 601, -1,
      289, 601, 588, -1,
      602, 603, 292, -1,
      604, 605, 606, -1,
      607, 608, 288, -1,
      609, 610, 611, -1,
      611, 610, 612, -1,
      604, 606, 613, -1,
      607, 288, 614, -1,
      615, 616, 610, -1,
      610, 616, 617, -1,
      610, 617, 618, -1,
      292, 603, 288, -1,
      288, 603, 619, -1,
      288, 619, 614, -1,
      605, 620, 606, -1,
      606, 620, 621, -1,
      606, 621, 622, -1,
      623, 624, 625, -1,
      625, 624, 626, -1,
      625, 626, 627, -1,
      628, 618, 629, -1,
      629, 618, 630, -1,
      629, 630, 625, -1,
      625, 630, 631, -1,
      625, 631, 623, -1,
      628, 632, 618, -1,
      618, 632, 633, -1,
      618, 633, 610, -1,
      610, 633, 634, -1,
      610, 634, 612, -1,
      635, 636, 637, -1,
      637, 636, 638, -1,
      637, 638, 606, -1,
      606, 638, 639, -1,
      606, 639, 613, -1,
      640, 641, 606, -1,
      606, 641, 642, -1,
      606, 642, 610, -1,
      610, 642, 643, -1,
      610, 643, 615, -1,
      644, 645, 597, -1,
      597, 645, 646, -1,
      597, 646, 647, -1,
      647, 648, 597, -1,
      597, 648, 649, -1,
      597, 649, 650, -1,
      650, 649, 635, -1,
      650, 635, 651, -1,
      651, 635, 637, -1,
      608, 652, 288, -1,
      288, 652, 653, -1,
      288, 653, 597, -1,
      597, 653, 654, -1,
      597, 654, 644, -1,
      622, 655, 606, -1,
      606, 655, 656, -1,
      606, 656, 657, -1,
      657, 658, 606, -1,
      606, 658, 659, -1,
      606, 659, 640, -1,
      660, 661, 662, -1,
      662, 618, 660, -1,
      660, 618, 617, -1,
      660, 617, 663, -1,
      663, 617, 664, -1,
      664, 665, 663, -1,
      663, 665, 666, -1,
      663, 666, 667, -1,
      668, 669, 670, -1,
      669, 671, 670, -1,
      670, 671, 672, -1,
      670, 672, 673, -1,
      674, 670, 675, -1,
      661, 660, 674, -1,
      674, 660, 676, -1,
      674, 676, 670, -1,
      670, 676, 677, -1,
      670, 677, 668, -1,
      675, 678, 674, -1,
      674, 678, 679, -1,
      674, 679, 680, -1,
      673, 672, 681, -1,
      681, 672, 682, -1,
      681, 682, 683, -1,
      683, 682, 684, -1,
      683, 684, 685, -1,
      686, 687, 680, -1,
      680, 687, 688, -1,
      680, 688, 674, -1,
      544, 689, 291, -1,
      291, 689, 690, -1,
      291, 690, 292, -1,
      292, 690, 691, -1,
      292, 691, 602, -1,
      692, 693, 323, -1,
      694, 695, 325, -1,
      325, 695, 696, -1,
      697, 698, 699, -1,
      699, 698, 323, -1,
      699, 323, 700, -1,
      700, 323, 693, -1,
      696, 701, 325, -1,
      325, 701, 702, -1,
      325, 702, 703, -1,
      703, 704, 325, -1,
      325, 704, 705, -1,
      325, 705, 323, -1,
      323, 705, 706, -1,
      323, 706, 692, -1,
      707, 708, 694, -1,
      694, 708, 709, -1,
      694, 709, 695, -1,
      697, 710, 698, -1,
      698, 710, 711, -1,
      698, 711, 712, -1,
      712, 711, 713, -1,
      712, 713, 707, -1,
      707, 713, 714, -1,
      707, 714, 708, -1,
      715, 716, 717, -1,
      717, 716, 718, -1,
      719, 720, 721, -1,
      721, 720, 722, -1,
      721, 722, 723, -1,
      723, 722, 724, -1,
      723, 724, 725, -1,
      718, 716, 726, -1,
      726, 716, 722, -1,
      726, 722, 727, -1,
      727, 722, 720, -1,
      727, 720, 302, -1,
      302, 720, 728, -1,
      302, 728, 300, -1,
      724, 729, 725, -1,
      725, 729, 730, -1,
      725, 730, 731, -1,
      731, 730, 732, -1,
      719, 721, 733, -1,
      733, 721, 734, -1,
      733, 734, 732, -1,
      732, 734, 389, -1,
      732, 389, 731, -1,
      731, 389, 388, -1,
      731, 388, 422, -1,
      735, 736, 737, -1,
      737, 736, 738, -1,
      707, 739, 740, -1,
      740, 739, 741, -1,
      738, 736, 742, -1,
      742, 736, 743, -1,
      742, 743, 744, -1,
      744, 743, 745, -1,
      744, 745, 299, -1,
      299, 745, 746, -1,
      299, 746, 297, -1,
      740, 745, 707, -1,
      707, 745, 743, -1,
      707, 743, 712, -1,
      712, 743, 747, -1,
      712, 747, 748, -1,
      748, 747, 749, -1,
      748, 749, 750, -1,
      741, 739, 751, -1,
      751, 739, 328, -1,
      751, 328, 750, -1,
      750, 328, 333, -1,
      750, 333, 748, -1,
      752, 753, 754, -1,
      755, 756, 757, -1,
      757, 756, 758, -1,
      759, 760, 757, -1,
      757, 760, 761, -1,
      757, 761, 755, -1,
      762, 763, 764, -1,
      764, 763, 765, -1,
      764, 765, 766, -1,
      767, 768, 754, -1,
      754, 768, 769, -1,
      754, 769, 752, -1,
      758, 770, 557, -1,
      557, 770, 771, -1,
      557, 771, 772, -1,
      766, 773, 764, -1,
      764, 773, 774, -1,
      764, 774, 757, -1,
      757, 774, 775, -1,
      757, 775, 759, -1,
      753, 776, 754, -1,
      754, 776, 777, -1,
      754, 777, 764, -1,
      764, 777, 778, -1,
      764, 778, 762, -1,
      779, 596, 780, -1,
      780, 596, 595, -1,
      780, 595, 781, -1,
      781, 595, 577, -1,
      781, 577, 782, -1,
      782, 577, 570, -1,
      782, 570, 783, -1,
      783, 570, 569, -1,
      783, 569, 784, -1,
      784, 569, 559, -1,
      784, 559, 754, -1,
      754, 559, 557, -1,
      754, 557, 767, -1,
      767, 557, 772, -1,
      545, 294, 368, -1,
      368, 294, 296, -1,
      368, 296, 373, -1,
      373, 296, 785, -1,
      373, 785, 786, -1,
      293, 373, 291, -1,
      291, 373, 786, -1,
      291, 786, 545, -1,
      545, 786, 787, -1,
      545, 787, 294, -1,
      788, 789, 790, -1,
      790, 789, 791, -1,
      293, 792, 793, -1,
      793, 792, 794, -1,
      793, 794, 795, -1,
      796, 797, 798, -1,
      798, 797, 792, -1,
      791, 798, 790, -1,
      790, 798, 792, -1,
      790, 792, 799, -1,
      799, 792, 293, -1,
      799, 293, 800, -1,
      800, 293, 292, -1,
      800, 292, 795, -1,
      795, 292, 288, -1,
      795, 288, 793, -1,
      793, 288, 290, -1,
      310, 361, 311, -1,
      311, 361, 801, -1,
      311, 801, 368, -1,
      368, 801, 553, -1,
      368, 553, 545, -1,
      545, 553, 555, -1,
      545, 555, 546, -1,
      290, 477, 793, -1,
      793, 477, 479, -1,
      793, 479, 293, -1,
      293, 479, 376, -1,
      293, 376, 373, -1,
      373, 376, 378, -1,
      373, 378, 371, -1,
      371, 378, 383, -1,
      721, 323, 734, -1,
      734, 323, 698, -1,
      734, 698, 389, -1,
      389, 698, 712, -1,
      389, 712, 393, -1,
      393, 712, 748, -1,
      393, 748, 398, -1,
      398, 748, 333, -1,
      398, 333, 384, -1,
      384, 333, 338, -1,
      384, 338, 385, -1,
      758, 557, 757, -1,
      757, 557, 553, -1,
      757, 553, 802, -1,
      802, 553, 801, -1,
      802, 801, 803, -1,
      803, 801, 361, -1,
      803, 361, 804, -1,
      804, 361, 362, -1,
      804, 362, 805, -1,
      805, 362, 806, -1,
      805, 806, 807, -1,
      807, 806, 808, -1,
      807, 808, 809, -1,
      809, 808, 810, -1,
      809, 810, 811, -1,
      811, 810, 812, -1,
      811, 812, 813, -1,
      813, 812, 814, -1,
      813, 814, 815, -1,
      815, 814, 816, -1,
      815, 816, 817, -1,
      329, 328, 362, -1,
      362, 328, 739, -1,
      362, 739, 806, -1,
      806, 739, 707, -1,
      806, 707, 808, -1,
      808, 707, 694, -1,
      808, 694, 810, -1,
      810, 694, 325, -1,
      810, 325, 812, -1,
      812, 325, 320, -1,
      812, 320, 814, -1,
      814, 320, 318, -1,
      814, 318, 816, -1,
      319, 315, 317, -1,
      317, 315, 316, -1,
      317, 316, 818, -1,
      819, 820, 723, -1,
      821, 822, 823, -1,
      824, 825, 820, -1,
      820, 825, 826, -1,
      820, 826, 827, -1,
      721, 828, 829, -1,
      823, 819, 821, -1,
      821, 819, 723, -1,
      821, 723, 830, -1,
      830, 723, 831, -1,
      830, 831, 829, -1,
      829, 831, 818, -1,
      829, 818, 721, -1,
      721, 818, 316, -1,
      721, 316, 323, -1,
      323, 316, 322, -1,
      323, 322, 324, -1,
      832, 721, 833, -1,
      833, 721, 723, -1,
      833, 723, 834, -1,
      834, 723, 820, -1,
      834, 820, 835, -1,
      835, 820, 827, -1,
      836, 837, 828, -1,
      836, 828, 838, -1,
      837, 839, 828, -1,
      828, 839, 840, -1,
      828, 840, 820, -1,
      820, 840, 841, -1,
      820, 841, 824, -1,
      832, 842, 721, -1,
      721, 842, 843, -1,
      721, 843, 828, -1,
      828, 843, 844, -1,
      828, 844, 838, -1,
      422, 421, 731, -1,
      731, 421, 845, -1,
      731, 845, 725, -1,
      725, 845, 846, -1,
      725, 846, 723, -1,
      723, 846, 847, -1,
      723, 847, 831, -1,
      588, 590, 289, -1,
      289, 590, 848, -1,
      289, 848, 290, -1,
      290, 848, 849, -1,
      290, 849, 477, -1,
      477, 849, 850, -1,
      477, 850, 538, -1,
      538, 850, 851, -1,
      538, 851, 407, -1,
      407, 851, 852, -1,
      407, 852, 414, -1,
      414, 852, 853, -1,
      414, 853, 421, -1,
      421, 853, 854, -1,
      421, 854, 845, -1,
      845, 854, 855, -1,
      845, 855, 846, -1,
      846, 855, 856, -1,
      846, 856, 847, -1,
      779, 857, 858, -1,
      197, 859, 860, -1,
      177, 178, 856, -1,
      858, 216, 779, -1,
      779, 216, 217, -1,
      779, 217, 856, -1,
      860, 177, 197, -1,
      197, 177, 856, -1,
      197, 856, 196, -1,
      196, 856, 217, -1,
      196, 217, 861, -1,
      861, 217, 862, -1,
      158, 863, 864, -1,
      134, 135, 856, -1,
      864, 134, 158, -1,
      158, 134, 856, -1,
      158, 856, 157, -1,
      157, 856, 178, -1,
      157, 178, 865, -1,
      865, 178, 866, -1,
      113, 867, 868, -1,
      91, 92, 856, -1,
      868, 91, 113, -1,
      113, 91, 856, -1,
      113, 856, 112, -1,
      112, 856, 135, -1,
      112, 135, 869, -1,
      869, 135, 870, -1,
      70, 871, 872, -1,
      45, 46, 856, -1,
      872, 45, 70, -1,
      70, 45, 856, -1,
      70, 856, 69, -1,
      69, 856, 92, -1,
      69, 92, 873, -1,
      873, 92, 874, -1,
      875, 876, 23, -1,
      23, 876, 856, -1,
      23, 856, 22, -1,
      22, 856, 46, -1,
      22, 46, 877, -1,
      877, 46, 878, -1,
      856, 876, 879, -1,
      879, 223, 856, -1,
      856, 223, 224, -1,
      856, 224, 817, -1,
      231, 880, 881, -1,
      236, 237, 817, -1,
      881, 236, 231, -1,
      231, 236, 817, -1,
      231, 817, 230, -1,
      230, 817, 224, -1,
      230, 224, 882, -1,
      882, 224, 883, -1,
      243, 884, 885, -1,
      0, 1, 817, -1,
      885, 0, 243, -1,
      243, 0, 817, -1,
      243, 817, 242, -1,
      242, 817, 237, -1,
      242, 237, 886, -1,
      886, 237, 887, -1,
      281, 888, 889, -1,
      273, 274, 817, -1,
      889, 273, 281, -1,
      281, 273, 817, -1,
      281, 817, 280, -1,
      280, 817, 1, -1,
      280, 1, 890, -1,
      890, 1, 891, -1,
      266, 892, 893, -1,
      257, 258, 817, -1,
      893, 257, 266, -1,
      266, 257, 817, -1,
      266, 817, 265, -1,
      265, 817, 274, -1,
      265, 274, 894, -1,
      894, 274, 895, -1,
      896, 897, 251, -1,
      251, 897, 817, -1,
      251, 817, 250, -1,
      250, 817, 258, -1,
      250, 258, 898, -1,
      898, 258, 899, -1,
      817, 897, 900, -1,
      184, 901, 902, -1,
      165, 166, 764, -1,
      900, 202, 817, -1,
      817, 202, 203, -1,
      817, 203, 764, -1,
      902, 165, 184, -1,
      184, 165, 764, -1,
      184, 764, 183, -1,
      183, 764, 203, -1,
      183, 203, 903, -1,
      903, 203, 904, -1,
      142, 905, 906, -1,
      119, 120, 764, -1,
      906, 119, 142, -1,
      142, 119, 764, -1,
      142, 764, 141, -1,
      141, 764, 166, -1,
      141, 166, 907, -1,
      907, 166, 908, -1,
      98, 909, 910, -1,
      77, 78, 764, -1,
      910, 77, 98, -1,
      98, 77, 764, -1,
      98, 764, 97, -1,
      97, 764, 120, -1,
      97, 120, 911, -1,
      911, 120, 912, -1,
      54, 913, 914, -1,
      29, 30, 764, -1,
      914, 29, 54, -1,
      54, 29, 764, -1,
      54, 764, 53, -1,
      53, 764, 78, -1,
      53, 78, 915, -1,
      915, 78, 916, -1,
      917, 918, 9, -1,
      9, 918, 764, -1,
      9, 764, 8, -1,
      8, 764, 30, -1,
      8, 30, 919, -1,
      919, 30, 920, -1,
      764, 918, 921, -1,
      191, 922, 923, -1,
      171, 172, 779, -1,
      921, 209, 764, -1,
      764, 209, 210, -1,
      764, 210, 779, -1,
      923, 171, 191, -1,
      191, 171, 779, -1,
      191, 779, 190, -1,
      190, 779, 210, -1,
      190, 210, 924, -1,
      924, 210, 925, -1,
      150, 926, 927, -1,
      126, 127, 779, -1,
      927, 126, 150, -1,
      150, 126, 779, -1,
      150, 779, 149, -1,
      149, 779, 172, -1,
      149, 172, 928, -1,
      928, 172, 929, -1,
      105, 930, 931, -1,
      84, 85, 779, -1,
      931, 84, 105, -1,
      105, 84, 779, -1,
      105, 779, 104, -1,
      104, 779, 127, -1,
      104, 127, 932, -1,
      932, 127, 933, -1,
      62, 934, 935, -1,
      37, 38, 779, -1,
      935, 37, 62, -1,
      62, 37, 779, -1,
      62, 779, 61, -1,
      61, 779, 85, -1,
      61, 85, 936, -1,
      936, 85, 937, -1,
      938, 857, 16, -1,
      16, 857, 779, -1,
      16, 779, 15, -1,
      15, 779, 38, -1,
      15, 38, 939, -1,
      939, 38, 940, -1,
      941, 942, 943, -1,
      944, 945, 946, -1,
      947, 948, 949, -1,
      946, 945, 947, -1,
      950, 951, 943, -1,
      952, 857, 953, -1,
      953, 857, 938, -1,
      952, 954, 857, -1,
      857, 954, 955, -1,
      857, 955, 947, -1,
      947, 955, 956, -1,
      957, 958, 959, -1,
      960, 876, 961, -1,
      961, 876, 875, -1,
      896, 962, 897, -1,
      897, 962, 963, -1,
      897, 963, 964, -1,
      943, 965, 966, -1,
      967, 968, 969, -1,
      970, 971, 972, -1,
      918, 917, 921, -1,
      921, 917, 973, -1,
      949, 974, 947, -1,
      947, 974, 975, -1,
      947, 975, 959, -1,
      959, 975, 976, -1,
      959, 976, 957, -1,
      958, 977, 959, -1,
      959, 977, 978, -1,
      959, 978, 979, -1,
      979, 978, 980, -1,
      959, 981, 947, -1,
      947, 981, 982, -1,
      947, 982, 983, -1,
      960, 984, 876, -1,
      876, 984, 985, -1,
      876, 985, 946, -1,
      946, 985, 986, -1,
      945, 987, 947, -1,
      947, 987, 988, -1,
      947, 988, 989, -1,
      858, 857, 990, -1,
      990, 857, 991, -1,
      943, 992, 993, -1,
      994, 995, 996, -1,
      879, 876, 997, -1,
      997, 876, 998, -1,
      999, 1000, 1001, -1,
      1002, 1003, 947, -1,
      947, 1003, 1004, -1,
      1005, 1006, 1007, -1,
      1008, 1009, 1010, -1,
      1010, 1009, 1011, -1,
      1012, 1013, 1014, -1,
      1014, 1013, 1009, -1,
      1014, 1009, 1015, -1,
      1015, 1009, 1008, -1,
      1016, 1017, 1018, -1,
      1018, 1017, 947, -1,
      1018, 947, 1009, -1,
      1009, 947, 983, -1,
      1009, 983, 1011, -1,
      1016, 1019, 1017, -1,
      1017, 1019, 1020, -1,
      1017, 1020, 1021, -1,
      986, 1022, 946, -1,
      946, 1022, 1023, -1,
      946, 1023, 1024, -1,
      1025, 1026, 946, -1,
      946, 1026, 1027, -1,
      1028, 1029, 1030, -1,
      1030, 1029, 1031, -1,
      1030, 1031, 1032, -1,
      1033, 1034, 1035, -1,
      1036, 1037, 1038, -1,
      989, 1039, 947, -1,
      947, 1039, 1040, -1,
      947, 1040, 1041, -1,
      966, 1042, 943, -1,
      943, 1042, 1043, -1,
      943, 1043, 996, -1,
      996, 1043, 1044, -1,
      996, 1044, 994, -1,
      995, 1045, 996, -1,
      996, 1045, 1046, -1,
      996, 1046, 1047, -1,
      1047, 1046, 1048, -1,
      996, 1049, 943, -1,
      943, 1049, 1050, -1,
      943, 1050, 1051, -1,
      1052, 1053, 946, -1,
      946, 1053, 1054, -1,
      946, 1054, 1055, -1,
      968, 1056, 969, -1,
      969, 1056, 1057, -1,
      969, 1057, 1058, -1,
      1059, 1060, 1061, -1,
      1061, 1060, 1062, -1,
      1061, 1062, 972, -1,
      972, 1062, 1063, -1,
      972, 1063, 970, -1,
      1064, 1065, 1066, -1,
      1067, 1068, 1069, -1,
      1070, 967, 1071, -1,
      1071, 967, 969, -1,
      1071, 969, 1072, -1,
      1072, 969, 1073, -1,
      1074, 1075, 1076, -1,
      956, 1077, 947, -1,
      947, 1077, 1078, -1,
      947, 1078, 1079, -1,
      1080, 1081, 1082, -1,
      1082, 1081, 1083, -1,
      1082, 1083, 1084, -1,
      1084, 1083, 1085, -1,
      1082, 1086, 947, -1,
      947, 1086, 1087, -1,
      1025, 946, 1088, -1,
      1088, 946, 1024, -1,
      1088, 1024, 1089, -1,
      1089, 1024, 1090, -1,
      1089, 1090, 1091, -1,
      1092, 1093, 1094, -1,
      1095, 1096, 946, -1,
      946, 1096, 1097, -1,
      1098, 1099, 946, -1,
      946, 1099, 1100, -1,
      946, 1100, 1101, -1,
      1035, 1034, 1102, -1,
      1103, 1104, 1105, -1,
      1105, 1104, 1106, -1,
      1105, 1106, 1107, -1,
      1107, 1106, 1038, -1,
      1107, 1038, 1108, -1,
      1108, 1038, 1037, -1,
      1041, 1109, 947, -1,
      947, 1109, 1110, -1,
      947, 1110, 857, -1,
      857, 1110, 1111, -1,
      857, 1111, 991, -1,
      1112, 1113, 1114, -1,
      942, 1115, 943, -1,
      943, 1115, 1116, -1,
      943, 1116, 1117, -1,
      993, 1118, 943, -1,
      943, 1118, 1119, -1,
      943, 1119, 1120, -1,
      1120, 1121, 1122, -1,
      1122, 1123, 1124, -1,
      1124, 1123, 1125, -1,
      1126, 1127, 1128, -1,
      1129, 1130, 1131, -1,
      1131, 1130, 1132, -1,
      1133, 1134, 1135, -1,
      1135, 1134, 1130, -1,
      1135, 1130, 1136, -1,
      1136, 1130, 1129, -1,
      1137, 946, 1138, -1,
      1138, 946, 943, -1,
      1138, 943, 1130, -1,
      1130, 943, 1051, -1,
      1130, 1051, 1132, -1,
      1139, 1140, 1141, -1,
      1055, 1142, 946, -1,
      946, 1142, 1143, -1,
      946, 1143, 876, -1,
      876, 1143, 1144, -1,
      876, 1144, 998, -1,
      919, 920, 1145, -1,
      1145, 920, 1146, -1,
      1145, 1146, 1147, -1,
      1147, 1146, 1070, -1,
      1147, 1070, 1148, -1,
      1148, 1070, 1071, -1,
      1001, 943, 1149, -1,
      1149, 943, 969, -1,
      1149, 969, 1150, -1,
      1150, 969, 1058, -1,
      1151, 914, 913, -1,
      1064, 1066, 1001, -1,
      1001, 1066, 1152, -1,
      1001, 1152, 999, -1,
      1153, 1154, 1155, -1,
      1155, 1154, 951, -1,
      973, 1156, 921, -1,
      921, 1156, 1157, -1,
      921, 1157, 1158, -1,
      1158, 1157, 1159, -1,
      1002, 947, 1160, -1,
      1160, 947, 1079, -1,
      1160, 1079, 1161, -1,
      1161, 1079, 1162, -1,
      1161, 1162, 1076, -1,
      1076, 1162, 1163, -1,
      1076, 1163, 1074, -1,
      1004, 1164, 947, -1,
      947, 1164, 1165, -1,
      947, 1165, 1082, -1,
      1082, 1165, 1166, -1,
      1082, 1166, 1080, -1,
      1167, 1168, 948, -1,
      948, 1168, 1169, -1,
      948, 1169, 1170, -1,
      1170, 1169, 1171, -1,
      1006, 1172, 1007, -1,
      1007, 1172, 1173, -1,
      1007, 1173, 1174, -1,
      1174, 1173, 1175, -1,
      1174, 1175, 1176, -1,
      932, 933, 1177, -1,
      1177, 933, 1178, -1,
      1177, 1178, 978, -1,
      978, 1178, 1179, -1,
      978, 1179, 980, -1,
      1180, 1181, 1182, -1,
      1183, 1184, 1185, -1,
      1090, 1186, 1091, -1,
      1091, 1186, 1187, -1,
      1091, 1187, 1188, -1,
      1027, 1189, 946, -1,
      946, 1189, 1190, -1,
      946, 1190, 1031, -1,
      1031, 1190, 1191, -1,
      1031, 1191, 1032, -1,
      1192, 1193, 946, -1,
      946, 1193, 1194, -1,
      946, 1194, 1195, -1,
      1093, 1196, 1094, -1,
      1094, 1196, 1197, -1,
      1094, 1197, 1198, -1,
      1198, 1197, 1199, -1,
      1198, 1199, 1200, -1,
      992, 943, 1201, -1,
      1201, 943, 1117, -1,
      1201, 1117, 1202, -1,
      1202, 1117, 1203, -1,
      1202, 1203, 1114, -1,
      1114, 1203, 1204, -1,
      1114, 1204, 1112, -1,
      1121, 1205, 1122, -1,
      1122, 1205, 1206, -1,
      1122, 1206, 1123, -1,
      1207, 1208, 965, -1,
      965, 1208, 1209, -1,
      965, 1209, 1210, -1,
      1210, 1209, 1211, -1,
      1137, 1212, 946, -1,
      946, 1212, 1213, -1,
      946, 1213, 1214, -1,
      1065, 1215, 1066, -1,
      1066, 1215, 1151, -1,
      1066, 1151, 1216, -1,
      1216, 1151, 913, -1,
      1217, 1218, 1219, -1,
      1219, 1218, 1220, -1,
      1067, 1069, 1221, -1,
      1221, 1069, 1222, -1,
      1221, 1222, 1157, -1,
      1157, 1222, 1223, -1,
      1157, 1223, 1159, -1,
      1224, 1225, 1067, -1,
      1067, 1225, 1226, -1,
      1067, 1226, 1068, -1,
      939, 940, 1227, -1,
      1227, 940, 1228, -1,
      1227, 1228, 1229, -1,
      1229, 1228, 1076, -1,
      1229, 1076, 1230, -1,
      1230, 1076, 1075, -1,
      1231, 936, 937, -1,
      877, 878, 1232, -1,
      1232, 878, 1233, -1,
      1232, 1233, 1234, -1,
      1234, 1233, 1091, -1,
      1234, 1091, 1235, -1,
      1235, 1091, 1188, -1,
      1236, 1237, 1238, -1,
      1238, 1237, 1239, -1,
      1240, 865, 866, -1,
      898, 899, 1241, -1,
      1241, 899, 1242, -1,
      1241, 1242, 1243, -1,
      1243, 1242, 1114, -1,
      1243, 1114, 1244, -1,
      1244, 1114, 1113, -1,
      1120, 1122, 943, -1,
      943, 1122, 1245, -1,
      943, 1245, 1246, -1,
      1247, 1248, 943, -1,
      943, 1248, 1249, -1,
      943, 1249, 965, -1,
      965, 1249, 1250, -1,
      965, 1250, 1207, -1,
      1127, 1251, 1128, -1,
      1128, 1251, 1252, -1,
      1128, 1252, 1253, -1,
      1253, 1252, 1247, -1,
      1253, 1247, 1254, -1,
      889, 888, 1255, -1,
      1255, 888, 1256, -1,
      1255, 1256, 1209, -1,
      1209, 1256, 1257, -1,
      1209, 1257, 1211, -1,
      890, 891, 1258, -1,
      1258, 891, 1259, -1,
      1258, 1259, 1046, -1,
      1046, 1259, 1260, -1,
      1046, 1260, 1048, -1,
      1261, 1262, 1263, -1,
      1214, 1264, 946, -1,
      946, 1264, 1265, -1,
      946, 1265, 1266, -1,
      902, 901, 1267, -1,
      1267, 901, 1268, -1,
      1267, 1268, 1269, -1,
      1269, 1268, 972, -1,
      1269, 972, 1270, -1,
      1270, 972, 971, -1,
      1000, 1271, 1001, -1,
      1001, 1271, 1272, -1,
      1001, 1272, 943, -1,
      943, 1272, 1273, -1,
      943, 1273, 950, -1,
      1274, 915, 916, -1,
      1275, 1276, 1277, -1,
      1220, 1218, 1278, -1,
      1278, 1218, 1279, -1,
      1278, 1279, 1280, -1,
      1281, 1282, 943, -1,
      943, 1282, 1283, -1,
      943, 1283, 1284, -1,
      897, 1285, 1286, -1,
      1287, 1288, 1017, -1,
      1017, 1288, 1289, -1,
      1017, 1289, 969, -1,
      969, 1289, 1290, -1,
      969, 1290, 1073, -1,
      935, 934, 1291, -1,
      1291, 934, 1292, -1,
      1291, 1292, 1083, -1,
      1083, 1292, 1293, -1,
      1083, 1293, 1085, -1,
      1175, 1294, 947, -1,
      947, 1294, 1295, -1,
      947, 1295, 948, -1,
      948, 1295, 1296, -1,
      948, 1296, 1167, -1,
      931, 930, 1297, -1,
      1297, 930, 1298, -1,
      1297, 1298, 1169, -1,
      1169, 1298, 1299, -1,
      1169, 1299, 1171, -1,
      937, 1300, 1231, -1,
      1231, 1300, 1301, -1,
      1231, 1301, 1007, -1,
      1007, 1301, 1302, -1,
      1007, 1302, 1005, -1,
      927, 926, 1303, -1,
      1303, 926, 1304, -1,
      1303, 1304, 1014, -1,
      1014, 1304, 1305, -1,
      1014, 1305, 1012, -1,
      924, 925, 1306, -1,
      1306, 925, 1307, -1,
      1306, 1307, 1308, -1,
      1308, 1307, 1182, -1,
      1308, 1182, 1309, -1,
      1309, 1182, 1181, -1,
      1310, 872, 871, -1,
      1311, 1312, 1192, -1,
      1313, 873, 874, -1,
      1097, 1314, 946, -1,
      946, 1314, 1315, -1,
      946, 1315, 1316, -1,
      1316, 1317, 946, -1,
      946, 1317, 1318, -1,
      946, 1318, 1098, -1,
      1317, 1319, 1318, -1,
      1318, 1319, 1320, -1,
      1318, 1320, 1321, -1,
      861, 862, 1322, -1,
      1322, 862, 1323, -1,
      1322, 1323, 1324, -1,
      1324, 1323, 1238, -1,
      1324, 1238, 1325, -1,
      1325, 1238, 1239, -1,
      1105, 1326, 946, -1,
      866, 1327, 1240, -1,
      1240, 1327, 1328, -1,
      1240, 1328, 1038, -1,
      1038, 1328, 1329, -1,
      1038, 1329, 1036, -1,
      893, 892, 1330, -1,
      1330, 892, 1331, -1,
      1330, 1331, 1123, -1,
      1123, 1331, 1332, -1,
      1123, 1332, 1125, -1,
      1333, 894, 895, -1,
      1139, 1141, 1263, -1,
      1263, 1141, 1334, -1,
      1263, 1334, 1261, -1,
      1153, 1335, 1154, -1,
      1154, 1335, 1274, -1,
      1154, 1274, 1336, -1,
      1336, 1274, 916, -1,
      1275, 1277, 1337, -1,
      1337, 1277, 1338, -1,
      1337, 1338, 1339, -1,
      1340, 1341, 1342, -1,
      943, 1343, 1344, -1,
      1087, 1345, 947, -1,
      947, 1345, 1346, -1,
      947, 1346, 1175, -1,
      1175, 1346, 1347, -1,
      1175, 1347, 1176, -1,
      1348, 1349, 1017, -1,
      1017, 1349, 1350, -1,
      1017, 1350, 1351, -1,
      1352, 1353, 1354, -1,
      1354, 1353, 1355, -1,
      1356, 928, 929, -1,
      1030, 1357, 1028, -1,
      1028, 1357, 1310, -1,
      1028, 1310, 1358, -1,
      1358, 1310, 871, -1,
      1031, 1359, 946, -1,
      946, 1359, 1360, -1,
      946, 1360, 1361, -1,
      1195, 1362, 946, -1,
      946, 1362, 1363, -1,
      946, 1363, 1364, -1,
      1364, 1365, 946, -1,
      946, 1365, 1366, -1,
      946, 1366, 1095, -1,
      1365, 1367, 1366, -1,
      1366, 1367, 1368, -1,
      1366, 1368, 1369, -1,
      874, 1370, 1313, -1,
      1313, 1370, 1371, -1,
      1313, 1371, 1094, -1,
      1094, 1371, 1372, -1,
      1094, 1372, 1092, -1,
      1373, 860, 859, -1,
      895, 1374, 1333, -1,
      1333, 1374, 1375, -1,
      1333, 1375, 1128, -1,
      1128, 1375, 1376, -1,
      1128, 1376, 1126, -1,
      885, 884, 1377, -1,
      1377, 884, 1378, -1,
      1377, 1378, 1135, -1,
      1135, 1378, 1379, -1,
      1135, 1379, 1133, -1,
      882, 883, 1380, -1,
      1380, 883, 1381, -1,
      1380, 1381, 1382, -1,
      1382, 1381, 1263, -1,
      1382, 1263, 1383, -1,
      1383, 1263, 1262, -1,
      1384, 1385, 1266, -1,
      1275, 1386, 1276, -1,
      1276, 1386, 1387, -1,
      1276, 1387, 1388, -1,
      1154, 1389, 951, -1,
      951, 1389, 1390, -1,
      951, 1390, 1391, -1,
      903, 904, 1392, -1,
      1392, 904, 1393, -1,
      1392, 1393, 1394, -1,
      1394, 1393, 1218, -1,
      1394, 1218, 1395, -1,
      1395, 1218, 1217, -1,
      964, 941, 897, -1,
      897, 941, 943, -1,
      897, 943, 1285, -1,
      1285, 943, 1344, -1,
      1286, 1396, 897, -1,
      897, 1396, 1397, -1,
      897, 1397, 900, -1,
      1021, 1398, 1017, -1,
      1017, 1398, 1399, -1,
      1017, 1399, 1185, -1,
      929, 1400, 1356, -1,
      1356, 1400, 1401, -1,
      1356, 1401, 1185, -1,
      1185, 1401, 1402, -1,
      1185, 1402, 1183, -1,
      1101, 1403, 946, -1,
      946, 1403, 1404, -1,
      946, 1404, 1105, -1,
      1105, 1404, 1405, -1,
      1105, 1405, 1103, -1,
      1236, 1238, 1406, -1,
      1406, 1238, 944, -1,
      1406, 944, 1407, -1,
      1407, 944, 946, -1,
      1407, 946, 1034, -1,
      1034, 946, 1326, -1,
      1034, 1326, 1102, -1,
      1408, 1409, 1410, -1,
      1410, 1409, 1411, -1,
      1411, 1412, 1410, -1,
      1410, 1412, 1373, -1,
      1410, 1373, 1413, -1,
      1413, 1373, 859, -1,
      1408, 1410, 1035, -1,
      1035, 1410, 1414, -1,
      1035, 1414, 1415, -1,
      1415, 1416, 1035, -1,
      1035, 1416, 1417, -1,
      1035, 1417, 1033, -1,
      1246, 1418, 943, -1,
      943, 1418, 1419, -1,
      943, 1419, 1247, -1,
      1247, 1419, 1420, -1,
      1247, 1420, 1254, -1,
      1421, 1422, 943, -1,
      943, 1422, 1423, -1,
      943, 1423, 1343, -1,
      1184, 1424, 1185, -1,
      1185, 1424, 1425, -1,
      1185, 1425, 1017, -1,
      1017, 1425, 1426, -1,
      1017, 1426, 1348, -1,
      1351, 1427, 1017, -1,
      1017, 1427, 1428, -1,
      1017, 1428, 1354, -1,
      869, 870, 1429, -1,
      1429, 870, 1430, -1,
      1429, 1430, 1431, -1,
      1431, 1430, 1366, -1,
      1431, 1366, 1432, -1,
      1432, 1366, 1369, -1,
      864, 863, 1433, -1,
      1433, 863, 1434, -1,
      1433, 1434, 1435, -1,
      1435, 1434, 1318, -1,
      1435, 1318, 1436, -1,
      1436, 1318, 1321, -1,
      1437, 1438, 946, -1,
      946, 1438, 1439, -1,
      946, 1439, 1440, -1,
      1441, 1442, 1443, -1,
      1443, 1442, 1444, -1,
      906, 905, 1445, -1,
      1445, 905, 1446, -1,
      1445, 1446, 1447, -1,
      1447, 1446, 1276, -1,
      1447, 1276, 1448, -1,
      1448, 1276, 1388, -1,
      1449, 1450, 1451, -1,
      1284, 1452, 1453, -1,
      1279, 1454, 1280, -1,
      1280, 1454, 1455, -1,
      1280, 1455, 943, -1,
      943, 1455, 1456, -1,
      943, 1456, 1421, -1,
      1355, 1457, 1354, -1,
      1354, 1457, 1458, -1,
      1354, 1458, 1017, -1,
      1017, 1458, 1459, -1,
      1017, 1459, 1460, -1,
      1224, 1067, 1461, -1,
      1461, 1067, 1287, -1,
      1461, 1287, 1462, -1,
      1462, 1287, 1017, -1,
      1462, 1017, 1463, -1,
      1463, 1017, 1460, -1,
      1463, 1460, 1464, -1,
      1464, 1460, 1465, -1,
      1464, 1465, 1182, -1,
      1182, 1465, 1466, -1,
      1182, 1466, 1180, -1,
      1199, 1467, 946, -1,
      946, 1467, 1468, -1,
      946, 1468, 1192, -1,
      1192, 1468, 1469, -1,
      1192, 1469, 1311, -1,
      868, 867, 1470, -1,
      1470, 867, 1471, -1,
      1470, 1471, 1472, -1,
      1472, 1471, 1192, -1,
      1472, 1192, 1473, -1,
      1473, 1192, 1312, -1,
      1474, 886, 887, -1,
      1475, 1476, 1477, -1,
      1478, 1479, 1480, -1,
      1453, 1481, 1284, -1,
      1284, 1481, 1482, -1,
      1284, 1482, 943, -1,
      943, 1482, 1483, -1,
      943, 1483, 1060, -1,
      1059, 1484, 1060, -1,
      1060, 1484, 1485, -1,
      1060, 1485, 943, -1,
      943, 1485, 1486, -1,
      943, 1486, 1280, -1,
      923, 922, 1487, -1,
      1487, 922, 1488, -1,
      1487, 1488, 1354, -1,
      1354, 1488, 1489, -1,
      1354, 1489, 1352, -1,
      1361, 1490, 946, -1,
      946, 1490, 1491, -1,
      946, 1491, 1199, -1,
      1199, 1491, 1492, -1,
      1199, 1492, 1200, -1,
      887, 1493, 1474, -1,
      1474, 1493, 1494, -1,
      1474, 1494, 1266, -1,
      1266, 1494, 1495, -1,
      1266, 1495, 1384, -1,
      1385, 1496, 1266, -1,
      1266, 1496, 1497, -1,
      1266, 1497, 946, -1,
      946, 1497, 1498, -1,
      946, 1498, 1437, -1,
      1440, 1499, 946, -1,
      946, 1499, 1500, -1,
      946, 1500, 1443, -1,
      1449, 1451, 1477, -1,
      1477, 1451, 1501, -1,
      1477, 1501, 1475, -1,
      910, 909, 1502, -1,
      1502, 909, 1503, -1,
      1502, 1503, 1504, -1,
      1504, 1503, 1477, -1,
      1504, 1477, 1505, -1,
      1505, 1477, 1476, -1,
      1340, 1342, 1506, -1,
      1506, 1342, 1507, -1,
      1506, 1507, 1480, -1,
      1480, 1507, 1508, -1,
      1480, 1508, 1478, -1,
      1444, 1509, 1443, -1,
      1443, 1509, 1510, -1,
      1443, 1510, 946, -1,
      946, 1510, 1511, -1,
      946, 1511, 1140, -1,
      1139, 1512, 1140, -1,
      1140, 1512, 1513, -1,
      1140, 1513, 946, -1,
      946, 1513, 1514, -1,
      946, 1514, 1052, -1,
      1449, 1515, 1450, -1,
      1450, 1515, 1516, -1,
      1450, 1516, 1517, -1,
      1518, 907, 908, -1,
      881, 880, 1519, -1,
      1519, 880, 1520, -1,
      1519, 1520, 1443, -1,
      1443, 1520, 1521, -1,
      1443, 1521, 1441, -1,
      908, 1522, 1518, -1,
      1518, 1522, 1523, -1,
      1518, 1523, 1284, -1,
      1284, 1523, 1524, -1,
      1284, 1524, 1452, -1,
      911, 912, 1525, -1,
      1525, 912, 1526, -1,
      1525, 1526, 1527, -1,
      1527, 1526, 1480, -1,
      1527, 1480, 1528, -1,
      1528, 1480, 1479, -1,
      943, 1529, 1342, -1,
      1530, 1531, 943, -1,
      1391, 1532, 951, -1,
      951, 1532, 1533, -1,
      951, 1533, 943, -1,
      943, 1533, 1450, -1,
      943, 1450, 1529, -1,
      1529, 1450, 1517, -1,
      1531, 1534, 943, -1,
      943, 1534, 1535, -1,
      943, 1535, 1281, -1,
      1339, 1530, 1337, -1,
      1337, 1530, 943, -1,
      1337, 943, 1536, -1,
      1536, 943, 1342, -1,
      1536, 1342, 1537, -1,
      1537, 1342, 1341, -1,
      1259, 891, 7, -1,
      7, 891, 1, -1,
      2, 0, 1377, -1,
      1377, 0, 885, -1,
      7, 1, 0, -1,
      0, 4, 7, -1,
      7, 4, 5, -1,
      7, 5, 1538, -1,
      3, 1539, 1540, -1,
      1540, 1539, 1541, -1,
      0, 2, 4, -1,
      4, 2, 1541, -1,
      4, 1541, 1542, -1,
      1542, 1541, 1539, -1,
      1538, 1543, 6, -1,
      6, 1544, 1538, -1,
      1538, 1544, 1545, -1,
      1538, 1545, 7, -1,
      1051, 1050, 4, -1,
      4, 1050, 5, -1,
      2, 1377, 1541, -1,
      1541, 1377, 1135, -1,
      1541, 1135, 1540, -1,
      1540, 1135, 1136, -1,
      1540, 1136, 3, -1,
      3, 1136, 1129, -1,
      3, 1129, 1539, -1,
      1539, 1129, 1131, -1,
      1539, 1131, 1542, -1,
      1542, 1131, 1132, -1,
      1542, 1132, 4, -1,
      4, 1132, 1051, -1,
      1259, 7, 1260, -1,
      1260, 7, 1545, -1,
      1260, 1545, 1048, -1,
      1048, 1545, 1544, -1,
      1048, 1544, 1047, -1,
      1047, 1544, 6, -1,
      1047, 6, 996, -1,
      996, 6, 1543, -1,
      996, 1543, 1049, -1,
      1049, 1543, 1538, -1,
      1049, 1538, 1050, -1,
      1050, 1538, 5, -1,
      1256, 888, 287, -1,
      287, 888, 281, -1,
      282, 280, 1258, -1,
      1258, 280, 890, -1,
      287, 281, 280, -1,
      1546, 1547, 284, -1,
      287, 280, 284, -1,
      284, 280, 282, -1,
      284, 282, 1546, -1,
      1547, 283, 284, -1,
      284, 283, 1548, -1,
      284, 1548, 1549, -1,
      284, 285, 287, -1,
      287, 285, 1550, -1,
      287, 1550, 1551, -1,
      1551, 286, 287, -1,
      287, 286, 1552, -1,
      287, 1552, 1553, -1,
      282, 1258, 1546, -1,
      1546, 1258, 1046, -1,
      1546, 1046, 1547, -1,
      1547, 1046, 1045, -1,
      1547, 1045, 283, -1,
      283, 1045, 995, -1,
      283, 995, 1548, -1,
      1548, 995, 994, -1,
      1548, 994, 1549, -1,
      1549, 994, 1044, -1,
      1549, 1044, 284, -1,
      284, 1044, 1043, -1,
      1043, 1042, 284, -1,
      284, 1042, 285, -1,
      1256, 287, 1257, -1,
      1257, 287, 1553, -1,
      1257, 1553, 1211, -1,
      1211, 1553, 1552, -1,
      1211, 1552, 1210, -1,
      1210, 1552, 286, -1,
      1210, 286, 965, -1,
      965, 286, 1551, -1,
      965, 1551, 966, -1,
      966, 1551, 1550, -1,
      966, 1550, 1042, -1,
      1042, 1550, 285, -1,
      1374, 895, 279, -1,
      279, 895, 274, -1,
      275, 273, 1255, -1,
      1255, 273, 889, -1,
      277, 278, 279, -1,
      1554, 277, 275, -1,
      275, 277, 279, -1,
      275, 279, 273, -1,
      273, 279, 274, -1,
      1555, 1556, 276, -1,
      1557, 1558, 1559, -1,
      1559, 1558, 1560, -1,
      278, 1561, 279, -1,
      279, 1561, 1558, -1,
      279, 1558, 1562, -1,
      1562, 1558, 1557, -1,
      1555, 276, 275, -1,
      275, 276, 1563, -1,
      275, 1563, 1554, -1,
      275, 1255, 1555, -1,
      1555, 1255, 1209, -1,
      1555, 1209, 1556, -1,
      1556, 1209, 1208, -1,
      1556, 1208, 276, -1,
      276, 1208, 1207, -1,
      276, 1207, 1563, -1,
      1563, 1207, 1250, -1,
      1563, 1250, 1554, -1,
      1554, 1250, 1249, -1,
      1554, 1249, 277, -1,
      277, 1249, 1248, -1,
      1248, 1247, 277, -1,
      277, 1247, 278, -1,
      1374, 279, 1375, -1,
      1375, 279, 1562, -1,
      1375, 1562, 1376, -1,
      1376, 1562, 1557, -1,
      1376, 1557, 1126, -1,
      1126, 1557, 1559, -1,
      1126, 1559, 1127, -1,
      1127, 1559, 1560, -1,
      1127, 1560, 1251, -1,
      1251, 1560, 1558, -1,
      1251, 1558, 1252, -1,
      1252, 1558, 1561, -1,
      1252, 1561, 1247, -1,
      1247, 1561, 278, -1,
      1331, 892, 272, -1,
      272, 892, 266, -1,
      267, 265, 1333, -1,
      1333, 265, 894, -1,
      272, 266, 265, -1,
      1564, 269, 267, -1,
      267, 269, 265, -1,
      1565, 268, 1566, -1,
      265, 269, 272, -1,
      272, 269, 270, -1,
      272, 270, 1567, -1,
      1564, 267, 1566, -1,
      1566, 267, 1568, -1,
      1566, 1568, 1565, -1,
      1567, 1569, 271, -1,
      271, 1570, 1567, -1,
      1567, 1570, 1571, -1,
      1567, 1571, 272, -1,
      267, 1333, 1568, -1,
      1568, 1333, 1128, -1,
      1568, 1128, 1565, -1,
      1565, 1128, 1253, -1,
      1565, 1253, 268, -1,
      268, 1253, 1254, -1,
      268, 1254, 1566, -1,
      1566, 1254, 1420, -1,
      1566, 1420, 1564, -1,
      1564, 1420, 1419, -1,
      1564, 1419, 269, -1,
      269, 1419, 1418, -1,
      1418, 1246, 269, -1,
      269, 1246, 270, -1,
      1331, 272, 1332, -1,
      1332, 272, 1571, -1,
      1332, 1571, 1125, -1,
      1125, 1571, 1570, -1,
      1125, 1570, 1124, -1,
      1124, 1570, 271, -1,
      1124, 271, 1122, -1,
      1122, 271, 1569, -1,
      1122, 1569, 1245, -1,
      1245, 1569, 1567, -1,
      1245, 1567, 1246, -1,
      1246, 1567, 270, -1,
      1242, 899, 264, -1,
      264, 899, 258, -1,
      259, 257, 1330, -1,
      1330, 257, 893, -1,
      258, 257, 264, -1,
      264, 257, 259, -1,
      1572, 1573, 259, -1,
      259, 1573, 260, -1,
      259, 260, 1574, -1,
      1574, 1575, 259, -1,
      259, 1575, 261, -1,
      259, 261, 264, -1,
      264, 261, 262, -1,
      264, 262, 1576, -1,
      1576, 1577, 263, -1,
      263, 1578, 1576, -1,
      1576, 1578, 1579, -1,
      1576, 1579, 264, -1,
      259, 1330, 1572, -1,
      1572, 1330, 1123, -1,
      1572, 1123, 1573, -1,
      1573, 1123, 1206, -1,
      1573, 1206, 260, -1,
      260, 1206, 1205, -1,
      260, 1205, 1574, -1,
      1574, 1205, 1121, -1,
      1574, 1121, 1575, -1,
      1575, 1121, 1120, -1,
      1575, 1120, 261, -1,
      261, 1120, 1119, -1,
      1119, 1118, 261, -1,
      261, 1118, 262, -1,
      1242, 264, 1114, -1,
      1114, 264, 1579, -1,
      1114, 1579, 1202, -1,
      1202, 1579, 1578, -1,
      1202, 1578, 1201, -1,
      1201, 1578, 263, -1,
      1201, 263, 992, -1,
      992, 263, 1577, -1,
      992, 1577, 993, -1,
      993, 1577, 1576, -1,
      993, 1576, 1118, -1,
      1118, 1576, 262, -1,
      962, 896, 256, -1,
      256, 896, 251, -1,
      252, 250, 1241, -1,
      1241, 250, 898, -1,
      251, 250, 256, -1,
      256, 250, 252, -1,
      1580, 253, 1581, -1,
      1581, 253, 252, -1,
      252, 253, 256, -1,
      256, 253, 254, -1,
      256, 254, 1582, -1,
      1580, 1583, 253, -1,
      253, 1583, 1584, -1,
      253, 1584, 1585, -1,
      1585, 1584, 1586, -1,
      1582, 1587, 255, -1,
      255, 1588, 1582, -1,
      1582, 1588, 1589, -1,
      1582, 1589, 256, -1,
      252, 1241, 1581, -1,
      1581, 1241, 1243, -1,
      1581, 1243, 1580, -1,
      1580, 1243, 1244, -1,
      1580, 1244, 1583, -1,
      1583, 1244, 1113, -1,
      1583, 1113, 1584, -1,
      1584, 1113, 1112, -1,
      1584, 1112, 1586, -1,
      1586, 1112, 1204, -1,
      1586, 1204, 1585, -1,
      1585, 1204, 1203, -1,
      1585, 1203, 253, -1,
      253, 1203, 1117, -1,
      1117, 1116, 253, -1,
      253, 1116, 254, -1,
      962, 256, 963, -1,
      963, 256, 1589, -1,
      963, 1589, 964, -1,
      964, 1589, 1588, -1,
      964, 1588, 941, -1,
      941, 1588, 255, -1,
      941, 255, 942, -1,
      942, 255, 1587, -1,
      942, 1587, 1115, -1,
      1115, 1587, 1582, -1,
      1115, 1582, 1116, -1,
      1116, 1582, 254, -1,
      1378, 884, 249, -1,
      249, 884, 243, -1,
      244, 242, 1474, -1,
      1474, 242, 886, -1,
      249, 243, 242, -1,
      1590, 246, 244, -1,
      244, 246, 242, -1,
      1591, 249, 1592, -1,
      1593, 245, 1594, -1,
      242, 246, 249, -1,
      249, 246, 247, -1,
      249, 247, 1592, -1,
      1590, 244, 1594, -1,
      1594, 244, 1595, -1,
      1594, 1595, 1593, -1,
      1596, 248, 1592, -1,
      1592, 248, 1597, -1,
      1592, 1597, 1591, -1,
      244, 1474, 1595, -1,
      1595, 1474, 1266, -1,
      1595, 1266, 1593, -1,
      1593, 1266, 1265, -1,
      1593, 1265, 245, -1,
      245, 1265, 1264, -1,
      245, 1264, 1594, -1,
      1594, 1264, 1214, -1,
      1594, 1214, 1590, -1,
      1590, 1214, 1213, -1,
      1590, 1213, 246, -1,
      246, 1213, 1212, -1,
      1212, 1137, 246, -1,
      246, 1137, 247, -1,
      1378, 249, 1379, -1,
      1379, 249, 1591, -1,
      1379, 1591, 1133, -1,
      1133, 1591, 1597, -1,
      1133, 1597, 1134, -1,
      1134, 1597, 248, -1,
      1134, 248, 1130, -1,
      1130, 248, 1596, -1,
      1130, 1596, 1138, -1,
      1138, 1596, 1592, -1,
      1138, 1592, 1137, -1,
      1137, 1592, 247, -1,
      1493, 887, 241, -1,
      241, 887, 237, -1,
      238, 236, 1519, -1,
      1519, 236, 881, -1,
      241, 237, 236, -1,
      236, 238, 241, -1,
      241, 238, 239, -1,
      241, 239, 240, -1,
      1598, 1599, 1600, -1,
      1600, 1599, 1601, -1,
      240, 1602, 241, -1,
      241, 1602, 1599, -1,
      241, 1599, 1603, -1,
      1603, 1599, 1598, -1,
      1604, 1605, 238, -1,
      238, 1605, 1606, -1,
      238, 1606, 1607, -1,
      1607, 1608, 238, -1,
      238, 1608, 1609, -1,
      238, 1609, 239, -1,
      238, 1519, 1604, -1,
      1604, 1519, 1443, -1,
      1604, 1443, 1605, -1,
      1605, 1443, 1500, -1,
      1605, 1500, 1606, -1,
      1606, 1500, 1499, -1,
      1606, 1499, 1607, -1,
      1607, 1499, 1440, -1,
      1607, 1440, 1608, -1,
      1608, 1440, 1439, -1,
      1608, 1439, 1609, -1,
      1609, 1439, 1438, -1,
      1609, 1438, 239, -1,
      239, 1438, 1437, -1,
      1437, 1498, 239, -1,
      239, 1498, 240, -1,
      1493, 241, 1494, -1,
      1494, 241, 1603, -1,
      1494, 1603, 1495, -1,
      1495, 1603, 1598, -1,
      1495, 1598, 1384, -1,
      1384, 1598, 1600, -1,
      1384, 1600, 1385, -1,
      1385, 1600, 1601, -1,
      1385, 1601, 1496, -1,
      1496, 1601, 1599, -1,
      1496, 1599, 1497, -1,
      1497, 1599, 1602, -1,
      1497, 1602, 1498, -1,
      1498, 1602, 240, -1,
      1520, 880, 235, -1,
      235, 880, 231, -1,
      232, 230, 1380, -1,
      1380, 230, 882, -1,
      233, 234, 235, -1,
      234, 1610, 235, -1,
      235, 1610, 1611, -1,
      235, 1611, 1612, -1,
      231, 230, 235, -1,
      235, 230, 232, -1,
      235, 232, 233, -1,
      233, 232, 1613, -1,
      233, 1613, 1614, -1,
      1614, 1615, 233, -1,
      233, 1615, 1616, -1,
      233, 1616, 1617, -1,
      1617, 1616, 1618, -1,
      1612, 1611, 1619, -1,
      1619, 1611, 1620, -1,
      1619, 1620, 1621, -1,
      232, 1380, 1613, -1,
      1613, 1380, 1382, -1,
      1613, 1382, 1614, -1,
      1614, 1382, 1383, -1,
      1614, 1383, 1615, -1,
      1615, 1383, 1262, -1,
      1615, 1262, 1616, -1,
      1616, 1262, 1261, -1,
      1616, 1261, 1618, -1,
      1618, 1261, 1334, -1,
      1618, 1334, 1617, -1,
      1617, 1334, 1141, -1,
      1617, 1141, 233, -1,
      233, 1141, 1140, -1,
      1140, 1511, 233, -1,
      233, 1511, 234, -1,
      1520, 235, 1521, -1,
      1521, 235, 1612, -1,
      1521, 1612, 1441, -1,
      1441, 1612, 1619, -1,
      1441, 1619, 1442, -1,
      1442, 1619, 1621, -1,
      1442, 1621, 1444, -1,
      1444, 1621, 1620, -1,
      1444, 1620, 1509, -1,
      1509, 1620, 1611, -1,
      1509, 1611, 1510, -1,
      1510, 1611, 1610, -1,
      1510, 1610, 1511, -1,
      1511, 1610, 234, -1,
      1381, 883, 229, -1,
      229, 883, 224, -1,
      225, 223, 997, -1,
      997, 223, 879, -1,
      224, 223, 229, -1,
      229, 223, 225, -1,
      225, 226, 229, -1,
      229, 226, 227, -1,
      229, 227, 1622, -1,
      1623, 1624, 225, -1,
      225, 1624, 1625, -1,
      225, 1625, 1626, -1,
      1626, 1627, 225, -1,
      225, 1627, 1628, -1,
      225, 1628, 226, -1,
      1622, 1629, 228, -1,
      228, 1630, 1622, -1,
      1622, 1630, 1631, -1,
      1622, 1631, 229, -1,
      225, 997, 1623, -1,
      1623, 997, 998, -1,
      1623, 998, 1624, -1,
      1624, 998, 1144, -1,
      1624, 1144, 1625, -1,
      1625, 1144, 1143, -1,
      1625, 1143, 1626, -1,
      1626, 1143, 1142, -1,
      1626, 1142, 1627, -1,
      1627, 1142, 1055, -1,
      1627, 1055, 1628, -1,
      1628, 1055, 1054, -1,
      1628, 1054, 226, -1,
      226, 1054, 1053, -1,
      1053, 1052, 226, -1,
      226, 1052, 227, -1,
      1381, 229, 1263, -1,
      1263, 229, 1631, -1,
      1263, 1631, 1139, -1,
      1139, 1631, 1630, -1,
      1139, 1630, 1512, -1,
      1512, 1630, 228, -1,
      1512, 228, 1513, -1,
      1513, 228, 1629, -1,
      1513, 1629, 1514, -1,
      1514, 1629, 1622, -1,
      1514, 1622, 1052, -1,
      1052, 1622, 227, -1,
      1393, 904, 208, -1,
      208, 904, 203, -1,
      204, 202, 1397, -1,
      1397, 202, 900, -1,
      1632, 205, 204, -1,
      204, 205, 208, -1,
      204, 208, 202, -1,
      202, 208, 203, -1,
      1633, 1634, 1635, -1,
      204, 1636, 1632, -1,
      1632, 1636, 1633, -1,
      1632, 1633, 1637, -1,
      1637, 1633, 1635, -1,
      1638, 1639, 207, -1,
      207, 1639, 1640, -1,
      205, 206, 208, -1,
      208, 206, 1639, -1,
      208, 1639, 1641, -1,
      1641, 1639, 1638, -1,
      204, 1397, 1636, -1,
      1636, 1397, 1396, -1,
      1636, 1396, 1633, -1,
      1633, 1396, 1286, -1,
      1633, 1286, 1634, -1,
      1634, 1286, 1285, -1,
      1634, 1285, 1635, -1,
      1635, 1285, 1344, -1,
      1635, 1344, 1637, -1,
      1637, 1344, 1343, -1,
      1637, 1343, 1632, -1,
      1632, 1343, 1423, -1,
      1632, 1423, 205, -1,
      205, 1423, 1422, -1,
      1422, 1421, 205, -1,
      205, 1421, 206, -1,
      1393, 208, 1218, -1,
      1218, 208, 1641, -1,
      1218, 1641, 1279, -1,
      1279, 1641, 1638, -1,
      1279, 1638, 1454, -1,
      1454, 1638, 207, -1,
      1454, 207, 1455, -1,
      1455, 207, 1640, -1,
      1455, 1640, 1456, -1,
      1456, 1640, 1639, -1,
      1456, 1639, 1421, -1,
      1421, 1639, 206, -1,
      1307, 925, 215, -1,
      215, 925, 210, -1,
      211, 209, 1158, -1,
      1158, 209, 921, -1,
      210, 209, 215, -1,
      215, 209, 211, -1,
      211, 212, 215, -1,
      215, 212, 213, -1,
      215, 213, 1642, -1,
      1643, 1644, 211, -1,
      211, 1644, 1645, -1,
      211, 1645, 1646, -1,
      1646, 1647, 211, -1,
      211, 1647, 1648, -1,
      211, 1648, 212, -1,
      1642, 1649, 214, -1,
      214, 1650, 1642, -1,
      1642, 1650, 1651, -1,
      1642, 1651, 215, -1,
      211, 1158, 1643, -1,
      1643, 1158, 1159, -1,
      1643, 1159, 1644, -1,
      1644, 1159, 1223, -1,
      1644, 1223, 1645, -1,
      1645, 1223, 1222, -1,
      1645, 1222, 1646, -1,
      1646, 1222, 1069, -1,
      1646, 1069, 1647, -1,
      1647, 1069, 1068, -1,
      1647, 1068, 1648, -1,
      1648, 1068, 1226, -1,
      1648, 1226, 212, -1,
      212, 1226, 1225, -1,
      1225, 1224, 212, -1,
      212, 1224, 213, -1,
      1307, 215, 1182, -1,
      1182, 215, 1651, -1,
      1182, 1651, 1464, -1,
      1464, 1651, 1650, -1,
      1464, 1650, 1463, -1,
      1463, 1650, 214, -1,
      1463, 214, 1462, -1,
      1462, 214, 1649, -1,
      1462, 1649, 1461, -1,
      1461, 1649, 1642, -1,
      1461, 1642, 1224, -1,
      1224, 1642, 213, -1,
      1323, 862, 222, -1,
      222, 862, 217, -1,
      218, 216, 990, -1,
      990, 216, 858, -1,
      217, 216, 222, -1,
      222, 216, 218, -1,
      1652, 1653, 1654, -1,
      1655, 1656, 222, -1,
      1652, 1654, 218, -1,
      218, 1654, 219, -1,
      218, 219, 222, -1,
      222, 219, 220, -1,
      222, 220, 1655, -1,
      1653, 1657, 1654, -1,
      1654, 1657, 1658, -1,
      1654, 1658, 1659, -1,
      221, 1660, 1656, -1,
      1656, 1660, 1661, -1,
      1656, 1661, 222, -1,
      218, 990, 1652, -1,
      1652, 990, 991, -1,
      1652, 991, 1653, -1,
      1653, 991, 1111, -1,
      1653, 1111, 1657, -1,
      1657, 1111, 1110, -1,
      1657, 1110, 1658, -1,
      1658, 1110, 1109, -1,
      1658, 1109, 1659, -1,
      1659, 1109, 1041, -1,
      1659, 1041, 1654, -1,
      1654, 1041, 1040, -1,
      1654, 1040, 219, -1,
      219, 1040, 1039, -1,
      1039, 989, 219, -1,
      219, 989, 220, -1,
      1323, 222, 1238, -1,
      1238, 222, 1661, -1,
      1238, 1661, 944, -1,
      944, 1661, 1660, -1,
      944, 1660, 945, -1,
      945, 1660, 221, -1,
      945, 221, 987, -1,
      987, 221, 1656, -1,
      987, 1656, 988, -1,
      988, 1656, 1655, -1,
      988, 1655, 989, -1,
      989, 1655, 220, -1,
      1526, 125, 1480, -1,
      1480, 125, 1662, -1,
      1480, 1662, 1506, -1,
      1506, 1662, 1663, -1,
      1506, 1663, 1340, -1,
      1340, 1663, 124, -1,
      1340, 124, 1341, -1,
      1341, 124, 1664, -1,
      1341, 1664, 1537, -1,
      1537, 1664, 1665, -1,
      1537, 1665, 1536, -1,
      1536, 1665, 123, -1,
      1526, 912, 125, -1,
      125, 912, 120, -1,
      121, 1445, 1666, -1,
      1666, 1445, 1447, -1,
      1666, 1447, 1667, -1,
      1667, 1447, 1448, -1,
      1667, 1448, 1668, -1,
      1668, 1448, 1388, -1,
      1668, 1388, 1669, -1,
      1669, 1388, 1387, -1,
      1669, 1387, 1670, -1,
      1670, 1387, 1386, -1,
      1670, 1386, 1671, -1,
      1671, 1386, 1275, -1,
      1671, 1275, 122, -1,
      122, 1275, 1337, -1,
      121, 119, 1445, -1,
      1445, 119, 906, -1,
      120, 119, 125, -1,
      125, 119, 121, -1,
      125, 121, 122, -1,
      1667, 1668, 1671, -1,
      1671, 1668, 1669, -1,
      1671, 1669, 1670, -1,
      122, 121, 1671, -1,
      1671, 121, 1666, -1,
      1671, 1666, 1667, -1,
      1663, 1665, 124, -1,
      124, 1665, 1664, -1,
      122, 123, 125, -1,
      125, 123, 1665, -1,
      125, 1665, 1662, -1,
      1662, 1665, 1663, -1,
      1337, 1536, 122, -1,
      122, 1536, 123, -1,
      1178, 133, 1179, -1,
      1179, 133, 1672, -1,
      1179, 1672, 980, -1,
      980, 1672, 1673, -1,
      980, 1673, 979, -1,
      979, 1673, 132, -1,
      979, 132, 959, -1,
      959, 132, 1674, -1,
      959, 1674, 981, -1,
      981, 1674, 1675, -1,
      981, 1675, 982, -1,
      982, 1675, 131, -1,
      1178, 933, 133, -1,
      133, 933, 127, -1,
      128, 1303, 1676, -1,
      1676, 1303, 1014, -1,
      1676, 1014, 1677, -1,
      1677, 1014, 1015, -1,
      1677, 1015, 129, -1,
      129, 1015, 1008, -1,
      129, 1008, 1678, -1,
      1678, 1008, 1010, -1,
      1678, 1010, 1679, -1,
      1679, 1010, 1011, -1,
      1679, 1011, 130, -1,
      130, 1011, 983, -1,
      128, 126, 1303, -1,
      1303, 126, 927, -1,
      133, 127, 126, -1,
      126, 130, 133, -1,
      133, 130, 131, -1,
      133, 131, 1675, -1,
      129, 1678, 1677, -1,
      1677, 1678, 1676, -1,
      126, 128, 130, -1,
      130, 128, 1676, -1,
      130, 1676, 1679, -1,
      1679, 1676, 1678, -1,
      1675, 1674, 132, -1,
      132, 1673, 1675, -1,
      1675, 1673, 1672, -1,
      1675, 1672, 133, -1,
      983, 982, 130, -1,
      130, 982, 131, -1,
      1430, 140, 1366, -1,
      1366, 140, 1680, -1,
      1366, 1680, 1095, -1,
      1095, 1680, 1681, -1,
      1095, 1681, 1096, -1,
      1096, 1681, 139, -1,
      1096, 139, 1097, -1,
      1097, 139, 1682, -1,
      1097, 1682, 1314, -1,
      1314, 1682, 1683, -1,
      1314, 1683, 1315, -1,
      1315, 1683, 138, -1,
      1430, 870, 140, -1,
      140, 870, 135, -1,
      136, 1433, 1684, -1,
      1684, 1433, 1435, -1,
      1684, 1435, 1685, -1,
      1685, 1435, 1436, -1,
      1685, 1436, 1686, -1,
      1686, 1436, 1321, -1,
      1686, 1321, 1687, -1,
      1687, 1321, 1320, -1,
      1687, 1320, 1688, -1,
      1688, 1320, 1319, -1,
      1688, 1319, 1689, -1,
      1689, 1319, 1317, -1,
      1689, 1317, 137, -1,
      137, 1317, 1316, -1,
      136, 134, 1433, -1,
      1433, 134, 864, -1,
      135, 134, 140, -1,
      140, 134, 136, -1,
      1682, 139, 1681, -1,
      1687, 1684, 1686, -1,
      1686, 1684, 1685, -1,
      138, 140, 137, -1,
      137, 140, 136, -1,
      137, 136, 1689, -1,
      1689, 136, 1684, -1,
      1689, 1684, 1688, -1,
      1688, 1684, 1687, -1,
      138, 1683, 140, -1,
      140, 1683, 1682, -1,
      140, 1682, 1680, -1,
      1680, 1682, 1681, -1,
      1316, 1315, 137, -1,
      137, 1315, 138, -1,
      1503, 909, 103, -1,
      103, 909, 98, -1,
      99, 97, 1525, -1,
      1525, 97, 911, -1,
      1690, 1691, 99, -1,
      1691, 100, 99, -1,
      99, 100, 103, -1,
      99, 103, 97, -1,
      97, 103, 98, -1,
      1692, 1693, 1694, -1,
      1690, 99, 1694, -1,
      1694, 99, 1695, -1,
      1694, 1695, 1692, -1,
      102, 1696, 1697, -1,
      1697, 1696, 1698, -1,
      100, 101, 103, -1,
      103, 101, 1698, -1,
      103, 1698, 1699, -1,
      1699, 1698, 1696, -1,
      99, 1525, 1695, -1,
      1695, 1525, 1527, -1,
      1695, 1527, 1692, -1,
      1692, 1527, 1528, -1,
      1692, 1528, 1693, -1,
      1693, 1528, 1479, -1,
      1693, 1479, 1694, -1,
      1694, 1479, 1478, -1,
      1694, 1478, 1690, -1,
      1690, 1478, 1508, -1,
      1690, 1508, 1691, -1,
      1691, 1508, 1507, -1,
      1691, 1507, 100, -1,
      100, 1507, 1342, -1,
      1342, 1529, 100, -1,
      100, 1529, 101, -1,
      1503, 103, 1477, -1,
      1477, 103, 1699, -1,
      1477, 1699, 1449, -1,
      1449, 1699, 1696, -1,
      1449, 1696, 1515, -1,
      1515, 1696, 102, -1,
      1515, 102, 1516, -1,
      1516, 102, 1697, -1,
      1516, 1697, 1517, -1,
      1517, 1697, 1698, -1,
      1517, 1698, 1529, -1,
      1529, 1698, 101, -1,
      1298, 930, 111, -1,
      111, 930, 105, -1,
      106, 104, 1177, -1,
      1177, 104, 932, -1,
      111, 105, 104, -1,
      1700, 1701, 108, -1,
      111, 104, 108, -1,
      108, 104, 106, -1,
      108, 106, 1700, -1,
      1701, 107, 108, -1,
      108, 107, 1702, -1,
      108, 1702, 1703, -1,
      1704, 1705, 110, -1,
      110, 1705, 1706, -1,
      108, 109, 111, -1,
      111, 109, 1705, -1,
      111, 1705, 1707, -1,
      1707, 1705, 1704, -1,
      106, 1177, 1700, -1,
      1700, 1177, 978, -1,
      1700, 978, 1701, -1,
      1701, 978, 977, -1,
      1701, 977, 107, -1,
      107, 977, 958, -1,
      107, 958, 1702, -1,
      1702, 958, 957, -1,
      1702, 957, 1703, -1,
      1703, 957, 976, -1,
      1703, 976, 108, -1,
      108, 976, 975, -1,
      975, 974, 108, -1,
      108, 974, 109, -1,
      1298, 111, 1299, -1,
      1299, 111, 1707, -1,
      1299, 1707, 1171, -1,
      1171, 1707, 1704, -1,
      1171, 1704, 1170, -1,
      1170, 1704, 110, -1,
      1170, 110, 948, -1,
      948, 110, 1706, -1,
      948, 1706, 949, -1,
      949, 1706, 1705, -1,
      949, 1705, 974, -1,
      974, 1705, 109, -1,
      1471, 867, 118, -1,
      118, 867, 113, -1,
      114, 112, 1429, -1,
      1429, 112, 869, -1,
      113, 112, 118, -1,
      118, 112, 114, -1,
      1708, 1709, 1710, -1,
      1710, 1709, 1711, -1,
      1710, 1711, 1712, -1,
      1713, 117, 1714, -1,
      116, 118, 115, -1,
      115, 118, 114, -1,
      115, 114, 1710, -1,
      1710, 114, 1715, -1,
      1710, 1715, 1708, -1,
      116, 1716, 118, -1,
      118, 1716, 1713, -1,
      118, 1713, 1717, -1,
      1717, 1713, 1714, -1,
      114, 1429, 1715, -1,
      1715, 1429, 1431, -1,
      1715, 1431, 1708, -1,
      1708, 1431, 1432, -1,
      1708, 1432, 1709, -1,
      1709, 1432, 1369, -1,
      1709, 1369, 1711, -1,
      1711, 1369, 1368, -1,
      1711, 1368, 1712, -1,
      1712, 1368, 1367, -1,
      1712, 1367, 1710, -1,
      1710, 1367, 1365, -1,
      1710, 1365, 115, -1,
      115, 1365, 1364, -1,
      1364, 1363, 115, -1,
      115, 1363, 116, -1,
      1471, 118, 1192, -1,
      1192, 118, 1717, -1,
      1192, 1717, 1193, -1,
      1193, 1717, 1714, -1,
      1193, 1714, 1194, -1,
      1194, 1714, 117, -1,
      1194, 117, 1195, -1,
      1195, 117, 1713, -1,
      1195, 1713, 1362, -1,
      1362, 1713, 1716, -1,
      1362, 1716, 1363, -1,
      1363, 1716, 116, -1,
      1336, 916, 83, -1,
      83, 916, 78, -1,
      79, 77, 1502, -1,
      1502, 77, 910, -1,
      78, 77, 83, -1,
      83, 77, 79, -1,
      83, 79, 80, -1,
      1718, 1719, 1720, -1,
      1720, 1719, 1721, -1,
      1720, 1721, 1722, -1,
      80, 79, 1721, -1,
      1721, 79, 1723, -1,
      1721, 1723, 1722, -1,
      82, 1724, 1725, -1,
      1725, 1724, 1726, -1,
      80, 81, 83, -1,
      83, 81, 1726, -1,
      83, 1726, 1727, -1,
      1727, 1726, 1724, -1,
      79, 1502, 1723, -1,
      1723, 1502, 1504, -1,
      1723, 1504, 1722, -1,
      1722, 1504, 1505, -1,
      1722, 1505, 1720, -1,
      1720, 1505, 1476, -1,
      1720, 1476, 1718, -1,
      1718, 1476, 1475, -1,
      1718, 1475, 1719, -1,
      1719, 1475, 1501, -1,
      1719, 1501, 1721, -1,
      1721, 1501, 1451, -1,
      1721, 1451, 80, -1,
      80, 1451, 1450, -1,
      1450, 1533, 80, -1,
      80, 1533, 81, -1,
      1336, 83, 1154, -1,
      1154, 83, 1727, -1,
      1154, 1727, 1389, -1,
      1389, 1727, 1724, -1,
      1389, 1724, 1390, -1,
      1390, 1724, 82, -1,
      1390, 82, 1391, -1,
      1391, 82, 1725, -1,
      1391, 1725, 1532, -1,
      1532, 1725, 1726, -1,
      1532, 1726, 1533, -1,
      1533, 1726, 81, -1,
      1300, 937, 90, -1,
      90, 937, 85, -1,
      86, 84, 1297, -1,
      1297, 84, 931, -1,
      88, 89, 90, -1,
      1728, 87, 88, -1,
      88, 87, 1729, -1,
      88, 1729, 1730, -1,
      1731, 1732, 1733, -1,
      1733, 1732, 1734, -1,
      89, 1735, 90, -1,
      90, 1735, 1732, -1,
      90, 1732, 1736, -1,
      1736, 1732, 1731, -1,
      85, 84, 90, -1,
      90, 84, 86, -1,
      90, 86, 88, -1,
      88, 86, 1737, -1,
      88, 1737, 1728, -1,
      86, 1297, 1737, -1,
      1737, 1297, 1169, -1,
      1737, 1169, 1728, -1,
      1728, 1169, 1168, -1,
      1728, 1168, 87, -1,
      87, 1168, 1167, -1,
      87, 1167, 1729, -1,
      1729, 1167, 1296, -1,
      1729, 1296, 1730, -1,
      1730, 1296, 1295, -1,
      1730, 1295, 88, -1,
      88, 1295, 1294, -1,
      1294, 1175, 88, -1,
      88, 1175, 89, -1,
      1300, 90, 1301, -1,
      1301, 90, 1736, -1,
      1301, 1736, 1302, -1,
      1302, 1736, 1731, -1,
      1302, 1731, 1005, -1,
      1005, 1731, 1733, -1,
      1005, 1733, 1006, -1,
      1006, 1733, 1734, -1,
      1006, 1734, 1172, -1,
      1172, 1734, 1732, -1,
      1172, 1732, 1173, -1,
      1173, 1732, 1735, -1,
      1173, 1735, 1175, -1,
      1175, 1735, 89, -1,
      1370, 874, 96, -1,
      96, 874, 92, -1,
      93, 91, 1470, -1,
      1470, 91, 868, -1,
      96, 92, 91, -1,
      91, 93, 96, -1,
      96, 93, 94, -1,
      96, 94, 95, -1,
      95, 1738, 96, -1,
      96, 1738, 1739, -1,
      96, 1739, 1740, -1,
      1740, 1741, 96, -1,
      96, 1741, 1742, -1,
      96, 1742, 1743, -1,
      1744, 1745, 93, -1,
      93, 1745, 1746, -1,
      93, 1746, 1747, -1,
      1747, 1748, 93, -1,
      93, 1748, 1749, -1,
      93, 1749, 94, -1,
      93, 1470, 1744, -1,
      1744, 1470, 1472, -1,
      1744, 1472, 1745, -1,
      1745, 1472, 1473, -1,
      1745, 1473, 1746, -1,
      1746, 1473, 1312, -1,
      1746, 1312, 1747, -1,
      1747, 1312, 1311, -1,
      1747, 1311, 1748, -1,
      1748, 1311, 1469, -1,
      1748, 1469, 1749, -1,
      1749, 1469, 1468, -1,
      1749, 1468, 94, -1,
      94, 1468, 1467, -1,
      1467, 1199, 94, -1,
      94, 1199, 95, -1,
      1370, 96, 1371, -1,
      1371, 96, 1743, -1,
      1371, 1743, 1372, -1,
      1372, 1743, 1742, -1,
      1372, 1742, 1092, -1,
      1092, 1742, 1741, -1,
      1092, 1741, 1093, -1,
      1093, 1741, 1740, -1,
      1093, 1740, 1196, -1,
      1196, 1740, 1739, -1,
      1196, 1739, 1197, -1,
      1197, 1739, 1738, -1,
      1197, 1738, 1199, -1,
      1199, 1738, 95, -1,
      1216, 913, 60, -1,
      60, 913, 54, -1,
      55, 53, 1274, -1,
      1274, 53, 915, -1,
      1750, 1751, 56, -1,
      56, 1751, 57, -1,
      56, 57, 1752, -1,
      54, 53, 60, -1,
      60, 53, 55, -1,
      60, 55, 57, -1,
      57, 55, 1753, -1,
      57, 1753, 1752, -1,
      1754, 1755, 59, -1,
      59, 1755, 1756, -1,
      57, 58, 60, -1,
      60, 58, 1755, -1,
      60, 1755, 1757, -1,
      1757, 1755, 1754, -1,
      55, 1274, 1753, -1,
      1753, 1274, 1335, -1,
      1753, 1335, 1752, -1,
      1752, 1335, 1153, -1,
      1752, 1153, 56, -1,
      56, 1153, 1155, -1,
      56, 1155, 1750, -1,
      1750, 1155, 951, -1,
      1750, 951, 1751, -1,
      1751, 951, 950, -1,
      1751, 950, 57, -1,
      57, 950, 1273, -1,
      1273, 1272, 57, -1,
      57, 1272, 58, -1,
      1216, 60, 1066, -1,
      1066, 60, 1757, -1,
      1066, 1757, 1152, -1,
      1152, 1757, 1754, -1,
      1152, 1754, 999, -1,
      999, 1754, 59, -1,
      999, 59, 1000, -1,
      1000, 59, 1756, -1,
      1000, 1756, 1271, -1,
      1271, 1756, 1755, -1,
      1271, 1755, 1272, -1,
      1272, 1755, 58, -1,
      1292, 934, 68, -1,
      68, 934, 62, -1,
      63, 61, 1231, -1,
      1231, 61, 936, -1,
      68, 62, 61, -1,
      1758, 65, 63, -1,
      63, 65, 61, -1,
      1759, 64, 1760, -1,
      61, 65, 68, -1,
      68, 65, 66, -1,
      68, 66, 1761, -1,
      1758, 63, 1760, -1,
      1760, 63, 1762, -1,
      1760, 1762, 1759, -1,
      1761, 1763, 67, -1,
      67, 1764, 1761, -1,
      1761, 1764, 1765, -1,
      1761, 1765, 68, -1,
      63, 1231, 1762, -1,
      1762, 1231, 1007, -1,
      1762, 1007, 1759, -1,
      1759, 1007, 1174, -1,
      1759, 1174, 64, -1,
      64, 1174, 1176, -1,
      64, 1176, 1760, -1,
      1760, 1176, 1347, -1,
      1760, 1347, 1758, -1,
      1758, 1347, 1346, -1,
      1758, 1346, 65, -1,
      65, 1346, 1345, -1,
      1345, 1087, 65, -1,
      65, 1087, 66, -1,
      1292, 68, 1293, -1,
      1293, 68, 1765, -1,
      1293, 1765, 1085, -1,
      1085, 1765, 1764, -1,
      1085, 1764, 1084, -1,
      1084, 1764, 67, -1,
      1084, 67, 1082, -1,
      1082, 67, 1763, -1,
      1082, 1763, 1086, -1,
      1086, 1763, 1761, -1,
      1086, 1761, 1087, -1,
      1087, 1761, 66, -1,
      1358, 871, 76, -1,
      76, 871, 70, -1,
      71, 69, 1313, -1,
      1313, 69, 873, -1,
      76, 70, 69, -1,
      73, 69, 71, -1,
      1766, 1767, 76, -1,
      1768, 72, 1769, -1,
      1769, 72, 1770, -1,
      1769, 1770, 71, -1,
      71, 1770, 1771, -1,
      71, 1771, 73, -1,
      69, 73, 76, -1,
      76, 73, 74, -1,
      76, 74, 1766, -1,
      75, 1772, 1767, -1,
      1767, 1772, 1773, -1,
      1767, 1773, 76, -1,
      71, 1313, 1769, -1,
      1769, 1313, 1094, -1,
      1769, 1094, 1768, -1,
      1768, 1094, 1198, -1,
      1768, 1198, 72, -1,
      72, 1198, 1200, -1,
      72, 1200, 1770, -1,
      1770, 1200, 1492, -1,
      1770, 1492, 1771, -1,
      1771, 1492, 1491, -1,
      1771, 1491, 73, -1,
      73, 1491, 1490, -1,
      1490, 1361, 73, -1,
      73, 1361, 74, -1,
      1358, 76, 1028, -1,
      1028, 76, 1773, -1,
      1028, 1773, 1029, -1,
      1029, 1773, 1772, -1,
      1029, 1772, 1031, -1,
      1031, 1772, 75, -1,
      1031, 75, 1359, -1,
      1359, 75, 1767, -1,
      1359, 1767, 1360, -1,
      1360, 1767, 1766, -1,
      1360, 1766, 1361, -1,
      1361, 1766, 74, -1,
      1146, 920, 36, -1,
      36, 920, 30, -1,
      31, 29, 1151, -1,
      1151, 29, 914, -1,
      30, 29, 36, -1,
      36, 29, 31, -1,
      36, 31, 33, -1,
      32, 31, 1774, -1,
      1774, 31, 1775, -1,
      32, 1776, 31, -1,
      31, 1776, 1777, -1,
      31, 1777, 33, -1,
      1778, 1779, 35, -1,
      35, 1779, 1780, -1,
      33, 34, 36, -1,
      36, 34, 1779, -1,
      36, 1779, 1781, -1,
      1781, 1779, 1778, -1,
      31, 1151, 1775, -1,
      1775, 1151, 1215, -1,
      1775, 1215, 1774, -1,
      1774, 1215, 1065, -1,
      1774, 1065, 32, -1,
      32, 1065, 1064, -1,
      32, 1064, 1776, -1,
      1776, 1064, 1001, -1,
      1776, 1001, 1777, -1,
      1777, 1001, 1149, -1,
      1777, 1149, 33, -1,
      33, 1149, 1150, -1,
      1150, 1058, 33, -1,
      33, 1058, 34, -1,
      1146, 36, 1070, -1,
      1070, 36, 1781, -1,
      1070, 1781, 967, -1,
      967, 1781, 1778, -1,
      967, 1778, 968, -1,
      968, 1778, 35, -1,
      968, 35, 1056, -1,
      1056, 35, 1780, -1,
      1056, 1780, 1057, -1,
      1057, 1780, 1779, -1,
      1057, 1779, 1058, -1,
      1058, 1779, 34, -1,
      1228, 940, 44, -1,
      44, 940, 38, -1,
      39, 37, 1291, -1,
      1291, 37, 935, -1,
      38, 37, 44, -1,
      44, 37, 39, -1,
      1782, 1783, 39, -1,
      39, 1783, 40, -1,
      39, 40, 1784, -1,
      1784, 1785, 39, -1,
      39, 1785, 41, -1,
      39, 41, 44, -1,
      44, 41, 42, -1,
      44, 42, 1786, -1,
      1786, 1787, 43, -1,
      43, 1788, 1786, -1,
      1786, 1788, 1789, -1,
      1786, 1789, 44, -1,
      39, 1291, 1782, -1,
      1782, 1291, 1083, -1,
      1782, 1083, 1783, -1,
      1783, 1083, 1081, -1,
      1783, 1081, 40, -1,
      40, 1081, 1080, -1,
      40, 1080, 1784, -1,
      1784, 1080, 1166, -1,
      1784, 1166, 1785, -1,
      1785, 1166, 1165, -1,
      1785, 1165, 41, -1,
      41, 1165, 1164, -1,
      1164, 1004, 41, -1,
      41, 1004, 42, -1,
      1228, 44, 1076, -1,
      1076, 44, 1789, -1,
      1076, 1789, 1161, -1,
      1161, 1789, 1788, -1,
      1161, 1788, 1160, -1,
      1160, 1788, 43, -1,
      1160, 43, 1002, -1,
      1002, 43, 1787, -1,
      1002, 1787, 1003, -1,
      1003, 1787, 1786, -1,
      1003, 1786, 1004, -1,
      1004, 1786, 42, -1,
      1233, 878, 52, -1,
      52, 878, 46, -1,
      47, 45, 1310, -1,
      1310, 45, 872, -1,
      52, 46, 45, -1,
      49, 45, 47, -1,
      1790, 1791, 52, -1,
      1792, 48, 1793, -1,
      1793, 48, 1794, -1,
      1793, 1794, 47, -1,
      47, 1794, 1795, -1,
      47, 1795, 49, -1,
      45, 49, 52, -1,
      52, 49, 50, -1,
      52, 50, 1790, -1,
      51, 1796, 1791, -1,
      1791, 1796, 1797, -1,
      1791, 1797, 52, -1,
      47, 1310, 1793, -1,
      1793, 1310, 1357, -1,
      1793, 1357, 1792, -1,
      1792, 1357, 1030, -1,
      1792, 1030, 48, -1,
      48, 1030, 1032, -1,
      48, 1032, 1794, -1,
      1794, 1032, 1191, -1,
      1794, 1191, 1795, -1,
      1795, 1191, 1190, -1,
      1795, 1190, 49, -1,
      49, 1190, 1189, -1,
      1189, 1027, 49, -1,
      49, 1027, 50, -1,
      1233, 52, 1091, -1,
      1091, 52, 1797, -1,
      1091, 1797, 1089, -1,
      1089, 1797, 1796, -1,
      1089, 1796, 1088, -1,
      1088, 1796, 51, -1,
      1088, 51, 1025, -1,
      1025, 51, 1791, -1,
      1025, 1791, 1026, -1,
      1026, 1791, 1790, -1,
      1026, 1790, 1027, -1,
      1027, 1790, 50, -1,
      973, 917, 14, -1,
      14, 917, 9, -1,
      10, 8, 1145, -1,
      1145, 8, 919, -1,
      1798, 1799, 10, -1,
      1799, 11, 10, -1,
      10, 11, 14, -1,
      10, 14, 8, -1,
      8, 14, 9, -1,
      1800, 1801, 1802, -1,
      1798, 10, 1802, -1,
      1802, 10, 1803, -1,
      1802, 1803, 1800, -1,
      1804, 1805, 13, -1,
      13, 1805, 1806, -1,
      11, 12, 14, -1,
      14, 12, 1805, -1,
      14, 1805, 1807, -1,
      1807, 1805, 1804, -1,
      10, 1145, 1803, -1,
      1803, 1145, 1147, -1,
      1803, 1147, 1800, -1,
      1800, 1147, 1148, -1,
      1800, 1148, 1801, -1,
      1801, 1148, 1071, -1,
      1801, 1071, 1802, -1,
      1802, 1071, 1072, -1,
      1802, 1072, 1798, -1,
      1798, 1072, 1073, -1,
      1798, 1073, 1799, -1,
      1799, 1073, 1290, -1,
      1799, 1290, 11, -1,
      11, 1290, 1289, -1,
      1289, 1288, 11, -1,
      11, 1288, 12, -1,
      973, 14, 1156, -1,
      1156, 14, 1807, -1,
      1156, 1807, 1157, -1,
      1157, 1807, 1804, -1,
      1157, 1804, 1221, -1,
      1221, 1804, 13, -1,
      1221, 13, 1067, -1,
      1067, 13, 1806, -1,
      1067, 1806, 1287, -1,
      1287, 1806, 1805, -1,
      1287, 1805, 1288, -1,
      1288, 1805, 12, -1,
      953, 938, 21, -1,
      21, 938, 16, -1,
      17, 15, 1227, -1,
      1227, 15, 939, -1,
      16, 15, 21, -1,
      21, 15, 17, -1,
      1808, 18, 1809, -1,
      1809, 18, 17, -1,
      17, 18, 21, -1,
      21, 18, 19, -1,
      21, 19, 1810, -1,
      1808, 1811, 18, -1,
      18, 1811, 1812, -1,
      18, 1812, 1813, -1,
      1813, 1812, 1814, -1,
      1810, 1815, 20, -1,
      20, 1816, 1810, -1,
      1810, 1816, 1817, -1,
      1810, 1817, 21, -1,
      17, 1227, 1809, -1,
      1809, 1227, 1229, -1,
      1809, 1229, 1808, -1,
      1808, 1229, 1230, -1,
      1808, 1230, 1811, -1,
      1811, 1230, 1075, -1,
      1811, 1075, 1812, -1,
      1812, 1075, 1074, -1,
      1812, 1074, 1814, -1,
      1814, 1074, 1163, -1,
      1814, 1163, 1813, -1,
      1813, 1163, 1162, -1,
      1813, 1162, 18, -1,
      18, 1162, 1079, -1,
      1079, 1078, 18, -1,
      18, 1078, 19, -1,
      953, 21, 952, -1,
      952, 21, 1817, -1,
      952, 1817, 954, -1,
      954, 1817, 1816, -1,
      954, 1816, 955, -1,
      955, 1816, 20, -1,
      955, 20, 956, -1,
      956, 20, 1815, -1,
      956, 1815, 1077, -1,
      1077, 1815, 1810, -1,
      1077, 1810, 1078, -1,
      1078, 1810, 19, -1,
      961, 875, 28, -1,
      28, 875, 23, -1,
      24, 22, 1232, -1,
      1232, 22, 877, -1,
      23, 22, 28, -1,
      28, 22, 24, -1,
      1818, 1819, 1820, -1,
      1821, 1822, 28, -1,
      1818, 1820, 24, -1,
      24, 1820, 25, -1,
      24, 25, 28, -1,
      28, 25, 26, -1,
      28, 26, 1821, -1,
      1819, 1823, 1820, -1,
      1820, 1823, 1824, -1,
      1820, 1824, 1825, -1,
      27, 1826, 1822, -1,
      1822, 1826, 1827, -1,
      1822, 1827, 28, -1,
      24, 1232, 1818, -1,
      1818, 1232, 1234, -1,
      1818, 1234, 1819, -1,
      1819, 1234, 1235, -1,
      1819, 1235, 1823, -1,
      1823, 1235, 1188, -1,
      1823, 1188, 1824, -1,
      1824, 1188, 1187, -1,
      1824, 1187, 1825, -1,
      1825, 1187, 1186, -1,
      1825, 1186, 1820, -1,
      1820, 1186, 1090, -1,
      1820, 1090, 25, -1,
      25, 1090, 1024, -1,
      1024, 1023, 25, -1,
      25, 1023, 26, -1,
      961, 28, 960, -1,
      960, 28, 1827, -1,
      960, 1827, 984, -1,
      984, 1827, 1826, -1,
      984, 1826, 985, -1,
      985, 1826, 27, -1,
      985, 27, 986, -1,
      986, 27, 1822, -1,
      986, 1822, 1022, -1,
      1022, 1822, 1821, -1,
      1022, 1821, 1023, -1,
      1023, 1821, 26, -1,
      1446, 905, 148, -1,
      148, 905, 142, -1,
      143, 141, 1518, -1,
      1518, 141, 907, -1,
      1828, 1829, 144, -1,
      144, 1829, 145, -1,
      144, 145, 1830, -1,
      142, 141, 148, -1,
      148, 141, 143, -1,
      148, 143, 145, -1,
      145, 143, 1831, -1,
      145, 1831, 1830, -1,
      145, 146, 148, -1,
      148, 146, 1832, -1,
      148, 1832, 1833, -1,
      1833, 147, 148, -1,
      148, 147, 1834, -1,
      148, 1834, 1835, -1,
      143, 1518, 1831, -1,
      1831, 1518, 1284, -1,
      1831, 1284, 1830, -1,
      1830, 1284, 1283, -1,
      1830, 1283, 144, -1,
      144, 1283, 1282, -1,
      144, 1282, 1828, -1,
      1828, 1282, 1281, -1,
      1828, 1281, 1829, -1,
      1829, 1281, 1535, -1,
      1829, 1535, 145, -1,
      145, 1535, 1534, -1,
      1534, 1531, 145, -1,
      145, 1531, 146, -1,
      1446, 148, 1276, -1,
      1276, 148, 1835, -1,
      1276, 1835, 1277, -1,
      1277, 1835, 1834, -1,
      1277, 1834, 1338, -1,
      1338, 1834, 147, -1,
      1338, 147, 1339, -1,
      1339, 147, 1833, -1,
      1339, 1833, 1530, -1,
      1530, 1833, 1832, -1,
      1530, 1832, 1531, -1,
      1531, 1832, 146, -1,
      1304, 926, 156, -1,
      156, 926, 150, -1,
      151, 149, 1356, -1,
      1356, 149, 928, -1,
      156, 150, 149, -1,
      1836, 153, 151, -1,
      151, 153, 149, -1,
      1837, 156, 1838, -1,
      1839, 152, 1840, -1,
      149, 153, 156, -1,
      156, 153, 154, -1,
      156, 154, 1838, -1,
      1836, 151, 1840, -1,
      1840, 151, 1841, -1,
      1840, 1841, 1839, -1,
      1842, 155, 1838, -1,
      1838, 155, 1843, -1,
      1838, 1843, 1837, -1,
      151, 1356, 1841, -1,
      1841, 1356, 1185, -1,
      1841, 1185, 1839, -1,
      1839, 1185, 1399, -1,
      1839, 1399, 152, -1,
      152, 1399, 1398, -1,
      152, 1398, 1840, -1,
      1840, 1398, 1021, -1,
      1840, 1021, 1836, -1,
      1836, 1021, 1020, -1,
      1836, 1020, 153, -1,
      153, 1020, 1019, -1,
      1019, 1016, 153, -1,
      153, 1016, 154, -1,
      1304, 156, 1305, -1,
      1305, 156, 1837, -1,
      1305, 1837, 1012, -1,
      1012, 1837, 1843, -1,
      1012, 1843, 1013, -1,
      1013, 1843, 155, -1,
      1013, 155, 1009, -1,
      1009, 155, 1842, -1,
      1009, 1842, 1018, -1,
      1018, 1842, 1838, -1,
      1018, 1838, 1016, -1,
      1016, 1838, 154, -1,
      1434, 863, 164, -1,
      164, 863, 158, -1,
      159, 157, 1240, -1,
      1240, 157, 865, -1,
      164, 158, 157, -1,
      161, 157, 159, -1,
      157, 161, 164, -1,
      164, 161, 162, -1,
      164, 162, 1844, -1,
      1845, 160, 1846, -1,
      1846, 160, 1847, -1,
      1846, 1847, 159, -1,
      159, 1847, 1848, -1,
      159, 1848, 161, -1,
      1844, 1849, 163, -1,
      163, 1850, 1844, -1,
      1844, 1850, 1851, -1,
      1844, 1851, 164, -1,
      159, 1240, 1846, -1,
      1846, 1240, 1038, -1,
      1846, 1038, 1845, -1,
      1845, 1038, 1106, -1,
      1845, 1106, 160, -1,
      160, 1106, 1104, -1,
      160, 1104, 1847, -1,
      1847, 1104, 1103, -1,
      1847, 1103, 1848, -1,
      1848, 1103, 1405, -1,
      1848, 1405, 161, -1,
      161, 1405, 1404, -1,
      1404, 1403, 161, -1,
      161, 1403, 162, -1,
      1434, 164, 1318, -1,
      1318, 164, 1851, -1,
      1318, 1851, 1098, -1,
      1098, 1851, 1850, -1,
      1098, 1850, 1099, -1,
      1099, 1850, 163, -1,
      1099, 163, 1100, -1,
      1100, 163, 1849, -1,
      1100, 1849, 1101, -1,
      1101, 1849, 1844, -1,
      1101, 1844, 1403, -1,
      1403, 1844, 162, -1,
      1522, 908, 170, -1,
      170, 908, 166, -1,
      167, 165, 1267, -1,
      1267, 165, 902, -1,
      168, 169, 170, -1,
      1852, 168, 167, -1,
      167, 168, 170, -1,
      167, 170, 165, -1,
      165, 170, 166, -1,
      169, 1853, 170, -1,
      170, 1853, 1854, -1,
      170, 1854, 1855, -1,
      1856, 1857, 1855, -1,
      1855, 1857, 1858, -1,
      1855, 1858, 170, -1,
      1859, 1860, 1861, -1,
      167, 1862, 1852, -1,
      1852, 1862, 1859, -1,
      1852, 1859, 1863, -1,
      1863, 1859, 1861, -1,
      167, 1267, 1862, -1,
      1862, 1267, 1269, -1,
      1862, 1269, 1859, -1,
      1859, 1269, 1270, -1,
      1859, 1270, 1860, -1,
      1860, 1270, 971, -1,
      1860, 971, 1861, -1,
      1861, 971, 970, -1,
      1861, 970, 1863, -1,
      1863, 970, 1063, -1,
      1863, 1063, 1852, -1,
      1852, 1063, 1062, -1,
      1852, 1062, 168, -1,
      168, 1062, 1060, -1,
      1060, 1483, 168, -1,
      168, 1483, 169, -1,
      1522, 170, 1523, -1,
      1523, 170, 1858, -1,
      1523, 1858, 1524, -1,
      1524, 1858, 1857, -1,
      1524, 1857, 1452, -1,
      1452, 1857, 1856, -1,
      1452, 1856, 1453, -1,
      1453, 1856, 1855, -1,
      1453, 1855, 1481, -1,
      1481, 1855, 1854, -1,
      1481, 1854, 1482, -1,
      1482, 1854, 1853, -1,
      1482, 1853, 1483, -1,
      1483, 1853, 169, -1,
      1400, 929, 176, -1,
      176, 929, 172, -1,
      173, 171, 1487, -1,
      1487, 171, 923, -1,
      176, 172, 171, -1,
      171, 173, 176, -1,
      176, 173, 174, -1,
      176, 174, 175, -1,
      1864, 1865, 1866, -1,
      1866, 1865, 1867, -1,
      175, 1868, 176, -1,
      176, 1868, 1865, -1,
      176, 1865, 1869, -1,
      1869, 1865, 1864, -1,
      1870, 1871, 173, -1,
      173, 1871, 1872, -1,
      173, 1872, 1873, -1,
      1873, 1874, 173, -1,
      173, 1874, 1875, -1,
      173, 1875, 174, -1,
      173, 1487, 1870, -1,
      1870, 1487, 1354, -1,
      1870, 1354, 1871, -1,
      1871, 1354, 1428, -1,
      1871, 1428, 1872, -1,
      1872, 1428, 1427, -1,
      1872, 1427, 1873, -1,
      1873, 1427, 1351, -1,
      1873, 1351, 1874, -1,
      1874, 1351, 1350, -1,
      1874, 1350, 1875, -1,
      1875, 1350, 1349, -1,
      1875, 1349, 174, -1,
      174, 1349, 1348, -1,
      1348, 1426, 174, -1,
      174, 1426, 175, -1,
      1400, 176, 1401, -1,
      1401, 176, 1869, -1,
      1401, 1869, 1402, -1,
      1402, 1869, 1864, -1,
      1402, 1864, 1183, -1,
      1183, 1864, 1866, -1,
      1183, 1866, 1184, -1,
      1184, 1866, 1867, -1,
      1184, 1867, 1424, -1,
      1424, 1867, 1865, -1,
      1424, 1865, 1425, -1,
      1425, 1865, 1868, -1,
      1425, 1868, 1426, -1,
      1426, 1868, 175, -1,
      1327, 866, 182, -1,
      182, 866, 178, -1,
      179, 177, 1373, -1,
      1373, 177, 860, -1,
      178, 177, 182, -1,
      182, 177, 179, -1,
      181, 1876, 182, -1,
      182, 1876, 1877, -1,
      182, 1877, 1878, -1,
      1878, 1879, 182, -1,
      182, 1879, 1880, -1,
      182, 1880, 1881, -1,
      181, 182, 180, -1,
      180, 182, 179, -1,
      180, 179, 1882, -1,
      1882, 179, 1883, -1,
      1882, 1883, 1884, -1,
      1884, 1885, 1882, -1,
      1882, 1885, 1886, -1,
      1882, 1886, 1887, -1,
      179, 1373, 1883, -1,
      1883, 1373, 1412, -1,
      1883, 1412, 1884, -1,
      1884, 1412, 1411, -1,
      1884, 1411, 1885, -1,
      1885, 1411, 1409, -1,
      1885, 1409, 1886, -1,
      1886, 1409, 1408, -1,
      1886, 1408, 1887, -1,
      1887, 1408, 1035, -1,
      1887, 1035, 1882, -1,
      1882, 1035, 1102, -1,
      1882, 1102, 180, -1,
      180, 1102, 1326, -1,
      1326, 1105, 180, -1,
      180, 1105, 181, -1,
      1327, 182, 1328, -1,
      1328, 182, 1881, -1,
      1328, 1881, 1329, -1,
      1329, 1881, 1880, -1,
      1329, 1880, 1036, -1,
      1036, 1880, 1879, -1,
      1036, 1879, 1037, -1,
      1037, 1879, 1878, -1,
      1037, 1878, 1108, -1,
      1108, 1878, 1877, -1,
      1108, 1877, 1107, -1,
      1107, 1877, 1876, -1,
      1107, 1876, 1105, -1,
      1105, 1876, 181, -1,
      1268, 901, 189, -1,
      189, 901, 184, -1,
      185, 183, 1392, -1,
      1392, 183, 903, -1,
      1888, 1889, 189, -1,
      184, 183, 189, -1,
      189, 183, 185, -1,
      1890, 1891, 1892, -1,
      1893, 1894, 185, -1,
      185, 1894, 186, -1,
      185, 186, 189, -1,
      189, 186, 187, -1,
      189, 187, 1895, -1,
      1893, 185, 1892, -1,
      1892, 185, 1896, -1,
      1892, 1896, 1890, -1,
      1895, 1897, 189, -1,
      189, 1897, 188, -1,
      189, 188, 1888, -1,
      185, 1392, 1896, -1,
      1896, 1392, 1394, -1,
      1896, 1394, 1890, -1,
      1890, 1394, 1395, -1,
      1890, 1395, 1891, -1,
      1891, 1395, 1217, -1,
      1891, 1217, 1892, -1,
      1892, 1217, 1219, -1,
      1892, 1219, 1893, -1,
      1893, 1219, 1220, -1,
      1893, 1220, 1894, -1,
      1894, 1220, 1278, -1,
      1894, 1278, 186, -1,
      186, 1278, 1280, -1,
      1280, 1486, 186, -1,
      186, 1486, 187, -1,
      1268, 189, 972, -1,
      972, 189, 1889, -1,
      972, 1889, 1061, -1,
      1061, 1889, 1888, -1,
      1061, 1888, 1059, -1,
      1059, 1888, 188, -1,
      1059, 188, 1484, -1,
      1484, 188, 1897, -1,
      1484, 1897, 1485, -1,
      1485, 1897, 1895, -1,
      1485, 1895, 1486, -1,
      1486, 1895, 187, -1,
      1488, 922, 195, -1,
      195, 922, 191, -1,
      192, 190, 1306, -1,
      1306, 190, 924, -1,
      193, 194, 195, -1,
      194, 1898, 195, -1,
      195, 1898, 1899, -1,
      195, 1899, 1900, -1,
      191, 190, 195, -1,
      195, 190, 192, -1,
      195, 192, 193, -1,
      193, 192, 1901, -1,
      193, 1901, 1902, -1,
      1902, 1903, 193, -1,
      193, 1903, 1904, -1,
      193, 1904, 1905, -1,
      1905, 1904, 1906, -1,
      1900, 1899, 1907, -1,
      1907, 1899, 1908, -1,
      1907, 1908, 1909, -1,
      192, 1306, 1901, -1,
      1901, 1306, 1308, -1,
      1901, 1308, 1902, -1,
      1902, 1308, 1309, -1,
      1902, 1309, 1903, -1,
      1903, 1309, 1181, -1,
      1903, 1181, 1904, -1,
      1904, 1181, 1180, -1,
      1904, 1180, 1906, -1,
      1906, 1180, 1466, -1,
      1906, 1466, 1905, -1,
      1905, 1466, 1465, -1,
      1905, 1465, 193, -1,
      193, 1465, 1460, -1,
      1460, 1459, 193, -1,
      193, 1459, 194, -1,
      1488, 195, 1489, -1,
      1489, 195, 1900, -1,
      1489, 1900, 1352, -1,
      1352, 1900, 1907, -1,
      1352, 1907, 1353, -1,
      1353, 1907, 1909, -1,
      1353, 1909, 1355, -1,
      1355, 1909, 1908, -1,
      1355, 1908, 1457, -1,
      1457, 1908, 1899, -1,
      1457, 1899, 1458, -1,
      1458, 1899, 1898, -1,
      1458, 1898, 1459, -1,
      1459, 1898, 194, -1,
      1413, 859, 201, -1,
      201, 859, 197, -1,
      198, 196, 1322, -1,
      1322, 196, 861, -1,
      197, 196, 201, -1,
      201, 196, 198, -1,
      200, 1910, 201, -1,
      201, 1910, 1911, -1,
      201, 1911, 1912, -1,
      1912, 1913, 201, -1,
      201, 1913, 1914, -1,
      201, 1914, 1915, -1,
      200, 201, 199, -1,
      199, 201, 198, -1,
      199, 198, 1916, -1,
      1916, 198, 1917, -1,
      1916, 1917, 1918, -1,
      1918, 1919, 1916, -1,
      1916, 1919, 1920, -1,
      1916, 1920, 1921, -1,
      198, 1322, 1917, -1,
      1917, 1322, 1324, -1,
      1917, 1324, 1918, -1,
      1918, 1324, 1325, -1,
      1918, 1325, 1919, -1,
      1919, 1325, 1239, -1,
      1919, 1239, 1920, -1,
      1920, 1239, 1237, -1,
      1920, 1237, 1921, -1,
      1921, 1237, 1236, -1,
      1921, 1236, 1916, -1,
      1916, 1236, 1406, -1,
      1916, 1406, 199, -1,
      199, 1406, 1407, -1,
      1407, 1034, 199, -1,
      199, 1034, 200, -1,
      1413, 201, 1410, -1,
      1410, 201, 1915, -1,
      1410, 1915, 1414, -1,
      1414, 1915, 1914, -1,
      1414, 1914, 1415, -1,
      1415, 1914, 1913, -1,
      1415, 1913, 1416, -1,
      1416, 1913, 1912, -1,
      1416, 1912, 1417, -1,
      1417, 1912, 1911, -1,
      1417, 1911, 1033, -1,
      1033, 1911, 1910, -1,
      1033, 1910, 1034, -1,
      1034, 1910, 200, -1,
    ]
  }
}

Shape {
  appearance Appearance {
    material Material {
      diffuseColor 0.5020 0.5020 0.5020
      specularColor 0.2510 0.2510 0.2510
      ambientIntensity 0.2
      transparency 0.0000
      shininess 0.5
    }
  }
  geometry IndexedFaceSet {
    ccw TRUE
    solid FALSE
    coord DEF co Coordinate {
      point [
        -0.816929 0.736258 0.228346,
        -0.829160 0.745643 0.228346,
        -0.730359 0.802686 0.228346,
        -0.728346 0.787402 0.228346,
        -0.730359 0.772117 0.228346,
        -0.757874 0.838545 0.228346,
        -0.745643 0.829160 0.228346,
        -0.736258 0.816929 0.228346,
        -0.844444 0.802686 0.228346,
        -0.838545 0.816929 0.228346,
        -0.829160 0.829160 0.228346,
        -0.816929 0.838545 0.228346,
        -0.772117 0.730359 0.228346,
        -0.787402 0.728346 0.228346,
        -0.802686 0.730359 0.228346,
        -0.736258 0.757874 0.228346,
        -0.745643 0.745643 0.228346,
        -0.757874 0.736258 0.228346,
        -0.802686 0.844444 0.228346,
        -0.787402 0.846457 0.228346,
        -0.772117 0.844444 0.228346,
        -0.838545 0.757874 0.228346,
        -0.844444 0.772117 0.228346,
        -0.846457 0.787402 0.228346,
        -0.787402 0.728346 0.220472,
        -0.772117 0.730359 0.220472,
        -0.757874 0.736258 0.220472,
        -0.745643 0.745643 0.220472,
        -0.736258 0.757874 0.220472,
        -0.730359 0.772117 0.220472,
        -0.728346 0.787402 0.220472,
        -0.730359 0.802686 0.220472,
        -0.736258 0.816929 0.220472,
        -0.745643 0.829160 0.220472,
        -0.757874 0.838545 0.220472,
        -0.772117 0.844444 0.220472,
        -0.787402 0.846457 0.220472,
        -0.802686 0.844444 0.220472,
        -0.816929 0.838545 0.220472,
        -0.829160 0.829160 0.220472,
        -0.838545 0.816929 0.220472,
        -0.844444 0.802686 0.220472,
        -0.846457 0.787402 0.220472,
        -0.844444 0.772117 0.220472,
        -0.838545 0.757874 0.220472,
        -0.829160 0.745643 0.220472,
        -0.816929 0.736258 0.220472,
        -0.802686 0.730359 0.220472,
        -0.787402 0.787402 0.220472,
      ]
    }
    coordIndex [
      24, 13, 25, -1,
      25, 13, 12, -1,
      25, 12, 26, -1,
      26, 12, 17, -1,
      26, 17, 27, -1,
      27, 17, 16, -1,
      27, 16, 28, -1,
      28, 16, 15, -1,
      28, 15, 29, -1,
      29, 15, 4, -1,
      29, 4, 30, -1,
      30, 4, 3, -1,
      30, 3, 31, -1,
      31, 3, 2, -1,
      31, 2, 32, -1,
      32, 2, 7, -1,
      32, 7, 33, -1,
      33, 7, 6, -1,
      33, 6, 34, -1,
      34, 6, 5, -1,
      34, 5, 35, -1,
      35, 5, 20, -1,
      35, 20, 36, -1,
      36, 20, 19, -1,
      36, 19, 37, -1,
      37, 19, 18, -1,
      37, 18, 38, -1,
      38, 18, 11, -1,
      38, 11, 39, -1,
      39, 11, 10, -1,
      39, 10, 40, -1,
      40, 10, 9, -1,
      40, 9, 41, -1,
      41, 9, 8, -1,
      41, 8, 42, -1,
      42, 8, 23, -1,
      42, 23, 43, -1,
      43, 23, 22, -1,
      43, 22, 44, -1,
      44, 22, 21, -1,
      44, 21, 45, -1,
      45, 21, 1, -1,
      45, 1, 46, -1,
      46, 1, 0, -1,
      46, 0, 47, -1,
      47, 0, 14, -1,
      47, 14, 24, -1,
      24, 14, 13, -1,
      46, 47, 48, -1,
      48, 47, 24, -1,
      48, 24, 25, -1,
      43, 44, 48, -1,
      48, 44, 45, -1,
      48, 45, 46, -1,
      40, 41, 48, -1,
      48, 41, 42, -1,
      48, 42, 43, -1,
      37, 38, 48, -1,
      48, 38, 39, -1,
      48, 39, 40, -1,
      34, 35, 48, -1,
      48, 35, 36, -1,
      48, 36, 37, -1,
      31, 32, 48, -1,
      48, 32, 33, -1,
      48, 33, 34, -1,
      28, 29, 48, -1,
      48, 29, 30, -1,
      48, 30, 31, -1,
      25, 26, 48, -1,
      48, 26, 27, -1,
      48, 27, 28, -1,
    ]
  }
}

Shape {
  appearance Appearance {
    material Material {
      diffuseColor 0.8980 0.8980 0.8980
      specularColor 0.7176 0.7176 0.7176
      ambientIntensity 0.2
      transparency 0.0000
      shininess 0.5
    }
  }
  geometry IndexedFaceSet {
    ccw TRUE
    solid FALSE
    coord DEF co Coordinate {
      point [
        0.688976 0.688976 0.000000,
        0.688976 -0.688976 0.000000,
        -0.688976 -0.688976 0.000000,
        -0.610236 0.688976 0.000000,
        -0.688976 0.610236 0.000000,
        -0.688976 -0.688976 -0.009843,
        -0.688976 0.610236 -0.009843,
        0.688976 -0.688976 -0.009843,
        -0.610236 0.688976 -0.009843,
        0.688976 0.688976 -0.009843,
      ]
    }
    coordIndex [
      5, 6, 7, -1,
      7, 6, 8, -1,
      7, 8, 9, -1,
      7, 1, 5, -1,
      5, 1, 2, -1,
      9, 0, 7, -1,
      7, 0, 1, -1,
      3, 0, 8, -1,
      8, 0, 9, -1,
      4, 3, 6, -1,
      6, 3, 8, -1,
      2, 4, 5, -1,
      5, 4, 6, -1,
    ]
  }
}

Shape {
  appearance Appearance {
    material Material {
      diffuseColor 1.0000 1.0000 1.0000
      specularColor 0.5020 0.5020 0.5020
      ambientIntensity 0.2
      transparency 0.0000
      shininess 0.5
    }
  }
  geometry IndexedFaceSet {
    ccw TRUE
    solid FALSE
    coord DEF co Coordinate {
      point [
        0.817498 -0.840344 0.228346,
        0.815739 -0.843854 0.228346,
        0.813360 -0.846630 0.228346,
        0.809720 -0.849230 0.228346,
        0.790596 -0.817120 0.228346,
        0.790596 -0.851437 0.228346,
        0.800035 -0.851437 0.228346,
        0.805794 -0.850746 0.228346,
        0.814937 -0.823262 0.228346,
        0.816967 -0.826376 0.228346,
        0.813360 -0.821664 0.228346,
        0.818121 -0.829771 0.228346,
        0.818536 -0.833840 0.228346,
        0.818395 -0.836381 0.228346,
        0.800385 -0.817120 0.228346,
        0.806167 -0.817834 0.228346,
        0.810237 -0.819461 0.228346,
        0.812003 -0.841687 0.232283,
        0.810211 -0.843946 0.232283,
        0.813360 -0.846630 0.232283,
        0.809439 -0.844634 0.232283,
        0.809720 -0.849230 0.232283,
        0.807130 -0.846093 0.232283,
        0.805794 -0.850746 0.232283,
        0.804132 -0.847109 0.232283,
        0.800035 -0.851437 0.232283,
        0.800008 -0.847525 0.232283,
        0.790596 -0.851437 0.232283,
        0.795026 -0.847525 0.232283,
        0.790596 -0.817120 0.232283,
        0.795026 -0.821067 0.232283,
        0.800385 -0.817120 0.232283,
        0.800210 -0.821067 0.232283,
        0.806167 -0.817834 0.232283,
        0.804507 -0.821526 0.232283,
        0.810237 -0.819461 0.232283,
        0.807505 -0.822579 0.232283,
        0.813360 -0.821664 0.232283,
        0.810114 -0.824295 0.232283,
        0.814937 -0.823262 0.232283,
        0.811261 -0.825459 0.232283,
        0.816967 -0.826376 0.232283,
        0.812544 -0.827441 0.232283,
        0.818121 -0.829771 0.232283,
        0.813463 -0.830050 0.232283,
        0.818536 -0.833840 0.232283,
        0.813878 -0.833963 0.232283,
        0.818395 -0.836381 0.232283,
        0.813787 -0.835914 0.232283,
        0.817498 -0.840344 0.232283,
        0.813154 -0.839109 0.232283,
        0.815739 -0.843854 0.232283,
        0.810114 -0.824295 0.228346,
        0.811261 -0.825459 0.228346,
        0.812544 -0.827441 0.228346,
        0.813463 -0.830050 0.228346,
        0.813878 -0.833963 0.228346,
        0.800210 -0.821067 0.228346,
        0.804507 -0.821526 0.228346,
        0.807505 -0.822579 0.228346,
        0.795026 -0.821067 0.228346,
        0.795026 -0.847525 0.228346,
        0.800008 -0.847525 0.228346,
        0.810211 -0.843946 0.228346,
        0.809439 -0.844634 0.228346,
        0.807130 -0.846093 0.228346,
        0.804132 -0.847109 0.228346,
        0.813787 -0.835914 0.228346,
        0.813154 -0.839109 0.228346,
        0.812003 -0.841687 0.228346,
      ]
    }
    coordIndex [
      17, 18, 19, -1,
      19, 18, 20, -1,
      19, 20, 21, -1,
      21, 20, 22, -1,
      21, 22, 23, -1,
      23, 22, 24, -1,
      23, 24, 25, -1,
      25, 24, 26, -1,
      25, 26, 27, -1,
      27, 26, 28, -1,
      27, 28, 29, -1,
      29, 28, 30, -1,
      29, 30, 31, -1,
      31, 30, 32, -1,
      31, 32, 33, -1,
      33, 32, 34, -1,
      33, 34, 35, -1,
      35, 34, 36, -1,
      35, 36, 37, -1,
      37, 36, 38, -1,
      37, 38, 39, -1,
      39, 38, 40, -1,
      39, 40, 41, -1,
      41, 40, 42, -1,
      41, 42, 43, -1,
      43, 42, 44, -1,
      43, 44, 45, -1,
      45, 44, 46, -1,
      45, 46, 47, -1,
      47, 46, 48, -1,
      47, 48, 49, -1,
      49, 48, 50, -1,
      49, 50, 51, -1,
      51, 50, 17, -1,
      51, 17, 19, -1,
      19, 2, 1, -1,
      19, 1, 51, -1,
      51, 1, 0, -1,
      51, 0, 49, -1,
      49, 0, 13, -1,
      49, 13, 47, -1,
      47, 13, 12, -1,
      47, 12, 45, -1,
      45, 12, 11, -1,
      45, 11, 43, -1,
      43, 11, 9, -1,
      43, 9, 41, -1,
      41, 9, 8, -1,
      41, 8, 39, -1,
      39, 8, 10, -1,
      39, 10, 37, -1,
      37, 10, 16, -1,
      37, 16, 35, -1,
      35, 16, 15, -1,
      35, 15, 33, -1,
      33, 15, 14, -1,
      33, 14, 31, -1,
      29, 31, 4, -1,
      4, 31, 14, -1,
      27, 29, 5, -1,
      5, 29, 4, -1,
      25, 27, 6, -1,
      6, 27, 5, -1,
      25, 6, 7, -1,
      25, 7, 23, -1,
      23, 7, 3, -1,
      23, 3, 21, -1,
      21, 3, 2, -1,
      21, 2, 19, -1,
      38, 52, 53, -1,
      38, 53, 40, -1,
      40, 53, 54, -1,
      40, 54, 42, -1,
      42, 54, 55, -1,
      42, 55, 44, -1,
      44, 55, 56, -1,
      44, 56, 46, -1,
      32, 57, 58, -1,
      32, 58, 34, -1,
      34, 58, 59, -1,
      34, 59, 36, -1,
      36, 59, 52, -1,
      36, 52, 38, -1,
      32, 30, 57, -1,
      57, 30, 60, -1,
      30, 28, 60, -1,
      60, 28, 61, -1,
      28, 26, 61, -1,
      61, 26, 62, -1,
      18, 63, 64, -1,
      18, 64, 20, -1,
      20, 64, 65, -1,
      20, 65, 22, -1,
      22, 65, 66, -1,
      22, 66, 24, -1,
      24, 66, 62, -1,
      24, 62, 26, -1,
      46, 56, 67, -1,
      46, 67, 48, -1,
      48, 67, 68, -1,
      48, 68, 50, -1,
      50, 68, 69, -1,
      50, 69, 17, -1,
      17, 69, 63, -1,
      17, 63, 18, -1,
    ]
  }
}

Shape {
  appearance Appearance {
    material Material {
      diffuseColor 0.2510 0.2510 0.2510
      specularColor 0.1255 0.1255 0.1255
      ambientIntensity 0.2
      transparency 0.0000
      shininess 0.5
    }
  }
  geometry IndexedFaceSet {
    ccw TRUE
    solid FALSE
    coord DEF co Coordinate {
      point [
        0.810114 -0.824295 0.228346,
        0.811261 -0.825459 0.228346,
        0.812544 -0.827441 0.228346,
        0.813463 -0.830050 0.228346,
        0.813878 -0.833963 0.228346,
        0.800210 -0.821067 0.228346,
        0.804507 -0.821526 0.228346,
        0.807505 -0.822579 0.228346,
        0.795026 -0.821067 0.228346,
        0.795026 -0.847525 0.228346,
        0.800008 -0.847525 0.228346,
        0.810211 -0.843946 0.228346,
        0.809439 -0.844634 0.228346,
        0.807130 -0.846093 0.228346,
        0.804132 -0.847109 0.228346,
        0.813787 -0.835914 0.228346,
        0.813154 -0.839109 0.228346,
        0.812003 -0.841687 0.228346,
      ]
    }
    coordIndex [
      8, 9, 5, -1,
      5, 9, 10, -1,
      5, 10, 14, -1,
      14, 13, 5, -1,
      5, 13, 12, -1,
      5, 12, 11, -1,
      11, 17, 5, -1,
      5, 17, 16, -1,
      5, 16, 15, -1,
      15, 4, 5, -1,
      5, 4, 3, -1,
      5, 3, 2, -1,
      2, 1, 5, -1,
      5, 1, 0, -1,
      5, 0, 6, -1,
      6, 0, 7, -1,
    ]
  }
}

Shape {
  appearance Appearance {
    material Material {
      diffuseColor 1.0000 1.0000 1.0000
      specularColor 0.5020 0.5020 0.5020
      ambientIntensity 0.2
      transparency 0.0000
      shininess 0.5
    }
  }
  geometry IndexedFaceSet {
    ccw TRUE
    solid FALSE
    coord DEF co Coordinate {
      point [
        0.721742 -0.851643 0.228346,
        0.720693 -0.851274 0.228346,
        0.729046 -0.851604 0.228346,
        0.727946 -0.851727 0.228346,
        0.756567 -0.826927 0.228346,
        0.761024 -0.826927 0.228346,
        0.748707 -0.845349 0.228346,
        0.749233 -0.847367 0.228346,
        0.749348 -0.847367 0.228346,
        0.744378 -0.832895 0.228346,
        0.749874 -0.845384 0.228346,
        0.749545 -0.846527 0.228346,
        0.737496 -0.826927 0.228346,
        0.744378 -0.844433 0.228346,
        0.742304 -0.826927 0.228346,
        0.746966 -0.851727 0.228346,
        0.747111 -0.851385 0.228346,
        0.744378 -0.857390 0.228346,
        0.744384 -0.857384 0.228346,
        0.745225 -0.855841 0.228346,
        0.738382 -0.862631 0.228346,
        0.738382 -0.858806 0.228346,
        0.740821 -0.859297 0.228346,
        0.741853 -0.859181 0.228346,
        0.744378 -0.862215 0.228346,
        0.742891 -0.862782 0.228346,
        0.741154 -0.862982 0.228346,
        0.740206 -0.862948 0.228346,
        0.742794 -0.858829 0.228346,
        0.743583 -0.858281 0.228346,
        0.749900 -0.855139 0.228346,
        0.747954 -0.858929 0.228346,
        0.751246 -0.851727 0.228346,
        0.746381 -0.860818 0.228346,
        0.746088 -0.861087 0.228346,
        0.744587 -0.862136 0.228346,
        0.733820 -0.840717 0.228346,
        0.734623 -0.841902 0.228346,
        0.734083 -0.831629 0.228346,
        0.721487 -0.828313 0.228346,
        0.722547 -0.827662 0.228346,
        0.735081 -0.843169 0.228346,
        0.735259 -0.844770 0.228346,
        0.735055 -0.846497 0.228346,
        0.734527 -0.847859 0.228346,
        0.733726 -0.848993 0.228346,
        0.724852 -0.826774 0.228346,
        0.728276 -0.826366 0.228346,
        0.734083 -0.827454 0.228346,
        0.730866 -0.826560 0.228346,
        0.732496 -0.850069 0.228346,
        0.731353 -0.850758 0.228346,
        0.727855 -0.829857 0.228346,
        0.726583 -0.829952 0.228346,
        0.723162 -0.833156 0.228346,
        0.725433 -0.830257 0.228346,
        0.724469 -0.830769 0.228346,
        0.723201 -0.833727 0.228346,
        0.723372 -0.834395 0.228346,
        0.723681 -0.834975 0.228346,
        0.724101 -0.835436 0.228346,
        0.725616 -0.836384 0.228346,
        0.730683 -0.830179 0.228346,
        0.728276 -0.837542 0.228346,
        0.733107 -0.831069 0.228346,
        0.729941 -0.838215 0.228346,
        0.732796 -0.839803 0.228346,
        0.723820 -0.831343 0.228346,
        0.723452 -0.831889 0.228346,
        0.723240 -0.832470 0.228346,
        0.705073 -0.830009 0.228346,
        0.703617 -0.829857 0.228346,
        0.701319 -0.836875 0.228346,
        0.718706 -0.846139 0.228346,
        0.712881 -0.835664 0.228346,
        0.718706 -0.850578 0.228346,
        0.712881 -0.851437 0.228346,
        0.706441 -0.850129 0.228346,
        0.704918 -0.851141 0.228346,
        0.708582 -0.851437 0.228346,
        0.703298 -0.851727 0.228346,
        0.694804 -0.839891 0.228346,
        0.696067 -0.838731 0.228346,
        0.695581 -0.832822 0.228346,
        0.697807 -0.837780 0.228346,
        0.698505 -0.830978 0.228346,
        0.701196 -0.830094 0.228346,
        0.698466 -0.851727 0.228346,
        0.698388 -0.851718 0.228346,
        0.696740 -0.851096 0.228346,
        0.695292 -0.850086 0.228346,
        0.694811 -0.849599 0.228346,
        0.693918 -0.848278 0.228346,
        0.720387 -0.847178 0.228346,
        0.720693 -0.847293 0.228346,
        0.720693 -0.838180 0.228346,
        0.708582 -0.847648 0.228346,
        0.708468 -0.847648 0.228346,
        0.707798 -0.848667 0.228346,
        0.693387 -0.842859 0.228346,
        0.693187 -0.844875 0.228346,
        0.693398 -0.846824 0.228346,
        0.696865 -0.827930 0.228346,
        0.695581 -0.828646 0.228346,
        0.693911 -0.841287 0.228346,
        0.718917 -0.835210 0.228346,
        0.712469 -0.832082 0.228346,
        0.718732 -0.833541 0.228346,
        0.708582 -0.835857 0.228346,
        0.708433 -0.833957 0.228346,
        0.707988 -0.832426 0.228346,
        0.707483 -0.831541 0.228346,
        0.708654 -0.827254 0.228346,
        0.710031 -0.828106 0.228346,
        0.720212 -0.829459 0.228346,
        0.700136 -0.826780 0.228346,
        0.704020 -0.826366 0.228346,
        0.706915 -0.826665 0.228346,
        0.720693 -0.829027 0.228346,
        0.718902 -0.832004 0.228346,
        0.719413 -0.830620 0.228346,
        0.711764 -0.830231 0.228346,
        0.710858 -0.828898 0.228346,
        0.720654 -0.838154 0.228346,
        0.719951 -0.837419 0.228346,
        0.719391 -0.836523 0.228346,
        0.706833 -0.830850 0.228346,
        0.706070 -0.830358 0.228346,
        0.723081 -0.848192 0.228346,
        0.725241 -0.840665 0.228346,
        0.722679 -0.839490 0.228346,
        0.725776 -0.848507 0.228346,
        0.725966 -0.848506 0.228346,
        0.728063 -0.841847 0.228346,
        0.728169 -0.848259 0.228346,
        0.730846 -0.845191 0.228346,
        0.730804 -0.844656 0.228346,
        0.729279 -0.847853 0.228346,
        0.729670 -0.847615 0.228346,
        0.730164 -0.847178 0.228346,
        0.730539 -0.846622 0.228346,
        0.730757 -0.846011 0.228346,
        0.730609 -0.843985 0.228346,
        0.730277 -0.843415 0.228346,
        0.729741 -0.842858 0.228346,
        0.722558 -0.851727 0.228346,
        0.725355 -0.852016 0.228346,
        0.739261 -0.859094 0.228346,
        0.703175 -0.851771 0.228346,
        0.700959 -0.852016 0.228346,
        0.749874 -0.845384 0.232283,
        0.749545 -0.846527 0.232283,
        0.749348 -0.847367 0.232283,
        0.749233 -0.847367 0.232283,
        0.748707 -0.845349 0.232283,
        0.742304 -0.826927 0.232283,
        0.737496 -0.826927 0.232283,
        0.747111 -0.851385 0.232283,
        0.745225 -0.855841 0.232283,
        0.743583 -0.858281 0.232283,
        0.744384 -0.857384 0.232283,
        0.742794 -0.858829 0.232283,
        0.741853 -0.859181 0.232283,
        0.740821 -0.859297 0.232283,
        0.739261 -0.859094 0.232283,
        0.738382 -0.858806 0.232283,
        0.738382 -0.862631 0.232283,
        0.740206 -0.862948 0.232283,
        0.741154 -0.862982 0.232283,
        0.742891 -0.862782 0.232283,
        0.744587 -0.862136 0.232283,
        0.746088 -0.861087 0.232283,
        0.746381 -0.860818 0.232283,
        0.747954 -0.858929 0.232283,
        0.749900 -0.855139 0.232283,
        0.761024 -0.826927 0.232283,
        0.756567 -0.826927 0.232283,
        0.725355 -0.852016 0.232283,
        0.729046 -0.851604 0.232283,
        0.731353 -0.850758 0.232283,
        0.732496 -0.850069 0.232283,
        0.733726 -0.848993 0.232283,
        0.734527 -0.847859 0.232283,
        0.735055 -0.846497 0.232283,
        0.735259 -0.844770 0.232283,
        0.735081 -0.843169 0.232283,
        0.734623 -0.841902 0.232283,
        0.733820 -0.840717 0.232283,
        0.732796 -0.839803 0.232283,
        0.729941 -0.838215 0.232283,
        0.728276 -0.837542 0.232283,
        0.725616 -0.836384 0.232283,
        0.724101 -0.835436 0.232283,
        0.723681 -0.834975 0.232283,
        0.723372 -0.834395 0.232283,
        0.723201 -0.833727 0.232283,
        0.723162 -0.833156 0.232283,
        0.723240 -0.832470 0.232283,
        0.723452 -0.831889 0.232283,
        0.723820 -0.831343 0.232283,
        0.724469 -0.830769 0.232283,
        0.725433 -0.830257 0.232283,
        0.726583 -0.829952 0.232283,
        0.727855 -0.829857 0.232283,
        0.730683 -0.830179 0.232283,
        0.733107 -0.831069 0.232283,
        0.734083 -0.831629 0.232283,
        0.734083 -0.827454 0.232283,
        0.730866 -0.826560 0.232283,
        0.728276 -0.826366 0.232283,
        0.724852 -0.826774 0.232283,
        0.722547 -0.827662 0.232283,
        0.721487 -0.828313 0.232283,
        0.720212 -0.829459 0.232283,
        0.719413 -0.830620 0.232283,
        0.718902 -0.832004 0.232283,
        0.718732 -0.833541 0.232283,
        0.718917 -0.835210 0.232283,
        0.719391 -0.836523 0.232283,
        0.719951 -0.837419 0.232283,
        0.725241 -0.840665 0.232283,
        0.722679 -0.839490 0.232283,
        0.720654 -0.838154 0.232283,
        0.728063 -0.841847 0.232283,
        0.729741 -0.842858 0.232283,
        0.730277 -0.843415 0.232283,
        0.730609 -0.843985 0.232283,
        0.730804 -0.844656 0.232283,
        0.730846 -0.845191 0.232283,
        0.730757 -0.846011 0.232283,
        0.730539 -0.846622 0.232283,
        0.730164 -0.847178 0.232283,
        0.729670 -0.847615 0.232283,
        0.729279 -0.847853 0.232283,
        0.728169 -0.848259 0.232283,
        0.725966 -0.848506 0.232283,
        0.725776 -0.848507 0.232283,
        0.718706 -0.846139 0.232283,
        0.720387 -0.847178 0.232283,
        0.723081 -0.848192 0.232283,
        0.718706 -0.850578 0.232283,
        0.721742 -0.851643 0.232283,
        0.708582 -0.851437 0.232283,
        0.712881 -0.851437 0.232283,
        0.708582 -0.847648 0.232283,
        0.712881 -0.835664 0.232283,
        0.708582 -0.835857 0.232283,
        0.699285 -0.840965 0.232283,
        0.700330 -0.840482 0.232283,
        0.702845 -0.839910 0.232283,
        0.708582 -0.839138 0.232283,
        0.708582 -0.841489 0.232283,
        0.706915 -0.826665 0.232283,
        0.706070 -0.830358 0.232283,
        0.708654 -0.827254 0.232283,
        0.706833 -0.830850 0.232283,
        0.708433 -0.833957 0.232283,
        0.712469 -0.832082 0.232283,
        0.707988 -0.832426 0.232283,
        0.711764 -0.830231 0.232283,
        0.707483 -0.831541 0.232283,
        0.710858 -0.828898 0.232283,
        0.710031 -0.828106 0.232283,
        0.695581 -0.828646 0.232283,
        0.695581 -0.832822 0.232283,
        0.696865 -0.827930 0.232283,
        0.698505 -0.830978 0.232283,
        0.700136 -0.826780 0.232283,
        0.701196 -0.830094 0.232283,
        0.704020 -0.826366 0.232283,
        0.703617 -0.829857 0.232283,
        0.705073 -0.830009 0.232283,
        0.708578 -0.841774 0.232283,
        0.708301 -0.843693 0.232283,
        0.707671 -0.845226 0.232283,
        0.708468 -0.847648 0.232283,
        0.706740 -0.846490 0.232283,
        0.707798 -0.848667 0.232283,
        0.706201 -0.847017 0.232283,
        0.706441 -0.850129 0.232283,
        0.704986 -0.847836 0.232283,
        0.704918 -0.851141 0.232283,
        0.703682 -0.848310 0.232283,
        0.703175 -0.851771 0.232283,
        0.702073 -0.848490 0.232283,
        0.700959 -0.852016 0.232283,
        0.700621 -0.848326 0.232283,
        0.698388 -0.851718 0.232283,
        0.699649 -0.847969 0.232283,
        0.696740 -0.851096 0.232283,
        0.698792 -0.847384 0.232283,
        0.695292 -0.850086 0.232283,
        0.698427 -0.847017 0.232283,
        0.701319 -0.836875 0.232283,
        0.697807 -0.837780 0.232283,
        0.698687 -0.841419 0.232283,
        0.696067 -0.838731 0.232283,
        0.698172 -0.842056 0.232283,
        0.694804 -0.839891 0.232283,
        0.697795 -0.842858 0.232283,
        0.693911 -0.841287 0.232283,
        0.697583 -0.843842 0.232283,
        0.693387 -0.842859 0.232283,
        0.697546 -0.844524 0.232283,
        0.693187 -0.844875 0.232283,
        0.697656 -0.845511 0.232283,
        0.693398 -0.846824 0.232283,
        0.697938 -0.846292 0.232283,
        0.693918 -0.848278 0.232283,
        0.694811 -0.849599 0.232283,
        0.706740 -0.846490 0.228346,
        0.706201 -0.847017 0.228346,
        0.704986 -0.847836 0.228346,
        0.703682 -0.848310 0.228346,
        0.702073 -0.848490 0.228346,
        0.708582 -0.841489 0.228346,
        0.708578 -0.841774 0.228346,
        0.708301 -0.843693 0.228346,
        0.707671 -0.845226 0.228346,
        0.708582 -0.839138 0.228346,
        0.702845 -0.839910 0.228346,
        0.698687 -0.841419 0.228346,
        0.699285 -0.840965 0.228346,
        0.700330 -0.840482 0.228346,
        0.697546 -0.844524 0.228346,
        0.697583 -0.843842 0.228346,
        0.697795 -0.842858 0.228346,
        0.698172 -0.842056 0.228346,
        0.698792 -0.847384 0.228346,
        0.698427 -0.847017 0.228346,
        0.697938 -0.846292 0.228346,
        0.697656 -0.845511 0.228346,
        0.700621 -0.848326 0.228346,
        0.699649 -0.847969 0.228346,
      ]
    }
    coordIndex [
      150, 10, 11, -1,
      150, 11, 151, -1,
      151, 11, 8, -1,
      151, 8, 152, -1,
      153, 152, 7, -1,
      7, 152, 8, -1,
      154, 153, 6, -1,
      6, 153, 7, -1,
      154, 6, 155, -1,
      155, 6, 9, -1,
      155, 9, 14, -1,
      156, 155, 12, -1,
      12, 155, 14, -1,
      156, 12, 157, -1,
      157, 12, 13, -1,
      157, 13, 16, -1,
      19, 158, 15, -1,
      15, 158, 157, -1,
      15, 157, 16, -1,
      158, 19, 18, -1,
      17, 159, 18, -1,
      18, 159, 160, -1,
      18, 160, 158, -1,
      17, 29, 159, -1,
      159, 29, 28, -1,
      159, 28, 161, -1,
      161, 28, 23, -1,
      161, 23, 162, -1,
      162, 23, 22, -1,
      162, 22, 163, -1,
      163, 22, 147, -1,
      163, 147, 164, -1,
      164, 147, 21, -1,
      164, 21, 165, -1,
      166, 165, 20, -1,
      20, 165, 21, -1,
      166, 20, 27, -1,
      166, 27, 167, -1,
      167, 27, 26, -1,
      167, 26, 168, -1,
      168, 26, 25, -1,
      168, 25, 169, -1,
      169, 25, 24, -1,
      169, 24, 170, -1,
      24, 35, 170, -1,
      170, 35, 34, -1,
      170, 34, 171, -1,
      171, 34, 33, -1,
      171, 33, 172, -1,
      172, 33, 31, -1,
      172, 31, 173, -1,
      173, 31, 30, -1,
      173, 30, 174, -1,
      5, 175, 32, -1,
      32, 175, 174, -1,
      32, 174, 30, -1,
      176, 175, 4, -1,
      4, 175, 5, -1,
      150, 176, 10, -1,
      10, 176, 4, -1,
      151, 152, 174, -1,
      175, 176, 174, -1,
      174, 176, 150, -1,
      174, 150, 151, -1,
      155, 156, 154, -1,
      154, 156, 157, -1,
      154, 157, 153, -1,
      173, 160, 172, -1,
      172, 160, 159, -1,
      165, 166, 164, -1,
      164, 166, 167, -1,
      164, 167, 163, -1,
      163, 167, 168, -1,
      163, 168, 162, -1,
      162, 168, 169, -1,
      162, 169, 161, -1,
      161, 169, 170, -1,
      161, 170, 159, -1,
      159, 170, 171, -1,
      159, 171, 172, -1,
      152, 153, 174, -1,
      174, 153, 157, -1,
      174, 157, 173, -1,
      173, 157, 158, -1,
      173, 158, 160, -1,
      146, 3, 177, -1,
      177, 3, 178, -1,
      3, 2, 178, -1,
      178, 2, 51, -1,
      178, 51, 179, -1,
      179, 51, 50, -1,
      179, 50, 180, -1,
      180, 50, 45, -1,
      180, 45, 181, -1,
      181, 45, 44, -1,
      181, 44, 182, -1,
      182, 44, 43, -1,
      182, 43, 183, -1,
      183, 43, 42, -1,
      183, 42, 184, -1,
      184, 42, 41, -1,
      184, 41, 185, -1,
      185, 41, 37, -1,
      185, 37, 186, -1,
      186, 37, 36, -1,
      186, 36, 187, -1,
      187, 36, 66, -1,
      187, 66, 188, -1,
      188, 66, 65, -1,
      188, 65, 189, -1,
      189, 65, 63, -1,
      189, 63, 190, -1,
      190, 63, 61, -1,
      190, 61, 191, -1,
      191, 61, 60, -1,
      191, 60, 192, -1,
      192, 60, 59, -1,
      192, 59, 193, -1,
      193, 59, 58, -1,
      193, 58, 194, -1,
      194, 58, 57, -1,
      194, 57, 195, -1,
      195, 57, 54, -1,
      195, 54, 196, -1,
      196, 54, 69, -1,
      196, 69, 197, -1,
      197, 69, 68, -1,
      197, 68, 198, -1,
      198, 68, 67, -1,
      198, 67, 199, -1,
      199, 67, 56, -1,
      199, 56, 200, -1,
      200, 56, 55, -1,
      200, 55, 201, -1,
      201, 55, 53, -1,
      201, 53, 202, -1,
      202, 53, 52, -1,
      202, 52, 203, -1,
      203, 52, 62, -1,
      203, 62, 204, -1,
      204, 62, 64, -1,
      204, 64, 205, -1,
      205, 64, 38, -1,
      205, 38, 206, -1,
      207, 206, 48, -1,
      48, 206, 38, -1,
      207, 48, 49, -1,
      207, 49, 208, -1,
      208, 49, 47, -1,
      208, 47, 209, -1,
      209, 47, 46, -1,
      209, 46, 210, -1,
      210, 46, 40, -1,
      210, 40, 211, -1,
      211, 40, 39, -1,
      211, 39, 212, -1,
      39, 118, 212, -1,
      212, 118, 213, -1,
      118, 114, 213, -1,
      213, 114, 120, -1,
      213, 120, 214, -1,
      214, 120, 119, -1,
      214, 119, 215, -1,
      215, 119, 107, -1,
      215, 107, 216, -1,
      216, 107, 105, -1,
      216, 105, 217, -1,
      217, 105, 125, -1,
      217, 125, 218, -1,
      218, 125, 124, -1,
      218, 124, 219, -1,
      129, 220, 221, -1,
      219, 124, 123, -1,
      219, 123, 222, -1,
      222, 123, 95, -1,
      222, 95, 221, -1,
      221, 95, 130, -1,
      221, 130, 129, -1,
      220, 129, 133, -1,
      220, 133, 223, -1,
      223, 133, 144, -1,
      223, 144, 224, -1,
      224, 144, 143, -1,
      224, 143, 225, -1,
      225, 143, 142, -1,
      225, 142, 226, -1,
      226, 142, 136, -1,
      226, 136, 227, -1,
      227, 136, 135, -1,
      227, 135, 228, -1,
      228, 135, 141, -1,
      228, 141, 229, -1,
      229, 141, 140, -1,
      229, 140, 230, -1,
      230, 140, 139, -1,
      230, 139, 231, -1,
      231, 139, 138, -1,
      231, 138, 232, -1,
      232, 138, 137, -1,
      232, 137, 233, -1,
      233, 137, 134, -1,
      233, 134, 234, -1,
      234, 134, 132, -1,
      234, 132, 235, -1,
      235, 132, 131, -1,
      235, 131, 236, -1,
      73, 237, 238, -1,
      236, 131, 128, -1,
      236, 128, 239, -1,
      239, 128, 94, -1,
      239, 94, 238, -1,
      238, 94, 93, -1,
      238, 93, 73, -1,
      240, 237, 75, -1,
      75, 237, 73, -1,
      75, 1, 240, -1,
      240, 1, 241, -1,
      146, 177, 145, -1,
      145, 177, 241, -1,
      145, 241, 0, -1,
      0, 241, 1, -1,
      199, 200, 211, -1,
      211, 200, 210, -1,
      223, 190, 220, -1,
      220, 190, 191, -1,
      179, 180, 231, -1,
      231, 180, 181, -1,
      231, 181, 230, -1,
      230, 181, 182, -1,
      230, 182, 229, -1,
      229, 182, 183, -1,
      229, 183, 228, -1,
      228, 183, 184, -1,
      228, 184, 227, -1,
      227, 184, 185, -1,
      227, 185, 226, -1,
      226, 185, 186, -1,
      226, 186, 225, -1,
      225, 186, 187, -1,
      225, 187, 224, -1,
      224, 187, 188, -1,
      224, 188, 223, -1,
      223, 188, 189, -1,
      223, 189, 190, -1,
      177, 236, 241, -1,
      241, 236, 239, -1,
      241, 239, 240, -1,
      240, 239, 238, -1,
      240, 238, 237, -1,
      200, 201, 210, -1,
      210, 201, 202, -1,
      210, 202, 209, -1,
      209, 202, 203, -1,
      209, 203, 208, -1,
      208, 203, 204, -1,
      208, 204, 207, -1,
      207, 204, 205, -1,
      207, 205, 206, -1,
      231, 232, 179, -1,
      179, 232, 233, -1,
      179, 233, 178, -1,
      178, 233, 234, -1,
      178, 234, 177, -1,
      177, 234, 235, -1,
      177, 235, 236, -1,
      211, 212, 199, -1,
      199, 212, 213, -1,
      199, 213, 198, -1,
      198, 213, 214, -1,
      198, 214, 197, -1,
      197, 214, 215, -1,
      197, 215, 196, -1,
      196, 215, 216, -1,
      196, 216, 195, -1,
      195, 216, 217, -1,
      195, 217, 194, -1,
      194, 217, 218, -1,
      194, 218, 193, -1,
      193, 218, 219, -1,
      193, 219, 192, -1,
      192, 219, 222, -1,
      192, 222, 191, -1,
      191, 222, 221, -1,
      191, 221, 220, -1,
      242, 243, 244, -1,
      244, 243, 245, -1,
      246, 247, 248, -1,
      249, 250, 245, -1,
      245, 250, 251, -1,
      252, 253, 254, -1,
      254, 253, 255, -1,
      248, 249, 246, -1,
      246, 249, 245, -1,
      246, 245, 256, -1,
      256, 245, 257, -1,
      256, 257, 258, -1,
      258, 257, 259, -1,
      258, 259, 260, -1,
      260, 259, 261, -1,
      260, 261, 255, -1,
      255, 261, 262, -1,
      255, 262, 254, -1,
      263, 264, 265, -1,
      265, 264, 266, -1,
      265, 266, 267, -1,
      267, 266, 268, -1,
      267, 268, 269, -1,
      269, 268, 270, -1,
      269, 270, 252, -1,
      252, 270, 271, -1,
      252, 271, 253, -1,
      251, 272, 245, -1,
      245, 272, 273, -1,
      245, 273, 244, -1,
      244, 273, 274, -1,
      244, 274, 275, -1,
      275, 274, 276, -1,
      275, 276, 277, -1,
      277, 276, 278, -1,
      277, 278, 279, -1,
      279, 278, 280, -1,
      279, 280, 281, -1,
      281, 280, 282, -1,
      281, 282, 283, -1,
      283, 282, 284, -1,
      283, 284, 285, -1,
      285, 284, 286, -1,
      285, 286, 287, -1,
      287, 286, 288, -1,
      287, 288, 289, -1,
      289, 288, 290, -1,
      289, 290, 291, -1,
      291, 290, 292, -1,
      246, 293, 247, -1,
      247, 293, 294, -1,
      247, 294, 295, -1,
      295, 294, 296, -1,
      295, 296, 297, -1,
      297, 296, 298, -1,
      297, 298, 299, -1,
      299, 298, 300, -1,
      299, 300, 301, -1,
      301, 300, 302, -1,
      301, 302, 303, -1,
      303, 302, 304, -1,
      303, 304, 305, -1,
      305, 304, 306, -1,
      305, 306, 307, -1,
      307, 306, 308, -1,
      307, 308, 292, -1,
      292, 308, 309, -1,
      292, 309, 291, -1,
      270, 71, 70, -1,
      270, 70, 271, -1,
      271, 70, 127, -1,
      271, 127, 253, -1,
      253, 127, 126, -1,
      253, 126, 255, -1,
      255, 126, 111, -1,
      255, 111, 260, -1,
      260, 111, 110, -1,
      260, 110, 258, -1,
      258, 110, 109, -1,
      258, 109, 256, -1,
      256, 109, 108, -1,
      256, 108, 246, -1,
      293, 246, 72, -1,
      72, 246, 108, -1,
      293, 72, 84, -1,
      293, 84, 294, -1,
      294, 84, 82, -1,
      294, 82, 296, -1,
      296, 82, 81, -1,
      296, 81, 298, -1,
      298, 81, 104, -1,
      298, 104, 300, -1,
      300, 104, 99, -1,
      300, 99, 302, -1,
      302, 99, 100, -1,
      302, 100, 304, -1,
      304, 100, 101, -1,
      304, 101, 306, -1,
      306, 101, 92, -1,
      306, 92, 308, -1,
      308, 92, 91, -1,
      308, 91, 309, -1,
      309, 91, 90, -1,
      309, 90, 291, -1,
      149, 285, 87, -1,
      87, 285, 287, -1,
      87, 287, 88, -1,
      88, 287, 289, -1,
      88, 289, 89, -1,
      89, 289, 291, -1,
      89, 291, 90, -1,
      285, 149, 148, -1,
      285, 148, 283, -1,
      283, 148, 80, -1,
      283, 80, 281, -1,
      80, 78, 281, -1,
      281, 78, 77, -1,
      281, 77, 279, -1,
      279, 77, 98, -1,
      279, 98, 277, -1,
      277, 98, 97, -1,
      277, 97, 275, -1,
      244, 275, 96, -1,
      96, 275, 97, -1,
      242, 244, 79, -1,
      79, 244, 96, -1,
      243, 242, 76, -1,
      76, 242, 79, -1,
      245, 243, 74, -1,
      74, 243, 76, -1,
      245, 74, 106, -1,
      245, 106, 257, -1,
      257, 106, 121, -1,
      257, 121, 259, -1,
      259, 121, 122, -1,
      259, 122, 261, -1,
      261, 122, 113, -1,
      261, 113, 262, -1,
      262, 113, 112, -1,
      262, 112, 254, -1,
      254, 112, 117, -1,
      254, 117, 252, -1,
      252, 117, 116, -1,
      252, 116, 269, -1,
      269, 116, 115, -1,
      269, 115, 267, -1,
      267, 115, 102, -1,
      267, 102, 265, -1,
      265, 102, 103, -1,
      265, 103, 263, -1,
      264, 263, 83, -1,
      83, 263, 103, -1,
      264, 83, 85, -1,
      264, 85, 266, -1,
      266, 85, 86, -1,
      266, 86, 268, -1,
      268, 86, 71, -1,
      268, 71, 270, -1,
      276, 310, 311, -1,
      276, 311, 278, -1,
      278, 311, 312, -1,
      278, 312, 280, -1,
      280, 312, 313, -1,
      280, 313, 282, -1,
      282, 313, 314, -1,
      282, 314, 284, -1,
      251, 315, 316, -1,
      251, 316, 272, -1,
      272, 316, 317, -1,
      272, 317, 273, -1,
      273, 317, 318, -1,
      273, 318, 274, -1,
      274, 318, 310, -1,
      274, 310, 276, -1,
      251, 250, 315, -1,
      315, 250, 319, -1,
      250, 249, 319, -1,
      319, 249, 320, -1,
      295, 321, 322, -1,
      295, 322, 247, -1,
      247, 322, 323, -1,
      247, 323, 248, -1,
      248, 323, 320, -1,
      248, 320, 249, -1,
      303, 324, 325, -1,
      303, 325, 301, -1,
      301, 325, 326, -1,
      301, 326, 299, -1,
      299, 326, 327, -1,
      299, 327, 297, -1,
      297, 327, 321, -1,
      297, 321, 295, -1,
      290, 328, 329, -1,
      290, 329, 292, -1,
      292, 329, 330, -1,
      292, 330, 307, -1,
      307, 330, 331, -1,
      307, 331, 305, -1,
      305, 331, 324, -1,
      305, 324, 303, -1,
      284, 314, 332, -1,
      284, 332, 286, -1,
      286, 332, 333, -1,
      286, 333, 288, -1,
      288, 333, 328, -1,
      288, 328, 290, -1,
    ]
  }
}

Shape {
  appearance Appearance {
    material Material {
      diffuseColor 0.2510 0.2510 0.2510
      specularColor 0.1255 0.1255 0.1255
      ambientIntensity 0.2
      transparency 0.0000
      shininess 0.5
    }
  }
  geometry IndexedFaceSet {
    ccw TRUE
    solid FALSE
    coord DEF co Coordinate {
      point [
        0.706740 -0.846490 0.228346,
        0.706201 -0.847017 0.228346,
        0.704986 -0.847836 0.228346,
        0.703682 -0.848310 0.228346,
        0.702073 -0.848490 0.228346,
        0.708582 -0.841489 0.228346,
        0.708578 -0.841774 0.228346,
        0.708301 -0.843693 0.228346,
        0.707671 -0.845226 0.228346,
        0.708582 -0.839138 0.228346,
        0.702845 -0.839910 0.228346,
        0.698687 -0.841419 0.228346,
        0.699285 -0.840965 0.228346,
        0.700330 -0.840482 0.228346,
        0.697546 -0.844524 0.228346,
        0.697583 -0.843842 0.228346,
        0.697795 -0.842858 0.228346,
        0.698172 -0.842056 0.228346,
        0.698792 -0.847384 0.228346,
        0.698427 -0.847017 0.228346,
        0.697938 -0.846292 0.228346,
        0.697656 -0.845511 0.228346,
        0.700621 -0.848326 0.228346,
        0.699649 -0.847969 0.228346,
      ]
    }
    coordIndex [
      9, 10, 5, -1,
      5, 10, 13, -1,
      13, 12, 5, -1,
      5, 12, 11, -1,
      5, 11, 6, -1,
      6, 11, 7, -1,
      7, 11, 17, -1,
      7, 17, 8, -1,
      19, 18, 1, -1,
      19, 1, 20, -1,
      2, 1, 3, -1,
      3, 1, 4, -1,
      17, 16, 8, -1,
      8, 16, 15, -1,
      8, 15, 0, -1,
      0, 15, 14, -1,
      0, 14, 1, -1,
      1, 14, 21, -1,
      1, 21, 20, -1,
      18, 23, 1, -1,
      1, 23, 22, -1,
      1, 22, 4, -1,
    ]
  }
}

Shape {
  appearance Appearance {
    material Material {
      diffuseColor 1.0000 1.0000 1.0000
      specularColor 0.5020 0.5020 0.5020
      ambientIntensity 0.2
      transparency 0.0000
      shininess 0.5
    }
  }
  geometry IndexedFaceSet {
    ccw TRUE
    solid FALSE
    coord DEF co Coordinate {
      point [
        0.626798 -0.789430 0.228346,
        0.633419 -0.795025 0.228346,
        0.599572 -0.762389 0.228346,
        0.605178 -0.766158 0.228346,
        0.613273 -0.775530 0.228346,
        0.618354 -0.785433 0.228346,
        0.619535 -0.785830 0.228346,
        0.559927 -0.754956 0.228346,
        0.571995 -0.753470 0.228346,
        0.582051 -0.754526 0.228346,
        0.594296 -0.758841 0.228346,
        0.548676 -0.759294 0.228346,
        0.543680 -0.762389 0.228346,
        0.542716 -0.762986 0.228346,
        0.516750 -0.774423 0.228346,
        0.526368 -0.773234 0.228346,
        0.536982 -0.767896 0.228346,
        0.529174 -0.773386 0.228346,
        0.531980 -0.773722 0.228346,
        0.498309 -0.784946 0.228346,
        0.499952 -0.783390 0.228346,
        0.507711 -0.777933 0.228346,
        0.487459 -0.807347 0.228346,
        0.488545 -0.801261 0.228346,
        0.490306 -0.797285 0.228346,
        0.492436 -0.792475 0.228346,
        0.504696 -0.845844 0.228346,
        0.497089 -0.839356 0.228346,
        0.491524 -0.831414 0.228346,
        0.513513 -0.850142 0.228346,
        0.516916 -0.851727 0.228346,
        0.516608 -0.851068 0.228346,
        0.488025 -0.822331 0.228346,
        0.486841 -0.812761 0.228346,
        0.486909 -0.810431 0.228346,
        0.527472 -0.864387 0.228346,
        0.522696 -0.860793 0.228346,
        0.519064 -0.856318 0.228346,
        0.549887 -0.865321 0.228346,
        0.545707 -0.866929 0.228346,
        0.539788 -0.867660 0.228346,
        0.538865 -0.867643 0.228346,
        0.533104 -0.866749 0.228346,
        0.529698 -0.865321 0.228346,
        0.562645 -0.851727 0.228346,
        0.562613 -0.851863 0.228346,
        0.559717 -0.857294 0.228346,
        0.556006 -0.861451 0.228346,
        0.551148 -0.864836 0.228346,
        0.641389 -0.809415 0.228346,
        0.642510 -0.817397 0.228346,
        0.593806 -0.837333 0.228346,
        0.595480 -0.836671 0.228346,
        0.598346 -0.822765 0.228346,
        0.633482 -0.840576 0.228346,
        0.626849 -0.846192 0.228346,
        0.558087 -0.826913 0.228346,
        0.590783 -0.809833 0.228346,
        0.553813 -0.823023 0.228346,
        0.548634 -0.820250 0.228346,
        0.592305 -0.838396 0.228346,
        0.638331 -0.833819 0.228346,
        0.627258 -0.815463 0.228346,
        0.626102 -0.810780 0.228346,
        0.624243 -0.807347 0.228346,
        0.502820 -0.807347 0.228346,
        0.641393 -0.826093 0.228346,
        0.597370 -0.836428 0.228346,
        0.597608 -0.836446 0.228346,
        0.598340 -0.836608 0.228346,
        0.504270 -0.822041 0.228346,
        0.507153 -0.826941 0.228346,
        0.519540 -0.829488 0.228346,
        0.511525 -0.831437 0.228346,
        0.516852 -0.834720 0.228346,
        0.528558 -0.821404 0.228346,
        0.523571 -0.824873 0.228346,
        0.502213 -0.812273 0.228346,
        0.502511 -0.816074 0.228346,
        0.533946 -0.819339 0.228346,
        0.539788 -0.818617 0.228346,
        0.542743 -0.818791 0.228346,
        0.589807 -0.843993 0.228346,
        0.589869 -0.843030 0.228346,
        0.564187 -0.840820 0.228346,
        0.590359 -0.841172 0.228346,
        0.591297 -0.839508 0.228346,
        0.622422 -0.830554 0.228346,
        0.625109 -0.826750 0.228346,
        0.626794 -0.822402 0.228346,
        0.627382 -0.817641 0.228346,
        0.595508 -0.851335 0.228346,
        0.593894 -0.850699 0.228346,
        0.592312 -0.849574 0.228346,
        0.591744 -0.848997 0.228346,
        0.590681 -0.847464 0.228346,
        0.590038 -0.845810 0.228346,
        0.564051 -0.845842 0.228346,
        0.564187 -0.843260 0.228346,
        0.619405 -0.849837 0.228346,
        0.611278 -0.851556 0.228346,
        0.596883 -0.851556 0.228346,
        0.598835 -0.836672 0.228346,
        0.609814 -0.836672 0.228346,
        0.614224 -0.835824 0.228346,
        0.618525 -0.833822 0.228346,
        0.622128 -0.830870 0.228346,
        0.606398 -0.798609 0.228346,
        0.505037 -0.800913 0.228346,
        0.502943 -0.806354 0.228346,
        0.608350 -0.798609 0.228346,
        0.623825 -0.806576 0.228346,
        0.621043 -0.803473 0.228346,
        0.617261 -0.800828 0.228346,
        0.613003 -0.799185 0.228346,
        0.601115 -0.783913 0.228346,
        0.595602 -0.777346 0.228346,
        0.539544 -0.791533 0.228346,
        0.595031 -0.776826 0.228346,
        0.588177 -0.772065 0.228346,
        0.543276 -0.783807 0.228346,
        0.507564 -0.797285 0.228346,
        0.537852 -0.790606 0.228346,
        0.606106 -0.797285 0.228346,
        0.604890 -0.791770 0.228346,
        0.532383 -0.788594 0.228346,
        0.526612 -0.787874 0.228346,
        0.524030 -0.788010 0.228346,
        0.548751 -0.777271 0.228346,
        0.580527 -0.769130 0.228346,
        0.555277 -0.772502 0.228346,
        0.572239 -0.768110 0.228346,
        0.563246 -0.769270 0.228346,
        0.518010 -0.789448 0.228346,
        0.512578 -0.792344 0.228346,
        0.508422 -0.796055 0.228346,
        0.635043 -0.797285 0.228346,
        0.638402 -0.801964 0.228346,
        0.640560 -0.807347 0.228346,
        0.519064 -0.856318 0.232283,
        0.522696 -0.860793 0.232283,
        0.516852 -0.834720 0.232283,
        0.564187 -0.840820 0.232283,
        0.598346 -0.822765 0.232283,
        0.548993 -0.842365 0.232283,
        0.548435 -0.840103 0.232283,
        0.512578 -0.792344 0.232283,
        0.518010 -0.789448 0.232283,
        0.516750 -0.774423 0.232283,
        0.558087 -0.826913 0.232283,
        0.539544 -0.833989 0.232283,
        0.541575 -0.834209 0.232283,
        0.531980 -0.773722 0.232283,
        0.539544 -0.791533 0.232283,
        0.543276 -0.783807 0.232283,
        0.543841 -0.835020 0.232283,
        0.545804 -0.836345 0.232283,
        0.547376 -0.838100 0.232283,
        0.511525 -0.831437 0.232283,
        0.513513 -0.850142 0.232283,
        0.516608 -0.851068 0.232283,
        0.526368 -0.773234 0.232283,
        0.590783 -0.809833 0.232283,
        0.564187 -0.843260 0.232283,
        0.548996 -0.844598 0.232283,
        0.564051 -0.845842 0.232283,
        0.537157 -0.834294 0.232283,
        0.533946 -0.819339 0.232283,
        0.535027 -0.835136 0.232283,
        0.528558 -0.821404 0.232283,
        0.533119 -0.836492 0.232283,
        0.523571 -0.824873 0.232283,
        0.532154 -0.837512 0.232283,
        0.519540 -0.829488 0.232283,
        0.530893 -0.839530 0.232283,
        0.530174 -0.841827 0.232283,
        0.530053 -0.844205 0.232283,
        0.548634 -0.820250 0.232283,
        0.542743 -0.818791 0.232283,
        0.539788 -0.818617 0.232283,
        0.606398 -0.798609 0.232283,
        0.608350 -0.798609 0.232283,
        0.618354 -0.785433 0.232283,
        0.613003 -0.799185 0.232283,
        0.619535 -0.785830 0.232283,
        0.617261 -0.800828 0.232283,
        0.626798 -0.789430 0.232283,
        0.633419 -0.795025 0.232283,
        0.536982 -0.767896 0.232283,
        0.548751 -0.777271 0.232283,
        0.542716 -0.762986 0.232283,
        0.555277 -0.772502 0.232283,
        0.548676 -0.759294 0.232283,
        0.524030 -0.788010 0.232283,
        0.526612 -0.787874 0.232283,
        0.529174 -0.773386 0.232283,
        0.532383 -0.788594 0.232283,
        0.537852 -0.790606 0.232283,
        0.633482 -0.840576 0.232283,
        0.622128 -0.830870 0.232283,
        0.626849 -0.846192 0.232283,
        0.618525 -0.833822 0.232283,
        0.619405 -0.849837 0.232283,
        0.614224 -0.835824 0.232283,
        0.611278 -0.851556 0.232283,
        0.609814 -0.836672 0.232283,
        0.596883 -0.851556 0.232283,
        0.598835 -0.836672 0.232283,
        0.595508 -0.851335 0.232283,
        0.553813 -0.823023 0.232283,
        0.621043 -0.803473 0.232283,
        0.623825 -0.806576 0.232283,
        0.638402 -0.801964 0.232283,
        0.626102 -0.810780 0.232283,
        0.641389 -0.809415 0.232283,
        0.627258 -0.815463 0.232283,
        0.642510 -0.817397 0.232283,
        0.627382 -0.817641 0.232283,
        0.641393 -0.826093 0.232283,
        0.626794 -0.822402 0.232283,
        0.638331 -0.833819 0.232283,
        0.625109 -0.826750 0.232283,
        0.622422 -0.830554 0.232283,
        0.605178 -0.766158 0.232283,
        0.595602 -0.777346 0.232283,
        0.613273 -0.775530 0.232283,
        0.601115 -0.783913 0.232283,
        0.604890 -0.791770 0.232283,
        0.502943 -0.806354 0.232283,
        0.486909 -0.810431 0.232283,
        0.502213 -0.812273 0.232283,
        0.486841 -0.812761 0.232283,
        0.502511 -0.816074 0.232283,
        0.488025 -0.822331 0.232283,
        0.504270 -0.822041 0.232283,
        0.491524 -0.831414 0.232283,
        0.507153 -0.826941 0.232283,
        0.497089 -0.839356 0.232283,
        0.504696 -0.845844 0.232283,
        0.530505 -0.846493 0.232283,
        0.531470 -0.848544 0.232283,
        0.559927 -0.754956 0.232283,
        0.563246 -0.769270 0.232283,
        0.571995 -0.753470 0.232283,
        0.572239 -0.768110 0.232283,
        0.582051 -0.754526 0.232283,
        0.580527 -0.769130 0.232283,
        0.594296 -0.758841 0.232283,
        0.588177 -0.772065 0.232283,
        0.595031 -0.776826 0.232283,
        0.507711 -0.777933 0.232283,
        0.499952 -0.783390 0.232283,
        0.508422 -0.796055 0.232283,
        0.498309 -0.784946 0.232283,
        0.505037 -0.800913 0.232283,
        0.492436 -0.792475 0.232283,
        0.488545 -0.801261 0.232283,
        0.562613 -0.851863 0.232283,
        0.548414 -0.846940 0.232283,
        0.559717 -0.857294 0.232283,
        0.547279 -0.849035 0.232283,
        0.556006 -0.861451 0.232283,
        0.545954 -0.850532 0.232283,
        0.551148 -0.864836 0.232283,
        0.544101 -0.851861 0.232283,
        0.545707 -0.866929 0.232283,
        0.541988 -0.852705 0.232283,
        0.539788 -0.867660 0.232283,
        0.539544 -0.853020 0.232283,
        0.538865 -0.867643 0.232283,
        0.539128 -0.853011 0.232283,
        0.533104 -0.866749 0.232283,
        0.536937 -0.852654 0.232283,
        0.527472 -0.864387 0.232283,
        0.534732 -0.851707 0.232283,
        0.532864 -0.850275 0.232283,
        0.597608 -0.836446 0.232283,
        0.591744 -0.848997 0.232283,
        0.592312 -0.849574 0.232283,
        0.598340 -0.836608 0.232283,
        0.593894 -0.850699 0.232283,
        0.589807 -0.843993 0.232283,
        0.590038 -0.845810 0.232283,
        0.590681 -0.847464 0.232283,
        0.595480 -0.836671 0.232283,
        0.593806 -0.837333 0.232283,
        0.589869 -0.843030 0.232283,
        0.592305 -0.838396 0.232283,
        0.591297 -0.839508 0.232283,
        0.590359 -0.841172 0.232283,
        0.597370 -0.836428 0.232283,
        0.539544 -0.833989 0.228346,
        0.541575 -0.834209 0.228346,
        0.543841 -0.835020 0.228346,
        0.545804 -0.836345 0.228346,
        0.547376 -0.838100 0.228346,
        0.548435 -0.840103 0.228346,
        0.548993 -0.842365 0.228346,
        0.548996 -0.844598 0.228346,
        0.548414 -0.846940 0.228346,
        0.547279 -0.849035 0.228346,
        0.545954 -0.850532 0.228346,
        0.544101 -0.851861 0.228346,
        0.541988 -0.852705 0.228346,
        0.539544 -0.853020 0.228346,
        0.539128 -0.853011 0.228346,
        0.536937 -0.852654 0.228346,
        0.534732 -0.851707 0.228346,
        0.532864 -0.850275 0.228346,
        0.531470 -0.848544 0.228346,
        0.530505 -0.846493 0.228346,
        0.530053 -0.844205 0.228346,
        0.530174 -0.841827 0.228346,
        0.530893 -0.839530 0.228346,
        0.532154 -0.837512 0.228346,
        0.533119 -0.836492 0.228346,
        0.535027 -0.835136 0.228346,
        0.537157 -0.834294 0.228346,
      ]
    }
    coordIndex [
      139, 140, 141, -1,
      142, 143, 144, -1,
      144, 143, 145, -1,
      146, 147, 148, -1,
      149, 150, 151, -1,
      152, 153, 154, -1,
      151, 155, 149, -1,
      149, 155, 156, -1,
      149, 156, 157, -1,
      158, 159, 141, -1,
      141, 159, 160, -1,
      141, 160, 139, -1,
      148, 147, 161, -1,
      145, 143, 157, -1,
      157, 143, 162, -1,
      157, 162, 149, -1,
      142, 144, 163, -1,
      163, 144, 164, -1,
      163, 164, 165, -1,
      166, 167, 168, -1,
      168, 167, 169, -1,
      168, 169, 170, -1,
      170, 169, 171, -1,
      170, 171, 172, -1,
      172, 171, 173, -1,
      172, 173, 174, -1,
      174, 173, 141, -1,
      174, 141, 175, -1,
      175, 141, 176, -1,
      177, 178, 166, -1,
      166, 178, 179, -1,
      166, 179, 167, -1,
      180, 181, 182, -1,
      182, 181, 183, -1,
      182, 183, 184, -1,
      184, 183, 185, -1,
      184, 185, 186, -1,
      186, 185, 187, -1,
      152, 154, 188, -1,
      188, 154, 189, -1,
      188, 189, 190, -1,
      190, 189, 191, -1,
      190, 191, 192, -1,
      147, 193, 161, -1,
      161, 193, 194, -1,
      161, 194, 195, -1,
      195, 194, 196, -1,
      195, 196, 152, -1,
      152, 196, 197, -1,
      152, 197, 153, -1,
      198, 199, 200, -1,
      200, 199, 201, -1,
      200, 201, 202, -1,
      202, 201, 203, -1,
      202, 203, 204, -1,
      204, 203, 205, -1,
      204, 205, 206, -1,
      206, 205, 207, -1,
      206, 207, 208, -1,
      150, 149, 166, -1,
      166, 149, 209, -1,
      166, 209, 177, -1,
      185, 210, 187, -1,
      187, 210, 211, -1,
      187, 211, 212, -1,
      212, 211, 213, -1,
      212, 213, 214, -1,
      214, 213, 215, -1,
      214, 215, 216, -1,
      216, 215, 217, -1,
      216, 217, 218, -1,
      218, 217, 219, -1,
      218, 219, 220, -1,
      220, 219, 221, -1,
      220, 221, 198, -1,
      198, 221, 222, -1,
      198, 222, 199, -1,
      223, 224, 225, -1,
      225, 224, 226, -1,
      225, 226, 182, -1,
      182, 226, 227, -1,
      182, 227, 180, -1,
      228, 229, 230, -1,
      230, 229, 231, -1,
      230, 231, 232, -1,
      232, 231, 233, -1,
      232, 233, 234, -1,
      234, 233, 235, -1,
      234, 235, 236, -1,
      236, 235, 237, -1,
      236, 237, 158, -1,
      158, 237, 238, -1,
      158, 238, 159, -1,
      176, 141, 239, -1,
      239, 141, 140, -1,
      239, 140, 240, -1,
      192, 191, 241, -1,
      241, 191, 242, -1,
      241, 242, 243, -1,
      243, 242, 244, -1,
      243, 244, 245, -1,
      245, 244, 246, -1,
      245, 246, 247, -1,
      247, 246, 248, -1,
      247, 248, 223, -1,
      223, 248, 249, -1,
      223, 249, 224, -1,
      148, 250, 146, -1,
      146, 250, 251, -1,
      146, 251, 252, -1,
      252, 251, 253, -1,
      252, 253, 254, -1,
      254, 253, 255, -1,
      254, 255, 228, -1,
      228, 255, 256, -1,
      228, 256, 229, -1,
      165, 164, 257, -1,
      257, 164, 258, -1,
      257, 258, 259, -1,
      259, 258, 260, -1,
      259, 260, 261, -1,
      261, 260, 262, -1,
      261, 262, 263, -1,
      263, 262, 264, -1,
      263, 264, 265, -1,
      265, 264, 266, -1,
      265, 266, 267, -1,
      267, 266, 268, -1,
      267, 268, 269, -1,
      269, 268, 270, -1,
      269, 270, 271, -1,
      271, 270, 272, -1,
      271, 272, 273, -1,
      273, 272, 274, -1,
      273, 274, 140, -1,
      140, 274, 275, -1,
      140, 275, 240, -1,
      276, 277, 278, -1,
      207, 279, 208, -1,
      208, 279, 276, -1,
      208, 276, 280, -1,
      280, 276, 278, -1,
      281, 282, 276, -1,
      276, 282, 283, -1,
      276, 283, 277, -1,
      284, 285, 286, -1,
      285, 287, 286, -1,
      286, 287, 288, -1,
      286, 288, 289, -1,
      281, 276, 286, -1,
      286, 276, 290, -1,
      286, 290, 284, -1,
      136, 187, 137, -1,
      137, 187, 212, -1,
      137, 212, 138, -1,
      138, 212, 214, -1,
      138, 214, 49, -1,
      49, 214, 216, -1,
      49, 216, 50, -1,
      136, 1, 187, -1,
      187, 1, 0, -1,
      187, 0, 186, -1,
      186, 0, 6, -1,
      186, 6, 184, -1,
      184, 6, 5, -1,
      184, 5, 182, -1,
      182, 5, 4, -1,
      182, 4, 225, -1,
      225, 4, 3, -1,
      225, 3, 223, -1,
      223, 3, 247, -1,
      247, 3, 2, -1,
      2, 10, 247, -1,
      247, 10, 9, -1,
      247, 9, 245, -1,
      245, 9, 8, -1,
      245, 8, 243, -1,
      13, 190, 12, -1,
      12, 190, 192, -1,
      12, 192, 11, -1,
      11, 192, 241, -1,
      11, 241, 7, -1,
      7, 241, 243, -1,
      7, 243, 8, -1,
      190, 13, 16, -1,
      190, 16, 188, -1,
      188, 16, 18, -1,
      188, 18, 152, -1,
      152, 18, 17, -1,
      152, 17, 195, -1,
      195, 17, 15, -1,
      195, 15, 161, -1,
      161, 15, 14, -1,
      161, 14, 148, -1,
      148, 14, 21, -1,
      148, 21, 250, -1,
      250, 21, 20, -1,
      250, 20, 251, -1,
      251, 20, 19, -1,
      251, 19, 253, -1,
      256, 255, 25, -1,
      25, 255, 253, -1,
      25, 253, 19, -1,
      25, 24, 256, -1,
      256, 24, 23, -1,
      256, 23, 229, -1,
      229, 23, 22, -1,
      22, 34, 229, -1,
      229, 34, 33, -1,
      229, 33, 231, -1,
      231, 33, 32, -1,
      231, 32, 233, -1,
      233, 32, 28, -1,
      233, 28, 235, -1,
      235, 28, 27, -1,
      235, 27, 237, -1,
      237, 27, 26, -1,
      237, 26, 238, -1,
      238, 26, 29, -1,
      238, 29, 159, -1,
      159, 29, 31, -1,
      159, 31, 160, -1,
      160, 31, 30, -1,
      160, 30, 139, -1,
      30, 37, 139, -1,
      139, 37, 36, -1,
      139, 36, 140, -1,
      140, 36, 35, -1,
      140, 35, 273, -1,
      273, 35, 43, -1,
      273, 43, 271, -1,
      43, 42, 271, -1,
      271, 42, 41, -1,
      271, 41, 269, -1,
      269, 41, 40, -1,
      269, 40, 267, -1,
      98, 163, 165, -1,
      267, 40, 39, -1,
      267, 39, 265, -1,
      265, 39, 38, -1,
      265, 38, 263, -1,
      38, 48, 263, -1,
      263, 48, 47, -1,
      263, 47, 261, -1,
      261, 47, 46, -1,
      261, 46, 259, -1,
      259, 46, 45, -1,
      259, 45, 257, -1,
      257, 45, 44, -1,
      257, 44, 165, -1,
      165, 44, 97, -1,
      165, 97, 98, -1,
      142, 163, 84, -1,
      84, 163, 98, -1,
      143, 142, 53, -1,
      53, 142, 84, -1,
      162, 143, 57, -1,
      57, 143, 53, -1,
      149, 162, 56, -1,
      56, 162, 57, -1,
      149, 56, 58, -1,
      149, 58, 209, -1,
      209, 58, 59, -1,
      209, 59, 177, -1,
      177, 59, 81, -1,
      177, 81, 178, -1,
      178, 81, 80, -1,
      178, 80, 179, -1,
      179, 80, 79, -1,
      179, 79, 167, -1,
      167, 79, 75, -1,
      167, 75, 169, -1,
      169, 75, 76, -1,
      169, 76, 171, -1,
      171, 76, 72, -1,
      171, 72, 173, -1,
      173, 72, 74, -1,
      173, 74, 141, -1,
      141, 74, 73, -1,
      141, 73, 158, -1,
      158, 73, 71, -1,
      158, 71, 236, -1,
      236, 71, 70, -1,
      236, 70, 234, -1,
      234, 70, 78, -1,
      234, 78, 232, -1,
      232, 78, 77, -1,
      232, 77, 230, -1,
      77, 65, 230, -1,
      230, 65, 228, -1,
      65, 109, 228, -1,
      228, 109, 108, -1,
      228, 108, 254, -1,
      254, 108, 121, -1,
      254, 121, 252, -1,
      121, 135, 252, -1,
      252, 135, 134, -1,
      252, 134, 146, -1,
      146, 134, 133, -1,
      146, 133, 147, -1,
      147, 133, 127, -1,
      147, 127, 193, -1,
      193, 127, 126, -1,
      193, 126, 194, -1,
      194, 126, 125, -1,
      194, 125, 196, -1,
      196, 125, 122, -1,
      196, 122, 197, -1,
      197, 122, 117, -1,
      197, 117, 153, -1,
      153, 117, 120, -1,
      153, 120, 154, -1,
      154, 120, 128, -1,
      154, 128, 189, -1,
      189, 128, 130, -1,
      189, 130, 191, -1,
      191, 130, 132, -1,
      191, 132, 242, -1,
      242, 132, 131, -1,
      242, 131, 244, -1,
      107, 180, 123, -1,
      123, 180, 227, -1,
      123, 227, 124, -1,
      124, 227, 226, -1,
      124, 226, 115, -1,
      115, 226, 224, -1,
      115, 224, 116, -1,
      116, 224, 249, -1,
      116, 249, 118, -1,
      118, 249, 248, -1,
      118, 248, 119, -1,
      119, 248, 246, -1,
      119, 246, 129, -1,
      129, 246, 244, -1,
      129, 244, 131, -1,
      181, 180, 110, -1,
      110, 180, 107, -1,
      181, 110, 114, -1,
      181, 114, 183, -1,
      183, 114, 113, -1,
      183, 113, 185, -1,
      185, 113, 112, -1,
      185, 112, 210, -1,
      210, 112, 111, -1,
      210, 111, 211, -1,
      211, 111, 64, -1,
      211, 64, 213, -1,
      64, 63, 213, -1,
      213, 63, 62, -1,
      213, 62, 215, -1,
      215, 62, 90, -1,
      215, 90, 217, -1,
      217, 90, 89, -1,
      217, 89, 219, -1,
      219, 89, 88, -1,
      219, 88, 221, -1,
      221, 88, 87, -1,
      221, 87, 222, -1,
      222, 87, 106, -1,
      222, 106, 199, -1,
      199, 106, 105, -1,
      199, 105, 201, -1,
      201, 105, 104, -1,
      201, 104, 203, -1,
      203, 104, 103, -1,
      203, 103, 205, -1,
      207, 205, 102, -1,
      102, 205, 103, -1,
      207, 102, 69, -1,
      207, 69, 279, -1,
      279, 69, 68, -1,
      279, 68, 276, -1,
      276, 68, 67, -1,
      276, 67, 290, -1,
      290, 67, 52, -1,
      290, 52, 284, -1,
      284, 52, 51, -1,
      284, 51, 285, -1,
      285, 51, 60, -1,
      285, 60, 287, -1,
      287, 60, 86, -1,
      287, 86, 288, -1,
      288, 86, 85, -1,
      288, 85, 289, -1,
      289, 85, 83, -1,
      289, 83, 286, -1,
      286, 83, 82, -1,
      286, 82, 281, -1,
      281, 82, 96, -1,
      281, 96, 282, -1,
      282, 96, 95, -1,
      282, 95, 283, -1,
      283, 95, 94, -1,
      283, 94, 277, -1,
      277, 94, 93, -1,
      277, 93, 278, -1,
      278, 93, 92, -1,
      278, 92, 280, -1,
      280, 92, 91, -1,
      280, 91, 208, -1,
      208, 91, 101, -1,
      208, 101, 206, -1,
      204, 206, 100, -1,
      100, 206, 101, -1,
      204, 100, 99, -1,
      204, 99, 202, -1,
      202, 99, 55, -1,
      202, 55, 200, -1,
      200, 55, 54, -1,
      200, 54, 198, -1,
      198, 54, 61, -1,
      198, 61, 220, -1,
      220, 61, 66, -1,
      220, 66, 218, -1,
      218, 66, 50, -1,
      218, 50, 216, -1,
      150, 291, 292, -1,
      150, 292, 151, -1,
      151, 292, 293, -1,
      151, 293, 155, -1,
      155, 293, 294, -1,
      155, 294, 156, -1,
      156, 294, 295, -1,
      156, 295, 157, -1,
      157, 295, 296, -1,
      157, 296, 145, -1,
      145, 296, 297, -1,
      145, 297, 144, -1,
      144, 297, 298, -1,
      144, 298, 164, -1,
      164, 298, 299, -1,
      164, 299, 258, -1,
      258, 299, 300, -1,
      258, 300, 260, -1,
      260, 300, 301, -1,
      260, 301, 262, -1,
      262, 301, 302, -1,
      262, 302, 264, -1,
      264, 302, 303, -1,
      264, 303, 266, -1,
      266, 303, 304, -1,
      266, 304, 268, -1,
      268, 304, 305, -1,
      268, 305, 270, -1,
      270, 305, 306, -1,
      270, 306, 272, -1,
      272, 306, 307, -1,
      272, 307, 274, -1,
      274, 307, 308, -1,
      274, 308, 275, -1,
      275, 308, 309, -1,
      275, 309, 240, -1,
      240, 309, 310, -1,
      240, 310, 239, -1,
      239, 310, 311, -1,
      239, 311, 176, -1,
      176, 311, 312, -1,
      176, 312, 175, -1,
      175, 312, 313, -1,
      175, 313, 174, -1,
      174, 313, 314, -1,
      174, 314, 172, -1,
      172, 314, 315, -1,
      172, 315, 170, -1,
      170, 315, 316, -1,
      170, 316, 168, -1,
      168, 316, 317, -1,
      168, 317, 166, -1,
      166, 317, 291, -1,
      166, 291, 150, -1,
    ]
  }
}

Shape {
  appearance Appearance {
    material Material {
      diffuseColor 0.2510 0.2510 0.2510
      specularColor 0.1255 0.1255 0.1255
      ambientIntensity 0.2
      transparency 0.0000
      shininess 0.5
    }
  }
  geometry IndexedFaceSet {
    ccw TRUE
    solid FALSE
    coord DEF co Coordinate {
      point [
        0.539544 -0.833989 0.228346,
        0.541575 -0.834209 0.228346,
        0.543841 -0.835020 0.228346,
        0.545804 -0.836345 0.228346,
        0.547376 -0.838100 0.228346,
        0.548435 -0.840103 0.228346,
        0.548993 -0.842365 0.228346,
        0.548996 -0.844598 0.228346,
        0.548414 -0.846940 0.228346,
        0.547279 -0.849035 0.228346,
        0.545954 -0.850532 0.228346,
        0.544101 -0.851861 0.228346,
        0.541988 -0.852705 0.228346,
        0.539544 -0.853020 0.228346,
        0.539128 -0.853011 0.228346,
        0.536937 -0.852654 0.228346,
        0.534732 -0.851707 0.228346,
        0.532864 -0.850275 0.228346,
        0.531470 -0.848544 0.228346,
        0.530505 -0.846493 0.228346,
        0.530053 -0.844205 0.228346,
        0.530174 -0.841827 0.228346,
        0.530893 -0.839530 0.228346,
        0.532154 -0.837512 0.228346,
        0.533119 -0.836492 0.228346,
        0.535027 -0.835136 0.228346,
        0.537157 -0.834294 0.228346,
      ]
    }
    coordIndex [
      14, 24, 23, -1,
      12, 11, 1, -1,
      0, 26, 14, -1,
      14, 26, 25, -1,
      14, 25, 24, -1,
      19, 18, 23, -1,
      23, 18, 17, -1,
      0, 14, 1, -1,
      1, 14, 13, -1,
      1, 13, 12, -1,
      22, 21, 23, -1,
      23, 21, 20, -1,
      23, 20, 19, -1,
      17, 16, 23, -1,
      23, 16, 15, -1,
      23, 15, 14, -1,
      11, 10, 1, -1,
      1, 10, 9, -1,
      1, 9, 8, -1,
      8, 7, 1, -1,
      1, 7, 6, -1,
      1, 6, 5, -1,
      5, 4, 1, -1,
      1, 4, 3, -1,
      1, 3, 2, -1,
    ]
  }
}

Shape {
  appearance Appearance {
    material Material {
      diffuseColor 1.0000 1.0000 1.0000
      specularColor 0.5020 0.5020 0.5020
      ambientIntensity 0.2
      transparency 0.0000
      shininess 0.5
    }
  }
  geometry IndexedFaceSet {
    ccw TRUE
    solid FALSE
    coord DEF co Coordinate {
      point [
        0.774522 -0.785902 0.228346,
        0.772763 -0.789413 0.228346,
        0.763340 -0.763452 0.228346,
        0.767261 -0.765019 0.228346,
        0.763340 -0.796103 0.228346,
        0.766744 -0.794788 0.228346,
        0.770384 -0.792188 0.228346,
        0.770384 -0.767222 0.228346,
        0.771961 -0.768820 0.228346,
        0.773991 -0.771935 0.228346,
        0.775145 -0.775329 0.228346,
        0.775559 -0.779398 0.228346,
        0.775419 -0.781940 0.228346,
        0.757409 -0.762678 0.228346,
        0.763191 -0.763393 0.228346,
        0.762819 -0.796304 0.228346,
        0.757059 -0.796996 0.228346,
        0.747619 -0.796996 0.228346,
        0.747619 -0.762678 0.228346,
        0.769027 -0.787246 0.232283,
        0.767235 -0.789504 0.232283,
        0.770384 -0.792188 0.232283,
        0.766463 -0.790193 0.232283,
        0.766744 -0.794788 0.232283,
        0.764154 -0.791652 0.232283,
        0.762819 -0.796304 0.232283,
        0.761156 -0.792667 0.232283,
        0.757059 -0.796996 0.232283,
        0.757032 -0.793083 0.232283,
        0.747619 -0.796996 0.232283,
        0.752050 -0.793083 0.232283,
        0.747619 -0.762678 0.232283,
        0.752050 -0.766626 0.232283,
        0.757409 -0.762678 0.232283,
        0.757234 -0.766626 0.232283,
        0.763191 -0.763393 0.232283,
        0.761531 -0.767084 0.232283,
        0.767261 -0.765019 0.232283,
        0.764529 -0.768137 0.232283,
        0.770384 -0.767222 0.232283,
        0.767138 -0.769854 0.232283,
        0.771961 -0.768820 0.232283,
        0.768285 -0.771018 0.232283,
        0.773991 -0.771935 0.232283,
        0.769568 -0.772999 0.232283,
        0.775145 -0.775329 0.232283,
        0.770487 -0.775608 0.232283,
        0.775559 -0.779398 0.232283,
        0.770902 -0.779521 0.232283,
        0.775419 -0.781940 0.232283,
        0.770811 -0.781472 0.232283,
        0.774522 -0.785902 0.232283,
        0.770178 -0.784667 0.232283,
        0.772763 -0.789413 0.232283,
        0.767138 -0.769854 0.228346,
        0.768285 -0.771018 0.228346,
        0.769568 -0.772999 0.228346,
        0.770487 -0.775608 0.228346,
        0.770902 -0.779521 0.228346,
        0.757234 -0.766626 0.228346,
        0.761531 -0.767084 0.228346,
        0.764529 -0.768137 0.228346,
        0.752050 -0.766626 0.228346,
        0.752050 -0.793083 0.228346,
        0.757032 -0.793083 0.228346,
        0.767235 -0.789504 0.228346,
        0.766463 -0.790193 0.228346,
        0.764154 -0.791652 0.228346,
        0.761156 -0.792667 0.228346,
        0.770811 -0.781472 0.228346,
        0.770178 -0.784667 0.228346,
        0.769027 -0.787246 0.228346,
      ]
    }
    coordIndex [
      19, 20, 21, -1,
      21, 20, 22, -1,
      21, 22, 23, -1,
      23, 22, 24, -1,
      23, 24, 25, -1,
      25, 24, 26, -1,
      25, 26, 27, -1,
      27, 26, 28, -1,
      27, 28, 29, -1,
      29, 28, 30, -1,
      29, 30, 31, -1,
      31, 30, 32, -1,
      31, 32, 33, -1,
      33, 32, 34, -1,
      33, 34, 35, -1,
      35, 34, 36, -1,
      35, 36, 37, -1,
      37, 36, 38, -1,
      37, 38, 39, -1,
      39, 38, 40, -1,
      39, 40, 41, -1,
      41, 40, 42, -1,
      41, 42, 43, -1,
      43, 42, 44, -1,
      43, 44, 45, -1,
      45, 44, 46, -1,
      45, 46, 47, -1,
      47, 46, 48, -1,
      47, 48, 49, -1,
      49, 48, 50, -1,
      49, 50, 51, -1,
      51, 50, 52, -1,
      51, 52, 53, -1,
      53, 52, 19, -1,
      53, 19, 21, -1,
      21, 6, 1, -1,
      21, 1, 53, -1,
      53, 1, 0, -1,
      53, 0, 51, -1,
      51, 0, 12, -1,
      51, 12, 49, -1,
      49, 12, 11, -1,
      49, 11, 47, -1,
      47, 11, 10, -1,
      47, 10, 45, -1,
      45, 10, 9, -1,
      45, 9, 43, -1,
      43, 9, 8, -1,
      43, 8, 41, -1,
      41, 8, 7, -1,
      41, 7, 39, -1,
      13, 33, 35, -1,
      39, 7, 3, -1,
      39, 3, 37, -1,
      37, 3, 2, -1,
      37, 2, 35, -1,
      35, 2, 14, -1,
      35, 14, 13, -1,
      31, 33, 18, -1,
      18, 33, 13, -1,
      29, 31, 17, -1,
      17, 31, 18, -1,
      27, 29, 16, -1,
      16, 29, 17, -1,
      6, 21, 23, -1,
      27, 16, 15, -1,
      27, 15, 25, -1,
      25, 15, 4, -1,
      25, 4, 23, -1,
      23, 4, 5, -1,
      23, 5, 6, -1,
      40, 54, 55, -1,
      40, 55, 42, -1,
      42, 55, 56, -1,
      42, 56, 44, -1,
      44, 56, 57, -1,
      44, 57, 46, -1,
      46, 57, 58, -1,
      46, 58, 48, -1,
      34, 59, 60, -1,
      34, 60, 36, -1,
      36, 60, 61, -1,
      36, 61, 38, -1,
      38, 61, 54, -1,
      38, 54, 40, -1,
      34, 32, 59, -1,
      59, 32, 62, -1,
      32, 30, 62, -1,
      62, 30, 63, -1,
      30, 28, 63, -1,
      63, 28, 64, -1,
      20, 65, 66, -1,
      20, 66, 22, -1,
      22, 66, 67, -1,
      22, 67, 24, -1,
      24, 67, 68, -1,
      24, 68, 26, -1,
      26, 68, 64, -1,
      26, 64, 28, -1,
      48, 58, 69, -1,
      48, 69, 50, -1,
      50, 69, 70, -1,
      50, 70, 52, -1,
      52, 70, 71, -1,
      52, 71, 19, -1,
      19, 71, 65, -1,
      19, 65, 20, -1,
    ]
  }
}

Shape {
  appearance Appearance {
    material Material {
      diffuseColor 0.2510 0.2510 0.2510
      specularColor 0.1255 0.1255 0.1255
      ambientIntensity 0.2
      transparency 0.0000
      shininess 0.5
    }
  }
  geometry IndexedFaceSet {
    ccw TRUE
    solid FALSE
    coord DEF co Coordinate {
      point [
        0.767138 -0.769854 0.228346,
        0.768285 -0.771018 0.228346,
        0.769568 -0.772999 0.228346,
        0.770487 -0.775608 0.228346,
        0.770902 -0.779521 0.228346,
        0.757234 -0.766626 0.228346,
        0.761531 -0.767084 0.228346,
        0.764529 -0.768137 0.228346,
        0.752050 -0.766626 0.228346,
        0.752050 -0.793083 0.228346,
        0.757032 -0.793083 0.228346,
        0.767235 -0.789504 0.228346,
        0.766463 -0.790193 0.228346,
        0.764154 -0.791652 0.228346,
        0.761156 -0.792667 0.228346,
        0.770811 -0.781472 0.228346,
        0.770178 -0.784667 0.228346,
        0.769027 -0.787246 0.228346,
      ]
    }
    coordIndex [
      8, 9, 5, -1,
      5, 9, 10, -1,
      5, 10, 14, -1,
      14, 13, 5, -1,
      5, 13, 12, -1,
      5, 12, 11, -1,
      11, 17, 5, -1,
      5, 17, 16, -1,
      5, 16, 15, -1,
      15, 4, 5, -1,
      5, 4, 3, -1,
      5, 3, 2, -1,
      2, 1, 5, -1,
      5, 1, 0, -1,
      5, 0, 6, -1,
      6, 0, 7, -1,
    ]
  }
}

Shape {
  appearance Appearance {
    material Material {
      diffuseColor 1.0000 1.0000 1.0000
      specularColor 0.5020 0.5020 0.5020
      ambientIntensity 0.2
      transparency 0.0000
      shininess 0.5
    }
  }
  geometry IndexedFaceSet {
    ccw TRUE
    solid FALSE
    coord DEF co Coordinate {
      point [
        0.702765 -0.762690 0.228346,
        0.705270 -0.762389 0.228346,
        0.711160 -0.762389 0.228346,
        0.712531 -0.762517 0.228346,
        0.715811 -0.763502 0.228346,
        0.715811 -0.768134 0.228346,
        0.715811 -0.791329 0.228346,
        0.715811 -0.795574 0.228346,
        0.715225 -0.795866 0.228346,
        0.711541 -0.797074 0.228346,
        0.709339 -0.797285 0.228346,
        0.715095 -0.767759 0.228346,
        0.711573 -0.766515 0.228346,
        0.708806 -0.793546 0.228346,
        0.712648 -0.792777 0.228346,
        0.694768 -0.780543 0.228346,
        0.694766 -0.780223 0.228346,
        0.707722 -0.766099 0.228346,
        0.706547 -0.766141 0.228346,
        0.703539 -0.766687 0.228346,
        0.697809 -0.770548 0.228346,
        0.696239 -0.773021 0.228346,
        0.695181 -0.776132 0.228346,
        0.698831 -0.790700 0.228346,
        0.701080 -0.792280 0.228346,
        0.700825 -0.767904 0.228346,
        0.698371 -0.769906 0.228346,
        0.698134 -0.790013 0.228346,
        0.695307 -0.784756 0.228346,
        0.696387 -0.787552 0.228346,
        0.703530 -0.793219 0.228346,
        0.706950 -0.793627 0.228346,
        0.707679 -0.762099 0.228346,
        0.708113 -0.762102 0.228346,
        0.699171 -0.764072 0.228346,
        0.692787 -0.770065 0.228346,
        0.695073 -0.767152 0.228346,
        0.695848 -0.766408 0.228346,
        0.691075 -0.773820 0.228346,
        0.691652 -0.772556 0.228346,
        0.691652 -0.788277 0.228346,
        0.690774 -0.786000 0.228346,
        0.690116 -0.780486 0.228346,
        0.690215 -0.778210 0.228346,
        0.703265 -0.797285 0.228346,
        0.700393 -0.796669 0.228346,
        0.697171 -0.795113 0.228346,
        0.694520 -0.792890 0.228346,
        0.694196 -0.792535 0.228346,
        0.692160 -0.789596 0.228346,
        0.706310 -0.797574 0.228346,
        0.704086 -0.797461 0.228346,
        0.825334 -0.851437 0.228346,
        0.820439 -0.851437 0.228346,
        0.846423 -0.851437 0.228346,
        0.842923 -0.842051 0.228346,
        0.828633 -0.842051 0.228346,
        0.833510 -0.817120 0.228346,
        0.838247 -0.817120 0.228346,
        0.851318 -0.851437 0.228346,
        0.706950 -0.793627 0.232283,
        0.703530 -0.793219 0.232283,
        0.701080 -0.792280 0.232283,
        0.698831 -0.790700 0.232283,
        0.698134 -0.790013 0.232283,
        0.696387 -0.787552 0.232283,
        0.695307 -0.784756 0.232283,
        0.694768 -0.780543 0.232283,
        0.694766 -0.780223 0.232283,
        0.695181 -0.776132 0.232283,
        0.696239 -0.773021 0.232283,
        0.697809 -0.770548 0.232283,
        0.698371 -0.769906 0.232283,
        0.700825 -0.767904 0.232283,
        0.703539 -0.766687 0.232283,
        0.706547 -0.766141 0.232283,
        0.707722 -0.766099 0.232283,
        0.711573 -0.766515 0.232283,
        0.715095 -0.767759 0.232283,
        0.715811 -0.768134 0.232283,
        0.715811 -0.763502 0.232283,
        0.707679 -0.762099 0.232283,
        0.708113 -0.762102 0.232283,
        0.712531 -0.762517 0.232283,
        0.702765 -0.762690 0.232283,
        0.699171 -0.764072 0.232283,
        0.695848 -0.766408 0.232283,
        0.695073 -0.767152 0.232283,
        0.692787 -0.770065 0.232283,
        0.691075 -0.773820 0.232283,
        0.690215 -0.778210 0.232283,
        0.690116 -0.780486 0.232283,
        0.690774 -0.786000 0.232283,
        0.692160 -0.789596 0.232283,
        0.694196 -0.792535 0.232283,
        0.694520 -0.792890 0.232283,
        0.706310 -0.797574 0.232283,
        0.704086 -0.797461 0.232283,
        0.697171 -0.795113 0.232283,
        0.700393 -0.796669 0.232283,
        0.711541 -0.797074 0.232283,
        0.715225 -0.795866 0.232283,
        0.715811 -0.795574 0.232283,
        0.715811 -0.791329 0.232283,
        0.712648 -0.792777 0.232283,
        0.708806 -0.793546 0.232283,
        0.830036 -0.838173 0.232283,
        0.828633 -0.842051 0.232283,
        0.841554 -0.838173 0.232283,
        0.842923 -0.842051 0.232283,
        0.835168 -0.823909 0.232283,
        0.833510 -0.817120 0.232283,
        0.820439 -0.851437 0.232283,
        0.825334 -0.851437 0.232283,
        0.835465 -0.822885 0.232283,
        0.835730 -0.821506 0.232283,
        0.838247 -0.817120 0.232283,
        0.835835 -0.821506 0.232283,
        0.836112 -0.822957 0.232283,
        0.836370 -0.823909 0.232283,
        0.851318 -0.851437 0.232283,
        0.846423 -0.851437 0.232283,
        0.835168 -0.823909 0.228346,
        0.835465 -0.822885 0.228346,
        0.835730 -0.821506 0.228346,
        0.830036 -0.838173 0.228346,
        0.841554 -0.838173 0.228346,
        0.836370 -0.823909 0.228346,
        0.835835 -0.821506 0.228346,
        0.836112 -0.822957 0.228346,
      ]
    }
    coordIndex [
      60, 31, 30, -1,
      60, 30, 61, -1,
      61, 30, 24, -1,
      61, 24, 62, -1,
      62, 24, 23, -1,
      62, 23, 63, -1,
      63, 23, 27, -1,
      63, 27, 64, -1,
      64, 27, 29, -1,
      64, 29, 65, -1,
      65, 29, 28, -1,
      65, 28, 66, -1,
      66, 28, 15, -1,
      66, 15, 67, -1,
      67, 15, 16, -1,
      67, 16, 68, -1,
      68, 16, 22, -1,
      68, 22, 69, -1,
      69, 22, 21, -1,
      69, 21, 70, -1,
      70, 21, 20, -1,
      70, 20, 71, -1,
      71, 20, 26, -1,
      71, 26, 72, -1,
      72, 26, 25, -1,
      72, 25, 73, -1,
      73, 25, 19, -1,
      73, 19, 74, -1,
      74, 19, 18, -1,
      74, 18, 75, -1,
      75, 18, 17, -1,
      75, 17, 76, -1,
      76, 17, 12, -1,
      76, 12, 77, -1,
      77, 12, 11, -1,
      77, 11, 78, -1,
      78, 11, 5, -1,
      78, 5, 79, -1,
      80, 79, 4, -1,
      4, 79, 5, -1,
      32, 81, 82, -1,
      80, 4, 3, -1,
      80, 3, 83, -1,
      83, 3, 2, -1,
      83, 2, 82, -1,
      82, 2, 33, -1,
      82, 33, 32, -1,
      81, 32, 1, -1,
      81, 1, 84, -1,
      1, 0, 84, -1,
      84, 0, 34, -1,
      84, 34, 85, -1,
      85, 34, 37, -1,
      85, 37, 86, -1,
      86, 37, 36, -1,
      86, 36, 87, -1,
      87, 36, 35, -1,
      87, 35, 88, -1,
      88, 35, 39, -1,
      88, 39, 89, -1,
      39, 38, 89, -1,
      89, 38, 43, -1,
      89, 43, 90, -1,
      90, 43, 42, -1,
      90, 42, 91, -1,
      91, 42, 41, -1,
      91, 41, 92, -1,
      92, 41, 40, -1,
      92, 40, 93, -1,
      40, 49, 93, -1,
      93, 49, 48, -1,
      93, 48, 94, -1,
      94, 48, 47, -1,
      94, 47, 95, -1,
      50, 96, 97, -1,
      95, 47, 46, -1,
      95, 46, 98, -1,
      98, 46, 45, -1,
      98, 45, 99, -1,
      99, 45, 44, -1,
      99, 44, 97, -1,
      97, 44, 51, -1,
      97, 51, 50, -1,
      50, 10, 96, -1,
      96, 10, 100, -1,
      10, 9, 100, -1,
      100, 9, 8, -1,
      100, 8, 101, -1,
      101, 8, 7, -1,
      101, 7, 102, -1,
      103, 102, 6, -1,
      6, 102, 7, -1,
      103, 6, 14, -1,
      103, 14, 104, -1,
      104, 14, 13, -1,
      104, 13, 105, -1,
      105, 13, 31, -1,
      105, 31, 60, -1,
      78, 79, 80, -1,
      73, 74, 84, -1,
      65, 66, 92, -1,
      69, 70, 88, -1,
      84, 74, 81, -1,
      78, 80, 77, -1,
      92, 66, 91, -1,
      88, 70, 87, -1,
      74, 75, 81, -1,
      81, 75, 76, -1,
      81, 76, 82, -1,
      82, 76, 77, -1,
      82, 77, 83, -1,
      83, 77, 80, -1,
      92, 93, 65, -1,
      65, 93, 94, -1,
      65, 94, 64, -1,
      64, 94, 95, -1,
      64, 95, 63, -1,
      63, 95, 98, -1,
      63, 98, 62, -1,
      62, 98, 99, -1,
      62, 99, 61, -1,
      61, 99, 97, -1,
      61, 97, 60, -1,
      60, 97, 96, -1,
      60, 96, 105, -1,
      105, 96, 100, -1,
      105, 100, 104, -1,
      104, 100, 101, -1,
      104, 101, 103, -1,
      103, 101, 102, -1,
      84, 85, 73, -1,
      73, 85, 86, -1,
      73, 86, 72, -1,
      72, 86, 87, -1,
      72, 87, 71, -1,
      71, 87, 70, -1,
      66, 67, 91, -1,
      91, 67, 68, -1,
      91, 68, 90, -1,
      90, 68, 69, -1,
      90, 69, 89, -1,
      89, 69, 88, -1,
      106, 107, 108, -1,
      108, 107, 109, -1,
      110, 111, 106, -1,
      106, 111, 112, -1,
      106, 112, 107, -1,
      107, 112, 113, -1,
      110, 114, 111, -1,
      111, 114, 115, -1,
      111, 115, 116, -1,
      116, 115, 117, -1,
      116, 117, 118, -1,
      118, 119, 116, -1,
      116, 119, 108, -1,
      116, 108, 120, -1,
      120, 108, 109, -1,
      120, 109, 121, -1,
      111, 116, 57, -1,
      57, 116, 58, -1,
      112, 111, 53, -1,
      53, 111, 57, -1,
      113, 112, 52, -1,
      52, 112, 53, -1,
      107, 113, 56, -1,
      56, 113, 52, -1,
      109, 107, 55, -1,
      55, 107, 56, -1,
      121, 109, 54, -1,
      54, 109, 55, -1,
      120, 121, 59, -1,
      59, 121, 54, -1,
      116, 120, 58, -1,
      58, 120, 59, -1,
      110, 122, 123, -1,
      110, 123, 114, -1,
      114, 123, 124, -1,
      114, 124, 115, -1,
      110, 106, 122, -1,
      122, 106, 125, -1,
      106, 108, 125, -1,
      125, 108, 126, -1,
      108, 119, 126, -1,
      126, 119, 127, -1,
      117, 128, 129, -1,
      117, 129, 118, -1,
      118, 129, 127, -1,
      118, 127, 119, -1,
      117, 115, 128, -1,
      128, 115, 124, -1,
    ]
  }
}

Shape {
  appearance Appearance {
    material Material {
      diffuseColor 0.2510 0.2510 0.2510
      specularColor 0.1255 0.1255 0.1255
      ambientIntensity 0.2
      transparency 0.0000
      shininess 0.5
    }
  }
  geometry IndexedFaceSet {
    ccw TRUE
    solid FALSE
    coord DEF co Coordinate {
      point [
        0.835168 -0.823909 0.228346,
        0.835465 -0.822885 0.228346,
        0.835730 -0.821506 0.228346,
        0.830036 -0.838173 0.228346,
        0.841554 -0.838173 0.228346,
        0.836370 -0.823909 0.228346,
        0.835835 -0.821506 0.228346,
        0.836112 -0.822957 0.228346,
      ]
    }
    coordIndex [
      6, 2, 7, -1,
      7, 2, 1, -1,
      7, 1, 5, -1,
      5, 1, 0, -1,
      5, 0, 4, -1,
      4, 0, 3, -1,
    ]
  }
}

Shape {
  appearance Appearance {
    material Material {
      diffuseColor 1.0000 1.0000 1.0000
      specularColor 0.5020 0.5020 0.5020
      ambientIntensity 0.2
      transparency 0.0000
      shininess 0.5
    }
  }
  geometry IndexedFaceSet {
    ccw TRUE
    solid FALSE
    coord DEF co Coordinate {
      point [
        0.770085 -0.821067 0.228346,
        0.770085 -0.832050 0.228346,
        0.776511 -0.832050 0.228346,
        0.803447 -0.796996 0.228346,
        0.799947 -0.787609 0.228346,
        0.787354 -0.787609 0.228346,
        0.808342 -0.796996 0.228346,
        0.795271 -0.762678 0.228346,
        0.785657 -0.787609 0.228346,
        0.782358 -0.796996 0.228346,
        0.777463 -0.796996 0.228346,
        0.787354 -0.771027 0.228346,
        0.790534 -0.762678 0.228346,
        0.770085 -0.847525 0.228346,
        0.776511 -0.847525 0.228346,
        0.770085 -0.835980 0.228346,
        0.776511 -0.835980 0.228346,
        0.783332 -0.817120 0.228346,
        0.783332 -0.821067 0.228346,
        0.784113 -0.847525 0.228346,
        0.784113 -0.851437 0.228346,
        0.782358 -0.835980 0.228346,
        0.782358 -0.832050 0.228346,
        0.776511 -0.821067 0.228346,
        0.776511 -0.851437 0.228346,
        0.765656 -0.851437 0.228346,
        0.765656 -0.817120 0.228346,
        0.776511 -0.817120 0.228346,
        0.675045 -0.821067 0.228346,
        0.675045 -0.832050 0.228346,
        0.688292 -0.821067 0.228346,
        0.687318 -0.832050 0.228346,
        0.689072 -0.847525 0.228346,
        0.689072 -0.851437 0.228346,
        0.670615 -0.851437 0.228346,
        0.675045 -0.835980 0.228346,
        0.675045 -0.847525 0.228346,
        0.687318 -0.835980 0.228346,
        0.688292 -0.817120 0.228346,
        0.670615 -0.817120 0.228346,
        0.784113 -0.847525 0.232283,
        0.770085 -0.847525 0.232283,
        0.770085 -0.835980 0.232283,
        0.782358 -0.835980 0.232283,
        0.782358 -0.832050 0.232283,
        0.770085 -0.832050 0.232283,
        0.770085 -0.821067 0.232283,
        0.783332 -0.821067 0.232283,
        0.783332 -0.817120 0.232283,
        0.765656 -0.817120 0.232283,
        0.765656 -0.851437 0.232283,
        0.784113 -0.851437 0.232283,
        0.675045 -0.847525 0.232283,
        0.689072 -0.847525 0.232283,
        0.675045 -0.835980 0.232283,
        0.687318 -0.835980 0.232283,
        0.687318 -0.832050 0.232283,
        0.675045 -0.832050 0.232283,
        0.675045 -0.821067 0.232283,
        0.688292 -0.821067 0.232283,
        0.688292 -0.817120 0.232283,
        0.670615 -0.817120 0.232283,
        0.670615 -0.851437 0.232283,
        0.689072 -0.851437 0.232283,
        0.787060 -0.783731 0.232283,
        0.785657 -0.787609 0.232283,
        0.798578 -0.783731 0.232283,
        0.799947 -0.787609 0.232283,
        0.792192 -0.769468 0.232283,
        0.790534 -0.762678 0.232283,
        0.777463 -0.796996 0.232283,
        0.782358 -0.796996 0.232283,
        0.792489 -0.768444 0.232283,
        0.792754 -0.767064 0.232283,
        0.795271 -0.762678 0.232283,
        0.792859 -0.767064 0.232283,
        0.793136 -0.768516 0.232283,
        0.793394 -0.769468 0.232283,
        0.808342 -0.796996 0.232283,
        0.803447 -0.796996 0.232283,
        0.792192 -0.769468 0.228346,
        0.792489 -0.768444 0.228346,
        0.792754 -0.767064 0.228346,
        0.787060 -0.783731 0.228346,
        0.798578 -0.783731 0.228346,
        0.793394 -0.769468 0.228346,
        0.792859 -0.767064 0.228346,
        0.793136 -0.768516 0.228346,
      ]
    }
    coordIndex [
      40, 19, 41, -1,
      41, 19, 14, -1,
      41, 14, 13, -1,
      42, 41, 15, -1,
      15, 41, 13, -1,
      42, 15, 43, -1,
      43, 15, 16, -1,
      43, 16, 21, -1,
      44, 43, 22, -1,
      22, 43, 21, -1,
      1, 45, 2, -1,
      2, 45, 44, -1,
      2, 44, 22, -1,
      46, 45, 0, -1,
      0, 45, 1, -1,
      18, 47, 23, -1,
      23, 47, 46, -1,
      23, 46, 0, -1,
      48, 47, 17, -1,
      17, 47, 18, -1,
      26, 49, 27, -1,
      27, 49, 48, -1,
      27, 48, 17, -1,
      50, 49, 25, -1,
      25, 49, 26, -1,
      50, 25, 51, -1,
      51, 25, 24, -1,
      51, 24, 20, -1,
      40, 51, 19, -1,
      19, 51, 20, -1,
      50, 51, 40, -1,
      40, 41, 50, -1,
      50, 41, 42, -1,
      50, 42, 49, -1,
      47, 48, 46, -1,
      46, 48, 49, -1,
      46, 49, 45, -1,
      45, 49, 42, -1,
      45, 42, 44, -1,
      44, 42, 43, -1,
      52, 53, 36, -1,
      36, 53, 32, -1,
      54, 52, 35, -1,
      35, 52, 36, -1,
      55, 54, 37, -1,
      37, 54, 35, -1,
      56, 55, 31, -1,
      31, 55, 37, -1,
      57, 56, 29, -1,
      29, 56, 31, -1,
      58, 57, 28, -1,
      28, 57, 29, -1,
      59, 58, 30, -1,
      30, 58, 28, -1,
      60, 59, 38, -1,
      38, 59, 30, -1,
      61, 60, 39, -1,
      39, 60, 38, -1,
      62, 61, 34, -1,
      34, 61, 39, -1,
      63, 62, 33, -1,
      33, 62, 34, -1,
      53, 63, 32, -1,
      32, 63, 33, -1,
      62, 63, 53, -1,
      53, 52, 62, -1,
      62, 52, 54, -1,
      62, 54, 61, -1,
      59, 60, 58, -1,
      58, 60, 61, -1,
      58, 61, 57, -1,
      57, 61, 54, -1,
      57, 54, 56, -1,
      56, 54, 55, -1,
      64, 65, 66, -1,
      66, 65, 67, -1,
      68, 69, 64, -1,
      64, 69, 70, -1,
      64, 70, 65, -1,
      65, 70, 71, -1,
      68, 72, 69, -1,
      69, 72, 73, -1,
      69, 73, 74, -1,
      74, 73, 75, -1,
      74, 75, 76, -1,
      76, 77, 74, -1,
      74, 77, 66, -1,
      74, 66, 78, -1,
      78, 66, 67, -1,
      78, 67, 79, -1,
      69, 74, 12, -1,
      12, 74, 7, -1,
      10, 70, 11, -1,
      11, 70, 69, -1,
      11, 69, 12, -1,
      71, 70, 9, -1,
      9, 70, 10, -1,
      65, 71, 8, -1,
      8, 71, 9, -1,
      4, 67, 5, -1,
      5, 67, 65, -1,
      5, 65, 8, -1,
      79, 67, 3, -1,
      3, 67, 4, -1,
      78, 79, 6, -1,
      6, 79, 3, -1,
      74, 78, 7, -1,
      7, 78, 6, -1,
      68, 80, 81, -1,
      68, 81, 72, -1,
      72, 81, 82, -1,
      72, 82, 73, -1,
      68, 64, 80, -1,
      80, 64, 83, -1,
      64, 66, 83, -1,
      83, 66, 84, -1,
      66, 77, 84, -1,
      84, 77, 85, -1,
      75, 86, 87, -1,
      75, 87, 76, -1,
      76, 87, 85, -1,
      76, 85, 77, -1,
      75, 73, 86, -1,
      86, 73, 82, -1,
    ]
  }
}

Shape {
  appearance Appearance {
    material Material {
      diffuseColor 0.2510 0.2510 0.2510
      specularColor 0.1255 0.1255 0.1255
      ambientIntensity 0.2
      transparency 0.0000
      shininess 0.5
    }
  }
  geometry IndexedFaceSet {
    ccw TRUE
    solid FALSE
    coord DEF co Coordinate {
      point [
        0.792192 -0.769468 0.228346,
        0.792489 -0.768444 0.228346,
        0.792754 -0.767064 0.228346,
        0.787060 -0.783731 0.228346,
        0.798578 -0.783731 0.228346,
        0.793394 -0.769468 0.228346,
        0.792859 -0.767064 0.228346,
        0.793136 -0.768516 0.228346,
      ]
    }
    coordIndex [
      6, 2, 7, -1,
      7, 2, 1, -1,
      7, 1, 5, -1,
      5, 1, 0, -1,
      5, 0, 4, -1,
      4, 0, 3, -1,
    ]
  }
}

Shape {
  appearance Appearance {
    material Material {
      diffuseColor 1.0000 1.0000 1.0000
      specularColor 0.5020 0.5020 0.5020
      ambientIntensity 0.2
      transparency 0.0000
      shininess 0.5
    }
  }
  geometry IndexedFaceSet {
    ccw TRUE
    solid FALSE
    coord DEF co Coordinate {
      point [
        0.675045 -0.762678 0.228346,
        0.675045 -0.793083 0.228346,
        0.688713 -0.793083 0.228346,
        0.727109 -0.766626 0.228346,
        0.727109 -0.777609 0.228346,
        0.736378 -0.777609 0.228346,
        0.727109 -0.793083 0.228346,
        0.736378 -0.793083 0.228346,
        0.727109 -0.781539 0.228346,
        0.736378 -0.781539 0.228346,
        0.740356 -0.762678 0.228346,
        0.736378 -0.762678 0.228346,
        0.739382 -0.781539 0.228346,
        0.741137 -0.793083 0.228346,
        0.739382 -0.777609 0.228346,
        0.740356 -0.766626 0.228346,
        0.736378 -0.766626 0.228346,
        0.741137 -0.796996 0.228346,
        0.736378 -0.796996 0.228346,
        0.722680 -0.796996 0.228346,
        0.722680 -0.762678 0.228346,
        0.688713 -0.796996 0.228346,
        0.670615 -0.796996 0.228346,
        0.670615 -0.762678 0.228346,
        0.727109 -0.793083 0.232283,
        0.741137 -0.793083 0.232283,
        0.727109 -0.781539 0.232283,
        0.739382 -0.781539 0.232283,
        0.739382 -0.777609 0.232283,
        0.727109 -0.777609 0.232283,
        0.727109 -0.766626 0.232283,
        0.740356 -0.766626 0.232283,
        0.740356 -0.762678 0.232283,
        0.722680 -0.762678 0.232283,
        0.722680 -0.796996 0.232283,
        0.741137 -0.796996 0.232283,
        0.675045 -0.793083 0.232283,
        0.688713 -0.793083 0.232283,
        0.675045 -0.762678 0.232283,
        0.670615 -0.762678 0.232283,
        0.670615 -0.796996 0.232283,
        0.688713 -0.796996 0.232283,
      ]
    }
    coordIndex [
      6, 24, 7, -1,
      7, 24, 25, -1,
      7, 25, 13, -1,
      26, 24, 8, -1,
      8, 24, 6, -1,
      26, 8, 27, -1,
      27, 8, 9, -1,
      27, 9, 12, -1,
      28, 27, 14, -1,
      14, 27, 12, -1,
      4, 29, 5, -1,
      5, 29, 28, -1,
      5, 28, 14, -1,
      30, 29, 3, -1,
      3, 29, 4, -1,
      30, 3, 31, -1,
      31, 3, 16, -1,
      31, 16, 15, -1,
      32, 31, 10, -1,
      10, 31, 15, -1,
      20, 33, 11, -1,
      11, 33, 32, -1,
      11, 32, 10, -1,
      34, 33, 19, -1,
      19, 33, 20, -1,
      34, 19, 35, -1,
      35, 19, 18, -1,
      35, 18, 17, -1,
      25, 35, 13, -1,
      13, 35, 17, -1,
      34, 35, 25, -1,
      25, 24, 34, -1,
      34, 24, 26, -1,
      34, 26, 33, -1,
      31, 32, 30, -1,
      30, 32, 33, -1,
      30, 33, 29, -1,
      29, 33, 26, -1,
      29, 26, 28, -1,
      28, 26, 27, -1,
      36, 37, 1, -1,
      1, 37, 2, -1,
      38, 36, 0, -1,
      0, 36, 1, -1,
      39, 38, 23, -1,
      23, 38, 0, -1,
      40, 39, 22, -1,
      22, 39, 23, -1,
      41, 40, 21, -1,
      21, 40, 22, -1,
      37, 41, 2, -1,
      2, 41, 21, -1,
      38, 39, 36, -1,
      36, 39, 40, -1,
      36, 40, 37, -1,
      37, 40, 41, -1,
    ]
  }
}
