#VRML V2.0 utf8

Shape {
  appearance Appearance {
    material Material {
      diffuseColor 0.2510 0.2510 0.2510
      specularColor 0.1255 0.1255 0.1255
      ambientIntensity 0.2
      transparency 0.0000
      shininess 0.5
    }
  }
  geometry IndexedFaceSet {
    ccw TRUE
    solid FALSE
    coord DEF co Coordinate {
      point [
        -1.417323 2.913386 0.000000,
        -1.840551 3.031496 0.000000,
        -1.171260 3.031496 0.000000,
        1.594488 2.913386 0.000000,
        1.171260 3.031496 0.000000,
        1.840551 3.031496 0.000000,
        -2.175197 -0.246063 0.000000,
        -2.972441 -0.246063 0.000000,
        -2.972441 -0.157480 0.000000,
        2.913386 -0.255906 0.000000,
        2.598425 -0.255906 0.000000,
        2.509843 -0.246063 0.000000,
        -1.840551 -2.175197 0.000000,
        -2.175197 -2.175197 0.000000,
        -2.175197 -1.429529 0.000000,
        0.669020 -1.446536 0.000000,
        0.669020 -1.797026 0.000000,
        0.520183 -1.797026 0.000000,
        -1.594488 -2.598425 0.000000,
        -1.751969 -2.598425 0.000000,
        -0.925197 -2.598425 0.000000,
        -1.082677 -2.598425 0.000000,
        -1.171260 -2.175197 0.000000,
        -0.590551 -2.598425 0.000000,
        -0.748031 -2.598425 0.000000,
        -0.879000 -2.175197 0.000000,
        0.413386 -2.598425 0.000000,
        0.255906 -2.598425 0.000000,
        0.246063 -2.175197 0.000000,
        1.082677 -2.598425 0.000000,
        0.925197 -2.598425 0.000000,
        0.905512 -2.175197 0.000000,
        -2.972441 -3.031496 0.000000,
        -3.031496 -3.031496 0.000000,
        -3.031496 -2.972441 0.000000,
        -2.175197 -3.031496 0.000000,
        -2.972441 -2.972441 0.000000,
        -1.171260 -3.031496 0.000000,
        -1.840551 -3.031496 0.000000,
        -1.840551 -2.972441 0.000000,
        0.246063 -3.031496 0.000000,
        0.155289 -3.031496 0.000000,
        0.155289 -2.972441 0.000000,
        0.905512 -3.031496 0.000000,
        0.816929 -3.031496 0.000000,
        0.816929 -2.972441 0.000000,
        0.885827 0.885827 0.000000,
        0.816929 0.885827 0.000000,
        0.816929 1.171260 0.000000,
        0.503378 0.885827 0.000000,
        0.503378 1.171260 0.000000,
        -0.885827 0.649606 0.000000,
        -0.885827 0.501969 0.000000,
        -1.171260 0.501969 0.000000,
        -0.236220 -0.236220 0.000000,
        -0.132785 -0.236220 0.000000,
        -0.132785 -0.246063 0.000000,
        -0.236220 0.501969 0.000000,
        -0.413386 0.501969 0.000000,
        -0.413386 0.816929 0.000000,
        -0.236220 0.413386 0.000000,
        -0.132785 0.413386 0.000000,
        -0.132785 0.246063 0.000000,
        0.503378 0.246063 0.000000,
        0.503378 0.236220 0.000000,
        0.413386 0.236220 0.000000,
        -0.413386 -0.885827 0.000000,
        -0.132785 -0.905512 0.000000,
        -0.502479 -0.905512 0.000000,
        -0.132785 -0.413386 0.000000,
        -0.236220 -0.413386 0.000000,
        -1.171260 -0.905512 0.000000,
        -0.885827 -0.885827 0.000000,
        -0.879000 -0.905512 0.000000,
        -0.879000 -0.885827 0.000000,
        -0.502479 -0.885827 0.000000,
        -0.885827 -0.413386 0.000000,
        -1.171260 -0.246063 0.000000,
        -0.879000 -0.413386 0.000000,
        -0.879000 -0.246063 0.000000,
        -0.502479 -0.413386 0.000000,
        -0.502479 -0.246063 0.000000,
        -0.413386 -0.413386 0.000000,
        0.155289 0.885827 0.000000,
        -0.132785 0.885827 0.000000,
        -0.132785 1.171260 0.000000,
        -0.236220 0.885827 0.000000,
        0.236220 0.413386 0.000000,
        0.236220 0.501969 0.000000,
        0.246063 0.501969 0.000000,
        0.236220 0.816929 0.000000,
        0.246063 0.816929 0.000000,
        0.155289 0.246063 0.000000,
        0.155289 0.413386 0.000000,
        0.246063 0.246063 0.000000,
        -1.171260 0.246063 0.000000,
        -0.879000 0.246063 0.000000,
        -0.885827 0.236220 0.000000,
        -0.879000 0.236220 0.000000,
        -0.413386 0.413386 0.000000,
        -0.502479 0.246063 0.000000,
        -0.236220 0.236220 0.000000,
        -0.885827 -0.236220 0.000000,
        -0.879000 -0.236220 0.000000,
        -0.502479 -0.236220 0.000000,
        -0.413386 -0.236220 0.000000,
        0.155289 -0.246063 0.000000,
        0.155289 -0.236220 0.000000,
        0.246063 -0.246063 0.000000,
        0.236220 -0.236220 0.000000,
        0.246063 -0.157480 0.000000,
        0.236220 -0.157480 0.000000,
        0.236220 0.236220 0.000000,
        0.155289 0.236220 0.000000,
        -0.132785 0.236220 0.000000,
        -0.879000 0.656433 0.000000,
        -1.171260 0.816929 0.000000,
        -0.502479 0.885827 0.000000,
        -0.649606 0.885827 0.000000,
        -0.879000 1.171260 0.000000,
        -0.885827 0.413386 0.000000,
        -0.879000 0.413386 0.000000,
        -0.502479 0.413386 0.000000,
        -0.502479 0.236220 0.000000,
        -0.413386 0.236220 0.000000,
        -0.413386 -0.157480 0.000000,
        -0.236220 -0.157480 0.000000,
        -0.236220 -0.885827 0.000000,
        -0.132785 -0.885827 0.000000,
        0.155289 -0.905512 0.000000,
        0.155289 -0.885827 0.000000,
        0.246063 -0.905512 0.000000,
        0.236220 -0.885827 0.000000,
        0.236220 -0.413386 0.000000,
        0.155289 -0.413386 0.000000,
        0.885827 -0.413386 0.000000,
        0.905512 -0.246063 0.000000,
        0.905512 -0.905512 0.000000,
        0.816929 -0.246063 0.000000,
        0.816929 -0.413386 0.000000,
        0.503378 -0.246063 0.000000,
        0.503378 -0.413386 0.000000,
        0.413386 -0.413386 0.000000,
        0.413386 -0.885827 0.000000,
        0.503378 -0.905512 0.000000,
        0.503378 -0.885827 0.000000,
        0.816929 -0.905512 0.000000,
        0.816929 -0.885827 0.000000,
        0.885827 -0.885827 0.000000,
        0.413386 0.885827 0.000000,
        0.246063 1.171260 0.000000,
        0.236220 0.885827 0.000000,
        0.905512 0.501969 0.000000,
        0.885827 0.816929 0.000000,
        0.905512 0.816929 0.000000,
        0.905512 1.171260 0.000000,
        0.503378 0.413386 0.000000,
        0.816929 0.246063 0.000000,
        0.816929 0.413386 0.000000,
        0.905512 0.246063 0.000000,
        0.885827 0.413386 0.000000,
        0.885827 0.501969 0.000000,
        0.413386 0.501969 0.000000,
        0.413386 0.413386 0.000000,
        0.816929 0.236220 0.000000,
        0.885827 0.236220 0.000000,
        0.885827 -0.157480 0.000000,
        0.905512 -0.157480 0.000000,
        0.885827 -0.236220 0.000000,
        0.816929 -0.236220 0.000000,
        0.503378 -0.236220 0.000000,
        0.413386 -0.236220 0.000000,
        0.413386 -0.157480 0.000000,
        0.413386 0.816929 0.000000,
        0.155289 -2.175197 0.000000,
        0.155289 -1.429529 0.000000,
        0.193699 -1.819831 0.000000,
        0.193699 -1.776620 0.000000,
        0.246063 -1.796422 0.000000,
        0.242489 -1.796026 0.000000,
        0.246063 -1.490121 0.000000,
        0.200755 -1.780528 0.000000,
        0.238045 -1.491162 0.000000,
        0.193699 -1.510152 0.000000,
        0.193699 -1.457338 0.000000,
        0.239217 -1.444987 0.000000,
        0.246063 -1.429529 0.000000,
        0.246063 -1.444514 0.000000,
        0.285898 -1.484945 0.000000,
        0.431882 -1.616955 0.000000,
        0.324665 -1.489299 0.000000,
        0.354133 -1.499934 0.000000,
        0.433760 -1.647587 0.000000,
        0.429774 -1.690207 0.000000,
        0.419078 -1.724071 0.000000,
        0.402795 -1.751371 0.000000,
        0.384320 -1.770861 0.000000,
        0.360158 -1.787146 0.000000,
        0.381382 -1.518164 0.000000,
        0.405157 -1.544410 0.000000,
        0.421388 -1.574808 0.000000,
        0.331471 -1.797707 0.000000,
        0.294750 -1.801826 0.000000,
        0.420372 -1.806650 0.000000,
        0.449944 -1.775517 0.000000,
        0.503378 -2.175197 0.000000,
        0.470918 -1.738081 0.000000,
        0.465796 -1.550231 0.000000,
        0.442720 -1.513422 0.000000,
        0.503378 -1.429529 0.000000,
        0.407176 -1.479239 0.000000,
        0.302027 -1.845038 0.000000,
        0.350544 -1.840007 0.000000,
        0.388704 -1.826872 0.000000,
        0.235665 -1.837063 0.000000,
        0.246063 -1.838519 0.000000,
        0.291262 -1.844853 0.000000,
        0.369781 -1.457713 0.000000,
        0.325891 -1.444963 0.000000,
        0.286348 -1.441734 0.000000,
        0.482767 -1.696408 0.000000,
        0.486574 -1.650813 0.000000,
        0.480910 -1.594841 0.000000,
        2.509843 -3.031496 0.000000,
        2.509843 -2.972441 0.000000,
        3.031496 -3.031496 0.000000,
        3.031496 -2.972441 0.000000,
        0.905512 -2.972441 0.000000,
        1.171260 -3.031496 0.000000,
        1.171260 -2.972441 0.000000,
        1.840551 -3.031496 0.000000,
        1.840551 -2.972441 0.000000,
        2.175197 -3.031496 0.000000,
        2.175197 -2.972441 0.000000,
        0.503378 -2.972441 0.000000,
        -0.132785 -2.972441 0.000000,
        -0.132785 -3.031496 0.000000,
        -0.502479 -2.972441 0.000000,
        -0.502479 -3.031496 0.000000,
        -0.879000 -2.972441 0.000000,
        -0.879000 -3.031496 0.000000,
        -1.171260 -2.972441 0.000000,
        -2.175197 -2.972441 0.000000,
        2.598425 -2.598425 0.000000,
        2.598425 -2.913386 0.000000,
        2.913386 -2.598425 0.000000,
        3.031496 -2.175197 0.000000,
        2.913386 -2.913386 0.000000,
        2.263780 -2.913386 0.000000,
        2.421260 -2.913386 0.000000,
        2.421260 -2.598425 0.000000,
        2.509843 -2.175197 0.000000,
        2.598425 -2.421260 0.000000,
        2.913386 -2.421260 0.000000,
        2.913386 -2.263780 0.000000,
        2.598425 -2.263780 0.000000,
        2.086614 -2.598425 0.000000,
        2.175197 -2.175197 0.000000,
        2.263780 -2.598425 0.000000,
        1.840551 -2.175197 0.000000,
        1.929134 -2.598425 0.000000,
        1.929134 -2.913386 0.000000,
        2.086614 -2.913386 0.000000,
        1.417323 -2.913386 0.000000,
        1.594488 -2.598425 0.000000,
        1.594488 -2.913386 0.000000,
        1.259843 -2.913386 0.000000,
        1.751969 -2.913386 0.000000,
        1.751969 -2.598425 0.000000,
        1.417323 -2.598425 0.000000,
        1.171260 -2.175197 0.000000,
        1.259843 -2.598425 0.000000,
        0.925197 -2.913386 0.000000,
        1.082677 -2.913386 0.000000,
        0.748031 -2.913386 0.000000,
        0.748031 -2.598425 0.000000,
        0.590551 -2.913386 0.000000,
        0.590551 -2.598425 0.000000,
        0.816929 -2.175197 0.000000,
        0.503378 -3.031496 0.000000,
        0.246063 -2.972441 0.000000,
        0.255906 -2.913386 0.000000,
        0.413386 -2.913386 0.000000,
        -0.078740 -2.913386 0.000000,
        0.078740 -2.913386 0.000000,
        0.078740 -2.598425 0.000000,
        -0.078740 -2.598425 0.000000,
        -0.132785 -2.175197 0.000000,
        -0.255906 -2.913386 0.000000,
        -0.255906 -2.598425 0.000000,
        -0.413386 -2.913386 0.000000,
        -0.413386 -2.598425 0.000000,
        -0.502479 -2.175197 0.000000,
        -0.748031 -2.913386 0.000000,
        -1.082677 -2.913386 0.000000,
        -1.751969 -2.913386 0.000000,
        -1.594488 -2.913386 0.000000,
        -1.417323 -2.913386 0.000000,
        -1.259843 -2.913386 0.000000,
        -1.259843 -2.598425 0.000000,
        -1.417323 -2.598425 0.000000,
        -2.086614 -2.598425 0.000000,
        -2.086614 -2.913386 0.000000,
        -1.929134 -2.913386 0.000000,
        -1.929134 -2.598425 0.000000,
        -2.913386 -2.598425 0.000000,
        -2.913386 -2.913386 0.000000,
        -2.598425 -2.913386 0.000000,
        -2.263780 -2.598425 0.000000,
        -2.421260 -2.598425 0.000000,
        -2.598425 -2.598425 0.000000,
        -2.421260 -2.913386 0.000000,
        -2.263780 -2.913386 0.000000,
        -2.972441 -2.175197 0.000000,
        -2.913386 -2.263780 0.000000,
        -2.913386 -2.421260 0.000000,
        -2.598425 -2.421260 0.000000,
        -2.598425 -2.263780 0.000000,
        2.598425 -1.929134 0.000000,
        2.598425 -2.086614 0.000000,
        2.913386 -1.929134 0.000000,
        3.031496 -1.429529 0.000000,
        2.913386 -2.086614 0.000000,
        2.509843 -1.429529 0.000000,
        2.598425 -1.594488 0.000000,
        2.598425 -1.751969 0.000000,
        2.913386 -1.594488 0.000000,
        2.913386 -1.751969 0.000000,
        0.816929 -1.429529 0.000000,
        0.905512 -1.429529 0.000000,
        0.721834 -1.840237 0.000000,
        0.721834 -1.446536 0.000000,
        0.520183 -1.840237 0.000000,
        -0.094375 -1.797026 0.000000,
        -0.094375 -1.840237 0.000000,
        0.116879 -1.840237 0.000000,
        0.116879 -1.446536 0.000000,
        -0.132785 -1.429529 0.000000,
        -0.084772 -1.446536 0.000000,
        -0.084772 -1.489746 0.000000,
        0.064066 -1.489746 0.000000,
        0.064066 -1.619380 0.000000,
        0.064066 -1.662591 0.000000,
        0.064066 -1.797026 0.000000,
        -0.075170 -1.662591 0.000000,
        -0.075170 -1.619380 0.000000,
        -0.488076 -1.638435 0.000000,
        -0.482551 -1.691124 0.000000,
        -0.171194 -1.840237 0.000000,
        -0.468416 -1.732332 0.000000,
        -0.445839 -1.767546 0.000000,
        -0.413433 -1.798574 0.000000,
        -0.171194 -1.446536 0.000000,
        -0.282298 -1.446536 0.000000,
        -0.502479 -1.429529 0.000000,
        -0.339177 -1.452616 0.000000,
        -0.385241 -1.468791 0.000000,
        -0.428091 -1.497508 0.000000,
        -0.428503 -1.497870 0.000000,
        -0.456344 -1.528741 0.000000,
        -0.474640 -1.562600 0.000000,
        -0.485215 -1.601389 0.000000,
        -0.372326 -1.822463 0.000000,
        -0.326961 -1.835984 0.000000,
        -0.278247 -1.840237 0.000000,
        -0.872174 -1.840237 0.000000,
        -0.814559 -1.840237 0.000000,
        -0.574498 -1.840237 0.000000,
        -0.516883 -1.840237 0.000000,
        -0.665721 -1.446536 0.000000,
        -0.718535 -1.446536 0.000000,
        -0.879000 -1.429529 0.000000,
        -0.774724 -1.729808 0.000000,
        -0.612082 -1.729808 0.000000,
        -0.590551 -2.913386 0.000000,
        -2.972441 -1.429529 0.000000,
        -2.913386 -1.929134 0.000000,
        -2.913386 -2.086614 0.000000,
        -2.598425 -2.086614 0.000000,
        -2.598425 -1.594488 0.000000,
        -2.913386 -1.594488 0.000000,
        -2.913386 -1.751969 0.000000,
        -2.598425 -1.929134 0.000000,
        -2.598425 -1.751969 0.000000,
        2.598425 -1.417323 0.000000,
        2.913386 -1.417323 0.000000,
        2.598425 -1.259843 0.000000,
        2.509843 -1.171260 0.000000,
        2.913386 -1.259843 0.000000,
        3.031496 -1.171260 0.000000,
        0.905512 -1.171260 0.000000,
        0.816929 -1.171260 0.000000,
        0.503378 -1.171260 0.000000,
        0.246063 -1.171260 0.000000,
        0.155289 -1.171260 0.000000,
        -0.132785 -1.171260 0.000000,
        -0.502479 -1.171260 0.000000,
        -0.879000 -1.171260 0.000000,
        -2.913386 -1.417323 0.000000,
        -2.913386 -1.259843 0.000000,
        -2.972441 -1.171260 0.000000,
        -2.598425 -1.259843 0.000000,
        -2.598425 -1.417323 0.000000,
        -1.840551 -1.429529 0.000000,
        -2.175197 -1.171260 0.000000,
        2.913386 -0.925197 0.000000,
        3.031496 -0.905512 0.000000,
        2.913386 -1.082677 0.000000,
        2.598425 -1.082677 0.000000,
        2.598425 -0.925197 0.000000,
        2.509843 -0.905512 0.000000,
        -2.913386 -1.082677 0.000000,
        -2.913386 -0.925197 0.000000,
        -2.972441 -0.905512 0.000000,
        -2.598425 -0.925197 0.000000,
        -2.598425 -1.082677 0.000000,
        -0.925197 -2.913386 0.000000,
        -1.171260 -1.429529 0.000000,
        -1.840551 -1.171260 0.000000,
        -2.175197 -0.905512 0.000000,
        2.913386 -0.590551 0.000000,
        2.598425 -0.590551 0.000000,
        2.598425 -0.413386 0.000000,
        2.913386 -0.413386 0.000000,
        3.031496 -0.246063 0.000000,
        2.913386 -0.748031 0.000000,
        2.598425 -0.748031 0.000000,
        -2.913386 -0.590551 0.000000,
        -2.913386 -0.748031 0.000000,
        -2.598425 -0.748031 0.000000,
        -1.171260 -1.171260 0.000000,
        -1.840551 -0.905512 0.000000,
        -2.598425 -0.590551 0.000000,
        -2.913386 -0.413386 0.000000,
        -2.598425 -0.413386 0.000000,
        -2.598425 -0.255906 0.000000,
        -2.913386 -0.255906 0.000000,
        2.509843 -0.157480 0.000000,
        3.031496 -0.157480 0.000000,
        2.509843 0.246063 0.000000,
        2.598425 0.078740 0.000000,
        2.598425 -0.078740 0.000000,
        2.913386 -0.078740 0.000000,
        3.031496 0.246063 0.000000,
        2.913386 0.078740 0.000000,
        -2.913386 -0.078740 0.000000,
        -2.913386 0.078740 0.000000,
        -2.972441 0.246063 0.000000,
        -2.598425 0.078740 0.000000,
        -1.840551 -0.246063 0.000000,
        -2.175197 -0.157480 0.000000,
        -2.598425 -0.078740 0.000000,
        -2.175197 0.246063 0.000000,
        -1.840551 -0.157480 0.000000,
        2.598425 0.255906 0.000000,
        2.913386 0.255906 0.000000,
        2.598425 0.413386 0.000000,
        2.509843 0.501969 0.000000,
        2.913386 0.413386 0.000000,
        3.031496 0.501969 0.000000,
        -2.913386 0.255906 0.000000,
        -2.913386 0.413386 0.000000,
        -2.972441 0.501969 0.000000,
        -2.598425 0.413386 0.000000,
        -2.598425 0.255906 0.000000,
        -2.175197 0.501969 0.000000,
        -1.840551 0.246063 0.000000,
        -1.171260 -0.157480 0.000000,
        -0.885827 -0.157480 0.000000,
        2.913386 0.748031 0.000000,
        3.031496 0.816929 0.000000,
        2.913386 0.590551 0.000000,
        2.598425 0.590551 0.000000,
        2.598425 0.748031 0.000000,
        2.509843 0.816929 0.000000,
        -2.913386 0.590551 0.000000,
        -2.913386 0.748031 0.000000,
        -2.972441 0.816929 0.000000,
        -2.598425 0.748031 0.000000,
        -2.598425 0.590551 0.000000,
        -2.175197 0.816929 0.000000,
        -1.840551 0.501969 0.000000,
        2.913386 1.082677 0.000000,
        3.031496 1.171260 0.000000,
        2.913386 0.925197 0.000000,
        2.598425 0.925197 0.000000,
        2.598425 1.082677 0.000000,
        2.509843 1.171260 0.000000,
        2.175197 1.505906 0.000000,
        2.175197 1.171260 0.000000,
        2.175197 0.816929 0.000000,
        2.175197 0.501969 0.000000,
        2.175197 0.246063 0.000000,
        2.175197 -0.157480 0.000000,
        2.175197 -0.246063 0.000000,
        2.175197 -0.905512 0.000000,
        2.175197 -1.171260 0.000000,
        2.175197 -1.429529 0.000000,
        -2.913386 0.925197 0.000000,
        -2.913386 1.082677 0.000000,
        -2.972441 1.171260 0.000000,
        -2.598425 1.082677 0.000000,
        -2.598425 0.925197 0.000000,
        -2.175197 1.171260 0.000000,
        -1.840551 0.816929 0.000000,
        2.598425 1.417323 0.000000,
        2.509843 1.505906 0.000000,
        2.913386 1.417323 0.000000,
        3.031496 1.505906 0.000000,
        2.913386 1.259843 0.000000,
        2.598425 1.259843 0.000000,
        1.840551 2.175197 0.000000,
        1.840551 1.505906 0.000000,
        1.840551 1.171260 0.000000,
        1.840551 0.816929 0.000000,
        1.840551 0.501969 0.000000,
        1.840551 0.246063 0.000000,
        1.840551 -0.157480 0.000000,
        1.840551 -0.246063 0.000000,
        1.840551 -0.905512 0.000000,
        1.840551 -1.171260 0.000000,
        1.840551 -1.429529 0.000000,
        -0.132785 1.505906 0.000000,
        0.155289 1.505906 0.000000,
        0.155289 1.171260 0.000000,
        -0.718504 0.816929 0.000000,
        -0.879000 0.816929 0.000000,
        -1.171260 1.171260 0.000000,
        -1.840551 1.171260 0.000000,
        -1.840551 1.505906 0.000000,
        -2.175197 1.505906 0.000000,
        -2.175197 2.175197 0.000000,
        -2.972441 1.505906 0.000000,
        -2.913386 1.417323 0.000000,
        -2.913386 1.259843 0.000000,
        -2.598425 1.259843 0.000000,
        -2.598425 1.417323 0.000000,
        2.598425 1.751969 0.000000,
        2.598425 1.594488 0.000000,
        2.913386 1.751969 0.000000,
        3.031496 2.175197 0.000000,
        2.913386 1.594488 0.000000,
        2.509843 2.175197 0.000000,
        2.598425 2.086614 0.000000,
        2.598425 1.929134 0.000000,
        2.913386 2.086614 0.000000,
        2.913386 1.929134 0.000000,
        2.175197 2.175197 0.000000,
        1.171260 2.509843 0.000000,
        1.171260 2.175197 0.000000,
        1.171260 1.505906 0.000000,
        1.171260 1.171260 0.000000,
        1.171260 0.816929 0.000000,
        1.171260 0.501969 0.000000,
        1.171260 0.246063 0.000000,
        1.171260 -0.157480 0.000000,
        1.171260 -0.246063 0.000000,
        1.171260 -0.905512 0.000000,
        1.171260 -1.171260 0.000000,
        1.171260 -1.429529 0.000000,
        0.155289 2.175197 0.000000,
        -0.132785 2.175197 0.000000,
        -0.502479 2.175197 0.000000,
        -2.972441 2.175197 0.000000,
        -2.913386 1.751969 0.000000,
        -2.913386 1.594488 0.000000,
        -2.598425 1.594488 0.000000,
        -2.598425 2.086614 0.000000,
        -2.913386 2.086614 0.000000,
        -2.913386 1.929134 0.000000,
        -2.598425 1.751969 0.000000,
        -2.598425 1.929134 0.000000,
        2.598425 2.421260 0.000000,
        2.598425 2.263780 0.000000,
        2.913386 2.263780 0.000000,
        3.031496 2.509843 0.000000,
        2.913386 2.421260 0.000000,
        2.509843 2.509843 0.000000,
        2.175197 2.509843 0.000000,
        1.840551 2.509843 0.000000,
        0.905512 1.505906 0.000000,
        0.905512 2.175197 0.000000,
        0.905512 2.509843 0.000000,
        0.503378 1.505906 0.000000,
        0.816929 1.505906 0.000000,
        0.503378 2.175197 0.000000,
        0.816929 2.175197 0.000000,
        0.503378 2.509843 0.000000,
        0.816929 2.509843 0.000000,
        0.246063 1.505906 0.000000,
        0.246063 2.175197 0.000000,
        0.246063 2.509843 0.000000,
        0.155289 2.509843 0.000000,
        -0.132785 2.509843 0.000000,
        -0.502479 2.509843 0.000000,
        -0.879000 2.509843 0.000000,
        -0.502479 1.505906 0.000000,
        -0.879000 2.175197 0.000000,
        -1.171260 2.509843 0.000000,
        -0.413386 0.885827 0.000000,
        -0.502479 1.171260 0.000000,
        -0.879000 1.505906 0.000000,
        -1.171260 1.505906 0.000000,
        -1.171260 2.175197 0.000000,
        -1.840551 2.175197 0.000000,
        -1.840551 2.509843 0.000000,
        -2.175197 2.509843 0.000000,
        -2.913386 2.263780 0.000000,
        -2.913386 2.421260 0.000000,
        -2.972441 2.509843 0.000000,
        -2.598425 2.421260 0.000000,
        -2.598425 2.263780 0.000000,
        2.913386 2.913386 0.000000,
        3.031496 3.031496 0.000000,
        2.913386 2.598425 0.000000,
        2.598425 2.598425 0.000000,
        2.598425 2.913386 0.000000,
        2.509843 3.031496 0.000000,
        2.421260 2.913386 0.000000,
        2.421260 2.598425 0.000000,
        2.263780 2.598425 0.000000,
        2.263780 2.913386 0.000000,
        2.175197 3.031496 0.000000,
        2.086614 2.913386 0.000000,
        2.086614 2.598425 0.000000,
        1.929134 2.598425 0.000000,
        1.929134 2.913386 0.000000,
        1.594488 2.598425 0.000000,
        1.751969 2.598425 0.000000,
        1.259843 2.598425 0.000000,
        1.417323 2.598425 0.000000,
        1.751969 2.913386 0.000000,
        1.259843 2.913386 0.000000,
        1.417323 2.913386 0.000000,
        1.082677 2.913386 0.000000,
        1.082677 2.598425 0.000000,
        0.925197 2.598425 0.000000,
        0.925197 2.913386 0.000000,
        0.905512 3.031496 0.000000,
        0.816929 3.031496 0.000000,
        0.748031 2.913386 0.000000,
        0.748031 2.598425 0.000000,
        0.590551 2.598425 0.000000,
        0.590551 2.913386 0.000000,
        0.503378 3.031496 0.000000,
        0.413386 2.913386 0.000000,
        0.413386 2.598425 0.000000,
        0.255906 2.598425 0.000000,
        0.255906 2.913386 0.000000,
        0.246063 3.031496 0.000000,
        0.155289 3.031496 0.000000,
        0.078740 2.913386 0.000000,
        0.078740 2.598425 0.000000,
        -0.078740 2.598425 0.000000,
        -0.078740 2.913386 0.000000,
        -0.132785 3.031496 0.000000,
        -0.255906 2.913386 0.000000,
        -0.255906 2.598425 0.000000,
        -0.413386 2.598425 0.000000,
        -0.413386 2.913386 0.000000,
        -0.502479 3.031496 0.000000,
        -0.590551 2.913386 0.000000,
        -0.590551 2.598425 0.000000,
        -0.748031 2.598425 0.000000,
        -0.748031 2.913386 0.000000,
        -0.879000 3.031496 0.000000,
        -0.925197 2.913386 0.000000,
        -0.925197 2.598425 0.000000,
        -1.082677 2.598425 0.000000,
        -1.082677 2.913386 0.000000,
        -1.417323 2.598425 0.000000,
        -1.259843 2.598425 0.000000,
        -1.751969 2.598425 0.000000,
        -1.594488 2.598425 0.000000,
        -1.259843 2.913386 0.000000,
        -1.751969 2.913386 0.000000,
        -1.594488 2.913386 0.000000,
        -0.236220 0.816929 0.000000,
        -2.086614 2.913386 0.000000,
        -2.175197 3.031496 0.000000,
        -1.929134 2.913386 0.000000,
        -1.929134 2.598425 0.000000,
        -2.086614 2.598425 0.000000,
        -2.421260 2.598425 0.000000,
        -2.263780 2.598425 0.000000,
        -2.263780 2.913386 0.000000,
        -2.598425 2.598425 0.000000,
        -2.421260 2.913386 0.000000,
        -2.598425 2.913386 0.000000,
        -2.972441 3.031496 0.000000,
        -2.913386 2.913386 0.000000,
        -2.913386 2.598425 0.000000,
        -3.031496 -2.175197 0.000000,
        -3.031496 -1.429529 0.000000,
        -3.031496 -1.171260 0.000000,
        -3.031496 -0.905512 0.000000,
        -3.031496 -0.246063 0.000000,
        -3.031496 -0.157480 0.000000,
        -3.031496 0.246063 0.000000,
        -3.031496 0.501969 0.000000,
        -3.031496 0.816929 0.000000,
        -3.031496 1.171260 0.000000,
        -3.031496 1.505906 0.000000,
        -3.031496 2.175197 0.000000,
        -3.031496 2.509843 0.000000,
        -3.031496 3.031496 0.000000,
      ]
    }
    coordIndex [
      0, 1, 2, -1,
      3, 4, 5, -1,
      6, 7, 8, -1,
      9, 10, 11, -1,
      12, 13, 14, -1,
      15, 16, 17, -1,
      18, 19, 12, -1,
      20, 21, 22, -1,
      23, 24, 25, -1,
      26, 27, 28, -1,
      29, 30, 31, -1,
      32, 33, 34, -1,
      35, 32, 36, -1,
      37, 38, 39, -1,
      40, 41, 42, -1,
      43, 44, 45, -1,
      46, 47, 48, -1,
      47, 49, 50, -1,
      51, 52, 53, -1,
      54, 55, 56, -1,
      57, 58, 59, -1,
      60, 61, 62, -1,
      63, 64, 65, -1,
      66, 67, 68, -1,
      56, 69, 70, -1,
      71, 72, 73, -1,
      73, 72, 74, -1,
      73, 74, 68, -1,
      68, 74, 75, -1,
      68, 75, 66, -1,
      76, 77, 78, -1,
      78, 77, 79, -1,
      78, 79, 80, -1,
      80, 79, 81, -1,
      80, 81, 82, -1,
      83, 84, 85, -1,
      85, 84, 86, -1,
      87, 88, 89, -1,
      89, 88, 90, -1,
      89, 90, 91, -1,
      62, 61, 92, -1,
      92, 61, 93, -1,
      92, 93, 94, -1,
      95, 96, 97, -1,
      97, 96, 98, -1,
      58, 57, 99, -1,
      99, 57, 60, -1,
      99, 60, 100, -1,
      100, 60, 62, -1,
      100, 62, 101, -1,
      77, 102, 79, -1,
      79, 102, 103, -1,
      79, 103, 81, -1,
      81, 103, 104, -1,
      81, 104, 105, -1,
      56, 55, 106, -1,
      106, 55, 107, -1,
      106, 107, 108, -1,
      108, 107, 109, -1,
      108, 109, 110, -1,
      110, 109, 111, -1,
      110, 111, 94, -1,
      94, 111, 112, -1,
      94, 112, 92, -1,
      92, 112, 113, -1,
      92, 113, 62, -1,
      62, 113, 114, -1,
      62, 114, 101, -1,
      115, 51, 116, -1,
      117, 118, 119, -1,
      95, 120, 96, -1,
      96, 120, 121, -1,
      96, 121, 100, -1,
      100, 121, 122, -1,
      100, 122, 99, -1,
      98, 96, 123, -1,
      123, 96, 100, -1,
      123, 100, 124, -1,
      124, 100, 101, -1,
      124, 101, 125, -1,
      125, 101, 126, -1,
      125, 126, 105, -1,
      105, 126, 54, -1,
      105, 54, 81, -1,
      81, 54, 56, -1,
      81, 56, 82, -1,
      82, 56, 70, -1,
      82, 70, 66, -1,
      66, 70, 127, -1,
      66, 127, 67, -1,
      67, 127, 128, -1,
      67, 128, 129, -1,
      129, 128, 130, -1,
      129, 130, 131, -1,
      131, 130, 132, -1,
      131, 132, 133, -1,
      69, 56, 134, -1,
      134, 56, 106, -1,
      134, 106, 133, -1,
      133, 106, 108, -1,
      133, 108, 131, -1,
      135, 136, 137, -1,
      136, 135, 138, -1,
      138, 135, 139, -1,
      138, 139, 140, -1,
      140, 139, 141, -1,
      140, 141, 108, -1,
      108, 141, 142, -1,
      108, 142, 131, -1,
      131, 142, 143, -1,
      131, 143, 144, -1,
      144, 143, 145, -1,
      144, 145, 146, -1,
      146, 145, 147, -1,
      146, 147, 137, -1,
      137, 147, 148, -1,
      137, 148, 135, -1,
      49, 149, 150, -1,
      150, 149, 91, -1,
      150, 91, 151, -1,
      151, 91, 90, -1,
      152, 153, 154, -1,
      154, 153, 46, -1,
      154, 46, 155, -1,
      63, 156, 157, -1,
      157, 156, 158, -1,
      157, 158, 159, -1,
      159, 158, 160, -1,
      159, 160, 152, -1,
      152, 160, 161, -1,
      152, 161, 153, -1,
      162, 163, 94, -1,
      64, 63, 164, -1,
      164, 63, 157, -1,
      164, 157, 165, -1,
      165, 157, 159, -1,
      165, 159, 166, -1,
      166, 159, 167, -1,
      166, 167, 168, -1,
      168, 167, 136, -1,
      168, 136, 169, -1,
      169, 136, 138, -1,
      169, 138, 170, -1,
      170, 138, 140, -1,
      170, 140, 171, -1,
      171, 140, 108, -1,
      171, 108, 172, -1,
      172, 108, 110, -1,
      172, 110, 65, -1,
      65, 110, 94, -1,
      65, 94, 63, -1,
      63, 94, 163, -1,
      63, 163, 156, -1,
      149, 173, 91, -1,
      91, 173, 162, -1,
      91, 162, 89, -1,
      89, 162, 94, -1,
      89, 94, 87, -1,
      87, 94, 93, -1,
      174, 175, 176, -1,
      176, 175, 177, -1,
      178, 179, 180, -1,
      180, 179, 181, -1,
      180, 181, 182, -1,
      182, 181, 177, -1,
      182, 177, 183, -1,
      183, 177, 175, -1,
      183, 175, 184, -1,
      184, 175, 185, -1,
      185, 175, 186, -1,
      185, 186, 187, -1,
      180, 188, 189, -1,
      189, 188, 190, -1,
      189, 190, 191, -1,
      189, 192, 180, -1,
      180, 192, 193, -1,
      180, 193, 194, -1,
      194, 195, 180, -1,
      180, 195, 196, -1,
      180, 196, 197, -1,
      191, 198, 189, -1,
      189, 198, 199, -1,
      189, 199, 200, -1,
      197, 201, 180, -1,
      180, 201, 202, -1,
      180, 202, 178, -1,
      203, 204, 205, -1,
      205, 204, 206, -1,
      207, 208, 209, -1,
      209, 208, 210, -1,
      211, 212, 205, -1,
      205, 212, 213, -1,
      205, 213, 203, -1,
      214, 215, 28, -1,
      28, 215, 216, -1,
      210, 217, 209, -1,
      209, 217, 218, -1,
      209, 218, 186, -1,
      186, 218, 219, -1,
      186, 219, 187, -1,
      206, 220, 205, -1,
      205, 220, 221, -1,
      205, 221, 209, -1,
      209, 221, 222, -1,
      209, 222, 207, -1,
      223, 224, 225, -1,
      225, 224, 226, -1,
      43, 227, 228, -1,
      228, 227, 229, -1,
      228, 229, 230, -1,
      230, 229, 231, -1,
      230, 231, 232, -1,
      232, 231, 233, -1,
      232, 233, 223, -1,
      45, 44, 234, -1,
      42, 41, 235, -1,
      235, 41, 236, -1,
      235, 236, 237, -1,
      237, 236, 238, -1,
      237, 238, 239, -1,
      239, 238, 240, -1,
      239, 240, 241, -1,
      39, 38, 242, -1,
      243, 244, 224, -1,
      245, 246, 226, -1,
      224, 244, 226, -1,
      226, 244, 247, -1,
      226, 247, 245, -1,
      223, 233, 224, -1,
      224, 233, 248, -1,
      224, 248, 249, -1,
      249, 250, 224, -1,
      224, 250, 251, -1,
      224, 251, 243, -1,
      243, 251, 252, -1,
      243, 252, 245, -1,
      245, 252, 253, -1,
      245, 253, 246, -1,
      246, 253, 254, -1,
      246, 254, 251, -1,
      251, 254, 255, -1,
      251, 255, 252, -1,
      256, 257, 233, -1,
      233, 257, 258, -1,
      233, 258, 248, -1,
      259, 260, 231, -1,
      231, 260, 261, -1,
      231, 261, 233, -1,
      233, 261, 262, -1,
      233, 262, 256, -1,
      263, 264, 265, -1,
      266, 263, 229, -1,
      229, 263, 265, -1,
      229, 265, 231, -1,
      265, 267, 231, -1,
      231, 267, 268, -1,
      231, 268, 259, -1,
      259, 268, 264, -1,
      259, 264, 269, -1,
      269, 264, 263, -1,
      29, 270, 229, -1,
      229, 270, 271, -1,
      229, 271, 266, -1,
      31, 30, 227, -1,
      227, 30, 272, -1,
      227, 272, 229, -1,
      229, 272, 273, -1,
      229, 273, 29, -1,
      45, 274, 275, -1,
      274, 45, 276, -1,
      276, 45, 234, -1,
      276, 234, 277, -1,
      277, 234, 205, -1,
      277, 205, 275, -1,
      275, 205, 278, -1,
      275, 278, 45, -1,
      44, 279, 234, -1,
      234, 279, 280, -1,
      234, 280, 281, -1,
      281, 282, 234, -1,
      234, 282, 26, -1,
      234, 26, 205, -1,
      205, 26, 28, -1,
      205, 28, 211, -1,
      211, 28, 216, -1,
      176, 214, 174, -1,
      174, 214, 28, -1,
      174, 28, 280, -1,
      280, 28, 27, -1,
      280, 27, 281, -1,
      235, 283, 42, -1,
      42, 283, 284, -1,
      42, 284, 285, -1,
      286, 287, 285, -1,
      285, 287, 174, -1,
      285, 174, 42, -1,
      42, 174, 280, -1,
      42, 280, 40, -1,
      40, 280, 279, -1,
      235, 288, 289, -1,
      288, 235, 290, -1,
      290, 235, 237, -1,
      290, 237, 291, -1,
      291, 237, 292, -1,
      291, 292, 289, -1,
      289, 292, 287, -1,
      289, 287, 235, -1,
      235, 287, 286, -1,
      235, 286, 283, -1,
      25, 24, 239, -1,
      239, 24, 293, -1,
      239, 293, 237, -1,
      22, 21, 241, -1,
      241, 21, 294, -1,
      241, 294, 239, -1,
      39, 295, 296, -1,
      297, 298, 241, -1,
      241, 298, 299, -1,
      241, 299, 22, -1,
      22, 299, 300, -1,
      301, 302, 242, -1,
      242, 302, 39, -1,
      39, 302, 303, -1,
      39, 303, 304, -1,
      301, 13, 304, -1,
      304, 13, 12, -1,
      304, 12, 39, -1,
      39, 12, 19, -1,
      39, 19, 295, -1,
      305, 306, 36, -1,
      38, 35, 242, -1,
      242, 35, 36, -1,
      242, 36, 307, -1,
      307, 36, 306, -1,
      301, 242, 13, -1,
      13, 242, 308, -1,
      13, 308, 309, -1,
      310, 309, 307, -1,
      307, 309, 311, -1,
      307, 311, 242, -1,
      242, 311, 312, -1,
      242, 312, 308, -1,
      313, 314, 315, -1,
      36, 313, 305, -1,
      305, 313, 315, -1,
      305, 315, 310, -1,
      310, 315, 316, -1,
      310, 316, 309, -1,
      309, 316, 317, -1,
      309, 317, 13, -1,
      318, 319, 251, -1,
      320, 321, 246, -1,
      251, 319, 246, -1,
      246, 319, 322, -1,
      246, 322, 320, -1,
      323, 324, 325, -1,
      326, 321, 327, -1,
      327, 321, 320, -1,
      327, 320, 325, -1,
      325, 320, 318, -1,
      325, 318, 323, -1,
      323, 318, 251, -1,
      43, 45, 227, -1,
      227, 45, 278, -1,
      227, 278, 31, -1,
      31, 278, 328, -1,
      31, 328, 329, -1,
      330, 331, 328, -1,
      328, 331, 15, -1,
      328, 15, 209, -1,
      209, 15, 17, -1,
      209, 17, 205, -1,
      205, 17, 332, -1,
      205, 332, 278, -1,
      278, 332, 330, -1,
      278, 330, 328, -1,
      333, 334, 287, -1,
      287, 334, 174, -1,
      174, 334, 335, -1,
      174, 335, 175, -1,
      175, 335, 336, -1,
      175, 336, 337, -1,
      337, 336, 338, -1,
      337, 338, 339, -1,
      339, 340, 341, -1,
      342, 343, 344, -1,
      344, 343, 333, -1,
      344, 333, 345, -1,
      346, 347, 292, -1,
      341, 345, 339, -1,
      339, 345, 333, -1,
      339, 333, 337, -1,
      337, 333, 287, -1,
      337, 287, 348, -1,
      347, 349, 292, -1,
      292, 349, 350, -1,
      292, 350, 351, -1,
      348, 352, 337, -1,
      337, 352, 353, -1,
      337, 353, 354, -1,
      354, 353, 355, -1,
      355, 356, 354, -1,
      354, 356, 357, -1,
      354, 357, 358, -1,
      358, 359, 354, -1,
      354, 359, 360, -1,
      354, 360, 361, -1,
      351, 362, 292, -1,
      292, 362, 363, -1,
      292, 363, 287, -1,
      287, 363, 364, -1,
      287, 364, 348, -1,
      25, 365, 366, -1,
      367, 368, 292, -1,
      292, 368, 354, -1,
      292, 354, 346, -1,
      346, 354, 361, -1,
      369, 370, 371, -1,
      371, 370, 365, -1,
      372, 373, 366, -1,
      366, 373, 367, -1,
      366, 367, 25, -1,
      25, 367, 292, -1,
      25, 292, 23, -1,
      23, 292, 237, -1,
      23, 237, 374, -1,
      374, 237, 293, -1,
      375, 376, 313, -1,
      313, 376, 377, -1,
      313, 377, 378, -1,
      379, 380, 375, -1,
      375, 380, 381, -1,
      375, 381, 376, -1,
      376, 381, 382, -1,
      381, 383, 382, -1,
      382, 383, 14, -1,
      382, 14, 378, -1,
      378, 14, 13, -1,
      378, 13, 313, -1,
      313, 13, 317, -1,
      313, 317, 314, -1,
      323, 384, 385, -1,
      384, 323, 386, -1,
      386, 323, 387, -1,
      386, 387, 388, -1,
      388, 387, 389, -1,
      388, 389, 385, -1,
      385, 389, 321, -1,
      385, 321, 323, -1,
      323, 321, 326, -1,
      323, 326, 324, -1,
      390, 329, 391, -1,
      391, 329, 328, -1,
      391, 328, 392, -1,
      392, 328, 209, -1,
      392, 209, 393, -1,
      393, 209, 186, -1,
      393, 186, 394, -1,
      394, 186, 175, -1,
      394, 175, 395, -1,
      395, 175, 337, -1,
      395, 337, 396, -1,
      396, 337, 354, -1,
      396, 354, 397, -1,
      398, 375, 399, -1,
      399, 375, 400, -1,
      399, 400, 401, -1,
      383, 379, 14, -1,
      14, 379, 375, -1,
      14, 375, 402, -1,
      402, 375, 398, -1,
      240, 37, 241, -1,
      241, 37, 39, -1,
      241, 39, 297, -1,
      297, 39, 296, -1,
      297, 296, 300, -1,
      300, 296, 18, -1,
      300, 18, 22, -1,
      22, 18, 12, -1,
      22, 12, 403, -1,
      403, 12, 14, -1,
      403, 14, 404, -1,
      404, 14, 402, -1,
      405, 406, 407, -1,
      407, 406, 389, -1,
      407, 389, 408, -1,
      408, 389, 387, -1,
      408, 387, 409, -1,
      409, 387, 410, -1,
      409, 410, 405, -1,
      405, 410, 406, -1,
      137, 390, 146, -1,
      146, 390, 391, -1,
      146, 391, 144, -1,
      144, 391, 392, -1,
      144, 392, 131, -1,
      131, 392, 393, -1,
      131, 393, 129, -1,
      129, 393, 394, -1,
      129, 394, 67, -1,
      67, 394, 395, -1,
      67, 395, 68, -1,
      68, 395, 396, -1,
      68, 396, 73, -1,
      73, 396, 397, -1,
      73, 397, 71, -1,
      411, 400, 412, -1,
      412, 400, 413, -1,
      412, 413, 414, -1,
      402, 401, 404, -1,
      404, 401, 400, -1,
      404, 400, 415, -1,
      415, 400, 411, -1,
      294, 416, 239, -1,
      239, 416, 20, -1,
      239, 20, 25, -1,
      25, 20, 22, -1,
      25, 22, 417, -1,
      417, 22, 403, -1,
      417, 403, 418, -1,
      418, 403, 404, -1,
      418, 404, 419, -1,
      419, 404, 415, -1,
      419, 415, 414, -1,
      420, 421, 422, -1,
      423, 9, 424, -1,
      422, 423, 420, -1,
      420, 423, 424, -1,
      420, 424, 425, -1,
      425, 424, 406, -1,
      425, 406, 426, -1,
      426, 406, 410, -1,
      426, 410, 421, -1,
      421, 410, 11, -1,
      421, 11, 422, -1,
      422, 11, 10, -1,
      427, 428, 413, -1,
      414, 413, 419, -1,
      419, 413, 428, -1,
      419, 428, 429, -1,
      365, 25, 371, -1,
      371, 25, 417, -1,
      371, 417, 430, -1,
      430, 417, 418, -1,
      430, 418, 431, -1,
      431, 418, 419, -1,
      431, 419, 6, -1,
      6, 419, 429, -1,
      6, 429, 432, -1,
      413, 7, 427, -1,
      427, 7, 433, -1,
      427, 433, 432, -1,
      432, 433, 434, -1,
      432, 434, 6, -1,
      6, 434, 435, -1,
      6, 435, 7, -1,
      7, 435, 436, -1,
      7, 436, 433, -1,
      9, 11, 424, -1,
      424, 11, 437, -1,
      424, 437, 438, -1,
      439, 440, 437, -1,
      437, 440, 441, -1,
      437, 441, 438, -1,
      438, 441, 442, -1,
      438, 442, 443, -1,
      443, 442, 444, -1,
      445, 8, 446, -1,
      446, 8, 447, -1,
      446, 447, 448, -1,
      368, 369, 354, -1,
      354, 369, 371, -1,
      354, 371, 397, -1,
      397, 371, 430, -1,
      397, 430, 71, -1,
      71, 430, 431, -1,
      71, 431, 449, -1,
      449, 431, 6, -1,
      449, 6, 450, -1,
      450, 6, 8, -1,
      450, 8, 451, -1,
      451, 8, 445, -1,
      451, 452, 450, -1,
      450, 452, 453, -1,
      450, 453, 449, -1,
      449, 453, 77, -1,
      449, 77, 71, -1,
      71, 77, 76, -1,
      71, 76, 72, -1,
      439, 454, 455, -1,
      454, 439, 456, -1,
      456, 439, 457, -1,
      456, 457, 458, -1,
      458, 457, 459, -1,
      458, 459, 455, -1,
      455, 459, 443, -1,
      455, 443, 439, -1,
      439, 443, 444, -1,
      439, 444, 440, -1,
      460, 447, 461, -1,
      461, 447, 462, -1,
      461, 462, 463, -1,
      451, 448, 452, -1,
      452, 448, 447, -1,
      452, 447, 464, -1,
      464, 447, 460, -1,
      464, 465, 452, -1,
      452, 465, 466, -1,
      452, 466, 453, -1,
      453, 466, 467, -1,
      453, 467, 77, -1,
      77, 467, 468, -1,
      77, 468, 102, -1,
      469, 470, 471, -1,
      471, 470, 459, -1,
      471, 459, 472, -1,
      472, 459, 457, -1,
      472, 457, 473, -1,
      473, 457, 474, -1,
      473, 474, 469, -1,
      469, 474, 470, -1,
      475, 462, 476, -1,
      476, 462, 477, -1,
      476, 477, 478, -1,
      464, 463, 465, -1,
      465, 463, 462, -1,
      465, 462, 479, -1,
      479, 462, 475, -1,
      479, 480, 465, -1,
      465, 480, 481, -1,
      465, 481, 466, -1,
      466, 481, 95, -1,
      466, 95, 467, -1,
      467, 95, 97, -1,
      467, 97, 468, -1,
      482, 483, 484, -1,
      484, 483, 470, -1,
      484, 470, 485, -1,
      485, 470, 474, -1,
      485, 474, 486, -1,
      486, 474, 487, -1,
      486, 487, 482, -1,
      482, 487, 483, -1,
      488, 487, 489, -1,
      489, 487, 474, -1,
      489, 474, 490, -1,
      490, 474, 457, -1,
      490, 457, 491, -1,
      491, 457, 439, -1,
      491, 439, 492, -1,
      492, 439, 437, -1,
      492, 437, 493, -1,
      493, 437, 11, -1,
      493, 11, 494, -1,
      494, 11, 410, -1,
      494, 410, 495, -1,
      495, 410, 387, -1,
      495, 387, 496, -1,
      496, 387, 323, -1,
      496, 323, 497, -1,
      497, 323, 251, -1,
      497, 251, 257, -1,
      257, 251, 250, -1,
      257, 250, 258, -1,
      498, 477, 499, -1,
      499, 477, 500, -1,
      499, 500, 501, -1,
      479, 478, 480, -1,
      480, 478, 477, -1,
      480, 477, 502, -1,
      502, 477, 498, -1,
      502, 503, 480, -1,
      480, 503, 504, -1,
      480, 504, 481, -1,
      481, 504, 53, -1,
      481, 53, 95, -1,
      95, 53, 52, -1,
      95, 52, 120, -1,
      505, 506, 507, -1,
      507, 506, 508, -1,
      507, 508, 509, -1,
      509, 508, 483, -1,
      509, 483, 510, -1,
      510, 483, 487, -1,
      511, 488, 512, -1,
      512, 488, 489, -1,
      512, 489, 513, -1,
      513, 489, 490, -1,
      513, 490, 514, -1,
      514, 490, 491, -1,
      514, 491, 515, -1,
      515, 491, 492, -1,
      515, 492, 516, -1,
      516, 492, 493, -1,
      516, 493, 517, -1,
      517, 493, 494, -1,
      517, 494, 518, -1,
      518, 494, 495, -1,
      518, 495, 519, -1,
      519, 495, 496, -1,
      519, 496, 520, -1,
      520, 496, 497, -1,
      520, 497, 521, -1,
      521, 497, 257, -1,
      521, 257, 259, -1,
      259, 257, 256, -1,
      259, 256, 260, -1,
      522, 523, 524, -1,
      525, 115, 526, -1,
      526, 115, 116, -1,
      526, 116, 527, -1,
      527, 116, 528, -1,
      527, 528, 529, -1,
      529, 528, 530, -1,
      529, 530, 531, -1,
      532, 533, 500, -1,
      500, 533, 534, -1,
      502, 501, 503, -1,
      503, 501, 500, -1,
      503, 500, 535, -1,
      535, 500, 534, -1,
      51, 53, 116, -1,
      116, 53, 504, -1,
      116, 504, 528, -1,
      528, 504, 503, -1,
      528, 503, 530, -1,
      530, 503, 535, -1,
      530, 535, 536, -1,
      537, 538, 506, -1,
      539, 540, 508, -1,
      506, 538, 508, -1,
      508, 538, 541, -1,
      508, 541, 539, -1,
      542, 543, 544, -1,
      543, 542, 545, -1,
      545, 542, 540, -1,
      545, 540, 546, -1,
      546, 540, 539, -1,
      546, 539, 544, -1,
      544, 539, 537, -1,
      544, 537, 542, -1,
      542, 537, 506, -1,
      542, 506, 547, -1,
      548, 511, 549, -1,
      549, 511, 512, -1,
      549, 512, 550, -1,
      550, 512, 513, -1,
      550, 513, 551, -1,
      551, 513, 514, -1,
      551, 514, 552, -1,
      552, 514, 515, -1,
      552, 515, 553, -1,
      553, 515, 516, -1,
      553, 516, 554, -1,
      554, 516, 517, -1,
      554, 517, 555, -1,
      555, 517, 518, -1,
      555, 518, 556, -1,
      556, 518, 519, -1,
      556, 519, 557, -1,
      557, 519, 520, -1,
      557, 520, 558, -1,
      558, 520, 521, -1,
      558, 521, 559, -1,
      559, 521, 259, -1,
      559, 259, 270, -1,
      270, 259, 269, -1,
      270, 269, 271, -1,
      560, 523, 561, -1,
      561, 523, 522, -1,
      561, 522, 562, -1,
      563, 564, 532, -1,
      532, 564, 565, -1,
      532, 565, 566, -1,
      567, 568, 563, -1,
      563, 568, 569, -1,
      563, 569, 564, -1,
      564, 569, 570, -1,
      569, 571, 570, -1,
      570, 571, 531, -1,
      570, 531, 566, -1,
      566, 531, 530, -1,
      566, 530, 532, -1,
      532, 530, 536, -1,
      532, 536, 533, -1,
      572, 573, 542, -1,
      542, 573, 540, -1,
      540, 573, 574, -1,
      540, 574, 575, -1,
      575, 574, 576, -1,
      575, 576, 577, -1,
      576, 572, 577, -1,
      577, 572, 542, -1,
      577, 542, 578, -1,
      578, 542, 547, -1,
      578, 547, 579, -1,
      29, 31, 270, -1,
      270, 31, 329, -1,
      270, 329, 559, -1,
      559, 329, 390, -1,
      559, 390, 558, -1,
      558, 390, 137, -1,
      558, 137, 557, -1,
      557, 137, 136, -1,
      557, 136, 556, -1,
      556, 136, 167, -1,
      556, 167, 555, -1,
      555, 167, 159, -1,
      555, 159, 554, -1,
      554, 159, 152, -1,
      554, 152, 553, -1,
      553, 152, 154, -1,
      553, 154, 552, -1,
      552, 154, 155, -1,
      552, 155, 551, -1,
      551, 155, 580, -1,
      551, 580, 550, -1,
      550, 580, 581, -1,
      550, 581, 549, -1,
      549, 581, 582, -1,
      549, 582, 548, -1,
      47, 50, 48, -1,
      48, 50, 583, -1,
      48, 583, 584, -1,
      584, 583, 585, -1,
      584, 585, 586, -1,
      586, 585, 587, -1,
      586, 587, 588, -1,
      49, 150, 50, -1,
      50, 150, 589, -1,
      50, 589, 583, -1,
      583, 589, 590, -1,
      583, 590, 585, -1,
      585, 590, 591, -1,
      585, 591, 587, -1,
      592, 560, 593, -1,
      593, 560, 561, -1,
      593, 561, 594, -1,
      594, 561, 562, -1,
      594, 562, 595, -1,
      151, 83, 524, -1,
      524, 83, 85, -1,
      524, 85, 522, -1,
      522, 85, 596, -1,
      522, 596, 562, -1,
      562, 596, 597, -1,
      562, 597, 595, -1,
      595, 597, 598, -1,
      599, 117, 600, -1,
      600, 117, 119, -1,
      600, 119, 601, -1,
      601, 119, 602, -1,
      601, 602, 603, -1,
      603, 602, 604, -1,
      603, 604, 605, -1,
      605, 604, 606, -1,
      607, 563, 608, -1,
      608, 563, 609, -1,
      608, 609, 610, -1,
      571, 567, 531, -1,
      531, 567, 563, -1,
      531, 563, 611, -1,
      611, 563, 607, -1,
      611, 606, 531, -1,
      531, 606, 604, -1,
      531, 604, 529, -1,
      529, 604, 602, -1,
      529, 602, 527, -1,
      527, 602, 119, -1,
      527, 119, 526, -1,
      526, 119, 118, -1,
      526, 118, 525, -1,
      612, 613, 614, -1,
      614, 613, 575, -1,
      614, 575, 615, -1,
      615, 575, 577, -1,
      615, 577, 616, -1,
      616, 577, 617, -1,
      616, 617, 612, -1,
      612, 617, 613, -1,
      618, 617, 619, -1,
      619, 617, 577, -1,
      619, 577, 620, -1,
      620, 577, 578, -1,
      620, 578, 621, -1,
      621, 578, 622, -1,
      621, 622, 618, -1,
      618, 622, 617, -1,
      623, 622, 624, -1,
      624, 622, 578, -1,
      624, 578, 625, -1,
      625, 578, 579, -1,
      625, 579, 626, -1,
      626, 579, 5, -1,
      626, 5, 623, -1,
      623, 5, 622, -1,
      627, 628, 579, -1,
      548, 629, 630, -1,
      579, 628, 5, -1,
      5, 628, 631, -1,
      5, 631, 3, -1,
      629, 548, 632, -1,
      632, 548, 4, -1,
      632, 4, 633, -1,
      633, 4, 3, -1,
      633, 3, 630, -1,
      630, 3, 627, -1,
      630, 627, 548, -1,
      548, 627, 579, -1,
      548, 579, 511, -1,
      511, 579, 547, -1,
      511, 547, 488, -1,
      488, 547, 506, -1,
      488, 506, 487, -1,
      487, 506, 505, -1,
      487, 505, 510, -1,
      634, 4, 635, -1,
      635, 4, 548, -1,
      635, 548, 636, -1,
      636, 548, 582, -1,
      636, 582, 637, -1,
      637, 582, 638, -1,
      637, 638, 634, -1,
      634, 638, 4, -1,
      46, 48, 155, -1,
      155, 48, 584, -1,
      155, 584, 580, -1,
      580, 584, 586, -1,
      580, 586, 581, -1,
      581, 586, 588, -1,
      581, 588, 582, -1,
      582, 588, 639, -1,
      582, 639, 638, -1,
      640, 639, 641, -1,
      641, 639, 588, -1,
      641, 588, 642, -1,
      642, 588, 587, -1,
      642, 587, 643, -1,
      643, 587, 644, -1,
      643, 644, 640, -1,
      640, 644, 639, -1,
      645, 644, 646, -1,
      646, 644, 587, -1,
      646, 587, 647, -1,
      647, 587, 591, -1,
      647, 591, 648, -1,
      648, 591, 649, -1,
      648, 649, 645, -1,
      645, 649, 644, -1,
      151, 524, 150, -1,
      150, 524, 523, -1,
      150, 523, 589, -1,
      589, 523, 560, -1,
      589, 560, 590, -1,
      590, 560, 592, -1,
      590, 592, 591, -1,
      591, 592, 650, -1,
      591, 650, 649, -1,
      651, 650, 652, -1,
      652, 650, 592, -1,
      652, 592, 653, -1,
      653, 592, 593, -1,
      653, 593, 654, -1,
      654, 593, 655, -1,
      654, 655, 651, -1,
      651, 655, 650, -1,
      656, 655, 657, -1,
      657, 655, 593, -1,
      657, 593, 658, -1,
      658, 593, 594, -1,
      658, 594, 659, -1,
      659, 594, 660, -1,
      659, 660, 656, -1,
      656, 660, 655, -1,
      661, 660, 662, -1,
      662, 660, 594, -1,
      662, 594, 663, -1,
      663, 594, 595, -1,
      663, 595, 664, -1,
      664, 595, 665, -1,
      664, 665, 661, -1,
      661, 665, 660, -1,
      666, 665, 667, -1,
      667, 665, 595, -1,
      667, 595, 668, -1,
      668, 595, 598, -1,
      668, 598, 669, -1,
      669, 598, 2, -1,
      669, 2, 666, -1,
      666, 2, 665, -1,
      670, 671, 598, -1,
      605, 672, 673, -1,
      598, 671, 2, -1,
      2, 671, 674, -1,
      2, 674, 0, -1,
      672, 605, 675, -1,
      675, 605, 1, -1,
      675, 1, 676, -1,
      676, 1, 0, -1,
      676, 0, 673, -1,
      673, 0, 670, -1,
      673, 670, 605, -1,
      605, 670, 598, -1,
      605, 598, 603, -1,
      603, 598, 597, -1,
      603, 597, 601, -1,
      601, 597, 596, -1,
      601, 596, 600, -1,
      600, 596, 85, -1,
      600, 85, 599, -1,
      599, 85, 86, -1,
      599, 86, 59, -1,
      59, 86, 677, -1,
      59, 677, 57, -1,
      678, 679, 680, -1,
      680, 679, 1, -1,
      680, 1, 681, -1,
      681, 1, 605, -1,
      681, 605, 682, -1,
      682, 605, 606, -1,
      682, 606, 678, -1,
      683, 684, 606, -1,
      678, 606, 679, -1,
      679, 606, 684, -1,
      679, 684, 685, -1,
      611, 610, 606, -1,
      606, 610, 609, -1,
      606, 609, 683, -1,
      683, 609, 686, -1,
      683, 686, 687, -1,
      687, 686, 688, -1,
      685, 687, 679, -1,
      679, 687, 688, -1,
      679, 688, 689, -1,
      689, 688, 690, -1,
      689, 690, 609, -1,
      609, 690, 691, -1,
      609, 691, 686, -1,
      32, 34, 36, -1,
      36, 34, 692, -1,
      36, 692, 313, -1,
      313, 692, 693, -1,
      313, 693, 375, -1,
      375, 693, 694, -1,
      375, 694, 400, -1,
      400, 694, 695, -1,
      400, 695, 413, -1,
      413, 695, 696, -1,
      413, 696, 7, -1,
      7, 696, 697, -1,
      7, 697, 8, -1,
      8, 697, 698, -1,
      8, 698, 447, -1,
      447, 698, 699, -1,
      447, 699, 462, -1,
      462, 699, 700, -1,
      462, 700, 477, -1,
      477, 700, 701, -1,
      477, 701, 500, -1,
      500, 701, 702, -1,
      500, 702, 532, -1,
      532, 702, 703, -1,
      532, 703, 563, -1,
      563, 703, 704, -1,
      563, 704, 609, -1,
      609, 704, 705, -1,
      609, 705, 689, -1,
    ]
  }
}

Shape {
  appearance Appearance {
    material Material {
      diffuseColor 1.0000 1.0000 0.0000
      specularColor 0.5020 0.5020 0.0000
      ambientIntensity 0.2
      transparency 0.0000
      shininess 0.5
    }
  }
  geometry IndexedFaceSet {
    ccw TRUE
    solid FALSE
    coord DEF co Coordinate {
      point [
        -1.417323 2.913386 0.000000,
        1.594488 2.913386 0.000000,
        -1.594488 -2.598425 0.000000,
        -1.751969 -2.598425 0.000000,
        -0.925197 -2.598425 0.000000,
        -1.082677 -2.598425 0.000000,
        -0.590551 -2.598425 0.000000,
        -0.748031 -2.598425 0.000000,
        0.413386 -2.598425 0.000000,
        0.255906 -2.598425 0.000000,
        1.082677 -2.598425 0.000000,
        0.925197 -2.598425 0.000000,
        2.263780 -2.913386 0.000000,
        2.421260 -2.913386 0.000000,
        2.421260 -2.598425 0.000000,
        2.086614 -2.598425 0.000000,
        2.263780 -2.598425 0.000000,
        1.929134 -2.598425 0.000000,
        1.929134 -2.913386 0.000000,
        2.086614 -2.913386 0.000000,
        1.417323 -2.913386 0.000000,
        1.594488 -2.598425 0.000000,
        1.594488 -2.913386 0.000000,
        1.259843 -2.913386 0.000000,
        1.751969 -2.913386 0.000000,
        1.751969 -2.598425 0.000000,
        1.417323 -2.598425 0.000000,
        1.259843 -2.598425 0.000000,
        0.925197 -2.913386 0.000000,
        1.082677 -2.913386 0.000000,
        0.748031 -2.913386 0.000000,
        0.748031 -2.598425 0.000000,
        0.590551 -2.913386 0.000000,
        0.590551 -2.598425 0.000000,
        0.255906 -2.913386 0.000000,
        0.413386 -2.913386 0.000000,
        -0.078740 -2.913386 0.000000,
        0.078740 -2.913386 0.000000,
        0.078740 -2.598425 0.000000,
        -0.078740 -2.598425 0.000000,
        -0.255906 -2.913386 0.000000,
        -0.255906 -2.598425 0.000000,
        -0.413386 -2.913386 0.000000,
        -0.413386 -2.598425 0.000000,
        -0.748031 -2.913386 0.000000,
        -1.082677 -2.913386 0.000000,
        -1.751969 -2.913386 0.000000,
        -1.594488 -2.913386 0.000000,
        -1.417323 -2.913386 0.000000,
        -1.259843 -2.913386 0.000000,
        -1.259843 -2.598425 0.000000,
        -1.417323 -2.598425 0.000000,
        -0.590551 -2.913386 0.000000,
        -0.925197 -2.913386 0.000000,
        2.421260 2.913386 0.000000,
        2.421260 2.598425 0.000000,
        2.263780 2.598425 0.000000,
        2.263780 2.913386 0.000000,
        2.086614 2.913386 0.000000,
        2.086614 2.598425 0.000000,
        1.929134 2.598425 0.000000,
        1.929134 2.913386 0.000000,
        1.594488 2.598425 0.000000,
        1.751969 2.598425 0.000000,
        1.259843 2.598425 0.000000,
        1.417323 2.598425 0.000000,
        1.751969 2.913386 0.000000,
        1.259843 2.913386 0.000000,
        1.417323 2.913386 0.000000,
        1.082677 2.913386 0.000000,
        1.082677 2.598425 0.000000,
        0.925197 2.598425 0.000000,
        0.925197 2.913386 0.000000,
        0.748031 2.913386 0.000000,
        0.748031 2.598425 0.000000,
        0.590551 2.598425 0.000000,
        0.590551 2.913386 0.000000,
        0.413386 2.913386 0.000000,
        0.413386 2.598425 0.000000,
        0.255906 2.598425 0.000000,
        0.255906 2.913386 0.000000,
        0.078740 2.913386 0.000000,
        0.078740 2.598425 0.000000,
        -0.078740 2.598425 0.000000,
        -0.078740 2.913386 0.000000,
        -0.255906 2.913386 0.000000,
        -0.255906 2.598425 0.000000,
        -0.413386 2.598425 0.000000,
        -0.413386 2.913386 0.000000,
        -0.590551 2.913386 0.000000,
        -0.590551 2.598425 0.000000,
        -0.748031 2.598425 0.000000,
        -0.748031 2.913386 0.000000,
        -0.925197 2.913386 0.000000,
        -0.925197 2.598425 0.000000,
        -1.082677 2.598425 0.000000,
        -1.082677 2.913386 0.000000,
        -1.417323 2.598425 0.000000,
        -1.259843 2.598425 0.000000,
        -1.751969 2.598425 0.000000,
        -1.594488 2.598425 0.000000,
        -1.259843 2.913386 0.000000,
        -1.751969 2.913386 0.000000,
        -1.594488 2.913386 0.000000,
        2.421260 2.913386 -0.003937,
        2.421260 2.598425 -0.003937,
        2.263780 2.913386 -0.003937,
        2.263780 2.598425 -0.003937,
        2.086614 2.913386 -0.003937,
        2.086614 2.598425 -0.003937,
        1.929134 2.913386 -0.003937,
        1.929134 2.598425 -0.003937,
        1.751969 2.913386 -0.003937,
        1.751969 2.598425 -0.003937,
        1.594488 2.913386 -0.003937,
        1.594488 2.598425 -0.003937,
        1.417323 2.913386 -0.003937,
        1.417323 2.598425 -0.003937,
        1.259843 2.913386 -0.003937,
        1.259843 2.598425 -0.003937,
        1.082677 2.913386 -0.003937,
        1.082677 2.598425 -0.003937,
        0.925197 2.913386 -0.003937,
        0.925197 2.598425 -0.003937,
        0.748031 2.913386 -0.003937,
        0.748031 2.598425 -0.003937,
        0.590551 2.913386 -0.003937,
        0.590551 2.598425 -0.003937,
        0.413386 2.913386 -0.003937,
        0.413386 2.598425 -0.003937,
        0.255906 2.913386 -0.003937,
        0.255906 2.598425 -0.003937,
        0.078740 2.913386 -0.003937,
        0.078740 2.598425 -0.003937,
        -0.078740 2.913386 -0.003937,
        -0.078740 2.598425 -0.003937,
        -0.255906 2.913386 -0.003937,
        -0.255906 2.598425 -0.003937,
        -0.413386 2.913386 -0.003937,
        -0.413386 2.598425 -0.003937,
        -0.590551 2.913386 -0.003937,
        -0.590551 2.598425 -0.003937,
        -0.748031 2.913386 -0.003937,
        -0.748031 2.598425 -0.003937,
        -0.925197 2.913386 -0.003937,
        -0.925197 2.598425 -0.003937,
        -1.082677 2.913386 -0.003937,
        -1.082677 2.598425 -0.003937,
        -1.259843 2.913386 -0.003937,
        -1.259843 2.598425 -0.003937,
        -1.417323 2.913386 -0.003937,
        -1.417323 2.598425 -0.003937,
        -1.594488 2.913386 -0.003937,
        -1.594488 2.598425 -0.003937,
        -1.751969 2.913386 -0.003937,
        -1.751969 2.598425 -0.003937,
        2.263780 -2.913386 -0.003937,
        2.263780 -2.598425 -0.003937,
        2.421260 -2.913386 -0.003937,
        2.421260 -2.598425 -0.003937,
        1.929134 -2.913386 -0.003937,
        1.929134 -2.598425 -0.003937,
        2.086614 -2.913386 -0.003937,
        2.086614 -2.598425 -0.003937,
        1.594488 -2.913386 -0.003937,
        1.594488 -2.598425 -0.003937,
        1.751969 -2.913386 -0.003937,
        1.751969 -2.598425 -0.003937,
        1.259843 -2.913386 -0.003937,
        1.259843 -2.598425 -0.003937,
        1.417323 -2.913386 -0.003937,
        1.417323 -2.598425 -0.003937,
        0.925197 -2.913386 -0.003937,
        0.925197 -2.598425 -0.003937,
        1.082677 -2.913386 -0.003937,
        1.082677 -2.598425 -0.003937,
        0.590551 -2.913386 -0.003937,
        0.590551 -2.598425 -0.003937,
        0.748031 -2.913386 -0.003937,
        0.748031 -2.598425 -0.003937,
        0.255906 -2.913386 -0.003937,
        0.255906 -2.598425 -0.003937,
        0.413386 -2.913386 -0.003937,
        0.413386 -2.598425 -0.003937,
        -0.078740 -2.913386 -0.003937,
        -0.078740 -2.598425 -0.003937,
        0.078740 -2.913386 -0.003937,
        0.078740 -2.598425 -0.003937,
        -0.413386 -2.913386 -0.003937,
        -0.413386 -2.598425 -0.003937,
        -0.255906 -2.913386 -0.003937,
        -0.255906 -2.598425 -0.003937,
        -0.748031 -2.913386 -0.003937,
        -0.748031 -2.598425 -0.003937,
        -0.590551 -2.913386 -0.003937,
        -0.590551 -2.598425 -0.003937,
        -1.082677 -2.913386 -0.003937,
        -1.082677 -2.598425 -0.003937,
        -0.925197 -2.913386 -0.003937,
        -0.925197 -2.598425 -0.003937,
        -1.417323 -2.913386 -0.003937,
        -1.417323 -2.598425 -0.003937,
        -1.259843 -2.913386 -0.003937,
        -1.259843 -2.598425 -0.003937,
        -1.751969 -2.913386 -0.003937,
        -1.751969 -2.598425 -0.003937,
        -1.594488 -2.913386 -0.003937,
        -1.594488 -2.598425 -0.003937,
      ]
    }
    coordIndex [
      104, 105, 106, -1,
      106, 105, 107, -1,
      107, 105, 56, -1,
      56, 105, 55, -1,
      105, 104, 55, -1,
      55, 104, 54, -1,
      104, 106, 54, -1,
      54, 106, 57, -1,
      106, 107, 57, -1,
      57, 107, 56, -1,
      108, 109, 110, -1,
      110, 109, 111, -1,
      111, 109, 60, -1,
      60, 109, 59, -1,
      109, 108, 59, -1,
      59, 108, 58, -1,
      108, 110, 58, -1,
      58, 110, 61, -1,
      110, 111, 61, -1,
      61, 111, 60, -1,
      112, 113, 114, -1,
      114, 113, 115, -1,
      115, 113, 62, -1,
      62, 113, 63, -1,
      113, 112, 63, -1,
      63, 112, 66, -1,
      112, 114, 66, -1,
      66, 114, 1, -1,
      114, 115, 1, -1,
      1, 115, 62, -1,
      116, 117, 118, -1,
      118, 117, 119, -1,
      119, 117, 64, -1,
      64, 117, 65, -1,
      117, 116, 65, -1,
      65, 116, 68, -1,
      116, 118, 68, -1,
      68, 118, 67, -1,
      118, 119, 67, -1,
      67, 119, 64, -1,
      120, 121, 122, -1,
      122, 121, 123, -1,
      123, 121, 71, -1,
      71, 121, 70, -1,
      121, 120, 70, -1,
      70, 120, 69, -1,
      120, 122, 69, -1,
      69, 122, 72, -1,
      122, 123, 72, -1,
      72, 123, 71, -1,
      124, 125, 126, -1,
      126, 125, 127, -1,
      127, 125, 75, -1,
      75, 125, 74, -1,
      125, 124, 74, -1,
      74, 124, 73, -1,
      124, 126, 73, -1,
      73, 126, 76, -1,
      126, 127, 76, -1,
      76, 127, 75, -1,
      128, 129, 130, -1,
      130, 129, 131, -1,
      131, 129, 79, -1,
      79, 129, 78, -1,
      129, 128, 78, -1,
      78, 128, 77, -1,
      128, 130, 77, -1,
      77, 130, 80, -1,
      130, 131, 80, -1,
      80, 131, 79, -1,
      132, 133, 134, -1,
      134, 133, 135, -1,
      135, 133, 83, -1,
      83, 133, 82, -1,
      133, 132, 82, -1,
      82, 132, 81, -1,
      132, 134, 81, -1,
      81, 134, 84, -1,
      134, 135, 84, -1,
      84, 135, 83, -1,
      136, 137, 138, -1,
      138, 137, 139, -1,
      139, 137, 87, -1,
      87, 137, 86, -1,
      137, 136, 86, -1,
      86, 136, 85, -1,
      136, 138, 85, -1,
      85, 138, 88, -1,
      138, 139, 88, -1,
      88, 139, 87, -1,
      140, 141, 142, -1,
      142, 141, 143, -1,
      143, 141, 91, -1,
      91, 141, 90, -1,
      141, 140, 90, -1,
      90, 140, 89, -1,
      140, 142, 89, -1,
      89, 142, 92, -1,
      142, 143, 92, -1,
      92, 143, 91, -1,
      144, 145, 146, -1,
      146, 145, 147, -1,
      147, 145, 95, -1,
      95, 145, 94, -1,
      145, 144, 94, -1,
      94, 144, 93, -1,
      144, 146, 93, -1,
      93, 146, 96, -1,
      146, 147, 96, -1,
      96, 147, 95, -1,
      148, 149, 150, -1,
      150, 149, 151, -1,
      151, 149, 97, -1,
      97, 149, 98, -1,
      149, 148, 98, -1,
      98, 148, 101, -1,
      148, 150, 101, -1,
      101, 150, 0, -1,
      150, 151, 0, -1,
      0, 151, 97, -1,
      152, 153, 154, -1,
      154, 153, 155, -1,
      155, 153, 99, -1,
      99, 153, 100, -1,
      153, 152, 100, -1,
      100, 152, 103, -1,
      152, 154, 103, -1,
      103, 154, 102, -1,
      154, 155, 102, -1,
      102, 155, 99, -1,
      156, 157, 158, -1,
      158, 157, 159, -1,
      159, 157, 14, -1,
      14, 157, 16, -1,
      157, 156, 16, -1,
      16, 156, 12, -1,
      156, 158, 12, -1,
      12, 158, 13, -1,
      158, 159, 13, -1,
      13, 159, 14, -1,
      160, 161, 162, -1,
      162, 161, 163, -1,
      163, 161, 15, -1,
      15, 161, 17, -1,
      161, 160, 17, -1,
      17, 160, 18, -1,
      160, 162, 18, -1,
      18, 162, 19, -1,
      162, 163, 19, -1,
      19, 163, 15, -1,
      164, 165, 166, -1,
      166, 165, 167, -1,
      167, 165, 25, -1,
      25, 165, 21, -1,
      165, 164, 21, -1,
      21, 164, 22, -1,
      164, 166, 22, -1,
      22, 166, 24, -1,
      166, 167, 24, -1,
      24, 167, 25, -1,
      168, 169, 170, -1,
      170, 169, 171, -1,
      171, 169, 26, -1,
      26, 169, 27, -1,
      169, 168, 27, -1,
      27, 168, 23, -1,
      168, 170, 23, -1,
      23, 170, 20, -1,
      170, 171, 20, -1,
      20, 171, 26, -1,
      172, 173, 174, -1,
      174, 173, 175, -1,
      175, 173, 10, -1,
      10, 173, 11, -1,
      173, 172, 11, -1,
      11, 172, 28, -1,
      172, 174, 28, -1,
      28, 174, 29, -1,
      174, 175, 29, -1,
      29, 175, 10, -1,
      176, 177, 178, -1,
      178, 177, 179, -1,
      179, 177, 31, -1,
      31, 177, 33, -1,
      177, 176, 33, -1,
      33, 176, 32, -1,
      176, 178, 32, -1,
      32, 178, 30, -1,
      178, 179, 30, -1,
      30, 179, 31, -1,
      180, 181, 182, -1,
      182, 181, 183, -1,
      183, 181, 8, -1,
      8, 181, 9, -1,
      181, 180, 9, -1,
      9, 180, 34, -1,
      180, 182, 34, -1,
      34, 182, 35, -1,
      182, 183, 35, -1,
      35, 183, 8, -1,
      184, 185, 186, -1,
      186, 185, 187, -1,
      187, 185, 38, -1,
      38, 185, 39, -1,
      185, 184, 39, -1,
      39, 184, 36, -1,
      184, 186, 36, -1,
      36, 186, 37, -1,
      186, 187, 37, -1,
      37, 187, 38, -1,
      188, 189, 190, -1,
      190, 189, 191, -1,
      191, 189, 41, -1,
      41, 189, 43, -1,
      189, 188, 43, -1,
      43, 188, 42, -1,
      188, 190, 42, -1,
      42, 190, 40, -1,
      190, 191, 40, -1,
      40, 191, 41, -1,
      192, 193, 194, -1,
      194, 193, 195, -1,
      195, 193, 6, -1,
      6, 193, 7, -1,
      193, 192, 7, -1,
      7, 192, 44, -1,
      192, 194, 44, -1,
      44, 194, 52, -1,
      194, 195, 52, -1,
      52, 195, 6, -1,
      196, 197, 198, -1,
      198, 197, 199, -1,
      199, 197, 4, -1,
      4, 197, 5, -1,
      197, 196, 5, -1,
      5, 196, 45, -1,
      196, 198, 45, -1,
      45, 198, 53, -1,
      198, 199, 53, -1,
      53, 199, 4, -1,
      200, 201, 202, -1,
      202, 201, 203, -1,
      203, 201, 50, -1,
      50, 201, 51, -1,
      201, 200, 51, -1,
      51, 200, 48, -1,
      200, 202, 48, -1,
      48, 202, 49, -1,
      202, 203, 49, -1,
      49, 203, 50, -1,
      204, 205, 206, -1,
      206, 205, 207, -1,
      207, 205, 2, -1,
      2, 205, 3, -1,
      205, 204, 3, -1,
      3, 204, 46, -1,
      204, 206, 46, -1,
      46, 206, 47, -1,
      206, 207, 47, -1,
      47, 207, 2, -1,
    ]
  }
}

Shape {
  appearance Appearance {
    material Material {
      diffuseColor 0.2510 0.2510 0.2510
      specularColor 0.1255 0.1255 0.1255
      ambientIntensity 0.2
      transparency 0.0000
      shininess 0.5
    }
  }
  geometry IndexedFaceSet {
    ccw TRUE
    solid FALSE
    coord DEF co Coordinate {
      point [
        -2.972441 -3.031496 0.000000,
        -3.031496 -3.031496 0.000000,
        0.155289 -3.031496 0.000000,
        3.031496 -3.031496 0.000000,
        -0.132785 -3.031496 0.000000,
        -0.879000 -3.031496 0.000000,
        3.031496 -2.175197 0.000000,
        0.503378 -3.031496 0.000000,
        3.031496 -1.429529 0.000000,
        3.031496 -1.171260 0.000000,
        3.031496 -0.905512 0.000000,
        3.031496 -0.246063 0.000000,
        3.031496 -0.157480 0.000000,
        3.031496 0.246063 0.000000,
        3.031496 0.501969 0.000000,
        3.031496 1.171260 0.000000,
        3.031496 1.505906 0.000000,
        3.031496 2.175197 0.000000,
        3.031496 3.031496 0.000000,
        0.503378 3.031496 0.000000,
        0.155289 3.031496 0.000000,
        -0.132785 3.031496 0.000000,
        -0.879000 3.031496 0.000000,
        -2.972441 3.031496 0.000000,
        -3.031496 -2.175197 0.000000,
        -3.031496 -1.429529 0.000000,
        -3.031496 -1.171260 0.000000,
        -3.031496 -0.905512 0.000000,
        -3.031496 -0.246063 0.000000,
        -3.031496 -0.157480 0.000000,
        -3.031496 0.246063 0.000000,
        -3.031496 0.501969 0.000000,
        -3.031496 1.171260 0.000000,
        -3.031496 1.505906 0.000000,
        -3.031496 2.175197 0.000000,
        -3.031496 3.031496 0.000000,
        -0.851560 2.521421 0.314961,
        -0.831895 2.568898 0.314961,
        -1.413386 2.408528 0.314961,
        -0.800611 2.609667 0.314961,
        -2.583379 2.533156 0.314961,
        -2.755906 0.954724 0.314961,
        -2.571580 2.561642 0.314961,
        -2.567555 2.592211 0.314961,
        2.610004 2.660615 0.314961,
        2.657480 2.640950 0.314961,
        3.031496 3.031496 0.314961,
        2.698249 2.609667 0.314961,
        2.729532 2.568898 0.314961,
        -1.055118 1.151575 0.314961,
        -1.413386 1.621126 0.314961,
        -2.559055 1.151575 0.314961,
        -2.200787 1.621126 0.314961,
        -2.610004 1.144867 0.314961,
        -3.031496 3.031496 0.314961,
        -2.200787 2.408528 0.314961,
        2.749198 -2.521421 0.314961,
        2.729532 -2.568898 0.314961,
        3.031496 -3.031496 0.314961,
        2.698249 -2.609667 0.314961,
        2.657480 -2.640950 0.314961,
        -1.004170 1.158282 0.314961,
        -0.956693 1.177948 0.314961,
        -0.915924 1.209231 0.314961,
        -0.858268 1.348425 0.314961,
        -0.858268 2.470472 0.314961,
        -2.610004 -2.660615 0.314961,
        -2.657480 -2.640950 0.314961,
        -3.031496 -3.031496 0.314961,
        -2.698249 -2.609667 0.314961,
        -2.729532 -2.568898 0.314961,
        -2.803776 2.592211 0.314961,
        -2.799751 2.561642 0.314961,
        -2.787952 2.533156 0.314961,
        -2.769181 2.508694 0.314961,
        -2.799751 2.622780 0.314961,
        -2.787952 2.651266 0.314961,
        -2.769181 2.675728 0.314961,
        -2.583379 2.651266 0.314961,
        -2.571580 2.622780 0.314961,
        -2.602148 2.508694 0.314961,
        -2.626610 2.489924 0.314961,
        -2.655096 2.478125 0.314961,
        -2.744720 2.694497 0.314961,
        -2.716234 2.706296 0.314961,
        -2.685665 2.710321 0.314961,
        -0.759843 2.640950 0.314961,
        -0.712366 2.660615 0.314961,
        -0.661417 2.667323 0.314961,
        2.559055 2.667323 0.314961,
        -0.884641 1.250000 0.314961,
        -0.864975 1.297476 0.314961,
        2.749198 2.521421 0.314961,
        2.755906 2.470472 0.314961,
        2.755906 -2.470472 0.314961,
        -2.749198 -2.521421 0.314961,
        -2.755906 -2.470472 0.314961,
        -2.655096 2.706296 0.314961,
        -2.626610 2.694497 0.314961,
        -2.602148 2.675728 0.314961,
        -2.749198 1.005673 0.314961,
        -2.729532 1.053150 0.314961,
        -2.698249 1.093919 0.314961,
        -2.685665 2.474100 0.314961,
        -2.716234 2.478125 0.314961,
        -2.744720 2.489924 0.314961,
        -2.657480 1.125202 0.314961,
        2.610004 -2.660615 0.314961,
        2.559055 -2.667323 0.314961,
        -2.559055 -2.667323 0.314961,
        3.031496 -2.509843 0.000000,
        3.031496 -1.842637 0.000000,
        3.031496 -0.816929 0.000000,
        3.031496 0.905512 0.000000,
        3.031496 1.840551 0.000000,
        1.742126 3.031496 0.000000,
        0.324803 3.031496 0.000000,
        -2.509843 3.031496 0.000000,
        -3.031496 1.840551 0.000000,
        -3.031496 0.905512 0.000000,
        -3.031496 -0.816929 0.000000,
        -3.031496 -1.842637 0.000000,
        -3.031496 -2.509843 0.000000,
        -2.509843 -3.031496 0.000000,
        0.324803 -3.031496 0.000000,
        1.742126 -3.031496 0.000000,
      ]
    }
    coordIndex [
      36, 37, 38, -1,
      38, 37, 39, -1,
      40, 41, 42, -1,
      42, 41, 43, -1,
      44, 45, 46, -1,
      46, 45, 47, -1,
      46, 47, 48, -1,
      49, 50, 51, -1,
      51, 50, 52, -1,
      51, 52, 53, -1,
      54, 55, 38, -1,
      56, 57, 58, -1,
      58, 57, 59, -1,
      58, 59, 60, -1,
      49, 61, 50, -1,
      50, 61, 62, -1,
      50, 62, 63, -1,
      50, 64, 38, -1,
      38, 64, 65, -1,
      38, 65, 36, -1,
      66, 67, 68, -1,
      68, 67, 69, -1,
      68, 69, 70, -1,
      71, 54, 72, -1,
      72, 54, 68, -1,
      72, 68, 73, -1,
      73, 68, 74, -1,
      71, 75, 54, -1,
      54, 75, 76, -1,
      54, 76, 77, -1,
      78, 79, 55, -1,
      40, 80, 41, -1,
      41, 80, 81, -1,
      41, 81, 82, -1,
      77, 83, 54, -1,
      54, 83, 84, -1,
      54, 84, 85, -1,
      39, 86, 38, -1,
      38, 86, 87, -1,
      38, 87, 54, -1,
      54, 87, 88, -1,
      54, 88, 46, -1,
      46, 88, 89, -1,
      46, 89, 44, -1,
      63, 90, 50, -1,
      50, 90, 91, -1,
      50, 91, 64, -1,
      48, 92, 46, -1,
      46, 92, 93, -1,
      46, 93, 58, -1,
      58, 93, 94, -1,
      58, 94, 56, -1,
      70, 95, 68, -1,
      68, 95, 96, -1,
      68, 96, 41, -1,
      85, 97, 54, -1,
      54, 97, 98, -1,
      54, 98, 55, -1,
      55, 98, 99, -1,
      55, 99, 78, -1,
      41, 100, 43, -1,
      43, 100, 101, -1,
      43, 101, 102, -1,
      82, 103, 41, -1,
      41, 103, 104, -1,
      41, 104, 68, -1,
      68, 104, 105, -1,
      68, 105, 74, -1,
      79, 43, 55, -1,
      55, 43, 102, -1,
      55, 102, 52, -1,
      52, 102, 106, -1,
      52, 106, 53, -1,
      60, 107, 58, -1,
      58, 107, 108, -1,
      58, 108, 68, -1,
      68, 108, 109, -1,
      68, 109, 66, -1,
      58, 3, 110, -1,
      110, 6, 58, -1,
      58, 6, 111, -1,
      58, 111, 8, -1,
      8, 9, 58, -1,
      58, 9, 10, -1,
      58, 10, 112, -1,
      112, 11, 58, -1,
      58, 11, 12, -1,
      58, 12, 46, -1,
      46, 12, 13, -1,
      46, 13, 14, -1,
      14, 113, 46, -1,
      46, 113, 15, -1,
      46, 15, 16, -1,
      16, 114, 46, -1,
      46, 114, 17, -1,
      46, 17, 18, -1,
      18, 115, 46, -1,
      46, 115, 19, -1,
      46, 19, 116, -1,
      116, 20, 46, -1,
      46, 20, 21, -1,
      46, 21, 54, -1,
      54, 21, 22, -1,
      22, 117, 54, -1,
      54, 117, 23, -1,
      54, 23, 35, -1,
      35, 34, 54, -1,
      54, 34, 118, -1,
      54, 118, 33, -1,
      33, 32, 54, -1,
      54, 32, 119, -1,
      54, 119, 31, -1,
      31, 30, 54, -1,
      54, 30, 29, -1,
      54, 29, 68, -1,
      29, 28, 68, -1,
      68, 28, 120, -1,
      68, 120, 27, -1,
      27, 26, 68, -1,
      68, 26, 25, -1,
      68, 25, 121, -1,
      121, 24, 68, -1,
      68, 24, 122, -1,
      68, 122, 1, -1,
      1, 0, 68, -1,
      68, 0, 123, -1,
      123, 5, 68, -1,
      68, 5, 4, -1,
      68, 4, 58, -1,
      58, 4, 2, -1,
      58, 2, 124, -1,
      124, 7, 58, -1,
      58, 7, 125, -1,
      58, 125, 3, -1,
    ]
  }
}

Shape {
  appearance Appearance {
    material Material {
      diffuseColor 1.0000 1.0000 1.0000
      specularColor 0.5020 0.5020 0.5020
      ambientIntensity 0.2
      transparency 0.0000
      shininess 0.5
    }
  }
  geometry IndexedFaceSet {
    ccw TRUE
    solid FALSE
    coord DEF co Coordinate {
      point [
        -0.851560 2.521421 0.314961,
        -0.831895 2.568898 0.314961,
        -0.800611 2.609667 0.314961,
        -2.755906 0.954724 0.314961,
        2.610004 2.660615 0.314961,
        2.657480 2.640950 0.314961,
        2.698249 2.609667 0.314961,
        2.729532 2.568898 0.314961,
        -1.055118 1.151575 0.314961,
        -2.559055 1.151575 0.314961,
        -2.610004 1.144867 0.314961,
        2.749198 -2.521421 0.314961,
        2.729532 -2.568898 0.314961,
        2.698249 -2.609667 0.314961,
        2.657480 -2.640950 0.314961,
        -1.004170 1.158282 0.314961,
        -0.956693 1.177948 0.314961,
        -0.915924 1.209231 0.314961,
        -0.858268 1.348425 0.314961,
        -0.858268 2.470472 0.314961,
        -2.610004 -2.660615 0.314961,
        -2.657480 -2.640950 0.314961,
        -2.698249 -2.609667 0.314961,
        -2.729532 -2.568898 0.314961,
        -0.759843 2.640950 0.314961,
        -0.712366 2.660615 0.314961,
        -0.661417 2.667323 0.314961,
        2.559055 2.667323 0.314961,
        -0.884641 1.250000 0.314961,
        -0.864975 1.297476 0.314961,
        2.749198 2.521421 0.314961,
        2.755906 2.470472 0.314961,
        2.755906 -2.470472 0.314961,
        -2.749198 -2.521421 0.314961,
        -2.755906 -2.470472 0.314961,
        -2.749198 1.005673 0.314961,
        -2.729532 1.053150 0.314961,
        -2.698249 1.093919 0.314961,
        -2.657480 1.125202 0.314961,
        2.610004 -2.660615 0.314961,
        2.559055 -2.667323 0.314961,
        -2.559055 -2.667323 0.314961,
        2.755906 -2.470472 0.748031,
        2.755906 2.470472 0.748031,
        -0.661417 2.667323 0.748031,
        2.559055 2.667323 0.748031,
        -2.755906 0.954724 0.748031,
        -2.755906 -2.470472 0.748031,
        2.559055 -2.667323 0.748031,
        -2.559055 -2.667323 0.748031,
        2.559055 -2.470472 0.944882,
        -0.747310 1.102957 0.944882,
        -0.809650 1.040617 0.944882,
        -0.884298 0.993713 0.944882,
        -0.967511 0.964595 0.944882,
        -2.559055 -2.470472 0.944882,
        -1.055118 0.954724 0.944882,
        -2.559055 0.954724 0.944882,
        -0.661417 2.470472 0.944882,
        -0.661417 1.348425 0.944882,
        2.559055 2.470472 0.944882,
        -0.671288 1.260819 0.944882,
        -0.700406 1.177605 0.944882,
        -0.858268 2.470472 0.748031,
        -0.858268 1.348425 0.748031,
        -1.055118 1.151575 0.748031,
        -2.559055 1.151575 0.748031,
        -2.749198 -2.521421 0.748031,
        -2.729532 -2.568898 0.748031,
        -2.698249 -2.609667 0.748031,
        -2.657480 -2.640950 0.748031,
        -2.610004 -2.660615 0.748031,
        -2.610004 0.954724 0.938174,
        -2.610004 -2.470472 0.938174,
        -2.657480 0.954724 0.918509,
        -2.657480 -2.470472 0.918509,
        -2.698249 0.954724 0.887226,
        -2.698249 -2.470472 0.887226,
        -2.729532 0.954724 0.846457,
        -2.729532 -2.470472 0.846457,
        -2.749198 0.954724 0.798980,
        -2.749198 -2.470472 0.798980,
        -2.749198 1.005673 0.748031,
        -2.729532 1.053150 0.748031,
        -2.698249 1.093919 0.748031,
        -2.657480 1.125202 0.748031,
        -2.610004 1.144867 0.748031,
        -2.559055 -2.660615 0.798980,
        -2.608268 -2.654137 0.798980,
        -2.608268 -2.555711 0.918509,
        -2.584530 -2.514595 0.938174,
        -2.595081 -2.506498 0.938174,
        -2.608268 -2.483659 0.938174,
        -2.572242 -2.519685 0.938174,
        -2.584530 -2.565544 0.918509,
        -2.595081 -2.604924 0.887226,
        -2.559055 -2.521421 0.938174,
        -2.628652 -2.540070 0.918509,
        -2.603178 -2.495947 0.938174,
        -2.644294 -2.519685 0.918509,
        -2.654126 -2.495947 0.918509,
        -2.559055 -2.568898 0.918509,
        -2.559055 -2.609667 0.887226,
        -2.559055 -2.640950 0.846457,
        -2.628652 -2.591018 0.887226,
        -2.657480 -2.568898 0.887226,
        -2.679601 -2.540070 0.887226,
        -2.693506 -2.506498 0.887226,
        -2.603178 -2.635141 0.846457,
        -2.644294 -2.618110 0.846457,
        -2.679601 -2.591018 0.846457,
        -2.706693 -2.555711 0.846457,
        -2.723724 -2.514595 0.846457,
        -2.654126 -2.635141 0.798980,
        -2.693506 -2.604924 0.798980,
        -2.723724 -2.565544 0.798980,
        -2.742719 -2.519685 0.798980,
        -2.742719 1.003937 0.798980,
        -2.644294 1.003937 0.918509,
        -2.603178 0.980199 0.938174,
        -2.595081 0.990750 0.938174,
        -2.559055 1.005673 0.938174,
        -2.572242 1.003937 0.938174,
        -2.608268 0.967911 0.938174,
        -2.654126 0.980199 0.918509,
        -2.693506 0.990750 0.887226,
        -2.628652 1.024322 0.918509,
        -2.584530 0.998847 0.938174,
        -2.608268 1.039963 0.918509,
        -2.584530 1.049796 0.918509,
        -2.559055 1.053150 0.918509,
        -2.679601 1.024322 0.887226,
        -2.657480 1.053150 0.887226,
        -2.628652 1.075270 0.887226,
        -2.595081 1.089176 0.887226,
        -2.559055 1.093919 0.887226,
        -2.723724 0.998847 0.846457,
        -2.706693 1.039963 0.846457,
        -2.679601 1.075270 0.846457,
        -2.644294 1.102362 0.846457,
        -2.603178 1.119393 0.846457,
        -2.559055 1.125202 0.846457,
        -2.723724 1.049796 0.798980,
        -2.693506 1.089176 0.798980,
        -2.654126 1.119393 0.798980,
        -2.608268 1.138388 0.798980,
        -2.559055 1.144867 0.798980,
        2.610004 -2.660615 0.748031,
        2.657480 -2.640950 0.748031,
        2.698249 -2.609667 0.748031,
        2.729532 -2.568898 0.748031,
        2.749198 -2.521421 0.748031,
        2.559055 -2.521421 0.938174,
        2.559055 -2.568898 0.918509,
        2.559055 -2.609667 0.887226,
        2.559055 -2.640950 0.846457,
        2.559055 -2.660615 0.798980,
        -1.055118 1.144867 0.798980,
        -1.055118 1.125202 0.846457,
        -1.055118 1.093919 0.887226,
        -1.055118 1.053150 0.918509,
        -1.055118 1.005673 0.938174,
        -0.863203 1.304622 0.748031,
        -0.865624 1.297704 0.748031,
        -0.877762 1.263015 0.748031,
        -0.885572 1.250585 0.748031,
        -0.901214 1.225691 0.748031,
        -0.916799 1.210106 0.748031,
        -0.932384 1.194521 0.748031,
        -0.957278 1.178879 0.748031,
        -0.969708 1.171069 0.748031,
        -1.004396 1.158931 0.748031,
        -1.011315 1.156510 0.748031,
        2.749198 -2.470472 0.798980,
        2.742719 -2.519685 0.798980,
        2.644294 -2.519685 0.918509,
        2.603178 -2.495947 0.938174,
        2.595081 -2.506498 0.938174,
        2.572242 -2.519685 0.938174,
        2.608268 -2.483659 0.938174,
        2.654126 -2.495947 0.918509,
        2.693506 -2.506498 0.887226,
        2.610004 -2.470472 0.938174,
        2.628652 -2.540070 0.918509,
        2.584530 -2.514595 0.938174,
        2.608268 -2.555711 0.918509,
        2.584530 -2.565544 0.918509,
        2.657480 -2.470472 0.918509,
        2.698249 -2.470472 0.887226,
        2.729532 -2.470472 0.846457,
        2.679601 -2.540070 0.887226,
        2.657480 -2.568898 0.887226,
        2.628652 -2.591018 0.887226,
        2.595081 -2.604924 0.887226,
        2.723724 -2.514595 0.846457,
        2.706693 -2.555711 0.846457,
        2.679601 -2.591018 0.846457,
        2.644294 -2.618110 0.846457,
        2.603178 -2.635141 0.846457,
        2.723724 -2.565544 0.798980,
        2.693506 -2.604924 0.798980,
        2.654126 -2.635141 0.798980,
        2.608268 -2.654137 0.798980,
        -0.712366 1.348425 0.938174,
        -0.720959 1.272156 0.938174,
        -0.759843 1.348425 0.918509,
        -0.767246 1.282720 0.918509,
        -0.800611 1.348425 0.887226,
        -0.806993 1.291792 0.887226,
        -0.831895 1.348425 0.846457,
        -0.837491 1.298754 0.846457,
        -0.851560 1.348425 0.798980,
        -0.856664 1.303129 0.798980,
        -0.871719 1.260105 0.798980,
        -0.895970 1.221509 0.798980,
        -0.928202 1.189277 0.798980,
        -0.966798 1.165026 0.798980,
        -1.009822 1.149971 0.798980,
        -0.854001 1.251572 0.846457,
        -0.880595 1.209248 0.846457,
        -0.915941 1.173902 0.846457,
        -0.958265 1.147308 0.846457,
        -1.005446 1.130798 0.846457,
        -0.825816 1.237999 0.887226,
        -0.856137 1.189743 0.887226,
        -0.896436 1.149444 0.887226,
        -0.944692 1.119123 0.887226,
        -0.998485 1.100300 0.887226,
        -0.789084 1.220310 0.918509,
        -0.824262 1.164324 0.918509,
        -0.871017 1.117569 0.918509,
        -0.927003 1.082391 0.918509,
        -0.989413 1.060553 0.918509,
        -0.746309 1.199711 0.938174,
        -0.787144 1.134723 0.938174,
        -0.841416 1.080451 0.938174,
        -0.906404 1.039616 0.938174,
        -0.978848 1.014267 0.938174,
        2.749198 2.521421 0.748031,
        2.729532 2.568898 0.748031,
        2.698249 2.609667 0.748031,
        2.657480 2.640950 0.748031,
        2.610004 2.660615 0.748031,
        2.610004 2.470472 0.938174,
        2.657480 2.470472 0.918509,
        2.698249 2.470472 0.887226,
        2.729532 2.470472 0.846457,
        2.749198 2.470472 0.798980,
        -0.851560 2.470472 0.798980,
        -0.831895 2.470472 0.846457,
        -0.800611 2.470472 0.887226,
        -0.759843 2.470472 0.918509,
        -0.712366 2.470472 0.938174,
        -0.851560 2.521421 0.748031,
        -0.831895 2.568898 0.748031,
        -0.800611 2.609667 0.748031,
        -0.759843 2.640950 0.748031,
        -0.712366 2.660615 0.748031,
        2.559055 2.660615 0.798980,
        2.608268 2.654137 0.798980,
        2.608268 2.555711 0.918509,
        2.584530 2.514595 0.938174,
        2.595081 2.506498 0.938174,
        2.608268 2.483659 0.938174,
        2.572242 2.519685 0.938174,
        2.584530 2.565544 0.918509,
        2.595081 2.604924 0.887226,
        2.559055 2.521421 0.938174,
        2.628652 2.540070 0.918509,
        2.603178 2.495947 0.938174,
        2.644294 2.519685 0.918509,
        2.654126 2.495947 0.918509,
        2.559055 2.568898 0.918509,
        2.559055 2.609667 0.887226,
        2.559055 2.640950 0.846457,
        2.628652 2.591018 0.887226,
        2.657480 2.568898 0.887226,
        2.679601 2.540070 0.887226,
        2.693506 2.506498 0.887226,
        2.603178 2.635141 0.846457,
        2.644294 2.618110 0.846457,
        2.679601 2.591018 0.846457,
        2.706693 2.555711 0.846457,
        2.723724 2.514595 0.846457,
        2.654126 2.635141 0.798980,
        2.693506 2.604924 0.798980,
        2.723724 2.565544 0.798980,
        2.742719 2.519685 0.798980,
        -0.845081 2.519685 0.798980,
        -0.746656 2.519685 0.918509,
        -0.705540 2.495947 0.938174,
        -0.697443 2.506498 0.938174,
        -0.661417 2.521421 0.938174,
        -0.674604 2.519685 0.938174,
        -0.710630 2.483659 0.938174,
        -0.756489 2.495947 0.918509,
        -0.795869 2.506498 0.887226,
        -0.731015 2.540070 0.918509,
        -0.686892 2.514595 0.938174,
        -0.710630 2.555711 0.918509,
        -0.686892 2.565544 0.918509,
        -0.661417 2.568898 0.918509,
        -0.781963 2.540070 0.887226,
        -0.759843 2.568898 0.887226,
        -0.731015 2.591018 0.887226,
        -0.697443 2.604924 0.887226,
        -0.661417 2.609667 0.887226,
        -0.826086 2.514595 0.846457,
        -0.809055 2.555711 0.846457,
        -0.781963 2.591018 0.846457,
        -0.746656 2.618110 0.846457,
        -0.705540 2.635141 0.846457,
        -0.661417 2.640950 0.846457,
        -0.826086 2.565544 0.798980,
        -0.795869 2.604924 0.798980,
        -0.756489 2.635141 0.798980,
        -0.710630 2.654137 0.798980,
        -0.661417 2.660615 0.798980,
      ]
    }
    coordIndex [
      32, 31, 42, -1,
      42, 31, 43, -1,
      44, 45, 26, -1,
      26, 45, 27, -1,
      3, 34, 46, -1,
      46, 34, 47, -1,
      48, 49, 40, -1,
      40, 49, 41, -1,
      50, 51, 52, -1,
      52, 53, 50, -1,
      50, 53, 54, -1,
      50, 54, 55, -1,
      55, 54, 56, -1,
      55, 56, 57, -1,
      58, 59, 60, -1,
      60, 59, 61, -1,
      60, 61, 50, -1,
      50, 61, 62, -1,
      50, 62, 51, -1,
      19, 18, 63, -1,
      63, 18, 64, -1,
      8, 9, 65, -1,
      65, 9, 66, -1,
      47, 34, 33, -1,
      47, 33, 67, -1,
      67, 33, 23, -1,
      67, 23, 68, -1,
      68, 23, 22, -1,
      68, 22, 69, -1,
      69, 22, 21, -1,
      69, 21, 70, -1,
      70, 21, 20, -1,
      70, 20, 71, -1,
      71, 20, 41, -1,
      71, 41, 49, -1,
      55, 57, 72, -1,
      55, 72, 73, -1,
      73, 72, 74, -1,
      73, 74, 75, -1,
      75, 74, 76, -1,
      75, 76, 77, -1,
      77, 76, 78, -1,
      77, 78, 79, -1,
      79, 78, 80, -1,
      79, 80, 81, -1,
      81, 80, 46, -1,
      81, 46, 47, -1,
      3, 46, 82, -1,
      3, 82, 35, -1,
      35, 82, 83, -1,
      35, 83, 36, -1,
      36, 83, 84, -1,
      36, 84, 37, -1,
      37, 84, 85, -1,
      37, 85, 38, -1,
      38, 85, 86, -1,
      38, 86, 10, -1,
      10, 86, 66, -1,
      10, 66, 9, -1,
      49, 87, 88, -1,
      89, 90, 91, -1,
      55, 73, 92, -1,
      91, 90, 55, -1,
      93, 55, 90, -1,
      93, 90, 94, -1,
      94, 90, 89, -1,
      94, 89, 95, -1,
      96, 55, 93, -1,
      97, 98, 99, -1,
      99, 98, 92, -1,
      99, 92, 100, -1,
      100, 92, 73, -1,
      100, 73, 75, -1,
      96, 93, 101, -1,
      101, 93, 94, -1,
      101, 94, 102, -1,
      102, 94, 95, -1,
      102, 95, 103, -1,
      104, 97, 105, -1,
      105, 97, 99, -1,
      105, 99, 106, -1,
      106, 99, 100, -1,
      106, 100, 107, -1,
      107, 100, 75, -1,
      107, 75, 77, -1,
      108, 104, 109, -1,
      109, 104, 105, -1,
      109, 105, 110, -1,
      110, 105, 106, -1,
      110, 106, 111, -1,
      111, 106, 107, -1,
      111, 107, 112, -1,
      112, 107, 77, -1,
      112, 77, 79, -1,
      87, 108, 88, -1,
      88, 108, 109, -1,
      88, 109, 113, -1,
      113, 109, 110, -1,
      113, 110, 114, -1,
      114, 110, 111, -1,
      114, 111, 115, -1,
      115, 111, 112, -1,
      115, 112, 116, -1,
      116, 112, 79, -1,
      116, 79, 81, -1,
      49, 88, 71, -1,
      71, 88, 113, -1,
      71, 113, 70, -1,
      70, 113, 114, -1,
      70, 114, 69, -1,
      69, 114, 115, -1,
      69, 115, 68, -1,
      68, 115, 116, -1,
      68, 116, 67, -1,
      67, 116, 81, -1,
      67, 81, 47, -1,
      98, 55, 92, -1,
      87, 103, 108, -1,
      108, 103, 95, -1,
      108, 95, 104, -1,
      104, 95, 89, -1,
      104, 89, 97, -1,
      97, 89, 91, -1,
      97, 91, 98, -1,
      98, 91, 55, -1,
      46, 80, 117, -1,
      118, 119, 120, -1,
      57, 121, 122, -1,
      120, 119, 57, -1,
      123, 57, 119, -1,
      123, 119, 124, -1,
      124, 119, 118, -1,
      124, 118, 125, -1,
      72, 57, 123, -1,
      126, 127, 128, -1,
      128, 127, 122, -1,
      128, 122, 129, -1,
      129, 122, 121, -1,
      129, 121, 130, -1,
      72, 123, 74, -1,
      74, 123, 124, -1,
      74, 124, 76, -1,
      76, 124, 125, -1,
      76, 125, 78, -1,
      131, 126, 132, -1,
      132, 126, 128, -1,
      132, 128, 133, -1,
      133, 128, 129, -1,
      133, 129, 134, -1,
      134, 129, 130, -1,
      134, 130, 135, -1,
      136, 131, 137, -1,
      137, 131, 132, -1,
      137, 132, 138, -1,
      138, 132, 133, -1,
      138, 133, 139, -1,
      139, 133, 134, -1,
      139, 134, 140, -1,
      140, 134, 135, -1,
      140, 135, 141, -1,
      80, 136, 117, -1,
      117, 136, 137, -1,
      117, 137, 142, -1,
      142, 137, 138, -1,
      142, 138, 143, -1,
      143, 138, 139, -1,
      143, 139, 144, -1,
      144, 139, 140, -1,
      144, 140, 145, -1,
      145, 140, 141, -1,
      145, 141, 146, -1,
      46, 117, 82, -1,
      82, 117, 142, -1,
      82, 142, 83, -1,
      83, 142, 143, -1,
      83, 143, 84, -1,
      84, 143, 144, -1,
      84, 144, 85, -1,
      85, 144, 145, -1,
      85, 145, 86, -1,
      86, 145, 146, -1,
      86, 146, 66, -1,
      127, 57, 122, -1,
      80, 78, 136, -1,
      136, 78, 125, -1,
      136, 125, 131, -1,
      131, 125, 118, -1,
      131, 118, 126, -1,
      126, 118, 120, -1,
      126, 120, 127, -1,
      127, 120, 57, -1,
      48, 40, 39, -1,
      48, 39, 147, -1,
      147, 39, 14, -1,
      147, 14, 148, -1,
      148, 14, 13, -1,
      148, 13, 149, -1,
      149, 13, 12, -1,
      149, 12, 150, -1,
      150, 12, 11, -1,
      150, 11, 151, -1,
      151, 11, 32, -1,
      151, 32, 42, -1,
      50, 55, 96, -1,
      50, 96, 152, -1,
      152, 96, 101, -1,
      152, 101, 153, -1,
      153, 101, 102, -1,
      153, 102, 154, -1,
      154, 102, 103, -1,
      154, 103, 155, -1,
      155, 103, 87, -1,
      155, 87, 156, -1,
      156, 87, 49, -1,
      156, 49, 48, -1,
      65, 66, 146, -1,
      65, 146, 157, -1,
      157, 146, 141, -1,
      157, 141, 158, -1,
      158, 141, 135, -1,
      158, 135, 159, -1,
      159, 135, 130, -1,
      159, 130, 160, -1,
      160, 130, 121, -1,
      160, 121, 161, -1,
      161, 121, 57, -1,
      161, 57, 56, -1,
      64, 18, 162, -1,
      162, 18, 29, -1,
      162, 29, 163, -1,
      163, 29, 164, -1,
      164, 29, 28, -1,
      164, 28, 165, -1,
      165, 28, 166, -1,
      166, 28, 17, -1,
      166, 17, 167, -1,
      167, 17, 168, -1,
      168, 17, 16, -1,
      168, 16, 169, -1,
      169, 16, 170, -1,
      170, 16, 15, -1,
      170, 15, 171, -1,
      171, 15, 172, -1,
      172, 15, 8, -1,
      172, 8, 65, -1,
      42, 173, 174, -1,
      175, 176, 177, -1,
      50, 152, 178, -1,
      177, 176, 50, -1,
      179, 50, 176, -1,
      179, 176, 180, -1,
      180, 176, 175, -1,
      180, 175, 181, -1,
      182, 50, 179, -1,
      183, 184, 185, -1,
      185, 184, 178, -1,
      185, 178, 186, -1,
      186, 178, 152, -1,
      186, 152, 153, -1,
      182, 179, 187, -1,
      187, 179, 180, -1,
      187, 180, 188, -1,
      188, 180, 181, -1,
      188, 181, 189, -1,
      190, 183, 191, -1,
      191, 183, 185, -1,
      191, 185, 192, -1,
      192, 185, 186, -1,
      192, 186, 193, -1,
      193, 186, 153, -1,
      193, 153, 154, -1,
      194, 190, 195, -1,
      195, 190, 191, -1,
      195, 191, 196, -1,
      196, 191, 192, -1,
      196, 192, 197, -1,
      197, 192, 193, -1,
      197, 193, 198, -1,
      198, 193, 154, -1,
      198, 154, 155, -1,
      173, 194, 174, -1,
      174, 194, 195, -1,
      174, 195, 199, -1,
      199, 195, 196, -1,
      199, 196, 200, -1,
      200, 196, 197, -1,
      200, 197, 201, -1,
      201, 197, 198, -1,
      201, 198, 202, -1,
      202, 198, 155, -1,
      202, 155, 156, -1,
      42, 174, 151, -1,
      151, 174, 199, -1,
      151, 199, 150, -1,
      150, 199, 200, -1,
      150, 200, 149, -1,
      149, 200, 201, -1,
      149, 201, 148, -1,
      148, 201, 202, -1,
      148, 202, 147, -1,
      147, 202, 156, -1,
      147, 156, 48, -1,
      184, 50, 178, -1,
      173, 189, 194, -1,
      194, 189, 181, -1,
      194, 181, 190, -1,
      190, 181, 175, -1,
      190, 175, 183, -1,
      183, 175, 177, -1,
      183, 177, 184, -1,
      184, 177, 50, -1,
      59, 203, 204, -1,
      203, 205, 206, -1,
      205, 207, 208, -1,
      207, 209, 210, -1,
      209, 211, 212, -1,
      211, 64, 162, -1,
      211, 162, 212, -1,
      212, 162, 163, -1,
      212, 163, 213, -1,
      163, 164, 213, -1,
      213, 164, 165, -1,
      213, 165, 214, -1,
      165, 166, 214, -1,
      214, 166, 167, -1,
      214, 167, 215, -1,
      167, 168, 215, -1,
      215, 168, 169, -1,
      215, 169, 216, -1,
      169, 170, 216, -1,
      216, 170, 171, -1,
      216, 171, 217, -1,
      171, 172, 217, -1,
      217, 172, 65, -1,
      217, 65, 157, -1,
      209, 212, 210, -1,
      210, 212, 213, -1,
      210, 213, 218, -1,
      218, 213, 214, -1,
      218, 214, 219, -1,
      219, 214, 215, -1,
      219, 215, 220, -1,
      220, 215, 216, -1,
      220, 216, 221, -1,
      221, 216, 217, -1,
      221, 217, 222, -1,
      222, 217, 157, -1,
      222, 157, 158, -1,
      207, 210, 208, -1,
      208, 210, 218, -1,
      208, 218, 223, -1,
      223, 218, 219, -1,
      223, 219, 224, -1,
      224, 219, 220, -1,
      224, 220, 225, -1,
      225, 220, 221, -1,
      225, 221, 226, -1,
      226, 221, 222, -1,
      226, 222, 227, -1,
      227, 222, 158, -1,
      227, 158, 159, -1,
      205, 208, 206, -1,
      206, 208, 223, -1,
      206, 223, 228, -1,
      228, 223, 224, -1,
      228, 224, 229, -1,
      229, 224, 225, -1,
      229, 225, 230, -1,
      230, 225, 226, -1,
      230, 226, 231, -1,
      231, 226, 227, -1,
      231, 227, 232, -1,
      232, 227, 159, -1,
      232, 159, 160, -1,
      203, 206, 204, -1,
      204, 206, 228, -1,
      204, 228, 233, -1,
      233, 228, 229, -1,
      233, 229, 234, -1,
      234, 229, 230, -1,
      234, 230, 235, -1,
      235, 230, 231, -1,
      235, 231, 236, -1,
      236, 231, 232, -1,
      236, 232, 237, -1,
      237, 232, 160, -1,
      237, 160, 161, -1,
      59, 204, 61, -1,
      61, 204, 233, -1,
      61, 233, 62, -1,
      62, 233, 234, -1,
      62, 234, 51, -1,
      51, 234, 235, -1,
      51, 235, 52, -1,
      52, 235, 236, -1,
      52, 236, 53, -1,
      53, 236, 237, -1,
      53, 237, 54, -1,
      54, 237, 161, -1,
      54, 161, 56, -1,
      43, 31, 30, -1,
      43, 30, 238, -1,
      238, 30, 7, -1,
      238, 7, 239, -1,
      239, 7, 6, -1,
      239, 6, 240, -1,
      240, 6, 5, -1,
      240, 5, 241, -1,
      241, 5, 4, -1,
      241, 4, 242, -1,
      242, 4, 27, -1,
      242, 27, 45, -1,
      60, 50, 182, -1,
      60, 182, 243, -1,
      243, 182, 187, -1,
      243, 187, 244, -1,
      244, 187, 188, -1,
      244, 188, 245, -1,
      245, 188, 189, -1,
      245, 189, 246, -1,
      246, 189, 173, -1,
      246, 173, 247, -1,
      247, 173, 42, -1,
      247, 42, 43, -1,
      63, 64, 211, -1,
      63, 211, 248, -1,
      248, 211, 209, -1,
      248, 209, 249, -1,
      249, 209, 207, -1,
      249, 207, 250, -1,
      250, 207, 205, -1,
      250, 205, 251, -1,
      251, 205, 203, -1,
      251, 203, 252, -1,
      252, 203, 59, -1,
      252, 59, 58, -1,
      19, 63, 253, -1,
      19, 253, 0, -1,
      0, 253, 254, -1,
      0, 254, 1, -1,
      1, 254, 255, -1,
      1, 255, 2, -1,
      2, 255, 256, -1,
      2, 256, 24, -1,
      24, 256, 257, -1,
      24, 257, 25, -1,
      25, 257, 44, -1,
      25, 44, 26, -1,
      45, 258, 259, -1,
      260, 261, 262, -1,
      60, 243, 263, -1,
      262, 261, 60, -1,
      264, 60, 261, -1,
      264, 261, 265, -1,
      265, 261, 260, -1,
      265, 260, 266, -1,
      267, 60, 264, -1,
      268, 269, 270, -1,
      270, 269, 263, -1,
      270, 263, 271, -1,
      271, 263, 243, -1,
      271, 243, 244, -1,
      267, 264, 272, -1,
      272, 264, 265, -1,
      272, 265, 273, -1,
      273, 265, 266, -1,
      273, 266, 274, -1,
      275, 268, 276, -1,
      276, 268, 270, -1,
      276, 270, 277, -1,
      277, 270, 271, -1,
      277, 271, 278, -1,
      278, 271, 244, -1,
      278, 244, 245, -1,
      279, 275, 280, -1,
      280, 275, 276, -1,
      280, 276, 281, -1,
      281, 276, 277, -1,
      281, 277, 282, -1,
      282, 277, 278, -1,
      282, 278, 283, -1,
      283, 278, 245, -1,
      283, 245, 246, -1,
      258, 279, 259, -1,
      259, 279, 280, -1,
      259, 280, 284, -1,
      284, 280, 281, -1,
      284, 281, 285, -1,
      285, 281, 282, -1,
      285, 282, 286, -1,
      286, 282, 283, -1,
      286, 283, 287, -1,
      287, 283, 246, -1,
      287, 246, 247, -1,
      45, 259, 242, -1,
      242, 259, 284, -1,
      242, 284, 241, -1,
      241, 284, 285, -1,
      241, 285, 240, -1,
      240, 285, 286, -1,
      240, 286, 239, -1,
      239, 286, 287, -1,
      239, 287, 238, -1,
      238, 287, 247, -1,
      238, 247, 43, -1,
      269, 60, 263, -1,
      258, 274, 279, -1,
      279, 274, 266, -1,
      279, 266, 275, -1,
      275, 266, 260, -1,
      275, 260, 268, -1,
      268, 260, 262, -1,
      268, 262, 269, -1,
      269, 262, 60, -1,
      63, 248, 288, -1,
      289, 290, 291, -1,
      58, 292, 293, -1,
      291, 290, 58, -1,
      294, 58, 290, -1,
      294, 290, 295, -1,
      295, 290, 289, -1,
      295, 289, 296, -1,
      252, 58, 294, -1,
      297, 298, 299, -1,
      299, 298, 293, -1,
      299, 293, 300, -1,
      300, 293, 292, -1,
      300, 292, 301, -1,
      252, 294, 251, -1,
      251, 294, 295, -1,
      251, 295, 250, -1,
      250, 295, 296, -1,
      250, 296, 249, -1,
      302, 297, 303, -1,
      303, 297, 299, -1,
      303, 299, 304, -1,
      304, 299, 300, -1,
      304, 300, 305, -1,
      305, 300, 301, -1,
      305, 301, 306, -1,
      307, 302, 308, -1,
      308, 302, 303, -1,
      308, 303, 309, -1,
      309, 303, 304, -1,
      309, 304, 310, -1,
      310, 304, 305, -1,
      310, 305, 311, -1,
      311, 305, 306, -1,
      311, 306, 312, -1,
      248, 307, 288, -1,
      288, 307, 308, -1,
      288, 308, 313, -1,
      313, 308, 309, -1,
      313, 309, 314, -1,
      314, 309, 310, -1,
      314, 310, 315, -1,
      315, 310, 311, -1,
      315, 311, 316, -1,
      316, 311, 312, -1,
      316, 312, 317, -1,
      63, 288, 253, -1,
      253, 288, 313, -1,
      253, 313, 254, -1,
      254, 313, 314, -1,
      254, 314, 255, -1,
      255, 314, 315, -1,
      255, 315, 256, -1,
      256, 315, 316, -1,
      256, 316, 257, -1,
      257, 316, 317, -1,
      257, 317, 44, -1,
      298, 58, 293, -1,
      248, 249, 307, -1,
      307, 249, 296, -1,
      307, 296, 302, -1,
      302, 296, 289, -1,
      302, 289, 297, -1,
      297, 289, 291, -1,
      297, 291, 298, -1,
      298, 291, 58, -1,
      58, 60, 267, -1,
      58, 267, 292, -1,
      292, 267, 272, -1,
      292, 272, 301, -1,
      301, 272, 273, -1,
      301, 273, 306, -1,
      306, 273, 274, -1,
      306, 274, 312, -1,
      312, 274, 258, -1,
      312, 258, 317, -1,
      317, 258, 45, -1,
      317, 45, 44, -1,
    ]
  }
}

Shape {
  appearance Appearance {
    material Material {
      diffuseColor 0.0000 0.0000 0.0000
      specularColor 0.0000 0.0000 0.0000
      ambientIntensity 0.2
      transparency 0.0000
      shininess 0.5
    }
  }
  geometry IndexedFaceSet {
    ccw TRUE
    solid FALSE
    coord DEF co Coordinate {
      point [
        -2.583379 2.533156 0.314961,
        -2.571580 2.561642 0.314961,
        -2.567555 2.592211 0.314961,
        -2.803776 2.592211 0.314961,
        -2.799751 2.561642 0.314961,
        -2.787952 2.533156 0.314961,
        -2.769181 2.508694 0.314961,
        -2.799751 2.622780 0.314961,
        -2.787952 2.651266 0.314961,
        -2.769181 2.675728 0.314961,
        -2.583379 2.651266 0.314961,
        -2.571580 2.622780 0.314961,
        -2.602148 2.508694 0.314961,
        -2.626610 2.489924 0.314961,
        -2.655096 2.478125 0.314961,
        -2.744720 2.694497 0.314961,
        -2.716234 2.706296 0.314961,
        -2.685665 2.710321 0.314961,
        -2.655096 2.706296 0.314961,
        -2.626610 2.694497 0.314961,
        -2.602148 2.675728 0.314961,
        -2.685665 2.474100 0.314961,
        -2.716234 2.478125 0.314961,
        -2.744720 2.489924 0.314961,
        -2.567555 2.592211 0.314567,
        -2.571580 2.622780 0.314567,
        -2.583379 2.651266 0.314567,
        -2.602148 2.675728 0.314567,
        -2.626610 2.694497 0.314567,
        -2.655096 2.706296 0.314567,
        -2.685665 2.710321 0.314567,
        -2.716234 2.706296 0.314567,
        -2.744720 2.694497 0.314567,
        -2.769181 2.675728 0.314567,
        -2.787952 2.651266 0.314567,
        -2.799751 2.622780 0.314567,
        -2.803776 2.592211 0.314567,
        -2.799751 2.561642 0.314567,
        -2.787952 2.533156 0.314567,
        -2.769181 2.508694 0.314567,
        -2.744720 2.489924 0.314567,
        -2.716234 2.478125 0.314567,
        -2.685665 2.474100 0.314567,
        -2.655096 2.478125 0.314567,
        -2.626610 2.489924 0.314567,
        -2.602148 2.508694 0.314567,
        -2.583379 2.533156 0.314567,
        -2.571580 2.561642 0.314567,
        -2.685665 2.592211 0.314567,
      ]
    }
    coordIndex [
      24, 2, 25, -1,
      25, 2, 11, -1,
      25, 11, 26, -1,
      26, 11, 10, -1,
      26, 10, 27, -1,
      27, 10, 20, -1,
      27, 20, 28, -1,
      28, 20, 19, -1,
      28, 19, 29, -1,
      29, 19, 18, -1,
      29, 18, 30, -1,
      30, 18, 17, -1,
      30, 17, 31, -1,
      31, 17, 16, -1,
      31, 16, 32, -1,
      32, 16, 15, -1,
      32, 15, 33, -1,
      33, 15, 9, -1,
      33, 9, 34, -1,
      34, 9, 8, -1,
      34, 8, 35, -1,
      35, 8, 7, -1,
      35, 7, 36, -1,
      36, 7, 3, -1,
      36, 3, 37, -1,
      37, 3, 4, -1,
      37, 4, 38, -1,
      38, 4, 5, -1,
      38, 5, 39, -1,
      39, 5, 6, -1,
      39, 6, 40, -1,
      40, 6, 23, -1,
      40, 23, 41, -1,
      41, 23, 22, -1,
      41, 22, 42, -1,
      42, 22, 21, -1,
      42, 21, 43, -1,
      43, 21, 14, -1,
      43, 14, 44, -1,
      44, 14, 13, -1,
      44, 13, 45, -1,
      45, 13, 12, -1,
      45, 12, 46, -1,
      46, 12, 0, -1,
      46, 0, 47, -1,
      47, 0, 1, -1,
      47, 1, 24, -1,
      24, 1, 2, -1,
      46, 47, 48, -1,
      48, 47, 24, -1,
      48, 24, 25, -1,
      43, 44, 48, -1,
      48, 44, 45, -1,
      48, 45, 46, -1,
      40, 41, 48, -1,
      48, 41, 42, -1,
      48, 42, 43, -1,
      37, 38, 48, -1,
      48, 38, 39, -1,
      48, 39, 40, -1,
      34, 35, 48, -1,
      48, 35, 36, -1,
      48, 36, 37, -1,
      31, 32, 48, -1,
      48, 32, 33, -1,
      48, 33, 34, -1,
      28, 29, 48, -1,
      48, 29, 30, -1,
      48, 30, 31, -1,
      25, 26, 48, -1,
      48, 26, 27, -1,
      48, 27, 28, -1,
    ]
  }
}

Shape {
  appearance Appearance {
    material Material {
      diffuseColor 0.7529 0.7529 0.7529
      specularColor 0.3765 0.3765 0.3765
      ambientIntensity 0.2
      transparency 0.0000
      shininess 0.5
    }
  }
  geometry IndexedFaceSet {
    ccw TRUE
    solid FALSE
    coord DEF co Coordinate {
      point [
        -1.413386 2.408528 0.314961,
        -1.413386 1.621126 0.314961,
        -2.200787 1.621126 0.314961,
        -2.200787 2.408528 0.314961,
        -2.200787 1.621126 0.433071,
        -2.200787 2.408528 0.433071,
        -1.413386 1.621126 0.433071,
        -1.413386 2.408528 0.433071,
        -1.464830 1.923119 0.433071,
        -1.452756 2.014827 0.433071,
        -1.464830 2.106534 0.433071,
        -1.984252 2.321686 0.433071,
        -2.057636 2.265376 0.433071,
        -2.113946 2.191992 0.433071,
        -1.898794 2.357084 0.433071,
        -1.807087 2.369157 0.433071,
        -1.715379 2.357084 0.433071,
        -1.629921 2.321686 0.433071,
        -1.556537 2.265376 0.433071,
        -1.500227 2.191992 0.433071,
        -1.984252 1.707967 0.433071,
        -2.057636 1.764277 0.433071,
        -2.113946 1.837661 0.433071,
        -1.500227 1.837661 0.433071,
        -1.556537 1.764277 0.433071,
        -1.629921 1.707967 0.433071,
        -1.715379 1.672569 0.433071,
        -1.807087 1.660496 0.433071,
        -1.898794 1.672569 0.433071,
        -2.149344 1.923119 0.433071,
        -2.161417 2.014827 0.433071,
        -2.149344 2.106534 0.433071,
      ]
    }
    coordIndex [
      4, 5, 2, -1,
      2, 5, 3, -1,
      6, 4, 1, -1,
      1, 4, 2, -1,
      7, 6, 0, -1,
      0, 6, 1, -1,
      5, 7, 3, -1,
      3, 7, 0, -1,
      8, 6, 9, -1,
      9, 6, 7, -1,
      9, 7, 10, -1,
      11, 5, 12, -1,
      12, 5, 13, -1,
      11, 14, 5, -1,
      5, 14, 15, -1,
      5, 15, 7, -1,
      7, 15, 16, -1,
      7, 16, 17, -1,
      17, 18, 7, -1,
      7, 18, 19, -1,
      7, 19, 10, -1,
      20, 21, 4, -1,
      4, 21, 22, -1,
      8, 23, 6, -1,
      6, 23, 24, -1,
      6, 24, 25, -1,
      25, 26, 6, -1,
      6, 26, 27, -1,
      6, 27, 4, -1,
      4, 27, 28, -1,
      4, 28, 20, -1,
      22, 29, 4, -1,
      4, 29, 30, -1,
      4, 30, 5, -1,
      5, 30, 31, -1,
      5, 31, 13, -1,
    ]
  }
}

Shape {
  appearance Appearance {
    material Material {
      diffuseColor 1.0000 1.0000 0.0000
      specularColor 0.5020 0.5020 0.0000
      ambientIntensity 0.2
      transparency 0.0000
      shininess 0.5
    }
  }
  geometry IndexedFaceSet {
    ccw TRUE
    solid FALSE
    coord DEF co Coordinate {
      point [
        -1.464830 1.923119 0.433071,
        -1.452756 2.014827 0.433071,
        -1.464830 2.106534 0.433071,
        -1.984252 2.321686 0.433071,
        -2.057636 2.265376 0.433071,
        -2.113946 2.191992 0.433071,
        -1.898794 2.357084 0.433071,
        -1.807087 2.369157 0.433071,
        -1.715379 2.357084 0.433071,
        -1.629921 2.321686 0.433071,
        -1.556537 2.265376 0.433071,
        -1.500227 2.191992 0.433071,
        -1.984252 1.707967 0.433071,
        -2.057636 1.764277 0.433071,
        -2.113946 1.837661 0.433071,
        -1.500227 1.837661 0.433071,
        -1.556537 1.764277 0.433071,
        -1.629921 1.707967 0.433071,
        -1.715379 1.672569 0.433071,
        -1.807087 1.660496 0.433071,
        -1.898794 1.672569 0.433071,
        -2.149344 1.923119 0.433071,
        -2.161417 2.014827 0.433071,
        -2.149344 2.106534 0.433071,
        -2.073287 1.943498 0.748031,
        -2.149344 1.923119 0.748031,
        -2.045755 1.877031 0.748031,
        -2.113946 1.837661 0.748031,
        -2.001959 1.819955 0.748031,
        -2.057636 1.764277 0.748031,
        -1.944882 1.776158 0.748031,
        -1.984252 1.707967 0.748031,
        -1.878415 1.748626 0.748031,
        -1.898794 1.672569 0.748031,
        -1.807087 1.739236 0.748031,
        -1.807087 1.660496 0.748031,
        -1.735758 1.748626 0.748031,
        -1.715379 1.672569 0.748031,
        -1.669291 1.776158 0.748031,
        -1.629921 1.707967 0.748031,
        -1.612215 1.819955 0.748031,
        -1.556537 1.764277 0.748031,
        -1.568418 1.877031 0.748031,
        -1.500227 1.837661 0.748031,
        -1.540887 1.943498 0.748031,
        -1.464830 1.923119 0.748031,
        -1.531496 2.014827 0.748031,
        -1.452756 2.014827 0.748031,
        -1.540887 2.086155 0.748031,
        -1.464830 2.106534 0.748031,
        -1.568418 2.152622 0.748031,
        -1.500227 2.191992 0.748031,
        -1.612215 2.209698 0.748031,
        -1.556537 2.265376 0.748031,
        -1.669291 2.253495 0.748031,
        -1.629921 2.321686 0.748031,
        -1.735758 2.281027 0.748031,
        -1.715379 2.357084 0.748031,
        -1.807087 2.290417 0.748031,
        -1.807087 2.369157 0.748031,
        -1.878415 2.281027 0.748031,
        -1.898794 2.357084 0.748031,
        -1.944882 2.253495 0.748031,
        -1.984252 2.321686 0.748031,
        -2.001959 2.209698 0.748031,
        -2.057636 2.265376 0.748031,
        -2.045755 2.152622 0.748031,
        -2.113946 2.191992 0.748031,
        -2.073287 2.086155 0.748031,
        -2.149344 2.106534 0.748031,
        -2.082677 2.014827 0.748031,
        -2.161417 2.014827 0.748031,
        -2.082677 2.014827 0.433071,
        -2.073287 2.086155 0.433071,
        -2.045755 2.152622 0.433071,
        -2.001959 2.209698 0.433071,
        -1.944882 2.253495 0.433071,
        -1.878415 2.281027 0.433071,
        -1.807087 2.290417 0.433071,
        -1.735758 2.281027 0.433071,
        -1.669291 2.253495 0.433071,
        -1.612215 2.209698 0.433071,
        -1.568418 2.152622 0.433071,
        -1.540887 2.086155 0.433071,
        -1.531496 2.014827 0.433071,
        -1.540887 1.943498 0.433071,
        -1.568418 1.877031 0.433071,
        -1.612215 1.819955 0.433071,
        -1.669291 1.776158 0.433071,
        -1.735758 1.748626 0.433071,
        -1.807087 1.739236 0.433071,
        -1.878415 1.748626 0.433071,
        -1.944882 1.776158 0.433071,
        -2.001959 1.819955 0.433071,
        -2.045755 1.877031 0.433071,
        -2.073287 1.943498 0.433071,
      ]
    }
    coordIndex [
      24, 25, 26, -1,
      26, 25, 27, -1,
      26, 27, 28, -1,
      28, 27, 29, -1,
      28, 29, 30, -1,
      30, 29, 31, -1,
      30, 31, 32, -1,
      32, 31, 33, -1,
      32, 33, 34, -1,
      34, 33, 35, -1,
      34, 35, 36, -1,
      36, 35, 37, -1,
      36, 37, 38, -1,
      38, 37, 39, -1,
      38, 39, 40, -1,
      40, 39, 41, -1,
      40, 41, 42, -1,
      42, 41, 43, -1,
      42, 43, 44, -1,
      44, 43, 45, -1,
      44, 45, 46, -1,
      46, 45, 47, -1,
      46, 47, 48, -1,
      48, 47, 49, -1,
      48, 49, 50, -1,
      50, 49, 51, -1,
      50, 51, 52, -1,
      52, 51, 53, -1,
      52, 53, 54, -1,
      54, 53, 55, -1,
      54, 55, 56, -1,
      56, 55, 57, -1,
      56, 57, 58, -1,
      58, 57, 59, -1,
      58, 59, 60, -1,
      60, 59, 61, -1,
      60, 61, 62, -1,
      62, 61, 63, -1,
      62, 63, 64, -1,
      64, 63, 65, -1,
      64, 65, 66, -1,
      66, 65, 67, -1,
      66, 67, 68, -1,
      68, 67, 69, -1,
      68, 69, 70, -1,
      70, 69, 71, -1,
      70, 71, 24, -1,
      24, 71, 25, -1,
      22, 69, 23, -1,
      23, 69, 67, -1,
      23, 67, 5, -1,
      5, 67, 65, -1,
      5, 65, 4, -1,
      4, 65, 63, -1,
      4, 63, 3, -1,
      3, 63, 61, -1,
      3, 61, 6, -1,
      6, 61, 59, -1,
      6, 59, 7, -1,
      7, 59, 57, -1,
      7, 57, 8, -1,
      8, 57, 55, -1,
      8, 55, 9, -1,
      9, 55, 53, -1,
      9, 53, 10, -1,
      10, 53, 51, -1,
      10, 51, 11, -1,
      11, 51, 49, -1,
      11, 49, 2, -1,
      2, 49, 47, -1,
      2, 47, 1, -1,
      1, 47, 45, -1,
      1, 45, 0, -1,
      0, 45, 43, -1,
      0, 43, 15, -1,
      15, 43, 41, -1,
      15, 41, 16, -1,
      16, 41, 39, -1,
      16, 39, 17, -1,
      17, 39, 37, -1,
      17, 37, 18, -1,
      18, 37, 35, -1,
      18, 35, 19, -1,
      19, 35, 33, -1,
      19, 33, 20, -1,
      20, 33, 31, -1,
      20, 31, 12, -1,
      12, 31, 29, -1,
      12, 29, 13, -1,
      13, 29, 27, -1,
      13, 27, 14, -1,
      14, 27, 25, -1,
      14, 25, 21, -1,
      21, 25, 71, -1,
      21, 71, 22, -1,
      22, 71, 69, -1,
      70, 72, 68, -1,
      68, 72, 73, -1,
      68, 73, 66, -1,
      66, 73, 74, -1,
      66, 74, 64, -1,
      64, 74, 75, -1,
      64, 75, 62, -1,
      62, 75, 76, -1,
      62, 76, 60, -1,
      60, 76, 77, -1,
      60, 77, 58, -1,
      58, 77, 78, -1,
      58, 78, 56, -1,
      56, 78, 79, -1,
      56, 79, 54, -1,
      54, 79, 80, -1,
      54, 80, 52, -1,
      52, 80, 81, -1,
      52, 81, 50, -1,
      50, 81, 82, -1,
      50, 82, 48, -1,
      48, 82, 83, -1,
      48, 83, 46, -1,
      46, 83, 84, -1,
      46, 84, 44, -1,
      44, 84, 85, -1,
      44, 85, 42, -1,
      42, 85, 86, -1,
      42, 86, 40, -1,
      40, 86, 87, -1,
      40, 87, 38, -1,
      38, 87, 88, -1,
      38, 88, 36, -1,
      36, 88, 89, -1,
      36, 89, 34, -1,
      34, 89, 90, -1,
      34, 90, 32, -1,
      32, 90, 91, -1,
      32, 91, 30, -1,
      30, 91, 92, -1,
      30, 92, 28, -1,
      28, 92, 93, -1,
      28, 93, 26, -1,
      26, 93, 94, -1,
      26, 94, 24, -1,
      24, 94, 95, -1,
      24, 95, 70, -1,
      70, 95, 72, -1,
    ]
  }
}

Shape {
  appearance Appearance {
    material Material {
      diffuseColor 0.7529 0.7529 0.7529
      specularColor 0.3765 0.3765 0.3765
      ambientIntensity 0.2
      transparency 0.0000
      shininess 0.5
    }
  }
  geometry IndexedFaceSet {
    ccw TRUE
    solid FALSE
    coord DEF co Coordinate {
      point [
        -2.082677 2.014827 0.433071,
        -2.073287 2.086155 0.433071,
        -2.045755 2.152622 0.433071,
        -2.001959 2.209698 0.433071,
        -1.944882 2.253495 0.433071,
        -1.878415 2.281027 0.433071,
        -1.807087 2.290417 0.433071,
        -1.735758 2.281027 0.433071,
        -1.669291 2.253495 0.433071,
        -1.612215 2.209698 0.433071,
        -1.568418 2.152622 0.433071,
        -1.540887 2.086155 0.433071,
        -1.531496 2.014827 0.433071,
        -1.540887 1.943498 0.433071,
        -1.568418 1.877031 0.433071,
        -1.612215 1.819955 0.433071,
        -1.669291 1.776158 0.433071,
        -1.735758 1.748626 0.433071,
        -1.807087 1.739236 0.433071,
        -1.878415 1.748626 0.433071,
        -1.944882 1.776158 0.433071,
        -2.001959 1.819955 0.433071,
        -2.045755 1.877031 0.433071,
        -2.073287 1.943498 0.433071,
        -1.748031 2.117113 0.433071,
        -1.776517 2.128912 0.433071,
        -1.807087 2.132937 0.433071,
        -1.837656 2.128912 0.433071,
        -1.866142 2.117113 0.433071,
        -1.890603 2.098343 0.433071,
        -1.909373 2.073882 0.433071,
        -1.921172 2.045396 0.433071,
        -1.925197 2.014827 0.433071,
        -1.921172 1.984257 0.433071,
        -1.909373 1.955771 0.433071,
        -1.890603 1.931310 0.433071,
        -1.866142 1.912540 0.433071,
        -1.837656 1.900741 0.433071,
        -1.807087 1.896716 0.433071,
        -1.776517 1.900741 0.433071,
        -1.748031 1.912540 0.433071,
        -1.723570 1.931310 0.433071,
        -1.704800 1.955771 0.433071,
        -1.693001 1.984257 0.433071,
        -1.688976 2.014827 0.433071,
        -1.693001 2.045396 0.433071,
        -1.704800 2.073882 0.433071,
        -1.723570 2.098343 0.433071,
      ]
    }
    coordIndex [
      24, 8, 25, -1,
      25, 8, 7, -1,
      25, 7, 26, -1,
      26, 7, 6, -1,
      26, 6, 27, -1,
      27, 6, 5, -1,
      27, 5, 28, -1,
      28, 5, 4, -1,
      28, 4, 29, -1,
      29, 4, 3, -1,
      29, 3, 30, -1,
      30, 3, 2, -1,
      30, 2, 31, -1,
      31, 2, 1, -1,
      31, 1, 32, -1,
      32, 1, 0, -1,
      32, 0, 33, -1,
      33, 0, 23, -1,
      33, 23, 34, -1,
      34, 23, 22, -1,
      34, 22, 35, -1,
      35, 22, 21, -1,
      35, 21, 36, -1,
      36, 21, 20, -1,
      36, 20, 37, -1,
      37, 20, 19, -1,
      37, 19, 38, -1,
      38, 19, 18, -1,
      38, 18, 39, -1,
      39, 18, 17, -1,
      39, 17, 40, -1,
      40, 17, 16, -1,
      40, 16, 41, -1,
      41, 16, 15, -1,
      41, 15, 42, -1,
      42, 15, 14, -1,
      42, 14, 43, -1,
      43, 14, 13, -1,
      43, 13, 44, -1,
      44, 13, 12, -1,
      44, 12, 45, -1,
      45, 12, 11, -1,
      45, 11, 46, -1,
      46, 11, 10, -1,
      46, 10, 47, -1,
      47, 10, 9, -1,
      47, 9, 24, -1,
      24, 9, 8, -1,
    ]
  }
}

Shape {
  appearance Appearance {
    material Material {
      diffuseColor 1.0000 1.0000 0.0000
      specularColor 0.5020 0.5020 0.0000
      ambientIntensity 0.2
      transparency 0.0000
      shininess 0.5
    }
  }
  geometry IndexedFaceSet {
    ccw TRUE
    solid FALSE
    coord DEF co Coordinate {
      point [
        2.913386 -0.255906 0.000000,
        2.598425 -0.255906 0.000000,
        0.885827 0.885827 0.000000,
        0.503378 0.885827 0.000000,
        -0.885827 0.649606 0.000000,
        -0.885827 0.501969 0.000000,
        -0.236220 -0.236220 0.000000,
        -0.132785 -0.236220 0.000000,
        -0.236220 0.501969 0.000000,
        -0.413386 0.501969 0.000000,
        -0.236220 0.413386 0.000000,
        -0.132785 0.413386 0.000000,
        0.503378 0.236220 0.000000,
        0.413386 0.236220 0.000000,
        -0.413386 -0.885827 0.000000,
        -0.132785 -0.413386 0.000000,
        -0.236220 -0.413386 0.000000,
        -0.885827 -0.885827 0.000000,
        -0.879000 -0.885827 0.000000,
        -0.885827 -0.413386 0.000000,
        -0.879000 -0.413386 0.000000,
        -0.413386 -0.413386 0.000000,
        0.155289 0.885827 0.000000,
        -0.132785 0.885827 0.000000,
        -0.236220 0.885827 0.000000,
        0.236220 0.413386 0.000000,
        0.236220 0.501969 0.000000,
        0.155289 0.413386 0.000000,
        -0.885827 0.236220 0.000000,
        -0.879000 0.236220 0.000000,
        -0.413386 0.413386 0.000000,
        -0.236220 0.236220 0.000000,
        -0.885827 -0.236220 0.000000,
        -0.879000 -0.236220 0.000000,
        -0.413386 -0.236220 0.000000,
        0.155289 -0.236220 0.000000,
        0.236220 -0.236220 0.000000,
        0.236220 -0.157480 0.000000,
        0.236220 0.236220 0.000000,
        0.155289 0.236220 0.000000,
        -0.132785 0.236220 0.000000,
        -0.879000 0.656433 0.000000,
        -0.649606 0.885827 0.000000,
        -0.885827 0.413386 0.000000,
        -0.879000 0.413386 0.000000,
        -0.413386 0.236220 0.000000,
        -0.413386 -0.157480 0.000000,
        -0.236220 -0.157480 0.000000,
        -0.236220 -0.885827 0.000000,
        -0.132785 -0.885827 0.000000,
        0.155289 -0.885827 0.000000,
        0.236220 -0.885827 0.000000,
        0.236220 -0.413386 0.000000,
        0.155289 -0.413386 0.000000,
        0.885827 -0.413386 0.000000,
        0.503378 -0.413386 0.000000,
        0.413386 -0.413386 0.000000,
        0.413386 -0.885827 0.000000,
        0.503378 -0.885827 0.000000,
        0.885827 -0.885827 0.000000,
        0.413386 0.885827 0.000000,
        0.236220 0.885827 0.000000,
        0.503378 0.413386 0.000000,
        0.885827 0.413386 0.000000,
        0.885827 0.501969 0.000000,
        0.413386 0.501969 0.000000,
        0.413386 0.413386 0.000000,
        0.885827 0.236220 0.000000,
        0.885827 -0.157480 0.000000,
        0.885827 -0.236220 0.000000,
        0.503378 -0.236220 0.000000,
        0.413386 -0.236220 0.000000,
        0.413386 -0.157480 0.000000,
        2.598425 -2.421260 0.000000,
        2.913386 -2.421260 0.000000,
        2.913386 -2.263780 0.000000,
        2.598425 -2.263780 0.000000,
        -2.913386 -2.263780 0.000000,
        -2.913386 -2.421260 0.000000,
        -2.598425 -2.421260 0.000000,
        -2.598425 -2.263780 0.000000,
        2.598425 -1.929134 0.000000,
        2.598425 -2.086614 0.000000,
        2.913386 -1.929134 0.000000,
        2.913386 -2.086614 0.000000,
        2.598425 -1.594488 0.000000,
        2.598425 -1.751969 0.000000,
        2.913386 -1.594488 0.000000,
        2.913386 -1.751969 0.000000,
        -2.913386 -1.929134 0.000000,
        -2.913386 -2.086614 0.000000,
        -2.598425 -2.086614 0.000000,
        -2.598425 -1.594488 0.000000,
        -2.913386 -1.594488 0.000000,
        -2.913386 -1.751969 0.000000,
        -2.598425 -1.929134 0.000000,
        -2.598425 -1.751969 0.000000,
        2.598425 -1.417323 0.000000,
        2.913386 -1.417323 0.000000,
        2.598425 -1.259843 0.000000,
        2.913386 -1.259843 0.000000,
        -2.913386 -1.417323 0.000000,
        -2.913386 -1.259843 0.000000,
        -2.598425 -1.259843 0.000000,
        -2.598425 -1.417323 0.000000,
        2.913386 -0.925197 0.000000,
        2.913386 -1.082677 0.000000,
        2.598425 -1.082677 0.000000,
        2.598425 -0.925197 0.000000,
        -2.913386 -1.082677 0.000000,
        -2.913386 -0.925197 0.000000,
        -2.598425 -0.925197 0.000000,
        -2.598425 -1.082677 0.000000,
        2.913386 -0.590551 0.000000,
        2.598425 -0.590551 0.000000,
        2.598425 -0.413386 0.000000,
        2.913386 -0.413386 0.000000,
        2.913386 -0.748031 0.000000,
        2.598425 -0.748031 0.000000,
        -2.913386 -0.590551 0.000000,
        -2.913386 -0.748031 0.000000,
        -2.598425 -0.748031 0.000000,
        -2.598425 -0.590551 0.000000,
        -2.913386 -0.413386 0.000000,
        -2.598425 -0.413386 0.000000,
        -2.598425 -0.255906 0.000000,
        -2.913386 -0.255906 0.000000,
        2.598425 0.078740 0.000000,
        2.598425 -0.078740 0.000000,
        2.913386 -0.078740 0.000000,
        2.913386 0.078740 0.000000,
        -2.913386 -0.078740 0.000000,
        -2.913386 0.078740 0.000000,
        -2.598425 0.078740 0.000000,
        -2.598425 -0.078740 0.000000,
        2.598425 0.255906 0.000000,
        2.913386 0.255906 0.000000,
        2.598425 0.413386 0.000000,
        2.913386 0.413386 0.000000,
        -2.913386 0.255906 0.000000,
        -2.913386 0.413386 0.000000,
        -2.598425 0.413386 0.000000,
        -2.598425 0.255906 0.000000,
        -0.885827 -0.157480 0.000000,
        2.913386 0.748031 0.000000,
        2.913386 0.590551 0.000000,
        2.598425 0.590551 0.000000,
        2.598425 0.748031 0.000000,
        -2.913386 0.590551 0.000000,
        -2.913386 0.748031 0.000000,
        -2.598425 0.748031 0.000000,
        -2.598425 0.590551 0.000000,
        2.913386 1.082677 0.000000,
        2.913386 0.925197 0.000000,
        2.598425 0.925197 0.000000,
        2.598425 1.082677 0.000000,
        -2.913386 0.925197 0.000000,
        -2.913386 1.082677 0.000000,
        -2.598425 1.082677 0.000000,
        -2.598425 0.925197 0.000000,
        2.598425 1.417323 0.000000,
        2.913386 1.417323 0.000000,
        2.913386 1.259843 0.000000,
        2.598425 1.259843 0.000000,
        -2.913386 1.417323 0.000000,
        -2.913386 1.259843 0.000000,
        -2.598425 1.259843 0.000000,
        -2.598425 1.417323 0.000000,
        2.598425 1.751969 0.000000,
        2.598425 1.594488 0.000000,
        2.913386 1.751969 0.000000,
        2.913386 1.594488 0.000000,
        2.598425 2.086614 0.000000,
        2.598425 1.929134 0.000000,
        2.913386 2.086614 0.000000,
        2.913386 1.929134 0.000000,
        -2.913386 1.751969 0.000000,
        -2.913386 1.594488 0.000000,
        -2.598425 1.594488 0.000000,
        -2.598425 2.086614 0.000000,
        -2.913386 2.086614 0.000000,
        -2.913386 1.929134 0.000000,
        -2.598425 1.751969 0.000000,
        -2.598425 1.929134 0.000000,
        2.598425 2.421260 0.000000,
        2.598425 2.263780 0.000000,
        2.913386 2.263780 0.000000,
        2.913386 2.421260 0.000000,
        -0.413386 0.885827 0.000000,
        -2.913386 2.263780 0.000000,
        -2.913386 2.421260 0.000000,
        -2.598425 2.421260 0.000000,
        -2.598425 2.263780 0.000000,
        -1.748031 2.117113 0.433071,
        -1.776517 2.128912 0.433071,
        -1.807087 2.132937 0.433071,
        -1.837656 2.128912 0.433071,
        -1.866142 2.117113 0.433071,
        -1.890603 2.098343 0.433071,
        -1.909373 2.073882 0.433071,
        -1.921172 2.045396 0.433071,
        -1.925197 2.014827 0.433071,
        -1.921172 1.984257 0.433071,
        -1.909373 1.955771 0.433071,
        -1.890603 1.931310 0.433071,
        -1.866142 1.912540 0.433071,
        -1.837656 1.900741 0.433071,
        -1.807087 1.896716 0.433071,
        -1.776517 1.900741 0.433071,
        -1.748031 1.912540 0.433071,
        -1.723570 1.931310 0.433071,
        -1.704800 1.955771 0.433071,
        -1.693001 1.984257 0.433071,
        -1.688976 2.014827 0.433071,
        -1.693001 2.045396 0.433071,
        -1.704800 2.073882 0.433071,
        -1.723570 2.098343 0.433071,
        -1.921172 2.045396 0.629921,
        -1.909373 2.073882 0.629921,
        -1.890603 2.098343 0.629921,
        -1.866142 2.117113 0.629921,
        -1.837656 2.128912 0.629921,
        -1.807087 2.132937 0.629921,
        -1.776517 2.128912 0.629921,
        -1.748031 2.117113 0.629921,
        -1.723570 2.098343 0.629921,
        -1.704800 2.073882 0.629921,
        -1.693001 2.045396 0.629921,
        -1.688976 2.014827 0.629921,
        -1.693001 1.984257 0.629921,
        -1.704800 1.955771 0.629921,
        -1.723570 1.931310 0.629921,
        -1.748031 1.912540 0.629921,
        -1.776517 1.900741 0.629921,
        -1.807087 1.896716 0.629921,
        -1.837656 1.900741 0.629921,
        -1.866142 1.912540 0.629921,
        -1.890603 1.931310 0.629921,
        -1.909373 1.955771 0.629921,
        -1.921172 1.984257 0.629921,
        -1.925197 2.014827 0.629921,
        -1.807087 2.014827 0.748031,
        -1.777559 2.022738 0.744007,
        -1.780613 2.030111 0.744007,
        -1.776517 2.014827 0.744007,
        -1.791802 2.041300 0.744007,
        -1.799175 2.044354 0.744007,
        -1.785471 2.036442 0.744007,
        -1.814998 2.044354 0.744007,
        -1.822371 2.041300 0.744007,
        -1.807087 2.045396 0.744007,
        -1.833560 2.030111 0.744007,
        -1.836614 2.022738 0.744007,
        -1.828702 2.036442 0.744007,
        -1.836614 2.006915 0.744007,
        -1.833560 1.999542 0.744007,
        -1.837656 2.014827 0.744007,
        -1.822371 1.988353 0.744007,
        -1.814998 1.985299 0.744007,
        -1.828702 1.993211 0.744007,
        -1.799175 1.985299 0.744007,
        -1.791802 1.988353 0.744007,
        -1.807087 1.984257 0.744007,
        -1.780613 1.999542 0.744007,
        -1.777559 2.006915 0.744007,
        -1.785471 1.993211 0.744007,
        -1.750044 2.030111 0.732208,
        -1.755943 2.044354 0.732208,
        -1.765328 2.056585 0.732208,
        -1.777559 2.065970 0.732208,
        -1.791802 2.071869 0.732208,
        -1.807087 2.073882 0.732208,
        -1.822371 2.071869 0.732208,
        -1.836614 2.065970 0.732208,
        -1.848845 2.056585 0.732208,
        -1.858230 2.044354 0.732208,
        -1.864130 2.030111 0.732208,
        -1.866142 2.014827 0.732208,
        -1.864130 1.999542 0.732208,
        -1.858230 1.985299 0.732208,
        -1.848845 1.973068 0.732208,
        -1.836614 1.963683 0.732208,
        -1.822371 1.957784 0.732208,
        -1.807087 1.955771 0.732208,
        -1.791802 1.957784 0.732208,
        -1.777559 1.963683 0.732208,
        -1.765328 1.973068 0.732208,
        -1.755943 1.985299 0.732208,
        -1.750044 1.999542 0.732208,
        -1.748031 2.014827 0.732208,
        -1.726416 2.036442 0.713438,
        -1.734759 2.056585 0.713438,
        -1.748031 2.073882 0.713438,
        -1.765328 2.087154 0.713438,
        -1.785471 2.095498 0.713438,
        -1.807087 2.098343 0.713438,
        -1.828702 2.095498 0.713438,
        -1.848845 2.087154 0.713438,
        -1.866142 2.073882 0.713438,
        -1.879414 2.056585 0.713438,
        -1.887757 2.036442 0.713438,
        -1.890603 2.014827 0.713438,
        -1.887757 1.993211 0.713438,
        -1.879414 1.973068 0.713438,
        -1.866142 1.955771 0.713438,
        -1.848845 1.942499 0.713438,
        -1.828702 1.934156 0.713438,
        -1.807087 1.931310 0.713438,
        -1.785471 1.934156 0.713438,
        -1.765328 1.942499 0.713438,
        -1.748031 1.955771 0.713438,
        -1.734759 1.973068 0.713438,
        -1.726416 1.993211 0.713438,
        -1.723570 2.014827 0.713438,
        -1.708285 2.041300 0.688976,
        -1.718504 2.065970 0.688976,
        -1.734759 2.087154 0.688976,
        -1.755943 2.103409 0.688976,
        -1.780613 2.113628 0.688976,
        -1.807087 2.117113 0.688976,
        -1.833560 2.113628 0.688976,
        -1.858230 2.103409 0.688976,
        -1.879414 2.087154 0.688976,
        -1.895669 2.065970 0.688976,
        -1.905888 2.041300 0.688976,
        -1.909373 2.014827 0.688976,
        -1.905888 1.988353 0.688976,
        -1.895669 1.963683 0.688976,
        -1.879414 1.942499 0.688976,
        -1.858230 1.926244 0.688976,
        -1.833560 1.916026 0.688976,
        -1.807087 1.912540 0.688976,
        -1.780613 1.916026 0.688976,
        -1.755943 1.926244 0.688976,
        -1.734759 1.942499 0.688976,
        -1.718504 1.963683 0.688976,
        -1.708285 1.988353 0.688976,
        -1.704800 2.014827 0.688976,
        -1.696888 2.044354 0.660491,
        -1.708285 2.071869 0.660491,
        -1.726416 2.095498 0.660491,
        -1.750044 2.113628 0.660491,
        -1.777559 2.125025 0.660491,
        -1.807087 2.128912 0.660491,
        -1.836614 2.125025 0.660491,
        -1.864130 2.113628 0.660491,
        -1.887757 2.095498 0.660491,
        -1.905888 2.071869 0.660491,
        -1.917285 2.044354 0.660491,
        -1.921172 2.014827 0.660491,
        -1.917285 1.985299 0.660491,
        -1.905888 1.957784 0.660491,
        -1.887757 1.934156 0.660491,
        -1.864130 1.916026 0.660491,
        -1.836614 1.904628 0.660491,
        -1.807087 1.900741 0.660491,
        -1.777559 1.904628 0.660491,
        -1.750044 1.916026 0.660491,
        -1.726416 1.934156 0.660491,
        -1.708285 1.957784 0.660491,
        -1.696888 1.985299 0.660491,
        -1.693001 2.014827 0.660491,
        2.598425 0.078740 -0.007874,
        2.598425 -0.078740 -0.007874,
        2.913386 0.078740 -0.007874,
        2.913386 -0.078740 -0.007874,
        -2.913386 0.078740 -0.007874,
        -2.913386 -0.078740 -0.007874,
        -2.598425 0.078740 -0.007874,
        -2.598425 -0.078740 -0.007874,
        -2.913386 -0.255906 -0.007874,
        -2.913386 -0.413386 -0.007874,
        -2.598425 -0.255906 -0.007874,
        -2.598425 -0.413386 -0.007874,
        -2.913386 -0.590551 -0.007874,
        -2.913386 -0.748031 -0.007874,
        -2.598425 -0.590551 -0.007874,
        -2.598425 -0.748031 -0.007874,
        -2.913386 -0.925197 -0.007874,
        -2.913386 -1.082677 -0.007874,
        -2.598425 -0.925197 -0.007874,
        -2.598425 -1.082677 -0.007874,
        -2.913386 -1.259843 -0.007874,
        -2.913386 -1.417323 -0.007874,
        -2.598425 -1.259843 -0.007874,
        -2.598425 -1.417323 -0.007874,
        -2.913386 -1.594488 -0.007874,
        -2.913386 -1.751969 -0.007874,
        -2.598425 -1.594488 -0.007874,
        -2.598425 -1.751969 -0.007874,
        -2.913386 -1.929134 -0.007874,
        -2.913386 -2.086614 -0.007874,
        -2.598425 -1.929134 -0.007874,
        -2.598425 -2.086614 -0.007874,
        -2.913386 -2.263780 -0.007874,
        -2.913386 -2.421260 -0.007874,
        -2.598425 -2.263780 -0.007874,
        -2.598425 -2.421260 -0.007874,
        -2.913386 0.413386 -0.007874,
        -2.913386 0.255906 -0.007874,
        -2.598425 0.413386 -0.007874,
        -2.598425 0.255906 -0.007874,
        -2.913386 0.748031 -0.007874,
        -2.913386 0.590551 -0.007874,
        -2.598425 0.748031 -0.007874,
        -2.598425 0.590551 -0.007874,
        -2.913386 1.082677 -0.007874,
        -2.913386 0.925197 -0.007874,
        -2.598425 1.082677 -0.007874,
        -2.598425 0.925197 -0.007874,
        -2.913386 1.417323 -0.007874,
        -2.913386 1.259843 -0.007874,
        -2.598425 1.417323 -0.007874,
        -2.598425 1.259843 -0.007874,
        -2.913386 1.751969 -0.007874,
        -2.913386 1.594488 -0.007874,
        -2.598425 1.751969 -0.007874,
        -2.598425 1.594488 -0.007874,
        -2.913386 2.086614 -0.007874,
        -2.913386 1.929134 -0.007874,
        -2.598425 2.086614 -0.007874,
        -2.598425 1.929134 -0.007874,
        -2.913386 2.421260 -0.007874,
        -2.913386 2.263780 -0.007874,
        -2.598425 2.421260 -0.007874,
        -2.598425 2.263780 -0.007874,
        2.598425 -0.255906 -0.007874,
        2.598425 -0.413386 -0.007874,
        2.913386 -0.255906 -0.007874,
        2.913386 -0.413386 -0.007874,
        2.598425 -0.590551 -0.007874,
        2.598425 -0.748031 -0.007874,
        2.913386 -0.590551 -0.007874,
        2.913386 -0.748031 -0.007874,
        2.598425 -0.925197 -0.007874,
        2.598425 -1.082677 -0.007874,
        2.913386 -0.925197 -0.007874,
        2.913386 -1.082677 -0.007874,
        2.598425 -1.259843 -0.007874,
        2.598425 -1.417323 -0.007874,
        2.913386 -1.259843 -0.007874,
        2.913386 -1.417323 -0.007874,
        2.598425 -1.594488 -0.007874,
        2.598425 -1.751969 -0.007874,
        2.913386 -1.594488 -0.007874,
        2.913386 -1.751969 -0.007874,
        2.598425 -1.929134 -0.007874,
        2.598425 -2.086614 -0.007874,
        2.913386 -1.929134 -0.007874,
        2.913386 -2.086614 -0.007874,
        2.598425 -2.263780 -0.007874,
        2.598425 -2.421260 -0.007874,
        2.913386 -2.263780 -0.007874,
        2.913386 -2.421260 -0.007874,
        2.598425 0.413386 -0.007874,
        2.598425 0.255906 -0.007874,
        2.913386 0.413386 -0.007874,
        2.913386 0.255906 -0.007874,
        2.598425 0.748031 -0.007874,
        2.598425 0.590551 -0.007874,
        2.913386 0.748031 -0.007874,
        2.913386 0.590551 -0.007874,
        2.598425 1.082677 -0.007874,
        2.598425 0.925197 -0.007874,
        2.913386 1.082677 -0.007874,
        2.913386 0.925197 -0.007874,
        2.598425 1.417323 -0.007874,
        2.598425 1.259843 -0.007874,
        2.913386 1.417323 -0.007874,
        2.913386 1.259843 -0.007874,
        2.598425 1.751969 -0.007874,
        2.598425 1.594488 -0.007874,
        2.913386 1.751969 -0.007874,
        2.913386 1.594488 -0.007874,
        2.598425 2.086614 -0.007874,
        2.598425 1.929134 -0.007874,
        2.913386 2.086614 -0.007874,
        2.913386 1.929134 -0.007874,
        2.598425 2.421260 -0.007874,
        2.598425 2.263780 -0.007874,
        2.913386 2.421260 -0.007874,
        2.913386 2.263780 -0.007874,
        -0.236220 0.236220 -0.003937,
        -0.236220 -0.236220 -0.003937,
        0.236220 0.236220 -0.003937,
        0.236220 -0.236220 -0.003937,
        -0.413386 -0.236220 -0.003937,
        -0.885827 -0.236220 -0.003937,
        -0.885827 0.236220 -0.003937,
        -0.413386 0.236220 -0.003937,
        -0.413386 0.413386 -0.003937,
        -0.885827 0.413386 -0.003937,
        -0.885827 0.649606 -0.003937,
        -0.649606 0.885827 -0.003937,
        -0.413386 0.885827 -0.003937,
        0.236220 0.413386 -0.003937,
        -0.236220 0.413386 -0.003937,
        -0.236220 0.885827 -0.003937,
        0.236220 0.885827 -0.003937,
        0.236220 -0.885827 -0.003937,
        0.236220 -0.816929 0.000000,
        0.236220 -0.413386 -0.003937,
        -0.236220 -0.885827 -0.003937,
        -0.236220 -0.413386 -0.003937,
        -0.236220 -0.816929 0.000000,
        -0.413386 -0.885827 -0.003937,
        -0.413386 -0.816929 0.000000,
        -0.413386 -0.413386 -0.003937,
        -0.885827 -0.885827 -0.003937,
        -0.885827 -0.413386 -0.003937,
        -0.885827 -0.816929 0.000000,
        0.413386 -0.885827 -0.003937,
        0.885827 -0.885827 -0.003937,
        0.413386 -0.413386 -0.003937,
        0.413386 -0.816929 0.000000,
        0.885827 -0.413386 -0.003937,
        0.885827 -0.816929 0.000000,
        0.413386 0.236220 -0.003937,
        0.413386 -0.236220 -0.003937,
        0.885827 0.236220 -0.003937,
        0.885827 -0.236220 -0.003937,
        0.413386 0.885827 -0.003937,
        0.413386 0.413386 -0.003937,
        0.885827 0.885827 -0.003937,
        0.885827 0.413386 -0.003937,
      ]
    }
    coordIndex [
      201, 217, 200, -1,
      200, 217, 218, -1,
      200, 218, 199, -1,
      199, 218, 219, -1,
      199, 219, 198, -1,
      198, 219, 220, -1,
      198, 220, 197, -1,
      197, 220, 221, -1,
      197, 221, 196, -1,
      196, 221, 222, -1,
      196, 222, 195, -1,
      195, 222, 223, -1,
      195, 223, 194, -1,
      194, 223, 224, -1,
      194, 224, 193, -1,
      193, 224, 225, -1,
      193, 225, 216, -1,
      216, 225, 226, -1,
      216, 226, 215, -1,
      215, 226, 227, -1,
      215, 227, 214, -1,
      214, 227, 228, -1,
      214, 228, 213, -1,
      213, 228, 229, -1,
      213, 229, 212, -1,
      212, 229, 230, -1,
      212, 230, 211, -1,
      211, 230, 231, -1,
      211, 231, 210, -1,
      210, 231, 232, -1,
      210, 232, 209, -1,
      209, 232, 233, -1,
      209, 233, 208, -1,
      208, 233, 234, -1,
      208, 234, 207, -1,
      207, 234, 235, -1,
      207, 235, 206, -1,
      206, 235, 236, -1,
      206, 236, 205, -1,
      205, 236, 237, -1,
      205, 237, 204, -1,
      204, 237, 238, -1,
      204, 238, 203, -1,
      203, 238, 239, -1,
      203, 239, 202, -1,
      202, 239, 240, -1,
      202, 240, 201, -1,
      201, 240, 217, -1,
      241, 242, 243, -1,
      244, 242, 241, -1,
      241, 245, 246, -1,
      247, 245, 241, -1,
      243, 247, 241, -1,
      241, 248, 249, -1,
      250, 248, 241, -1,
      246, 250, 241, -1,
      241, 251, 252, -1,
      253, 251, 241, -1,
      249, 253, 241, -1,
      241, 254, 255, -1,
      256, 254, 241, -1,
      252, 256, 241, -1,
      241, 257, 258, -1,
      259, 257, 241, -1,
      255, 259, 241, -1,
      241, 260, 261, -1,
      262, 260, 241, -1,
      258, 262, 241, -1,
      241, 263, 264, -1,
      265, 263, 241, -1,
      261, 265, 241, -1,
      264, 244, 241, -1,
      244, 266, 242, -1,
      242, 266, 267, -1,
      242, 267, 243, -1,
      243, 267, 268, -1,
      243, 268, 247, -1,
      247, 268, 269, -1,
      247, 269, 245, -1,
      245, 269, 270, -1,
      245, 270, 246, -1,
      246, 270, 271, -1,
      246, 271, 250, -1,
      250, 271, 272, -1,
      250, 272, 248, -1,
      248, 272, 273, -1,
      248, 273, 249, -1,
      249, 273, 274, -1,
      249, 274, 253, -1,
      253, 274, 275, -1,
      253, 275, 251, -1,
      251, 275, 276, -1,
      251, 276, 252, -1,
      252, 276, 277, -1,
      252, 277, 256, -1,
      256, 277, 278, -1,
      256, 278, 254, -1,
      254, 278, 279, -1,
      254, 279, 255, -1,
      255, 279, 280, -1,
      255, 280, 259, -1,
      259, 280, 281, -1,
      259, 281, 257, -1,
      257, 281, 282, -1,
      257, 282, 258, -1,
      258, 282, 283, -1,
      258, 283, 262, -1,
      262, 283, 284, -1,
      262, 284, 260, -1,
      260, 284, 285, -1,
      260, 285, 261, -1,
      261, 285, 286, -1,
      261, 286, 265, -1,
      265, 286, 287, -1,
      265, 287, 263, -1,
      263, 287, 288, -1,
      263, 288, 264, -1,
      264, 288, 289, -1,
      264, 289, 244, -1,
      244, 289, 266, -1,
      289, 290, 266, -1,
      266, 290, 291, -1,
      266, 291, 267, -1,
      267, 291, 292, -1,
      267, 292, 268, -1,
      268, 292, 293, -1,
      268, 293, 269, -1,
      269, 293, 294, -1,
      269, 294, 270, -1,
      270, 294, 295, -1,
      270, 295, 271, -1,
      271, 295, 296, -1,
      271, 296, 272, -1,
      272, 296, 297, -1,
      272, 297, 273, -1,
      273, 297, 298, -1,
      273, 298, 274, -1,
      274, 298, 299, -1,
      274, 299, 275, -1,
      275, 299, 300, -1,
      275, 300, 276, -1,
      276, 300, 301, -1,
      276, 301, 277, -1,
      277, 301, 302, -1,
      277, 302, 278, -1,
      278, 302, 303, -1,
      278, 303, 279, -1,
      279, 303, 304, -1,
      279, 304, 280, -1,
      280, 304, 305, -1,
      280, 305, 281, -1,
      281, 305, 306, -1,
      281, 306, 282, -1,
      282, 306, 307, -1,
      282, 307, 283, -1,
      283, 307, 308, -1,
      283, 308, 284, -1,
      284, 308, 309, -1,
      284, 309, 285, -1,
      285, 309, 310, -1,
      285, 310, 286, -1,
      286, 310, 311, -1,
      286, 311, 287, -1,
      287, 311, 312, -1,
      287, 312, 288, -1,
      288, 312, 313, -1,
      288, 313, 289, -1,
      289, 313, 290, -1,
      313, 314, 290, -1,
      290, 314, 315, -1,
      290, 315, 291, -1,
      291, 315, 316, -1,
      291, 316, 292, -1,
      292, 316, 317, -1,
      292, 317, 293, -1,
      293, 317, 318, -1,
      293, 318, 294, -1,
      294, 318, 319, -1,
      294, 319, 295, -1,
      295, 319, 320, -1,
      295, 320, 296, -1,
      296, 320, 321, -1,
      296, 321, 297, -1,
      297, 321, 322, -1,
      297, 322, 298, -1,
      298, 322, 323, -1,
      298, 323, 299, -1,
      299, 323, 324, -1,
      299, 324, 300, -1,
      300, 324, 325, -1,
      300, 325, 301, -1,
      301, 325, 326, -1,
      301, 326, 302, -1,
      302, 326, 327, -1,
      302, 327, 303, -1,
      303, 327, 328, -1,
      303, 328, 304, -1,
      304, 328, 329, -1,
      304, 329, 305, -1,
      305, 329, 330, -1,
      305, 330, 306, -1,
      306, 330, 331, -1,
      306, 331, 307, -1,
      307, 331, 332, -1,
      307, 332, 308, -1,
      308, 332, 333, -1,
      308, 333, 309, -1,
      309, 333, 334, -1,
      309, 334, 310, -1,
      310, 334, 335, -1,
      310, 335, 311, -1,
      311, 335, 336, -1,
      311, 336, 312, -1,
      312, 336, 337, -1,
      312, 337, 313, -1,
      313, 337, 314, -1,
      337, 338, 314, -1,
      314, 338, 339, -1,
      314, 339, 315, -1,
      315, 339, 340, -1,
      315, 340, 316, -1,
      316, 340, 341, -1,
      316, 341, 317, -1,
      317, 341, 342, -1,
      317, 342, 318, -1,
      318, 342, 343, -1,
      318, 343, 319, -1,
      319, 343, 344, -1,
      319, 344, 320, -1,
      320, 344, 345, -1,
      320, 345, 321, -1,
      321, 345, 346, -1,
      321, 346, 322, -1,
      322, 346, 347, -1,
      322, 347, 323, -1,
      323, 347, 348, -1,
      323, 348, 324, -1,
      324, 348, 349, -1,
      324, 349, 325, -1,
      325, 349, 350, -1,
      325, 350, 326, -1,
      326, 350, 351, -1,
      326, 351, 327, -1,
      327, 351, 352, -1,
      327, 352, 328, -1,
      328, 352, 353, -1,
      328, 353, 329, -1,
      329, 353, 354, -1,
      329, 354, 330, -1,
      330, 354, 355, -1,
      330, 355, 331, -1,
      331, 355, 356, -1,
      331, 356, 332, -1,
      332, 356, 357, -1,
      332, 357, 333, -1,
      333, 357, 358, -1,
      333, 358, 334, -1,
      334, 358, 359, -1,
      334, 359, 335, -1,
      335, 359, 360, -1,
      335, 360, 336, -1,
      336, 360, 361, -1,
      336, 361, 337, -1,
      337, 361, 338, -1,
      361, 227, 338, -1,
      338, 227, 226, -1,
      338, 226, 339, -1,
      339, 226, 225, -1,
      339, 225, 340, -1,
      340, 225, 224, -1,
      340, 224, 341, -1,
      341, 224, 223, -1,
      341, 223, 342, -1,
      342, 223, 222, -1,
      342, 222, 343, -1,
      343, 222, 221, -1,
      343, 221, 344, -1,
      344, 221, 220, -1,
      344, 220, 345, -1,
      345, 220, 219, -1,
      345, 219, 346, -1,
      346, 219, 218, -1,
      346, 218, 347, -1,
      347, 218, 217, -1,
      347, 217, 348, -1,
      348, 217, 240, -1,
      348, 240, 349, -1,
      349, 240, 239, -1,
      349, 239, 350, -1,
      350, 239, 238, -1,
      350, 238, 351, -1,
      351, 238, 237, -1,
      351, 237, 352, -1,
      352, 237, 236, -1,
      352, 236, 353, -1,
      353, 236, 235, -1,
      353, 235, 354, -1,
      354, 235, 234, -1,
      354, 234, 355, -1,
      355, 234, 233, -1,
      355, 233, 356, -1,
      356, 233, 232, -1,
      356, 232, 357, -1,
      357, 232, 231, -1,
      357, 231, 358, -1,
      358, 231, 230, -1,
      358, 230, 359, -1,
      359, 230, 229, -1,
      359, 229, 360, -1,
      360, 229, 228, -1,
      360, 228, 361, -1,
      361, 228, 227, -1,
      362, 363, 127, -1,
      127, 363, 128, -1,
      364, 362, 130, -1,
      130, 362, 127, -1,
      365, 364, 129, -1,
      129, 364, 130, -1,
      363, 365, 128, -1,
      128, 365, 129, -1,
      364, 365, 362, -1,
      362, 365, 363, -1,
      366, 367, 132, -1,
      132, 367, 131, -1,
      368, 366, 133, -1,
      133, 366, 132, -1,
      369, 368, 134, -1,
      134, 368, 133, -1,
      367, 369, 131, -1,
      131, 369, 134, -1,
      368, 369, 366, -1,
      366, 369, 367, -1,
      370, 371, 126, -1,
      126, 371, 123, -1,
      372, 370, 125, -1,
      125, 370, 126, -1,
      373, 372, 124, -1,
      124, 372, 125, -1,
      371, 373, 123, -1,
      123, 373, 124, -1,
      372, 373, 370, -1,
      370, 373, 371, -1,
      374, 375, 119, -1,
      119, 375, 120, -1,
      376, 374, 122, -1,
      122, 374, 119, -1,
      377, 376, 121, -1,
      121, 376, 122, -1,
      375, 377, 120, -1,
      120, 377, 121, -1,
      376, 377, 374, -1,
      374, 377, 375, -1,
      378, 379, 110, -1,
      110, 379, 109, -1,
      380, 378, 111, -1,
      111, 378, 110, -1,
      381, 380, 112, -1,
      112, 380, 111, -1,
      379, 381, 109, -1,
      109, 381, 112, -1,
      380, 381, 378, -1,
      378, 381, 379, -1,
      382, 383, 102, -1,
      102, 383, 101, -1,
      384, 382, 103, -1,
      103, 382, 102, -1,
      385, 384, 104, -1,
      104, 384, 103, -1,
      383, 385, 101, -1,
      101, 385, 104, -1,
      384, 385, 382, -1,
      382, 385, 383, -1,
      386, 387, 93, -1,
      93, 387, 94, -1,
      388, 386, 92, -1,
      92, 386, 93, -1,
      389, 388, 96, -1,
      96, 388, 92, -1,
      387, 389, 94, -1,
      94, 389, 96, -1,
      388, 389, 386, -1,
      386, 389, 387, -1,
      390, 391, 89, -1,
      89, 391, 90, -1,
      392, 390, 95, -1,
      95, 390, 89, -1,
      393, 392, 91, -1,
      91, 392, 95, -1,
      391, 393, 90, -1,
      90, 393, 91, -1,
      392, 393, 390, -1,
      390, 393, 391, -1,
      394, 395, 77, -1,
      77, 395, 78, -1,
      396, 394, 80, -1,
      80, 394, 77, -1,
      397, 396, 79, -1,
      79, 396, 80, -1,
      395, 397, 78, -1,
      78, 397, 79, -1,
      396, 397, 394, -1,
      394, 397, 395, -1,
      398, 399, 140, -1,
      140, 399, 139, -1,
      400, 398, 141, -1,
      141, 398, 140, -1,
      401, 400, 142, -1,
      142, 400, 141, -1,
      399, 401, 139, -1,
      139, 401, 142, -1,
      400, 401, 398, -1,
      398, 401, 399, -1,
      402, 403, 149, -1,
      149, 403, 148, -1,
      404, 402, 150, -1,
      150, 402, 149, -1,
      405, 404, 151, -1,
      151, 404, 150, -1,
      403, 405, 148, -1,
      148, 405, 151, -1,
      404, 405, 402, -1,
      402, 405, 403, -1,
      406, 407, 157, -1,
      157, 407, 156, -1,
      408, 406, 158, -1,
      158, 406, 157, -1,
      409, 408, 159, -1,
      159, 408, 158, -1,
      407, 409, 156, -1,
      156, 409, 159, -1,
      408, 409, 406, -1,
      406, 409, 407, -1,
      410, 411, 164, -1,
      164, 411, 165, -1,
      412, 410, 167, -1,
      167, 410, 164, -1,
      413, 412, 166, -1,
      166, 412, 167, -1,
      411, 413, 165, -1,
      165, 413, 166, -1,
      412, 413, 410, -1,
      410, 413, 411, -1,
      414, 415, 176, -1,
      176, 415, 177, -1,
      416, 414, 182, -1,
      182, 414, 176, -1,
      417, 416, 178, -1,
      178, 416, 182, -1,
      415, 417, 177, -1,
      177, 417, 178, -1,
      416, 417, 414, -1,
      414, 417, 415, -1,
      418, 419, 180, -1,
      180, 419, 181, -1,
      420, 418, 179, -1,
      179, 418, 180, -1,
      421, 420, 183, -1,
      183, 420, 179, -1,
      419, 421, 181, -1,
      181, 421, 183, -1,
      420, 421, 418, -1,
      418, 421, 419, -1,
      422, 423, 190, -1,
      190, 423, 189, -1,
      424, 422, 191, -1,
      191, 422, 190, -1,
      425, 424, 192, -1,
      192, 424, 191, -1,
      423, 425, 189, -1,
      189, 425, 192, -1,
      424, 425, 422, -1,
      422, 425, 423, -1,
      426, 427, 1, -1,
      1, 427, 115, -1,
      428, 426, 0, -1,
      0, 426, 1, -1,
      429, 428, 116, -1,
      116, 428, 0, -1,
      427, 429, 115, -1,
      115, 429, 116, -1,
      428, 429, 426, -1,
      426, 429, 427, -1,
      430, 431, 114, -1,
      114, 431, 118, -1,
      432, 430, 113, -1,
      113, 430, 114, -1,
      433, 432, 117, -1,
      117, 432, 113, -1,
      431, 433, 118, -1,
      118, 433, 117, -1,
      432, 433, 430, -1,
      430, 433, 431, -1,
      434, 435, 108, -1,
      108, 435, 107, -1,
      436, 434, 105, -1,
      105, 434, 108, -1,
      437, 436, 106, -1,
      106, 436, 105, -1,
      435, 437, 107, -1,
      107, 437, 106, -1,
      436, 437, 434, -1,
      434, 437, 435, -1,
      438, 439, 99, -1,
      99, 439, 97, -1,
      440, 438, 100, -1,
      100, 438, 99, -1,
      441, 440, 98, -1,
      98, 440, 100, -1,
      439, 441, 97, -1,
      97, 441, 98, -1,
      440, 441, 438, -1,
      438, 441, 439, -1,
      442, 443, 85, -1,
      85, 443, 86, -1,
      444, 442, 87, -1,
      87, 442, 85, -1,
      445, 444, 88, -1,
      88, 444, 87, -1,
      443, 445, 86, -1,
      86, 445, 88, -1,
      444, 445, 442, -1,
      442, 445, 443, -1,
      446, 447, 81, -1,
      81, 447, 82, -1,
      448, 446, 83, -1,
      83, 446, 81, -1,
      449, 448, 84, -1,
      84, 448, 83, -1,
      447, 449, 82, -1,
      82, 449, 84, -1,
      448, 449, 446, -1,
      446, 449, 447, -1,
      450, 451, 76, -1,
      76, 451, 73, -1,
      452, 450, 75, -1,
      75, 450, 76, -1,
      453, 452, 74, -1,
      74, 452, 75, -1,
      451, 453, 73, -1,
      73, 453, 74, -1,
      452, 453, 450, -1,
      450, 453, 451, -1,
      454, 455, 137, -1,
      137, 455, 135, -1,
      456, 454, 138, -1,
      138, 454, 137, -1,
      457, 456, 136, -1,
      136, 456, 138, -1,
      455, 457, 135, -1,
      135, 457, 136, -1,
      456, 457, 454, -1,
      454, 457, 455, -1,
      458, 459, 147, -1,
      147, 459, 146, -1,
      460, 458, 144, -1,
      144, 458, 147, -1,
      461, 460, 145, -1,
      145, 460, 144, -1,
      459, 461, 146, -1,
      146, 461, 145, -1,
      460, 461, 458, -1,
      458, 461, 459, -1,
      462, 463, 155, -1,
      155, 463, 154, -1,
      464, 462, 152, -1,
      152, 462, 155, -1,
      465, 464, 153, -1,
      153, 464, 152, -1,
      463, 465, 154, -1,
      154, 465, 153, -1,
      464, 465, 462, -1,
      462, 465, 463, -1,
      466, 467, 160, -1,
      160, 467, 163, -1,
      468, 466, 161, -1,
      161, 466, 160, -1,
      469, 468, 162, -1,
      162, 468, 161, -1,
      467, 469, 163, -1,
      163, 469, 162, -1,
      468, 469, 466, -1,
      466, 469, 467, -1,
      470, 471, 168, -1,
      168, 471, 169, -1,
      472, 470, 170, -1,
      170, 470, 168, -1,
      473, 472, 171, -1,
      171, 472, 170, -1,
      471, 473, 169, -1,
      169, 473, 171, -1,
      472, 473, 470, -1,
      470, 473, 471, -1,
      474, 475, 172, -1,
      172, 475, 173, -1,
      476, 474, 174, -1,
      174, 474, 172, -1,
      477, 476, 175, -1,
      175, 476, 174, -1,
      475, 477, 173, -1,
      173, 477, 175, -1,
      476, 477, 474, -1,
      474, 477, 475, -1,
      478, 479, 184, -1,
      184, 479, 185, -1,
      480, 478, 187, -1,
      187, 478, 184, -1,
      481, 480, 186, -1,
      186, 480, 187, -1,
      479, 481, 185, -1,
      185, 481, 186, -1,
      480, 481, 478, -1,
      478, 481, 479, -1,
      31, 482, 47, -1,
      47, 482, 483, -1,
      47, 483, 6, -1,
      39, 38, 484, -1,
      39, 484, 40, -1,
      40, 484, 482, -1,
      40, 482, 31, -1,
      36, 485, 37, -1,
      37, 485, 484, -1,
      37, 484, 38, -1,
      36, 35, 485, -1,
      485, 35, 7, -1,
      485, 7, 483, -1,
      483, 7, 6, -1,
      484, 485, 482, -1,
      482, 485, 483, -1,
      486, 34, 487, -1,
      487, 34, 33, -1,
      487, 33, 32, -1,
      28, 488, 143, -1,
      143, 488, 487, -1,
      143, 487, 32, -1,
      45, 489, 29, -1,
      29, 489, 488, -1,
      29, 488, 28, -1,
      34, 486, 46, -1,
      46, 486, 489, -1,
      46, 489, 45, -1,
      488, 489, 487, -1,
      487, 489, 486, -1,
      490, 30, 491, -1,
      491, 30, 44, -1,
      491, 44, 43, -1,
      4, 492, 5, -1,
      5, 492, 491, -1,
      5, 491, 43, -1,
      42, 188, 493, -1,
      493, 188, 494, -1,
      30, 490, 9, -1,
      9, 490, 494, -1,
      9, 494, 188, -1,
      493, 494, 492, -1,
      492, 494, 490, -1,
      492, 490, 491, -1,
      25, 27, 495, -1,
      495, 27, 11, -1,
      495, 11, 496, -1,
      496, 11, 10, -1,
      24, 497, 8, -1,
      8, 497, 496, -1,
      8, 496, 10, -1,
      22, 61, 498, -1,
      22, 498, 23, -1,
      23, 498, 497, -1,
      23, 497, 24, -1,
      25, 495, 26, -1,
      26, 495, 498, -1,
      26, 498, 61, -1,
      497, 498, 496, -1,
      496, 498, 495, -1,
      51, 499, 500, -1,
      500, 499, 501, -1,
      500, 501, 52, -1,
      51, 50, 499, -1,
      499, 50, 49, -1,
      499, 49, 502, -1,
      502, 49, 48, -1,
      16, 503, 504, -1,
      504, 503, 502, -1,
      504, 502, 48, -1,
      53, 52, 501, -1,
      53, 501, 15, -1,
      15, 501, 503, -1,
      15, 503, 16, -1,
      502, 503, 499, -1,
      499, 503, 501, -1,
      14, 505, 506, -1,
      506, 505, 507, -1,
      506, 507, 21, -1,
      505, 14, 508, -1,
      508, 14, 18, -1,
      508, 18, 17, -1,
      19, 509, 510, -1,
      510, 509, 508, -1,
      510, 508, 17, -1,
      21, 507, 20, -1,
      20, 507, 509, -1,
      20, 509, 19, -1,
      508, 509, 505, -1,
      505, 509, 507, -1,
      57, 511, 58, -1,
      58, 511, 512, -1,
      58, 512, 59, -1,
      56, 513, 514, -1,
      514, 513, 511, -1,
      514, 511, 57, -1,
      54, 515, 55, -1,
      55, 515, 513, -1,
      55, 513, 56, -1,
      59, 512, 516, -1,
      516, 512, 515, -1,
      516, 515, 54, -1,
      513, 515, 511, -1,
      511, 515, 512, -1,
      13, 517, 72, -1,
      72, 517, 518, -1,
      72, 518, 71, -1,
      67, 519, 12, -1,
      12, 519, 517, -1,
      12, 517, 13, -1,
      69, 520, 68, -1,
      68, 520, 519, -1,
      68, 519, 67, -1,
      71, 518, 70, -1,
      70, 518, 520, -1,
      70, 520, 69, -1,
      519, 520, 517, -1,
      517, 520, 518, -1,
      60, 521, 65, -1,
      65, 521, 522, -1,
      65, 522, 66, -1,
      2, 523, 3, -1,
      3, 523, 521, -1,
      3, 521, 60, -1,
      63, 524, 64, -1,
      64, 524, 523, -1,
      64, 523, 2, -1,
      66, 522, 62, -1,
      62, 522, 524, -1,
      62, 524, 63, -1,
      523, 524, 521, -1,
      521, 524, 522, -1,
      42, 493, 41, -1,
      41, 493, 492, -1,
      41, 492, 4, -1,
    ]
  }
}

Shape {
  appearance Appearance {
    material Material {
      diffuseColor 0.0000 0.0000 0.0000
      specularColor 0.0000 0.0000 0.0000
      ambientIntensity 0.2
      transparency 0.0000
      shininess 0.5
    }
  }
  geometry IndexedFaceSet {
    ccw TRUE
    solid FALSE
    coord DEF co Coordinate {
      point [
        0.669020 -1.446536 0.000000,
        0.669020 -1.797026 0.000000,
        0.520183 -1.797026 0.000000,
        0.193699 -1.819831 0.000000,
        0.193699 -1.776620 0.000000,
        0.242489 -1.796026 0.000000,
        0.200755 -1.780528 0.000000,
        0.238045 -1.491162 0.000000,
        0.193699 -1.510152 0.000000,
        0.193699 -1.457338 0.000000,
        0.239217 -1.444987 0.000000,
        0.285898 -1.484945 0.000000,
        0.431882 -1.616955 0.000000,
        0.324665 -1.489299 0.000000,
        0.354133 -1.499934 0.000000,
        0.433760 -1.647587 0.000000,
        0.429774 -1.690207 0.000000,
        0.419078 -1.724071 0.000000,
        0.402795 -1.751371 0.000000,
        0.384320 -1.770861 0.000000,
        0.360158 -1.787146 0.000000,
        0.381382 -1.518164 0.000000,
        0.405157 -1.544410 0.000000,
        0.421388 -1.574808 0.000000,
        0.331471 -1.797707 0.000000,
        0.294750 -1.801826 0.000000,
        0.420372 -1.806650 0.000000,
        0.449944 -1.775517 0.000000,
        0.470918 -1.738081 0.000000,
        0.465796 -1.550231 0.000000,
        0.442720 -1.513422 0.000000,
        0.407176 -1.479239 0.000000,
        0.302027 -1.845038 0.000000,
        0.350544 -1.840007 0.000000,
        0.388704 -1.826872 0.000000,
        0.235665 -1.837063 0.000000,
        0.291262 -1.844853 0.000000,
        0.369781 -1.457713 0.000000,
        0.325891 -1.444963 0.000000,
        0.286348 -1.441734 0.000000,
        0.482767 -1.696408 0.000000,
        0.486574 -1.650813 0.000000,
        0.480910 -1.594841 0.000000,
        0.721834 -1.840237 0.000000,
        0.721834 -1.446536 0.000000,
        0.520183 -1.840237 0.000000,
        -0.094375 -1.797026 0.000000,
        -0.094375 -1.840237 0.000000,
        0.116879 -1.840237 0.000000,
        0.116879 -1.446536 0.000000,
        -0.084772 -1.446536 0.000000,
        -0.084772 -1.489746 0.000000,
        0.064066 -1.489746 0.000000,
        0.064066 -1.619380 0.000000,
        0.064066 -1.662591 0.000000,
        0.064066 -1.797026 0.000000,
        -0.075170 -1.662591 0.000000,
        -0.075170 -1.619380 0.000000,
        -0.488076 -1.638435 0.000000,
        -0.482551 -1.691124 0.000000,
        -0.171194 -1.840237 0.000000,
        -0.468416 -1.732332 0.000000,
        -0.445839 -1.767546 0.000000,
        -0.413433 -1.798574 0.000000,
        -0.171194 -1.446536 0.000000,
        -0.282298 -1.446536 0.000000,
        -0.339177 -1.452616 0.000000,
        -0.385241 -1.468791 0.000000,
        -0.428091 -1.497508 0.000000,
        -0.428503 -1.497870 0.000000,
        -0.456344 -1.528741 0.000000,
        -0.474640 -1.562600 0.000000,
        -0.485215 -1.601389 0.000000,
        -0.372326 -1.822463 0.000000,
        -0.326961 -1.835984 0.000000,
        -0.278247 -1.840237 0.000000,
        -0.872174 -1.840237 0.000000,
        -0.814559 -1.840237 0.000000,
        -0.574498 -1.840237 0.000000,
        -0.516883 -1.840237 0.000000,
        -0.665721 -1.446536 0.000000,
        -0.718535 -1.446536 0.000000,
        -0.774724 -1.729808 0.000000,
        -0.612082 -1.729808 0.000000,
        -0.718535 -1.446536 0.000394,
        -0.872174 -1.840237 0.000394,
        -0.814559 -1.840237 0.000394,
        -0.774724 -1.729808 0.000394,
        -0.612082 -1.729808 0.000394,
        -0.574498 -1.840237 0.000394,
        -0.516883 -1.840237 0.000394,
        -0.665721 -1.446536 0.000394,
        -0.625361 -1.686597 0.000394,
        -0.757020 -1.686597 0.000394,
        -0.684101 -1.522155 0.000394,
        -0.687890 -1.508500 0.000394,
        -0.690402 -1.494548 0.000394,
        -0.691678 -1.494548 0.000394,
        -0.694247 -1.508459 0.000394,
        -0.697754 -1.522155 0.000394,
        -0.625361 -1.686597 0.000000,
        -0.757020 -1.686597 0.000000,
        -0.684101 -1.522155 0.000000,
        -0.687890 -1.508500 0.000000,
        -0.690402 -1.494548 0.000000,
        -0.691678 -1.494548 0.000000,
        -0.694247 -1.508459 0.000000,
        -0.697754 -1.522155 0.000000,
        -0.278247 -1.840237 0.000394,
        -0.171194 -1.840237 0.000394,
        -0.171194 -1.446536 0.000394,
        -0.282298 -1.446536 0.000394,
        -0.488076 -1.638435 0.000394,
        -0.485215 -1.601389 0.000394,
        -0.474640 -1.562600 0.000394,
        -0.456344 -1.528741 0.000394,
        -0.428503 -1.497870 0.000394,
        -0.428091 -1.497508 0.000394,
        -0.385241 -1.468791 0.000394,
        -0.339177 -1.452616 0.000394,
        -0.326961 -1.835984 0.000394,
        -0.372326 -1.822463 0.000394,
        -0.413433 -1.798574 0.000394,
        -0.445839 -1.767546 0.000394,
        -0.468416 -1.732332 0.000394,
        -0.482551 -1.691124 0.000394,
        -0.409050 -1.544956 0.000394,
        -0.389926 -1.524651 0.000394,
        -0.361169 -1.506072 0.000394,
        -0.328671 -1.494700 0.000394,
        -0.282073 -1.489746 0.000394,
        -0.224008 -1.489746 0.000394,
        -0.224008 -1.797026 0.000394,
        -0.279897 -1.797026 0.000394,
        -0.321433 -1.793159 0.000394,
        -0.354563 -1.782818 0.000394,
        -0.381413 -1.766874 0.000394,
        -0.403495 -1.745064 0.000394,
        -0.420100 -1.717919 0.000394,
        -0.431648 -1.680911 0.000394,
        -0.435262 -1.639560 0.000394,
        -0.431917 -1.600377 0.000394,
        -0.422727 -1.569238 0.000394,
        -0.282073 -1.489746 0.000000,
        -0.224008 -1.489746 0.000000,
        -0.328671 -1.494700 0.000000,
        -0.361169 -1.506072 0.000000,
        -0.389926 -1.524651 -0.000000,
        -0.409050 -1.544956 0.000000,
        -0.422727 -1.569238 0.000000,
        -0.431917 -1.600377 0.000000,
        -0.435262 -1.639560 0.000000,
        -0.431648 -1.680911 0.000000,
        -0.420100 -1.717919 0.000000,
        -0.403495 -1.745064 0.000000,
        -0.381413 -1.766874 0.000000,
        -0.354563 -1.782818 0.000000,
        -0.321433 -1.793159 0.000000,
        -0.279897 -1.797026 0.000000,
        -0.224008 -1.797026 0.000000,
        -0.094375 -1.797026 0.000394,
        -0.094375 -1.840237 0.000394,
        0.116879 -1.840237 0.000394,
        0.116879 -1.446536 0.000394,
        -0.084772 -1.446536 0.000394,
        -0.084772 -1.489746 0.000394,
        0.064066 -1.489746 0.000394,
        0.064066 -1.619380 0.000394,
        -0.075170 -1.619380 0.000394,
        -0.075170 -1.662591 0.000394,
        0.064066 -1.662591 0.000394,
        0.064066 -1.797026 0.000394,
        0.193699 -1.776620 0.000394,
        0.193699 -1.819831 0.000394,
        0.235665 -1.837063 0.000394,
        0.302027 -1.845038 0.000394,
        0.291262 -1.844853 0.000394,
        0.275448 -1.842637 0.000000,
        0.486574 -1.650813 0.000394,
        0.482767 -1.696408 0.000394,
        0.470918 -1.738081 0.000394,
        0.449944 -1.775517 0.000394,
        0.420372 -1.806650 0.000394,
        0.388704 -1.826872 0.000394,
        0.350544 -1.840007 0.000394,
        0.325179 -1.842637 0.000000,
        0.324803 -1.842676 0.000000,
        0.286348 -1.441734 0.000394,
        0.325891 -1.444963 0.000394,
        0.324803 -1.444874 0.000000,
        0.369781 -1.457713 0.000394,
        0.407176 -1.479239 0.000394,
        0.442720 -1.513422 0.000394,
        0.465796 -1.550231 0.000394,
        0.480910 -1.594841 0.000394,
        0.193699 -1.457338 0.000394,
        0.239217 -1.444987 0.000394,
        0.193699 -1.510152 0.000394,
        0.285898 -1.484945 0.000394,
        0.238045 -1.491162 0.000394,
        0.324665 -1.489299 0.000394,
        0.433760 -1.647587 0.000394,
        0.431882 -1.616955 0.000394,
        0.421388 -1.574808 0.000394,
        0.405157 -1.544410 0.000394,
        0.381382 -1.518164 0.000394,
        0.354133 -1.499934 0.000394,
        0.324803 -1.489349 0.000000,
        0.331471 -1.797707 0.000394,
        0.294750 -1.801826 0.000394,
        0.324803 -1.798456 0.000000,
        0.360158 -1.787146 0.000394,
        0.384320 -1.770861 0.000394,
        0.402795 -1.751371 0.000394,
        0.419078 -1.724071 0.000394,
        0.429774 -1.690207 0.000394,
        0.200755 -1.780528 0.000394,
        0.242489 -1.796026 0.000394,
        0.520183 -1.797026 0.000394,
        0.520183 -1.840237 0.000394,
        0.721834 -1.840237 0.000394,
        0.721834 -1.446536 0.000394,
        0.669020 -1.446536 0.000394,
        0.669020 -1.797026 0.000394,
      ]
    }
    coordIndex [
      84, 85, 81, -1,
      81, 85, 76, -1,
      85, 86, 76, -1,
      76, 86, 77, -1,
      86, 87, 77, -1,
      77, 87, 82, -1,
      87, 88, 82, -1,
      82, 88, 83, -1,
      88, 89, 83, -1,
      83, 89, 78, -1,
      89, 90, 78, -1,
      78, 90, 79, -1,
      90, 91, 79, -1,
      79, 91, 80, -1,
      91, 84, 80, -1,
      80, 84, 81, -1,
      92, 88, 93, -1,
      93, 88, 87, -1,
      94, 91, 92, -1,
      92, 91, 90, -1,
      92, 90, 88, -1,
      88, 90, 89, -1,
      94, 95, 91, -1,
      91, 95, 96, -1,
      91, 96, 84, -1,
      84, 96, 97, -1,
      84, 97, 98, -1,
      98, 99, 84, -1,
      84, 99, 93, -1,
      84, 93, 85, -1,
      85, 93, 87, -1,
      85, 87, 86, -1,
      92, 93, 100, -1,
      100, 93, 101, -1,
      94, 92, 102, -1,
      102, 92, 100, -1,
      94, 102, 103, -1,
      94, 103, 95, -1,
      95, 103, 104, -1,
      95, 104, 96, -1,
      97, 96, 105, -1,
      105, 96, 104, -1,
      97, 105, 106, -1,
      97, 106, 98, -1,
      98, 106, 107, -1,
      98, 107, 99, -1,
      93, 99, 101, -1,
      101, 99, 107, -1,
      108, 109, 75, -1,
      75, 109, 60, -1,
      109, 110, 60, -1,
      60, 110, 64, -1,
      110, 111, 64, -1,
      64, 111, 65, -1,
      112, 58, 72, -1,
      112, 72, 113, -1,
      113, 72, 71, -1,
      113, 71, 114, -1,
      114, 71, 70, -1,
      114, 70, 115, -1,
      115, 70, 69, -1,
      115, 69, 116, -1,
      116, 69, 68, -1,
      116, 68, 117, -1,
      117, 68, 67, -1,
      117, 67, 118, -1,
      118, 67, 66, -1,
      118, 66, 119, -1,
      119, 66, 65, -1,
      119, 65, 111, -1,
      108, 75, 74, -1,
      108, 74, 120, -1,
      120, 74, 73, -1,
      120, 73, 121, -1,
      121, 73, 63, -1,
      121, 63, 122, -1,
      122, 63, 62, -1,
      122, 62, 123, -1,
      123, 62, 61, -1,
      123, 61, 124, -1,
      124, 61, 59, -1,
      124, 59, 125, -1,
      125, 59, 58, -1,
      125, 58, 112, -1,
      114, 115, 126, -1,
      126, 115, 116, -1,
      126, 116, 127, -1,
      127, 116, 117, -1,
      127, 117, 128, -1,
      128, 117, 118, -1,
      128, 118, 129, -1,
      129, 118, 119, -1,
      129, 119, 130, -1,
      130, 119, 111, -1,
      130, 111, 131, -1,
      131, 111, 110, -1,
      131, 110, 132, -1,
      132, 110, 109, -1,
      132, 109, 133, -1,
      133, 109, 108, -1,
      133, 108, 134, -1,
      134, 108, 120, -1,
      134, 120, 135, -1,
      135, 120, 121, -1,
      135, 121, 136, -1,
      136, 121, 122, -1,
      136, 122, 137, -1,
      137, 122, 123, -1,
      137, 123, 138, -1,
      138, 123, 124, -1,
      138, 124, 139, -1,
      139, 124, 125, -1,
      139, 125, 140, -1,
      140, 125, 112, -1,
      140, 112, 141, -1,
      141, 112, 113, -1,
      141, 113, 142, -1,
      142, 113, 114, -1,
      142, 114, 126, -1,
      130, 131, 143, -1,
      143, 131, 144, -1,
      130, 143, 145, -1,
      130, 145, 129, -1,
      129, 145, 146, -1,
      129, 146, 128, -1,
      128, 146, 147, -1,
      128, 147, 127, -1,
      127, 147, 148, -1,
      127, 148, 126, -1,
      126, 148, 149, -1,
      126, 149, 142, -1,
      142, 149, 150, -1,
      142, 150, 141, -1,
      141, 150, 151, -1,
      141, 151, 140, -1,
      140, 151, 152, -1,
      140, 152, 139, -1,
      139, 152, 153, -1,
      139, 153, 138, -1,
      138, 153, 154, -1,
      138, 154, 137, -1,
      137, 154, 155, -1,
      137, 155, 136, -1,
      136, 155, 156, -1,
      136, 156, 135, -1,
      135, 156, 157, -1,
      135, 157, 134, -1,
      134, 157, 158, -1,
      134, 158, 133, -1,
      132, 133, 159, -1,
      159, 133, 158, -1,
      131, 132, 144, -1,
      144, 132, 159, -1,
      160, 161, 46, -1,
      46, 161, 47, -1,
      161, 162, 47, -1,
      47, 162, 48, -1,
      162, 163, 48, -1,
      48, 163, 49, -1,
      163, 164, 49, -1,
      49, 164, 50, -1,
      164, 165, 50, -1,
      50, 165, 51, -1,
      165, 166, 51, -1,
      51, 166, 52, -1,
      166, 167, 52, -1,
      52, 167, 53, -1,
      167, 168, 53, -1,
      53, 168, 57, -1,
      168, 169, 57, -1,
      57, 169, 56, -1,
      169, 170, 56, -1,
      56, 170, 54, -1,
      170, 171, 54, -1,
      54, 171, 55, -1,
      171, 160, 55, -1,
      55, 160, 46, -1,
      162, 161, 160, -1,
      160, 171, 162, -1,
      162, 171, 170, -1,
      162, 170, 163, -1,
      165, 164, 166, -1,
      166, 164, 163, -1,
      166, 163, 167, -1,
      167, 163, 170, -1,
      167, 170, 168, -1,
      168, 170, 169, -1,
      172, 173, 4, -1,
      4, 173, 3, -1,
      3, 173, 174, -1,
      175, 32, 36, -1,
      175, 36, 176, -1,
      176, 36, 177, -1,
      176, 177, 174, -1,
      174, 177, 35, -1,
      174, 35, 3, -1,
      178, 41, 40, -1,
      178, 40, 179, -1,
      179, 40, 28, -1,
      179, 28, 180, -1,
      180, 28, 27, -1,
      180, 27, 181, -1,
      181, 27, 26, -1,
      181, 26, 182, -1,
      182, 26, 34, -1,
      182, 34, 183, -1,
      183, 34, 33, -1,
      183, 33, 184, -1,
      184, 33, 185, -1,
      184, 185, 175, -1,
      175, 185, 186, -1,
      175, 186, 32, -1,
      187, 39, 188, -1,
      188, 39, 189, -1,
      189, 38, 188, -1,
      188, 38, 37, -1,
      188, 37, 190, -1,
      190, 37, 31, -1,
      190, 31, 191, -1,
      191, 31, 30, -1,
      191, 30, 192, -1,
      192, 30, 29, -1,
      192, 29, 193, -1,
      193, 29, 42, -1,
      193, 42, 194, -1,
      194, 42, 41, -1,
      194, 41, 178, -1,
      195, 9, 10, -1,
      195, 10, 196, -1,
      196, 10, 39, -1,
      196, 39, 187, -1,
      195, 197, 9, -1,
      9, 197, 8, -1,
      198, 11, 7, -1,
      198, 7, 199, -1,
      199, 7, 8, -1,
      199, 8, 197, -1,
      11, 198, 200, -1,
      201, 15, 12, -1,
      201, 12, 202, -1,
      202, 12, 23, -1,
      202, 23, 203, -1,
      203, 23, 22, -1,
      203, 22, 204, -1,
      204, 22, 21, -1,
      204, 21, 205, -1,
      205, 21, 14, -1,
      205, 14, 206, -1,
      206, 14, 207, -1,
      206, 207, 200, -1,
      200, 207, 13, -1,
      200, 13, 11, -1,
      208, 209, 210, -1,
      210, 209, 25, -1,
      210, 24, 208, -1,
      208, 24, 20, -1,
      208, 20, 211, -1,
      211, 20, 19, -1,
      211, 19, 212, -1,
      212, 19, 18, -1,
      212, 18, 213, -1,
      213, 18, 17, -1,
      213, 17, 214, -1,
      214, 17, 16, -1,
      214, 16, 215, -1,
      215, 16, 15, -1,
      215, 15, 201, -1,
      172, 4, 6, -1,
      172, 6, 216, -1,
      216, 6, 5, -1,
      216, 5, 217, -1,
      217, 5, 25, -1,
      217, 25, 209, -1,
      208, 175, 209, -1,
      209, 175, 176, -1,
      209, 176, 217, -1,
      217, 176, 174, -1,
      217, 174, 216, -1,
      216, 174, 173, -1,
      216, 173, 172, -1,
      197, 195, 199, -1,
      199, 195, 196, -1,
      199, 196, 198, -1,
      198, 196, 187, -1,
      198, 187, 200, -1,
      200, 187, 188, -1,
      200, 188, 206, -1,
      206, 188, 190, -1,
      206, 190, 205, -1,
      205, 190, 191, -1,
      205, 191, 204, -1,
      204, 191, 192, -1,
      204, 192, 203, -1,
      203, 192, 193, -1,
      203, 193, 202, -1,
      202, 193, 194, -1,
      202, 194, 201, -1,
      201, 194, 178, -1,
      201, 178, 215, -1,
      215, 178, 179, -1,
      215, 179, 214, -1,
      214, 179, 180, -1,
      214, 180, 213, -1,
      213, 180, 181, -1,
      213, 181, 212, -1,
      212, 181, 182, -1,
      212, 182, 211, -1,
      211, 182, 183, -1,
      211, 183, 208, -1,
      208, 183, 184, -1,
      208, 184, 175, -1,
      218, 219, 2, -1,
      2, 219, 45, -1,
      219, 220, 45, -1,
      45, 220, 43, -1,
      220, 221, 43, -1,
      43, 221, 44, -1,
      221, 222, 44, -1,
      44, 222, 0, -1,
      222, 223, 0, -1,
      0, 223, 1, -1,
      223, 218, 1, -1,
      1, 218, 2, -1,
      222, 221, 223, -1,
      223, 221, 220, -1,
      223, 220, 218, -1,
      218, 220, 219, -1,
    ]
  }
}

Shape {
  appearance Appearance {
    material Material {
      diffuseColor 0.2510 0.2510 0.2510
      specularColor 0.1255 0.1255 0.1255
      ambientIntensity 0.2
      transparency 0.0000
      shininess 0.5
    }
  }
  geometry IndexedFaceSet {
    ccw TRUE
    solid FALSE
    coord DEF co Coordinate {
      point [
        -0.625361 -1.686597 0.000000,
        -0.757020 -1.686597 0.000000,
        -0.684101 -1.522155 0.000000,
        -0.687890 -1.508500 0.000000,
        -0.690402 -1.494548 0.000000,
        -0.691678 -1.494548 0.000000,
        -0.694247 -1.508459 0.000000,
        -0.697754 -1.522155 0.000000,
        -0.282073 -1.489746 0.000000,
        -0.224008 -1.489746 0.000000,
        -0.328671 -1.494700 0.000000,
        -0.361169 -1.506072 0.000000,
        -0.389926 -1.524651 -0.000000,
        -0.409050 -1.544956 0.000000,
        -0.422727 -1.569238 0.000000,
        -0.431917 -1.600377 0.000000,
        -0.435262 -1.639560 0.000000,
        -0.431648 -1.680911 0.000000,
        -0.420100 -1.717919 0.000000,
        -0.403495 -1.745064 0.000000,
        -0.381413 -1.766874 0.000000,
        -0.354563 -1.782818 0.000000,
        -0.321433 -1.793159 0.000000,
        -0.279897 -1.797026 0.000000,
        -0.224008 -1.797026 0.000000,
      ]
    }
    coordIndex [
      0, 1, 2, -1,
      2, 1, 7, -1,
      2, 7, 3, -1,
      3, 7, 6, -1,
      3, 6, 4, -1,
      4, 6, 5, -1,
      9, 24, 8, -1,
      8, 24, 23, -1,
      8, 23, 22, -1,
      16, 15, 8, -1,
      8, 15, 14, -1,
      8, 14, 10, -1,
      22, 21, 8, -1,
      8, 21, 20, -1,
      8, 20, 19, -1,
      19, 18, 8, -1,
      8, 18, 17, -1,
      8, 17, 16, -1,
      13, 12, 14, -1,
      14, 12, 11, -1,
      14, 11, 10, -1,
    ]
  }
}

Shape {
  appearance Appearance {
    material Material {
      diffuseColor 1.0000 1.0000 0.0000
      specularColor 0.5020 0.5020 0.0000
      ambientIntensity 0.2
      transparency 0.0000
      shininess 0.5
    }
  }
  geometry IndexedFaceSet {
    ccw TRUE
    solid FALSE
    coord DEF co Coordinate {
      point [
        2.598425 -2.598425 0.000000,
        2.598425 -2.913386 0.000000,
        2.913386 -2.598425 0.000000,
        2.913386 -2.913386 0.000000,
        -2.086614 -2.598425 0.000000,
        -2.086614 -2.913386 0.000000,
        -1.929134 -2.913386 0.000000,
        -1.929134 -2.598425 0.000000,
        -2.913386 -2.598425 0.000000,
        -2.913386 -2.913386 0.000000,
        -2.598425 -2.913386 0.000000,
        -2.263780 -2.598425 0.000000,
        -2.421260 -2.598425 0.000000,
        -2.598425 -2.598425 0.000000,
        -2.421260 -2.913386 0.000000,
        -2.263780 -2.913386 0.000000,
        2.913386 2.913386 0.000000,
        2.913386 2.598425 0.000000,
        2.598425 2.598425 0.000000,
        2.598425 2.913386 0.000000,
        -2.086614 2.913386 0.000000,
        -1.929134 2.913386 0.000000,
        -1.929134 2.598425 0.000000,
        -2.086614 2.598425 0.000000,
        -2.421260 2.598425 0.000000,
        -2.263780 2.598425 0.000000,
        -2.263780 2.913386 0.000000,
        -2.598425 2.598425 0.000000,
        -2.421260 2.913386 0.000000,
        -2.598425 2.913386 0.000000,
        -2.913386 2.913386 0.000000,
        -2.913386 2.598425 0.000000,
        -2.421260 2.913386 -0.003937,
        -2.421260 2.598425 -0.003937,
        -2.263780 2.913386 -0.003937,
        -2.263780 2.598425 -0.003937,
        -2.263780 -2.913386 -0.003937,
        -2.263780 -2.598425 -0.003937,
        -2.421260 -2.913386 -0.003937,
        -2.421260 -2.598425 -0.003937,
        -1.929134 -2.913386 -0.003937,
        -1.929134 -2.598425 -0.003937,
        -2.086614 -2.913386 -0.003937,
        -2.086614 -2.598425 -0.003937,
        -2.086614 2.913386 -0.003937,
        -2.086614 2.598425 -0.003937,
        -1.929134 2.913386 -0.003937,
        -1.929134 2.598425 -0.003937,
        2.598425 2.913386 -0.003937,
        2.598425 2.598425 -0.003937,
        2.913386 2.913386 -0.003937,
        2.913386 2.598425 -0.003937,
        -2.913386 2.913386 -0.003937,
        -2.913386 2.598425 -0.003937,
        -2.598425 2.913386 -0.003937,
        -2.598425 2.598425 -0.003937,
        -2.913386 -2.598425 -0.003937,
        -2.913386 -2.913386 -0.003937,
        -2.598425 -2.598425 -0.003937,
        -2.598425 -2.913386 -0.003937,
        2.913386 -2.913386 -0.003937,
        2.913386 -2.598425 -0.003937,
        2.598425 -2.913386 -0.003937,
        2.598425 -2.598425 -0.003937,
      ]
    }
    coordIndex [
      32, 33, 28, -1,
      28, 33, 24, -1,
      34, 32, 26, -1,
      26, 32, 28, -1,
      35, 34, 25, -1,
      25, 34, 26, -1,
      33, 35, 24, -1,
      24, 35, 25, -1,
      34, 35, 32, -1,
      32, 35, 33, -1,
      36, 37, 15, -1,
      15, 37, 11, -1,
      38, 36, 14, -1,
      14, 36, 15, -1,
      39, 38, 12, -1,
      12, 38, 14, -1,
      37, 39, 11, -1,
      11, 39, 12, -1,
      38, 39, 36, -1,
      36, 39, 37, -1,
      40, 41, 6, -1,
      6, 41, 7, -1,
      42, 40, 5, -1,
      5, 40, 6, -1,
      43, 42, 4, -1,
      4, 42, 5, -1,
      41, 43, 7, -1,
      7, 43, 4, -1,
      42, 43, 40, -1,
      40, 43, 41, -1,
      44, 45, 20, -1,
      20, 45, 23, -1,
      46, 44, 21, -1,
      21, 44, 20, -1,
      47, 46, 22, -1,
      22, 46, 21, -1,
      45, 47, 23, -1,
      23, 47, 22, -1,
      46, 47, 44, -1,
      44, 47, 45, -1,
      48, 49, 19, -1,
      19, 49, 18, -1,
      50, 48, 16, -1,
      16, 48, 19, -1,
      51, 50, 17, -1,
      17, 50, 16, -1,
      49, 51, 18, -1,
      18, 51, 17, -1,
      50, 51, 48, -1,
      48, 51, 49, -1,
      52, 53, 30, -1,
      30, 53, 31, -1,
      54, 52, 29, -1,
      29, 52, 30, -1,
      55, 54, 27, -1,
      27, 54, 29, -1,
      53, 55, 31, -1,
      31, 55, 27, -1,
      54, 55, 52, -1,
      52, 55, 53, -1,
      56, 57, 8, -1,
      8, 57, 9, -1,
      58, 56, 13, -1,
      13, 56, 8, -1,
      59, 58, 10, -1,
      10, 58, 13, -1,
      57, 59, 9, -1,
      9, 59, 10, -1,
      58, 59, 56, -1,
      56, 59, 57, -1,
      60, 61, 3, -1,
      3, 61, 2, -1,
      62, 60, 1, -1,
      1, 60, 3, -1,
      63, 62, 0, -1,
      0, 62, 1, -1,
      61, 63, 2, -1,
      2, 63, 0, -1,
      62, 63, 60, -1,
      60, 63, 61, -1,
    ]
  }
}
