#VRML V2.0 utf8

Shape {
  appearance Appearance {
    material Material {
      diffuseColor 1.0000 1.0000 1.0000
      specularColor 0.8784 0.8784 0.8784
      ambientIntensity 0.2
      transparency 0.0000
      shininess 0.5
    }
  }
  geometry IndexedFaceSet {
    ccw TRUE
    solid FALSE
    coord DEF co Coordinate {
      point [
        -0.193520 -0.026561 0.000000,
        -0.193520 0.233290 0.000000,
        -0.059314 -0.026561 0.000000,
        -0.114780 0.312030 0.000000,
        -0.059314 0.312030 0.000000,
        -0.059314 -0.052037 0.000000,
        -0.058954 -0.081294 0.000000,
        -0.058954 -0.111542 0.000000,
        -0.055893 -0.032322 0.000000,
        -0.049411 -0.032322 0.000000,
        0.193520 -0.026561 0.000000,
        -0.053840 -0.066415 0.000000,
        -0.049143 -0.070834 0.000000,
        -0.005660 -0.046152 0.000000,
        -0.049998 -0.033380 0.000000,
        -0.006593 -0.038974 0.000000,
        -0.009441 -0.032322 0.000000,
        -0.001519 -0.032322 0.000000,
        -0.006312 -0.051967 0.000000,
        -0.007901 -0.056363 0.000000,
        -0.010706 -0.060548 0.000000,
        -0.014663 -0.064098 0.000000,
        -0.019230 -0.066507 0.000000,
        -0.025624 -0.068070 0.000000,
        -0.030057 -0.068331 0.000000,
        -0.036445 -0.067734 0.000000,
        -0.041524 -0.066131 0.000000,
        -0.053193 -0.047480 0.000000,
        -0.048524 -0.060930 0.000000,
        -0.052581 -0.052960 0.000000,
        -0.050985 -0.057304 0.000000,
        -0.045626 -0.063676 0.000000,
        -0.052322 -0.039641 0.000000,
        -0.052472 -0.081294 0.000000,
        -0.043507 -0.073955 0.000000,
        -0.037244 -0.075706 0.000000,
        0.000101 -0.103620 0.000000,
        -0.052472 -0.103620 0.000000,
        -0.058918 -0.055850 0.000000,
        -0.056939 -0.061603 0.000000,
        -0.030541 -0.076253 0.000000,
        -0.022157 -0.075407 0.000000,
        -0.015444 -0.073137 0.000000,
        -0.009919 -0.069674 0.000000,
        -0.004947 -0.064541 0.000000,
        -0.001703 -0.059026 0.000000,
        0.000265 -0.052550 0.000000,
        0.000821 -0.046219 0.000000,
        0.000333 -0.039150 0.000000,
        -0.058478 -0.038617 0.000000,
        -0.059314 -0.044584 0.000000,
        -0.059646 -0.046956 0.000000,
        -0.059674 -0.048571 0.000000,
        0.000101 -0.111542 0.000000,
        0.193520 -0.312030 0.000000,
        -0.059314 -0.312030 0.000000,
        -0.193520 -0.312030 0.000000,
        -0.058954 0.118917 0.000000,
        -0.042390 0.112941 0.000000,
        -0.042390 0.088545 0.000000,
        0.193520 0.312030 0.000000,
        0.000101 -0.020799 0.000000,
        -0.058954 -0.020799 0.000000,
        -0.058954 0.010889 0.000000,
        -0.058954 0.082907 0.000000,
        -0.058954 0.074265 0.000000,
        -0.000811 0.047609 0.000000,
        -0.003237 0.054522 0.000000,
        0.000101 0.096591 0.000000,
        -0.006380 -0.012877 0.000000,
        -0.025826 -0.012877 0.000000,
        -0.006380 0.009449 0.000000,
        -0.025826 0.008008 0.000000,
        -0.032307 0.008008 0.000000,
        -0.032307 -0.012877 0.000000,
        -0.052472 -0.012877 0.000000,
        -0.013876 0.066254 0.000000,
        -0.019638 0.068726 0.000000,
        0.000101 0.009449 0.000000,
        0.000101 0.022412 0.000000,
        0.000101 0.039078 0.000000,
        -0.052472 0.010889 0.000000,
        -0.058954 0.022412 0.000000,
        -0.007043 0.060371 0.000000,
        -0.009174 0.062670 0.000000,
        -0.042768 0.066995 0.000000,
        -0.048050 0.063609 0.000000,
        -0.052704 0.058748 0.000000,
        -0.056288 0.052582 0.000000,
        -0.058954 0.127559 0.000000,
        0.000101 0.104513 0.000000,
        -0.058954 0.038470 0.000000,
        -0.058316 0.045777 0.000000,
        -0.025791 0.069833 0.000000,
        -0.028684 0.069944 0.000000,
        -0.036587 0.069115 0.000000,
      ]
    }
    coordIndex [
      0, 1, 2, -1,
      2, 1, 3, -1,
      2, 3, 4, -1,
      5, 6, 7, -1,
      8, 2, 9, -1,
      9, 2, 10, -1,
      11, 12, 6, -1,
      13, 14, 15, -1,
      15, 14, 9, -1,
      15, 9, 16, -1,
      16, 9, 10, -1,
      16, 10, 17, -1,
      13, 18, 14, -1,
      14, 18, 19, -1,
      14, 19, 20, -1,
      20, 21, 14, -1,
      14, 21, 22, -1,
      14, 22, 23, -1,
      23, 24, 14, -1,
      14, 24, 25, -1,
      14, 25, 26, -1,
      27, 28, 29, -1,
      29, 28, 30, -1,
      26, 31, 14, -1,
      14, 31, 28, -1,
      14, 28, 32, -1,
      32, 28, 27, -1,
      6, 12, 33, -1,
      33, 12, 34, -1,
      33, 34, 35, -1,
      36, 37, 33, -1,
      5, 38, 6, -1,
      6, 38, 39, -1,
      6, 39, 11, -1,
      35, 40, 33, -1,
      33, 40, 41, -1,
      33, 41, 36, -1,
      36, 41, 42, -1,
      36, 42, 43, -1,
      44, 45, 10, -1,
      10, 45, 46, -1,
      46, 47, 10, -1,
      10, 47, 48, -1,
      10, 48, 17, -1,
      8, 49, 2, -1,
      2, 49, 50, -1,
      2, 50, 0, -1,
      50, 51, 0, -1,
      0, 51, 52, -1,
      0, 52, 5, -1,
      43, 44, 36, -1,
      36, 44, 10, -1,
      36, 10, 53, -1,
      53, 10, 54, -1,
      53, 54, 7, -1,
      7, 54, 55, -1,
      7, 55, 5, -1,
      5, 55, 56, -1,
      5, 56, 0, -1,
      57, 58, 59, -1,
      60, 10, 61, -1,
      61, 10, 2, -1,
      61, 2, 62, -1,
      62, 2, 63, -1,
      2, 64, 65, -1,
      66, 67, 68, -1,
      69, 70, 71, -1,
      71, 70, 72, -1,
      73, 74, 75, -1,
      68, 76, 77, -1,
      61, 78, 60, -1,
      60, 78, 79, -1,
      60, 79, 80, -1,
      75, 81, 73, -1,
      73, 81, 82, -1,
      73, 82, 72, -1,
      72, 82, 79, -1,
      72, 79, 71, -1,
      71, 79, 78, -1,
      67, 83, 68, -1,
      68, 83, 84, -1,
      68, 84, 76, -1,
      85, 86, 65, -1,
      65, 86, 87, -1,
      65, 87, 88, -1,
      59, 64, 57, -1,
      57, 64, 2, -1,
      57, 2, 89, -1,
      89, 2, 4, -1,
      89, 4, 90, -1,
      90, 4, 60, -1,
      90, 60, 68, -1,
      68, 60, 80, -1,
      68, 80, 66, -1,
      81, 63, 82, -1,
      82, 63, 2, -1,
      82, 2, 91, -1,
      91, 2, 65, -1,
      91, 65, 92, -1,
      92, 65, 88, -1,
      77, 93, 68, -1,
      68, 93, 94, -1,
      68, 94, 65, -1,
      65, 94, 95, -1,
      65, 95, 85, -1,
    ]
  }
}

Shape {
  appearance Appearance {
    material Material {
      diffuseColor 0.2510 0.2510 0.2510
      specularColor 0.1255 0.1255 0.1255
      ambientIntensity 0.2
      transparency 0.0000
      shininess 0.5
    }
  }
  geometry IndexedFaceSet {
    ccw TRUE
    solid FALSE
    coord DEF co Coordinate {
      point [
        -0.299213 0.334646 0.003937,
        -0.393701 0.334646 0.003937,
        -0.393701 0.393701 0.003937,
        -0.271374 -0.267437 0.003937,
        -0.279528 -0.261180 0.003937,
        -0.193520 0.233290 0.003937,
        -0.261184 0.305465 0.003937,
        -0.265117 0.314961 0.003937,
        -0.114780 0.312030 0.003937,
        -0.289023 -0.333304 0.003937,
        -0.279528 -0.329371 0.003937,
        -0.193520 -0.312030 0.003937,
        0.289023 0.333304 0.003937,
        0.393701 0.393701 0.003937,
        0.299213 0.334646 0.003937,
        0.393701 0.334646 0.003937,
        -0.271374 -0.323115 0.003937,
        -0.265117 -0.314961 0.003937,
        -0.261184 -0.305465 0.003937,
        -0.261184 -0.088235 0.003937,
        -0.265117 -0.078740 0.003937,
        0.279528 0.329371 0.003937,
        0.193520 0.312030 0.003937,
        0.271374 0.323115 0.003937,
        0.259843 -0.295276 0.003937,
        0.261184 -0.305465 0.003937,
        0.193520 -0.312030 0.003937,
        -0.393701 -0.393701 0.003937,
        -0.393701 -0.334646 0.003937,
        -0.299213 -0.334646 0.003937,
        -0.271374 0.267437 0.003937,
        -0.265117 0.275591 0.003937,
        -0.261184 0.285086 0.003937,
        -0.259843 0.295276 0.003937,
        -0.271374 0.323115 0.003937,
        -0.279528 0.329371 0.003937,
        -0.289023 0.333304 0.003937,
        -0.259843 -0.295276 0.003937,
        -0.261184 -0.285086 0.003937,
        -0.265117 -0.275591 0.003937,
        -0.261184 0.108615 0.003937,
        -0.265117 0.118110 0.003937,
        0.265117 0.314961 0.003937,
        0.261184 0.305465 0.003937,
        0.259843 0.295276 0.003937,
        0.279528 0.064330 0.003937,
        0.289023 -0.060396 0.003937,
        0.279528 -0.064330 0.003937,
        0.265117 -0.078740 0.003937,
        0.261184 -0.088235 0.003937,
        0.279528 -0.132521 0.003937,
        0.289023 -0.257247 0.003937,
        0.279528 -0.261180 0.003937,
        -0.271374 -0.126264 0.003937,
        -0.265117 -0.118110 0.003937,
        -0.261184 -0.108615 0.003937,
        -0.259843 -0.098425 0.003937,
        -0.271374 -0.070586 0.003937,
        -0.279528 -0.064330 0.003937,
        -0.289023 -0.060396 0.003937,
        0.271374 -0.070586 0.003937,
        0.271374 0.070586 0.003937,
        0.259843 -0.098425 0.003937,
        0.261184 -0.108615 0.003937,
        0.265117 -0.275591 0.003937,
        0.265117 -0.118110 0.003937,
        0.261184 -0.285086 0.003937,
        0.393701 -0.334646 0.003937,
        0.393701 -0.393701 0.003937,
        0.299213 -0.334646 0.003937,
        0.289023 -0.333304 0.003937,
        -0.279528 0.064330 0.003937,
        -0.271374 0.070586 0.003937,
        0.289023 0.136454 0.003937,
        0.279528 0.132521 0.003937,
        0.271374 0.126264 0.003937,
        0.265117 0.118110 0.003937,
        0.261184 0.108615 0.003937,
        0.259843 0.098425 0.003937,
        0.261184 0.088235 0.003937,
        0.265117 0.078740 0.003937,
        0.299213 0.059055 0.003937,
        0.393701 0.059055 0.003937,
        0.393701 -0.059055 0.003937,
        0.271374 -0.267437 0.003937,
        0.271374 -0.126264 0.003937,
        0.299213 -0.137795 0.003937,
        0.393701 -0.137795 0.003937,
        0.393701 -0.255906 0.003937,
        0.265117 -0.314961 0.003937,
        0.271374 -0.323115 0.003937,
        0.279528 -0.329371 0.003937,
        -0.393701 -0.255906 0.003937,
        -0.393701 -0.137795 0.003937,
        -0.299213 -0.255906 0.003937,
        -0.299213 -0.137795 0.003937,
        -0.289023 -0.257247 0.003937,
        -0.289023 -0.136454 0.003937,
        -0.279528 -0.132521 0.003937,
        -0.271374 0.126264 0.003937,
        -0.279528 0.132521 0.003937,
        -0.289023 0.136454 0.003937,
        -0.279528 0.261180 0.003937,
        0.261184 0.285086 0.003937,
        0.265117 0.275591 0.003937,
        0.271374 0.267437 0.003937,
        0.279528 0.261180 0.003937,
        0.299213 0.255906 0.003937,
        0.393701 0.255906 0.003937,
        0.393701 0.137795 0.003937,
        0.289023 0.060396 0.003937,
        0.299213 -0.059055 0.003937,
        0.289023 -0.136454 0.003937,
        0.299213 -0.255906 0.003937,
        0.289023 0.257247 0.003937,
        0.299213 0.137795 0.003937,
        -0.393701 -0.059055 0.003937,
        -0.393701 0.059055 0.003937,
        -0.299213 -0.059055 0.003937,
        -0.299213 0.059055 0.003937,
        -0.289023 0.060396 0.003937,
        -0.265117 0.078740 0.003937,
        -0.261184 0.088235 0.003937,
        -0.259843 0.098425 0.003937,
        -0.393701 0.137795 0.003937,
        -0.393701 0.255906 0.003937,
        -0.299213 0.137795 0.003937,
        -0.299213 0.255906 0.003937,
        -0.289023 0.257247 0.003937,
        -0.393701 0.334646 0.078740,
        -0.393701 0.255906 0.078740,
        -0.393701 0.137795 0.078740,
        -0.393701 0.179598 0.318898,
        -0.393701 0.393701 0.318898,
        -0.393701 0.059055 0.078740,
        -0.393701 -0.059055 0.078740,
        -0.393701 -0.137795 0.078740,
        -0.393701 -0.393701 0.318898,
        -0.393701 -0.336413 0.318898,
        -0.393701 -0.191984 0.318898,
        -0.393701 -0.073154 0.318898,
        -0.393701 0.009668 0.318898,
        -0.393701 0.124177 0.318898,
        -0.393701 -0.334646 0.078740,
        -0.393701 -0.255906 0.078740,
        0.065159 0.148663 0.318898,
        -0.013940 0.179598 0.318898,
        -0.024121 0.172339 0.318898,
        -0.024414 0.176638 0.318898,
        -0.029839 0.173753 0.318898,
        -0.029999 0.175391 0.318898,
        -0.035667 0.174590 0.318898,
        0.065159 0.216361 0.318898,
        0.065159 0.201957 0.318898,
        0.065879 0.179598 0.318898,
        0.065879 0.124177 0.318898,
        0.065159 0.132819 0.318898,
        -0.053671 0.124177 0.318898,
        -0.052951 0.165948 0.318898,
        -0.053671 0.179598 0.318898,
        -0.052951 0.179598 0.318898,
        -0.052951 0.183232 0.318898,
        -0.029587 0.245802 0.318898,
        -0.035667 0.245168 0.318898,
        -0.029576 0.244159 0.318898,
        0.044994 0.209159 0.318898,
        0.044994 0.210599 0.318898,
        0.038796 0.208541 0.318898,
        0.038875 0.211348 0.318898,
        0.032706 0.207246 0.318898,
        0.032863 0.212715 0.318898,
        -0.052951 0.236526 0.318898,
        -0.052951 0.253810 0.318898,
        -0.023604 0.247058 0.318898,
        -0.023604 0.242580 0.318898,
        0.065159 0.271094 0.318898,
        0.013408 -0.263207 0.318898,
        0.011010 -0.259389 0.318898,
        0.006945 -0.266307 0.318898,
        0.065879 -0.336413 0.318898,
        0.001251 -0.271906 0.318898,
        0.029776 -0.275301 0.318898,
        0.023896 -0.272851 0.318898,
        0.062630 -0.259854 0.318898,
        0.065517 -0.251938 0.318898,
        0.065879 -0.248732 0.318898,
        0.058757 -0.265849 0.318898,
        0.053916 -0.270521 0.318898,
        0.047767 -0.274064 0.318898,
        0.018486 -0.268943 0.318898,
        -0.028676 -0.278092 0.318898,
        -0.035725 -0.275474 0.318898,
        -0.053671 -0.336413 0.318898,
        -0.042230 -0.271033 0.318898,
        -0.047446 -0.265120 0.318898,
        -0.051241 -0.258010 0.318898,
        -0.053671 -0.249393 0.318898,
        -0.053719 -0.249226 0.318898,
        -0.054392 -0.240911 0.318898,
        -0.053671 -0.234254 0.318898,
        0.041740 -0.275830 0.318898,
        0.036644 -0.276246 0.318898,
        -0.006715 -0.276537 0.318898,
        -0.014144 -0.278674 0.318898,
        -0.019823 -0.279126 0.318898,
        0.065879 -0.235493 0.318898,
        0.066284 -0.237140 0.318898,
        0.393701 -0.191984 0.318898,
        0.393701 -0.336413 0.318898,
        0.066599 -0.242352 0.318898,
        0.001489 -0.211320 0.318898,
        0.007133 -0.217844 0.318898,
        0.065879 -0.191984 0.318898,
        0.036644 -0.208548 0.318898,
        0.044402 -0.209591 0.318898,
        0.050589 -0.212175 0.318898,
        0.056231 -0.216345 0.318898,
        -0.005217 -0.206537 0.318898,
        0.011010 -0.225563 0.318898,
        0.016376 -0.218039 0.318898,
        0.060793 -0.221856 0.318898,
        0.064170 -0.228535 0.318898,
        -0.050119 -0.221474 0.318898,
        -0.053671 -0.191984 0.318898,
        -0.053247 -0.230332 0.318898,
        -0.045334 -0.214155 0.318898,
        -0.039717 -0.209001 0.318898,
        -0.032701 -0.205138 0.318898,
        -0.024968 -0.203120 0.318898,
        -0.019823 -0.202787 0.318898,
        -0.011802 -0.203855 0.318898,
        0.022056 -0.213142 0.318898,
        0.027734 -0.210167 0.318898,
        0.033190 -0.208789 0.318898,
        0.393701 -0.393701 0.318898,
        0.065879 -0.393701 0.318898,
        -0.053671 -0.393701 0.318898,
        0.046434 -0.100520 0.318898,
        0.046434 -0.100048 0.318898,
        0.042495 -0.102311 0.318898,
        0.038181 -0.100452 0.318898,
        0.038737 -0.104459 0.318898,
        0.065159 -0.084676 0.318898,
        0.065879 -0.073154 0.318898,
        -0.052951 -0.084676 0.318898,
        -0.053671 -0.073154 0.318898,
        -0.052951 -0.100520 0.318898,
        -0.052951 -0.162389 0.318898,
        0.029915 -0.100520 0.318898,
        0.065159 -0.104842 0.318898,
        0.065159 -0.165337 0.318898,
        0.065159 -0.181181 0.318898,
        -0.052951 -0.181181 0.318898,
        -0.032786 -0.165787 0.318898,
        -0.032786 -0.166102 0.318898,
        -0.028666 -0.163513 0.318898,
        -0.024225 -0.165463 0.318898,
        -0.024661 -0.161039 0.318898,
        -0.015637 -0.165337 0.318898,
        0.052196 -0.016979 0.318898,
        0.011865 -0.016979 0.318898,
        0.052196 -0.061631 0.318898,
        0.011865 -0.058750 0.318898,
        -0.001098 -0.058750 0.318898,
        -0.001098 -0.016979 0.318898,
        -0.052951 -0.016979 0.318898,
        -0.053671 0.009668 0.318898,
        -0.052951 -0.001135 0.318898,
        0.065879 0.009668 0.318898,
        0.065159 -0.001135 0.318898,
        0.065159 -0.061631 0.318898,
        0.059529 0.053551 0.318898,
        0.052406 0.041571 0.318898,
        0.042407 0.031404 0.318898,
        0.032410 0.025394 0.318898,
        0.065159 0.082204 0.318898,
        0.063819 0.067409 0.318898,
        -0.019448 0.025855 0.318898,
        -0.030019 0.032246 0.318898,
        -0.039560 0.041718 0.318898,
        -0.046918 0.053607 0.318898,
        -0.051359 0.067174 0.318898,
        -0.052951 0.083419 0.318898,
        -0.052951 0.115535 0.318898,
        0.065159 0.115535 0.318898,
        0.020988 0.021750 0.318898,
        0.007589 0.020470 0.318898,
        -0.006518 0.021770 0.318898,
        -0.226378 0.275591 0.318898,
        -0.228055 0.262854 0.318898,
        -0.310389 0.240792 0.318898,
        -0.318210 0.250984 0.318898,
        -0.232971 0.250984 0.318898,
        -0.240792 0.240792 0.318898,
        -0.250984 0.232971 0.318898,
        -0.300197 0.232971 0.318898,
        -0.310389 0.310389 0.318898,
        -0.300197 0.318210 0.318898,
        -0.250984 0.318210 0.318898,
        -0.240792 0.310389 0.318898,
        -0.053671 0.393701 0.318898,
        -0.232971 0.300197 0.318898,
        -0.228055 0.288328 0.318898,
        0.065159 0.288379 0.318898,
        0.065879 0.393701 0.318898,
        -0.262854 0.228055 0.318898,
        -0.275591 0.226378 0.318898,
        -0.288328 0.228055 0.318898,
        -0.318210 0.300197 0.318898,
        -0.288328 0.323126 0.318898,
        -0.275591 0.324803 0.318898,
        -0.262854 0.323126 0.318898,
        -0.323126 0.262854 0.318898,
        -0.324803 0.275591 0.318898,
        -0.323126 0.288328 0.318898,
        0.393701 -0.073154 0.318898,
        0.393701 0.009668 0.318898,
        0.393701 0.124177 0.318898,
        0.393701 0.179598 0.318898,
        0.393701 0.393701 0.318898,
        0.393701 0.334646 0.078740,
        0.393701 0.255906 0.078740,
        0.393701 -0.334646 0.078740,
        0.393701 -0.255906 0.078740,
        0.393701 -0.137795 0.078740,
        0.393701 -0.059055 0.078740,
        0.393701 0.059055 0.078740,
        0.393701 0.137795 0.078740,
        -0.226378 0.275591 0.311024,
        -0.228055 0.288328 0.311024,
        -0.232971 0.300197 0.311024,
        -0.240792 0.310389 0.311024,
        -0.250984 0.318210 0.311024,
        -0.262854 0.323126 0.311024,
        -0.275591 0.324803 0.311024,
        -0.288328 0.323126 0.311024,
        -0.300197 0.318210 0.311024,
        -0.310389 0.310389 0.311024,
        -0.318210 0.300197 0.311024,
        -0.323126 0.288328 0.311024,
        -0.324803 0.275591 0.311024,
        -0.323126 0.262854 0.311024,
        -0.318210 0.250984 0.311024,
        -0.310389 0.240792 0.311024,
        -0.300197 0.232971 0.311024,
        -0.288328 0.228055 0.311024,
        -0.275591 0.226378 0.311024,
        -0.262854 0.228055 0.311024,
        -0.250984 0.232971 0.311024,
        -0.240792 0.240792 0.311024,
        -0.232971 0.250984 0.311024,
        -0.228055 0.262854 0.311024,
        -0.275591 0.275591 0.311024,
      ]
    }
    coordIndex [
      0, 1, 2, -1,
      3, 4, 5, -1,
      6, 7, 8, -1,
      9, 10, 11, -1,
      12, 13, 14, -1,
      14, 13, 15, -1,
      10, 16, 11, -1,
      11, 16, 17, -1,
      11, 17, 18, -1,
      19, 20, 5, -1,
      12, 21, 22, -1,
      22, 21, 23, -1,
      24, 25, 26, -1,
      27, 28, 29, -1,
      30, 31, 5, -1,
      5, 31, 32, -1,
      5, 32, 8, -1,
      8, 32, 33, -1,
      8, 33, 6, -1,
      7, 34, 8, -1,
      8, 34, 35, -1,
      8, 35, 36, -1,
      12, 22, 13, -1,
      13, 22, 8, -1,
      13, 8, 2, -1,
      2, 8, 36, -1,
      2, 36, 0, -1,
      18, 37, 11, -1,
      11, 37, 38, -1,
      11, 38, 5, -1,
      5, 38, 39, -1,
      5, 39, 3, -1,
      40, 41, 5, -1,
      23, 42, 22, -1,
      22, 42, 43, -1,
      22, 43, 44, -1,
      45, 46, 47, -1,
      22, 48, 49, -1,
      50, 51, 52, -1,
      53, 54, 4, -1,
      4, 54, 55, -1,
      4, 55, 5, -1,
      5, 55, 56, -1,
      5, 56, 19, -1,
      20, 57, 5, -1,
      5, 57, 58, -1,
      5, 58, 59, -1,
      47, 60, 45, -1,
      45, 60, 48, -1,
      45, 48, 61, -1,
      62, 63, 64, -1,
      64, 63, 65, -1,
      49, 62, 22, -1,
      22, 62, 64, -1,
      22, 64, 26, -1,
      26, 64, 66, -1,
      26, 66, 24, -1,
      67, 68, 69, -1,
      69, 68, 70, -1,
      59, 71, 72, -1,
      73, 74, 22, -1,
      74, 75, 22, -1,
      22, 75, 76, -1,
      22, 76, 77, -1,
      77, 78, 22, -1,
      22, 78, 79, -1,
      22, 79, 48, -1,
      48, 79, 80, -1,
      48, 80, 61, -1,
      81, 82, 83, -1,
      52, 84, 50, -1,
      50, 84, 64, -1,
      50, 64, 85, -1,
      85, 64, 65, -1,
      86, 87, 88, -1,
      25, 89, 26, -1,
      26, 89, 90, -1,
      26, 90, 91, -1,
      92, 93, 94, -1,
      94, 93, 95, -1,
      94, 95, 96, -1,
      96, 95, 97, -1,
      96, 97, 4, -1,
      4, 97, 98, -1,
      4, 98, 53, -1,
      41, 99, 5, -1,
      5, 99, 100, -1,
      5, 100, 30, -1,
      30, 100, 101, -1,
      30, 101, 102, -1,
      44, 103, 22, -1,
      22, 103, 104, -1,
      22, 104, 73, -1,
      73, 104, 105, -1,
      73, 105, 106, -1,
      107, 108, 109, -1,
      45, 110, 46, -1,
      46, 110, 81, -1,
      46, 81, 111, -1,
      111, 81, 83, -1,
      50, 112, 51, -1,
      51, 112, 86, -1,
      51, 86, 113, -1,
      113, 86, 88, -1,
      29, 9, 27, -1,
      27, 9, 11, -1,
      27, 11, 68, -1,
      68, 11, 26, -1,
      68, 26, 70, -1,
      70, 26, 91, -1,
      106, 114, 73, -1,
      73, 114, 107, -1,
      73, 107, 115, -1,
      115, 107, 109, -1,
      116, 117, 118, -1,
      118, 117, 119, -1,
      118, 119, 59, -1,
      59, 119, 120, -1,
      59, 120, 71, -1,
      72, 121, 59, -1,
      59, 121, 122, -1,
      59, 122, 5, -1,
      5, 122, 123, -1,
      5, 123, 40, -1,
      124, 125, 126, -1,
      126, 125, 127, -1,
      126, 127, 101, -1,
      101, 127, 128, -1,
      101, 128, 102, -1,
      2, 1, 129, -1,
      125, 124, 130, -1,
      130, 124, 131, -1,
      130, 132, 129, -1,
      129, 132, 133, -1,
      129, 133, 2, -1,
      117, 116, 134, -1,
      134, 116, 135, -1,
      136, 137, 138, -1,
      136, 138, 135, -1,
      135, 138, 139, -1,
      135, 139, 134, -1,
      134, 139, 140, -1,
      134, 140, 131, -1,
      131, 140, 141, -1,
      131, 141, 130, -1,
      130, 141, 142, -1,
      130, 142, 132, -1,
      28, 27, 143, -1,
      143, 27, 137, -1,
      143, 137, 144, -1,
      144, 137, 136, -1,
      144, 136, 92, -1,
      92, 136, 93, -1,
      145, 146, 147, -1,
      147, 146, 148, -1,
      147, 148, 149, -1,
      149, 148, 150, -1,
      149, 150, 151, -1,
      152, 153, 154, -1,
      153, 146, 154, -1,
      154, 146, 145, -1,
      154, 145, 155, -1,
      155, 145, 156, -1,
      155, 156, 157, -1,
      157, 156, 158, -1,
      157, 158, 159, -1,
      159, 158, 160, -1,
      159, 160, 161, -1,
      162, 163, 164, -1,
      165, 166, 167, -1,
      167, 166, 168, -1,
      167, 168, 169, -1,
      169, 168, 170, -1,
      169, 170, 161, -1,
      161, 170, 171, -1,
      161, 171, 159, -1,
      159, 171, 172, -1,
      162, 164, 173, -1,
      173, 164, 174, -1,
      173, 174, 175, -1,
      176, 177, 178, -1,
      179, 178, 180, -1,
      179, 181, 182, -1,
      183, 179, 184, -1,
      184, 179, 185, -1,
      183, 186, 179, -1,
      179, 186, 187, -1,
      179, 187, 188, -1,
      179, 182, 178, -1,
      178, 182, 189, -1,
      178, 189, 176, -1,
      190, 191, 192, -1,
      192, 191, 193, -1,
      192, 193, 194, -1,
      194, 195, 192, -1,
      192, 195, 196, -1,
      192, 196, 138, -1,
      138, 196, 197, -1,
      138, 197, 139, -1,
      139, 197, 198, -1,
      139, 198, 199, -1,
      188, 200, 179, -1,
      179, 200, 201, -1,
      179, 201, 181, -1,
      180, 202, 179, -1,
      179, 202, 203, -1,
      179, 203, 192, -1,
      192, 203, 204, -1,
      192, 204, 190, -1,
      205, 206, 207, -1,
      179, 208, 185, -1,
      185, 208, 207, -1,
      185, 207, 209, -1,
      209, 207, 206, -1,
      210, 211, 212, -1,
      213, 214, 212, -1,
      212, 214, 215, -1,
      212, 215, 216, -1,
      210, 212, 217, -1,
      211, 218, 219, -1,
      216, 220, 212, -1,
      212, 220, 221, -1,
      212, 221, 205, -1,
      222, 223, 224, -1,
      224, 223, 199, -1,
      222, 225, 223, -1,
      223, 225, 226, -1,
      223, 226, 227, -1,
      227, 228, 223, -1,
      223, 228, 229, -1,
      223, 229, 212, -1,
      212, 229, 230, -1,
      212, 230, 217, -1,
      219, 231, 211, -1,
      211, 231, 232, -1,
      211, 232, 212, -1,
      212, 232, 233, -1,
      212, 233, 213, -1,
      234, 208, 235, -1,
      235, 208, 179, -1,
      235, 179, 236, -1,
      236, 179, 192, -1,
      236, 192, 137, -1,
      137, 192, 138, -1,
      237, 238, 239, -1,
      239, 238, 240, -1,
      239, 240, 241, -1,
      242, 243, 244, -1,
      244, 243, 245, -1,
      244, 245, 246, -1,
      246, 245, 223, -1,
      246, 223, 247, -1,
      241, 240, 247, -1,
      247, 240, 248, -1,
      247, 248, 246, -1,
      242, 249, 243, -1,
      243, 249, 250, -1,
      243, 250, 212, -1,
      212, 250, 251, -1,
      212, 251, 223, -1,
      223, 251, 252, -1,
      223, 252, 247, -1,
      253, 254, 255, -1,
      255, 254, 256, -1,
      255, 256, 257, -1,
      257, 256, 249, -1,
      249, 256, 258, -1,
      249, 258, 250, -1,
      259, 260, 261, -1,
      261, 260, 262, -1,
      263, 264, 245, -1,
      245, 264, 265, -1,
      245, 265, 266, -1,
      266, 265, 267, -1,
      266, 267, 268, -1,
      267, 269, 268, -1,
      268, 269, 270, -1,
      268, 270, 243, -1,
      243, 270, 261, -1,
      243, 261, 245, -1,
      245, 261, 262, -1,
      245, 262, 263, -1,
      271, 272, 268, -1,
      268, 272, 273, -1,
      268, 273, 274, -1,
      155, 275, 268, -1,
      268, 275, 276, -1,
      268, 276, 271, -1,
      277, 278, 266, -1,
      266, 278, 279, -1,
      266, 279, 280, -1,
      280, 281, 266, -1,
      266, 281, 282, -1,
      266, 282, 157, -1,
      157, 282, 283, -1,
      157, 283, 155, -1,
      155, 283, 284, -1,
      155, 284, 275, -1,
      274, 285, 268, -1,
      268, 285, 286, -1,
      268, 286, 266, -1,
      266, 286, 287, -1,
      266, 287, 277, -1,
      199, 223, 139, -1,
      139, 223, 245, -1,
      139, 245, 140, -1,
      140, 245, 266, -1,
      140, 266, 141, -1,
      141, 266, 157, -1,
      141, 157, 142, -1,
      142, 157, 159, -1,
      142, 159, 132, -1,
      159, 288, 289, -1,
      290, 291, 132, -1,
      289, 292, 159, -1,
      159, 292, 293, -1,
      159, 293, 294, -1,
      290, 132, 295, -1,
      296, 297, 133, -1,
      298, 299, 300, -1,
      300, 299, 301, -1,
      300, 301, 302, -1,
      174, 152, 175, -1,
      175, 152, 154, -1,
      175, 154, 303, -1,
      303, 154, 304, -1,
      303, 304, 172, -1,
      172, 304, 300, -1,
      172, 300, 159, -1,
      159, 300, 302, -1,
      159, 302, 288, -1,
      294, 305, 159, -1,
      159, 305, 306, -1,
      159, 306, 132, -1,
      132, 306, 307, -1,
      132, 307, 295, -1,
      296, 133, 308, -1,
      297, 309, 133, -1,
      133, 309, 310, -1,
      133, 310, 300, -1,
      300, 310, 311, -1,
      300, 311, 298, -1,
      291, 312, 132, -1,
      132, 312, 313, -1,
      132, 313, 133, -1,
      133, 313, 314, -1,
      133, 314, 308, -1,
      205, 207, 212, -1,
      212, 207, 315, -1,
      212, 315, 243, -1,
      243, 315, 316, -1,
      243, 316, 268, -1,
      268, 316, 317, -1,
      268, 317, 155, -1,
      155, 317, 318, -1,
      155, 318, 154, -1,
      154, 318, 319, -1,
      154, 319, 304, -1,
      15, 13, 320, -1,
      320, 13, 319, -1,
      320, 319, 321, -1,
      234, 68, 322, -1,
      322, 68, 67, -1,
      88, 87, 323, -1,
      323, 87, 324, -1,
      234, 322, 208, -1,
      208, 322, 323, -1,
      208, 323, 207, -1,
      83, 82, 325, -1,
      325, 82, 326, -1,
      327, 109, 108, -1,
      108, 321, 327, -1,
      327, 321, 319, -1,
      327, 319, 326, -1,
      326, 319, 318, -1,
      326, 318, 325, -1,
      325, 318, 317, -1,
      325, 317, 324, -1,
      324, 317, 316, -1,
      324, 316, 323, -1,
      323, 316, 315, -1,
      323, 315, 207, -1,
      2, 133, 300, -1,
      2, 300, 13, -1,
      13, 300, 304, -1,
      13, 304, 319, -1,
      68, 234, 235, -1,
      68, 235, 27, -1,
      27, 235, 236, -1,
      27, 236, 137, -1,
      328, 288, 329, -1,
      329, 288, 302, -1,
      329, 302, 330, -1,
      330, 302, 301, -1,
      330, 301, 331, -1,
      331, 301, 299, -1,
      331, 299, 332, -1,
      332, 299, 298, -1,
      332, 298, 333, -1,
      333, 298, 311, -1,
      333, 311, 334, -1,
      334, 311, 310, -1,
      334, 310, 335, -1,
      335, 310, 309, -1,
      335, 309, 336, -1,
      336, 309, 297, -1,
      336, 297, 337, -1,
      337, 297, 296, -1,
      337, 296, 338, -1,
      338, 296, 308, -1,
      338, 308, 339, -1,
      339, 308, 314, -1,
      339, 314, 340, -1,
      340, 314, 313, -1,
      340, 313, 341, -1,
      341, 313, 312, -1,
      341, 312, 342, -1,
      342, 312, 291, -1,
      342, 291, 343, -1,
      343, 291, 290, -1,
      343, 290, 344, -1,
      344, 290, 295, -1,
      344, 295, 345, -1,
      345, 295, 307, -1,
      345, 307, 346, -1,
      346, 307, 306, -1,
      346, 306, 347, -1,
      347, 306, 305, -1,
      347, 305, 348, -1,
      348, 305, 294, -1,
      348, 294, 349, -1,
      349, 294, 293, -1,
      349, 293, 350, -1,
      350, 293, 292, -1,
      350, 292, 351, -1,
      351, 292, 289, -1,
      351, 289, 328, -1,
      328, 289, 288, -1,
      350, 351, 352, -1,
      352, 351, 328, -1,
      352, 328, 329, -1,
      347, 348, 352, -1,
      352, 348, 349, -1,
      352, 349, 350, -1,
      344, 345, 352, -1,
      352, 345, 346, -1,
      352, 346, 347, -1,
      341, 342, 352, -1,
      352, 342, 343, -1,
      352, 343, 344, -1,
      338, 339, 352, -1,
      352, 339, 340, -1,
      352, 340, 341, -1,
      335, 336, 352, -1,
      352, 336, 337, -1,
      352, 337, 338, -1,
      332, 333, 352, -1,
      352, 333, 334, -1,
      352, 334, 335, -1,
      329, 330, 352, -1,
      352, 330, 331, -1,
      352, 331, 332, -1,
    ]
  }
}

Shape {
  appearance Appearance {
    material Material {
      diffuseColor 0.6667 0.6667 0.6667
      specularColor 0.3333 0.3333 0.3333
      ambientIntensity 0.2
      transparency 0.0000
      shininess 0.5
    }
  }
  geometry IndexedFaceSet {
    ccw TRUE
    solid FALSE
    coord DEF co Coordinate {
      point [
        0.013408 -0.263207 0.318898,
        0.011010 -0.259389 0.318898,
        0.006945 -0.266307 0.318898,
        0.001251 -0.271906 0.318898,
        0.029776 -0.275301 0.318898,
        0.023896 -0.272851 0.318898,
        0.062630 -0.259854 0.318898,
        0.065517 -0.251938 0.318898,
        0.065879 -0.248732 0.318898,
        0.058757 -0.265849 0.318898,
        0.053916 -0.270521 0.318898,
        0.047767 -0.274064 0.318898,
        0.018486 -0.268943 0.318898,
        -0.028676 -0.278092 0.318898,
        -0.035725 -0.275474 0.318898,
        -0.042230 -0.271033 0.318898,
        -0.047446 -0.265120 0.318898,
        -0.051241 -0.258010 0.318898,
        -0.053671 -0.249393 0.318898,
        -0.053719 -0.249226 0.318898,
        -0.054392 -0.240911 0.318898,
        -0.053671 -0.234254 0.318898,
        0.041740 -0.275830 0.318898,
        0.036644 -0.276246 0.318898,
        -0.006715 -0.276537 0.318898,
        -0.014144 -0.278674 0.318898,
        -0.019823 -0.279126 0.318898,
        0.065879 -0.235493 0.318898,
        0.066284 -0.237140 0.318898,
        0.066599 -0.242352 0.318898,
        0.001489 -0.211320 0.318898,
        0.007133 -0.217844 0.318898,
        0.036644 -0.208548 0.318898,
        0.044402 -0.209591 0.318898,
        0.050589 -0.212175 0.318898,
        0.056231 -0.216345 0.318898,
        -0.005217 -0.206537 0.318898,
        0.011010 -0.225563 0.318898,
        0.016376 -0.218039 0.318898,
        0.060793 -0.221856 0.318898,
        0.064170 -0.228535 0.318898,
        -0.050119 -0.221474 0.318898,
        -0.053247 -0.230332 0.318898,
        -0.045334 -0.214155 0.318898,
        -0.039717 -0.209001 0.318898,
        -0.032701 -0.205138 0.318898,
        -0.024968 -0.203120 0.318898,
        -0.019823 -0.202787 0.318898,
        -0.011802 -0.203855 0.318898,
        0.022056 -0.213142 0.318898,
        0.027734 -0.210167 0.318898,
        0.033190 -0.208789 0.318898,
        -0.054392 -0.240911 0.314961,
        -0.053247 -0.230332 0.314961,
        -0.050119 -0.221474 0.314961,
        -0.045334 -0.214155 0.314961,
        -0.039717 -0.209001 0.314961,
        -0.032701 -0.205138 0.314961,
        -0.024968 -0.203120 0.314961,
        -0.019823 -0.202787 0.314961,
        0.011010 -0.225563 0.314961,
        0.007133 -0.217844 0.314961,
        0.001489 -0.211320 0.314961,
        -0.005217 -0.206537 0.314961,
        -0.011802 -0.203855 0.314961,
        0.036644 -0.208548 0.314961,
        0.033190 -0.208789 0.314961,
        0.027734 -0.210167 0.314961,
        0.022056 -0.213142 0.314961,
        0.016376 -0.218039 0.314961,
        0.066599 -0.242352 0.314961,
        0.066284 -0.237140 0.314961,
        0.064170 -0.228535 0.314961,
        0.060793 -0.221856 0.314961,
        0.056231 -0.216345 0.314961,
        0.050589 -0.212175 0.314961,
        0.044402 -0.209591 0.314961,
        0.065517 -0.251938 0.314961,
        0.062630 -0.259854 0.314961,
        0.058757 -0.265849 0.314961,
        0.053916 -0.270521 0.314961,
        0.047767 -0.274064 0.314961,
        0.041740 -0.275830 0.314961,
        0.036644 -0.276246 0.314961,
        0.011010 -0.259389 0.314961,
        0.013408 -0.263207 0.314961,
        0.018486 -0.268943 0.314961,
        0.023896 -0.272851 0.314961,
        0.029776 -0.275301 0.314961,
        -0.019823 -0.279126 0.314961,
        -0.014144 -0.278674 0.314961,
        -0.006715 -0.276537 0.314961,
        0.001251 -0.271906 0.314961,
        0.006945 -0.266307 0.314961,
        -0.053719 -0.249226 0.314961,
        -0.051241 -0.258010 0.314961,
        -0.047446 -0.265120 0.314961,
        -0.042230 -0.271033 0.314961,
        -0.035725 -0.275474 0.314961,
        -0.028676 -0.278092 0.314961,
        0.016187 -0.242284 0.314961,
        0.016786 -0.237620 0.314961,
        0.003223 -0.240889 0.314961,
        -0.009336 -0.219249 0.314961,
        -0.005247 -0.221862 0.314961,
        0.016826 -0.247046 0.314961,
        -0.002096 -0.225005 0.314961,
        0.000726 -0.229342 0.314961,
        0.002552 -0.234515 0.314961,
        0.053198 -0.246514 0.314961,
        0.053636 -0.242284 0.314961,
        0.053084 -0.237577 0.314961,
        0.051759 -0.234031 0.314961,
        0.049532 -0.230748 0.314961,
        0.046700 -0.228092 0.314961,
        0.042766 -0.225821 0.314961,
        0.038510 -0.224656 0.314961,
        -0.019057 -0.264722 0.314961,
        -0.013217 -0.264001 0.314961,
        -0.008723 -0.262233 0.314961,
        -0.004609 -0.259332 0.314961,
        -0.000748 -0.254925 0.314961,
        0.001631 -0.250326 0.314961,
        0.034979 -0.224392 0.314961,
        0.029870 -0.225007 0.314961,
        0.025900 -0.226563 0.314961,
        0.022220 -0.229141 0.314961,
        0.020770 -0.230534 0.314961,
        0.018400 -0.233730 0.314961,
        -0.014293 -0.217643 0.314961,
        -0.019057 -0.217191 0.314961,
        -0.024892 -0.217794 0.314961,
        -0.029366 -0.219311 0.314961,
        -0.033171 -0.221682 0.314961,
        -0.036671 -0.225233 0.314961,
        -0.039303 -0.229701 0.314961,
        -0.040989 -0.235431 0.314961,
        -0.041428 -0.240889 0.314961,
        -0.040767 -0.247330 0.314961,
        -0.038956 -0.252611 0.314961,
        -0.036182 -0.256959 0.314961,
        -0.033043 -0.260081 0.314961,
        -0.029150 -0.262570 0.314961,
        -0.024554 -0.264143 0.314961,
        0.040011 -0.259810 0.314961,
        0.044028 -0.258279 0.314961,
        0.047654 -0.255763 0.314961,
        0.049631 -0.253732 0.314961,
        0.051811 -0.250465 0.314961,
        0.002967 -0.244909 0.314961,
        0.018351 -0.250731 0.314961,
        0.020881 -0.254165 0.314961,
        0.025015 -0.257607 0.314961,
        0.028793 -0.259417 0.314961,
        0.032760 -0.260280 0.314961,
        0.034979 -0.260402 0.314961,
        -0.019057 -0.217191 0.318898,
        -0.014293 -0.217643 0.318898,
        -0.009336 -0.219249 0.318898,
        -0.005247 -0.221862 0.318898,
        -0.002096 -0.225005 0.318898,
        0.000726 -0.229342 0.318898,
        0.002552 -0.234515 0.318898,
        0.003223 -0.240889 0.318898,
        0.002967 -0.244909 0.318898,
        0.001631 -0.250326 0.318898,
        -0.000748 -0.254925 0.318898,
        -0.004609 -0.259332 0.318898,
        -0.008723 -0.262233 0.318898,
        -0.013217 -0.264001 0.318898,
        -0.019057 -0.264722 0.318898,
        -0.024554 -0.264143 0.318898,
        -0.029150 -0.262570 0.318898,
        -0.033043 -0.260081 0.318898,
        -0.036182 -0.256959 0.318898,
        -0.038956 -0.252611 0.318898,
        -0.040767 -0.247330 0.318898,
        -0.041428 -0.240889 0.318898,
        -0.040989 -0.235431 0.318898,
        -0.039303 -0.229701 0.318898,
        -0.036671 -0.225233 0.318898,
        -0.033171 -0.221682 0.318898,
        -0.029366 -0.219311 0.318898,
        -0.024892 -0.217794 0.318898,
        0.034979 -0.224392 0.318898,
        0.038510 -0.224656 0.318898,
        0.042766 -0.225821 0.318898,
        0.046700 -0.228092 0.318898,
        0.049532 -0.230748 0.318898,
        0.051759 -0.234031 0.318898,
        0.053084 -0.237577 0.318898,
        0.053636 -0.242284 0.318898,
        0.053198 -0.246514 0.318898,
        0.051811 -0.250465 0.318898,
        0.049631 -0.253732 0.318898,
        0.047654 -0.255763 0.318898,
        0.044028 -0.258279 0.318898,
        0.040011 -0.259810 0.318898,
        0.034979 -0.260402 0.318898,
        0.032760 -0.260280 0.318898,
        0.028793 -0.259417 0.318898,
        0.025015 -0.257607 0.318898,
        0.020881 -0.254165 0.318898,
        0.018351 -0.250731 0.318898,
        0.016826 -0.247046 0.318898,
        0.016187 -0.242284 0.318898,
        0.016786 -0.237620 0.318898,
        0.018400 -0.233730 0.318898,
        0.020770 -0.230534 0.318898,
        0.022220 -0.229141 0.318898,
        0.025900 -0.226563 0.318898,
        0.029870 -0.225007 0.318898,
      ]
    }
    coordIndex [
      20, 52, 21, -1,
      21, 52, 53, -1,
      21, 53, 42, -1,
      42, 53, 54, -1,
      42, 54, 41, -1,
      41, 54, 55, -1,
      41, 55, 43, -1,
      43, 55, 56, -1,
      43, 56, 44, -1,
      44, 56, 57, -1,
      44, 57, 45, -1,
      45, 57, 58, -1,
      45, 58, 46, -1,
      46, 58, 59, -1,
      46, 59, 47, -1,
      60, 37, 31, -1,
      60, 31, 61, -1,
      61, 31, 30, -1,
      61, 30, 62, -1,
      62, 30, 36, -1,
      62, 36, 63, -1,
      63, 36, 48, -1,
      63, 48, 64, -1,
      64, 48, 47, -1,
      64, 47, 59, -1,
      65, 32, 51, -1,
      65, 51, 66, -1,
      66, 51, 50, -1,
      66, 50, 67, -1,
      67, 50, 49, -1,
      67, 49, 68, -1,
      68, 49, 38, -1,
      68, 38, 69, -1,
      69, 38, 37, -1,
      69, 37, 60, -1,
      70, 29, 28, -1,
      70, 28, 71, -1,
      71, 28, 27, -1,
      71, 27, 72, -1,
      27, 40, 72, -1,
      72, 40, 39, -1,
      72, 39, 73, -1,
      73, 39, 35, -1,
      73, 35, 74, -1,
      74, 35, 34, -1,
      74, 34, 75, -1,
      75, 34, 33, -1,
      75, 33, 76, -1,
      76, 33, 32, -1,
      76, 32, 65, -1,
      29, 70, 8, -1,
      8, 70, 77, -1,
      8, 77, 7, -1,
      7, 77, 78, -1,
      7, 78, 6, -1,
      6, 78, 79, -1,
      6, 79, 9, -1,
      9, 79, 80, -1,
      9, 80, 10, -1,
      10, 80, 81, -1,
      10, 81, 11, -1,
      11, 81, 82, -1,
      11, 82, 22, -1,
      22, 82, 83, -1,
      22, 83, 23, -1,
      84, 1, 0, -1,
      84, 0, 85, -1,
      85, 0, 12, -1,
      85, 12, 86, -1,
      86, 12, 5, -1,
      86, 5, 87, -1,
      87, 5, 4, -1,
      87, 4, 88, -1,
      88, 4, 23, -1,
      88, 23, 83, -1,
      89, 26, 25, -1,
      89, 25, 90, -1,
      90, 25, 24, -1,
      90, 24, 91, -1,
      91, 24, 3, -1,
      91, 3, 92, -1,
      92, 3, 2, -1,
      92, 2, 93, -1,
      93, 2, 1, -1,
      93, 1, 84, -1,
      52, 20, 19, -1,
      52, 19, 94, -1,
      94, 19, 18, -1,
      94, 18, 95, -1,
      18, 17, 95, -1,
      95, 17, 16, -1,
      95, 16, 96, -1,
      96, 16, 15, -1,
      96, 15, 97, -1,
      97, 15, 14, -1,
      97, 14, 98, -1,
      98, 14, 13, -1,
      98, 13, 99, -1,
      99, 13, 26, -1,
      99, 26, 89, -1,
      100, 101, 102, -1,
      103, 104, 60, -1,
      100, 102, 105, -1,
      104, 106, 60, -1,
      60, 106, 107, -1,
      60, 107, 101, -1,
      101, 107, 108, -1,
      101, 108, 102, -1,
      78, 77, 109, -1,
      109, 77, 110, -1,
      110, 77, 70, -1,
      110, 70, 111, -1,
      111, 70, 71, -1,
      111, 71, 112, -1,
      112, 71, 72, -1,
      112, 72, 113, -1,
      113, 72, 73, -1,
      113, 73, 114, -1,
      114, 73, 74, -1,
      114, 74, 115, -1,
      115, 74, 75, -1,
      115, 75, 116, -1,
      117, 90, 118, -1,
      118, 90, 91, -1,
      118, 91, 119, -1,
      119, 91, 92, -1,
      119, 92, 120, -1,
      120, 92, 93, -1,
      120, 93, 121, -1,
      121, 93, 84, -1,
      121, 84, 122, -1,
      75, 76, 116, -1,
      116, 76, 65, -1,
      116, 65, 123, -1,
      123, 65, 66, -1,
      123, 66, 124, -1,
      124, 66, 67, -1,
      124, 67, 125, -1,
      125, 67, 68, -1,
      125, 68, 126, -1,
      126, 68, 69, -1,
      126, 69, 127, -1,
      127, 69, 60, -1,
      127, 60, 128, -1,
      128, 60, 101, -1,
      62, 63, 129, -1,
      129, 63, 64, -1,
      129, 64, 130, -1,
      130, 64, 59, -1,
      130, 59, 131, -1,
      131, 59, 58, -1,
      131, 58, 132, -1,
      132, 58, 57, -1,
      132, 57, 133, -1,
      133, 57, 56, -1,
      133, 56, 134, -1,
      134, 56, 55, -1,
      134, 55, 135, -1,
      135, 55, 54, -1,
      135, 54, 136, -1,
      136, 54, 53, -1,
      136, 53, 137, -1,
      137, 53, 52, -1,
      137, 52, 138, -1,
      138, 52, 94, -1,
      138, 94, 139, -1,
      139, 94, 95, -1,
      139, 95, 140, -1,
      140, 95, 96, -1,
      140, 96, 141, -1,
      141, 96, 97, -1,
      141, 97, 142, -1,
      142, 97, 98, -1,
      142, 98, 143, -1,
      143, 98, 99, -1,
      143, 99, 117, -1,
      117, 99, 89, -1,
      117, 89, 90, -1,
      144, 81, 145, -1,
      145, 81, 80, -1,
      145, 80, 146, -1,
      146, 80, 79, -1,
      146, 79, 147, -1,
      147, 79, 78, -1,
      147, 78, 148, -1,
      148, 78, 109, -1,
      102, 149, 105, -1,
      105, 149, 122, -1,
      105, 122, 150, -1,
      150, 122, 84, -1,
      150, 84, 151, -1,
      151, 84, 85, -1,
      151, 85, 152, -1,
      152, 85, 86, -1,
      152, 86, 153, -1,
      153, 86, 87, -1,
      153, 87, 154, -1,
      154, 87, 88, -1,
      154, 88, 155, -1,
      155, 88, 83, -1,
      155, 83, 144, -1,
      144, 83, 82, -1,
      144, 82, 81, -1,
      103, 60, 129, -1,
      129, 60, 61, -1,
      129, 61, 62, -1,
      130, 156, 157, -1,
      130, 157, 129, -1,
      129, 157, 158, -1,
      129, 158, 103, -1,
      103, 158, 159, -1,
      103, 159, 104, -1,
      104, 159, 160, -1,
      104, 160, 106, -1,
      106, 160, 161, -1,
      106, 161, 107, -1,
      107, 161, 162, -1,
      107, 162, 108, -1,
      108, 162, 163, -1,
      108, 163, 102, -1,
      102, 163, 164, -1,
      102, 164, 149, -1,
      149, 164, 165, -1,
      149, 165, 122, -1,
      122, 165, 166, -1,
      122, 166, 121, -1,
      121, 166, 167, -1,
      121, 167, 120, -1,
      120, 167, 168, -1,
      120, 168, 119, -1,
      119, 168, 169, -1,
      119, 169, 118, -1,
      118, 169, 170, -1,
      118, 170, 117, -1,
      117, 170, 171, -1,
      117, 171, 143, -1,
      143, 171, 172, -1,
      143, 172, 142, -1,
      142, 172, 173, -1,
      142, 173, 141, -1,
      141, 173, 174, -1,
      141, 174, 140, -1,
      140, 174, 175, -1,
      140, 175, 139, -1,
      139, 175, 176, -1,
      139, 176, 138, -1,
      138, 176, 177, -1,
      138, 177, 137, -1,
      137, 177, 178, -1,
      137, 178, 136, -1,
      136, 178, 179, -1,
      136, 179, 135, -1,
      135, 179, 180, -1,
      135, 180, 134, -1,
      134, 180, 181, -1,
      134, 181, 133, -1,
      133, 181, 182, -1,
      133, 182, 132, -1,
      132, 182, 183, -1,
      132, 183, 131, -1,
      131, 183, 156, -1,
      131, 156, 130, -1,
      123, 184, 185, -1,
      123, 185, 116, -1,
      116, 185, 186, -1,
      116, 186, 115, -1,
      115, 186, 187, -1,
      115, 187, 114, -1,
      114, 187, 188, -1,
      114, 188, 113, -1,
      113, 188, 189, -1,
      113, 189, 112, -1,
      112, 189, 190, -1,
      112, 190, 111, -1,
      111, 190, 191, -1,
      111, 191, 110, -1,
      110, 191, 192, -1,
      110, 192, 109, -1,
      109, 192, 193, -1,
      109, 193, 148, -1,
      148, 193, 194, -1,
      148, 194, 147, -1,
      147, 194, 195, -1,
      147, 195, 146, -1,
      146, 195, 196, -1,
      146, 196, 145, -1,
      145, 196, 197, -1,
      145, 197, 144, -1,
      144, 197, 198, -1,
      144, 198, 155, -1,
      155, 198, 199, -1,
      155, 199, 154, -1,
      154, 199, 200, -1,
      154, 200, 153, -1,
      153, 200, 201, -1,
      153, 201, 152, -1,
      152, 201, 202, -1,
      152, 202, 151, -1,
      151, 202, 203, -1,
      151, 203, 150, -1,
      150, 203, 204, -1,
      150, 204, 105, -1,
      105, 204, 205, -1,
      105, 205, 100, -1,
      100, 205, 206, -1,
      100, 206, 101, -1,
      101, 206, 207, -1,
      101, 207, 128, -1,
      128, 207, 208, -1,
      128, 208, 127, -1,
      127, 208, 209, -1,
      127, 209, 126, -1,
      126, 209, 210, -1,
      126, 210, 125, -1,
      125, 210, 211, -1,
      125, 211, 124, -1,
      124, 211, 184, -1,
      124, 184, 123, -1,
    ]
  }
}

Shape {
  appearance Appearance {
    material Material {
      diffuseColor 0.2510 0.2510 0.2510
      specularColor 0.1255 0.1255 0.1255
      ambientIntensity 0.2
      transparency 0.0000
      shininess 0.5
    }
  }
  geometry IndexedFaceSet {
    ccw TRUE
    solid FALSE
    coord DEF co Coordinate {
      point [
        -0.019057 -0.217191 0.318898,
        -0.014293 -0.217643 0.318898,
        -0.009336 -0.219249 0.318898,
        -0.005247 -0.221862 0.318898,
        -0.002096 -0.225005 0.318898,
        0.000726 -0.229342 0.318898,
        0.002552 -0.234515 0.318898,
        0.003223 -0.240889 0.318898,
        0.002967 -0.244909 0.318898,
        0.001631 -0.250326 0.318898,
        -0.000748 -0.254925 0.318898,
        -0.004609 -0.259332 0.318898,
        -0.008723 -0.262233 0.318898,
        -0.013217 -0.264001 0.318898,
        -0.019057 -0.264722 0.318898,
        -0.024554 -0.264143 0.318898,
        -0.029150 -0.262570 0.318898,
        -0.033043 -0.260081 0.318898,
        -0.036182 -0.256959 0.318898,
        -0.038956 -0.252611 0.318898,
        -0.040767 -0.247330 0.318898,
        -0.041428 -0.240889 0.318898,
        -0.040989 -0.235431 0.318898,
        -0.039303 -0.229701 0.318898,
        -0.036671 -0.225233 0.318898,
        -0.033171 -0.221682 0.318898,
        -0.029366 -0.219311 0.318898,
        -0.024892 -0.217794 0.318898,
      ]
    }
    coordIndex [
      7, 21, 8, -1,
      8, 21, 20, -1,
      17, 16, 8, -1,
      8, 16, 15, -1,
      8, 15, 14, -1,
      27, 7, 0, -1,
      0, 7, 6, -1,
      0, 6, 5, -1,
      5, 4, 0, -1,
      0, 4, 3, -1,
      0, 3, 1, -1,
      1, 3, 2, -1,
      20, 19, 8, -1,
      8, 19, 18, -1,
      8, 18, 17, -1,
      27, 26, 7, -1,
      7, 26, 25, -1,
      7, 25, 24, -1,
      11, 14, 12, -1,
      12, 14, 13, -1,
      11, 10, 14, -1,
      14, 10, 9, -1,
      14, 9, 8, -1,
      24, 23, 7, -1,
      7, 23, 22, -1,
      7, 22, 21, -1,
    ]
  }
}

Shape {
  appearance Appearance {
    material Material {
      diffuseColor 0.6667 0.6667 0.6667
      specularColor 0.3333 0.3333 0.3333
      ambientIntensity 0.2
      transparency 0.0000
      shininess 0.5
    }
  }
  geometry IndexedFaceSet {
    ccw TRUE
    solid FALSE
    coord DEF co Coordinate {
      point [
        0.065159 0.148663 0.318898,
        -0.013940 0.179598 0.318898,
        -0.024121 0.172339 0.318898,
        -0.024414 0.176638 0.318898,
        -0.029839 0.173753 0.318898,
        -0.029999 0.175391 0.318898,
        -0.035667 0.174590 0.318898,
        0.065159 0.216361 0.318898,
        0.065159 0.201957 0.318898,
        0.065159 0.132819 0.318898,
        -0.052951 0.165948 0.318898,
        -0.052951 0.179598 0.318898,
        -0.052951 0.183232 0.318898,
        -0.029587 0.245802 0.318898,
        -0.035667 0.245168 0.318898,
        -0.029576 0.244159 0.318898,
        0.044994 0.209159 0.318898,
        0.044994 0.210599 0.318898,
        0.038796 0.208541 0.318898,
        0.038875 0.211348 0.318898,
        0.032706 0.207246 0.318898,
        0.032863 0.212715 0.318898,
        -0.052951 0.236526 0.318898,
        -0.052951 0.253810 0.318898,
        -0.023604 0.247058 0.318898,
        -0.023604 0.242580 0.318898,
        0.065159 0.271094 0.318898,
        0.046434 -0.100520 0.318898,
        0.046434 -0.100048 0.318898,
        0.042495 -0.102311 0.318898,
        0.038181 -0.100452 0.318898,
        0.038737 -0.104459 0.318898,
        0.065159 -0.084676 0.318898,
        -0.052951 -0.084676 0.318898,
        -0.052951 -0.100520 0.318898,
        -0.052951 -0.162389 0.318898,
        0.029915 -0.100520 0.318898,
        0.065159 -0.104842 0.318898,
        0.065159 -0.165337 0.318898,
        0.065159 -0.181181 0.318898,
        -0.052951 -0.181181 0.318898,
        -0.032786 -0.165787 0.318898,
        -0.032786 -0.166102 0.318898,
        -0.028666 -0.163513 0.318898,
        -0.024225 -0.165463 0.318898,
        -0.024661 -0.161039 0.318898,
        -0.015637 -0.165337 0.318898,
        0.052196 -0.016979 0.318898,
        0.011865 -0.016979 0.318898,
        0.052196 -0.061631 0.318898,
        0.011865 -0.058750 0.318898,
        -0.001098 -0.058750 0.318898,
        -0.001098 -0.016979 0.318898,
        -0.052951 -0.016979 0.318898,
        -0.052951 -0.001135 0.318898,
        0.065159 -0.001135 0.318898,
        0.065159 -0.061631 0.318898,
        0.059529 0.053551 0.318898,
        0.052406 0.041571 0.318898,
        0.042407 0.031404 0.318898,
        0.032410 0.025394 0.318898,
        0.065159 0.082204 0.318898,
        0.063819 0.067409 0.318898,
        -0.019448 0.025855 0.318898,
        -0.030019 0.032246 0.318898,
        -0.039560 0.041718 0.318898,
        -0.046918 0.053607 0.318898,
        -0.051359 0.067174 0.318898,
        -0.052951 0.083419 0.318898,
        -0.052951 0.115535 0.318898,
        0.065159 0.115535 0.318898,
        0.020988 0.021750 0.318898,
        0.007589 0.020470 0.318898,
        -0.006518 0.021770 0.318898,
        0.065159 0.288379 0.318898,
        0.065159 -0.181181 0.314961,
        -0.052951 -0.181181 0.314961,
        -0.052951 -0.162389 0.314961,
        0.038737 -0.104459 0.314961,
        0.046434 -0.100520 0.314961,
        0.042495 -0.102311 0.314961,
        0.046434 -0.100048 0.314961,
        0.029915 -0.100520 0.314961,
        0.038181 -0.100452 0.314961,
        -0.052951 -0.100520 0.314961,
        -0.052951 -0.084676 0.314961,
        0.065159 -0.084676 0.314961,
        0.065159 -0.104842 0.314961,
        -0.024661 -0.161039 0.314961,
        -0.032786 -0.165787 0.314961,
        -0.028666 -0.163513 0.314961,
        -0.032786 -0.166102 0.314961,
        -0.015637 -0.165337 0.314961,
        -0.024225 -0.165463 0.314961,
        0.065159 -0.165337 0.314961,
        0.065159 -0.061631 0.314961,
        0.052196 -0.061631 0.314961,
        0.052196 -0.016979 0.314961,
        0.011865 -0.016979 0.314961,
        0.011865 -0.058750 0.314961,
        -0.001098 -0.058750 0.314961,
        -0.001098 -0.016979 0.314961,
        -0.052951 -0.016979 0.314961,
        -0.052951 -0.001135 0.314961,
        0.065159 -0.001135 0.314961,
        -0.052951 0.083419 0.314961,
        -0.052951 0.115535 0.314961,
        0.065159 0.115535 0.314961,
        0.065159 0.082204 0.314961,
        0.007589 0.020470 0.314961,
        0.020988 0.021750 0.314961,
        0.032410 0.025394 0.314961,
        0.042407 0.031404 0.314961,
        0.052406 0.041571 0.314961,
        0.059529 0.053551 0.314961,
        0.063819 0.067409 0.314961,
        -0.051359 0.067174 0.314961,
        -0.046918 0.053607 0.314961,
        -0.039560 0.041718 0.314961,
        -0.030019 0.032246 0.314961,
        -0.019448 0.025855 0.314961,
        -0.006518 0.021770 0.314961,
        0.007252 0.036315 0.314961,
        0.019009 0.037319 0.314961,
        0.028633 0.040198 0.314961,
        0.035852 0.044315 0.314961,
        0.041906 0.050109 0.314961,
        0.047419 0.058796 0.314961,
        0.050784 0.068619 0.314961,
        0.052196 0.082271 0.314961,
        0.052196 0.099691 0.314961,
        -0.039988 0.099691 0.314961,
        -0.039988 0.082924 0.314961,
        -0.038861 0.070628 0.314961,
        -0.035759 0.060578 0.314961,
        -0.030950 0.052481 0.314961,
        -0.024352 0.045785 0.314961,
        -0.016331 0.040897 0.314961,
        -0.006939 0.037769 0.314961,
        0.052196 0.082271 0.318898,
        0.052196 0.099691 0.318898,
        0.050784 0.068619 0.318898,
        0.047419 0.058796 0.318898,
        0.041906 0.050109 0.318898,
        0.035852 0.044315 0.318898,
        0.028633 0.040198 0.318898,
        0.019009 0.037319 0.318898,
        0.007252 0.036315 0.318898,
        -0.006939 0.037769 0.318898,
        -0.016331 0.040897 0.318898,
        -0.024352 0.045785 0.318898,
        -0.030950 0.052481 0.318898,
        -0.035759 0.060578 0.318898,
        -0.038861 0.070628 0.318898,
        -0.039988 0.082924 0.318898,
        -0.039988 0.099691 0.318898,
        0.065159 0.148663 0.314961,
        0.065159 0.132819 0.314961,
        -0.052951 0.165948 0.314961,
        -0.052951 0.183232 0.314961,
        0.032706 0.207246 0.314961,
        0.044994 0.209159 0.314961,
        0.038796 0.208541 0.314961,
        0.044994 0.210599 0.314961,
        0.032863 0.212715 0.314961,
        0.038875 0.211348 0.314961,
        -0.052951 0.236526 0.314961,
        -0.052951 0.253810 0.314961,
        0.065159 0.288379 0.314961,
        0.065159 0.271094 0.314961,
        -0.023604 0.247058 0.314961,
        -0.035667 0.245168 0.314961,
        -0.029587 0.245802 0.314961,
        -0.023604 0.242580 0.314961,
        -0.029576 0.244159 0.314961,
        0.065159 0.216361 0.314961,
        0.065159 0.201957 0.314961,
        -0.024414 0.176638 0.314961,
        -0.035667 0.174590 0.314961,
        -0.029999 0.175391 0.314961,
        -0.024121 0.172339 0.314961,
        -0.029839 0.173753 0.314961,
      ]
    }
    coordIndex [
      75, 76, 39, -1,
      39, 76, 40, -1,
      76, 77, 40, -1,
      40, 77, 35, -1,
      77, 78, 35, -1,
      35, 78, 31, -1,
      79, 27, 29, -1,
      79, 29, 80, -1,
      80, 29, 31, -1,
      80, 31, 78, -1,
      79, 81, 27, -1,
      27, 81, 28, -1,
      82, 36, 30, -1,
      82, 30, 83, -1,
      83, 30, 28, -1,
      83, 28, 81, -1,
      82, 84, 36, -1,
      36, 84, 34, -1,
      84, 85, 34, -1,
      34, 85, 33, -1,
      85, 86, 33, -1,
      33, 86, 32, -1,
      86, 87, 32, -1,
      32, 87, 37, -1,
      87, 88, 37, -1,
      37, 88, 45, -1,
      89, 41, 43, -1,
      89, 43, 90, -1,
      90, 43, 45, -1,
      90, 45, 88, -1,
      89, 91, 41, -1,
      41, 91, 42, -1,
      92, 46, 44, -1,
      92, 44, 93, -1,
      93, 44, 42, -1,
      93, 42, 91, -1,
      92, 94, 46, -1,
      46, 94, 38, -1,
      94, 75, 38, -1,
      38, 75, 39, -1,
      75, 94, 76, -1,
      76, 94, 92, -1,
      85, 84, 86, -1,
      86, 84, 82, -1,
      82, 83, 86, -1,
      86, 83, 81, -1,
      86, 81, 87, -1,
      87, 81, 79, -1,
      92, 93, 76, -1,
      76, 93, 91, -1,
      76, 91, 77, -1,
      77, 91, 89, -1,
      89, 90, 77, -1,
      77, 90, 88, -1,
      77, 88, 78, -1,
      78, 88, 87, -1,
      78, 87, 80, -1,
      80, 87, 79, -1,
      95, 96, 56, -1,
      56, 96, 49, -1,
      96, 97, 49, -1,
      49, 97, 47, -1,
      97, 98, 47, -1,
      47, 98, 48, -1,
      98, 99, 48, -1,
      48, 99, 50, -1,
      99, 100, 50, -1,
      50, 100, 51, -1,
      100, 101, 51, -1,
      51, 101, 52, -1,
      101, 102, 52, -1,
      52, 102, 53, -1,
      102, 103, 53, -1,
      53, 103, 54, -1,
      103, 104, 54, -1,
      54, 104, 55, -1,
      104, 95, 55, -1,
      55, 95, 56, -1,
      104, 103, 101, -1,
      101, 103, 102, -1,
      96, 95, 97, -1,
      97, 95, 104, -1,
      97, 104, 98, -1,
      98, 104, 101, -1,
      98, 101, 99, -1,
      99, 101, 100, -1,
      105, 106, 68, -1,
      68, 106, 69, -1,
      106, 107, 69, -1,
      69, 107, 70, -1,
      107, 108, 70, -1,
      70, 108, 61, -1,
      109, 72, 71, -1,
      109, 71, 110, -1,
      110, 71, 60, -1,
      110, 60, 111, -1,
      111, 60, 59, -1,
      111, 59, 112, -1,
      112, 59, 58, -1,
      112, 58, 113, -1,
      113, 58, 57, -1,
      113, 57, 114, -1,
      114, 57, 62, -1,
      114, 62, 115, -1,
      115, 62, 61, -1,
      115, 61, 108, -1,
      105, 68, 67, -1,
      105, 67, 116, -1,
      116, 67, 66, -1,
      116, 66, 117, -1,
      117, 66, 65, -1,
      117, 65, 118, -1,
      118, 65, 64, -1,
      118, 64, 119, -1,
      119, 64, 63, -1,
      119, 63, 120, -1,
      120, 63, 73, -1,
      120, 73, 121, -1,
      121, 73, 72, -1,
      121, 72, 109, -1,
      122, 109, 123, -1,
      123, 109, 110, -1,
      123, 110, 124, -1,
      124, 110, 111, -1,
      124, 111, 125, -1,
      125, 111, 112, -1,
      125, 112, 126, -1,
      126, 112, 113, -1,
      126, 113, 127, -1,
      127, 113, 114, -1,
      127, 114, 128, -1,
      128, 114, 115, -1,
      128, 115, 129, -1,
      129, 115, 108, -1,
      129, 108, 130, -1,
      130, 108, 107, -1,
      130, 107, 131, -1,
      131, 107, 106, -1,
      131, 106, 132, -1,
      132, 106, 105, -1,
      132, 105, 133, -1,
      133, 105, 116, -1,
      133, 116, 134, -1,
      134, 116, 117, -1,
      134, 117, 135, -1,
      135, 117, 118, -1,
      135, 118, 136, -1,
      136, 118, 119, -1,
      136, 119, 137, -1,
      137, 119, 120, -1,
      137, 120, 138, -1,
      138, 120, 121, -1,
      138, 121, 122, -1,
      122, 121, 109, -1,
      129, 130, 139, -1,
      139, 130, 140, -1,
      129, 139, 141, -1,
      129, 141, 128, -1,
      128, 141, 142, -1,
      128, 142, 127, -1,
      127, 142, 143, -1,
      127, 143, 126, -1,
      126, 143, 144, -1,
      126, 144, 125, -1,
      125, 144, 145, -1,
      125, 145, 124, -1,
      124, 145, 146, -1,
      124, 146, 123, -1,
      123, 146, 147, -1,
      123, 147, 122, -1,
      122, 147, 148, -1,
      122, 148, 138, -1,
      138, 148, 149, -1,
      138, 149, 137, -1,
      137, 149, 150, -1,
      137, 150, 136, -1,
      136, 150, 151, -1,
      136, 151, 135, -1,
      135, 151, 152, -1,
      135, 152, 134, -1,
      134, 152, 153, -1,
      134, 153, 133, -1,
      133, 153, 154, -1,
      133, 154, 132, -1,
      131, 132, 155, -1,
      155, 132, 154, -1,
      130, 131, 140, -1,
      140, 131, 155, -1,
      156, 157, 0, -1,
      0, 157, 9, -1,
      157, 158, 9, -1,
      9, 158, 10, -1,
      10, 158, 11, -1,
      11, 158, 159, -1,
      11, 159, 12, -1,
      159, 160, 12, -1,
      12, 160, 20, -1,
      161, 16, 18, -1,
      161, 18, 162, -1,
      162, 18, 20, -1,
      162, 20, 160, -1,
      161, 163, 16, -1,
      16, 163, 17, -1,
      164, 21, 19, -1,
      164, 19, 165, -1,
      165, 19, 17, -1,
      165, 17, 163, -1,
      164, 166, 21, -1,
      21, 166, 22, -1,
      166, 167, 22, -1,
      22, 167, 23, -1,
      167, 168, 23, -1,
      23, 168, 74, -1,
      168, 169, 74, -1,
      74, 169, 26, -1,
      169, 170, 26, -1,
      26, 170, 24, -1,
      171, 14, 13, -1,
      171, 13, 172, -1,
      172, 13, 24, -1,
      172, 24, 170, -1,
      173, 25, 15, -1,
      173, 15, 174, -1,
      174, 15, 14, -1,
      174, 14, 171, -1,
      173, 175, 25, -1,
      25, 175, 7, -1,
      175, 176, 7, -1,
      7, 176, 8, -1,
      8, 176, 1, -1,
      1, 176, 177, -1,
      1, 177, 3, -1,
      178, 6, 5, -1,
      178, 5, 179, -1,
      179, 5, 3, -1,
      179, 3, 177, -1,
      180, 2, 4, -1,
      180, 4, 181, -1,
      181, 4, 6, -1,
      181, 6, 178, -1,
      180, 156, 2, -1,
      2, 156, 0, -1,
      169, 168, 170, -1,
      170, 168, 167, -1,
      170, 167, 172, -1,
      157, 156, 158, -1,
      158, 156, 180, -1,
      180, 181, 158, -1,
      158, 181, 178, -1,
      158, 178, 159, -1,
      172, 167, 171, -1,
      171, 167, 166, -1,
      171, 166, 174, -1,
      178, 179, 159, -1,
      159, 179, 177, -1,
      159, 177, 160, -1,
      160, 177, 176, -1,
      160, 176, 162, -1,
      164, 175, 166, -1,
      166, 175, 173, -1,
      166, 173, 174, -1,
      164, 165, 175, -1,
      175, 165, 163, -1,
      175, 163, 176, -1,
      176, 163, 161, -1,
      176, 161, 162, -1,
    ]
  }
}

Shape {
  appearance Appearance {
    material Material {
      diffuseColor 0.2510 0.2510 0.2510
      specularColor 0.1255 0.1255 0.1255
      ambientIntensity 0.2
      transparency 0.0000
      shininess 0.5
    }
  }
  geometry IndexedFaceSet {
    ccw TRUE
    solid FALSE
    coord DEF co Coordinate {
      point [
        0.034979 -0.224392 0.318898,
        0.038510 -0.224656 0.318898,
        0.042766 -0.225821 0.318898,
        0.046700 -0.228092 0.318898,
        0.049532 -0.230748 0.318898,
        0.051759 -0.234031 0.318898,
        0.053084 -0.237577 0.318898,
        0.053636 -0.242284 0.318898,
        0.053198 -0.246514 0.318898,
        0.051811 -0.250465 0.318898,
        0.049631 -0.253732 0.318898,
        0.047654 -0.255763 0.318898,
        0.044028 -0.258279 0.318898,
        0.040011 -0.259810 0.318898,
        0.034979 -0.260402 0.318898,
        0.032760 -0.260280 0.318898,
        0.028793 -0.259417 0.318898,
        0.025015 -0.257607 0.318898,
        0.020881 -0.254165 0.318898,
        0.018351 -0.250731 0.318898,
        0.016826 -0.247046 0.318898,
        0.016187 -0.242284 0.318898,
        0.016786 -0.237620 0.318898,
        0.018400 -0.233730 0.318898,
        0.020770 -0.230534 0.318898,
        0.022220 -0.229141 0.318898,
        0.025900 -0.226563 0.318898,
        0.029870 -0.225007 0.318898,
        0.052196 0.082271 0.318898,
        0.052196 0.099691 0.318898,
        0.050784 0.068619 0.318898,
        0.047419 0.058796 0.318898,
        0.041906 0.050109 0.318898,
        0.035852 0.044315 0.318898,
        0.028633 0.040198 0.318898,
        0.019009 0.037319 0.318898,
        0.007252 0.036315 0.318898,
        -0.006939 0.037769 0.318898,
        -0.016331 0.040897 0.318898,
        -0.024352 0.045785 0.318898,
        -0.030950 0.052481 0.318898,
        -0.035759 0.060578 0.318898,
        -0.038861 0.070628 0.318898,
        -0.039988 0.082924 0.318898,
        -0.039988 0.099691 0.318898,
      ]
    }
    coordIndex [
      13, 12, 25, -1,
      25, 12, 11, -1,
      25, 11, 10, -1,
      17, 16, 24, -1,
      24, 16, 15, -1,
      24, 15, 25, -1,
      25, 15, 14, -1,
      25, 14, 13, -1,
      0, 10, 1, -1,
      1, 10, 9, -1,
      6, 5, 7, -1,
      7, 5, 4, -1,
      7, 4, 3, -1,
      0, 27, 10, -1,
      10, 27, 26, -1,
      10, 26, 25, -1,
      9, 8, 1, -1,
      1, 8, 7, -1,
      1, 7, 2, -1,
      2, 7, 3, -1,
      23, 19, 24, -1,
      24, 19, 18, -1,
      24, 18, 17, -1,
      22, 21, 23, -1,
      23, 21, 20, -1,
      23, 20, 19, -1,
      29, 44, 28, -1,
      28, 44, 43, -1,
      37, 36, 28, -1,
      28, 36, 35, -1,
      28, 35, 30, -1,
      30, 35, 34, -1,
      43, 42, 28, -1,
      28, 42, 41, -1,
      28, 41, 40, -1,
      33, 32, 34, -1,
      34, 32, 31, -1,
      34, 31, 30, -1,
      40, 39, 28, -1,
      28, 39, 38, -1,
      28, 38, 37, -1,
    ]
  }
}

Shape {
  appearance Appearance {
    material Material {
      diffuseColor 1.0000 1.0000 1.0000
      specularColor 0.8784 0.8784 0.8784
      ambientIntensity 0.2
      transparency 0.0000
      shininess 0.5
    }
  }
  geometry IndexedFaceSet {
    ccw TRUE
    solid FALSE
    coord DEF co Coordinate {
      point [
        -0.193520 -0.026561 0.000000,
        -0.193520 0.233290 0.000000,
        -0.114780 0.312030 0.000000,
        -0.059314 0.312030 0.000000,
        0.193520 -0.312030 0.000000,
        -0.193520 -0.312030 0.000000,
        0.193520 0.312030 0.000000,
        -0.299213 0.334646 0.003937,
        -0.393701 0.334646 0.003937,
        -0.271374 -0.267437 0.003937,
        -0.279528 -0.261180 0.003937,
        -0.193520 0.233290 0.003937,
        -0.261184 0.305465 0.003937,
        -0.265117 0.314961 0.003937,
        -0.114780 0.312030 0.003937,
        -0.289023 -0.333304 0.003937,
        -0.279528 -0.329371 0.003937,
        -0.193520 -0.312030 0.003937,
        0.289023 0.333304 0.003937,
        0.299213 0.334646 0.003937,
        0.393701 0.334646 0.003937,
        -0.271374 -0.323115 0.003937,
        -0.265117 -0.314961 0.003937,
        -0.261184 -0.305465 0.003937,
        -0.261184 -0.088235 0.003937,
        -0.265117 -0.078740 0.003937,
        0.279528 0.329371 0.003937,
        0.193520 0.312030 0.003937,
        0.271374 0.323115 0.003937,
        0.259843 -0.295276 0.003937,
        0.261184 -0.305465 0.003937,
        0.193520 -0.312030 0.003937,
        -0.393701 -0.334646 0.003937,
        -0.299213 -0.334646 0.003937,
        -0.271374 0.267437 0.003937,
        -0.265117 0.275591 0.003937,
        -0.261184 0.285086 0.003937,
        -0.259843 0.295276 0.003937,
        -0.271374 0.323115 0.003937,
        -0.279528 0.329371 0.003937,
        -0.289023 0.333304 0.003937,
        -0.259843 -0.295276 0.003937,
        -0.261184 -0.285086 0.003937,
        -0.265117 -0.275591 0.003937,
        -0.261184 0.108615 0.003937,
        -0.265117 0.118110 0.003937,
        0.265117 0.314961 0.003937,
        0.261184 0.305465 0.003937,
        0.259843 0.295276 0.003937,
        0.279528 0.064330 0.003937,
        0.289023 -0.060396 0.003937,
        0.279528 -0.064330 0.003937,
        0.265117 -0.078740 0.003937,
        0.261184 -0.088235 0.003937,
        0.279528 -0.132521 0.003937,
        0.289023 -0.257247 0.003937,
        0.279528 -0.261180 0.003937,
        -0.271374 -0.126264 0.003937,
        -0.265117 -0.118110 0.003937,
        -0.261184 -0.108615 0.003937,
        -0.259843 -0.098425 0.003937,
        -0.271374 -0.070586 0.003937,
        -0.279528 -0.064330 0.003937,
        -0.289023 -0.060396 0.003937,
        0.271374 -0.070586 0.003937,
        0.271374 0.070586 0.003937,
        0.259843 -0.098425 0.003937,
        0.261184 -0.108615 0.003937,
        0.265117 -0.275591 0.003937,
        0.265117 -0.118110 0.003937,
        0.261184 -0.285086 0.003937,
        0.393701 -0.334646 0.003937,
        0.299213 -0.334646 0.003937,
        0.289023 -0.333304 0.003937,
        -0.279528 0.064330 0.003937,
        -0.271374 0.070586 0.003937,
        0.289023 0.136454 0.003937,
        0.279528 0.132521 0.003937,
        0.271374 0.126264 0.003937,
        0.265117 0.118110 0.003937,
        0.261184 0.108615 0.003937,
        0.259843 0.098425 0.003937,
        0.261184 0.088235 0.003937,
        0.265117 0.078740 0.003937,
        0.299213 0.059055 0.003937,
        0.393701 0.059055 0.003937,
        0.393701 -0.059055 0.003937,
        0.271374 -0.267437 0.003937,
        0.271374 -0.126264 0.003937,
        0.299213 -0.137795 0.003937,
        0.393701 -0.137795 0.003937,
        0.393701 -0.255906 0.003937,
        0.265117 -0.314961 0.003937,
        0.271374 -0.323115 0.003937,
        0.279528 -0.329371 0.003937,
        -0.393701 -0.255906 0.003937,
        -0.393701 -0.137795 0.003937,
        -0.299213 -0.255906 0.003937,
        -0.299213 -0.137795 0.003937,
        -0.289023 -0.257247 0.003937,
        -0.289023 -0.136454 0.003937,
        -0.279528 -0.132521 0.003937,
        -0.271374 0.126264 0.003937,
        -0.279528 0.132521 0.003937,
        -0.289023 0.136454 0.003937,
        -0.279528 0.261180 0.003937,
        0.261184 0.285086 0.003937,
        0.265117 0.275591 0.003937,
        0.271374 0.267437 0.003937,
        0.279528 0.261180 0.003937,
        0.299213 0.255906 0.003937,
        0.393701 0.255906 0.003937,
        0.393701 0.137795 0.003937,
        0.289023 0.060396 0.003937,
        0.299213 -0.059055 0.003937,
        0.289023 -0.136454 0.003937,
        0.299213 -0.255906 0.003937,
        0.289023 0.257247 0.003937,
        0.299213 0.137795 0.003937,
        -0.393701 -0.059055 0.003937,
        -0.393701 0.059055 0.003937,
        -0.299213 -0.059055 0.003937,
        -0.299213 0.059055 0.003937,
        -0.289023 0.060396 0.003937,
        -0.265117 0.078740 0.003937,
        -0.261184 0.088235 0.003937,
        -0.259843 0.098425 0.003937,
        -0.393701 0.137795 0.003937,
        -0.393701 0.255906 0.003937,
        -0.299213 0.137795 0.003937,
        -0.299213 0.255906 0.003937,
        -0.289023 0.257247 0.003937,
        -0.393701 0.334646 0.078740,
        -0.393701 0.255906 0.078740,
        -0.393701 0.137795 0.078740,
        -0.393701 0.059055 0.078740,
        -0.393701 -0.059055 0.078740,
        -0.393701 -0.137795 0.078740,
        -0.393701 -0.334646 0.078740,
        -0.393701 -0.255906 0.078740,
        0.393701 0.334646 0.078740,
        0.393701 0.255906 0.078740,
        0.393701 -0.334646 0.078740,
        0.393701 -0.255906 0.078740,
        0.393701 -0.137795 0.078740,
        0.393701 -0.059055 0.078740,
        0.393701 0.059055 0.078740,
        0.393701 0.137795 0.078740,
        -0.397638 0.334646 0.078740,
        -0.397638 0.255906 0.078740,
        -0.397638 0.255906 0.000000,
        -0.299213 0.255906 0.000000,
        -0.299213 0.334646 0.000000,
        -0.397638 0.334646 0.000000,
        -0.289023 0.257247 0.000000,
        -0.279528 0.261180 0.000000,
        -0.271374 0.267437 0.000000,
        -0.265117 0.275591 0.000000,
        -0.261184 0.285086 0.000000,
        -0.259843 0.295276 0.000000,
        -0.261184 0.305465 0.000000,
        -0.265117 0.314961 0.000000,
        -0.271374 0.323115 0.000000,
        -0.279528 0.329371 0.000000,
        -0.289023 0.333304 0.000000,
        -0.397638 0.137795 0.078740,
        -0.397638 0.059055 0.078740,
        -0.397638 0.059055 0.000000,
        -0.299213 0.059055 0.000000,
        -0.299213 0.137795 0.000000,
        -0.397638 0.137795 0.000000,
        -0.289023 0.060396 0.000000,
        -0.279528 0.064330 0.000000,
        -0.271374 0.070586 0.000000,
        -0.265117 0.078740 0.000000,
        -0.261184 0.088235 0.000000,
        -0.259843 0.098425 0.000000,
        -0.261184 0.108615 0.000000,
        -0.265117 0.118110 0.000000,
        -0.271374 0.126264 0.000000,
        -0.279528 0.132521 0.000000,
        -0.289023 0.136454 0.000000,
        -0.397638 -0.059055 0.078740,
        -0.397638 -0.137795 0.078740,
        -0.397638 -0.137795 0.000000,
        -0.299213 -0.137795 0.000000,
        -0.299213 -0.059055 0.000000,
        -0.397638 -0.059055 0.000000,
        -0.289023 -0.136454 0.000000,
        -0.279528 -0.132521 0.000000,
        -0.271374 -0.126264 0.000000,
        -0.265117 -0.118110 0.000000,
        -0.261184 -0.108615 0.000000,
        -0.259843 -0.098425 0.000000,
        -0.261184 -0.088235 0.000000,
        -0.265117 -0.078740 0.000000,
        -0.271374 -0.070586 0.000000,
        -0.279528 -0.064330 0.000000,
        -0.289023 -0.060396 0.000000,
        -0.397638 -0.255906 0.078740,
        -0.397638 -0.334646 0.078740,
        -0.397638 -0.334646 0.000000,
        -0.299213 -0.334646 0.000000,
        -0.299213 -0.255906 0.000000,
        -0.397638 -0.255906 0.000000,
        -0.289023 -0.333304 0.000000,
        -0.279528 -0.329371 0.000000,
        -0.271374 -0.323115 0.000000,
        -0.265117 -0.314961 0.000000,
        -0.261184 -0.305465 0.000000,
        -0.259843 -0.295276 0.000000,
        -0.261184 -0.285086 0.000000,
        -0.265117 -0.275591 0.000000,
        -0.271374 -0.267437 0.000000,
        -0.279528 -0.261180 0.000000,
        -0.289023 -0.257247 0.000000,
        0.397638 0.255906 0.078740,
        0.397638 0.334646 0.078740,
        0.397638 0.334646 0.000000,
        0.397638 0.255906 0.000000,
        0.299213 0.334646 0.000000,
        0.289023 0.333304 0.000000,
        0.279528 0.329371 0.000000,
        0.271374 0.323115 0.000000,
        0.265117 0.314961 0.000000,
        0.261184 0.305465 0.000000,
        0.259843 0.295276 0.000000,
        0.261184 0.285086 0.000000,
        0.265117 0.275591 0.000000,
        0.271374 0.267437 0.000000,
        0.279528 0.261180 0.000000,
        0.289023 0.257247 0.000000,
        0.299213 0.255906 0.000000,
        0.397638 0.059055 0.078740,
        0.397638 0.137795 0.078740,
        0.397638 0.137795 0.000000,
        0.397638 0.059055 0.000000,
        0.299213 0.137795 0.000000,
        0.289023 0.136454 0.000000,
        0.279528 0.132521 0.000000,
        0.271374 0.126264 0.000000,
        0.265117 0.118110 0.000000,
        0.261184 0.108615 0.000000,
        0.259843 0.098425 0.000000,
        0.261184 0.088235 0.000000,
        0.265117 0.078740 0.000000,
        0.271374 0.070586 0.000000,
        0.279528 0.064330 0.000000,
        0.289023 0.060396 0.000000,
        0.299213 0.059055 0.000000,
        0.397638 -0.137795 0.078740,
        0.397638 -0.059055 0.078740,
        0.397638 -0.059055 0.000000,
        0.397638 -0.137795 0.000000,
        0.299213 -0.059055 0.000000,
        0.289023 -0.060396 0.000000,
        0.279528 -0.064330 0.000000,
        0.271374 -0.070586 0.000000,
        0.265117 -0.078740 0.000000,
        0.261184 -0.088235 0.000000,
        0.259843 -0.098425 0.000000,
        0.261184 -0.108615 0.000000,
        0.265117 -0.118110 0.000000,
        0.271374 -0.126264 0.000000,
        0.279528 -0.132521 0.000000,
        0.289023 -0.136454 0.000000,
        0.299213 -0.137795 0.000000,
        0.397638 -0.334646 0.078740,
        0.397638 -0.255906 0.078740,
        0.397638 -0.255906 0.000000,
        0.397638 -0.334646 0.000000,
        0.299213 -0.255906 0.000000,
        0.289023 -0.257247 0.000000,
        0.279528 -0.261180 0.000000,
        0.271374 -0.267437 0.000000,
        0.265117 -0.275591 0.000000,
        0.261184 -0.285086 0.000000,
        0.259843 -0.295276 0.000000,
        0.261184 -0.305465 0.000000,
        0.265117 -0.314961 0.000000,
        0.271374 -0.323115 0.000000,
        0.279528 -0.329371 0.000000,
        0.289023 -0.333304 0.000000,
        0.299213 -0.334646 0.000000,
      ]
    }
    coordIndex [
      148, 149, 132, -1,
      132, 149, 133, -1,
      133, 149, 128, -1,
      128, 149, 150, -1,
      128, 150, 130, -1,
      130, 150, 151, -1,
      7, 152, 8, -1,
      8, 152, 153, -1,
      8, 153, 132, -1,
      132, 153, 148, -1,
      149, 148, 150, -1,
      150, 148, 153, -1,
      130, 151, 154, -1,
      130, 154, 131, -1,
      131, 154, 155, -1,
      131, 155, 105, -1,
      105, 155, 156, -1,
      105, 156, 34, -1,
      34, 156, 157, -1,
      34, 157, 35, -1,
      35, 157, 158, -1,
      35, 158, 36, -1,
      36, 158, 159, -1,
      36, 159, 37, -1,
      37, 159, 160, -1,
      37, 160, 12, -1,
      12, 160, 161, -1,
      12, 161, 13, -1,
      13, 161, 162, -1,
      13, 162, 38, -1,
      38, 162, 163, -1,
      38, 163, 39, -1,
      39, 163, 164, -1,
      39, 164, 40, -1,
      40, 164, 152, -1,
      40, 152, 7, -1,
      150, 153, 151, -1,
      151, 153, 152, -1,
      156, 155, 152, -1,
      152, 155, 154, -1,
      152, 154, 151, -1,
      152, 164, 156, -1,
      156, 164, 163, -1,
      156, 163, 157, -1,
      157, 163, 158, -1,
      163, 162, 158, -1,
      158, 162, 161, -1,
      158, 161, 159, -1,
      159, 161, 160, -1,
      165, 166, 134, -1,
      134, 166, 135, -1,
      135, 166, 120, -1,
      120, 166, 167, -1,
      120, 167, 122, -1,
      122, 167, 168, -1,
      129, 169, 127, -1,
      127, 169, 170, -1,
      127, 170, 134, -1,
      134, 170, 165, -1,
      166, 165, 167, -1,
      167, 165, 170, -1,
      122, 168, 171, -1,
      122, 171, 123, -1,
      123, 171, 172, -1,
      123, 172, 74, -1,
      74, 172, 173, -1,
      74, 173, 75, -1,
      75, 173, 174, -1,
      75, 174, 124, -1,
      124, 174, 175, -1,
      124, 175, 125, -1,
      125, 175, 176, -1,
      125, 176, 126, -1,
      126, 176, 177, -1,
      126, 177, 44, -1,
      44, 177, 178, -1,
      44, 178, 45, -1,
      45, 178, 179, -1,
      45, 179, 102, -1,
      102, 179, 180, -1,
      102, 180, 103, -1,
      103, 180, 181, -1,
      103, 181, 104, -1,
      104, 181, 169, -1,
      104, 169, 129, -1,
      168, 167, 170, -1,
      170, 169, 168, -1,
      168, 169, 181, -1,
      168, 181, 180, -1,
      180, 179, 168, -1,
      168, 179, 178, -1,
      168, 178, 177, -1,
      177, 176, 168, -1,
      168, 176, 175, -1,
      168, 175, 174, -1,
      174, 173, 168, -1,
      168, 173, 172, -1,
      168, 172, 171, -1,
      182, 183, 136, -1,
      136, 183, 137, -1,
      137, 183, 96, -1,
      96, 183, 184, -1,
      96, 184, 98, -1,
      98, 184, 185, -1,
      121, 186, 119, -1,
      119, 186, 187, -1,
      119, 187, 136, -1,
      136, 187, 182, -1,
      183, 182, 184, -1,
      184, 182, 187, -1,
      98, 185, 188, -1,
      98, 188, 100, -1,
      100, 188, 189, -1,
      100, 189, 101, -1,
      101, 189, 190, -1,
      101, 190, 57, -1,
      57, 190, 191, -1,
      57, 191, 58, -1,
      58, 191, 192, -1,
      58, 192, 59, -1,
      59, 192, 193, -1,
      59, 193, 60, -1,
      60, 193, 194, -1,
      60, 194, 24, -1,
      24, 194, 195, -1,
      24, 195, 25, -1,
      25, 195, 196, -1,
      25, 196, 61, -1,
      61, 196, 197, -1,
      61, 197, 62, -1,
      62, 197, 198, -1,
      62, 198, 63, -1,
      63, 198, 186, -1,
      63, 186, 121, -1,
      193, 192, 186, -1,
      192, 191, 186, -1,
      186, 191, 190, -1,
      186, 190, 189, -1,
      196, 195, 197, -1,
      197, 195, 198, -1,
      198, 195, 186, -1,
      186, 195, 194, -1,
      186, 194, 193, -1,
      184, 187, 185, -1,
      185, 187, 186, -1,
      185, 186, 188, -1,
      188, 186, 189, -1,
      199, 200, 139, -1,
      139, 200, 138, -1,
      138, 200, 32, -1,
      32, 200, 201, -1,
      32, 201, 33, -1,
      33, 201, 202, -1,
      97, 203, 95, -1,
      95, 203, 204, -1,
      95, 204, 139, -1,
      139, 204, 199, -1,
      200, 199, 201, -1,
      201, 199, 204, -1,
      33, 202, 205, -1,
      33, 205, 15, -1,
      15, 205, 206, -1,
      15, 206, 16, -1,
      16, 206, 207, -1,
      16, 207, 21, -1,
      21, 207, 208, -1,
      21, 208, 22, -1,
      22, 208, 209, -1,
      22, 209, 23, -1,
      23, 209, 210, -1,
      23, 210, 41, -1,
      41, 210, 211, -1,
      41, 211, 42, -1,
      42, 211, 212, -1,
      42, 212, 43, -1,
      43, 212, 213, -1,
      43, 213, 9, -1,
      9, 213, 214, -1,
      9, 214, 10, -1,
      10, 214, 215, -1,
      10, 215, 99, -1,
      99, 215, 203, -1,
      99, 203, 97, -1,
      201, 204, 202, -1,
      202, 204, 203, -1,
      207, 206, 203, -1,
      203, 206, 205, -1,
      203, 205, 202, -1,
      203, 215, 207, -1,
      207, 215, 214, -1,
      207, 214, 208, -1,
      208, 214, 209, -1,
      214, 213, 209, -1,
      209, 213, 212, -1,
      209, 212, 210, -1,
      210, 212, 211, -1,
      216, 217, 141, -1,
      141, 217, 140, -1,
      217, 216, 218, -1,
      218, 216, 219, -1,
      140, 217, 20, -1,
      20, 217, 218, -1,
      20, 218, 19, -1,
      19, 218, 220, -1,
      19, 220, 221, -1,
      19, 221, 18, -1,
      18, 221, 222, -1,
      18, 222, 26, -1,
      26, 222, 223, -1,
      26, 223, 28, -1,
      28, 223, 224, -1,
      28, 224, 46, -1,
      46, 224, 225, -1,
      46, 225, 47, -1,
      47, 225, 226, -1,
      47, 226, 48, -1,
      48, 226, 227, -1,
      48, 227, 106, -1,
      106, 227, 228, -1,
      106, 228, 107, -1,
      107, 228, 229, -1,
      107, 229, 108, -1,
      108, 229, 230, -1,
      108, 230, 109, -1,
      109, 230, 231, -1,
      109, 231, 117, -1,
      117, 231, 232, -1,
      117, 232, 110, -1,
      110, 232, 111, -1,
      111, 232, 219, -1,
      111, 219, 141, -1,
      141, 219, 216, -1,
      221, 220, 231, -1,
      218, 219, 220, -1,
      220, 219, 232, -1,
      220, 232, 231, -1,
      230, 229, 228, -1,
      226, 225, 231, -1,
      231, 225, 224, -1,
      230, 228, 231, -1,
      231, 228, 227, -1,
      231, 227, 226, -1,
      224, 223, 231, -1,
      231, 223, 222, -1,
      231, 222, 221, -1,
      233, 234, 146, -1,
      146, 234, 147, -1,
      234, 233, 235, -1,
      235, 233, 236, -1,
      147, 234, 112, -1,
      112, 234, 235, -1,
      112, 235, 118, -1,
      118, 235, 237, -1,
      118, 237, 238, -1,
      118, 238, 76, -1,
      76, 238, 239, -1,
      76, 239, 77, -1,
      77, 239, 240, -1,
      77, 240, 78, -1,
      78, 240, 241, -1,
      78, 241, 79, -1,
      79, 241, 242, -1,
      79, 242, 80, -1,
      80, 242, 243, -1,
      80, 243, 81, -1,
      81, 243, 244, -1,
      81, 244, 82, -1,
      82, 244, 245, -1,
      82, 245, 83, -1,
      83, 245, 246, -1,
      83, 246, 65, -1,
      65, 246, 247, -1,
      65, 247, 49, -1,
      49, 247, 248, -1,
      49, 248, 113, -1,
      113, 248, 249, -1,
      113, 249, 84, -1,
      84, 249, 85, -1,
      85, 249, 236, -1,
      85, 236, 146, -1,
      146, 236, 233, -1,
      249, 248, 242, -1,
      242, 248, 247, -1,
      242, 241, 249, -1,
      249, 241, 240, -1,
      249, 240, 239, -1,
      235, 236, 237, -1,
      237, 236, 249, -1,
      237, 249, 238, -1,
      238, 249, 239, -1,
      247, 246, 242, -1,
      242, 246, 245, -1,
      242, 245, 243, -1,
      243, 245, 244, -1,
      250, 251, 144, -1,
      144, 251, 145, -1,
      251, 250, 252, -1,
      252, 250, 253, -1,
      145, 251, 86, -1,
      86, 251, 252, -1,
      86, 252, 114, -1,
      114, 252, 254, -1,
      114, 254, 255, -1,
      114, 255, 50, -1,
      50, 255, 256, -1,
      50, 256, 51, -1,
      51, 256, 257, -1,
      51, 257, 64, -1,
      64, 257, 258, -1,
      64, 258, 52, -1,
      52, 258, 259, -1,
      52, 259, 53, -1,
      53, 259, 260, -1,
      53, 260, 66, -1,
      66, 260, 261, -1,
      66, 261, 67, -1,
      67, 261, 262, -1,
      67, 262, 69, -1,
      69, 262, 263, -1,
      69, 263, 88, -1,
      88, 263, 264, -1,
      88, 264, 54, -1,
      54, 264, 265, -1,
      54, 265, 115, -1,
      115, 265, 266, -1,
      115, 266, 89, -1,
      89, 266, 90, -1,
      90, 266, 253, -1,
      90, 253, 144, -1,
      144, 253, 250, -1,
      266, 265, 259, -1,
      259, 265, 264, -1,
      259, 258, 266, -1,
      266, 258, 257, -1,
      266, 257, 256, -1,
      252, 253, 254, -1,
      254, 253, 266, -1,
      254, 266, 255, -1,
      255, 266, 256, -1,
      264, 263, 259, -1,
      259, 263, 262, -1,
      259, 262, 260, -1,
      260, 262, 261, -1,
      267, 268, 142, -1,
      142, 268, 143, -1,
      268, 267, 269, -1,
      269, 267, 270, -1,
      143, 268, 91, -1,
      91, 268, 269, -1,
      91, 269, 116, -1,
      116, 269, 271, -1,
      116, 271, 272, -1,
      116, 272, 55, -1,
      55, 272, 273, -1,
      55, 273, 56, -1,
      56, 273, 274, -1,
      56, 274, 87, -1,
      87, 274, 275, -1,
      87, 275, 68, -1,
      68, 275, 276, -1,
      68, 276, 70, -1,
      70, 276, 277, -1,
      70, 277, 29, -1,
      29, 277, 278, -1,
      29, 278, 30, -1,
      30, 278, 279, -1,
      30, 279, 92, -1,
      92, 279, 280, -1,
      92, 280, 93, -1,
      93, 280, 281, -1,
      93, 281, 94, -1,
      94, 281, 282, -1,
      94, 282, 73, -1,
      73, 282, 283, -1,
      73, 283, 72, -1,
      72, 283, 71, -1,
      71, 283, 270, -1,
      71, 270, 142, -1,
      142, 270, 267, -1,
      272, 271, 282, -1,
      269, 270, 271, -1,
      271, 270, 283, -1,
      271, 283, 282, -1,
      281, 280, 279, -1,
      277, 276, 282, -1,
      282, 276, 275, -1,
      281, 279, 282, -1,
      282, 279, 278, -1,
      282, 278, 277, -1,
      275, 274, 282, -1,
      282, 274, 273, -1,
      282, 273, 272, -1,
      4, 6, 31, -1,
      31, 6, 27, -1,
      2, 14, 3, -1,
      3, 14, 27, -1,
      3, 27, 6, -1,
      5, 17, 0, -1,
      0, 17, 11, -1,
      0, 11, 1, -1,
      5, 4, 17, -1,
      17, 4, 31, -1,
    ]
  }
}

Shape {
  appearance Appearance {
    material Material {
      diffuseColor 0.2510 0.2510 0.2510
      specularColor 0.1255 0.1255 0.1255
      ambientIntensity 0.2
      transparency 0.0000
      shininess 0.5
    }
  }
  geometry IndexedFaceSet {
    ccw TRUE
    solid FALSE
    coord DEF co Coordinate {
      point [
        -0.059314 -0.052037 0.000000,
        -0.058954 -0.081294 0.000000,
        -0.058954 -0.111542 0.000000,
        -0.055893 -0.032322 0.000000,
        -0.049411 -0.032322 0.000000,
        -0.053840 -0.066415 0.000000,
        -0.049143 -0.070834 0.000000,
        -0.005660 -0.046152 0.000000,
        -0.049998 -0.033380 0.000000,
        -0.006593 -0.038974 0.000000,
        -0.009441 -0.032322 0.000000,
        -0.001519 -0.032322 0.000000,
        -0.006312 -0.051967 0.000000,
        -0.007901 -0.056363 0.000000,
        -0.010706 -0.060548 0.000000,
        -0.014663 -0.064098 0.000000,
        -0.019230 -0.066507 0.000000,
        -0.025624 -0.068070 0.000000,
        -0.030057 -0.068331 0.000000,
        -0.036445 -0.067734 0.000000,
        -0.041524 -0.066131 0.000000,
        -0.053193 -0.047480 0.000000,
        -0.048524 -0.060930 0.000000,
        -0.052581 -0.052960 0.000000,
        -0.050985 -0.057304 0.000000,
        -0.045626 -0.063676 0.000000,
        -0.052322 -0.039641 0.000000,
        -0.052472 -0.081294 0.000000,
        -0.043507 -0.073955 0.000000,
        -0.037244 -0.075706 0.000000,
        0.000101 -0.103620 0.000000,
        -0.052472 -0.103620 0.000000,
        -0.058918 -0.055850 0.000000,
        -0.056939 -0.061603 0.000000,
        -0.030541 -0.076253 0.000000,
        -0.022157 -0.075407 0.000000,
        -0.015444 -0.073137 0.000000,
        -0.009919 -0.069674 0.000000,
        -0.004947 -0.064541 0.000000,
        -0.001703 -0.059026 0.000000,
        0.000265 -0.052550 0.000000,
        0.000821 -0.046219 0.000000,
        0.000333 -0.039150 0.000000,
        -0.058478 -0.038617 0.000000,
        -0.059314 -0.044584 0.000000,
        -0.059646 -0.046956 0.000000,
        -0.059674 -0.048571 0.000000,
        0.000101 -0.111542 0.000000,
        -0.058954 0.118917 0.000000,
        -0.042390 0.112941 0.000000,
        -0.042390 0.088545 0.000000,
        0.000101 -0.020799 0.000000,
        -0.058954 -0.020799 0.000000,
        -0.058954 0.010889 0.000000,
        -0.058954 0.082907 0.000000,
        -0.058954 0.074265 0.000000,
        -0.000811 0.047609 0.000000,
        -0.003237 0.054522 0.000000,
        0.000101 0.096591 0.000000,
        -0.006380 -0.012877 0.000000,
        -0.025826 -0.012877 0.000000,
        -0.006380 0.009449 0.000000,
        -0.025826 0.008008 0.000000,
        -0.032307 0.008008 0.000000,
        -0.032307 -0.012877 0.000000,
        -0.052472 -0.012877 0.000000,
        -0.013876 0.066254 0.000000,
        -0.019638 0.068726 0.000000,
        0.000101 0.009449 0.000000,
        0.000101 0.022412 0.000000,
        0.000101 0.039078 0.000000,
        -0.052472 0.010889 0.000000,
        -0.058954 0.022412 0.000000,
        -0.007043 0.060371 0.000000,
        -0.009174 0.062670 0.000000,
        -0.042768 0.066995 0.000000,
        -0.048050 0.063609 0.000000,
        -0.052704 0.058748 0.000000,
        -0.056288 0.052582 0.000000,
        -0.058954 0.127559 0.000000,
        0.000101 0.104513 0.000000,
        -0.058954 0.038470 0.000000,
        -0.058316 0.045777 0.000000,
        -0.025791 0.069833 0.000000,
        -0.028684 0.069944 0.000000,
        -0.036587 0.069115 0.000000,
        -0.035908 0.090537 0.003937,
        -0.042390 0.088545 0.003937,
        -0.035908 0.110286 0.003937,
        -0.042390 0.112941 0.003937,
        -0.011242 0.099348 0.003937,
        0.000101 0.096591 0.003937,
        -0.058954 0.074265 0.003937,
        -0.058954 0.082907 0.003937,
        -0.009194 0.099916 0.003937,
        -0.007101 0.100293 0.003937,
        0.000101 0.104513 0.003937,
        -0.007101 0.100485 0.003937,
        -0.009187 0.100870 0.003937,
        -0.011242 0.101396 0.003937,
        -0.058954 0.127559 0.003937,
        -0.058954 0.118917 0.003937,
        -0.035908 0.110286 0.000000,
        -0.035908 0.090537 0.000000,
        -0.011242 0.101396 0.000000,
        -0.009187 0.100870 0.000000,
        -0.007101 0.100485 0.000000,
        -0.007101 0.100293 0.000000,
        -0.009194 0.099916 0.000000,
        -0.011242 0.099348 0.000000,
        -0.036587 0.069115 0.003937,
        -0.028684 0.069944 0.003937,
        -0.028852 0.062022 0.003937,
        -0.025791 0.069833 0.003937,
        -0.022976 0.061521 0.003937,
        -0.019638 0.068726 0.003937,
        -0.018313 0.060142 0.003937,
        -0.013876 0.066254 0.003937,
        -0.014688 0.058109 0.003937,
        -0.009174 0.062670 0.003937,
        -0.011635 0.055245 0.003937,
        -0.007043 0.060371 0.003937,
        -0.008843 0.050937 0.003937,
        -0.003237 0.054522 0.003937,
        -0.007131 0.046068 0.003937,
        -0.000811 0.047609 0.003937,
        -0.006380 0.039044 0.003937,
        0.000101 0.039078 0.003937,
        -0.006380 0.030334 0.003937,
        0.000101 0.022412 0.003937,
        -0.052472 0.030334 0.003937,
        -0.058954 0.022412 0.003937,
        -0.052472 0.038717 0.003937,
        -0.058954 0.038470 0.003937,
        -0.051894 0.044938 0.003937,
        -0.058316 0.045777 0.003937,
        -0.050341 0.049918 0.003937,
        -0.056288 0.052582 0.003937,
        -0.047988 0.053896 0.003937,
        -0.052704 0.058748 0.003937,
        -0.044737 0.057201 0.003937,
        -0.048050 0.063609 0.003937,
        -0.040654 0.059726 0.003937,
        -0.042768 0.066995 0.003937,
        -0.036015 0.061280 0.003937,
        -0.006380 0.030334 0.000000,
        -0.006380 0.039044 -0.000000,
        -0.052472 0.030334 0.000000,
        -0.052472 0.038717 0.000000,
        -0.051894 0.044938 0.000000,
        -0.050341 0.049918 -0.000000,
        -0.047988 0.053896 0.000000,
        -0.044737 0.057201 0.000000,
        -0.040654 0.059726 0.000000,
        -0.036015 0.061280 -0.000000,
        -0.028852 0.062022 0.000000,
        -0.022976 0.061521 0.000000,
        -0.018313 0.060142 -0.000000,
        -0.014688 0.058109 -0.000000,
        -0.011635 0.055245 0.000000,
        -0.008843 0.050937 0.000000,
        -0.007131 0.046068 0.000000,
        -0.058954 0.010889 0.003937,
        -0.052472 0.010889 0.003937,
        -0.052472 -0.012877 0.003937,
        -0.032307 -0.012877 0.003937,
        -0.032307 0.008008 0.003937,
        -0.025826 0.008008 0.003937,
        -0.025826 -0.012877 0.003937,
        -0.006380 -0.012877 0.003937,
        -0.006380 0.009449 0.003937,
        0.000101 0.009449 0.003937,
        0.000101 -0.020799 0.003937,
        -0.058954 -0.020799 0.003937,
        -0.055893 -0.032322 0.003937,
        -0.049411 -0.032322 0.003937,
        -0.053193 -0.047480 0.003937,
        -0.052322 -0.039641 0.003937,
        -0.049998 -0.033380 0.003937,
        -0.030057 -0.068331 0.003937,
        -0.036445 -0.067734 0.003937,
        -0.041524 -0.066131 0.003937,
        -0.045626 -0.063676 0.003937,
        -0.048524 -0.060930 0.003937,
        -0.050985 -0.057304 0.003937,
        -0.052581 -0.052960 0.003937,
        -0.005660 -0.046152 0.003937,
        -0.006312 -0.051967 0.003937,
        -0.007901 -0.056363 0.003937,
        -0.010706 -0.060548 0.003937,
        -0.014663 -0.064098 0.003937,
        -0.019230 -0.066507 0.003937,
        -0.025624 -0.068070 0.003937,
        -0.009441 -0.032322 0.003937,
        -0.006593 -0.038974 0.003937,
        -0.001519 -0.032322 0.003937,
        0.000821 -0.046219 0.003937,
        0.000333 -0.039150 0.003937,
        -0.030541 -0.076253 0.003937,
        -0.022157 -0.075407 0.003937,
        -0.015444 -0.073137 0.003937,
        -0.009919 -0.069674 0.003937,
        -0.004947 -0.064541 0.003937,
        -0.001703 -0.059026 0.003937,
        0.000265 -0.052550 0.003937,
        -0.059674 -0.048571 0.003937,
        -0.058918 -0.055850 0.003937,
        -0.056939 -0.061603 0.003937,
        -0.053840 -0.066415 0.003937,
        -0.049143 -0.070834 0.003937,
        -0.043507 -0.073955 0.003937,
        -0.037244 -0.075706 0.003937,
        -0.058478 -0.038617 0.003937,
        -0.059646 -0.046956 0.003937,
        -0.058954 -0.081294 0.003937,
        -0.052472 -0.081294 0.003937,
        -0.052472 -0.103620 0.003937,
        0.000101 -0.103620 0.003937,
        0.000101 -0.111542 0.003937,
        -0.058954 -0.111542 0.003937,
      ]
    }
    coordIndex [
      86, 87, 88, -1,
      88, 87, 89, -1,
      90, 91, 86, -1,
      86, 91, 92, -1,
      86, 92, 87, -1,
      87, 92, 93, -1,
      90, 94, 91, -1,
      91, 94, 95, -1,
      91, 95, 96, -1,
      96, 95, 97, -1,
      96, 97, 98, -1,
      98, 99, 96, -1,
      96, 99, 88, -1,
      96, 88, 100, -1,
      100, 88, 89, -1,
      100, 89, 101, -1,
      79, 80, 100, -1,
      100, 80, 96, -1,
      80, 58, 96, -1,
      96, 58, 91, -1,
      58, 55, 91, -1,
      91, 55, 92, -1,
      55, 54, 92, -1,
      92, 54, 93, -1,
      54, 50, 93, -1,
      93, 50, 87, -1,
      50, 49, 87, -1,
      87, 49, 89, -1,
      49, 48, 89, -1,
      89, 48, 101, -1,
      48, 79, 101, -1,
      101, 79, 100, -1,
      102, 103, 88, -1,
      88, 103, 86, -1,
      104, 102, 99, -1,
      99, 102, 88, -1,
      104, 99, 98, -1,
      104, 98, 105, -1,
      105, 98, 97, -1,
      105, 97, 106, -1,
      107, 106, 95, -1,
      95, 106, 97, -1,
      107, 95, 94, -1,
      107, 94, 108, -1,
      108, 94, 90, -1,
      108, 90, 109, -1,
      103, 109, 86, -1,
      86, 109, 90, -1,
      110, 111, 112, -1,
      112, 111, 113, -1,
      112, 113, 114, -1,
      114, 113, 115, -1,
      114, 115, 116, -1,
      116, 115, 117, -1,
      116, 117, 118, -1,
      118, 117, 119, -1,
      118, 119, 120, -1,
      120, 119, 121, -1,
      120, 121, 122, -1,
      122, 121, 123, -1,
      122, 123, 124, -1,
      124, 123, 125, -1,
      124, 125, 126, -1,
      126, 125, 127, -1,
      126, 127, 128, -1,
      128, 127, 129, -1,
      128, 129, 130, -1,
      130, 129, 131, -1,
      130, 131, 132, -1,
      132, 131, 133, -1,
      132, 133, 134, -1,
      134, 133, 135, -1,
      134, 135, 136, -1,
      136, 135, 137, -1,
      136, 137, 138, -1,
      138, 137, 139, -1,
      138, 139, 140, -1,
      140, 139, 141, -1,
      140, 141, 142, -1,
      142, 141, 143, -1,
      142, 143, 144, -1,
      144, 143, 110, -1,
      144, 110, 112, -1,
      72, 81, 131, -1,
      131, 81, 133, -1,
      84, 111, 110, -1,
      84, 110, 85, -1,
      85, 110, 143, -1,
      85, 143, 75, -1,
      75, 143, 141, -1,
      75, 141, 76, -1,
      76, 141, 139, -1,
      76, 139, 77, -1,
      77, 139, 137, -1,
      77, 137, 78, -1,
      78, 137, 135, -1,
      78, 135, 82, -1,
      82, 135, 133, -1,
      82, 133, 81, -1,
      70, 127, 125, -1,
      70, 125, 56, -1,
      56, 125, 123, -1,
      56, 123, 57, -1,
      57, 123, 121, -1,
      57, 121, 73, -1,
      73, 121, 119, -1,
      73, 119, 74, -1,
      74, 119, 117, -1,
      74, 117, 66, -1,
      66, 117, 115, -1,
      66, 115, 67, -1,
      67, 115, 113, -1,
      67, 113, 83, -1,
      83, 113, 111, -1,
      83, 111, 84, -1,
      70, 69, 127, -1,
      127, 69, 129, -1,
      69, 72, 129, -1,
      129, 72, 131, -1,
      145, 146, 128, -1,
      128, 146, 126, -1,
      147, 145, 130, -1,
      130, 145, 128, -1,
      148, 147, 132, -1,
      132, 147, 130, -1,
      148, 132, 134, -1,
      148, 134, 149, -1,
      149, 134, 136, -1,
      149, 136, 150, -1,
      150, 136, 138, -1,
      150, 138, 151, -1,
      151, 138, 140, -1,
      151, 140, 152, -1,
      152, 140, 142, -1,
      152, 142, 153, -1,
      153, 142, 144, -1,
      153, 144, 154, -1,
      154, 144, 112, -1,
      154, 112, 155, -1,
      155, 112, 114, -1,
      155, 114, 156, -1,
      156, 114, 116, -1,
      156, 116, 157, -1,
      157, 116, 118, -1,
      157, 118, 158, -1,
      158, 118, 120, -1,
      158, 120, 159, -1,
      159, 120, 122, -1,
      159, 122, 160, -1,
      160, 122, 124, -1,
      160, 124, 161, -1,
      161, 124, 126, -1,
      161, 126, 146, -1,
      53, 71, 162, -1,
      162, 71, 163, -1,
      71, 65, 163, -1,
      163, 65, 164, -1,
      65, 64, 164, -1,
      164, 64, 165, -1,
      64, 63, 165, -1,
      165, 63, 166, -1,
      63, 62, 166, -1,
      166, 62, 167, -1,
      62, 60, 167, -1,
      167, 60, 168, -1,
      60, 59, 168, -1,
      168, 59, 169, -1,
      59, 61, 169, -1,
      169, 61, 170, -1,
      61, 68, 170, -1,
      170, 68, 171, -1,
      68, 51, 171, -1,
      171, 51, 172, -1,
      51, 52, 172, -1,
      172, 52, 173, -1,
      52, 53, 173, -1,
      173, 53, 162, -1,
      173, 162, 163, -1,
      163, 164, 173, -1,
      173, 164, 165, -1,
      173, 165, 172, -1,
      170, 171, 169, -1,
      169, 171, 172, -1,
      169, 172, 168, -1,
      168, 172, 165, -1,
      168, 165, 167, -1,
      167, 165, 166, -1,
      3, 4, 174, -1,
      174, 4, 175, -1,
      21, 176, 177, -1,
      21, 177, 26, -1,
      26, 177, 178, -1,
      26, 178, 8, -1,
      8, 178, 175, -1,
      8, 175, 4, -1,
      18, 179, 180, -1,
      18, 180, 19, -1,
      19, 180, 181, -1,
      19, 181, 20, -1,
      20, 181, 182, -1,
      20, 182, 25, -1,
      25, 182, 183, -1,
      25, 183, 22, -1,
      22, 183, 184, -1,
      22, 184, 24, -1,
      24, 184, 185, -1,
      24, 185, 23, -1,
      23, 185, 176, -1,
      23, 176, 21, -1,
      7, 186, 187, -1,
      7, 187, 12, -1,
      12, 187, 188, -1,
      12, 188, 13, -1,
      13, 188, 189, -1,
      13, 189, 14, -1,
      14, 189, 190, -1,
      14, 190, 15, -1,
      15, 190, 191, -1,
      15, 191, 16, -1,
      16, 191, 192, -1,
      16, 192, 17, -1,
      17, 192, 179, -1,
      17, 179, 18, -1,
      10, 193, 194, -1,
      10, 194, 9, -1,
      9, 194, 186, -1,
      9, 186, 7, -1,
      10, 11, 193, -1,
      193, 11, 195, -1,
      41, 196, 197, -1,
      41, 197, 42, -1,
      42, 197, 195, -1,
      42, 195, 11, -1,
      34, 198, 199, -1,
      34, 199, 35, -1,
      35, 199, 200, -1,
      35, 200, 36, -1,
      36, 200, 201, -1,
      36, 201, 37, -1,
      37, 201, 202, -1,
      37, 202, 38, -1,
      38, 202, 203, -1,
      38, 203, 39, -1,
      39, 203, 204, -1,
      39, 204, 40, -1,
      40, 204, 196, -1,
      40, 196, 41, -1,
      0, 46, 205, -1,
      0, 205, 32, -1,
      205, 206, 32, -1,
      32, 206, 207, -1,
      32, 207, 33, -1,
      33, 207, 208, -1,
      33, 208, 5, -1,
      5, 208, 209, -1,
      5, 209, 6, -1,
      6, 209, 210, -1,
      6, 210, 28, -1,
      28, 210, 211, -1,
      28, 211, 29, -1,
      29, 211, 198, -1,
      29, 198, 34, -1,
      43, 3, 212, -1,
      212, 3, 174, -1,
      43, 212, 44, -1,
      44, 212, 213, -1,
      44, 213, 45, -1,
      45, 213, 205, -1,
      45, 205, 46, -1,
      185, 205, 176, -1,
      176, 205, 213, -1,
      176, 213, 177, -1,
      177, 213, 212, -1,
      177, 212, 178, -1,
      178, 212, 174, -1,
      178, 174, 175, -1,
      193, 195, 194, -1,
      194, 195, 197, -1,
      194, 197, 186, -1,
      186, 197, 196, -1,
      186, 196, 187, -1,
      187, 196, 204, -1,
      187, 204, 188, -1,
      188, 204, 203, -1,
      188, 203, 189, -1,
      189, 203, 202, -1,
      189, 202, 190, -1,
      190, 202, 201, -1,
      190, 201, 191, -1,
      191, 201, 200, -1,
      191, 200, 192, -1,
      192, 200, 199, -1,
      192, 199, 179, -1,
      179, 199, 198, -1,
      179, 198, 180, -1,
      180, 198, 211, -1,
      180, 211, 181, -1,
      181, 211, 210, -1,
      181, 210, 182, -1,
      182, 210, 209, -1,
      182, 209, 183, -1,
      183, 209, 208, -1,
      183, 208, 184, -1,
      184, 208, 207, -1,
      184, 207, 185, -1,
      185, 207, 206, -1,
      185, 206, 205, -1,
      1, 27, 214, -1,
      214, 27, 215, -1,
      27, 31, 215, -1,
      215, 31, 216, -1,
      31, 30, 216, -1,
      216, 30, 217, -1,
      30, 47, 217, -1,
      217, 47, 218, -1,
      47, 2, 218, -1,
      218, 2, 219, -1,
      2, 1, 219, -1,
      219, 1, 214, -1,
      217, 218, 216, -1,
      216, 218, 219, -1,
      216, 219, 215, -1,
      215, 219, 214, -1,
    ]
  }
}

Shape {
  appearance Appearance {
    material Material {
      diffuseColor 1.0000 1.0000 1.0000
      specularColor 0.8784 0.8784 0.8784
      ambientIntensity 0.2
      transparency 0.0000
      shininess 0.5
    }
  }
  geometry IndexedFaceSet {
    ccw TRUE
    solid FALSE
    coord DEF co Coordinate {
      point [
        -0.193520 0.233290 0.000000,
        -0.114780 0.312030 0.000000,
        -0.193520 0.233290 0.003937,
        -0.114780 0.312030 0.003937,
        -0.035908 0.110286 0.000000,
        -0.035908 0.090537 0.000000,
        -0.011242 0.101396 0.000000,
        -0.009187 0.100870 0.000000,
        -0.007101 0.100485 0.000000,
        -0.007101 0.100293 0.000000,
        -0.009194 0.099916 0.000000,
        -0.011242 0.099348 0.000000,
        -0.006380 0.030334 0.000000,
        -0.006380 0.039044 -0.000000,
        -0.052472 0.030334 0.000000,
        -0.052472 0.038717 0.000000,
        -0.051894 0.044938 0.000000,
        -0.050341 0.049918 -0.000000,
        -0.047988 0.053896 0.000000,
        -0.044737 0.057201 0.000000,
        -0.040654 0.059726 0.000000,
        -0.036015 0.061280 -0.000000,
        -0.028852 0.062022 0.000000,
        -0.022976 0.061521 0.000000,
        -0.018313 0.060142 -0.000000,
        -0.014688 0.058109 -0.000000,
        -0.011635 0.055245 0.000000,
        -0.008843 0.050937 0.000000,
        -0.007131 0.046068 0.000000,
      ]
    }
    coordIndex [
      5, 4, 11, -1,
      11, 4, 6, -1,
      11, 6, 10, -1,
      10, 6, 7, -1,
      10, 7, 9, -1,
      9, 7, 8, -1,
      13, 12, 14, -1,
      21, 22, 13, -1,
      21, 13, 20, -1,
      22, 23, 13, -1,
      13, 23, 24, -1,
      13, 24, 28, -1,
      14, 15, 13, -1,
      13, 15, 16, -1,
      13, 16, 17, -1,
      25, 26, 24, -1,
      24, 26, 27, -1,
      24, 27, 28, -1,
      17, 18, 13, -1,
      13, 18, 19, -1,
      13, 19, 20, -1,
      1, 0, 3, -1,
      3, 0, 2, -1,
    ]
  }
}
