#VRML V2.0 utf8

Shape {
  appearance Appearance {
    material Material {
      diffuseColor 0.1176 0.1176 0.1765
      specularColor 0.0588 0.0588 0.0863
      ambientIntensity 0.2
      transparency 0.0000
      shininess 0.5
    }
  }
  geometry IndexedFaceSet {
    ccw TRUE
    solid FALSE
    coord DEF co Coordinate {
      point [
        0.052952 -0.036233 0.157480,
        0.054135 -0.054227 0.157480,
        0.055512 -0.060985 0.157480,
        -0.028497 0.029466 0.157480,
        -0.028458 0.029710 0.157480,
        -0.060539 0.029710 0.157480,
        0.011583 -0.079951 0.157480,
        0.009588 -0.080141 0.157480,
        0.041117 -0.080141 0.157480,
        0.168394 -0.078866 0.157480,
        0.168239 -0.080141 0.157480,
        0.169261 -0.080141 0.157480,
        0.210021 -0.080728 0.157480,
        0.208360 -0.080141 0.157480,
        0.199980 -0.077180 0.157480,
        0.185886 -0.032835 0.157480,
        0.172975 -0.062557 0.157480,
        0.197111 -0.063061 0.157480,
        0.170288 -0.070607 0.157480,
        0.199206 -0.069987 0.157480,
        0.169261 -0.082176 0.157480,
        0.255906 -0.082176 0.157480,
        0.210213 -0.080141 0.157480,
        0.255906 -0.080141 0.157480,
        0.210852 -0.078187 0.157480,
        0.210020 0.028348 0.157480,
        0.210021 0.027315 0.157480,
        0.255906 0.029710 0.157480,
        0.209669 0.020520 0.157480,
        0.209436 0.017633 0.157480,
        0.209324 0.016849 0.157480,
        0.209152 0.016365 0.157480,
        0.208842 0.015902 0.157480,
        0.200538 0.001321 0.157480,
        0.202641 0.006275 0.157480,
        0.206015 0.012656 0.157480,
        0.207172 0.014075 0.157480,
        0.200156 0.000461 0.157480,
        0.188780 -0.026543 0.157480,
        0.201691 -0.061702 0.157480,
        0.205107 -0.069150 0.157480,
        0.209342 -0.076148 0.157480,
        0.209663 0.032417 0.157480,
        0.209669 0.032399 0.157480,
        0.209802 0.032294 0.157480,
        0.210041 0.031593 0.157480,
        0.209928 0.032091 0.157480,
        0.209871 0.032212 0.157480,
        0.210130 0.030951 0.157480,
        0.210078 0.029710 0.157480,
        0.255906 0.032417 0.157480,
        0.255906 0.065541 0.157480,
        0.209607 0.032561 0.157480,
        0.209651 0.032457 0.157480,
        0.209535 0.032629 0.157480,
        0.209557 0.032617 0.157480,
        0.209580 0.032598 0.157480,
        0.209274 0.032579 0.157480,
        0.209381 0.032624 0.157480,
        0.169261 0.065541 0.157480,
        0.209461 0.032639 0.157480,
        0.209504 0.032637 0.157480,
        0.169261 0.032417 0.157480,
        0.209075 0.032417 0.157480,
        0.209151 0.032494 0.157480,
        0.207412 0.029710 0.157480,
        0.208685 0.031954 0.157480,
        0.208892 0.032207 0.157480,
        0.209039 0.032381 0.157480,
        0.171968 0.018985 0.157480,
        0.173814 0.011748 0.157480,
        0.202546 0.018985 0.157480,
        0.175051 0.008375 0.157480,
        0.176372 0.004715 0.157480,
        0.186238 -0.020251 0.157480,
        0.171539 0.024440 0.157480,
        0.171669 0.024223 0.157480,
        0.171732 0.024015 0.157480,
        0.206624 0.028322 0.157480,
        0.171746 0.023597 0.157480,
        0.171683 0.021724 0.157480,
        0.165538 0.029710 0.157480,
        0.169250 0.026459 0.157480,
        0.169261 0.029710 0.157480,
        0.169261 0.026450 0.157480,
        0.170200 0.025699 0.157480,
        0.164997 0.030184 0.157480,
        0.162837 0.032524 0.157480,
        0.162951 0.032417 0.157480,
        0.163447 0.031951 0.157480,
        0.162388 0.032644 0.157480,
        0.162511 0.032653 0.157480,
        0.162637 0.032631 0.157480,
        0.162753 0.032580 0.157480,
        0.161437 0.031869 0.157480,
        0.161482 0.032057 0.157480,
        0.154326 0.032417 0.157480,
        0.161550 0.032188 0.157480,
        0.161652 0.032304 0.157480,
        0.162177 0.032569 0.157480,
        0.154326 0.065541 0.157480,
        0.161834 0.032417 0.157480,
        0.161780 0.032393 0.157480,
        0.161667 0.029536 0.157480,
        0.161635 0.029710 0.157480,
        0.154326 0.029710 0.157480,
        0.161465 0.030613 0.157480,
        0.161415 0.031402 0.157480,
        0.154326 -0.080141 0.157480,
        0.165633 -0.080141 0.157480,
        0.163285 -0.067818 0.157480,
        0.166356 0.017273 0.157480,
        0.162958 0.026107 0.157480,
        0.162126 0.028106 0.157480,
        0.183520 -0.026216 0.157480,
        0.169261 0.009912 0.157480,
        0.169754 -0.057298 0.157480,
        0.169261 -0.058359 0.157480,
        0.166004 -0.082087 0.157480,
        0.154326 -0.082176 0.157480,
        0.168042 -0.081760 0.157480,
        0.169261 -0.074207 0.157480,
        0.169170 -0.074526 0.157480,
        0.015169 -0.078663 0.157480,
        0.020250 0.027022 0.157480,
        0.023334 0.024204 0.157480,
        0.041117 0.029710 0.157480,
        0.026796 0.019027 0.157480,
        0.027541 -0.063857 0.157480,
        0.022115 -0.072504 0.157480,
        0.018433 -0.076523 0.157480,
        0.031129 0.008617 0.157480,
        0.034052 -0.003245 0.157480,
        0.035469 -0.017358 0.157480,
        0.035385 -0.026896 0.157480,
        0.033939 -0.040627 0.157480,
        0.031602 -0.052798 0.157480,
        0.012055 0.030050 0.157480,
        0.012785 0.030033 0.157480,
        0.041117 0.032417 0.157480,
        0.014206 0.029710 0.157480,
        0.016098 0.029280 0.157480,
        -0.018085 -0.080141 0.157480,
        0.000899 -0.076593 0.157480,
        -0.002427 -0.073213 0.157480,
        0.009511 0.029774 0.157480,
        -0.018085 0.032417 0.157480,
        0.009339 0.029710 0.157480,
        -0.018085 0.029710 0.157480,
        0.005978 0.028463 0.157480,
        0.002904 0.026529 0.157480,
        -0.009040 0.005655 0.157480,
        -0.004784 0.016162 0.157480,
        -0.000369 0.023175 0.157480,
        -0.006072 -0.067063 0.157480,
        -0.010282 -0.055495 0.157480,
        -0.012779 -0.043169 0.157480,
        -0.013946 -0.028380 0.157480,
        -0.013893 -0.023146 0.157480,
        -0.012413 -0.008557 0.157480,
        0.008708 -0.080225 0.157480,
        0.041117 -0.082176 0.157480,
        -0.018085 -0.082176 0.157480,
        0.008432 -0.080141 0.157480,
        0.005102 -0.079129 0.157480,
        -0.058200 -0.082176 0.157480,
        -0.058287 -0.082263 0.157480,
        -0.027030 -0.081081 0.157480,
        -0.058967 0.010327 0.157480,
        -0.058967 -0.060695 0.157480,
        -0.027358 -0.080141 0.157480,
        -0.058678 -0.069578 0.157480,
        -0.057432 -0.078363 0.157480,
        -0.056921 -0.080141 0.157480,
        -0.056752 -0.080728 0.157480,
        -0.022317 0.019620 0.157480,
        -0.022194 0.018645 0.157480,
        -0.025911 0.029710 0.157480,
        -0.025658 0.029153 0.157480,
        -0.022335 0.017560 0.157480,
        -0.023437 0.013036 0.157480,
        -0.024455 0.003016 0.157480,
        -0.024463 0.001141 0.157480,
        -0.024463 -0.080141 0.157480,
        -0.024463 -0.081081 0.157480,
        -0.025494 0.028674 0.157480,
        -0.022776 0.021023 0.157480,
        -0.027866 0.032156 0.157480,
        -0.027805 0.032171 0.157480,
        -0.061006 0.031040 0.157480,
        -0.070720 0.032417 0.157480,
        -0.063548 0.031040 0.157480,
        -0.026565 0.031148 0.157480,
        -0.027039 0.031787 0.157480,
        -0.028042 0.031985 0.157480,
        -0.027972 0.032081 0.157480,
        -0.027919 0.032128 0.157480,
        -0.027714 0.032172 0.157480,
        -0.027571 0.032138 0.157480,
        -0.027329 0.032019 0.157480,
        -0.028126 0.031802 0.157480,
        -0.029068 -0.060016 0.157480,
        -0.029068 0.017273 0.157480,
        -0.028872 0.024171 0.157480,
        -0.063548 0.029710 0.157480,
        -0.070720 0.029710 0.157480,
        -0.063548 -0.060871 0.157480,
        -0.070720 -0.080141 0.157480,
        -0.063964 -0.067168 0.157480,
        -0.058359 -0.082176 0.157480,
        -0.070720 -0.082176 0.157480,
        -0.060007 -0.080141 0.157480,
        -0.065586 -0.073254 0.157480,
        0.206693 0.135158 0.157480,
        0.210770 0.132030 0.157480,
        0.255906 0.177165 0.157480,
        0.210770 0.104191 0.157480,
        0.213898 0.108268 0.157480,
        0.215865 0.113015 0.157480,
        0.213898 0.127953 0.157480,
        0.215865 0.123205 0.157480,
        0.216535 0.118110 0.157480,
        0.179803 0.127953 0.157480,
        0.182931 0.132030 0.157480,
        0.169261 0.177165 0.157480,
        0.187008 0.135158 0.157480,
        0.191756 0.099096 0.157480,
        0.187008 0.101063 0.157480,
        0.182931 0.104191 0.157480,
        0.179803 0.108268 0.157480,
        0.191756 0.137124 0.157480,
        0.196850 0.137795 0.157480,
        0.201945 0.137124 0.157480,
        0.206693 0.101063 0.157480,
        0.201945 0.099096 0.157480,
        0.196850 0.098425 0.157480,
        0.177836 0.113015 0.157480,
        0.177165 0.118110 0.157480,
        0.177836 0.123205 0.157480,
        0.154326 0.177165 0.157480,
        0.041117 0.177165 0.157480,
        -0.018085 0.177165 0.157480,
        0.041117 0.065541 0.157480,
        -0.018085 0.065541 0.157480,
        -0.070720 0.177165 0.157480,
        -0.070720 0.065541 0.157480,
        -0.156239 0.177165 0.157480,
        -0.231563 0.177165 0.157480,
        -0.156239 0.065541 0.157480,
        -0.231563 0.065541 0.157480,
        -0.156239 0.032417 0.157480,
        -0.231563 0.032417 0.157480,
        -0.156239 0.029710 0.157480,
        -0.231563 0.029710 0.157480,
        0.115842 -0.029255 0.157480,
        0.113368 -0.036196 0.157480,
        0.143378 -0.041669 0.157480,
        0.112070 -0.044578 0.157480,
        0.142904 -0.048495 0.157480,
        0.146837 0.026518 0.157480,
        0.147106 0.025145 0.157480,
        0.143529 -0.036056 0.157480,
        0.122464 -0.022642 0.157480,
        0.117613 -0.026621 0.157480,
        0.112681 -0.054463 0.157480,
        0.113127 -0.057121 0.157480,
        0.140949 -0.058498 0.157480,
        0.138665 -0.063961 0.157480,
        0.147228 0.018776 0.157480,
        0.146776 0.012365 0.157480,
        0.146096 -0.036056 0.157480,
        0.144639 0.001700 0.157480,
        0.142444 -0.003872 0.157480,
        0.105652 0.022030 0.157480,
        0.105576 0.023362 0.157480,
        0.097578 0.029710 0.157480,
        0.105845 0.026337 0.157480,
        0.105729 0.026057 0.157480,
        0.105575 0.025550 0.157480,
        0.136717 -0.011998 0.157480,
        0.132065 -0.016213 0.157480,
        0.129435 -0.018213 0.157480,
        0.134759 -0.077062 0.157480,
        0.131572 -0.078243 0.157480,
        0.126541 -0.079042 0.157480,
        0.097578 -0.080141 0.157480,
        0.122172 -0.078200 0.157480,
        0.118694 -0.076501 0.157480,
        0.106508 -0.000394 0.157480,
        0.105551 0.024347 0.157480,
        0.105527 0.025041 0.157480,
        0.105965 0.026518 0.157480,
        0.106117 0.026657 0.157480,
        0.106379 0.026800 0.157480,
        0.118937 -0.069370 0.157480,
        0.120821 -0.070680 0.157480,
        0.134509 -0.069033 0.157480,
        0.142648 -0.067376 0.157480,
        0.139316 -0.072911 0.157480,
        0.136893 -0.075562 0.157480,
        0.112635 -0.070253 0.157480,
        0.109789 -0.063951 0.157480,
        0.145923 0.027750 0.157480,
        0.146216 0.027522 0.157480,
        0.146557 0.027106 0.157480,
        0.136245 -0.067343 0.157480,
        0.115569 -0.064328 0.157480,
        0.117396 -0.067584 0.157480,
        0.109554 0.014404 0.157480,
        0.141990 0.011804 0.157480,
        0.110034 0.017942 0.157480,
        0.142170 0.014404 0.157480,
        0.142522 0.021526 0.157480,
        0.146419 -0.043959 0.157480,
        0.146096 -0.051861 0.157480,
        0.145036 -0.060383 0.157480,
        0.115544 -0.073977 0.157480,
        0.115450 -0.073883 0.157480,
        0.108931 -0.060954 0.157480,
        0.107557 -0.051631 0.157480,
        0.107691 -0.038598 0.157480,
        0.144561 0.027994 0.157480,
        0.145193 0.027977 0.157480,
        0.145600 0.027897 0.157480,
        0.123022 -0.071577 0.157480,
        0.126214 -0.072071 0.157480,
        0.131601 -0.070944 0.157480,
        0.129057 -0.071854 0.157480,
        0.110681 0.020063 0.157480,
        0.110463 0.019770 0.157480,
        0.110326 0.019439 0.157480,
        0.112253 -0.024663 0.157480,
        0.114967 -0.021137 0.157480,
        0.108874 -0.000394 0.157480,
        0.119243 -0.017533 0.157480,
        0.127573 -0.012273 0.157480,
        0.133384 -0.007824 0.157480,
        0.166840 -0.063578 0.157480,
        0.136665 -0.003878 0.157480,
        0.140036 0.003276 0.157480,
        0.110931 0.020270 0.157480,
        0.106835 0.026926 0.157480,
        0.108922 0.027120 0.157480,
        0.110761 0.027139 0.157480,
        0.112120 0.020520 0.157480,
        0.111591 0.020487 0.157480,
        0.111206 0.020402 0.157480,
        0.097578 0.177165 0.157480,
        0.097578 0.065541 0.157480,
        0.097578 0.032417 0.157480,
        0.070267 -0.080049 0.157480,
        0.065817 -0.079126 0.157480,
        0.052600 -0.079042 0.157480,
        0.061844 -0.077130 0.157480,
        0.085648 0.002739 0.157480,
        0.083092 0.011702 0.157480,
        0.066693 -0.023825 0.157480,
        0.067902 0.029354 0.157480,
        0.072127 0.028991 0.157480,
        0.050913 -0.078866 0.157480,
        0.050913 -0.036409 0.157480,
        0.058125 -0.074106 0.157480,
        0.056350 -0.071894 0.157480,
        0.054311 -0.068673 0.157480,
        0.057207 -0.065064 0.157480,
        0.070770 -0.032835 0.157480,
        0.064831 -0.030444 0.157480,
        0.058578 -0.027167 0.157480,
        0.050719 0.017622 0.157480,
        0.054513 0.023631 0.157480,
        0.083315 -0.059772 0.157480,
        0.084104 -0.050905 0.157480,
        0.080571 -0.076031 0.157480,
        0.077007 -0.078591 0.157480,
        0.052613 0.007334 0.157480,
        0.052060 -0.000619 0.157480,
        0.068229 0.022885 0.157480,
        0.054320 -0.023845 0.157480,
        0.051554 -0.020503 0.157480,
        0.049564 -0.016261 0.157480,
        0.075476 0.027778 0.157480,
        0.079314 0.025197 0.157480,
        0.082535 0.021710 0.157480,
        0.085637 0.016406 0.157480,
        0.088308 0.007445 0.157480,
        0.088967 0.001317 0.157480,
        0.081380 -0.065524 0.157480,
        0.083657 -0.045687 0.157480,
        0.082171 -0.041493 0.157480,
        0.080338 -0.038606 0.157480,
        0.074369 -0.079609 0.157480,
        0.069302 0.022881 0.157480,
        0.056900 0.025880 0.157480,
        0.060711 0.028023 0.157480,
        0.064449 0.029097 0.157480,
        0.089646 -0.007693 0.157480,
        0.109864 -0.029941 0.157480,
        0.069764 -0.073782 0.157480,
        0.073113 -0.073319 0.157480,
        0.065986 -0.072942 0.157480,
        0.075040 -0.072436 0.157480,
        0.063189 -0.071482 0.157480,
        0.078176 -0.069994 0.157480,
        0.059901 -0.068719 0.157480,
        0.079368 -0.068708 0.157480,
        0.078230 -0.036561 0.157480,
        0.073006 -0.033753 0.157480,
        0.087255 -0.007693 0.157480,
        0.074017 -0.026543 0.157480,
        0.059669 0.020091 0.157480,
        0.056943 0.017225 0.157480,
        0.054426 0.012824 0.157480,
        0.047797 -0.007754 0.157480,
        0.047245 0.002444 0.157480,
        0.048195 0.010151 0.157480,
        0.079220 -0.029211 0.157480,
        0.082911 -0.032324 0.157480,
        0.085622 -0.036096 0.157480,
        0.088131 -0.061473 0.157480,
        0.085125 -0.069768 0.157480,
        0.083489 -0.072600 0.157480,
        0.052096 -0.001753 0.157480,
        0.052921 -0.008519 0.157480,
        0.054230 -0.012983 0.157480,
        0.056493 -0.016738 0.157480,
        0.059327 -0.019686 0.157480,
        0.064443 -0.022840 0.157480,
        0.080502 0.016378 0.157480,
        0.077420 0.019779 0.157480,
        0.062024 0.021608 0.157480,
        0.087237 -0.039687 0.157480,
        0.088772 -0.046727 0.157480,
        0.088967 -0.052868 0.157480,
        0.074925 0.021511 0.157480,
        0.072258 0.022509 0.157480,
        0.064717 0.022521 0.157480,
        -0.075854 -0.016023 0.157480,
        -0.148890 -0.016023 0.157480,
        -0.156239 -0.080141 0.157480,
        -0.148890 -0.008700 0.157480,
        -0.177575 0.026947 0.157480,
        -0.173769 0.024206 0.157480,
        -0.168890 -0.025944 0.157480,
        -0.172737 -0.030583 0.157480,
        -0.172589 -0.036470 0.157480,
        -0.174284 -0.032156 0.157480,
        -0.176322 -0.033842 0.157480,
        -0.167161 -0.060871 0.157480,
        -0.168707 -0.067010 0.157480,
        -0.171369 -0.071860 0.157480,
        -0.206397 0.007433 0.157480,
        -0.204049 0.015526 0.157480,
        -0.200408 0.022515 0.157480,
        -0.198082 0.025064 0.157480,
        -0.195129 0.027099 0.157480,
        -0.191256 0.028652 0.157480,
        -0.186188 0.029177 0.157480,
        -0.181476 0.028554 0.157480,
        -0.165579 -0.018929 0.157480,
        -0.170826 -0.038715 0.157480,
        -0.164367 -0.014487 0.157480,
        -0.175315 -0.076221 0.157480,
        -0.177852 -0.077994 0.157480,
        -0.180644 -0.079015 0.157480,
        -0.185005 -0.079546 0.157480,
        -0.189226 -0.078768 0.157480,
        -0.231563 -0.080141 0.157480,
        -0.192707 -0.077195 0.157480,
        -0.195876 -0.074743 0.157480,
        -0.170254 0.020127 0.157480,
        -0.166953 0.013843 0.157480,
        -0.164385 0.004222 0.157480,
        -0.168309 -0.044336 0.157480,
        -0.166965 -0.050399 0.157480,
        -0.167092 -0.060161 0.157480,
        -0.197625 -0.037206 0.157480,
        -0.196485 -0.035815 0.157480,
        -0.199414 -0.028369 0.157480,
        -0.195701 -0.035201 0.157480,
        -0.193663 -0.033842 0.157480,
        -0.163587 -0.005654 0.157480,
        -0.198500 -0.071397 0.157480,
        -0.200207 -0.068144 0.157480,
        -0.202067 -0.062037 0.157480,
        -0.202672 -0.053900 0.157480,
        -0.201859 -0.046526 0.157480,
        -0.200024 -0.041421 0.157480,
        -0.202997 -0.022689 0.157480,
        -0.204207 -0.019880 0.157480,
        -0.206449 -0.010921 0.157480,
        -0.207173 -0.000290 0.157480,
        0.097578 -0.082176 0.157480,
        -0.070720 -0.177165 0.157480,
        -0.018085 -0.177165 0.157480,
        0.041117 -0.177165 0.157480,
        0.097578 -0.177165 0.157480,
        0.154326 -0.177165 0.157480,
        0.169261 -0.177165 0.157480,
        0.255906 -0.177165 0.157480,
        -0.075854 -0.008700 0.157480,
        -0.156239 -0.082176 0.157480,
        -0.156239 -0.177165 0.157480,
        -0.231563 -0.082176 0.157480,
        -0.231563 -0.177165 0.157480,
        -0.255906 0.177165 0.157480,
        -0.255906 0.065541 0.157480,
        -0.255906 0.032417 0.157480,
        -0.255906 0.029710 0.157480,
        -0.255906 -0.080141 0.157480,
        -0.255906 -0.082176 0.157480,
        -0.255906 -0.177165 0.157480,
        0.275591 0.177165 0.039370,
        0.275591 0.177165 0.137795,
        0.275591 -0.177165 0.039370,
        0.275591 -0.177165 0.137795,
        0.255906 0.196850 0.019685,
        0.241142 0.196850 0.019685,
        0.241142 0.196850 0.039370,
        0.255906 0.196850 0.137795,
        0.172244 0.196850 0.039370,
        -0.255906 0.196850 0.137795,
        0.034449 0.196850 0.039370,
        0.034449 0.196850 0.019685,
        -0.033854 0.196850 0.019685,
        -0.034449 0.196850 0.039370,
        -0.103346 0.196850 0.039370,
        0.172244 0.196850 0.019685,
        0.103346 0.196850 0.019685,
        0.103346 0.196850 0.039370,
        -0.034449 0.196850 0.019685,
        -0.241142 0.196850 0.019685,
        -0.255906 0.196850 0.019685,
        -0.241142 0.196850 0.039370,
        -0.172244 0.196850 0.039370,
        -0.172244 0.196850 0.019685,
        -0.103346 0.196850 0.019685,
        -0.275591 0.177165 0.137795,
        -0.275591 0.177165 0.019685,
        -0.275591 -0.177165 0.137795,
        -0.275591 -0.024426 0.019685,
        -0.275591 -0.177165 0.019685,
        -0.255906 -0.196850 0.137795,
        0.034449 -0.196850 0.039370,
        0.255906 -0.196850 0.137795,
        0.103346 -0.196850 0.039370,
        -0.172244 -0.196850 0.039370,
        -0.241142 -0.196850 0.039370,
        -0.255906 -0.196850 0.019685,
        -0.241142 -0.196850 0.019685,
        -0.034449 -0.196850 0.039370,
        -0.034449 -0.196850 0.019685,
        -0.033854 -0.196850 0.019685,
        0.241142 -0.196850 0.019685,
        0.255906 -0.196850 0.019685,
        0.241142 -0.196850 0.039370,
        0.172244 -0.196850 0.039370,
        0.172244 -0.196850 0.019685,
        0.103346 -0.196850 0.019685,
        -0.172244 -0.196850 0.019685,
        -0.103346 -0.196850 0.019685,
        -0.103346 -0.196850 0.039370,
        0.034449 -0.196850 0.019685,
        0.034449 0.078740 0.019685,
        0.241142 0.059055 0.019685,
        0.255906 -0.024426 0.019685,
        0.103346 0.078740 0.019685,
        0.172244 0.039370 0.019685,
        0.221457 0.039370 0.019685,
        0.014016 -0.023411 0.019685,
        0.029146 -0.021761 0.019685,
        0.011715 -0.024193 0.019685,
        0.029246 -0.021954 0.019685,
        0.029320 -0.022035 0.019685,
        -0.007778 0.027185 0.019685,
        -0.007688 0.027526 0.019685,
        0.000695 0.029706 0.019685,
        0.047494 0.023087 0.019685,
        0.047555 0.027231 0.019685,
        0.048173 0.031317 0.019685,
        0.047668 -0.020285 0.019685,
        0.047657 -0.020150 0.019685,
        0.047494 -0.015142 0.019685,
        0.010460 0.030637 0.019685,
        0.007998 0.029993 0.019685,
        -0.000576 -0.003414 0.019685,
        0.000695 0.007030 0.019685,
        0.000783 -0.003339 0.019685,
        0.002306 0.007030 0.019685,
        0.019349 0.016921 0.019685,
        -0.030560 -0.020860 0.019685,
        -0.030501 -0.020906 0.019685,
        -0.033854 -0.024426 0.019685,
        0.006090 0.028967 0.019685,
        0.004259 0.027311 0.019685,
        0.001966 0.029706 0.019685,
        0.003325 0.026057 0.019685,
        0.002570 0.024698 0.019685,
        0.045279 -0.020490 0.019685,
        0.038741 -0.019954 0.019685,
        0.045279 0.022823 0.019685,
        0.035625 -0.019465 0.019685,
        0.019007 -0.017810 0.019685,
        0.021345 -0.010937 0.019685,
        0.029434 -0.020851 0.019685,
        -0.007678 0.027761 0.019685,
        -0.007670 0.027930 0.019685,
        -0.007668 0.028108 0.019685,
        0.015221 -0.019145 0.019685,
        0.013984 -0.020313 0.019685,
        0.001749 -0.011415 0.019685,
        -0.030758 -0.020310 0.019685,
        -0.030750 -0.020461 0.019685,
        -0.009704 -0.024023 0.019685,
        -0.009470 -0.023925 0.019685,
        0.007151 -0.023922 0.019685,
        -0.009273 -0.023779 0.019685,
        -0.009143 -0.023619 0.019685,
        0.044008 0.028183 0.019685,
        0.017133 0.027339 0.019685,
        0.014863 0.029292 0.019685,
        0.029721 -0.020559 0.019685,
        0.022410 -0.004093 0.019685,
        0.022814 0.007211 0.019685,
        0.032632 -0.017948 0.019685,
        0.022352 0.012215 0.019685,
        0.020656 0.020376 0.019685,
        0.015739 -0.022342 0.019685,
        0.017184 -0.020826 0.019685,
        0.029188 -0.021451 0.019685,
        0.029302 -0.021074 0.019685,
        -0.007969 0.026804 0.019685,
        -0.008316 0.026345 0.019685,
        -0.007683 0.028163 0.019685,
        -0.007709 0.028211 0.019685,
        -0.007759 0.028265 0.019685,
        -0.013172 0.027919 0.019685,
        -0.008124 0.028383 0.019685,
        -0.012920 0.027919 0.019685,
        -0.008416 0.028347 0.019685,
        -0.011470 0.027918 0.019685,
        -0.010026 0.028095 0.019685,
        -0.028605 0.005543 0.019685,
        -0.028513 0.005406 0.019685,
        -0.028033 -0.017004 0.019685,
        -0.028386 0.005291 0.019685,
        -0.028283 0.005231 0.019685,
        -0.012241 0.005923 0.019685,
        -0.019376 0.006854 0.019685,
        -0.012241 0.024610 0.019685,
        -0.022321 0.007452 0.019685,
        -0.025831 0.009069 0.019685,
        -0.028298 0.027076 0.019685,
        -0.026939 0.026900 0.019685,
        -0.026259 0.030977 0.019685,
        -0.028713 0.028435 0.019685,
        0.016966 -0.016650 0.019685,
        0.010460 -0.021509 0.019685,
        0.002928 -0.016293 0.019685,
        0.004013 -0.018314 0.019685,
        0.044599 -0.023636 0.019685,
        0.046562 -0.023800 0.019685,
        0.047155 -0.023937 0.019685,
        -0.009033 -0.023383 0.019685,
        -0.008968 -0.023051 0.019685,
        0.005207 -0.023010 0.019685,
        0.047494 -0.023894 0.019685,
        0.047593 -0.023843 0.019685,
        0.047928 -0.022704 0.019685,
        0.047948 -0.023203 0.019685,
        0.048337 0.032172 0.019685,
        0.047745 0.032852 0.019685,
        0.034511 -0.019192 0.019685,
        0.033863 -0.018854 0.019685,
        0.032997 -0.018115 0.019685,
        -0.014836 0.027948 0.019685,
        -0.016482 0.028183 0.019685,
        -0.019804 0.028775 0.019685,
        -0.012241 0.002953 0.019685,
        -0.012241 -0.020062 0.019685,
        -0.024900 -0.018288 0.019685,
        -0.024206 0.008121 0.019685,
        -0.025064 0.008641 0.019685,
        -0.022937 0.026396 0.019685,
        -0.024939 0.026640 0.019685,
        -0.029003 0.027441 0.019685,
        -0.029042 0.027557 0.019685,
        -0.029053 0.027674 0.019685,
        -0.030727 -0.020139 0.019685,
        -0.028693 0.027148 0.019685,
        -0.030646 -0.019957 0.019685,
        0.020067 0.012725 0.019685,
        0.020468 0.000312 0.019685,
        0.001211 -0.007831 0.019685,
        0.020401 -0.000960 0.019685,
        0.018635 -0.011875 0.019685,
        0.012885 -0.021000 0.019685,
        0.011782 -0.021369 0.019685,
        0.008534 -0.021357 0.019685,
        0.006698 -0.020675 0.019685,
        0.005213 -0.019659 0.019685,
        0.002712 0.016970 0.019685,
        0.003714 0.021798 0.019685,
        0.004963 0.024636 0.019685,
        0.029446 -0.022119 0.019685,
        0.029670 -0.022202 0.019685,
        0.029846 -0.022232 0.019685,
        0.036097 -0.022879 0.019685,
        0.034620 -0.022721 0.019685,
        0.031101 -0.022237 0.019685,
        0.047681 -0.023765 0.019685,
        0.047783 -0.023630 0.019685,
        0.047903 -0.023402 0.019685,
        0.013360 0.030182 0.019685,
        0.012165 0.030557 0.019685,
        0.010553 0.030640 0.019685,
        0.044911 0.026283 0.019685,
        0.018815 0.024905 0.019685,
        -0.028122 0.005178 0.019685,
        -0.027870 0.005156 0.019685,
        -0.027279 -0.017432 0.019685,
        -0.026128 -0.017969 0.019685,
        -0.029034 0.027798 0.019685,
        -0.028935 0.027335 0.019685,
        -0.028839 0.027240 0.019685,
        -0.030412 -0.019647 0.019685,
        -0.028676 0.005834 0.019685,
        -0.028657 0.005681 0.019685,
        0.005970 0.025971 0.019685,
        0.007190 0.026944 0.019685,
        0.017385 0.022589 0.019685,
        0.015917 0.024908 0.019685,
        -0.030701 -0.020624 0.019685,
        -0.030616 -0.020790 0.019685,
        0.001010 -0.017295 0.019685,
        -0.009557 -0.020224 0.019685,
        -0.009775 -0.018024 0.019685,
        0.045255 0.023869 0.019685,
        0.030652 -0.019698 0.019685,
        -0.028877 0.028156 0.019685,
        -0.028978 0.027952 0.019685,
        -0.010004 -0.024070 0.019685,
        -0.010411 -0.024041 0.019685,
        -0.009775 -0.016413 0.019685,
        -0.009826 -0.015350 0.019685,
        -0.000141 -0.011622 0.019685,
        -0.009863 -0.014286 0.019685,
        -0.009775 0.024610 0.019685,
        -0.008862 0.025667 0.019685,
        -0.007846 0.028324 0.019685,
        -0.007968 0.028368 0.019685,
        -0.028478 0.006363 0.019685,
        -0.028591 0.006169 0.019685,
        -0.028529 0.027097 0.019685,
        -0.028657 0.005985 0.019685,
        0.009780 0.027844 0.019685,
        0.011557 0.027734 0.019685,
        0.008365 0.027519 0.019685,
        0.013062 0.027215 0.019685,
        0.014503 0.026320 0.019685,
        0.041038 -0.023296 0.019685,
        0.009277 -0.024315 0.019685,
        0.047364 -0.023928 0.019685,
        -0.009007 -0.022365 0.019685,
        0.002289 -0.019970 0.019685,
        0.003600 -0.021705 0.019685,
        -0.028298 0.006602 0.019685,
        -0.022729 0.029367 0.019685,
        -0.025074 0.030221 0.019685,
        -0.025492 0.030474 0.019685,
        -0.030406 -0.020947 0.019685,
        -0.030127 -0.020996 0.019685,
        -0.029909 -0.021006 0.019685,
        -0.015802 -0.022869 0.019685,
        -0.011901 -0.023548 0.019685,
        -0.010972 -0.023891 0.019685,
        -0.028637 -0.021081 0.019685,
        -0.022206 -0.021871 0.019685,
        -0.241142 0.078740 0.019685,
        -0.261000 0.196180 0.019685,
        -0.272953 0.187008 0.019685,
        -0.269825 0.191085 0.019685,
        -0.265748 0.194213 0.019685,
        -0.172244 0.078740 0.019685,
        -0.103346 0.078740 0.019685,
        -0.034449 0.078740 0.019685,
        -0.079904 0.031657 0.019685,
        -0.093162 -0.017045 0.019685,
        -0.093252 -0.017195 0.019685,
        -0.274920 0.182260 0.019685,
        -0.093293 -0.017323 0.019685,
        -0.093304 -0.017516 0.019685,
        -0.093231 -0.018380 0.019685,
        -0.093208 -0.018730 0.019685,
        -0.093154 -0.019647 0.019685,
        -0.092814 -0.023460 0.019685,
        -0.037143 -0.020173 0.019685,
        -0.037185 -0.020121 0.019685,
        -0.037320 0.028183 0.019685,
        -0.037195 0.028078 0.019685,
        -0.037078 0.027942 0.019685,
        -0.081086 0.031657 0.019685,
        -0.089329 -0.004773 0.019685,
        -0.090348 -0.009026 0.019685,
        -0.058193 0.027263 0.019685,
        -0.059538 0.025426 0.019685,
        -0.090799 -0.011036 0.019685,
        -0.091367 -0.013015 0.019685,
        -0.091959 -0.014626 0.019685,
        -0.092504 -0.016151 0.019685,
        -0.092863 -0.016685 0.019685,
        -0.056965 -0.020100 0.019685,
        -0.055522 -0.021226 0.019685,
        -0.068911 -0.024426 0.019685,
        -0.054490 -0.021739 0.019685,
        -0.052241 -0.022319 0.019685,
        -0.058409 -0.018355 0.019685,
        -0.068360 -0.017901 0.019685,
        -0.060673 -0.013916 0.019685,
        -0.068539 -0.017385 0.019685,
        -0.037168 0.026839 0.019685,
        -0.037033 0.027077 0.019685,
        -0.068855 -0.023888 0.019685,
        -0.068440 -0.020326 0.019685,
        -0.068324 -0.018677 0.019685,
        -0.037026 -0.020577 0.019685,
        -0.037018 -0.020500 0.019685,
        -0.037030 -0.020421 0.019685,
        -0.037107 -0.020238 0.019685,
        -0.036963 0.027330 0.019685,
        -0.036956 0.027558 0.019685,
        -0.037007 0.027794 0.019685,
        -0.037230 -0.020088 0.019685,
        -0.037301 -0.020058 0.019685,
        -0.040378 0.024446 0.019685,
        -0.037324 -0.020052 0.019685,
        -0.037500 -0.020033 0.019685,
        -0.037836 -0.020062 0.019685,
        -0.039019 -0.020062 0.019685,
        -0.040378 -0.020062 0.019685,
        -0.048939 0.029639 0.019685,
        -0.050822 0.029794 0.019685,
        -0.053463 0.029625 0.019685,
        -0.055435 0.029130 0.019685,
        -0.056909 0.028365 0.019685,
        -0.037215 -0.020933 0.019685,
        -0.037116 -0.020785 0.019685,
        -0.037055 -0.020669 0.019685,
        -0.047513 -0.022956 0.019685,
        -0.043776 -0.023384 0.019685,
        -0.042388 -0.023756 0.019685,
        -0.060780 0.022431 0.019685,
        -0.062129 0.014158 0.019685,
        -0.071158 -0.008850 0.019685,
        -0.062639 0.000399 0.019685,
        -0.062072 -0.007672 0.019685,
        -0.068691 -0.017093 0.019685,
        -0.069119 -0.016325 0.019685,
        -0.070230 -0.012616 0.019685,
        -0.039271 0.025037 0.019685,
        -0.037748 0.026309 0.019685,
        -0.037388 0.026596 0.019685,
        -0.039809 0.024715 0.019685,
        -0.038856 0.027919 0.019685,
        -0.040630 0.027919 0.019685,
        -0.042077 0.028183 0.019685,
        -0.043864 0.028347 0.019685,
        -0.047085 0.029278 0.019685,
        -0.040825 -0.024426 0.019685,
        -0.040553 -0.024256 0.019685,
        -0.039374 -0.023249 0.019685,
        -0.038591 -0.022441 0.019685,
        -0.037572 -0.021346 0.019685,
        -0.037361 -0.021114 0.019685,
        -0.034449 -0.078740 0.019685,
        -0.041146 -0.024479 0.019685,
        -0.040952 -0.024471 0.019685,
        -0.040839 -0.024434 0.019685,
        -0.103346 -0.078740 0.019685,
        -0.172244 -0.078740 0.019685,
        -0.241142 -0.078740 0.019685,
        -0.069427 -0.026415 0.019685,
        -0.069374 -0.026409 0.019685,
        -0.069335 -0.026394 0.019685,
        -0.069234 -0.026299 0.019685,
        -0.069147 -0.026143 0.019685,
        -0.041269 -0.024426 0.019685,
        -0.069093 -0.025942 0.019685,
        -0.092272 -0.026264 0.019685,
        -0.092339 -0.026230 0.019685,
        -0.092391 -0.026186 0.019685,
        -0.041219 -0.024455 0.019685,
        -0.069292 -0.026364 0.019685,
        -0.041496 -0.024293 0.019685,
        -0.068975 -0.025041 0.019685,
        -0.261000 -0.196180 0.019685,
        -0.092437 -0.026122 0.019685,
        -0.092478 -0.026029 0.019685,
        -0.069653 -0.026320 0.019685,
        -0.069569 -0.026377 0.019685,
        -0.091933 -0.026167 0.019685,
        -0.265748 -0.194213 0.019685,
        -0.269825 -0.191085 0.019685,
        -0.274920 -0.182260 0.019685,
        -0.272953 -0.187008 0.019685,
        -0.092210 -0.026279 0.019685,
        -0.092145 -0.026278 0.019685,
        -0.092078 -0.026261 0.019685,
        -0.092006 -0.026227 0.019685,
        -0.069490 -0.026406 0.019685,
        -0.091852 -0.026059 0.019685,
        -0.091760 -0.025856 0.019685,
        -0.070337 -0.024426 0.019685,
        -0.091707 -0.025674 0.019685,
        -0.091489 -0.024426 0.019685,
        -0.092697 -0.024426 0.019685,
        -0.092638 -0.024907 0.019685,
        -0.092605 -0.025359 0.019685,
        -0.092555 -0.025677 0.019685,
        -0.092515 -0.025894 0.019685,
        -0.069933 -0.025887 0.019685,
        -0.069834 -0.026090 0.019685,
        -0.069743 -0.026228 0.019685,
        -0.070050 -0.025587 0.019685,
        0.241142 -0.078740 0.019685,
        0.172244 -0.078740 0.019685,
        0.034449 -0.078740 0.019685,
        0.103346 -0.078740 0.019685,
        -0.086107 -0.001640 0.019685,
        -0.074556 -0.004433 0.019685,
        -0.091115 -0.022277 0.019685,
        -0.071837 -0.017093 0.019685,
        -0.070554 -0.023548 0.019685,
      ]
    }
    coordIndex [
      0, 1, 2, -1,
      3, 4, 5, -1,
      6, 7, 8, -1,
      9, 10, 11, -1,
      12, 13, 11, -1,
      11, 13, 14, -1,
      15, 16, 17, -1,
      17, 16, 18, -1,
      17, 18, 19, -1,
      11, 20, 12, -1,
      12, 20, 21, -1,
      12, 21, 22, -1,
      22, 21, 23, -1,
      22, 23, 24, -1,
      25, 26, 27, -1,
      27, 26, 28, -1,
      28, 29, 27, -1,
      27, 29, 30, -1,
      27, 30, 23, -1,
      23, 30, 31, -1,
      23, 31, 32, -1,
      33, 23, 34, -1,
      34, 23, 32, -1,
      34, 32, 35, -1,
      35, 32, 36, -1,
      33, 37, 23, -1,
      23, 37, 38, -1,
      23, 38, 39, -1,
      39, 40, 23, -1,
      23, 40, 41, -1,
      23, 41, 24, -1,
      42, 43, 44, -1,
      45, 27, 46, -1,
      46, 27, 47, -1,
      45, 48, 27, -1,
      27, 48, 49, -1,
      27, 49, 25, -1,
      50, 51, 52, -1,
      52, 53, 50, -1,
      50, 53, 42, -1,
      50, 42, 27, -1,
      27, 42, 44, -1,
      27, 44, 47, -1,
      54, 55, 51, -1,
      51, 55, 56, -1,
      51, 56, 52, -1,
      57, 58, 59, -1,
      59, 58, 60, -1,
      59, 60, 51, -1,
      51, 60, 61, -1,
      51, 61, 54, -1,
      62, 63, 59, -1,
      59, 63, 64, -1,
      59, 64, 57, -1,
      65, 66, 62, -1,
      66, 67, 62, -1,
      62, 67, 68, -1,
      62, 68, 63, -1,
      69, 70, 71, -1,
      70, 72, 71, -1,
      71, 72, 73, -1,
      71, 73, 74, -1,
      75, 76, 65, -1,
      65, 76, 77, -1,
      65, 77, 78, -1,
      78, 77, 79, -1,
      78, 79, 71, -1,
      71, 79, 80, -1,
      71, 80, 69, -1,
      81, 82, 83, -1,
      83, 82, 84, -1,
      83, 84, 65, -1,
      65, 84, 85, -1,
      65, 85, 75, -1,
      65, 62, 83, -1,
      83, 62, 86, -1,
      83, 86, 81, -1,
      87, 88, 62, -1,
      62, 88, 89, -1,
      62, 89, 86, -1,
      90, 91, 59, -1,
      59, 91, 92, -1,
      59, 92, 62, -1,
      62, 92, 93, -1,
      62, 93, 87, -1,
      94, 95, 96, -1,
      96, 95, 97, -1,
      96, 97, 98, -1,
      99, 100, 101, -1,
      101, 100, 96, -1,
      101, 96, 102, -1,
      102, 96, 98, -1,
      103, 104, 105, -1,
      105, 104, 106, -1,
      105, 106, 96, -1,
      96, 106, 107, -1,
      96, 107, 94, -1,
      108, 109, 110, -1,
      111, 112, 105, -1,
      105, 112, 113, -1,
      105, 113, 103, -1,
      114, 115, 116, -1,
      116, 115, 117, -1,
      118, 119, 20, -1,
      11, 10, 20, -1,
      20, 10, 120, -1,
      20, 120, 118, -1,
      19, 18, 14, -1,
      14, 18, 121, -1,
      14, 121, 11, -1,
      11, 121, 122, -1,
      11, 122, 9, -1,
      6, 8, 123, -1,
      124, 125, 126, -1,
      126, 125, 127, -1,
      128, 129, 8, -1,
      8, 129, 130, -1,
      8, 130, 123, -1,
      127, 131, 126, -1,
      126, 131, 132, -1,
      126, 132, 133, -1,
      134, 135, 8, -1,
      8, 135, 136, -1,
      8, 136, 128, -1,
      137, 138, 139, -1,
      139, 138, 140, -1,
      139, 140, 126, -1,
      126, 140, 141, -1,
      126, 141, 124, -1,
      142, 143, 144, -1,
      145, 146, 147, -1,
      147, 146, 148, -1,
      147, 148, 149, -1,
      149, 148, 150, -1,
      151, 152, 148, -1,
      148, 152, 153, -1,
      148, 153, 150, -1,
      144, 154, 142, -1,
      142, 154, 155, -1,
      142, 155, 156, -1,
      157, 158, 148, -1,
      148, 158, 159, -1,
      148, 159, 151, -1,
      7, 160, 161, -1,
      161, 160, 162, -1,
      162, 160, 163, -1,
      162, 163, 142, -1,
      142, 163, 164, -1,
      142, 164, 143, -1,
      162, 165, 166, -1,
      165, 162, 167, -1,
      168, 169, 170, -1,
      170, 169, 171, -1,
      171, 172, 170, -1,
      170, 172, 173, -1,
      170, 173, 167, -1,
      167, 173, 174, -1,
      167, 174, 165, -1,
      175, 176, 148, -1,
      148, 177, 178, -1,
      156, 157, 142, -1,
      142, 157, 148, -1,
      142, 148, 179, -1,
      179, 148, 176, -1,
      180, 181, 179, -1,
      179, 181, 182, -1,
      179, 182, 142, -1,
      142, 182, 183, -1,
      142, 183, 162, -1,
      162, 183, 184, -1,
      162, 184, 167, -1,
      178, 185, 148, -1,
      148, 185, 186, -1,
      148, 186, 175, -1,
      187, 188, 189, -1,
      189, 188, 190, -1,
      189, 190, 191, -1,
      177, 148, 192, -1,
      192, 148, 146, -1,
      192, 146, 193, -1,
      194, 195, 189, -1,
      189, 195, 196, -1,
      189, 196, 187, -1,
      197, 198, 146, -1,
      146, 198, 199, -1,
      146, 199, 193, -1,
      5, 4, 189, -1,
      189, 4, 200, -1,
      189, 200, 194, -1,
      201, 202, 5, -1,
      5, 202, 203, -1,
      5, 203, 3, -1,
      191, 190, 204, -1,
      204, 190, 205, -1,
      204, 205, 206, -1,
      206, 205, 207, -1,
      206, 207, 208, -1,
      166, 209, 210, -1,
      210, 209, 211, -1,
      210, 211, 207, -1,
      207, 211, 212, -1,
      207, 212, 208, -1,
      213, 214, 215, -1,
      216, 51, 217, -1,
      217, 51, 218, -1,
      214, 219, 215, -1,
      215, 219, 220, -1,
      215, 220, 51, -1,
      51, 220, 221, -1,
      51, 221, 218, -1,
      222, 223, 224, -1,
      224, 223, 225, -1,
      226, 227, 59, -1,
      59, 227, 228, -1,
      59, 228, 229, -1,
      225, 230, 224, -1,
      224, 230, 231, -1,
      224, 231, 215, -1,
      215, 231, 232, -1,
      215, 232, 213, -1,
      216, 233, 51, -1,
      51, 233, 234, -1,
      51, 234, 59, -1,
      59, 234, 235, -1,
      59, 235, 226, -1,
      229, 236, 59, -1,
      59, 236, 237, -1,
      59, 237, 224, -1,
      224, 237, 238, -1,
      224, 238, 222, -1,
      224, 239, 59, -1,
      59, 239, 100, -1,
      59, 100, 90, -1,
      90, 100, 99, -1,
      240, 241, 242, -1,
      242, 241, 243, -1,
      242, 243, 139, -1,
      139, 243, 146, -1,
      139, 146, 137, -1,
      137, 146, 145, -1,
      241, 244, 243, -1,
      243, 244, 245, -1,
      243, 245, 146, -1,
      146, 245, 190, -1,
      146, 190, 197, -1,
      197, 190, 188, -1,
      246, 247, 248, -1,
      248, 247, 249, -1,
      248, 249, 250, -1,
      250, 249, 251, -1,
      250, 251, 252, -1,
      252, 251, 253, -1,
      254, 255, 256, -1,
      256, 255, 257, -1,
      256, 257, 258, -1,
      105, 259, 260, -1,
      261, 262, 256, -1,
      256, 262, 263, -1,
      256, 263, 254, -1,
      257, 264, 258, -1,
      258, 264, 265, -1,
      258, 265, 266, -1,
      266, 265, 267, -1,
      260, 268, 105, -1,
      105, 268, 269, -1,
      105, 269, 270, -1,
      270, 269, 271, -1,
      270, 271, 272, -1,
      273, 274, 275, -1,
      276, 275, 277, -1,
      277, 275, 278, -1,
      272, 279, 270, -1,
      270, 279, 280, -1,
      270, 280, 261, -1,
      261, 280, 281, -1,
      261, 281, 262, -1,
      282, 283, 108, -1,
      108, 283, 284, -1,
      108, 284, 285, -1,
      285, 284, 286, -1,
      285, 286, 287, -1,
      273, 275, 288, -1,
      274, 289, 275, -1,
      275, 289, 290, -1,
      275, 290, 278, -1,
      276, 291, 275, -1,
      275, 291, 292, -1,
      275, 292, 293, -1,
      294, 295, 296, -1,
      297, 298, 108, -1,
      108, 298, 299, -1,
      108, 299, 282, -1,
      285, 300, 301, -1,
      302, 303, 105, -1,
      105, 303, 304, -1,
      105, 304, 259, -1,
      267, 265, 305, -1,
      305, 265, 306, -1,
      305, 306, 296, -1,
      296, 306, 307, -1,
      296, 307, 294, -1,
      308, 309, 310, -1,
      310, 309, 311, -1,
      310, 311, 312, -1,
      313, 314, 108, -1,
      108, 314, 315, -1,
      108, 315, 297, -1,
      287, 316, 285, -1,
      285, 316, 317, -1,
      285, 317, 300, -1,
      301, 318, 285, -1,
      285, 318, 319, -1,
      285, 319, 320, -1,
      321, 322, 105, -1,
      105, 322, 323, -1,
      105, 323, 302, -1,
      295, 324, 296, -1,
      296, 324, 325, -1,
      296, 325, 326, -1,
      326, 325, 327, -1,
      328, 329, 330, -1,
      331, 332, 333, -1,
      333, 332, 334, -1,
      333, 334, 308, -1,
      308, 334, 335, -1,
      308, 335, 336, -1,
      117, 115, 337, -1,
      337, 115, 111, -1,
      337, 111, 110, -1,
      110, 111, 105, -1,
      110, 105, 108, -1,
      108, 105, 270, -1,
      108, 270, 313, -1,
      336, 338, 308, -1,
      308, 338, 339, -1,
      308, 339, 309, -1,
      328, 330, 340, -1,
      293, 341, 275, -1,
      275, 341, 342, -1,
      275, 342, 343, -1,
      312, 344, 310, -1,
      310, 344, 345, -1,
      310, 345, 330, -1,
      330, 345, 346, -1,
      330, 346, 340, -1,
      239, 347, 100, -1,
      100, 347, 348, -1,
      100, 348, 96, -1,
      96, 348, 349, -1,
      96, 349, 105, -1,
      105, 349, 275, -1,
      105, 275, 321, -1,
      321, 275, 343, -1,
      350, 351, 352, -1,
      352, 351, 353, -1,
      354, 355, 356, -1,
      357, 358, 275, -1,
      8, 359, 360, -1,
      353, 361, 352, -1,
      352, 361, 362, -1,
      352, 362, 363, -1,
      364, 365, 2, -1,
      2, 365, 366, -1,
      2, 366, 0, -1,
      0, 366, 367, -1,
      0, 367, 360, -1,
      368, 369, 126, -1,
      370, 371, 364, -1,
      372, 373, 285, -1,
      374, 375, 376, -1,
      367, 377, 360, -1,
      360, 377, 378, -1,
      360, 378, 379, -1,
      358, 380, 275, -1,
      275, 380, 381, -1,
      275, 381, 382, -1,
      382, 383, 275, -1,
      275, 383, 384, -1,
      275, 384, 385, -1,
      370, 364, 386, -1,
      371, 387, 364, -1,
      364, 387, 388, -1,
      364, 388, 389, -1,
      373, 390, 285, -1,
      285, 390, 350, -1,
      285, 350, 8, -1,
      8, 350, 352, -1,
      8, 352, 359, -1,
      376, 375, 391, -1,
      369, 392, 126, -1,
      126, 392, 393, -1,
      126, 393, 394, -1,
      385, 395, 275, -1,
      275, 395, 285, -1,
      275, 285, 288, -1,
      288, 285, 320, -1,
      288, 320, 333, -1,
      333, 320, 396, -1,
      333, 396, 331, -1,
      397, 398, 399, -1,
      399, 398, 400, -1,
      399, 400, 401, -1,
      401, 400, 402, -1,
      401, 402, 403, -1,
      403, 402, 364, -1,
      364, 402, 404, -1,
      364, 404, 386, -1,
      389, 405, 364, -1,
      364, 405, 406, -1,
      364, 406, 365, -1,
      354, 356, 407, -1,
      407, 356, 408, -1,
      407, 408, 395, -1,
      409, 410, 411, -1,
      412, 413, 126, -1,
      126, 413, 414, -1,
      126, 414, 368, -1,
      408, 415, 395, -1,
      395, 415, 416, -1,
      395, 416, 417, -1,
      418, 419, 285, -1,
      285, 419, 420, -1,
      285, 420, 372, -1,
      421, 422, 355, -1,
      355, 422, 423, -1,
      355, 423, 424, -1,
      424, 425, 355, -1,
      355, 425, 426, -1,
      355, 426, 356, -1,
      347, 240, 348, -1,
      348, 240, 242, -1,
      348, 242, 349, -1,
      349, 242, 139, -1,
      349, 139, 275, -1,
      275, 139, 126, -1,
      275, 126, 357, -1,
      357, 126, 394, -1,
      421, 355, 375, -1,
      375, 355, 427, -1,
      375, 427, 428, -1,
      409, 411, 429, -1,
      379, 412, 360, -1,
      360, 412, 126, -1,
      360, 126, 8, -1,
      8, 126, 133, -1,
      8, 133, 134, -1,
      417, 430, 395, -1,
      395, 430, 431, -1,
      395, 431, 285, -1,
      285, 431, 432, -1,
      285, 432, 418, -1,
      428, 433, 375, -1,
      375, 433, 434, -1,
      375, 434, 391, -1,
      374, 376, 411, -1,
      411, 376, 435, -1,
      411, 435, 429, -1,
      436, 437, 438, -1,
      438, 437, 252, -1,
      437, 439, 252, -1,
      252, 439, 205, -1,
      252, 205, 250, -1,
      250, 205, 190, -1,
      250, 190, 248, -1,
      248, 190, 245, -1,
      248, 245, 246, -1,
      246, 245, 244, -1,
      440, 441, 252, -1,
      442, 443, 444, -1,
      444, 443, 445, -1,
      444, 445, 446, -1,
      447, 448, 438, -1,
      438, 448, 449, -1,
      450, 451, 253, -1,
      451, 452, 253, -1,
      253, 452, 453, -1,
      253, 453, 454, -1,
      454, 455, 253, -1,
      253, 455, 456, -1,
      253, 456, 252, -1,
      252, 456, 457, -1,
      252, 457, 440, -1,
      442, 444, 458, -1,
      458, 444, 459, -1,
      458, 459, 460, -1,
      449, 461, 438, -1,
      438, 461, 462, -1,
      438, 462, 463, -1,
      464, 465, 466, -1,
      466, 465, 467, -1,
      466, 467, 468, -1,
      441, 469, 252, -1,
      252, 469, 470, -1,
      252, 470, 471, -1,
      252, 472, 473, -1,
      252, 473, 438, -1,
      438, 473, 474, -1,
      438, 474, 447, -1,
      475, 476, 477, -1,
      477, 476, 478, -1,
      477, 478, 479, -1,
      471, 480, 252, -1,
      252, 480, 460, -1,
      252, 460, 472, -1,
      472, 460, 459, -1,
      468, 481, 466, -1,
      466, 481, 482, -1,
      466, 482, 483, -1,
      483, 484, 466, -1,
      466, 484, 485, -1,
      466, 485, 486, -1,
      487, 466, 477, -1,
      477, 466, 486, -1,
      477, 486, 475, -1,
      487, 488, 466, -1,
      466, 488, 489, -1,
      466, 489, 253, -1,
      253, 489, 490, -1,
      253, 490, 450, -1,
      7, 161, 8, -1,
      8, 161, 491, -1,
      8, 491, 285, -1,
      285, 491, 119, -1,
      285, 119, 108, -1,
      108, 119, 118, -1,
      108, 118, 109, -1,
      210, 492, 166, -1,
      166, 492, 493, -1,
      166, 493, 162, -1,
      162, 493, 494, -1,
      162, 494, 161, -1,
      161, 494, 495, -1,
      161, 495, 491, -1,
      491, 495, 496, -1,
      491, 496, 119, -1,
      119, 496, 497, -1,
      119, 497, 20, -1,
      20, 497, 498, -1,
      20, 498, 21, -1,
      439, 499, 205, -1,
      205, 499, 436, -1,
      205, 436, 207, -1,
      207, 436, 438, -1,
      207, 438, 210, -1,
      210, 438, 500, -1,
      210, 500, 492, -1,
      492, 500, 501, -1,
      463, 464, 438, -1,
      438, 464, 466, -1,
      438, 466, 500, -1,
      500, 466, 502, -1,
      500, 502, 501, -1,
      501, 502, 503, -1,
      247, 504, 249, -1,
      249, 504, 505, -1,
      249, 505, 251, -1,
      251, 505, 506, -1,
      251, 506, 253, -1,
      253, 506, 507, -1,
      253, 507, 466, -1,
      466, 507, 508, -1,
      466, 508, 502, -1,
      502, 508, 509, -1,
      502, 509, 503, -1,
      503, 509, 510, -1,
      511, 512, 513, -1,
      513, 512, 514, -1,
      515, 516, 517, -1,
      515, 517, 518, -1,
      518, 517, 519, -1,
      518, 519, 520, -1,
      521, 522, 523, -1,
      524, 525, 520, -1,
      526, 527, 519, -1,
      519, 527, 528, -1,
      519, 528, 520, -1,
      520, 528, 521, -1,
      520, 521, 524, -1,
      524, 521, 523, -1,
      524, 523, 529, -1,
      530, 531, 532, -1,
      532, 531, 520, -1,
      532, 520, 533, -1,
      533, 520, 525, -1,
      533, 525, 534, -1,
      534, 525, 535, -1,
      536, 537, 538, -1,
      538, 537, 539, -1,
      538, 539, 540, -1,
      541, 542, 543, -1,
      543, 542, 544, -1,
      545, 541, 546, -1,
      546, 541, 547, -1,
      546, 547, 548, -1,
      549, 550, 551, -1,
      552, 553, 554, -1,
      554, 553, 543, -1,
      554, 543, 555, -1,
      555, 543, 544, -1,
      555, 544, 556, -1,
      556, 544, 557, -1,
      558, 559, 545, -1,
      545, 559, 560, -1,
      545, 560, 541, -1,
      541, 560, 549, -1,
      541, 549, 542, -1,
      542, 549, 551, -1,
      542, 551, 561, -1,
      523, 522, 562, -1,
      516, 515, 563, -1,
      563, 515, 564, -1,
      527, 526, 565, -1,
      565, 526, 566, -1,
      565, 566, 564, -1,
      564, 566, 567, -1,
      564, 567, 563, -1,
      568, 569, 570, -1,
      570, 569, 571, -1,
      570, 571, 572, -1,
      573, 574, 575, -1,
      576, 577, 578, -1,
      579, 580, 581, -1,
      582, 583, 562, -1,
      584, 585, 586, -1,
      586, 585, 587, -1,
      586, 587, 588, -1,
      589, 590, 591, -1,
      592, 593, 594, -1,
      594, 593, 595, -1,
      594, 595, 596, -1,
      597, 598, 599, -1,
      599, 598, 600, -1,
      601, 602, 603, -1,
      574, 604, 575, -1,
      575, 604, 605, -1,
      575, 605, 606, -1,
      607, 608, 609, -1,
      591, 610, 611, -1,
      612, 613, 614, -1,
      614, 613, 615, -1,
      614, 615, 616, -1,
      617, 618, 619, -1,
      603, 602, 620, -1,
      621, 622, 623, -1,
      623, 622, 624, -1,
      623, 624, 625, -1,
      568, 626, 569, -1,
      569, 626, 627, -1,
      569, 627, 628, -1,
      628, 627, 601, -1,
      628, 601, 629, -1,
      629, 601, 603, -1,
      573, 575, 630, -1,
      630, 575, 585, -1,
      630, 585, 631, -1,
      606, 632, 575, -1,
      575, 632, 633, -1,
      575, 633, 634, -1,
      635, 636, 637, -1,
      637, 636, 638, -1,
      637, 638, 639, -1,
      639, 638, 640, -1,
      641, 642, 643, -1,
      643, 642, 644, -1,
      643, 644, 645, -1,
      646, 647, 648, -1,
      648, 647, 649, -1,
      650, 651, 652, -1,
      523, 653, 654, -1,
      607, 609, 655, -1,
      609, 656, 657, -1,
      657, 656, 658, -1,
      659, 660, 661, -1,
      616, 662, 614, -1,
      614, 662, 663, -1,
      614, 663, 664, -1,
      665, 666, 564, -1,
      579, 581, 667, -1,
      667, 581, 576, -1,
      667, 576, 668, -1,
      668, 576, 578, -1,
      668, 578, 565, -1,
      565, 578, 669, -1,
      565, 669, 562, -1,
      562, 669, 670, -1,
      562, 670, 617, -1,
      600, 671, 599, -1,
      599, 671, 672, -1,
      599, 672, 673, -1,
      634, 523, 575, -1,
      575, 523, 562, -1,
      575, 562, 594, -1,
      594, 562, 583, -1,
      594, 583, 592, -1,
      635, 674, 636, -1,
      636, 674, 675, -1,
      636, 675, 676, -1,
      677, 678, 679, -1,
      649, 680, 648, -1,
      648, 680, 681, -1,
      648, 681, 682, -1,
      682, 681, 650, -1,
      682, 650, 683, -1,
      683, 650, 652, -1,
      684, 591, 685, -1,
      685, 591, 686, -1,
      610, 591, 687, -1,
      687, 591, 688, -1,
      687, 688, 689, -1,
      588, 690, 586, -1,
      586, 690, 691, -1,
      586, 691, 692, -1,
      692, 691, 693, -1,
      692, 693, 609, -1,
      609, 693, 694, -1,
      609, 694, 655, -1,
      608, 695, 609, -1,
      609, 695, 696, -1,
      609, 696, 656, -1,
      697, 698, 656, -1,
      656, 698, 699, -1,
      656, 699, 658, -1,
      587, 700, 588, -1,
      588, 700, 701, -1,
      588, 701, 702, -1,
      572, 703, 570, -1,
      570, 703, 704, -1,
      570, 704, 705, -1,
      706, 570, 707, -1,
      707, 570, 705, -1,
      707, 705, 708, -1,
      666, 709, 564, -1,
      564, 709, 710, -1,
      564, 710, 565, -1,
      565, 710, 711, -1,
      565, 711, 668, -1,
      619, 712, 617, -1,
      617, 712, 713, -1,
      617, 713, 562, -1,
      562, 713, 714, -1,
      562, 714, 582, -1,
      715, 625, 617, -1,
      617, 625, 716, -1,
      617, 716, 618, -1,
      645, 717, 643, -1,
      643, 717, 718, -1,
      643, 718, 719, -1,
      719, 718, 677, -1,
      719, 677, 720, -1,
      720, 677, 679, -1,
      523, 721, 686, -1,
      684, 722, 591, -1,
      591, 722, 723, -1,
      591, 723, 688, -1,
      724, 725, 643, -1,
      643, 725, 726, -1,
      643, 726, 641, -1,
      702, 727, 588, -1,
      588, 727, 728, -1,
      588, 728, 729, -1,
      729, 728, 730, -1,
      611, 731, 591, -1,
      591, 731, 732, -1,
      591, 732, 589, -1,
      733, 734, 735, -1,
      673, 623, 599, -1,
      599, 623, 625, -1,
      599, 625, 736, -1,
      736, 625, 715, -1,
      621, 623, 602, -1,
      602, 623, 737, -1,
      602, 737, 620, -1,
      654, 738, 523, -1,
      523, 738, 739, -1,
      523, 739, 721, -1,
      612, 614, 740, -1,
      740, 614, 591, -1,
      740, 591, 741, -1,
      735, 742, 733, -1,
      733, 742, 743, -1,
      733, 743, 744, -1,
      744, 743, 745, -1,
      744, 745, 584, -1,
      584, 745, 746, -1,
      584, 746, 585, -1,
      585, 746, 747, -1,
      585, 747, 631, -1,
      634, 748, 523, -1,
      523, 748, 749, -1,
      523, 749, 636, -1,
      750, 751, 752, -1,
      752, 751, 753, -1,
      752, 753, 688, -1,
      688, 753, 725, -1,
      688, 725, 689, -1,
      689, 725, 724, -1,
      754, 755, 756, -1,
      756, 755, 757, -1,
      756, 757, 728, -1,
      728, 757, 758, -1,
      728, 758, 730, -1,
      706, 759, 570, -1,
      570, 759, 659, -1,
      570, 659, 760, -1,
      760, 659, 661, -1,
      760, 661, 564, -1,
      564, 661, 761, -1,
      564, 761, 665, -1,
      734, 733, 762, -1,
      762, 733, 763, -1,
      762, 763, 663, -1,
      663, 763, 764, -1,
      663, 764, 664, -1,
      651, 650, 752, -1,
      752, 650, 765, -1,
      752, 765, 750, -1,
      676, 766, 636, -1,
      636, 766, 767, -1,
      636, 767, 523, -1,
      523, 767, 768, -1,
      523, 768, 653, -1,
      590, 769, 591, -1,
      591, 769, 770, -1,
      591, 770, 771, -1,
      772, 773, 591, -1,
      591, 773, 774, -1,
      591, 774, 741, -1,
      771, 775, 591, -1,
      591, 775, 776, -1,
      591, 776, 772, -1,
      777, 539, 530, -1,
      530, 539, 537, -1,
      530, 537, 531, -1,
      531, 537, 778, -1,
      779, 780, 781, -1,
      534, 535, 782, -1,
      782, 535, 783, -1,
      783, 784, 785, -1,
      786, 787, 777, -1,
      686, 591, 523, -1,
      523, 591, 784, -1,
      523, 784, 529, -1,
      778, 537, 781, -1,
      781, 537, 788, -1,
      781, 788, 779, -1,
      777, 787, 539, -1,
      539, 787, 789, -1,
      539, 789, 790, -1,
      791, 792, 790, -1,
      790, 792, 793, -1,
      790, 793, 539, -1,
      539, 793, 794, -1,
      795, 796, 784, -1,
      797, 784, 798, -1,
      798, 784, 799, -1,
      783, 785, 782, -1,
      782, 785, 800, -1,
      782, 800, 777, -1,
      777, 800, 801, -1,
      777, 801, 802, -1,
      803, 804, 785, -1,
      802, 805, 777, -1,
      777, 805, 806, -1,
      777, 806, 807, -1,
      807, 808, 777, -1,
      777, 808, 809, -1,
      777, 809, 786, -1,
      810, 811, 812, -1,
      812, 811, 813, -1,
      812, 813, 814, -1,
      815, 816, 817, -1,
      817, 816, 818, -1,
      819, 820, 796, -1,
      812, 821, 810, -1,
      810, 821, 822, -1,
      810, 822, 815, -1,
      815, 822, 823, -1,
      815, 823, 816, -1,
      824, 825, 591, -1,
      591, 825, 826, -1,
      591, 826, 784, -1,
      784, 826, 827, -1,
      784, 827, 795, -1,
      820, 828, 796, -1,
      796, 828, 829, -1,
      796, 829, 784, -1,
      784, 829, 830, -1,
      784, 830, 799, -1,
      831, 832, 833, -1,
      833, 832, 834, -1,
      833, 834, 835, -1,
      835, 836, 833, -1,
      833, 836, 837, -1,
      833, 837, 838, -1,
      839, 840, 784, -1,
      840, 841, 784, -1,
      784, 841, 842, -1,
      784, 842, 785, -1,
      785, 842, 843, -1,
      785, 843, 803, -1,
      844, 845, 591, -1,
      591, 845, 846, -1,
      591, 846, 824, -1,
      814, 847, 812, -1,
      812, 847, 848, -1,
      812, 848, 849, -1,
      804, 850, 785, -1,
      785, 850, 851, -1,
      785, 851, 852, -1,
      852, 851, 853, -1,
      852, 853, 854, -1,
      818, 855, 817, -1,
      817, 855, 856, -1,
      817, 856, 854, -1,
      854, 856, 857, -1,
      854, 857, 852, -1,
      858, 859, 796, -1,
      796, 859, 860, -1,
      796, 860, 819, -1,
      831, 833, 796, -1,
      796, 833, 861, -1,
      796, 861, 858, -1,
      797, 862, 784, -1,
      784, 862, 863, -1,
      784, 863, 864, -1,
      864, 865, 784, -1,
      784, 865, 866, -1,
      784, 866, 839, -1,
      867, 868, 591, -1,
      591, 868, 869, -1,
      591, 869, 870, -1,
      870, 871, 591, -1,
      591, 871, 872, -1,
      591, 872, 844, -1,
      591, 551, 873, -1,
      873, 551, 550, -1,
      873, 874, 875, -1,
      873, 875, 591, -1,
      591, 875, 876, -1,
      591, 876, 867, -1,
      559, 558, 877, -1,
      877, 558, 878, -1,
      877, 878, 539, -1,
      539, 878, 879, -1,
      539, 879, 540, -1,
      877, 880, 873, -1,
      873, 880, 881, -1,
      873, 881, 882, -1,
      883, 884, 885, -1,
      885, 884, 886, -1,
      887, 877, 888, -1,
      888, 877, 889, -1,
      874, 873, 890, -1,
      890, 873, 882, -1,
      890, 882, 885, -1,
      885, 882, 891, -1,
      885, 891, 883, -1,
      849, 892, 812, -1,
      812, 892, 885, -1,
      812, 885, 893, -1,
      893, 885, 886, -1,
      879, 548, 540, -1,
      540, 548, 547, -1,
      540, 547, 894, -1,
      889, 877, 895, -1,
      895, 877, 539, -1,
      895, 539, 896, -1,
      897, 898, 899, -1,
      894, 900, 540, -1,
      540, 900, 901, -1,
      540, 901, 902, -1,
      902, 901, 903, -1,
      887, 904, 877, -1,
      877, 904, 905, -1,
      877, 905, 880, -1,
      880, 905, 906, -1,
      906, 907, 880, -1,
      880, 907, 899, -1,
      880, 899, 908, -1,
      908, 899, 898, -1,
      909, 910, 911, -1,
      911, 910, 912, -1,
      911, 912, 913, -1,
      794, 914, 539, -1,
      539, 914, 915, -1,
      539, 915, 916, -1,
      916, 917, 539, -1,
      539, 917, 918, -1,
      539, 918, 896, -1,
      919, 920, 899, -1,
      899, 920, 921, -1,
      899, 921, 897, -1,
      909, 911, 899, -1,
      899, 911, 922, -1,
      899, 922, 919, -1,
      564, 553, 923, -1,
      923, 553, 552, -1,
      614, 760, 591, -1,
      591, 760, 564, -1,
      591, 564, 924, -1,
      924, 564, 923, -1,
      561, 551, 925, -1,
      925, 551, 591, -1,
      925, 591, 926, -1,
      926, 591, 924, -1,
      926, 924, 557, -1,
      557, 924, 556, -1,
      927, 928, 929, -1,
      929, 928, 930, -1,
      929, 930, 913, -1,
      913, 930, 931, -1,
      913, 931, 911, -1,
    ]
  }
}

Shape {
  appearance Appearance {
    material Material {
      diffuseColor 1.0000 0.9490 0.8980
      specularColor 0.0118 0.0078 0.0078
      ambientIntensity 0.2
      transparency 0.0000
      shininess 0.5
    }
  }
  geometry IndexedFaceSet {
    ccw TRUE
    solid FALSE
    coord DEF co Coordinate {
      point [
        0.052952 -0.036233 0.157480,
        0.054135 -0.054227 0.157480,
        0.168394 -0.078866 0.157480,
        0.168239 -0.080141 0.157480,
        0.210021 -0.080728 0.157480,
        0.208360 -0.080141 0.157480,
        0.199980 -0.077180 0.157480,
        0.185886 -0.032835 0.157480,
        0.172975 -0.062557 0.157480,
        0.197111 -0.063061 0.157480,
        0.170288 -0.070607 0.157480,
        0.199206 -0.069987 0.157480,
        0.210213 -0.080141 0.157480,
        0.210852 -0.078187 0.157480,
        0.210020 0.028348 0.157480,
        0.210021 0.027315 0.157480,
        0.209669 0.020520 0.157480,
        0.209436 0.017633 0.157480,
        0.209324 0.016849 0.157480,
        0.209152 0.016365 0.157480,
        0.208842 0.015902 0.157480,
        0.200538 0.001321 0.157480,
        0.202641 0.006275 0.157480,
        0.206015 0.012656 0.157480,
        0.207172 0.014075 0.157480,
        0.200156 0.000461 0.157480,
        0.188780 -0.026543 0.157480,
        0.201691 -0.061702 0.157480,
        0.205107 -0.069150 0.157480,
        0.209342 -0.076148 0.157480,
        0.209663 0.032417 0.157480,
        0.209669 0.032399 0.157480,
        0.209802 0.032294 0.157480,
        0.210041 0.031593 0.157480,
        0.209928 0.032091 0.157480,
        0.209871 0.032212 0.157480,
        0.210130 0.030951 0.157480,
        0.210078 0.029710 0.157480,
        0.209607 0.032561 0.157480,
        0.209651 0.032457 0.157480,
        0.209535 0.032629 0.157480,
        0.209557 0.032617 0.157480,
        0.209580 0.032598 0.157480,
        0.209274 0.032579 0.157480,
        0.209381 0.032624 0.157480,
        0.209461 0.032639 0.157480,
        0.209504 0.032637 0.157480,
        0.209075 0.032417 0.157480,
        0.209151 0.032494 0.157480,
        0.207412 0.029710 0.157480,
        0.208685 0.031954 0.157480,
        0.208892 0.032207 0.157480,
        0.209039 0.032381 0.157480,
        0.171968 0.018985 0.157480,
        0.173814 0.011748 0.157480,
        0.202546 0.018985 0.157480,
        0.175051 0.008375 0.157480,
        0.176372 0.004715 0.157480,
        0.186238 -0.020251 0.157480,
        0.171539 0.024440 0.157480,
        0.171669 0.024223 0.157480,
        0.171732 0.024015 0.157480,
        0.206624 0.028322 0.157480,
        0.171746 0.023597 0.157480,
        0.171683 0.021724 0.157480,
        0.165538 0.029710 0.157480,
        0.169250 0.026459 0.157480,
        0.169261 0.026450 0.157480,
        0.170200 0.025699 0.157480,
        0.164997 0.030184 0.157480,
        0.162837 0.032524 0.157480,
        0.162951 0.032417 0.157480,
        0.163447 0.031951 0.157480,
        0.162388 0.032644 0.157480,
        0.162511 0.032653 0.157480,
        0.162637 0.032631 0.157480,
        0.162753 0.032580 0.157480,
        0.161437 0.031869 0.157480,
        0.161482 0.032057 0.157480,
        0.161550 0.032188 0.157480,
        0.161652 0.032304 0.157480,
        0.162177 0.032569 0.157480,
        0.161834 0.032417 0.157480,
        0.161780 0.032393 0.157480,
        0.161667 0.029536 0.157480,
        0.161635 0.029710 0.157480,
        0.161465 0.030613 0.157480,
        0.161415 0.031402 0.157480,
        0.165633 -0.080141 0.157480,
        0.163285 -0.067818 0.157480,
        0.166356 0.017273 0.157480,
        0.162958 0.026107 0.157480,
        0.162126 0.028106 0.157480,
        0.183520 -0.026216 0.157480,
        0.169261 0.009912 0.157480,
        0.169754 -0.057298 0.157480,
        0.169261 -0.058359 0.157480,
        0.166004 -0.082087 0.157480,
        0.168042 -0.081760 0.157480,
        0.169261 -0.074207 0.157480,
        0.169170 -0.074526 0.157480,
        0.020250 0.027022 0.157480,
        0.023334 0.024204 0.157480,
        0.026796 0.019027 0.157480,
        0.022115 -0.072504 0.157480,
        0.035385 -0.026896 0.157480,
        0.012785 0.030033 0.157480,
        0.014206 0.029710 0.157480,
        0.016098 0.029280 0.157480,
        0.000899 -0.076593 0.157480,
        -0.002427 -0.073213 0.157480,
        -0.006072 -0.067063 0.157480,
        -0.013893 -0.023146 0.157480,
        0.008708 -0.080225 0.157480,
        0.008432 -0.080141 0.157480,
        0.005102 -0.079129 0.157480,
        0.206693 0.135158 0.157480,
        0.210770 0.132030 0.157480,
        0.210770 0.104191 0.157480,
        0.213898 0.108268 0.157480,
        0.215865 0.113015 0.157480,
        0.213898 0.127953 0.157480,
        0.215865 0.123205 0.157480,
        0.216535 0.118110 0.157480,
        0.179803 0.127953 0.157480,
        0.182931 0.132030 0.157480,
        0.187008 0.135158 0.157480,
        0.191756 0.099096 0.157480,
        0.187008 0.101063 0.157480,
        0.182931 0.104191 0.157480,
        0.179803 0.108268 0.157480,
        0.191756 0.137124 0.157480,
        0.196850 0.137795 0.157480,
        0.201945 0.137124 0.157480,
        0.206693 0.101063 0.157480,
        0.201945 0.099096 0.157480,
        0.196850 0.098425 0.157480,
        0.177836 0.113015 0.157480,
        0.177165 0.118110 0.157480,
        0.177836 0.123205 0.157480,
        0.115842 -0.029255 0.157480,
        0.113368 -0.036196 0.157480,
        0.143378 -0.041669 0.157480,
        0.112070 -0.044578 0.157480,
        0.146837 0.026518 0.157480,
        0.147106 0.025145 0.157480,
        0.143529 -0.036056 0.157480,
        0.122464 -0.022642 0.157480,
        0.117613 -0.026621 0.157480,
        0.113127 -0.057121 0.157480,
        0.140949 -0.058498 0.157480,
        0.138665 -0.063961 0.157480,
        0.147228 0.018776 0.157480,
        0.146776 0.012365 0.157480,
        0.146096 -0.036056 0.157480,
        0.105652 0.022030 0.157480,
        0.105576 0.023362 0.157480,
        0.105845 0.026337 0.157480,
        0.105729 0.026057 0.157480,
        0.105575 0.025550 0.157480,
        0.129435 -0.018213 0.157480,
        0.126541 -0.079042 0.157480,
        0.122172 -0.078200 0.157480,
        0.118694 -0.076501 0.157480,
        0.106508 -0.000394 0.157480,
        0.105551 0.024347 0.157480,
        0.105527 0.025041 0.157480,
        0.105965 0.026518 0.157480,
        0.106117 0.026657 0.157480,
        0.106379 0.026800 0.157480,
        0.134509 -0.069033 0.157480,
        0.112635 -0.070253 0.157480,
        0.109789 -0.063951 0.157480,
        0.145923 0.027750 0.157480,
        0.146216 0.027522 0.157480,
        0.146557 0.027106 0.157480,
        0.136245 -0.067343 0.157480,
        0.109554 0.014404 0.157480,
        0.110034 0.017942 0.157480,
        0.142170 0.014404 0.157480,
        0.142522 0.021526 0.157480,
        0.146419 -0.043959 0.157480,
        0.146096 -0.051861 0.157480,
        0.115544 -0.073977 0.157480,
        0.115450 -0.073883 0.157480,
        0.108931 -0.060954 0.157480,
        0.107691 -0.038598 0.157480,
        0.144561 0.027994 0.157480,
        0.145193 0.027977 0.157480,
        0.145600 0.027897 0.157480,
        0.126214 -0.072071 0.157480,
        0.131601 -0.070944 0.157480,
        0.129057 -0.071854 0.157480,
        0.110681 0.020063 0.157480,
        0.110463 0.019770 0.157480,
        0.110326 0.019439 0.157480,
        0.108874 -0.000394 0.157480,
        0.119243 -0.017533 0.157480,
        0.127573 -0.012273 0.157480,
        0.166840 -0.063578 0.157480,
        0.110931 0.020270 0.157480,
        0.106835 0.026926 0.157480,
        0.108922 0.027120 0.157480,
        0.110761 0.027139 0.157480,
        0.112120 0.020520 0.157480,
        0.111591 0.020487 0.157480,
        0.111206 0.020402 0.157480,
        0.070267 -0.080049 0.157480,
        0.065817 -0.079126 0.157480,
        0.052600 -0.079042 0.157480,
        0.061844 -0.077130 0.157480,
        0.083092 0.011702 0.157480,
        0.066693 -0.023825 0.157480,
        0.067902 0.029354 0.157480,
        0.072127 0.028991 0.157480,
        0.050913 -0.078866 0.157480,
        0.050913 -0.036409 0.157480,
        0.058125 -0.074106 0.157480,
        0.056350 -0.071894 0.157480,
        0.054311 -0.068673 0.157480,
        0.070770 -0.032835 0.157480,
        0.064831 -0.030444 0.157480,
        0.054513 0.023631 0.157480,
        0.083315 -0.059772 0.157480,
        0.052613 0.007334 0.157480,
        0.068229 0.022885 0.157480,
        0.075476 0.027778 0.157480,
        0.079314 0.025197 0.157480,
        0.082535 0.021710 0.157480,
        0.085637 0.016406 0.157480,
        0.088967 0.001317 0.157480,
        0.081380 -0.065524 0.157480,
        0.082171 -0.041493 0.157480,
        0.080338 -0.038606 0.157480,
        0.056900 0.025880 0.157480,
        0.060711 0.028023 0.157480,
        0.089646 -0.007693 0.157480,
        0.069764 -0.073782 0.157480,
        0.073113 -0.073319 0.157480,
        0.075040 -0.072436 0.157480,
        0.078176 -0.069994 0.157480,
        0.079368 -0.068708 0.157480,
        0.078230 -0.036561 0.157480,
        0.073006 -0.033753 0.157480,
        0.087255 -0.007693 0.157480,
        0.074017 -0.026543 0.157480,
        0.059669 0.020091 0.157480,
        0.056943 0.017225 0.157480,
        0.054426 0.012824 0.157480,
        0.048195 0.010151 0.157480,
        0.079220 -0.029211 0.157480,
        0.082911 -0.032324 0.157480,
        0.085622 -0.036096 0.157480,
        0.052096 -0.001753 0.157480,
        0.077420 0.019779 0.157480,
        0.062024 0.021608 0.157480,
        0.087237 -0.039687 0.157480,
        0.088772 -0.046727 0.157480,
        0.088967 -0.052868 0.157480,
        0.074925 0.021511 0.157480,
        0.072258 0.022509 0.157480,
        0.064717 0.022521 0.157480,
        -0.177575 0.026947 0.157480,
        -0.173769 0.024206 0.157480,
        -0.172589 -0.036470 0.157480,
        -0.174284 -0.032156 0.157480,
        -0.176322 -0.033842 0.157480,
        -0.167161 -0.060871 0.157480,
        -0.168707 -0.067010 0.157480,
        -0.171369 -0.071860 0.157480,
        -0.206397 0.007433 0.157480,
        -0.200408 0.022515 0.157480,
        -0.186188 0.029177 0.157480,
        -0.181476 0.028554 0.157480,
        -0.175315 -0.076221 0.157480,
        -0.177852 -0.077994 0.157480,
        -0.180644 -0.079015 0.157480,
        -0.185005 -0.079546 0.157480,
        -0.189226 -0.078768 0.157480,
        -0.192707 -0.077195 0.157480,
        -0.195876 -0.074743 0.157480,
        -0.170254 0.020127 0.157480,
        -0.166953 0.013843 0.157480,
        -0.195701 -0.035201 0.157480,
        -0.193663 -0.033842 0.157480,
        -0.163587 -0.005654 0.157480,
        -0.198500 -0.071397 0.157480,
        -0.200207 -0.068144 0.157480,
        -0.202067 -0.062037 0.157480,
        -0.202672 -0.053900 0.157480,
        0.172975 -0.062557 0.153543,
        0.170288 -0.070607 0.153543,
        0.168394 -0.078866 0.153543,
        0.169170 -0.074526 0.153543,
        0.168042 -0.081760 0.153543,
        0.166004 -0.082087 0.153543,
        0.163285 -0.067818 0.153543,
        0.166840 -0.063578 0.153543,
        0.169754 -0.057298 0.153543,
        0.183520 -0.026216 0.153543,
        0.166356 0.017273 0.153543,
        0.162958 0.026107 0.153543,
        0.164997 0.030184 0.153543,
        0.163447 0.031951 0.153543,
        0.162837 0.032524 0.153543,
        0.162753 0.032580 0.153543,
        0.162637 0.032631 0.153543,
        0.162511 0.032653 0.153543,
        0.162388 0.032644 0.153543,
        0.162177 0.032569 0.153543,
        0.161780 0.032393 0.153543,
        0.161652 0.032304 0.153543,
        0.161550 0.032188 0.153543,
        0.161482 0.032057 0.153543,
        0.161437 0.031869 0.153543,
        0.161415 0.031402 0.153543,
        0.161465 0.030613 0.153543,
        0.161667 0.029536 0.153543,
        0.162126 0.028106 0.153543,
        0.169250 0.026459 0.153543,
        0.170200 0.025699 0.153543,
        0.171539 0.024440 0.153543,
        0.171669 0.024223 0.153543,
        0.171732 0.024015 0.153543,
        0.171746 0.023597 0.153543,
        0.171683 0.021724 0.153543,
        0.171968 0.018985 0.153543,
        0.176372 0.004715 0.153543,
        0.175051 0.008375 0.153543,
        0.173814 0.011748 0.153543,
        0.186238 -0.020251 0.153543,
        0.202546 0.018985 0.153543,
        0.206624 0.028322 0.153543,
        0.209669 0.032399 0.153543,
        0.209651 0.032457 0.153543,
        0.209607 0.032561 0.153543,
        0.209580 0.032598 0.153543,
        0.209557 0.032617 0.153543,
        0.209535 0.032629 0.153543,
        0.209504 0.032637 0.153543,
        0.209461 0.032639 0.153543,
        0.209381 0.032624 0.153543,
        0.209274 0.032579 0.153543,
        0.209151 0.032494 0.153543,
        0.209039 0.032381 0.153543,
        0.208685 0.031954 0.153543,
        0.208892 0.032207 0.153543,
        0.210021 0.027315 0.153543,
        0.210020 0.028348 0.153543,
        0.210130 0.030951 0.153543,
        0.210041 0.031593 0.153543,
        0.209928 0.032091 0.153543,
        0.209871 0.032212 0.153543,
        0.209802 0.032294 0.153543,
        0.209669 0.020520 0.153543,
        0.200156 0.000461 0.153543,
        0.200538 0.001321 0.153543,
        0.202641 0.006275 0.153543,
        0.206015 0.012656 0.153543,
        0.207172 0.014075 0.153543,
        0.208842 0.015902 0.153543,
        0.209152 0.016365 0.153543,
        0.209324 0.016849 0.153543,
        0.209436 0.017633 0.153543,
        0.188780 -0.026543 0.153543,
        0.201691 -0.061702 0.153543,
        0.209342 -0.076148 0.153543,
        0.205107 -0.069150 0.153543,
        0.210852 -0.078187 0.153543,
        0.210021 -0.080728 0.153543,
        0.199980 -0.077180 0.153543,
        0.197111 -0.063061 0.153543,
        0.199206 -0.069987 0.153543,
        0.185886 -0.032835 0.153543,
        0.146096 -0.051861 0.153543,
        0.146419 -0.043959 0.153543,
        0.146096 -0.036056 0.153543,
        0.126541 -0.079042 0.153543,
        0.131577 -0.078241 0.157480,
        0.131577 -0.078241 0.153543,
        0.134761 -0.077061 0.157480,
        0.134761 -0.077061 0.153543,
        0.136896 -0.075559 0.157480,
        0.136896 -0.075559 0.153543,
        0.139319 -0.072906 0.157480,
        0.139319 -0.072906 0.153543,
        0.142659 -0.067354 0.157480,
        0.142659 -0.067354 0.153543,
        0.145043 -0.060347 0.157480,
        0.145043 -0.060347 0.153543,
        0.107691 -0.038598 0.153543,
        0.107559 -0.051663 0.157480,
        0.107559 -0.051663 0.153543,
        0.108931 -0.060954 0.153543,
        0.109789 -0.063951 0.153543,
        0.112635 -0.070253 0.153543,
        0.115450 -0.073883 0.153543,
        0.115544 -0.073977 0.153543,
        0.118694 -0.076501 0.153543,
        0.122172 -0.078200 0.153543,
        0.119243 -0.017533 0.153543,
        0.114949 -0.021156 0.157480,
        0.114949 -0.021156 0.153543,
        0.112241 -0.024683 0.157480,
        0.112241 -0.024683 0.153543,
        0.109851 -0.029977 0.157480,
        0.109851 -0.029977 0.153543,
        0.127573 -0.012273 0.153543,
        0.142170 0.014404 0.153543,
        0.141994 0.011839 0.157480,
        0.141994 0.011839 0.153543,
        0.140025 0.003243 0.157480,
        0.140025 0.003243 0.153543,
        0.136654 -0.003896 0.157480,
        0.136654 -0.003896 0.153543,
        0.133361 -0.007845 0.157480,
        0.133361 -0.007845 0.153543,
        0.142522 0.021526 0.153543,
        0.112120 0.020520 0.153543,
        0.109554 0.014404 0.153543,
        0.110034 0.017942 0.153543,
        0.110326 0.019439 0.153543,
        0.110463 0.019770 0.153543,
        0.110681 0.020063 0.153543,
        0.110931 0.020270 0.153543,
        0.111206 0.020402 0.153543,
        0.111591 0.020487 0.153543,
        0.108874 -0.000394 0.153543,
        0.106508 -0.000394 0.153543,
        0.105652 0.022030 0.153543,
        0.110761 0.027139 0.153543,
        0.108922 0.027120 0.153543,
        0.106835 0.026926 0.153543,
        0.106379 0.026800 0.153543,
        0.106117 0.026657 0.153543,
        0.105965 0.026518 0.153543,
        0.105845 0.026337 0.153543,
        0.105729 0.026057 0.153543,
        0.105575 0.025550 0.153543,
        0.105527 0.025041 0.153543,
        0.105551 0.024347 0.153543,
        0.105576 0.023362 0.153543,
        0.144561 0.027994 0.153543,
        0.146776 0.012365 0.153543,
        0.147228 0.018776 0.153543,
        0.147106 0.025145 0.153543,
        0.146837 0.026518 0.153543,
        0.146557 0.027106 0.153543,
        0.146216 0.027522 0.153543,
        0.145923 0.027750 0.153543,
        0.145600 0.027897 0.153543,
        0.145193 0.027977 0.153543,
        0.129435 -0.018213 0.153543,
        0.131280 -0.016822 0.157480,
        0.131280 -0.016822 0.153543,
        0.137322 -0.011320 0.157480,
        0.137322 -0.011320 0.153543,
        0.142378 -0.003994 0.157480,
        0.142378 -0.003994 0.153543,
        0.144651 0.001745 0.157480,
        0.144651 0.001745 0.153543,
        0.122464 -0.022642 0.153543,
        0.113127 -0.057121 0.153543,
        0.112674 -0.054421 0.157480,
        0.112674 -0.054421 0.153543,
        0.112070 -0.044578 0.153543,
        0.113368 -0.036196 0.153543,
        0.115842 -0.029255 0.153543,
        0.117613 -0.026621 0.153543,
        0.126214 -0.072071 0.153543,
        0.123009 -0.071573 0.157480,
        0.123009 -0.071573 0.153543,
        0.120811 -0.070674 0.157480,
        0.120811 -0.070674 0.153543,
        0.118931 -0.069364 0.157480,
        0.118931 -0.069364 0.153543,
        0.117389 -0.067574 0.157480,
        0.117389 -0.067574 0.153543,
        0.115554 -0.064298 0.157480,
        0.115554 -0.064298 0.153543,
        0.143378 -0.041669 0.153543,
        0.142900 -0.048539 0.157480,
        0.142900 -0.048539 0.153543,
        0.140949 -0.058498 0.153543,
        0.138665 -0.063961 0.153543,
        0.136245 -0.067343 0.153543,
        0.134509 -0.069033 0.153543,
        0.131601 -0.070944 0.153543,
        0.129057 -0.071854 0.153543,
        0.143529 -0.036056 0.153543,
        0.050913 -0.078866 0.153543,
        0.052600 -0.079042 0.153543,
        0.050913 -0.036409 0.153543,
        0.052952 -0.036233 0.153543,
        0.054135 -0.054227 0.153543,
        0.069764 -0.073782 0.153543,
        0.066002 -0.072948 0.157480,
        0.066002 -0.072948 0.153543,
        0.063207 -0.071494 0.157480,
        0.063207 -0.071494 0.153543,
        0.059916 -0.068736 0.157480,
        0.059916 -0.068736 0.153543,
        0.057196 -0.065044 0.157480,
        0.057196 -0.065044 0.153543,
        0.055504 -0.060956 0.157480,
        0.055504 -0.060956 0.153543,
        0.082171 -0.041493 0.153543,
        0.083663 -0.045713 0.157480,
        0.083663 -0.045713 0.153543,
        0.084103 -0.050943 0.157480,
        0.084103 -0.050943 0.153543,
        0.083315 -0.059772 0.153543,
        0.081380 -0.065524 0.153543,
        0.079368 -0.068708 0.153543,
        0.078176 -0.069994 0.153543,
        0.075040 -0.072436 0.153543,
        0.073113 -0.073319 0.153543,
        0.070770 -0.032835 0.153543,
        0.073006 -0.033753 0.153543,
        0.078230 -0.036561 0.153543,
        0.080338 -0.038606 0.153543,
        0.064831 -0.030444 0.153543,
        0.048195 0.010151 0.153543,
        0.047244 0.002379 0.157480,
        0.047244 0.002379 0.153543,
        0.047804 -0.007807 0.157480,
        0.047804 -0.007807 0.153543,
        0.049568 -0.016273 0.157480,
        0.049568 -0.016273 0.153543,
        0.051564 -0.020517 0.157480,
        0.051564 -0.020517 0.153543,
        0.054335 -0.023859 0.157480,
        0.054335 -0.023859 0.153543,
        0.058603 -0.027183 0.157480,
        0.058603 -0.027183 0.153543,
        0.067902 0.029354 0.153543,
        0.064450 0.029097 0.157480,
        0.064450 0.029097 0.153543,
        0.060711 0.028023 0.153543,
        0.056900 0.025880 0.153543,
        0.054513 0.023631 0.153543,
        0.050704 0.017592 0.157480,
        0.050704 0.017592 0.153543,
        0.088967 0.001317 0.153543,
        0.088301 0.007484 0.157480,
        0.088301 0.007484 0.153543,
        0.085637 0.016406 0.153543,
        0.082535 0.021710 0.153543,
        0.079314 0.025197 0.153543,
        0.075476 0.027778 0.153543,
        0.072127 0.028991 0.153543,
        0.089646 -0.007693 0.153543,
        0.087255 -0.007693 0.153543,
        0.068229 0.022885 0.153543,
        0.069302 0.022881 0.157480,
        0.069302 0.022881 0.153543,
        0.072258 0.022509 0.153543,
        0.074925 0.021511 0.153543,
        0.077420 0.019779 0.153543,
        0.080496 0.016387 0.157480,
        0.080496 0.016387 0.153543,
        0.083092 0.011702 0.153543,
        0.085656 0.002695 0.157480,
        0.085656 0.002695 0.153543,
        0.052096 -0.001753 0.153543,
        0.052059 -0.000585 0.157480,
        0.052059 -0.000585 0.153543,
        0.052613 0.007334 0.153543,
        0.054426 0.012824 0.153543,
        0.056943 0.017225 0.153543,
        0.059669 0.020091 0.153543,
        0.062024 0.021608 0.153543,
        0.064717 0.022521 0.153543,
        0.066693 -0.023825 0.153543,
        0.064412 -0.022824 0.157480,
        0.064412 -0.022824 0.153543,
        0.059313 -0.019674 0.157480,
        0.059313 -0.019674 0.153543,
        0.056481 -0.016722 0.157480,
        0.056481 -0.016722 0.153543,
        0.054223 -0.012968 0.157480,
        0.054223 -0.012968 0.153543,
        0.052916 -0.008490 0.157480,
        0.052916 -0.008490 0.153543,
        0.074017 -0.026543 0.153543,
        0.088967 -0.052868 0.153543,
        0.088772 -0.046727 0.153543,
        0.087237 -0.039687 0.153543,
        0.085622 -0.036096 0.153543,
        0.082911 -0.032324 0.153543,
        0.079220 -0.029211 0.153543,
        0.070267 -0.080049 0.153543,
        0.070986 -0.080021 0.157480,
        0.070986 -0.080021 0.153543,
        0.074562 -0.079559 0.157480,
        0.074562 -0.079559 0.153543,
        0.077179 -0.078498 0.157480,
        0.077179 -0.078498 0.153543,
        0.080426 -0.076163 0.157480,
        0.080426 -0.076163 0.153543,
        0.083365 -0.072784 0.157480,
        0.083365 -0.072784 0.153543,
        0.085158 -0.069702 0.157480,
        0.085158 -0.069702 0.153543,
        0.088139 -0.061437 0.157480,
        0.088139 -0.061437 0.153543,
        0.056350 -0.071894 0.153543,
        0.058125 -0.074106 0.153543,
        0.061844 -0.077130 0.153543,
        0.065817 -0.079126 0.153543,
        0.054311 -0.068673 0.153543,
        0.008708 -0.080225 0.153543,
        0.005102 -0.079129 0.153543,
        0.000899 -0.076593 0.153543,
        -0.002427 -0.073213 0.153543,
        -0.006072 -0.067063 0.153543,
        -0.010268 -0.055546 0.153543,
        -0.010268 -0.055546 0.157480,
        -0.012763 -0.043276 0.153543,
        -0.012763 -0.043276 0.157480,
        -0.013945 -0.028578 0.153543,
        -0.013945 -0.028578 0.157480,
        -0.013893 -0.023146 0.153543,
        0.012785 0.030033 0.153543,
        0.011917 0.030051 0.157480,
        0.011917 0.030051 0.153543,
        0.009433 0.029755 0.157480,
        0.009433 0.029755 0.153543,
        0.009314 0.029710 0.157480,
        0.005899 0.028425 0.153543,
        0.005899 0.028425 0.157480,
        0.002846 0.026481 0.157480,
        0.002846 0.026481 0.153543,
        -0.000420 0.023111 0.157480,
        -0.000420 0.023111 0.153543,
        -0.004831 0.016070 0.157480,
        -0.004831 0.016070 0.153543,
        -0.009064 0.005577 0.157480,
        -0.009064 0.005577 0.153543,
        -0.012423 -0.008619 0.157480,
        -0.012423 -0.008619 0.153543,
        0.016098 0.029280 0.153543,
        0.020250 0.027022 0.153543,
        0.023334 0.024204 0.153543,
        0.026796 0.019027 0.153543,
        0.031114 0.008663 0.153543,
        0.031114 0.008663 0.157480,
        0.034078 -0.003387 0.153543,
        0.034078 -0.003387 0.157480,
        0.035472 -0.017455 0.153543,
        0.035472 -0.017455 0.157480,
        0.035385 -0.026896 0.153543,
        0.009582 -0.080141 0.157480,
        0.011594 -0.079948 0.153543,
        0.011594 -0.079948 0.157480,
        0.015194 -0.078650 0.157480,
        0.015194 -0.078650 0.153543,
        0.018455 -0.076505 0.157480,
        0.018455 -0.076505 0.153543,
        0.022115 -0.072504 0.153543,
        0.027604 -0.063730 0.157480,
        0.027604 -0.063730 0.153543,
        0.031628 -0.052697 0.157480,
        0.031628 -0.052697 0.153543,
        0.033948 -0.040569 0.157480,
        0.033948 -0.040569 0.153543,
        0.024815 0.011611 0.153543,
        0.027999 0.001714 0.153543,
        0.009060 -0.073933 0.153543,
        0.011919 -0.073417 0.153543,
        0.014962 -0.072033 0.153543,
        0.017260 -0.070189 0.153543,
        0.021553 -0.064390 0.153543,
        0.025763 -0.055426 0.153543,
        0.027426 -0.049697 0.153543,
        0.021181 0.018322 0.153543,
        0.018897 0.020775 0.153543,
        0.015992 0.022702 0.153543,
        0.014012 0.023497 0.153543,
        0.012609 0.023741 0.153543,
        0.029779 -0.035026 0.153543,
        0.030452 -0.026543 0.153543,
        0.030312 -0.012649 0.153543,
        0.010457 0.023670 0.153543,
        0.007899 0.022857 0.153543,
        0.005583 0.021472 0.153543,
        0.003643 0.019612 0.153543,
        -0.000567 0.013139 0.153543,
        -0.004734 0.002744 0.153543,
        -0.007550 -0.009693 0.153543,
        -0.009028 -0.024068 0.153543,
        0.008084 -0.073785 0.153543,
        0.006277 -0.073174 0.153543,
        0.003043 -0.071130 0.153543,
        0.000509 -0.068450 0.153543,
        -0.002699 -0.062513 0.153543,
        -0.006259 -0.051741 0.153543,
        -0.008456 -0.038774 0.153543,
        -0.008456 -0.038774 0.157480,
        -0.009028 -0.024068 0.157480,
        -0.007550 -0.009693 0.157480,
        -0.004734 0.002744 0.157480,
        -0.000567 0.013139 0.157480,
        0.003643 0.019612 0.157480,
        0.005583 0.021472 0.157480,
        0.007899 0.022857 0.157480,
        0.010457 0.023670 0.157480,
        0.012609 0.023741 0.157480,
        0.009060 -0.073933 0.157480,
        0.008084 -0.073785 0.157480,
        0.006277 -0.073174 0.157480,
        0.003043 -0.071130 0.157480,
        0.000509 -0.068450 0.157480,
        -0.002699 -0.062513 0.157480,
        -0.006259 -0.051741 0.157480,
        0.030452 -0.026543 0.157480,
        0.029779 -0.035026 0.157480,
        0.027426 -0.049697 0.157480,
        0.025763 -0.055426 0.157480,
        0.021553 -0.064390 0.157480,
        0.017260 -0.070189 0.157480,
        0.014962 -0.072033 0.157480,
        0.011919 -0.073417 0.157480,
        0.014012 0.023497 0.157480,
        0.015992 0.022702 0.157480,
        0.018897 0.020775 0.157480,
        0.021181 0.018322 0.157480,
        0.024815 0.011611 0.157480,
        0.027999 0.001714 0.157480,
        0.030312 -0.012649 0.157480,
        0.216535 0.118110 0.153543,
        0.215865 0.123205 0.153543,
        0.213898 0.127953 0.153543,
        0.210770 0.132030 0.153543,
        0.206693 0.135158 0.153543,
        0.201945 0.137124 0.153543,
        0.196850 0.137795 0.153543,
        0.191756 0.137124 0.153543,
        0.187008 0.135158 0.153543,
        0.182931 0.132030 0.153543,
        0.179803 0.127953 0.153543,
        0.177836 0.123205 0.153543,
        0.177165 0.118110 0.153543,
        0.177836 0.113015 0.153543,
        0.179803 0.108268 0.153543,
        0.182931 0.104191 0.153543,
        0.187008 0.101063 0.153543,
        0.191756 0.099096 0.153543,
        0.196850 0.098425 0.153543,
        0.201945 0.099096 0.153543,
        0.206693 0.101063 0.153543,
        0.210770 0.104191 0.153543,
        0.213898 0.108268 0.153543,
        0.215865 0.113015 0.153543,
        0.196850 0.118110 0.153543,
        -0.185005 -0.079546 0.153543,
        -0.180644 -0.079015 0.153543,
        -0.177852 -0.077994 0.153543,
        -0.175315 -0.076221 0.153543,
        -0.171369 -0.071860 0.153543,
        -0.168707 -0.067010 0.153543,
        -0.167161 -0.060871 0.153543,
        -0.202672 -0.053900 0.153543,
        -0.202067 -0.062037 0.153543,
        -0.200207 -0.068144 0.153543,
        -0.198500 -0.071397 0.153543,
        -0.195876 -0.074743 0.153543,
        -0.192707 -0.077195 0.153543,
        -0.189226 -0.078768 0.153543,
        -0.195701 -0.035201 0.153543,
        -0.196359 -0.035705 0.157480,
        -0.196359 -0.035705 0.153543,
        -0.197694 -0.037304 0.157480,
        -0.197694 -0.037304 0.153543,
        -0.200042 -0.041457 0.157480,
        -0.200042 -0.041457 0.153543,
        -0.201866 -0.046556 0.157480,
        -0.201866 -0.046556 0.153543,
        -0.193663 -0.033842 0.153543,
        -0.206397 0.007433 0.153543,
        -0.207172 -0.000250 0.157480,
        -0.207172 -0.000250 0.153543,
        -0.206464 -0.010818 0.157480,
        -0.206464 -0.010818 0.153543,
        -0.204256 -0.019754 0.157480,
        -0.204256 -0.019754 0.153543,
        -0.202978 -0.022730 0.157480,
        -0.202978 -0.022730 0.153543,
        -0.199393 -0.028394 0.157480,
        -0.199393 -0.028394 0.153543,
        -0.186188 0.029177 0.153543,
        -0.191256 0.028652 0.157480,
        -0.191256 0.028652 0.153543,
        -0.195129 0.027099 0.157480,
        -0.195129 0.027099 0.153543,
        -0.198082 0.025065 0.157480,
        -0.198082 0.025065 0.153543,
        -0.200408 0.022515 0.153543,
        -0.204062 0.015493 0.157480,
        -0.204062 0.015493 0.153543,
        -0.163587 -0.005654 0.153543,
        -0.164392 0.004264 0.157480,
        -0.164392 0.004264 0.153543,
        -0.166953 0.013843 0.153543,
        -0.170254 0.020127 0.153543,
        -0.173769 0.024206 0.153543,
        -0.177575 0.026947 0.153543,
        -0.181476 0.028554 0.153543,
        -0.174284 -0.032156 0.153543,
        -0.172779 -0.030624 0.157480,
        -0.172779 -0.030624 0.153543,
        -0.168922 -0.025994 0.157480,
        -0.168922 -0.025994 0.153543,
        -0.165614 -0.019037 0.157480,
        -0.165614 -0.019037 0.153543,
        -0.164360 -0.014450 0.157480,
        -0.164360 -0.014450 0.153543,
        -0.176322 -0.033842 0.153543,
        -0.167092 -0.060157 0.157480,
        -0.167092 -0.060157 0.153543,
        -0.166963 -0.050418 0.157480,
        -0.166963 -0.050418 0.153543,
        -0.168311 -0.044330 0.157480,
        -0.168311 -0.044330 0.153543,
        -0.170827 -0.038713 0.157480,
        -0.170827 -0.038713 0.153543,
        -0.172589 -0.036470 0.153543,
        -0.181900 -0.030278 0.153543,
        -0.185835 -0.030796 0.153543,
        -0.184483 -0.036537 0.153543,
        -0.180690 -0.036821 0.153543,
        -0.176317 0.018780 0.153543,
        -0.173425 0.014560 0.153543,
        -0.191547 -0.037579 0.153543,
        -0.192818 -0.038495 0.153543,
        -0.193776 -0.039494 0.153543,
        -0.195217 -0.041706 0.153543,
        -0.196881 -0.046518 0.153543,
        -0.197934 -0.055756 0.153543,
        -0.196884 -0.062910 0.153543,
        -0.195302 -0.066650 0.153543,
        -0.193899 -0.068935 0.153543,
        -0.192479 -0.070389 0.153543,
        -0.190018 -0.071903 0.153543,
        -0.187065 -0.072934 0.153543,
        -0.184326 -0.073254 0.153543,
        -0.181585 -0.072897 0.153543,
        -0.179636 -0.072196 0.153543,
        -0.178046 -0.071149 0.153543,
        -0.175913 -0.068897 0.153543,
        -0.173517 -0.064993 0.153543,
        -0.188770 -0.030372 0.153543,
        -0.191443 -0.029361 0.153543,
        -0.201561 -0.012696 0.153543,
        -0.178710 -0.028981 0.153543,
        -0.175780 -0.026847 0.153543,
        -0.174009 -0.024865 0.153543,
        -0.171490 -0.020542 0.153543,
        -0.169231 -0.012828 0.153543,
        -0.168608 -0.002411 0.153543,
        -0.170207 0.007080 0.153543,
        -0.171902 -0.059583 0.153543,
        -0.171742 -0.052717 0.153543,
        -0.172715 -0.046844 0.153543,
        -0.174496 -0.042626 0.153543,
        -0.176899 -0.039213 0.153543,
        -0.178180 -0.037967 0.153543,
        -0.179302 -0.037272 0.153543,
        -0.198860 -0.020693 0.153543,
        -0.190033 -0.036990 0.153543,
        -0.187952 -0.036673 0.153543,
        -0.185156 -0.036560 0.153543,
        -0.193805 -0.027717 0.153543,
        -0.196352 -0.024973 0.153543,
        -0.202496 -0.003792 0.153543,
        -0.202381 -0.000853 0.153543,
        -0.200711 0.008941 0.153543,
        -0.198706 0.014477 0.153543,
        -0.196687 0.018151 0.153543,
        -0.194978 0.020026 0.153543,
        -0.192854 0.021428 0.153543,
        -0.189881 0.022491 0.153543,
        -0.186515 0.022885 0.153543,
        -0.183322 0.022758 0.153543,
        -0.180438 0.021990 0.153543,
        -0.178500 0.020887 0.153543,
        -0.170207 0.007080 0.157480,
        -0.168608 -0.002411 0.157480,
        -0.169231 -0.012828 0.157480,
        -0.171490 -0.020542 0.157480,
        -0.174009 -0.024865 0.157480,
        -0.175780 -0.026847 0.157480,
        -0.178710 -0.028981 0.157480,
        -0.181900 -0.030278 0.157480,
        -0.185835 -0.030796 0.157480,
        -0.186515 0.022885 0.157480,
        -0.183322 0.022758 0.157480,
        -0.180438 0.021990 0.157480,
        -0.178500 0.020887 0.157480,
        -0.176317 0.018780 0.157480,
        -0.173425 0.014560 0.157480,
        -0.202496 -0.003792 0.157480,
        -0.202381 -0.000853 0.157480,
        -0.200711 0.008941 0.157480,
        -0.198706 0.014477 0.157480,
        -0.196687 0.018151 0.157480,
        -0.194978 0.020026 0.157480,
        -0.192854 0.021428 0.157480,
        -0.189881 0.022491 0.157480,
        -0.188770 -0.030372 0.157480,
        -0.191443 -0.029361 0.157480,
        -0.193805 -0.027717 0.157480,
        -0.196352 -0.024973 0.157480,
        -0.198860 -0.020693 0.157480,
        -0.201561 -0.012696 0.157480,
        -0.196884 -0.062910 0.157480,
        -0.197934 -0.055756 0.157480,
        -0.196881 -0.046518 0.157480,
        -0.195217 -0.041706 0.157480,
        -0.193776 -0.039494 0.157480,
        -0.192818 -0.038495 0.157480,
        -0.191547 -0.037579 0.157480,
        -0.190033 -0.036990 0.157480,
        -0.187952 -0.036673 0.157480,
        -0.185156 -0.036560 0.157480,
        -0.184326 -0.073254 0.157480,
        -0.187065 -0.072934 0.157480,
        -0.190018 -0.071903 0.157480,
        -0.192479 -0.070389 0.157480,
        -0.193899 -0.068935 0.157480,
        -0.195302 -0.066650 0.157480,
        -0.171742 -0.052717 0.157480,
        -0.171902 -0.059583 0.157480,
        -0.173517 -0.064993 0.157480,
        -0.175913 -0.068897 0.157480,
        -0.178046 -0.071149 0.157480,
        -0.179636 -0.072196 0.157480,
        -0.181585 -0.072897 0.157480,
        -0.184483 -0.036537 0.157480,
        -0.180690 -0.036821 0.157480,
        -0.179302 -0.037272 0.157480,
        -0.178180 -0.037967 0.157480,
        -0.176899 -0.039213 0.157480,
        -0.174496 -0.042626 0.157480,
        -0.172715 -0.046844 0.157480,
      ]
    }
    coordIndex [
      8, 290, 291, -1,
      292, 2, 100, -1,
      292, 100, 293, -1,
      293, 100, 99, -1,
      293, 99, 291, -1,
      291, 99, 10, -1,
      291, 10, 8, -1,
      2, 292, 3, -1,
      3, 292, 294, -1,
      3, 294, 98, -1,
      295, 97, 294, -1,
      294, 97, 98, -1,
      97, 295, 88, -1,
      88, 295, 296, -1,
      88, 296, 89, -1,
      89, 296, 297, -1,
      298, 95, 96, -1,
      298, 96, 297, -1,
      297, 96, 199, -1,
      297, 199, 89, -1,
      299, 93, 298, -1,
      298, 93, 95, -1,
      93, 299, 94, -1,
      94, 299, 300, -1,
      94, 300, 90, -1,
      301, 91, 300, -1,
      300, 91, 90, -1,
      302, 69, 72, -1,
      302, 72, 303, -1,
      303, 72, 71, -1,
      303, 71, 304, -1,
      71, 70, 304, -1,
      304, 70, 76, -1,
      304, 76, 305, -1,
      305, 76, 75, -1,
      305, 75, 306, -1,
      306, 75, 74, -1,
      306, 74, 307, -1,
      307, 74, 73, -1,
      307, 73, 308, -1,
      308, 73, 81, -1,
      308, 81, 309, -1,
      309, 81, 82, -1,
      309, 82, 310, -1,
      82, 83, 310, -1,
      310, 83, 80, -1,
      310, 80, 311, -1,
      311, 80, 79, -1,
      311, 79, 312, -1,
      312, 79, 78, -1,
      312, 78, 313, -1,
      313, 78, 77, -1,
      313, 77, 314, -1,
      314, 77, 87, -1,
      314, 87, 315, -1,
      315, 87, 86, -1,
      315, 86, 316, -1,
      316, 86, 85, -1,
      316, 85, 317, -1,
      85, 84, 317, -1,
      317, 84, 92, -1,
      317, 92, 318, -1,
      318, 92, 91, -1,
      318, 91, 301, -1,
      69, 302, 65, -1,
      65, 302, 319, -1,
      65, 319, 66, -1,
      66, 319, 67, -1,
      67, 319, 320, -1,
      67, 320, 68, -1,
      68, 320, 321, -1,
      68, 321, 59, -1,
      59, 321, 322, -1,
      59, 322, 60, -1,
      60, 322, 323, -1,
      60, 323, 61, -1,
      61, 323, 324, -1,
      61, 324, 63, -1,
      63, 324, 325, -1,
      63, 325, 64, -1,
      64, 325, 326, -1,
      64, 326, 53, -1,
      327, 57, 56, -1,
      327, 56, 328, -1,
      328, 56, 54, -1,
      328, 54, 329, -1,
      329, 54, 53, -1,
      329, 53, 326, -1,
      330, 58, 327, -1,
      327, 58, 57, -1,
      331, 55, 330, -1,
      330, 55, 58, -1,
      332, 62, 331, -1,
      331, 62, 55, -1,
      333, 31, 334, -1,
      334, 31, 30, -1,
      30, 39, 334, -1,
      334, 39, 38, -1,
      334, 38, 335, -1,
      335, 38, 42, -1,
      335, 42, 336, -1,
      336, 42, 41, -1,
      336, 41, 337, -1,
      337, 41, 40, -1,
      337, 40, 338, -1,
      338, 40, 46, -1,
      338, 46, 339, -1,
      339, 46, 45, -1,
      339, 45, 340, -1,
      340, 45, 44, -1,
      340, 44, 341, -1,
      341, 44, 43, -1,
      341, 43, 342, -1,
      342, 43, 48, -1,
      342, 48, 343, -1,
      343, 48, 47, -1,
      343, 47, 344, -1,
      62, 332, 49, -1,
      49, 332, 345, -1,
      49, 345, 50, -1,
      50, 345, 346, -1,
      50, 346, 51, -1,
      51, 346, 344, -1,
      51, 344, 52, -1,
      52, 344, 47, -1,
      347, 15, 14, -1,
      347, 14, 348, -1,
      348, 14, 37, -1,
      348, 37, 349, -1,
      37, 36, 349, -1,
      349, 36, 33, -1,
      349, 33, 350, -1,
      350, 33, 34, -1,
      350, 34, 351, -1,
      351, 34, 35, -1,
      351, 35, 352, -1,
      352, 35, 32, -1,
      352, 32, 353, -1,
      353, 32, 31, -1,
      353, 31, 333, -1,
      354, 16, 347, -1,
      347, 16, 15, -1,
      355, 25, 21, -1,
      355, 21, 356, -1,
      356, 21, 22, -1,
      356, 22, 357, -1,
      357, 22, 23, -1,
      357, 23, 358, -1,
      358, 23, 24, -1,
      358, 24, 359, -1,
      359, 24, 20, -1,
      359, 20, 360, -1,
      360, 20, 19, -1,
      360, 19, 361, -1,
      361, 19, 18, -1,
      361, 18, 362, -1,
      362, 18, 17, -1,
      362, 17, 363, -1,
      363, 17, 16, -1,
      363, 16, 354, -1,
      364, 26, 355, -1,
      355, 26, 25, -1,
      365, 27, 364, -1,
      364, 27, 26, -1,
      366, 29, 28, -1,
      366, 28, 367, -1,
      367, 28, 27, -1,
      367, 27, 365, -1,
      368, 13, 366, -1,
      366, 13, 29, -1,
      13, 368, 12, -1,
      12, 368, 369, -1,
      12, 369, 4, -1,
      4, 369, 5, -1,
      5, 369, 370, -1,
      5, 370, 6, -1,
      371, 9, 11, -1,
      371, 11, 372, -1,
      372, 11, 6, -1,
      372, 6, 370, -1,
      373, 7, 371, -1,
      371, 7, 9, -1,
      373, 290, 7, -1,
      7, 290, 8, -1,
      298, 297, 290, -1,
      325, 301, 326, -1,
      326, 301, 300, -1,
      326, 300, 329, -1,
      296, 295, 294, -1,
      299, 330, 327, -1,
      299, 327, 300, -1,
      300, 327, 328, -1,
      300, 328, 329, -1,
      294, 292, 296, -1,
      296, 292, 293, -1,
      296, 293, 297, -1,
      297, 293, 291, -1,
      297, 291, 290, -1,
      318, 301, 319, -1,
      298, 290, 299, -1,
      299, 290, 373, -1,
      299, 373, 330, -1,
      342, 343, 334, -1,
      334, 343, 344, -1,
      334, 344, 333, -1,
      333, 344, 346, -1,
      333, 346, 345, -1,
      319, 302, 318, -1,
      318, 302, 303, -1,
      318, 303, 304, -1,
      312, 313, 314, -1,
      309, 315, 316, -1,
      369, 368, 370, -1,
      370, 368, 366, -1,
      370, 366, 372, -1,
      372, 366, 367, -1,
      372, 367, 371, -1,
      371, 367, 365, -1,
      371, 365, 373, -1,
      373, 365, 364, -1,
      373, 364, 330, -1,
      330, 364, 355, -1,
      330, 355, 331, -1,
      331, 355, 356, -1,
      331, 356, 357, -1,
      363, 354, 331, -1,
      331, 354, 347, -1,
      331, 347, 332, -1,
      357, 358, 331, -1,
      331, 358, 359, -1,
      331, 359, 360, -1,
      347, 348, 332, -1,
      332, 348, 349, -1,
      332, 349, 345, -1,
      345, 349, 350, -1,
      345, 350, 351, -1,
      336, 337, 341, -1,
      325, 324, 301, -1,
      301, 324, 323, -1,
      301, 323, 322, -1,
      322, 321, 301, -1,
      301, 321, 320, -1,
      301, 320, 319, -1,
      312, 314, 311, -1,
      351, 352, 345, -1,
      345, 352, 353, -1,
      345, 353, 333, -1,
      304, 305, 318, -1,
      318, 305, 306, -1,
      318, 306, 307, -1,
      316, 317, 309, -1,
      309, 317, 318, -1,
      309, 318, 308, -1,
      308, 318, 307, -1,
      315, 309, 314, -1,
      314, 309, 310, -1,
      314, 310, 311, -1,
      360, 361, 331, -1,
      331, 361, 362, -1,
      331, 362, 363, -1,
      342, 334, 341, -1,
      341, 334, 335, -1,
      341, 335, 336, -1,
      337, 338, 341, -1,
      341, 338, 339, -1,
      341, 339, 340, -1,
      374, 182, 181, -1,
      374, 181, 375, -1,
      375, 181, 154, -1,
      375, 154, 376, -1,
      377, 161, 378, -1,
      377, 378, 379, -1,
      379, 378, 380, -1,
      379, 380, 381, -1,
      381, 380, 382, -1,
      381, 382, 383, -1,
      383, 382, 384, -1,
      383, 384, 385, -1,
      385, 384, 386, -1,
      385, 386, 387, -1,
      387, 386, 388, -1,
      387, 388, 389, -1,
      389, 388, 182, -1,
      389, 182, 374, -1,
      390, 186, 391, -1,
      390, 391, 392, -1,
      392, 391, 185, -1,
      392, 185, 393, -1,
      393, 185, 172, -1,
      393, 172, 394, -1,
      394, 172, 171, -1,
      394, 171, 395, -1,
      395, 171, 184, -1,
      395, 184, 396, -1,
      396, 184, 183, -1,
      396, 183, 397, -1,
      397, 183, 163, -1,
      397, 163, 398, -1,
      398, 163, 162, -1,
      398, 162, 399, -1,
      399, 162, 161, -1,
      399, 161, 377, -1,
      400, 197, 401, -1,
      400, 401, 402, -1,
      402, 401, 403, -1,
      402, 403, 404, -1,
      404, 403, 405, -1,
      404, 405, 406, -1,
      406, 405, 186, -1,
      406, 186, 390, -1,
      407, 198, 400, -1,
      400, 198, 197, -1,
      408, 179, 409, -1,
      408, 409, 410, -1,
      410, 409, 411, -1,
      410, 411, 412, -1,
      412, 411, 413, -1,
      412, 413, 414, -1,
      414, 413, 415, -1,
      414, 415, 416, -1,
      416, 415, 198, -1,
      416, 198, 407, -1,
      417, 180, 408, -1,
      408, 180, 179, -1,
      418, 204, 417, -1,
      417, 204, 180, -1,
      419, 177, 178, -1,
      419, 178, 420, -1,
      420, 178, 195, -1,
      420, 195, 421, -1,
      421, 195, 194, -1,
      421, 194, 422, -1,
      422, 194, 193, -1,
      422, 193, 423, -1,
      423, 193, 200, -1,
      423, 200, 424, -1,
      424, 200, 206, -1,
      424, 206, 425, -1,
      425, 206, 205, -1,
      425, 205, 426, -1,
      426, 205, 204, -1,
      426, 204, 418, -1,
      427, 196, 419, -1,
      419, 196, 177, -1,
      428, 164, 427, -1,
      427, 164, 196, -1,
      429, 155, 428, -1,
      428, 155, 164, -1,
      430, 203, 202, -1,
      430, 202, 431, -1,
      431, 202, 201, -1,
      431, 201, 432, -1,
      432, 201, 169, -1,
      432, 169, 433, -1,
      433, 169, 168, -1,
      433, 168, 434, -1,
      434, 168, 167, -1,
      434, 167, 435, -1,
      435, 167, 157, -1,
      435, 157, 436, -1,
      436, 157, 158, -1,
      436, 158, 437, -1,
      437, 158, 159, -1,
      437, 159, 438, -1,
      438, 159, 166, -1,
      438, 166, 439, -1,
      439, 166, 165, -1,
      439, 165, 440, -1,
      440, 165, 156, -1,
      440, 156, 441, -1,
      441, 156, 155, -1,
      441, 155, 429, -1,
      442, 187, 430, -1,
      430, 187, 203, -1,
      443, 153, 152, -1,
      443, 152, 444, -1,
      444, 152, 145, -1,
      444, 145, 445, -1,
      445, 145, 144, -1,
      445, 144, 446, -1,
      446, 144, 175, -1,
      446, 175, 447, -1,
      447, 175, 174, -1,
      447, 174, 448, -1,
      448, 174, 173, -1,
      448, 173, 449, -1,
      449, 173, 189, -1,
      449, 189, 450, -1,
      450, 189, 188, -1,
      450, 188, 451, -1,
      451, 188, 187, -1,
      451, 187, 442, -1,
      452, 160, 453, -1,
      452, 453, 454, -1,
      454, 453, 455, -1,
      454, 455, 456, -1,
      456, 455, 457, -1,
      456, 457, 458, -1,
      458, 457, 459, -1,
      458, 459, 460, -1,
      460, 459, 153, -1,
      460, 153, 443, -1,
      461, 147, 452, -1,
      452, 147, 160, -1,
      462, 149, 463, -1,
      462, 463, 464, -1,
      464, 463, 143, -1,
      464, 143, 465, -1,
      465, 143, 141, -1,
      465, 141, 466, -1,
      466, 141, 140, -1,
      466, 140, 467, -1,
      467, 140, 148, -1,
      467, 148, 468, -1,
      468, 148, 147, -1,
      468, 147, 461, -1,
      469, 190, 470, -1,
      469, 470, 471, -1,
      471, 470, 472, -1,
      471, 472, 473, -1,
      473, 472, 474, -1,
      473, 474, 475, -1,
      475, 474, 476, -1,
      475, 476, 477, -1,
      477, 476, 478, -1,
      477, 478, 479, -1,
      479, 478, 149, -1,
      479, 149, 462, -1,
      480, 142, 481, -1,
      480, 481, 482, -1,
      482, 481, 150, -1,
      482, 150, 483, -1,
      483, 150, 151, -1,
      483, 151, 484, -1,
      484, 151, 176, -1,
      484, 176, 485, -1,
      485, 176, 170, -1,
      485, 170, 486, -1,
      486, 170, 191, -1,
      486, 191, 487, -1,
      487, 191, 192, -1,
      487, 192, 488, -1,
      488, 192, 190, -1,
      488, 190, 469, -1,
      489, 146, 480, -1,
      480, 146, 142, -1,
      489, 376, 146, -1,
      146, 376, 154, -1,
      467, 468, 402, -1,
      428, 427, 429, -1,
      429, 427, 419, -1,
      429, 419, 420, -1,
      424, 425, 431, -1,
      431, 425, 430, -1,
      402, 468, 400, -1,
      445, 446, 417, -1,
      420, 421, 429, -1,
      429, 421, 422, -1,
      429, 422, 441, -1,
      441, 422, 423, -1,
      441, 423, 440, -1,
      440, 423, 439, -1,
      439, 423, 438, -1,
      438, 423, 424, -1,
      438, 424, 437, -1,
      468, 461, 400, -1,
      400, 461, 452, -1,
      400, 452, 407, -1,
      407, 452, 454, -1,
      407, 454, 416, -1,
      416, 454, 456, -1,
      416, 456, 414, -1,
      414, 456, 458, -1,
      414, 458, 412, -1,
      412, 458, 460, -1,
      412, 460, 410, -1,
      410, 460, 443, -1,
      410, 443, 408, -1,
      431, 432, 424, -1,
      424, 432, 433, -1,
      424, 433, 434, -1,
      425, 426, 430, -1,
      430, 426, 418, -1,
      430, 418, 442, -1,
      442, 418, 417, -1,
      385, 486, 383, -1,
      383, 486, 487, -1,
      475, 397, 473, -1,
      473, 397, 398, -1,
      473, 398, 471, -1,
      471, 398, 399, -1,
      471, 399, 469, -1,
      469, 399, 377, -1,
      469, 377, 488, -1,
      488, 377, 379, -1,
      488, 379, 487, -1,
      487, 379, 381, -1,
      487, 381, 383, -1,
      408, 443, 417, -1,
      417, 443, 444, -1,
      417, 444, 445, -1,
      434, 435, 424, -1,
      424, 435, 436, -1,
      424, 436, 437, -1,
      376, 489, 375, -1,
      375, 489, 480, -1,
      375, 480, 374, -1,
      374, 480, 482, -1,
      374, 482, 389, -1,
      389, 482, 483, -1,
      389, 483, 387, -1,
      387, 483, 484, -1,
      387, 484, 385, -1,
      385, 484, 485, -1,
      385, 485, 486, -1,
      402, 404, 467, -1,
      467, 404, 406, -1,
      467, 406, 466, -1,
      466, 406, 390, -1,
      466, 390, 465, -1,
      446, 447, 417, -1,
      417, 447, 448, -1,
      417, 448, 449, -1,
      449, 450, 417, -1,
      417, 450, 451, -1,
      417, 451, 442, -1,
      465, 390, 464, -1,
      464, 390, 392, -1,
      464, 392, 462, -1,
      462, 392, 393, -1,
      462, 393, 479, -1,
      479, 393, 394, -1,
      479, 394, 477, -1,
      477, 394, 395, -1,
      477, 395, 475, -1,
      475, 395, 396, -1,
      475, 396, 397, -1,
      490, 215, 491, -1,
      491, 215, 209, -1,
      492, 216, 490, -1,
      490, 216, 215, -1,
      493, 0, 492, -1,
      492, 0, 216, -1,
      494, 1, 493, -1,
      493, 1, 0, -1,
      495, 237, 496, -1,
      495, 496, 497, -1,
      497, 496, 498, -1,
      497, 498, 499, -1,
      499, 498, 500, -1,
      499, 500, 501, -1,
      501, 500, 502, -1,
      501, 502, 503, -1,
      503, 502, 504, -1,
      503, 504, 505, -1,
      505, 504, 1, -1,
      505, 1, 494, -1,
      506, 232, 507, -1,
      506, 507, 508, -1,
      508, 507, 509, -1,
      508, 509, 510, -1,
      510, 509, 223, -1,
      510, 223, 511, -1,
      511, 223, 231, -1,
      511, 231, 512, -1,
      512, 231, 241, -1,
      512, 241, 513, -1,
      513, 241, 240, -1,
      513, 240, 514, -1,
      514, 240, 239, -1,
      514, 239, 515, -1,
      515, 239, 238, -1,
      515, 238, 516, -1,
      516, 238, 237, -1,
      516, 237, 495, -1,
      517, 220, 243, -1,
      517, 243, 518, -1,
      518, 243, 242, -1,
      518, 242, 519, -1,
      519, 242, 233, -1,
      519, 233, 520, -1,
      520, 233, 232, -1,
      520, 232, 506, -1,
      521, 221, 517, -1,
      517, 221, 220, -1,
      522, 249, 523, -1,
      522, 523, 524, -1,
      524, 523, 525, -1,
      524, 525, 526, -1,
      526, 525, 527, -1,
      526, 527, 528, -1,
      528, 527, 529, -1,
      528, 529, 530, -1,
      530, 529, 531, -1,
      530, 531, 532, -1,
      532, 531, 533, -1,
      532, 533, 534, -1,
      534, 533, 221, -1,
      534, 221, 521, -1,
      535, 213, 536, -1,
      535, 536, 537, -1,
      537, 536, 235, -1,
      537, 235, 538, -1,
      538, 235, 234, -1,
      538, 234, 539, -1,
      539, 234, 222, -1,
      539, 222, 540, -1,
      540, 222, 541, -1,
      540, 541, 542, -1,
      542, 541, 249, -1,
      542, 249, 522, -1,
      543, 230, 544, -1,
      543, 544, 545, -1,
      545, 544, 229, -1,
      545, 229, 546, -1,
      546, 229, 228, -1,
      546, 228, 547, -1,
      547, 228, 227, -1,
      547, 227, 548, -1,
      548, 227, 226, -1,
      548, 226, 549, -1,
      549, 226, 214, -1,
      549, 214, 550, -1,
      550, 214, 213, -1,
      550, 213, 535, -1,
      551, 236, 543, -1,
      543, 236, 230, -1,
      552, 244, 551, -1,
      551, 244, 236, -1,
      553, 225, 554, -1,
      553, 554, 555, -1,
      555, 554, 260, -1,
      555, 260, 556, -1,
      556, 260, 259, -1,
      556, 259, 557, -1,
      557, 259, 254, -1,
      557, 254, 558, -1,
      558, 254, 559, -1,
      558, 559, 560, -1,
      560, 559, 211, -1,
      560, 211, 561, -1,
      561, 211, 562, -1,
      561, 562, 563, -1,
      563, 562, 244, -1,
      563, 244, 552, -1,
      564, 253, 565, -1,
      564, 565, 566, -1,
      566, 565, 224, -1,
      566, 224, 567, -1,
      567, 224, 248, -1,
      567, 248, 568, -1,
      568, 248, 247, -1,
      568, 247, 569, -1,
      569, 247, 246, -1,
      569, 246, 570, -1,
      570, 246, 255, -1,
      570, 255, 571, -1,
      571, 255, 261, -1,
      571, 261, 572, -1,
      572, 261, 225, -1,
      572, 225, 553, -1,
      573, 212, 574, -1,
      573, 574, 575, -1,
      575, 574, 576, -1,
      575, 576, 577, -1,
      577, 576, 578, -1,
      577, 578, 579, -1,
      579, 578, 580, -1,
      579, 580, 581, -1,
      581, 580, 582, -1,
      581, 582, 583, -1,
      583, 582, 253, -1,
      583, 253, 564, -1,
      584, 245, 573, -1,
      573, 245, 212, -1,
      585, 258, 257, -1,
      585, 257, 586, -1,
      586, 257, 256, -1,
      586, 256, 587, -1,
      587, 256, 252, -1,
      587, 252, 588, -1,
      588, 252, 251, -1,
      588, 251, 589, -1,
      589, 251, 250, -1,
      589, 250, 590, -1,
      590, 250, 245, -1,
      590, 245, 584, -1,
      591, 207, 592, -1,
      591, 592, 593, -1,
      593, 592, 594, -1,
      593, 594, 595, -1,
      595, 594, 596, -1,
      595, 596, 597, -1,
      597, 596, 598, -1,
      597, 598, 599, -1,
      599, 598, 600, -1,
      599, 600, 601, -1,
      601, 600, 602, -1,
      601, 602, 603, -1,
      603, 602, 604, -1,
      603, 604, 605, -1,
      605, 604, 258, -1,
      605, 258, 585, -1,
      606, 218, 217, -1,
      606, 217, 607, -1,
      607, 217, 210, -1,
      607, 210, 608, -1,
      608, 210, 208, -1,
      608, 208, 609, -1,
      609, 208, 207, -1,
      609, 207, 591, -1,
      610, 219, 606, -1,
      606, 219, 218, -1,
      610, 491, 219, -1,
      219, 491, 209, -1,
      492, 490, 610, -1,
      610, 490, 491, -1,
      501, 503, 610, -1,
      501, 610, 499, -1,
      563, 552, 551, -1,
      495, 593, 516, -1,
      516, 593, 595, -1,
      516, 595, 515, -1,
      499, 610, 497, -1,
      497, 610, 606, -1,
      497, 606, 607, -1,
      493, 492, 494, -1,
      494, 492, 610, -1,
      494, 610, 505, -1,
      505, 610, 503, -1,
      607, 608, 497, -1,
      497, 608, 609, -1,
      497, 609, 495, -1,
      495, 609, 591, -1,
      495, 591, 593, -1,
      601, 603, 512, -1,
      584, 518, 590, -1,
      590, 518, 519, -1,
      524, 526, 583, -1,
      512, 603, 511, -1,
      511, 603, 605, -1,
      511, 605, 510, -1,
      510, 605, 585, -1,
      510, 585, 508, -1,
      508, 585, 586, -1,
      508, 586, 506, -1,
      506, 586, 587, -1,
      506, 587, 520, -1,
      520, 587, 588, -1,
      520, 588, 519, -1,
      519, 588, 589, -1,
      519, 589, 590, -1,
      583, 526, 581, -1,
      581, 526, 528, -1,
      581, 528, 579, -1,
      579, 528, 530, -1,
      579, 530, 577, -1,
      577, 530, 532, -1,
      577, 532, 575, -1,
      575, 532, 534, -1,
      575, 534, 573, -1,
      573, 534, 521, -1,
      573, 521, 584, -1,
      584, 521, 517, -1,
      584, 517, 518, -1,
      512, 513, 601, -1,
      601, 513, 514, -1,
      601, 514, 599, -1,
      599, 514, 515, -1,
      599, 515, 597, -1,
      597, 515, 595, -1,
      535, 555, 550, -1,
      550, 555, 556, -1,
      550, 556, 549, -1,
      549, 556, 557, -1,
      549, 557, 548, -1,
      548, 557, 558, -1,
      548, 558, 547, -1,
      547, 558, 560, -1,
      547, 560, 546, -1,
      546, 560, 561, -1,
      546, 561, 545, -1,
      545, 561, 563, -1,
      545, 563, 543, -1,
      543, 563, 551, -1,
      583, 564, 524, -1,
      524, 564, 566, -1,
      524, 566, 522, -1,
      522, 566, 567, -1,
      522, 567, 542, -1,
      542, 567, 568, -1,
      542, 568, 540, -1,
      540, 568, 569, -1,
      540, 569, 539, -1,
      539, 569, 570, -1,
      539, 570, 538, -1,
      538, 570, 571, -1,
      538, 571, 537, -1,
      537, 571, 572, -1,
      537, 572, 535, -1,
      535, 572, 553, -1,
      535, 553, 555, -1,
      113, 611, 114, -1,
      114, 611, 612, -1,
      114, 612, 115, -1,
      115, 612, 613, -1,
      115, 613, 109, -1,
      109, 613, 614, -1,
      109, 614, 110, -1,
      110, 614, 615, -1,
      110, 615, 111, -1,
      111, 615, 616, -1,
      111, 616, 617, -1,
      617, 616, 618, -1,
      617, 618, 619, -1,
      619, 618, 620, -1,
      619, 620, 621, -1,
      621, 620, 622, -1,
      621, 622, 112, -1,
      623, 106, 624, -1,
      623, 624, 625, -1,
      625, 624, 626, -1,
      625, 626, 627, -1,
      627, 626, 628, -1,
      627, 628, 629, -1,
      628, 630, 629, -1,
      629, 630, 631, -1,
      629, 631, 632, -1,
      632, 631, 633, -1,
      632, 633, 634, -1,
      634, 633, 635, -1,
      634, 635, 636, -1,
      636, 635, 637, -1,
      636, 637, 638, -1,
      638, 637, 639, -1,
      638, 639, 640, -1,
      640, 639, 112, -1,
      640, 112, 622, -1,
      106, 623, 107, -1,
      107, 623, 641, -1,
      107, 641, 108, -1,
      108, 641, 642, -1,
      108, 642, 101, -1,
      101, 642, 643, -1,
      101, 643, 102, -1,
      102, 643, 644, -1,
      102, 644, 103, -1,
      103, 644, 645, -1,
      103, 645, 646, -1,
      646, 645, 647, -1,
      646, 647, 648, -1,
      648, 647, 649, -1,
      648, 649, 650, -1,
      650, 649, 651, -1,
      650, 651, 105, -1,
      611, 113, 652, -1,
      611, 652, 653, -1,
      652, 654, 653, -1,
      653, 654, 655, -1,
      653, 655, 656, -1,
      656, 655, 657, -1,
      656, 657, 658, -1,
      658, 657, 104, -1,
      658, 104, 659, -1,
      659, 104, 660, -1,
      659, 660, 661, -1,
      661, 660, 662, -1,
      661, 662, 663, -1,
      663, 662, 664, -1,
      663, 664, 665, -1,
      665, 664, 105, -1,
      665, 105, 651, -1,
      645, 666, 667, -1,
      612, 611, 668, -1,
      668, 611, 653, -1,
      668, 653, 669, -1,
      669, 653, 656, -1,
      669, 656, 670, -1,
      670, 656, 658, -1,
      670, 658, 671, -1,
      671, 658, 659, -1,
      671, 659, 672, -1,
      672, 659, 661, -1,
      672, 661, 673, -1,
      673, 661, 663, -1,
      673, 663, 674, -1,
      666, 645, 675, -1,
      675, 645, 644, -1,
      675, 644, 676, -1,
      676, 644, 643, -1,
      676, 643, 677, -1,
      677, 643, 642, -1,
      677, 642, 678, -1,
      678, 642, 641, -1,
      678, 641, 679, -1,
      674, 663, 680, -1,
      680, 663, 665, -1,
      680, 665, 681, -1,
      681, 665, 651, -1,
      681, 651, 682, -1,
      682, 651, 649, -1,
      682, 649, 667, -1,
      667, 649, 647, -1,
      667, 647, 645, -1,
      641, 623, 679, -1,
      679, 623, 625, -1,
      679, 625, 683, -1,
      683, 625, 627, -1,
      683, 627, 684, -1,
      684, 627, 629, -1,
      684, 629, 685, -1,
      685, 629, 632, -1,
      685, 632, 686, -1,
      686, 632, 634, -1,
      686, 634, 687, -1,
      687, 634, 636, -1,
      687, 636, 688, -1,
      688, 636, 638, -1,
      688, 638, 689, -1,
      689, 638, 640, -1,
      689, 640, 690, -1,
      668, 691, 612, -1,
      612, 691, 692, -1,
      612, 692, 613, -1,
      613, 692, 693, -1,
      613, 693, 614, -1,
      614, 693, 694, -1,
      614, 694, 615, -1,
      615, 694, 695, -1,
      615, 695, 616, -1,
      616, 695, 696, -1,
      616, 696, 618, -1,
      618, 696, 697, -1,
      618, 697, 620, -1,
      620, 697, 690, -1,
      620, 690, 622, -1,
      622, 690, 640, -1,
      697, 698, 699, -1,
      697, 699, 690, -1,
      690, 699, 700, -1,
      690, 700, 689, -1,
      689, 700, 701, -1,
      689, 701, 688, -1,
      688, 701, 702, -1,
      688, 702, 687, -1,
      687, 702, 703, -1,
      687, 703, 686, -1,
      686, 703, 704, -1,
      686, 704, 685, -1,
      685, 704, 705, -1,
      685, 705, 684, -1,
      684, 705, 706, -1,
      684, 706, 683, -1,
      683, 706, 707, -1,
      683, 707, 679, -1,
      668, 708, 709, -1,
      668, 709, 691, -1,
      691, 709, 710, -1,
      691, 710, 692, -1,
      692, 710, 711, -1,
      692, 711, 693, -1,
      693, 711, 712, -1,
      693, 712, 694, -1,
      694, 712, 713, -1,
      694, 713, 695, -1,
      695, 713, 714, -1,
      695, 714, 696, -1,
      696, 714, 698, -1,
      696, 698, 697, -1,
      681, 715, 716, -1,
      681, 716, 680, -1,
      680, 716, 717, -1,
      680, 717, 674, -1,
      674, 717, 718, -1,
      674, 718, 673, -1,
      673, 718, 719, -1,
      673, 719, 672, -1,
      672, 719, 720, -1,
      672, 720, 671, -1,
      671, 720, 721, -1,
      671, 721, 670, -1,
      670, 721, 722, -1,
      670, 722, 669, -1,
      669, 722, 708, -1,
      669, 708, 668, -1,
      679, 707, 723, -1,
      679, 723, 678, -1,
      678, 723, 724, -1,
      678, 724, 677, -1,
      677, 724, 725, -1,
      677, 725, 676, -1,
      676, 725, 726, -1,
      676, 726, 675, -1,
      675, 726, 727, -1,
      675, 727, 666, -1,
      666, 727, 728, -1,
      666, 728, 667, -1,
      667, 728, 729, -1,
      667, 729, 682, -1,
      682, 729, 715, -1,
      682, 715, 681, -1,
      730, 123, 731, -1,
      731, 123, 122, -1,
      731, 122, 732, -1,
      732, 122, 121, -1,
      732, 121, 733, -1,
      733, 121, 117, -1,
      733, 117, 734, -1,
      734, 117, 116, -1,
      734, 116, 735, -1,
      735, 116, 133, -1,
      735, 133, 736, -1,
      736, 133, 132, -1,
      736, 132, 737, -1,
      737, 132, 131, -1,
      737, 131, 738, -1,
      738, 131, 126, -1,
      738, 126, 739, -1,
      739, 126, 125, -1,
      739, 125, 740, -1,
      740, 125, 124, -1,
      740, 124, 741, -1,
      741, 124, 139, -1,
      741, 139, 742, -1,
      742, 139, 138, -1,
      742, 138, 743, -1,
      743, 138, 137, -1,
      743, 137, 744, -1,
      744, 137, 130, -1,
      744, 130, 745, -1,
      745, 130, 129, -1,
      745, 129, 746, -1,
      746, 129, 128, -1,
      746, 128, 747, -1,
      747, 128, 127, -1,
      747, 127, 748, -1,
      748, 127, 136, -1,
      748, 136, 749, -1,
      749, 136, 135, -1,
      749, 135, 750, -1,
      750, 135, 134, -1,
      750, 134, 751, -1,
      751, 134, 118, -1,
      751, 118, 752, -1,
      752, 118, 119, -1,
      752, 119, 753, -1,
      753, 119, 120, -1,
      753, 120, 730, -1,
      730, 120, 123, -1,
      752, 753, 754, -1,
      754, 753, 730, -1,
      754, 730, 731, -1,
      749, 750, 754, -1,
      754, 750, 751, -1,
      754, 751, 752, -1,
      746, 747, 754, -1,
      754, 747, 748, -1,
      754, 748, 749, -1,
      743, 744, 754, -1,
      754, 744, 745, -1,
      754, 745, 746, -1,
      740, 741, 754, -1,
      754, 741, 742, -1,
      754, 742, 743, -1,
      737, 738, 754, -1,
      754, 738, 739, -1,
      754, 739, 740, -1,
      734, 735, 754, -1,
      754, 735, 736, -1,
      754, 736, 737, -1,
      731, 732, 754, -1,
      754, 732, 733, -1,
      754, 733, 734, -1,
      755, 277, 276, -1,
      755, 276, 756, -1,
      756, 276, 275, -1,
      756, 275, 757, -1,
      757, 275, 274, -1,
      757, 274, 758, -1,
      758, 274, 269, -1,
      758, 269, 759, -1,
      759, 269, 268, -1,
      759, 268, 760, -1,
      760, 268, 267, -1,
      760, 267, 761, -1,
      762, 289, 288, -1,
      762, 288, 763, -1,
      763, 288, 287, -1,
      763, 287, 764, -1,
      764, 287, 286, -1,
      764, 286, 765, -1,
      765, 286, 280, -1,
      765, 280, 766, -1,
      766, 280, 279, -1,
      766, 279, 767, -1,
      767, 279, 278, -1,
      767, 278, 768, -1,
      768, 278, 277, -1,
      768, 277, 755, -1,
      769, 283, 770, -1,
      769, 770, 771, -1,
      771, 770, 772, -1,
      771, 772, 773, -1,
      773, 772, 774, -1,
      773, 774, 775, -1,
      775, 774, 776, -1,
      775, 776, 777, -1,
      777, 776, 289, -1,
      777, 289, 762, -1,
      778, 284, 769, -1,
      769, 284, 283, -1,
      779, 270, 780, -1,
      779, 780, 781, -1,
      781, 780, 782, -1,
      781, 782, 783, -1,
      783, 782, 784, -1,
      783, 784, 785, -1,
      785, 784, 786, -1,
      785, 786, 787, -1,
      787, 786, 788, -1,
      787, 788, 789, -1,
      789, 788, 284, -1,
      789, 284, 778, -1,
      790, 272, 791, -1,
      790, 791, 792, -1,
      792, 791, 793, -1,
      792, 793, 794, -1,
      794, 793, 795, -1,
      794, 795, 796, -1,
      796, 795, 271, -1,
      796, 271, 797, -1,
      797, 271, 798, -1,
      797, 798, 799, -1,
      799, 798, 270, -1,
      799, 270, 779, -1,
      800, 285, 801, -1,
      800, 801, 802, -1,
      802, 801, 282, -1,
      802, 282, 803, -1,
      803, 282, 281, -1,
      803, 281, 804, -1,
      804, 281, 263, -1,
      804, 263, 805, -1,
      805, 263, 262, -1,
      805, 262, 806, -1,
      806, 262, 273, -1,
      806, 273, 807, -1,
      807, 273, 272, -1,
      807, 272, 790, -1,
      808, 265, 809, -1,
      808, 809, 810, -1,
      810, 809, 811, -1,
      810, 811, 812, -1,
      812, 811, 813, -1,
      812, 813, 814, -1,
      814, 813, 815, -1,
      814, 815, 816, -1,
      816, 815, 285, -1,
      816, 285, 800, -1,
      817, 266, 808, -1,
      808, 266, 265, -1,
      761, 267, 818, -1,
      761, 818, 819, -1,
      819, 818, 820, -1,
      819, 820, 821, -1,
      821, 820, 822, -1,
      821, 822, 823, -1,
      823, 822, 824, -1,
      823, 824, 825, -1,
      825, 824, 264, -1,
      825, 264, 826, -1,
      826, 264, 266, -1,
      826, 266, 817, -1,
      827, 828, 817, -1,
      817, 828, 778, -1,
      817, 778, 769, -1,
      829, 830, 817, -1,
      805, 831, 804, -1,
      804, 831, 832, -1,
      833, 769, 834, -1,
      834, 769, 771, -1,
      834, 771, 835, -1,
      835, 771, 773, -1,
      835, 773, 836, -1,
      836, 773, 775, -1,
      836, 775, 837, -1,
      837, 775, 777, -1,
      837, 777, 838, -1,
      838, 777, 762, -1,
      838, 762, 839, -1,
      839, 762, 763, -1,
      839, 763, 840, -1,
      840, 763, 764, -1,
      840, 764, 841, -1,
      841, 764, 765, -1,
      841, 765, 842, -1,
      842, 765, 766, -1,
      842, 766, 843, -1,
      843, 766, 767, -1,
      843, 767, 844, -1,
      844, 767, 768, -1,
      844, 768, 845, -1,
      845, 768, 755, -1,
      845, 755, 846, -1,
      846, 755, 756, -1,
      846, 756, 847, -1,
      847, 756, 757, -1,
      847, 757, 848, -1,
      848, 757, 758, -1,
      848, 758, 849, -1,
      849, 758, 759, -1,
      849, 759, 850, -1,
      828, 851, 778, -1,
      778, 851, 852, -1,
      778, 852, 789, -1,
      781, 783, 853, -1,
      827, 817, 854, -1,
      854, 817, 808, -1,
      854, 808, 855, -1,
      855, 808, 810, -1,
      855, 810, 856, -1,
      856, 810, 812, -1,
      856, 812, 857, -1,
      857, 812, 814, -1,
      857, 814, 858, -1,
      858, 814, 816, -1,
      858, 816, 859, -1,
      859, 816, 800, -1,
      859, 800, 860, -1,
      860, 800, 802, -1,
      860, 802, 832, -1,
      832, 802, 803, -1,
      832, 803, 804, -1,
      759, 760, 850, -1,
      850, 760, 761, -1,
      850, 761, 861, -1,
      861, 761, 819, -1,
      861, 819, 862, -1,
      862, 819, 821, -1,
      862, 821, 863, -1,
      863, 821, 823, -1,
      863, 823, 864, -1,
      864, 823, 825, -1,
      864, 825, 865, -1,
      865, 825, 826, -1,
      865, 826, 866, -1,
      866, 826, 817, -1,
      866, 817, 867, -1,
      867, 817, 830, -1,
      853, 783, 868, -1,
      833, 869, 769, -1,
      769, 869, 870, -1,
      769, 870, 817, -1,
      817, 870, 871, -1,
      817, 871, 829, -1,
      852, 872, 789, -1,
      789, 872, 873, -1,
      789, 873, 787, -1,
      787, 873, 868, -1,
      787, 868, 785, -1,
      785, 868, 783, -1,
      853, 874, 781, -1,
      781, 874, 875, -1,
      781, 875, 779, -1,
      779, 875, 876, -1,
      779, 876, 799, -1,
      799, 876, 877, -1,
      799, 877, 797, -1,
      797, 877, 878, -1,
      797, 878, 796, -1,
      796, 878, 879, -1,
      796, 879, 794, -1,
      794, 879, 880, -1,
      794, 880, 792, -1,
      792, 880, 881, -1,
      792, 881, 790, -1,
      790, 881, 882, -1,
      790, 882, 807, -1,
      807, 882, 883, -1,
      807, 883, 806, -1,
      806, 883, 884, -1,
      806, 884, 805, -1,
      805, 884, 885, -1,
      805, 885, 831, -1,
      860, 886, 887, -1,
      860, 887, 859, -1,
      859, 887, 888, -1,
      859, 888, 858, -1,
      858, 888, 889, -1,
      858, 889, 857, -1,
      857, 889, 890, -1,
      857, 890, 856, -1,
      856, 890, 891, -1,
      856, 891, 855, -1,
      855, 891, 892, -1,
      855, 892, 854, -1,
      854, 892, 893, -1,
      854, 893, 827, -1,
      827, 893, 894, -1,
      827, 894, 828, -1,
      882, 895, 896, -1,
      882, 896, 883, -1,
      883, 896, 897, -1,
      883, 897, 884, -1,
      884, 897, 898, -1,
      884, 898, 885, -1,
      885, 898, 899, -1,
      885, 899, 831, -1,
      831, 899, 900, -1,
      831, 900, 832, -1,
      832, 900, 886, -1,
      832, 886, 860, -1,
      874, 901, 902, -1,
      874, 902, 875, -1,
      875, 902, 903, -1,
      875, 903, 876, -1,
      876, 903, 904, -1,
      876, 904, 877, -1,
      877, 904, 905, -1,
      877, 905, 878, -1,
      878, 905, 906, -1,
      878, 906, 879, -1,
      879, 906, 907, -1,
      879, 907, 880, -1,
      880, 907, 908, -1,
      880, 908, 881, -1,
      881, 908, 895, -1,
      881, 895, 882, -1,
      828, 894, 909, -1,
      828, 909, 851, -1,
      851, 909, 910, -1,
      851, 910, 852, -1,
      852, 910, 911, -1,
      852, 911, 872, -1,
      872, 911, 912, -1,
      872, 912, 873, -1,
      873, 912, 913, -1,
      873, 913, 868, -1,
      868, 913, 914, -1,
      868, 914, 853, -1,
      853, 914, 901, -1,
      853, 901, 874, -1,
      839, 915, 916, -1,
      839, 916, 838, -1,
      838, 916, 917, -1,
      838, 917, 837, -1,
      837, 917, 918, -1,
      837, 918, 836, -1,
      836, 918, 919, -1,
      836, 919, 835, -1,
      835, 919, 920, -1,
      835, 920, 834, -1,
      834, 920, 921, -1,
      834, 921, 833, -1,
      833, 921, 922, -1,
      833, 922, 869, -1,
      869, 922, 923, -1,
      869, 923, 870, -1,
      870, 923, 924, -1,
      870, 924, 871, -1,
      845, 925, 926, -1,
      845, 926, 844, -1,
      844, 926, 927, -1,
      844, 927, 843, -1,
      843, 927, 928, -1,
      843, 928, 842, -1,
      842, 928, 929, -1,
      842, 929, 841, -1,
      841, 929, 930, -1,
      841, 930, 840, -1,
      840, 930, 915, -1,
      840, 915, 839, -1,
      862, 931, 932, -1,
      862, 932, 861, -1,
      861, 932, 933, -1,
      861, 933, 850, -1,
      850, 933, 934, -1,
      850, 934, 849, -1,
      849, 934, 935, -1,
      849, 935, 848, -1,
      848, 935, 936, -1,
      848, 936, 847, -1,
      847, 936, 937, -1,
      847, 937, 846, -1,
      846, 937, 925, -1,
      846, 925, 845, -1,
      871, 924, 938, -1,
      871, 938, 829, -1,
      829, 938, 939, -1,
      829, 939, 830, -1,
      830, 939, 940, -1,
      830, 940, 867, -1,
      867, 940, 941, -1,
      867, 941, 866, -1,
      866, 941, 942, -1,
      866, 942, 865, -1,
      865, 942, 943, -1,
      865, 943, 864, -1,
      864, 943, 944, -1,
      864, 944, 863, -1,
      863, 944, 931, -1,
      863, 931, 862, -1,
    ]
  }
}

Shape {
  appearance Appearance {
    material Material {
      diffuseColor 0.1176 0.1176 0.1765
      specularColor 0.0588 0.0588 0.0863
      ambientIntensity 0.2
      transparency 0.0000
      shininess 0.5
    }
  }
  geometry IndexedFaceSet {
    ccw TRUE
    solid FALSE
    coord DEF co Coordinate {
      point [
        -0.170207 0.007080 0.157480,
        -0.168608 -0.002411 0.157480,
        -0.169231 -0.012828 0.157480,
        -0.171490 -0.020542 0.157480,
        -0.174009 -0.024865 0.157480,
        -0.175780 -0.026847 0.157480,
        -0.178710 -0.028981 0.157480,
        -0.181900 -0.030278 0.157480,
        -0.185835 -0.030796 0.157480,
        -0.186515 0.022885 0.157480,
        -0.183322 0.022758 0.157480,
        -0.180438 0.021990 0.157480,
        -0.178500 0.020887 0.157480,
        -0.176317 0.018780 0.157480,
        -0.173425 0.014560 0.157480,
        -0.202496 -0.003792 0.157480,
        -0.202381 -0.000853 0.157480,
        -0.200711 0.008941 0.157480,
        -0.198706 0.014477 0.157480,
        -0.196687 0.018151 0.157480,
        -0.194978 0.020026 0.157480,
        -0.192854 0.021428 0.157480,
        -0.189881 0.022491 0.157480,
        -0.188770 -0.030372 0.157480,
        -0.191443 -0.029361 0.157480,
        -0.193805 -0.027717 0.157480,
        -0.196352 -0.024973 0.157480,
        -0.198860 -0.020693 0.157480,
        -0.201561 -0.012696 0.157480,
      ]
    }
    coordIndex [
      18, 17, 1, -1,
      1, 17, 16, -1,
      1, 16, 15, -1,
      4, 3, 15, -1,
      15, 3, 2, -1,
      15, 2, 1, -1,
      0, 9, 1, -1,
      1, 9, 22, -1,
      1, 22, 21, -1,
      0, 14, 9, -1,
      9, 14, 13, -1,
      9, 13, 10, -1,
      10, 13, 12, -1,
      10, 12, 11, -1,
      21, 20, 1, -1,
      1, 20, 19, -1,
      1, 19, 18, -1,
      15, 28, 4, -1,
      4, 28, 27, -1,
      4, 27, 5, -1,
      5, 27, 26, -1,
      26, 25, 5, -1,
      5, 25, 24, -1,
      5, 24, 23, -1,
      8, 7, 23, -1,
      23, 7, 6, -1,
      23, 6, 5, -1,
    ]
  }
}

Shape {
  appearance Appearance {
    material Material {
      diffuseColor 1.0000 0.9490 0.8980
      specularColor 0.0118 0.0078 0.0078
      ambientIntensity 0.2
      transparency 0.0000
      shininess 0.5
    }
  }
  geometry IndexedFaceSet {
    ccw TRUE
    solid FALSE
    coord DEF co Coordinate {
      point [
        -0.060539 0.029710 0.157480,
        -0.058200 -0.082176 0.157480,
        -0.058287 -0.082263 0.157480,
        -0.027030 -0.081081 0.157480,
        -0.058967 0.010327 0.157480,
        -0.058967 -0.060695 0.157480,
        -0.027358 -0.080141 0.157480,
        -0.058678 -0.069578 0.157480,
        -0.057432 -0.078363 0.157480,
        -0.056921 -0.080141 0.157480,
        -0.056752 -0.080728 0.157480,
        -0.022317 0.019620 0.157480,
        -0.022194 0.018645 0.157480,
        -0.025911 0.029710 0.157480,
        -0.025658 0.029153 0.157480,
        -0.022335 0.017560 0.157480,
        -0.023437 0.013036 0.157480,
        -0.024455 0.003016 0.157480,
        -0.024463 0.001141 0.157480,
        -0.024463 -0.080141 0.157480,
        -0.024463 -0.081081 0.157480,
        -0.025494 0.028674 0.157480,
        -0.022776 0.021023 0.157480,
        -0.027866 0.032156 0.157480,
        -0.027805 0.032171 0.157480,
        -0.061006 0.031040 0.157480,
        -0.063548 0.031040 0.157480,
        -0.026565 0.031148 0.157480,
        -0.027039 0.031787 0.157480,
        -0.028042 0.031985 0.157480,
        -0.027972 0.032081 0.157480,
        -0.027919 0.032128 0.157480,
        -0.027714 0.032172 0.157480,
        -0.027571 0.032138 0.157480,
        -0.027329 0.032019 0.157480,
        -0.028126 0.031802 0.157480,
        -0.029068 -0.060016 0.157480,
        -0.029068 0.017273 0.157480,
        -0.063548 0.029710 0.157480,
        -0.063548 -0.060871 0.157480,
        -0.063964 -0.067168 0.157480,
        -0.058359 -0.082176 0.157480,
        -0.060007 -0.080141 0.157480,
        -0.065586 -0.073254 0.157480,
        -0.075854 -0.016023 0.157480,
        -0.148890 -0.016023 0.157480,
        -0.148890 -0.008700 0.157480,
        -0.075854 -0.008700 0.157480,
        -0.148890 -0.008700 0.153543,
        -0.148890 -0.016023 0.153543,
        -0.075854 -0.008700 0.153543,
        -0.075854 -0.016023 0.153543,
        -0.058287 -0.082263 0.153543,
        -0.065586 -0.073254 0.153543,
        -0.063548 -0.060871 0.153543,
        -0.063964 -0.067168 0.153543,
        -0.063548 0.031040 0.153543,
        -0.061006 0.031040 0.153543,
        -0.029068 -0.060016 0.153543,
        -0.029068 0.017273 0.153543,
        -0.025494 0.028674 0.153543,
        -0.025658 0.029153 0.153543,
        -0.026565 0.031148 0.153543,
        -0.027039 0.031787 0.153543,
        -0.027329 0.032019 0.153543,
        -0.027571 0.032138 0.153543,
        -0.027714 0.032172 0.153543,
        -0.027805 0.032171 0.153543,
        -0.027866 0.032156 0.153543,
        -0.027919 0.032128 0.153543,
        -0.027972 0.032081 0.153543,
        -0.028042 0.031985 0.153543,
        -0.028126 0.031802 0.153543,
        -0.028457 0.029710 0.157480,
        -0.028503 0.029422 0.153543,
        -0.028503 0.029422 0.157480,
        -0.028874 0.024142 0.157480,
        -0.028874 0.024142 0.153543,
        -0.022776 0.021023 0.153543,
        -0.024463 0.001141 0.153543,
        -0.024455 0.003016 0.153543,
        -0.023437 0.013036 0.153543,
        -0.022335 0.017560 0.153543,
        -0.022194 0.018645 0.153543,
        -0.022317 0.019620 0.153543,
        -0.024463 -0.081081 0.153543,
        -0.027030 -0.081081 0.153543,
        -0.058967 0.010327 0.153543,
        -0.058967 -0.060695 0.153543,
        -0.057432 -0.078363 0.153543,
        -0.058678 -0.069578 0.153543,
        -0.056752 -0.080728 0.153543,
      ]
    }
    coordIndex [
      48, 46, 49, -1,
      49, 46, 45, -1,
      50, 47, 48, -1,
      48, 47, 46, -1,
      51, 44, 50, -1,
      50, 44, 47, -1,
      51, 49, 44, -1,
      44, 49, 45, -1,
      48, 49, 50, -1,
      50, 49, 51, -1,
      52, 53, 43, -1,
      43, 42, 52, -1,
      52, 42, 41, -1,
      52, 41, 2, -1,
      54, 39, 40, -1,
      54, 40, 55, -1,
      55, 40, 43, -1,
      55, 43, 53, -1,
      39, 54, 38, -1,
      38, 54, 56, -1,
      38, 56, 26, -1,
      57, 25, 56, -1,
      56, 25, 26, -1,
      25, 57, 0, -1,
      0, 57, 58, -1,
      0, 58, 36, -1,
      59, 37, 58, -1,
      58, 37, 36, -1,
      60, 21, 14, -1,
      60, 14, 61, -1,
      61, 14, 13, -1,
      61, 13, 62, -1,
      13, 27, 62, -1,
      62, 27, 28, -1,
      62, 28, 63, -1,
      63, 28, 34, -1,
      63, 34, 64, -1,
      64, 34, 33, -1,
      64, 33, 65, -1,
      65, 33, 32, -1,
      65, 32, 66, -1,
      66, 32, 24, -1,
      66, 24, 67, -1,
      67, 24, 23, -1,
      67, 23, 68, -1,
      68, 23, 31, -1,
      68, 31, 69, -1,
      69, 31, 30, -1,
      69, 30, 70, -1,
      70, 30, 29, -1,
      70, 29, 71, -1,
      71, 29, 35, -1,
      71, 35, 72, -1,
      72, 35, 73, -1,
      72, 73, 74, -1,
      73, 75, 74, -1,
      74, 75, 76, -1,
      74, 76, 77, -1,
      77, 76, 37, -1,
      77, 37, 59, -1,
      78, 22, 60, -1,
      60, 22, 21, -1,
      79, 18, 17, -1,
      79, 17, 80, -1,
      80, 17, 16, -1,
      80, 16, 81, -1,
      81, 16, 15, -1,
      81, 15, 82, -1,
      82, 15, 12, -1,
      82, 12, 83, -1,
      83, 12, 11, -1,
      83, 11, 84, -1,
      84, 11, 22, -1,
      84, 22, 78, -1,
      18, 79, 19, -1,
      19, 79, 85, -1,
      19, 85, 20, -1,
      86, 3, 85, -1,
      85, 3, 20, -1,
      3, 86, 6, -1,
      6, 86, 87, -1,
      6, 87, 4, -1,
      88, 5, 87, -1,
      87, 5, 4, -1,
      89, 8, 7, -1,
      89, 7, 90, -1,
      90, 7, 5, -1,
      90, 5, 88, -1,
      8, 89, 9, -1,
      9, 89, 91, -1,
      9, 91, 10, -1,
      10, 91, 1, -1,
      1, 91, 52, -1,
      1, 52, 2, -1,
      87, 56, 54, -1,
      52, 91, 53, -1,
      53, 91, 89, -1,
      53, 89, 55, -1,
      55, 89, 90, -1,
      55, 90, 54, -1,
      54, 90, 88, -1,
      54, 88, 87, -1,
      77, 59, 78, -1,
      86, 58, 87, -1,
      87, 58, 57, -1,
      87, 57, 56, -1,
      86, 85, 58, -1,
      58, 85, 79, -1,
      58, 79, 59, -1,
      79, 80, 59, -1,
      59, 80, 81, -1,
      59, 81, 82, -1,
      77, 78, 74, -1,
      82, 83, 59, -1,
      59, 83, 84, -1,
      59, 84, 78, -1,
      78, 60, 74, -1,
      74, 60, 61, -1,
      74, 61, 72, -1,
      72, 61, 62, -1,
      72, 62, 71, -1,
      62, 63, 71, -1,
      71, 63, 64, -1,
      71, 64, 70, -1,
      70, 64, 65, -1,
      65, 66, 67, -1,
      67, 68, 65, -1,
      65, 68, 69, -1,
      65, 69, 70, -1,
    ]
  }
}

Shape {
  appearance Appearance {
    material Material {
      diffuseColor 0.1176 0.1176 0.1765
      specularColor 0.0588 0.0588 0.0863
      ambientIntensity 0.2
      transparency 0.0000
      shininess 0.5
    }
  }
  geometry IndexedFaceSet {
    ccw TRUE
    solid FALSE
    coord DEF co Coordinate {
      point [
        -0.008456 -0.038774 0.157480,
        -0.009028 -0.024068 0.157480,
        -0.007550 -0.009693 0.157480,
        -0.004734 0.002744 0.157480,
        -0.000567 0.013139 0.157480,
        0.003643 0.019612 0.157480,
        0.005583 0.021472 0.157480,
        0.007899 0.022857 0.157480,
        0.010457 0.023670 0.157480,
        0.012609 0.023741 0.157480,
        0.009060 -0.073933 0.157480,
        0.008084 -0.073785 0.157480,
        0.006277 -0.073174 0.157480,
        0.003043 -0.071130 0.157480,
        0.000509 -0.068450 0.157480,
        -0.002699 -0.062513 0.157480,
        -0.006259 -0.051741 0.157480,
        0.030452 -0.026543 0.157480,
        0.029779 -0.035026 0.157480,
        0.027426 -0.049697 0.157480,
        0.025763 -0.055426 0.157480,
        0.021553 -0.064390 0.157480,
        0.017260 -0.070189 0.157480,
        0.014962 -0.072033 0.157480,
        0.011919 -0.073417 0.157480,
        0.014012 0.023497 0.157480,
        0.015992 0.022702 0.157480,
        0.018897 0.020775 0.157480,
        0.021181 0.018322 0.157480,
        0.024815 0.011611 0.157480,
        0.027999 0.001714 0.157480,
        0.030312 -0.012649 0.157480,
        -0.196884 -0.062910 0.157480,
        -0.197934 -0.055756 0.157480,
        -0.196881 -0.046518 0.157480,
        -0.195217 -0.041706 0.157480,
        -0.193776 -0.039494 0.157480,
        -0.192818 -0.038495 0.157480,
        -0.191547 -0.037579 0.157480,
        -0.190033 -0.036990 0.157480,
        -0.187952 -0.036673 0.157480,
        -0.185156 -0.036560 0.157480,
        -0.184326 -0.073254 0.157480,
        -0.187065 -0.072934 0.157480,
        -0.190018 -0.071903 0.157480,
        -0.192479 -0.070389 0.157480,
        -0.193899 -0.068935 0.157480,
        -0.195302 -0.066650 0.157480,
        -0.171742 -0.052717 0.157480,
        -0.171902 -0.059583 0.157480,
        -0.173517 -0.064993 0.157480,
        -0.175913 -0.068897 0.157480,
        -0.178046 -0.071149 0.157480,
        -0.179636 -0.072196 0.157480,
        -0.181585 -0.072897 0.157480,
        -0.184483 -0.036537 0.157480,
        -0.180690 -0.036821 0.157480,
        -0.179302 -0.037272 0.157480,
        -0.178180 -0.037967 0.157480,
        -0.176899 -0.039213 0.157480,
        -0.174496 -0.042626 0.157480,
        -0.172715 -0.046844 0.157480,
      ]
    }
    coordIndex [
      19, 18, 1, -1,
      1, 18, 17, -1,
      1, 17, 2, -1,
      14, 13, 20, -1,
      13, 12, 20, -1,
      20, 12, 11, -1,
      20, 11, 21, -1,
      21, 11, 10, -1,
      27, 26, 4, -1,
      1, 0, 19, -1,
      19, 0, 16, -1,
      19, 16, 20, -1,
      20, 16, 15, -1,
      20, 15, 14, -1,
      10, 24, 21, -1,
      21, 24, 23, -1,
      21, 23, 22, -1,
      17, 31, 2, -1,
      2, 31, 30, -1,
      2, 30, 3, -1,
      3, 30, 29, -1,
      3, 29, 4, -1,
      4, 29, 28, -1,
      4, 28, 27, -1,
      6, 9, 7, -1,
      7, 9, 8, -1,
      26, 25, 4, -1,
      4, 25, 9, -1,
      4, 9, 5, -1,
      5, 9, 6, -1,
      49, 48, 42, -1,
      42, 59, 58, -1,
      45, 44, 40, -1,
      55, 41, 42, -1,
      42, 41, 40, -1,
      42, 40, 43, -1,
      43, 40, 44, -1,
      48, 61, 42, -1,
      42, 61, 60, -1,
      42, 60, 59, -1,
      58, 57, 42, -1,
      42, 57, 56, -1,
      42, 56, 55, -1,
      39, 38, 47, -1,
      47, 38, 37, -1,
      47, 37, 36, -1,
      39, 47, 40, -1,
      40, 47, 46, -1,
      40, 46, 45, -1,
      53, 52, 54, -1,
      54, 52, 51, -1,
      54, 51, 42, -1,
      42, 51, 50, -1,
      42, 50, 49, -1,
      36, 35, 47, -1,
      47, 35, 34, -1,
      47, 34, 32, -1,
      32, 34, 33, -1,
    ]
  }
}

Shape {
  appearance Appearance {
    material Material {
      diffuseColor 1.0000 0.9490 0.8980
      specularColor 0.0118 0.0078 0.0078
      ambientIntensity 0.2
      transparency 0.0000
      shininess 0.5
    }
  }
  geometry IndexedFaceSet {
    ccw TRUE
    solid FALSE
    coord DEF co Coordinate {
      point [
        0.014016 -0.023411 0.019685,
        0.029146 -0.021761 0.019685,
        0.011715 -0.024193 0.019685,
        0.029246 -0.021954 0.019685,
        0.029320 -0.022035 0.019685,
        -0.007778 0.027185 0.019685,
        -0.007688 0.027526 0.019685,
        0.000695 0.029706 0.019685,
        0.047494 0.023087 0.019685,
        0.047555 0.027231 0.019685,
        0.048173 0.031317 0.019685,
        0.047668 -0.020285 0.019685,
        0.047657 -0.020150 0.019685,
        0.047494 -0.015142 0.019685,
        0.010460 0.030637 0.019685,
        0.007998 0.029993 0.019685,
        -0.000576 -0.003414 0.019685,
        0.000695 0.007030 0.019685,
        0.000783 -0.003339 0.019685,
        0.002306 0.007030 0.019685,
        0.019349 0.016921 0.019685,
        -0.030560 -0.020860 0.019685,
        -0.030501 -0.020906 0.019685,
        0.006090 0.028967 0.019685,
        0.004259 0.027311 0.019685,
        0.001966 0.029706 0.019685,
        0.003325 0.026057 0.019685,
        0.002570 0.024698 0.019685,
        0.045279 -0.020490 0.019685,
        0.038741 -0.019954 0.019685,
        0.045279 0.022823 0.019685,
        0.035625 -0.019465 0.019685,
        0.019007 -0.017810 0.019685,
        0.021345 -0.010937 0.019685,
        0.029434 -0.020851 0.019685,
        -0.007678 0.027761 0.019685,
        -0.007670 0.027930 0.019685,
        -0.007668 0.028108 0.019685,
        0.001749 -0.011415 0.019685,
        -0.030758 -0.020310 0.019685,
        -0.030750 -0.020461 0.019685,
        -0.009704 -0.024023 0.019685,
        -0.009470 -0.023925 0.019685,
        0.007151 -0.023922 0.019685,
        -0.009273 -0.023779 0.019685,
        -0.009143 -0.023619 0.019685,
        0.044008 0.028183 0.019685,
        0.029721 -0.020559 0.019685,
        0.022410 -0.004093 0.019685,
        0.032632 -0.017948 0.019685,
        0.022352 0.012215 0.019685,
        0.015739 -0.022342 0.019685,
        0.017184 -0.020826 0.019685,
        0.029188 -0.021451 0.019685,
        0.029302 -0.021074 0.019685,
        -0.007969 0.026804 0.019685,
        -0.008316 0.026345 0.019685,
        -0.007683 0.028163 0.019685,
        -0.007709 0.028211 0.019685,
        -0.007759 0.028265 0.019685,
        -0.013172 0.027919 0.019685,
        -0.008124 0.028383 0.019685,
        -0.012920 0.027919 0.019685,
        -0.008416 0.028347 0.019685,
        -0.011470 0.027918 0.019685,
        -0.010026 0.028095 0.019685,
        -0.028605 0.005543 0.019685,
        -0.028513 0.005406 0.019685,
        -0.028033 -0.017004 0.019685,
        -0.028386 0.005291 0.019685,
        -0.028283 0.005231 0.019685,
        -0.012241 0.005923 0.019685,
        -0.019376 0.006854 0.019685,
        -0.012241 0.024610 0.019685,
        -0.022321 0.007452 0.019685,
        -0.025831 0.009069 0.019685,
        -0.028298 0.027076 0.019685,
        -0.026939 0.026900 0.019685,
        -0.026259 0.030977 0.019685,
        -0.028713 0.028435 0.019685,
        0.010460 -0.021509 0.019685,
        0.002928 -0.016293 0.019685,
        0.004013 -0.018314 0.019685,
        0.044599 -0.023636 0.019685,
        0.046562 -0.023800 0.019685,
        0.047155 -0.023937 0.019685,
        -0.009033 -0.023383 0.019685,
        -0.008968 -0.023051 0.019685,
        0.047494 -0.023894 0.019685,
        0.047593 -0.023843 0.019685,
        0.047928 -0.022704 0.019685,
        0.047948 -0.023203 0.019685,
        0.048337 0.032172 0.019685,
        0.047745 0.032852 0.019685,
        0.034511 -0.019192 0.019685,
        0.033863 -0.018854 0.019685,
        0.032997 -0.018115 0.019685,
        -0.014836 0.027948 0.019685,
        -0.016482 0.028183 0.019685,
        -0.019804 0.028775 0.019685,
        -0.012241 0.002953 0.019685,
        -0.012241 -0.020062 0.019685,
        -0.024900 -0.018288 0.019685,
        -0.024206 0.008121 0.019685,
        -0.025064 0.008641 0.019685,
        -0.022937 0.026396 0.019685,
        -0.024939 0.026640 0.019685,
        -0.029003 0.027441 0.019685,
        -0.029042 0.027557 0.019685,
        -0.029053 0.027674 0.019685,
        -0.030727 -0.020139 0.019685,
        -0.028693 0.027148 0.019685,
        -0.030646 -0.019957 0.019685,
        0.020067 0.012725 0.019685,
        0.001211 -0.007831 0.019685,
        0.020401 -0.000960 0.019685,
        0.008534 -0.021357 0.019685,
        0.006698 -0.020675 0.019685,
        0.005213 -0.019659 0.019685,
        0.004963 0.024636 0.019685,
        0.029446 -0.022119 0.019685,
        0.029670 -0.022202 0.019685,
        0.029846 -0.022232 0.019685,
        0.036097 -0.022879 0.019685,
        0.034620 -0.022721 0.019685,
        0.031101 -0.022237 0.019685,
        0.047681 -0.023765 0.019685,
        0.047783 -0.023630 0.019685,
        0.047903 -0.023402 0.019685,
        0.044911 0.026283 0.019685,
        -0.028122 0.005178 0.019685,
        -0.027870 0.005156 0.019685,
        -0.027279 -0.017432 0.019685,
        -0.026128 -0.017969 0.019685,
        -0.029034 0.027798 0.019685,
        -0.028935 0.027335 0.019685,
        -0.028839 0.027240 0.019685,
        -0.030412 -0.019647 0.019685,
        -0.028676 0.005834 0.019685,
        -0.028657 0.005681 0.019685,
        0.005970 0.025971 0.019685,
        0.017385 0.022589 0.019685,
        0.015917 0.024908 0.019685,
        -0.030701 -0.020624 0.019685,
        -0.030616 -0.020790 0.019685,
        -0.009557 -0.020224 0.019685,
        -0.009775 -0.018024 0.019685,
        0.045255 0.023869 0.019685,
        0.030652 -0.019698 0.019685,
        -0.028877 0.028156 0.019685,
        -0.028978 0.027952 0.019685,
        -0.010004 -0.024070 0.019685,
        -0.010411 -0.024041 0.019685,
        -0.009775 -0.016413 0.019685,
        -0.009826 -0.015350 0.019685,
        -0.009863 -0.014286 0.019685,
        -0.009775 0.024610 0.019685,
        -0.008862 0.025667 0.019685,
        -0.007846 0.028324 0.019685,
        -0.007968 0.028368 0.019685,
        -0.028478 0.006363 0.019685,
        -0.028591 0.006169 0.019685,
        -0.028529 0.027097 0.019685,
        -0.028657 0.005985 0.019685,
        0.009780 0.027844 0.019685,
        0.011557 0.027734 0.019685,
        0.008365 0.027519 0.019685,
        0.013062 0.027215 0.019685,
        0.014503 0.026320 0.019685,
        0.041038 -0.023296 0.019685,
        0.009277 -0.024315 0.019685,
        0.047364 -0.023928 0.019685,
        -0.009007 -0.022365 0.019685,
        0.003600 -0.021705 0.019685,
        -0.028298 0.006602 0.019685,
        -0.022729 0.029367 0.019685,
        -0.025074 0.030221 0.019685,
        -0.025492 0.030474 0.019685,
        -0.030406 -0.020947 0.019685,
        -0.030127 -0.020996 0.019685,
        -0.029909 -0.021006 0.019685,
        -0.015802 -0.022869 0.019685,
        -0.011901 -0.023548 0.019685,
        -0.010972 -0.023891 0.019685,
        -0.028637 -0.021081 0.019685,
        -0.022206 -0.021871 0.019685,
        -0.079904 0.031657 0.019685,
        -0.093162 -0.017045 0.019685,
        -0.093252 -0.017195 0.019685,
        -0.093293 -0.017323 0.019685,
        -0.093304 -0.017516 0.019685,
        -0.093231 -0.018380 0.019685,
        -0.093208 -0.018730 0.019685,
        -0.093154 -0.019647 0.019685,
        -0.092814 -0.023460 0.019685,
        -0.037143 -0.020173 0.019685,
        -0.037185 -0.020121 0.019685,
        -0.037320 0.028183 0.019685,
        -0.037195 0.028078 0.019685,
        -0.037078 0.027942 0.019685,
        -0.081086 0.031657 0.019685,
        -0.089329 -0.004773 0.019685,
        -0.090348 -0.009026 0.019685,
        -0.058193 0.027263 0.019685,
        -0.059538 0.025426 0.019685,
        -0.090799 -0.011036 0.019685,
        -0.091367 -0.013015 0.019685,
        -0.091959 -0.014626 0.019685,
        -0.092504 -0.016151 0.019685,
        -0.092863 -0.016685 0.019685,
        -0.068911 -0.024426 0.019685,
        -0.068360 -0.017901 0.019685,
        -0.068539 -0.017385 0.019685,
        -0.037168 0.026839 0.019685,
        -0.037033 0.027077 0.019685,
        -0.068855 -0.023888 0.019685,
        -0.068440 -0.020326 0.019685,
        -0.068324 -0.018677 0.019685,
        -0.037026 -0.020577 0.019685,
        -0.037018 -0.020500 0.019685,
        -0.037030 -0.020421 0.019685,
        -0.037107 -0.020238 0.019685,
        -0.036963 0.027330 0.019685,
        -0.036956 0.027558 0.019685,
        -0.037007 0.027794 0.019685,
        -0.037230 -0.020088 0.019685,
        -0.037301 -0.020058 0.019685,
        -0.040378 0.024446 0.019685,
        -0.037324 -0.020052 0.019685,
        -0.037500 -0.020033 0.019685,
        -0.037836 -0.020062 0.019685,
        -0.039019 -0.020062 0.019685,
        -0.040378 -0.020062 0.019685,
        -0.048939 0.029639 0.019685,
        -0.050822 0.029794 0.019685,
        -0.053463 0.029625 0.019685,
        -0.055435 0.029130 0.019685,
        -0.056909 0.028365 0.019685,
        -0.037215 -0.020933 0.019685,
        -0.037116 -0.020785 0.019685,
        -0.037055 -0.020669 0.019685,
        -0.047513 -0.022956 0.019685,
        -0.043776 -0.023384 0.019685,
        -0.042388 -0.023756 0.019685,
        -0.060780 0.022431 0.019685,
        -0.071158 -0.008850 0.019685,
        -0.062639 0.000399 0.019685,
        -0.068691 -0.017093 0.019685,
        -0.069119 -0.016325 0.019685,
        -0.070230 -0.012616 0.019685,
        -0.039271 0.025037 0.019685,
        -0.037748 0.026309 0.019685,
        -0.037388 0.026596 0.019685,
        -0.039809 0.024715 0.019685,
        -0.038856 0.027919 0.019685,
        -0.040630 0.027919 0.019685,
        -0.042077 0.028183 0.019685,
        -0.043864 0.028347 0.019685,
        -0.047085 0.029278 0.019685,
        -0.040825 -0.024426 0.019685,
        -0.040553 -0.024256 0.019685,
        -0.039374 -0.023249 0.019685,
        -0.038591 -0.022441 0.019685,
        -0.037572 -0.021346 0.019685,
        -0.037361 -0.021114 0.019685,
        -0.041146 -0.024479 0.019685,
        -0.040952 -0.024471 0.019685,
        -0.040839 -0.024434 0.019685,
        -0.069427 -0.026415 0.019685,
        -0.069374 -0.026409 0.019685,
        -0.069335 -0.026394 0.019685,
        -0.069234 -0.026299 0.019685,
        -0.069147 -0.026143 0.019685,
        -0.041269 -0.024426 0.019685,
        -0.069093 -0.025942 0.019685,
        -0.092272 -0.026264 0.019685,
        -0.092339 -0.026230 0.019685,
        -0.092391 -0.026186 0.019685,
        -0.041219 -0.024455 0.019685,
        -0.069292 -0.026364 0.019685,
        -0.041496 -0.024293 0.019685,
        -0.068975 -0.025041 0.019685,
        -0.092437 -0.026122 0.019685,
        -0.092478 -0.026029 0.019685,
        -0.069653 -0.026320 0.019685,
        -0.069569 -0.026377 0.019685,
        -0.091933 -0.026167 0.019685,
        -0.092210 -0.026279 0.019685,
        -0.092145 -0.026278 0.019685,
        -0.092078 -0.026261 0.019685,
        -0.092006 -0.026227 0.019685,
        -0.069490 -0.026406 0.019685,
        -0.091852 -0.026059 0.019685,
        -0.091760 -0.025856 0.019685,
        -0.070337 -0.024426 0.019685,
        -0.091707 -0.025674 0.019685,
        -0.091489 -0.024426 0.019685,
        -0.092697 -0.024426 0.019685,
        -0.092638 -0.024907 0.019685,
        -0.092605 -0.025359 0.019685,
        -0.092555 -0.025677 0.019685,
        -0.092515 -0.025894 0.019685,
        -0.069933 -0.025887 0.019685,
        -0.069834 -0.026090 0.019685,
        -0.069743 -0.026228 0.019685,
        -0.070050 -0.025587 0.019685,
        -0.086107 -0.001640 0.019685,
        -0.074556 -0.004433 0.019685,
        -0.091115 -0.022277 0.019685,
        -0.071837 -0.017093 0.019685,
        -0.070554 -0.023548 0.019685,
        0.044008 0.028183 0.023622,
        0.047745 0.032852 0.023622,
        0.044911 0.026283 0.023622,
        0.045255 0.023869 0.023622,
        0.045279 0.022823 0.023622,
        0.045279 -0.020490 0.023622,
        0.038741 -0.019954 0.023622,
        0.035625 -0.019465 0.023622,
        0.034511 -0.019192 0.023622,
        0.033863 -0.018854 0.023622,
        0.032997 -0.018115 0.023622,
        0.032632 -0.017948 0.023622,
        0.030652 -0.019698 0.023622,
        0.029721 -0.020559 0.023622,
        0.029434 -0.020851 0.023622,
        0.029302 -0.021074 0.023622,
        0.029188 -0.021451 0.023622,
        0.029146 -0.021761 0.023622,
        0.029246 -0.021954 0.023622,
        0.029320 -0.022035 0.023622,
        0.029446 -0.022119 0.023622,
        0.029670 -0.022202 0.023622,
        0.029846 -0.022232 0.023622,
        0.031101 -0.022237 0.023622,
        0.034620 -0.022721 0.023622,
        0.036097 -0.022879 0.023622,
        0.041038 -0.023296 0.023622,
        0.044599 -0.023636 0.023622,
        0.046562 -0.023800 0.023622,
        0.047155 -0.023937 0.023622,
        0.047364 -0.023928 0.023622,
        0.047494 -0.023894 0.023622,
        0.047593 -0.023843 0.023622,
        0.047681 -0.023765 0.023622,
        0.047783 -0.023630 0.023622,
        0.047903 -0.023402 0.023622,
        0.047948 -0.023203 0.023622,
        0.047928 -0.022704 0.023622,
        0.047668 -0.020285 0.023622,
        0.047657 -0.020150 0.023622,
        0.047494 -0.015142 0.023622,
        0.047494 0.023087 0.023622,
        0.047555 0.027231 0.023622,
        0.048173 0.031317 0.023622,
        0.048337 0.032172 0.023622,
        -0.071837 -0.017093 0.023622,
        -0.074556 -0.004433 0.023622,
        -0.070554 -0.023548 0.023622,
        -0.070050 -0.025587 0.023622,
        -0.069933 -0.025887 0.023622,
        -0.069834 -0.026090 0.023622,
        -0.069743 -0.026228 0.023622,
        -0.069653 -0.026320 0.023622,
        -0.069569 -0.026377 0.023622,
        -0.069490 -0.026406 0.023622,
        -0.069427 -0.026415 0.023622,
        -0.069374 -0.026409 0.023622,
        -0.069335 -0.026394 0.023622,
        -0.069292 -0.026364 0.023622,
        -0.069234 -0.026299 0.023622,
        -0.069147 -0.026143 0.023622,
        -0.069093 -0.025942 0.023622,
        -0.068975 -0.025041 0.023622,
        -0.068855 -0.023888 0.023622,
        -0.068440 -0.020326 0.023622,
        -0.068324 -0.018677 0.023622,
        -0.068360 -0.017901 0.023622,
        -0.068539 -0.017385 0.023622,
        -0.068691 -0.017093 0.023622,
        -0.069119 -0.016325 0.023622,
        -0.070230 -0.012616 0.023622,
        -0.071158 -0.008850 0.023622,
        -0.079904 0.031657 0.023622,
        -0.081086 0.031657 0.023622,
        -0.089329 -0.004773 0.023622,
        -0.090348 -0.009026 0.023622,
        -0.090799 -0.011036 0.023622,
        -0.091367 -0.013015 0.023622,
        -0.091959 -0.014626 0.023622,
        -0.092504 -0.016151 0.023622,
        -0.092863 -0.016685 0.023622,
        -0.093162 -0.017045 0.023622,
        -0.093252 -0.017195 0.023622,
        -0.093293 -0.017323 0.023622,
        -0.093304 -0.017516 0.023622,
        -0.093231 -0.018380 0.023622,
        -0.093208 -0.018730 0.023622,
        -0.093154 -0.019647 0.023622,
        -0.092814 -0.023460 0.023622,
        -0.092638 -0.024907 0.023622,
        -0.092605 -0.025359 0.023622,
        -0.092555 -0.025677 0.023622,
        -0.092515 -0.025894 0.023622,
        -0.092478 -0.026029 0.023622,
        -0.092437 -0.026122 0.023622,
        -0.092391 -0.026186 0.023622,
        -0.092339 -0.026230 0.023622,
        -0.092272 -0.026264 0.023622,
        -0.092210 -0.026279 0.023622,
        -0.092145 -0.026278 0.023622,
        -0.092078 -0.026261 0.023622,
        -0.092006 -0.026227 0.023622,
        -0.091933 -0.026167 0.023622,
        -0.091852 -0.026059 0.023622,
        -0.091760 -0.025856 0.023622,
        -0.091707 -0.025674 0.023622,
        -0.091115 -0.022277 0.023622,
        -0.086107 -0.001640 0.023622,
        -0.080495 0.023502 0.023622,
        -0.074970 -0.001464 0.023622,
        -0.085931 -0.000356 0.023622,
        -0.083641 0.001846 0.023622,
        -0.081514 0.000399 0.023622,
        -0.080730 -0.000013 0.023622,
        -0.078315 -0.000766 0.023622,
        -0.074970 -0.001464 0.019685,
        -0.080495 0.023502 0.019685,
        -0.078315 -0.000766 0.019685,
        -0.080730 -0.000013 0.019685,
        -0.081514 0.000399 0.019685,
        -0.083641 0.001846 0.019685,
        -0.085931 -0.000356 0.019685,
        -0.037748 0.026309 0.023622,
        -0.039271 0.025037 0.023622,
        -0.037388 0.026596 0.023622,
        -0.037168 0.026839 0.023622,
        -0.037033 0.027077 0.023622,
        -0.036963 0.027330 0.023622,
        -0.036956 0.027558 0.023622,
        -0.037007 0.027794 0.023622,
        -0.037078 0.027942 0.023622,
        -0.037195 0.028078 0.023622,
        -0.037320 0.028183 0.023622,
        -0.038856 0.027919 0.023622,
        -0.040630 0.027919 0.023622,
        -0.041353 0.028052 0.023622,
        -0.041353 0.028052 0.019685,
        -0.042077 0.028183 0.023622,
        -0.043864 0.028347 0.023622,
        -0.047085 0.029278 0.023622,
        -0.048939 0.029639 0.023622,
        -0.050822 0.029794 0.023622,
        -0.053463 0.029625 0.023622,
        -0.055435 0.029130 0.023622,
        -0.056909 0.028365 0.023622,
        -0.058193 0.027263 0.023622,
        -0.059538 0.025426 0.023622,
        -0.060780 0.022431 0.023622,
        -0.062126 0.014194 0.023622,
        -0.062126 0.014194 0.019685,
        -0.062639 0.000399 0.023622,
        -0.062076 -0.007638 0.023622,
        -0.062076 -0.007638 0.019685,
        -0.060682 -0.013891 0.023622,
        -0.060682 -0.013891 0.019685,
        -0.058421 -0.018337 0.023622,
        -0.058421 -0.018337 0.019685,
        -0.056976 -0.020089 0.023622,
        -0.056976 -0.020089 0.019685,
        -0.055533 -0.021219 0.023622,
        -0.055533 -0.021219 0.019685,
        -0.054452 -0.021754 0.023622,
        -0.054452 -0.021754 0.019685,
        -0.052164 -0.022332 0.023622,
        -0.052164 -0.022332 0.019685,
        -0.047513 -0.022956 0.023622,
        -0.043776 -0.023384 0.023622,
        -0.042388 -0.023756 0.023622,
        -0.041496 -0.024293 0.023622,
        -0.041219 -0.024455 0.023622,
        -0.041146 -0.024479 0.023622,
        -0.040952 -0.024471 0.023622,
        -0.040839 -0.024434 0.023622,
        -0.040553 -0.024256 0.023622,
        -0.039374 -0.023249 0.023622,
        -0.038591 -0.022441 0.023622,
        -0.037572 -0.021346 0.023622,
        -0.037361 -0.021114 0.023622,
        -0.037215 -0.020933 0.023622,
        -0.037116 -0.020785 0.023622,
        -0.037055 -0.020669 0.023622,
        -0.037026 -0.020577 0.023622,
        -0.037018 -0.020500 0.023622,
        -0.037030 -0.020421 0.023622,
        -0.037107 -0.020238 0.023622,
        -0.037143 -0.020173 0.023622,
        -0.037185 -0.020121 0.023622,
        -0.037230 -0.020088 0.023622,
        -0.037301 -0.020058 0.023622,
        -0.037324 -0.020052 0.023622,
        -0.037500 -0.020033 0.023622,
        -0.037836 -0.020062 0.023622,
        -0.039019 -0.020062 0.023622,
        -0.040378 -0.020062 0.023622,
        -0.040378 0.024446 0.023622,
        -0.039809 0.024715 0.023622,
        -0.042756 0.025037 0.023622,
        -0.060131 -0.003756 0.023622,
        -0.058772 -0.011955 0.023622,
        -0.057003 -0.015988 0.023622,
        -0.056033 -0.017230 0.023622,
        -0.055007 -0.018043 0.023622,
        -0.053635 -0.018648 0.023622,
        -0.045387 -0.019899 0.023622,
        -0.044072 -0.019937 0.023622,
        -0.042756 -0.019899 0.023622,
        -0.044367 0.025717 0.023622,
        -0.047983 0.026540 0.023622,
        -0.051678 0.026824 0.023622,
        -0.060260 0.007874 0.023622,
        -0.049124 -0.019471 0.023622,
        -0.051737 -0.019128 0.023622,
        -0.054263 0.026284 0.023622,
        -0.055699 0.025665 0.023622,
        -0.056660 0.024914 0.023622,
        -0.057777 0.023468 0.023622,
        -0.058691 0.021511 0.023622,
        -0.059546 0.017811 0.023622,
        -0.049124 -0.019471 0.019685,
        -0.045387 -0.019899 0.019685,
        -0.051737 -0.019128 0.019685,
        -0.053635 -0.018648 0.019685,
        -0.055007 -0.018043 0.019685,
        -0.056033 -0.017230 0.019685,
        -0.057003 -0.015988 0.019685,
        -0.058772 -0.011955 0.019685,
        -0.060131 -0.003756 0.019685,
        -0.060260 0.007874 0.019685,
        -0.059546 0.017811 0.019685,
        -0.058691 0.021511 0.019685,
        -0.057777 0.023468 0.019685,
        -0.056660 0.024914 0.019685,
        -0.055699 0.025665 0.019685,
        -0.054263 0.026284 0.019685,
        -0.051678 0.026824 0.019685,
        -0.047983 0.026540 0.019685,
        -0.044367 0.025717 0.019685,
        -0.042756 0.025037 0.019685,
        -0.042756 -0.019899 0.019685,
        -0.044072 -0.019937 0.019685,
        -0.019376 0.006854 0.023622,
        -0.012241 0.005923 0.023622,
        -0.022321 0.007452 0.023622,
        -0.024206 0.008121 0.023622,
        -0.025064 0.008641 0.023622,
        -0.025831 0.009069 0.023622,
        -0.028298 0.006602 0.023622,
        -0.028478 0.006363 0.023622,
        -0.028591 0.006169 0.023622,
        -0.028657 0.005985 0.023622,
        -0.028676 0.005834 0.023622,
        -0.028657 0.005681 0.023622,
        -0.028605 0.005543 0.023622,
        -0.028513 0.005406 0.023622,
        -0.028386 0.005291 0.023622,
        -0.028283 0.005231 0.023622,
        -0.028122 0.005178 0.023622,
        -0.027870 0.005156 0.023622,
        -0.012241 0.002953 0.023622,
        -0.012241 -0.020062 0.023622,
        -0.024900 -0.018288 0.023622,
        -0.026128 -0.017969 0.023622,
        -0.027279 -0.017432 0.023622,
        -0.028033 -0.017004 0.023622,
        -0.030412 -0.019647 0.023622,
        -0.030646 -0.019957 0.023622,
        -0.030727 -0.020139 0.023622,
        -0.030758 -0.020310 0.023622,
        -0.030750 -0.020461 0.023622,
        -0.030701 -0.020624 0.023622,
        -0.030616 -0.020790 0.023622,
        -0.030560 -0.020860 0.023622,
        -0.030501 -0.020906 0.023622,
        -0.030406 -0.020947 0.023622,
        -0.030127 -0.020996 0.023622,
        -0.029909 -0.021006 0.023622,
        -0.028637 -0.021081 0.023622,
        -0.022206 -0.021871 0.023622,
        -0.015802 -0.022869 0.023622,
        -0.011901 -0.023548 0.023622,
        -0.010972 -0.023891 0.023622,
        -0.010411 -0.024041 0.023622,
        -0.010004 -0.024070 0.023622,
        -0.009704 -0.024023 0.023622,
        -0.009470 -0.023925 0.023622,
        -0.009273 -0.023779 0.023622,
        -0.009143 -0.023619 0.023622,
        -0.009033 -0.023383 0.023622,
        -0.008968 -0.023051 0.023622,
        -0.009007 -0.022365 0.023622,
        -0.009557 -0.020224 0.023622,
        -0.009775 -0.018024 0.023622,
        -0.009775 -0.016413 0.023622,
        -0.009826 -0.015350 0.023622,
        -0.009863 -0.014286 0.023622,
        -0.009775 0.024610 0.023622,
        -0.008862 0.025667 0.023622,
        -0.008316 0.026345 0.023622,
        -0.007969 0.026804 0.023622,
        -0.007778 0.027185 0.023622,
        -0.007688 0.027526 0.023622,
        -0.007678 0.027761 0.023622,
        -0.007670 0.027930 0.023622,
        -0.007668 0.028108 0.023622,
        -0.007683 0.028163 0.023622,
        -0.007709 0.028211 0.023622,
        -0.007759 0.028265 0.023622,
        -0.007846 0.028324 0.023622,
        -0.007968 0.028368 0.023622,
        -0.008124 0.028383 0.023622,
        -0.008416 0.028347 0.023622,
        -0.010026 0.028095 0.023622,
        -0.011470 0.027918 0.023622,
        -0.012920 0.027919 0.023622,
        -0.013172 0.027919 0.023622,
        -0.014836 0.027948 0.023622,
        -0.016482 0.028183 0.023622,
        -0.019804 0.028775 0.023622,
        -0.022729 0.029367 0.023622,
        -0.025074 0.030221 0.023622,
        -0.025492 0.030474 0.023622,
        -0.026259 0.030977 0.023622,
        -0.028713 0.028435 0.023622,
        -0.028877 0.028156 0.023622,
        -0.028978 0.027952 0.023622,
        -0.029034 0.027798 0.023622,
        -0.029053 0.027674 0.023622,
        -0.029042 0.027557 0.023622,
        -0.029003 0.027441 0.023622,
        -0.028935 0.027335 0.023622,
        -0.028839 0.027240 0.023622,
        -0.028693 0.027148 0.023622,
        -0.028529 0.027097 0.023622,
        -0.028298 0.027076 0.023622,
        -0.026939 0.026900 0.023622,
        -0.024939 0.026640 0.023622,
        -0.022937 0.026396 0.023622,
        -0.012241 0.024610 0.023622,
        0.000695 0.029706 0.023622,
        0.001966 0.029706 0.023622,
        0.000695 0.007030 0.023622,
        0.002306 0.007030 0.023622,
        0.002707 0.016928 0.023622,
        0.002707 0.016928 0.019685,
        0.003710 0.021787 0.023622,
        0.003710 0.021787 0.019685,
        0.004963 0.024636 0.023622,
        0.005970 0.025971 0.023622,
        0.007190 0.026944 0.023622,
        0.007190 0.026944 0.019685,
        0.008365 0.027519 0.023622,
        0.009780 0.027844 0.023622,
        0.011557 0.027734 0.023622,
        0.013062 0.027215 0.023622,
        0.014503 0.026320 0.023622,
        0.015917 0.024908 0.023622,
        0.017385 0.022589 0.023622,
        0.019349 0.016921 0.023622,
        0.020067 0.012725 0.023622,
        0.020470 0.000367 0.023622,
        0.020470 0.000367 0.019685,
        0.020401 -0.000960 0.023622,
        0.018647 -0.011830 0.023622,
        0.018647 -0.011830 0.019685,
        0.016897 -0.016774 0.023622,
        0.016897 -0.016774 0.019685,
        0.015153 -0.019221 0.023622,
        0.015153 -0.019221 0.019685,
        0.013920 -0.020363 0.023622,
        0.013920 -0.020363 0.019685,
        0.012827 -0.021028 0.023622,
        0.012827 -0.021028 0.019685,
        0.011716 -0.021381 0.023622,
        0.011716 -0.021381 0.019685,
        0.010460 -0.021509 0.023622,
        0.008534 -0.021357 0.023622,
        0.006698 -0.020675 0.023622,
        0.005213 -0.019659 0.023622,
        0.004013 -0.018314 0.023622,
        0.002928 -0.016293 0.023622,
        0.001749 -0.011415 0.023622,
        0.001211 -0.007831 0.023622,
        0.000783 -0.003339 0.023622,
        -0.000576 -0.003414 0.023622,
        -0.000144 -0.011587 0.023622,
        -0.000144 -0.011587 0.019685,
        0.001012 -0.017299 0.023622,
        0.001012 -0.017299 0.019685,
        0.002290 -0.019972 0.023622,
        0.002290 -0.019972 0.019685,
        0.003600 -0.021705 0.023622,
        0.005207 -0.023009 0.023622,
        0.005207 -0.023009 0.019685,
        0.007151 -0.023922 0.023622,
        0.009277 -0.024315 0.023622,
        0.011715 -0.024193 0.023622,
        0.014016 -0.023411 0.023622,
        0.015739 -0.022342 0.023622,
        0.017184 -0.020826 0.023622,
        0.019007 -0.017810 0.023622,
        0.021345 -0.010937 0.023622,
        0.022410 -0.004093 0.023622,
        0.022816 0.007169 0.023622,
        0.022816 0.007169 0.019685,
        0.022352 0.012215 0.023622,
        0.020667 0.020343 0.023622,
        0.020667 0.020343 0.019685,
        0.018823 0.024890 0.023622,
        0.018823 0.024890 0.019685,
        0.017142 0.027328 0.023622,
        0.017142 0.027328 0.019685,
        0.014881 0.029280 0.023622,
        0.014881 0.029280 0.019685,
        0.013366 0.030180 0.023622,
        0.013366 0.030180 0.019685,
        0.012170 0.030556 0.023622,
        0.012170 0.030556 0.019685,
        0.010566 0.030640 0.023622,
        0.010566 0.030640 0.019685,
        0.010460 0.030637 0.023622,
        0.007998 0.029993 0.023622,
        0.006090 0.028967 0.023622,
        0.004259 0.027311 0.023622,
        0.003325 0.026057 0.023622,
        0.002570 0.024698 0.023622,
      ]
    }
    coordIndex [
      311, 46, 312, -1,
      312, 46, 93, -1,
      46, 311, 313, -1,
      46, 313, 129, -1,
      129, 313, 314, -1,
      129, 314, 147, -1,
      147, 314, 315, -1,
      147, 315, 30, -1,
      316, 28, 315, -1,
      315, 28, 30, -1,
      28, 316, 317, -1,
      28, 317, 29, -1,
      29, 317, 318, -1,
      29, 318, 31, -1,
      31, 318, 319, -1,
      31, 319, 94, -1,
      94, 319, 320, -1,
      94, 320, 95, -1,
      95, 320, 321, -1,
      95, 321, 96, -1,
      96, 321, 322, -1,
      96, 322, 49, -1,
      49, 322, 323, -1,
      49, 323, 148, -1,
      148, 323, 324, -1,
      148, 324, 47, -1,
      47, 324, 325, -1,
      47, 325, 34, -1,
      34, 325, 326, -1,
      34, 326, 54, -1,
      54, 326, 327, -1,
      54, 327, 53, -1,
      53, 327, 328, -1,
      53, 328, 1, -1,
      1, 328, 329, -1,
      1, 329, 3, -1,
      3, 329, 330, -1,
      3, 330, 4, -1,
      4, 330, 331, -1,
      4, 331, 120, -1,
      120, 331, 332, -1,
      120, 332, 121, -1,
      121, 332, 333, -1,
      121, 333, 122, -1,
      122, 333, 334, -1,
      122, 334, 125, -1,
      125, 334, 335, -1,
      125, 335, 124, -1,
      124, 335, 336, -1,
      124, 336, 123, -1,
      123, 336, 337, -1,
      123, 337, 169, -1,
      338, 83, 337, -1,
      337, 83, 169, -1,
      339, 84, 338, -1,
      338, 84, 83, -1,
      84, 339, 340, -1,
      84, 340, 85, -1,
      85, 340, 341, -1,
      85, 341, 171, -1,
      171, 341, 342, -1,
      171, 342, 88, -1,
      88, 342, 343, -1,
      88, 343, 89, -1,
      89, 343, 344, -1,
      89, 344, 126, -1,
      126, 344, 345, -1,
      126, 345, 127, -1,
      127, 345, 346, -1,
      127, 346, 128, -1,
      128, 346, 347, -1,
      128, 347, 91, -1,
      91, 347, 348, -1,
      91, 348, 90, -1,
      90, 348, 349, -1,
      90, 349, 11, -1,
      11, 349, 350, -1,
      11, 350, 12, -1,
      351, 13, 350, -1,
      350, 13, 12, -1,
      352, 8, 351, -1,
      351, 8, 13, -1,
      8, 352, 353, -1,
      8, 353, 9, -1,
      9, 353, 354, -1,
      9, 354, 10, -1,
      355, 92, 354, -1,
      354, 92, 10, -1,
      355, 312, 92, -1,
      92, 312, 93, -1,
      324, 323, 334, -1,
      335, 334, 320, -1,
      316, 345, 344, -1,
      323, 322, 334, -1,
      334, 322, 321, -1,
      334, 321, 320, -1,
      320, 319, 335, -1,
      335, 319, 318, -1,
      335, 318, 336, -1,
      336, 318, 317, -1,
      352, 351, 316, -1,
      351, 350, 316, -1,
      316, 350, 349, -1,
      316, 349, 348, -1,
      316, 341, 340, -1,
      312, 355, 311, -1,
      311, 355, 354, -1,
      311, 354, 313, -1,
      313, 354, 353, -1,
      313, 353, 314, -1,
      314, 353, 352, -1,
      314, 352, 315, -1,
      315, 352, 316, -1,
      348, 347, 316, -1,
      316, 347, 346, -1,
      316, 346, 345, -1,
      327, 326, 334, -1,
      334, 326, 325, -1,
      334, 325, 324, -1,
      344, 343, 316, -1,
      316, 343, 342, -1,
      316, 342, 341, -1,
      340, 339, 316, -1,
      316, 339, 338, -1,
      316, 338, 317, -1,
      317, 338, 337, -1,
      317, 337, 336, -1,
      334, 333, 327, -1,
      327, 333, 332, -1,
      327, 332, 331, -1,
      331, 330, 327, -1,
      327, 330, 329, -1,
      327, 329, 328, -1,
      356, 309, 357, -1,
      357, 309, 307, -1,
      358, 310, 356, -1,
      356, 310, 309, -1,
      310, 358, 294, -1,
      294, 358, 359, -1,
      294, 359, 305, -1,
      305, 359, 360, -1,
      305, 360, 302, -1,
      302, 360, 361, -1,
      302, 361, 303, -1,
      303, 361, 362, -1,
      303, 362, 304, -1,
      304, 362, 363, -1,
      304, 363, 284, -1,
      284, 363, 364, -1,
      284, 364, 285, -1,
      285, 364, 365, -1,
      285, 365, 291, -1,
      291, 365, 366, -1,
      291, 366, 268, -1,
      268, 366, 367, -1,
      268, 367, 269, -1,
      269, 367, 368, -1,
      269, 368, 270, -1,
      270, 368, 369, -1,
      270, 369, 279, -1,
      279, 369, 370, -1,
      279, 370, 271, -1,
      271, 370, 371, -1,
      271, 371, 272, -1,
      272, 371, 372, -1,
      272, 372, 274, -1,
      274, 372, 373, -1,
      274, 373, 281, -1,
      281, 373, 210, -1,
      210, 373, 374, -1,
      210, 374, 215, -1,
      375, 216, 374, -1,
      374, 216, 215, -1,
      216, 375, 376, -1,
      216, 376, 217, -1,
      217, 376, 377, -1,
      217, 377, 211, -1,
      211, 377, 378, -1,
      211, 378, 212, -1,
      212, 378, 379, -1,
      212, 379, 247, -1,
      380, 248, 379, -1,
      379, 248, 247, -1,
      248, 380, 381, -1,
      248, 381, 249, -1,
      249, 381, 382, -1,
      249, 382, 245, -1,
      383, 186, 382, -1,
      382, 186, 245, -1,
      384, 200, 383, -1,
      383, 200, 186, -1,
      385, 201, 384, -1,
      384, 201, 200, -1,
      386, 202, 385, -1,
      385, 202, 201, -1,
      202, 386, 387, -1,
      202, 387, 205, -1,
      205, 387, 388, -1,
      205, 388, 206, -1,
      389, 207, 388, -1,
      388, 207, 206, -1,
      207, 389, 390, -1,
      207, 390, 208, -1,
      208, 390, 391, -1,
      208, 391, 209, -1,
      209, 391, 392, -1,
      209, 392, 187, -1,
      187, 392, 393, -1,
      187, 393, 188, -1,
      188, 393, 394, -1,
      188, 394, 189, -1,
      189, 394, 395, -1,
      189, 395, 190, -1,
      190, 395, 396, -1,
      190, 396, 191, -1,
      191, 396, 397, -1,
      191, 397, 192, -1,
      192, 397, 398, -1,
      192, 398, 193, -1,
      399, 194, 398, -1,
      398, 194, 193, -1,
      194, 399, 297, -1,
      297, 399, 400, -1,
      297, 400, 298, -1,
      298, 400, 401, -1,
      298, 401, 299, -1,
      299, 401, 402, -1,
      299, 402, 300, -1,
      300, 402, 403, -1,
      300, 403, 301, -1,
      301, 403, 404, -1,
      301, 404, 283, -1,
      283, 404, 405, -1,
      283, 405, 282, -1,
      282, 405, 406, -1,
      282, 406, 277, -1,
      277, 406, 407, -1,
      277, 407, 276, -1,
      276, 407, 408, -1,
      276, 408, 275, -1,
      275, 408, 409, -1,
      275, 409, 287, -1,
      287, 409, 410, -1,
      287, 410, 288, -1,
      288, 410, 411, -1,
      288, 411, 289, -1,
      289, 411, 412, -1,
      289, 412, 290, -1,
      290, 412, 413, -1,
      290, 413, 286, -1,
      286, 413, 414, -1,
      286, 414, 292, -1,
      292, 414, 415, -1,
      292, 415, 293, -1,
      293, 415, 416, -1,
      293, 416, 295, -1,
      295, 416, 296, -1,
      296, 416, 417, -1,
      296, 417, 308, -1,
      418, 306, 417, -1,
      417, 306, 308, -1,
      418, 357, 306, -1,
      306, 357, 307, -1,
      419, 383, 420, -1,
      420, 383, 382, -1,
      418, 421, 422, -1,
      391, 390, 417, -1,
      417, 390, 389, -1,
      422, 423, 418, -1,
      418, 423, 424, -1,
      418, 424, 357, -1,
      357, 424, 425, -1,
      381, 356, 382, -1,
      382, 356, 357, -1,
      382, 357, 420, -1,
      420, 357, 425, -1,
      389, 388, 417, -1,
      417, 388, 387, -1,
      417, 387, 418, -1,
      418, 387, 386, -1,
      418, 386, 421, -1,
      421, 386, 385, -1,
      421, 385, 419, -1,
      419, 385, 384, -1,
      419, 384, 383, -1,
      356, 375, 358, -1,
      358, 375, 374, -1,
      358, 374, 359, -1,
      359, 374, 373, -1,
      359, 373, 360, -1,
      402, 416, 403, -1,
      403, 416, 415, -1,
      403, 415, 404, -1,
      398, 397, 417, -1,
      417, 397, 396, -1,
      417, 396, 391, -1,
      391, 396, 395, -1,
      381, 380, 356, -1,
      356, 380, 379, -1,
      356, 379, 378, -1,
      360, 373, 361, -1,
      361, 373, 372, -1,
      361, 372, 362, -1,
      394, 393, 395, -1,
      395, 393, 392, -1,
      395, 392, 391, -1,
      378, 377, 356, -1,
      356, 377, 376, -1,
      356, 376, 375, -1,
      364, 363, 370, -1,
      402, 401, 416, -1,
      416, 401, 400, -1,
      416, 400, 417, -1,
      417, 400, 399, -1,
      417, 399, 398, -1,
      362, 372, 363, -1,
      363, 372, 371, -1,
      363, 371, 370, -1,
      413, 412, 405, -1,
      404, 415, 405, -1,
      405, 415, 414, -1,
      405, 414, 413, -1,
      407, 410, 408, -1,
      408, 410, 409, -1,
      412, 411, 405, -1,
      405, 411, 410, -1,
      405, 410, 406, -1,
      406, 410, 407, -1,
      364, 370, 365, -1,
      365, 370, 369, -1,
      365, 369, 366, -1,
      366, 369, 368, -1,
      366, 368, 367, -1,
      420, 426, 419, -1,
      419, 426, 427, -1,
      426, 420, 425, -1,
      426, 425, 428, -1,
      428, 425, 424, -1,
      428, 424, 429, -1,
      429, 424, 423, -1,
      429, 423, 430, -1,
      422, 431, 423, -1,
      423, 431, 430, -1,
      421, 432, 422, -1,
      422, 432, 431, -1,
      427, 432, 419, -1,
      419, 432, 421, -1,
      433, 251, 434, -1,
      434, 251, 250, -1,
      251, 433, 435, -1,
      251, 435, 252, -1,
      252, 435, 436, -1,
      252, 436, 213, -1,
      213, 436, 437, -1,
      213, 437, 214, -1,
      214, 437, 438, -1,
      214, 438, 222, -1,
      222, 438, 439, -1,
      222, 439, 223, -1,
      223, 439, 440, -1,
      223, 440, 224, -1,
      224, 440, 441, -1,
      224, 441, 199, -1,
      199, 441, 442, -1,
      199, 442, 198, -1,
      198, 442, 443, -1,
      198, 443, 197, -1,
      444, 254, 443, -1,
      443, 254, 197, -1,
      445, 255, 444, -1,
      444, 255, 254, -1,
      255, 445, 446, -1,
      255, 446, 447, -1,
      447, 446, 448, -1,
      447, 448, 256, -1,
      449, 257, 448, -1,
      448, 257, 256, -1,
      450, 258, 449, -1,
      449, 258, 257, -1,
      258, 450, 451, -1,
      258, 451, 233, -1,
      233, 451, 452, -1,
      233, 452, 234, -1,
      234, 452, 453, -1,
      234, 453, 235, -1,
      235, 453, 454, -1,
      235, 454, 236, -1,
      236, 454, 455, -1,
      236, 455, 237, -1,
      237, 455, 456, -1,
      237, 456, 203, -1,
      203, 456, 457, -1,
      203, 457, 204, -1,
      204, 457, 458, -1,
      204, 458, 244, -1,
      244, 458, 459, -1,
      244, 459, 460, -1,
      460, 459, 461, -1,
      460, 461, 246, -1,
      246, 461, 462, -1,
      246, 462, 463, -1,
      463, 462, 464, -1,
      463, 464, 465, -1,
      465, 464, 466, -1,
      465, 466, 467, -1,
      467, 466, 468, -1,
      467, 468, 469, -1,
      469, 468, 470, -1,
      469, 470, 471, -1,
      471, 470, 472, -1,
      471, 472, 473, -1,
      473, 472, 474, -1,
      473, 474, 475, -1,
      475, 474, 476, -1,
      475, 476, 241, -1,
      477, 242, 476, -1,
      476, 242, 241, -1,
      242, 477, 478, -1,
      242, 478, 243, -1,
      243, 478, 479, -1,
      243, 479, 280, -1,
      280, 479, 273, -1,
      273, 479, 480, -1,
      273, 480, 278, -1,
      278, 480, 481, -1,
      278, 481, 265, -1,
      265, 481, 482, -1,
      265, 482, 266, -1,
      266, 482, 483, -1,
      266, 483, 267, -1,
      267, 483, 259, -1,
      259, 483, 484, -1,
      259, 484, 260, -1,
      260, 484, 485, -1,
      260, 485, 261, -1,
      261, 485, 486, -1,
      261, 486, 262, -1,
      487, 263, 486, -1,
      486, 263, 262, -1,
      263, 487, 488, -1,
      263, 488, 264, -1,
      264, 488, 489, -1,
      264, 489, 238, -1,
      238, 489, 490, -1,
      238, 490, 239, -1,
      239, 490, 491, -1,
      239, 491, 240, -1,
      240, 491, 492, -1,
      240, 492, 218, -1,
      218, 492, 493, -1,
      218, 493, 219, -1,
      219, 493, 494, -1,
      219, 494, 220, -1,
      220, 494, 495, -1,
      220, 495, 221, -1,
      221, 495, 496, -1,
      221, 496, 195, -1,
      195, 496, 497, -1,
      195, 497, 196, -1,
      196, 497, 498, -1,
      196, 498, 225, -1,
      225, 498, 499, -1,
      225, 499, 226, -1,
      226, 499, 500, -1,
      226, 500, 228, -1,
      228, 500, 501, -1,
      228, 501, 229, -1,
      229, 501, 502, -1,
      229, 502, 230, -1,
      503, 231, 502, -1,
      502, 231, 230, -1,
      504, 232, 503, -1,
      503, 232, 231, -1,
      505, 227, 504, -1,
      504, 227, 232, -1,
      227, 505, 506, -1,
      227, 506, 253, -1,
      253, 506, 434, -1,
      253, 434, 250, -1,
      445, 444, 507, -1,
      508, 509, 464, -1,
      435, 433, 444, -1,
      503, 502, 487, -1,
      490, 489, 502, -1,
      502, 489, 488, -1,
      502, 488, 487, -1,
      464, 509, 466, -1,
      509, 510, 466, -1,
      466, 510, 511, -1,
      466, 511, 468, -1,
      468, 511, 512, -1,
      468, 512, 470, -1,
      470, 512, 513, -1,
      504, 503, 479, -1,
      477, 514, 515, -1,
      504, 516, 505, -1,
      505, 516, 507, -1,
      505, 507, 506, -1,
      506, 507, 444, -1,
      506, 444, 434, -1,
      434, 444, 433, -1,
      517, 518, 450, -1,
      450, 518, 451, -1,
      451, 518, 519, -1,
      451, 519, 452, -1,
      482, 481, 480, -1,
      464, 462, 508, -1,
      508, 462, 461, -1,
      508, 461, 520, -1,
      520, 461, 459, -1,
      514, 477, 521, -1,
      521, 477, 476, -1,
      521, 476, 522, -1,
      522, 476, 474, -1,
      522, 474, 513, -1,
      513, 474, 472, -1,
      513, 472, 470, -1,
      479, 478, 504, -1,
      504, 478, 477, -1,
      504, 477, 516, -1,
      516, 477, 515, -1,
      450, 449, 517, -1,
      517, 449, 448, -1,
      517, 448, 507, -1,
      507, 448, 446, -1,
      507, 446, 445, -1,
      452, 519, 453, -1,
      453, 519, 523, -1,
      453, 523, 454, -1,
      487, 486, 503, -1,
      503, 486, 485, -1,
      503, 485, 479, -1,
      479, 485, 484, -1,
      479, 484, 480, -1,
      480, 484, 483, -1,
      480, 483, 482, -1,
      493, 492, 502, -1,
      502, 492, 491, -1,
      502, 491, 490, -1,
      444, 443, 435, -1,
      435, 443, 442, -1,
      435, 442, 436, -1,
      436, 442, 441, -1,
      454, 523, 455, -1,
      455, 523, 524, -1,
      455, 524, 456, -1,
      456, 524, 525, -1,
      456, 525, 457, -1,
      457, 525, 526, -1,
      457, 526, 458, -1,
      458, 526, 527, -1,
      458, 527, 459, -1,
      459, 527, 528, -1,
      459, 528, 520, -1,
      501, 500, 495, -1,
      495, 500, 499, -1,
      495, 499, 496, -1,
      496, 499, 498, -1,
      496, 498, 497, -1,
      441, 440, 436, -1,
      436, 440, 439, -1,
      436, 439, 437, -1,
      437, 439, 438, -1,
      501, 495, 502, -1,
      502, 495, 494, -1,
      502, 494, 493, -1,
      521, 529, 514, -1,
      514, 529, 530, -1,
      529, 521, 522, -1,
      529, 522, 531, -1,
      531, 522, 513, -1,
      531, 513, 532, -1,
      532, 513, 512, -1,
      532, 512, 533, -1,
      533, 512, 511, -1,
      533, 511, 534, -1,
      534, 511, 510, -1,
      534, 510, 535, -1,
      535, 510, 509, -1,
      535, 509, 536, -1,
      536, 509, 508, -1,
      536, 508, 537, -1,
      537, 508, 520, -1,
      537, 520, 538, -1,
      538, 520, 528, -1,
      538, 528, 539, -1,
      539, 528, 527, -1,
      539, 527, 540, -1,
      540, 527, 526, -1,
      540, 526, 541, -1,
      541, 526, 525, -1,
      541, 525, 542, -1,
      542, 525, 524, -1,
      542, 524, 543, -1,
      543, 524, 523, -1,
      543, 523, 544, -1,
      544, 523, 519, -1,
      544, 519, 545, -1,
      545, 519, 518, -1,
      545, 518, 546, -1,
      546, 518, 517, -1,
      546, 517, 547, -1,
      507, 548, 517, -1,
      517, 548, 547, -1,
      516, 549, 507, -1,
      507, 549, 548, -1,
      549, 516, 515, -1,
      549, 515, 550, -1,
      550, 515, 514, -1,
      550, 514, 530, -1,
      551, 72, 552, -1,
      552, 72, 71, -1,
      72, 551, 553, -1,
      72, 553, 74, -1,
      74, 553, 554, -1,
      74, 554, 103, -1,
      103, 554, 555, -1,
      103, 555, 104, -1,
      556, 75, 555, -1,
      555, 75, 104, -1,
      557, 174, 556, -1,
      556, 174, 75, -1,
      174, 557, 558, -1,
      174, 558, 160, -1,
      160, 558, 559, -1,
      160, 559, 161, -1,
      161, 559, 560, -1,
      161, 560, 163, -1,
      163, 560, 561, -1,
      163, 561, 138, -1,
      138, 561, 562, -1,
      138, 562, 139, -1,
      139, 562, 563, -1,
      139, 563, 66, -1,
      66, 563, 564, -1,
      66, 564, 67, -1,
      67, 564, 565, -1,
      67, 565, 69, -1,
      69, 565, 566, -1,
      69, 566, 70, -1,
      70, 566, 567, -1,
      70, 567, 130, -1,
      130, 567, 568, -1,
      130, 568, 131, -1,
      569, 100, 568, -1,
      568, 100, 131, -1,
      570, 101, 569, -1,
      569, 101, 100, -1,
      571, 102, 570, -1,
      570, 102, 101, -1,
      102, 571, 572, -1,
      102, 572, 133, -1,
      133, 572, 573, -1,
      133, 573, 132, -1,
      574, 68, 573, -1,
      573, 68, 132, -1,
      575, 137, 574, -1,
      574, 137, 68, -1,
      137, 575, 576, -1,
      137, 576, 112, -1,
      112, 576, 577, -1,
      112, 577, 110, -1,
      110, 577, 578, -1,
      110, 578, 39, -1,
      39, 578, 579, -1,
      39, 579, 40, -1,
      40, 579, 580, -1,
      40, 580, 143, -1,
      143, 580, 581, -1,
      143, 581, 144, -1,
      144, 581, 582, -1,
      144, 582, 21, -1,
      21, 582, 583, -1,
      21, 583, 22, -1,
      22, 583, 584, -1,
      22, 584, 178, -1,
      178, 584, 585, -1,
      178, 585, 179, -1,
      179, 585, 586, -1,
      179, 586, 180, -1,
      587, 184, 586, -1,
      586, 184, 180, -1,
      184, 587, 588, -1,
      184, 588, 185, -1,
      185, 588, 589, -1,
      185, 589, 181, -1,
      590, 182, 589, -1,
      589, 182, 181, -1,
      182, 590, 591, -1,
      182, 591, 183, -1,
      183, 591, 592, -1,
      183, 592, 152, -1,
      152, 592, 593, -1,
      152, 593, 151, -1,
      151, 593, 594, -1,
      151, 594, 41, -1,
      41, 594, 595, -1,
      41, 595, 42, -1,
      42, 595, 596, -1,
      42, 596, 44, -1,
      44, 596, 597, -1,
      44, 597, 45, -1,
      45, 597, 598, -1,
      45, 598, 86, -1,
      86, 598, 599, -1,
      86, 599, 87, -1,
      87, 599, 600, -1,
      87, 600, 172, -1,
      172, 600, 601, -1,
      172, 601, 145, -1,
      145, 601, 602, -1,
      145, 602, 146, -1,
      603, 153, 602, -1,
      602, 153, 146, -1,
      153, 603, 604, -1,
      153, 604, 154, -1,
      154, 604, 605, -1,
      154, 605, 155, -1,
      606, 156, 605, -1,
      605, 156, 155, -1,
      156, 606, 607, -1,
      156, 607, 157, -1,
      157, 607, 608, -1,
      157, 608, 56, -1,
      56, 608, 609, -1,
      56, 609, 55, -1,
      55, 609, 610, -1,
      55, 610, 5, -1,
      5, 610, 611, -1,
      5, 611, 6, -1,
      6, 611, 612, -1,
      6, 612, 35, -1,
      35, 612, 613, -1,
      35, 613, 36, -1,
      36, 613, 614, -1,
      36, 614, 37, -1,
      37, 614, 615, -1,
      37, 615, 57, -1,
      57, 615, 616, -1,
      57, 616, 58, -1,
      58, 616, 617, -1,
      58, 617, 59, -1,
      59, 617, 618, -1,
      59, 618, 158, -1,
      158, 618, 619, -1,
      158, 619, 159, -1,
      159, 619, 620, -1,
      159, 620, 61, -1,
      61, 620, 621, -1,
      61, 621, 63, -1,
      622, 65, 621, -1,
      621, 65, 63, -1,
      65, 622, 623, -1,
      65, 623, 64, -1,
      64, 623, 624, -1,
      64, 624, 62, -1,
      625, 60, 624, -1,
      624, 60, 62, -1,
      60, 625, 626, -1,
      60, 626, 97, -1,
      97, 626, 627, -1,
      97, 627, 98, -1,
      628, 99, 627, -1,
      627, 99, 98, -1,
      99, 628, 629, -1,
      99, 629, 175, -1,
      175, 629, 630, -1,
      175, 630, 176, -1,
      176, 630, 631, -1,
      176, 631, 177, -1,
      632, 78, 631, -1,
      631, 78, 177, -1,
      633, 79, 632, -1,
      632, 79, 78, -1,
      79, 633, 634, -1,
      79, 634, 149, -1,
      149, 634, 635, -1,
      149, 635, 150, -1,
      150, 635, 636, -1,
      150, 636, 134, -1,
      134, 636, 637, -1,
      134, 637, 109, -1,
      109, 637, 638, -1,
      109, 638, 108, -1,
      108, 638, 639, -1,
      108, 639, 107, -1,
      107, 639, 640, -1,
      107, 640, 135, -1,
      135, 640, 641, -1,
      135, 641, 136, -1,
      136, 641, 642, -1,
      136, 642, 111, -1,
      111, 642, 643, -1,
      111, 643, 162, -1,
      162, 643, 644, -1,
      162, 644, 76, -1,
      645, 77, 644, -1,
      644, 77, 76, -1,
      77, 645, 646, -1,
      77, 646, 106, -1,
      106, 646, 647, -1,
      106, 647, 105, -1,
      648, 73, 647, -1,
      647, 73, 105, -1,
      648, 552, 73, -1,
      73, 552, 71, -1,
      573, 572, 587, -1,
      587, 572, 571, -1,
      570, 601, 600, -1,
      594, 593, 570, -1,
      570, 593, 592, -1,
      570, 592, 591, -1,
      609, 608, 648, -1,
      581, 580, 575, -1,
      591, 590, 570, -1,
      570, 590, 589, -1,
      570, 589, 571, -1,
      571, 589, 588, -1,
      571, 588, 587, -1,
      605, 604, 570, -1,
      604, 603, 570, -1,
      570, 603, 602, -1,
      570, 602, 601, -1,
      600, 599, 570, -1,
      570, 599, 598, -1,
      570, 598, 597, -1,
      552, 569, 551, -1,
      551, 569, 568, -1,
      551, 568, 553, -1,
      553, 568, 554, -1,
      635, 634, 644, -1,
      644, 634, 633, -1,
      608, 607, 648, -1,
      648, 607, 606, -1,
      648, 606, 552, -1,
      552, 606, 605, -1,
      552, 605, 569, -1,
      569, 605, 570, -1,
      554, 568, 555, -1,
      555, 568, 557, -1,
      555, 557, 556, -1,
      573, 587, 574, -1,
      574, 587, 586, -1,
      574, 586, 575, -1,
      575, 586, 585, -1,
      575, 585, 584, -1,
      580, 579, 578, -1,
      597, 596, 570, -1,
      570, 596, 595, -1,
      570, 595, 594, -1,
      617, 616, 648, -1,
      648, 616, 615, -1,
      612, 611, 648, -1,
      648, 611, 610, -1,
      648, 610, 609, -1,
      633, 632, 644, -1,
      644, 632, 631, -1,
      644, 631, 645, -1,
      645, 631, 630, -1,
      645, 630, 646, -1,
      646, 630, 629, -1,
      646, 629, 647, -1,
      647, 629, 628, -1,
      647, 628, 648, -1,
      648, 628, 627, -1,
      648, 627, 626, -1,
      626, 625, 648, -1,
      648, 625, 624, -1,
      648, 624, 623, -1,
      578, 577, 580, -1,
      580, 577, 576, -1,
      580, 576, 575, -1,
      567, 559, 568, -1,
      568, 559, 558, -1,
      568, 558, 557, -1,
      615, 614, 648, -1,
      648, 614, 613, -1,
      648, 613, 612, -1,
      641, 640, 636, -1,
      623, 622, 648, -1,
      648, 622, 621, -1,
      648, 621, 620, -1,
      584, 583, 575, -1,
      575, 583, 582, -1,
      575, 582, 581, -1,
      567, 566, 559, -1,
      559, 566, 565, -1,
      559, 565, 560, -1,
      560, 565, 564, -1,
      564, 563, 560, -1,
      560, 563, 562, -1,
      560, 562, 561, -1,
      641, 636, 642, -1,
      620, 619, 648, -1,
      648, 619, 618, -1,
      648, 618, 617, -1,
      635, 644, 636, -1,
      636, 644, 643, -1,
      636, 643, 642, -1,
      640, 639, 636, -1,
      636, 639, 638, -1,
      636, 638, 637, -1,
      649, 7, 650, -1,
      650, 7, 25, -1,
      651, 17, 649, -1,
      649, 17, 7, -1,
      652, 19, 651, -1,
      651, 19, 17, -1,
      19, 652, 653, -1,
      19, 653, 654, -1,
      654, 653, 655, -1,
      654, 655, 656, -1,
      656, 655, 657, -1,
      656, 657, 119, -1,
      119, 657, 658, -1,
      119, 658, 140, -1,
      140, 658, 659, -1,
      140, 659, 660, -1,
      660, 659, 661, -1,
      660, 661, 166, -1,
      166, 661, 662, -1,
      166, 662, 164, -1,
      164, 662, 663, -1,
      164, 663, 165, -1,
      165, 663, 664, -1,
      165, 664, 167, -1,
      167, 664, 665, -1,
      167, 665, 168, -1,
      168, 665, 666, -1,
      168, 666, 142, -1,
      142, 666, 667, -1,
      142, 667, 141, -1,
      141, 667, 668, -1,
      141, 668, 20, -1,
      20, 668, 669, -1,
      20, 669, 113, -1,
      113, 669, 670, -1,
      113, 670, 671, -1,
      671, 670, 672, -1,
      671, 672, 115, -1,
      115, 672, 673, -1,
      115, 673, 674, -1,
      674, 673, 675, -1,
      674, 675, 676, -1,
      676, 675, 677, -1,
      676, 677, 678, -1,
      678, 677, 679, -1,
      678, 679, 680, -1,
      680, 679, 681, -1,
      680, 681, 682, -1,
      682, 681, 683, -1,
      682, 683, 684, -1,
      684, 683, 685, -1,
      684, 685, 80, -1,
      80, 685, 686, -1,
      80, 686, 116, -1,
      116, 686, 687, -1,
      116, 687, 117, -1,
      117, 687, 688, -1,
      117, 688, 118, -1,
      118, 688, 689, -1,
      118, 689, 82, -1,
      82, 689, 690, -1,
      82, 690, 81, -1,
      81, 690, 691, -1,
      81, 691, 38, -1,
      38, 691, 692, -1,
      38, 692, 114, -1,
      693, 18, 692, -1,
      692, 18, 114, -1,
      694, 16, 693, -1,
      693, 16, 18, -1,
      16, 694, 695, -1,
      16, 695, 696, -1,
      696, 695, 697, -1,
      696, 697, 698, -1,
      698, 697, 699, -1,
      698, 699, 700, -1,
      700, 699, 701, -1,
      700, 701, 173, -1,
      173, 701, 702, -1,
      173, 702, 703, -1,
      703, 702, 704, -1,
      703, 704, 43, -1,
      43, 704, 705, -1,
      43, 705, 170, -1,
      170, 705, 706, -1,
      170, 706, 2, -1,
      2, 706, 707, -1,
      2, 707, 0, -1,
      0, 707, 708, -1,
      0, 708, 51, -1,
      51, 708, 709, -1,
      51, 709, 52, -1,
      52, 709, 710, -1,
      52, 710, 32, -1,
      32, 710, 711, -1,
      32, 711, 33, -1,
      33, 711, 712, -1,
      33, 712, 48, -1,
      48, 712, 713, -1,
      48, 713, 714, -1,
      714, 713, 715, -1,
      714, 715, 50, -1,
      50, 715, 716, -1,
      50, 716, 717, -1,
      717, 716, 718, -1,
      717, 718, 719, -1,
      719, 718, 720, -1,
      719, 720, 721, -1,
      721, 720, 722, -1,
      721, 722, 723, -1,
      723, 722, 724, -1,
      723, 724, 725, -1,
      725, 724, 726, -1,
      725, 726, 727, -1,
      727, 726, 728, -1,
      727, 728, 729, -1,
      729, 728, 730, -1,
      729, 730, 14, -1,
      14, 730, 731, -1,
      14, 731, 15, -1,
      15, 731, 732, -1,
      15, 732, 23, -1,
      23, 732, 733, -1,
      23, 733, 24, -1,
      24, 733, 734, -1,
      24, 734, 26, -1,
      735, 27, 734, -1,
      734, 27, 26, -1,
      735, 650, 27, -1,
      27, 650, 25, -1,
      651, 649, 735, -1,
      735, 649, 650, -1,
      735, 658, 657, -1,
      652, 651, 653, -1,
      653, 651, 735, -1,
      653, 735, 655, -1,
      655, 735, 657, -1,
      663, 662, 728, -1,
      695, 694, 693, -1,
      720, 718, 667, -1,
      735, 734, 658, -1,
      658, 734, 733, -1,
      658, 733, 659, -1,
      659, 733, 732, -1,
      659, 732, 661, -1,
      661, 732, 731, -1,
      661, 731, 662, -1,
      662, 731, 730, -1,
      662, 730, 728, -1,
      667, 718, 668, -1,
      668, 718, 716, -1,
      668, 716, 669, -1,
      693, 692, 695, -1,
      695, 692, 691, -1,
      695, 691, 697, -1,
      697, 691, 690, -1,
      697, 690, 699, -1,
      699, 690, 689, -1,
      699, 689, 701, -1,
      701, 689, 688, -1,
      701, 688, 702, -1,
      702, 688, 687, -1,
      702, 687, 704, -1,
      704, 687, 686, -1,
      704, 686, 705, -1,
      705, 686, 685, -1,
      705, 685, 706, -1,
      706, 685, 683, -1,
      706, 683, 707, -1,
      707, 683, 681, -1,
      707, 681, 708, -1,
      708, 681, 679, -1,
      708, 679, 709, -1,
      709, 679, 677, -1,
      709, 677, 710, -1,
      710, 677, 675, -1,
      710, 675, 711, -1,
      711, 675, 673, -1,
      711, 673, 712, -1,
      667, 666, 720, -1,
      720, 666, 665, -1,
      720, 665, 722, -1,
      722, 665, 664, -1,
      722, 664, 724, -1,
      724, 664, 663, -1,
      724, 663, 726, -1,
      726, 663, 728, -1,
      673, 672, 712, -1,
      712, 672, 670, -1,
      712, 670, 713, -1,
      713, 670, 669, -1,
      713, 669, 715, -1,
      715, 669, 716, -1,
    ]
  }
}

Shape {
  appearance Appearance {
    material Material {
      diffuseColor 0.1176 0.1176 0.1765
      specularColor 0.0588 0.0588 0.0863
      ambientIntensity 0.2
      transparency 0.0000
      shininess 0.5
    }
  }
  geometry IndexedFaceSet {
    ccw TRUE
    solid FALSE
    coord DEF co Coordinate {
      point [
        0.255906 -0.082176 0.157480,
        0.255906 -0.080141 0.157480,
        0.255906 0.029710 0.157480,
        0.255906 0.032417 0.157480,
        0.255906 0.065541 0.157480,
        0.255906 0.177165 0.157480,
        0.169261 0.177165 0.157480,
        0.154326 0.177165 0.157480,
        0.041117 0.177165 0.157480,
        -0.018085 0.177165 0.157480,
        -0.070720 0.177165 0.157480,
        -0.156239 0.177165 0.157480,
        -0.231563 0.177165 0.157480,
        0.097578 0.177165 0.157480,
        -0.070720 -0.177165 0.157480,
        -0.018085 -0.177165 0.157480,
        0.041117 -0.177165 0.157480,
        0.097578 -0.177165 0.157480,
        0.154326 -0.177165 0.157480,
        0.169261 -0.177165 0.157480,
        0.255906 -0.177165 0.157480,
        -0.156239 -0.177165 0.157480,
        -0.231563 -0.177165 0.157480,
        -0.255906 0.177165 0.157480,
        -0.255906 0.065541 0.157480,
        -0.255906 0.032417 0.157480,
        -0.255906 0.029710 0.157480,
        -0.255906 -0.080141 0.157480,
        -0.255906 -0.082176 0.157480,
        -0.255906 -0.177165 0.157480,
        0.275591 0.177165 0.039370,
        0.275591 0.177165 0.137795,
        0.275591 -0.177165 0.039370,
        0.275591 -0.177165 0.137795,
        0.255906 0.196850 0.019685,
        0.255906 0.196850 0.137795,
        -0.255906 0.196850 0.137795,
        -0.255906 0.196850 0.019685,
        -0.275591 0.177165 0.137795,
        -0.275591 0.177165 0.019685,
        -0.275591 -0.177165 0.137795,
        -0.275591 -0.177165 0.019685,
        -0.255906 -0.196850 0.137795,
        0.255906 -0.196850 0.137795,
        -0.255906 -0.196850 0.019685,
        0.255906 -0.196850 0.019685,
        0.255906 -0.024426 0.019685,
        -0.261000 0.196180 0.019685,
        -0.272953 0.187008 0.019685,
        -0.269825 0.191085 0.019685,
        -0.265748 0.194213 0.019685,
        -0.274920 0.182260 0.019685,
        -0.261000 -0.196180 0.019685,
        -0.265748 -0.194213 0.019685,
        -0.269825 -0.191085 0.019685,
        -0.274920 -0.182260 0.019685,
        -0.272953 -0.187008 0.019685,
        -0.074970 -0.001464 0.019685,
        -0.080495 0.023502 0.019685,
        -0.078315 -0.000766 0.019685,
        -0.080730 -0.000013 0.019685,
        -0.081514 0.000399 0.019685,
        -0.083641 0.001846 0.019685,
        -0.085931 -0.000356 0.019685,
        -0.049124 -0.019471 0.019685,
        -0.045387 -0.019899 0.019685,
        -0.051737 -0.019128 0.019685,
        -0.053635 -0.018648 0.019685,
        -0.055007 -0.018043 0.019685,
        -0.056033 -0.017230 0.019685,
        -0.057003 -0.015988 0.019685,
        -0.058772 -0.011955 0.019685,
        -0.060131 -0.003756 0.019685,
        -0.060260 0.007874 0.019685,
        -0.059546 0.017811 0.019685,
        -0.058691 0.021511 0.019685,
        -0.057777 0.023468 0.019685,
        -0.056660 0.024914 0.019685,
        -0.055699 0.025665 0.019685,
        -0.054263 0.026284 0.019685,
        -0.051678 0.026824 0.019685,
        -0.047983 0.026540 0.019685,
        -0.044367 0.025717 0.019685,
        -0.042756 0.025037 0.019685,
        -0.042756 -0.019899 0.019685,
        -0.044072 -0.019937 0.019685,
        0.258475 0.196682 0.019854,
        0.261000 0.196180 0.137795,
        0.265748 0.194213 0.137795,
        0.263439 0.195352 0.021183,
        0.261000 0.196180 0.020356,
        0.269825 0.191085 0.025451,
        0.267889 0.192783 0.023753,
        0.265748 0.194213 0.022322,
        0.269825 0.191085 0.137795,
        0.272953 0.187008 0.137795,
        0.272953 0.187008 0.029528,
        0.274920 0.182260 0.137795,
        0.274920 0.182260 0.034275,
        0.255906 0.196180 0.142890,
        0.260827 0.195532 0.142890,
        0.260827 0.185689 0.154843,
        0.258453 0.181578 0.156809,
        0.259508 0.180768 0.156809,
        0.261000 0.177165 0.156809,
        0.260827 0.178484 0.156809,
        0.257224 0.182087 0.156809,
        0.258453 0.186672 0.154843,
        0.259508 0.190611 0.151715,
        0.255906 0.182260 0.156809,
        0.262865 0.184125 0.154843,
        0.260318 0.179713 0.156809,
        0.264430 0.182087 0.154843,
        0.265413 0.179713 0.154843,
        0.265748 0.177165 0.154843,
        0.255906 0.187008 0.154843,
        0.255906 0.191085 0.151715,
        0.255906 0.194213 0.147638,
        0.262865 0.189220 0.151715,
        0.265748 0.187008 0.151715,
        0.267960 0.184125 0.151715,
        0.269351 0.180768 0.151715,
        0.269825 0.177165 0.151715,
        0.260318 0.193632 0.147638,
        0.264430 0.191929 0.147638,
        0.267960 0.189220 0.147638,
        0.270669 0.185689 0.147638,
        0.272372 0.181578 0.147638,
        0.272953 0.177165 0.147638,
        0.265413 0.193632 0.142890,
        0.269351 0.190611 0.142890,
        0.272372 0.186672 0.142890,
        0.274272 0.182087 0.142890,
        0.274920 0.177165 0.142890,
        0.258475 -0.196682 0.019854,
        0.261000 -0.196180 0.020356,
        0.263439 -0.195352 0.021183,
        0.265748 -0.194213 0.022322,
        0.267889 -0.192783 0.023753,
        0.269825 -0.191085 0.025451,
        0.272953 -0.187008 0.029528,
        0.274920 -0.182260 0.034275,
        -0.261000 0.196180 0.137795,
        -0.265748 0.194213 0.137795,
        -0.269825 0.191085 0.137795,
        -0.272953 0.187008 0.137795,
        -0.274920 0.182260 0.137795,
        -0.255906 0.182260 0.156809,
        -0.255906 0.187008 0.154843,
        -0.255906 0.191085 0.151715,
        -0.255906 0.194213 0.147638,
        -0.255906 0.196180 0.142890,
        0.261000 -0.177165 0.156809,
        0.265748 -0.177165 0.154843,
        0.269825 -0.177165 0.151715,
        0.272953 -0.177165 0.147638,
        0.274920 -0.177165 0.142890,
        0.274920 -0.182260 0.137795,
        0.272953 -0.187008 0.137795,
        0.269825 -0.191085 0.137795,
        0.265748 -0.194213 0.137795,
        0.261000 -0.196180 0.137795,
        -0.274920 0.177165 0.142890,
        -0.274272 0.182087 0.142890,
        -0.264430 0.182087 0.154843,
        -0.260318 0.179713 0.156809,
        -0.259508 0.180768 0.156809,
        -0.257224 0.182087 0.156809,
        -0.260827 0.178484 0.156809,
        -0.265413 0.179713 0.154843,
        -0.269351 0.180768 0.151715,
        -0.261000 0.177165 0.156809,
        -0.262865 0.184125 0.154843,
        -0.258453 0.181578 0.156809,
        -0.260827 0.185689 0.154843,
        -0.258453 0.186672 0.154843,
        -0.265748 0.177165 0.154843,
        -0.269825 0.177165 0.151715,
        -0.272953 0.177165 0.147638,
        -0.267960 0.184125 0.151715,
        -0.265748 0.187008 0.151715,
        -0.262865 0.189220 0.151715,
        -0.259508 0.190611 0.151715,
        -0.272372 0.181578 0.147638,
        -0.270669 0.185689 0.147638,
        -0.267960 0.189220 0.147638,
        -0.264430 0.191929 0.147638,
        -0.260318 0.193632 0.147638,
        -0.272372 0.186672 0.142890,
        -0.269351 0.190611 0.142890,
        -0.265413 0.193632 0.142890,
        -0.260827 0.195532 0.142890,
        0.274272 -0.182087 0.142890,
        0.264430 -0.182087 0.154843,
        0.260318 -0.179713 0.156809,
        0.259508 -0.180768 0.156809,
        0.255906 -0.182260 0.156809,
        0.257224 -0.182087 0.156809,
        0.260827 -0.178484 0.156809,
        0.265413 -0.179713 0.154843,
        0.269351 -0.180768 0.151715,
        0.262865 -0.184125 0.154843,
        0.258453 -0.181578 0.156809,
        0.260827 -0.185689 0.154843,
        0.258453 -0.186672 0.154843,
        0.255906 -0.187008 0.154843,
        0.267960 -0.184125 0.151715,
        0.265748 -0.187008 0.151715,
        0.262865 -0.189220 0.151715,
        0.259508 -0.190611 0.151715,
        0.255906 -0.191085 0.151715,
        0.272372 -0.181578 0.147638,
        0.270669 -0.185689 0.147638,
        0.267960 -0.189220 0.147638,
        0.264430 -0.191929 0.147638,
        0.260318 -0.193632 0.147638,
        0.255906 -0.194213 0.147638,
        0.272372 -0.186672 0.142890,
        0.269351 -0.190611 0.142890,
        0.265413 -0.193632 0.142890,
        0.260827 -0.195532 0.142890,
        0.255906 -0.196180 0.142890,
        -0.261000 -0.177165 0.156809,
        -0.265748 -0.177165 0.154843,
        -0.269825 -0.177165 0.151715,
        -0.272953 -0.177165 0.147638,
        -0.274920 -0.177165 0.142890,
        -0.255906 -0.182260 0.156809,
        -0.255906 -0.187008 0.154843,
        -0.255906 -0.191085 0.151715,
        -0.255906 -0.194213 0.147638,
        -0.255906 -0.196180 0.142890,
        -0.260827 -0.195532 0.142890,
        -0.260827 -0.185689 0.154843,
        -0.258453 -0.181578 0.156809,
        -0.259508 -0.180768 0.156809,
        -0.260827 -0.178484 0.156809,
        -0.257224 -0.182087 0.156809,
        -0.258453 -0.186672 0.154843,
        -0.259508 -0.190611 0.151715,
        -0.262865 -0.184125 0.154843,
        -0.260318 -0.179713 0.156809,
        -0.264430 -0.182087 0.154843,
        -0.265413 -0.179713 0.154843,
        -0.262865 -0.189220 0.151715,
        -0.265748 -0.187008 0.151715,
        -0.267960 -0.184125 0.151715,
        -0.269351 -0.180768 0.151715,
        -0.260318 -0.193632 0.147638,
        -0.264430 -0.191929 0.147638,
        -0.267960 -0.189220 0.147638,
        -0.270669 -0.185689 0.147638,
        -0.272372 -0.181578 0.147638,
        -0.265413 -0.193632 0.142890,
        -0.269351 -0.190611 0.142890,
        -0.272372 -0.186672 0.142890,
        -0.274272 -0.182087 0.142890,
        -0.261000 -0.196180 0.137795,
        -0.265748 -0.194213 0.137795,
        -0.269825 -0.191085 0.137795,
        -0.272953 -0.187008 0.137795,
        -0.274920 -0.182260 0.137795,
      ]
    }
    coordIndex [
      62, 63, 58, -1,
      58, 57, 59, -1,
      59, 60, 58, -1,
      58, 60, 61, -1,
      58, 61, 62, -1,
      83, 84, 82, -1,
      82, 84, 85, -1,
      85, 65, 82, -1,
      82, 65, 64, -1,
      82, 64, 66, -1,
      79, 74, 75, -1,
      79, 80, 74, -1,
      74, 80, 81, -1,
      74, 81, 73, -1,
      73, 81, 82, -1,
      73, 82, 72, -1,
      66, 67, 82, -1,
      82, 67, 68, -1,
      82, 68, 69, -1,
      69, 70, 82, -1,
      82, 70, 71, -1,
      82, 71, 72, -1,
      75, 76, 79, -1,
      79, 76, 77, -1,
      79, 77, 78, -1,
      34, 35, 86, -1,
      86, 35, 87, -1,
      88, 89, 87, -1,
      87, 89, 90, -1,
      87, 90, 86, -1,
      91, 92, 88, -1,
      88, 92, 93, -1,
      88, 93, 89, -1,
      88, 94, 91, -1,
      91, 94, 95, -1,
      91, 95, 96, -1,
      96, 95, 97, -1,
      96, 97, 98, -1,
      98, 97, 31, -1,
      98, 31, 30, -1,
      35, 99, 100, -1,
      101, 102, 103, -1,
      5, 104, 105, -1,
      103, 102, 5, -1,
      106, 5, 102, -1,
      106, 102, 107, -1,
      107, 102, 101, -1,
      107, 101, 108, -1,
      109, 5, 106, -1,
      110, 111, 112, -1,
      112, 111, 105, -1,
      112, 105, 113, -1,
      113, 105, 104, -1,
      113, 104, 114, -1,
      109, 106, 115, -1,
      115, 106, 107, -1,
      115, 107, 116, -1,
      116, 107, 108, -1,
      116, 108, 117, -1,
      118, 110, 119, -1,
      119, 110, 112, -1,
      119, 112, 120, -1,
      120, 112, 113, -1,
      120, 113, 121, -1,
      121, 113, 114, -1,
      121, 114, 122, -1,
      123, 118, 124, -1,
      124, 118, 119, -1,
      124, 119, 125, -1,
      125, 119, 120, -1,
      125, 120, 126, -1,
      126, 120, 121, -1,
      126, 121, 127, -1,
      127, 121, 122, -1,
      127, 122, 128, -1,
      99, 123, 100, -1,
      100, 123, 124, -1,
      100, 124, 129, -1,
      129, 124, 125, -1,
      129, 125, 130, -1,
      130, 125, 126, -1,
      130, 126, 131, -1,
      131, 126, 127, -1,
      131, 127, 132, -1,
      132, 127, 128, -1,
      132, 128, 133, -1,
      35, 100, 87, -1,
      87, 100, 129, -1,
      87, 129, 88, -1,
      88, 129, 130, -1,
      88, 130, 94, -1,
      94, 130, 131, -1,
      94, 131, 95, -1,
      95, 131, 132, -1,
      95, 132, 97, -1,
      97, 132, 133, -1,
      97, 133, 31, -1,
      111, 5, 105, -1,
      99, 117, 123, -1,
      123, 117, 108, -1,
      123, 108, 118, -1,
      118, 108, 101, -1,
      118, 101, 110, -1,
      110, 101, 103, -1,
      110, 103, 111, -1,
      111, 103, 5, -1,
      134, 45, 46, -1,
      90, 46, 86, -1,
      86, 46, 34, -1,
      134, 46, 135, -1,
      135, 46, 90, -1,
      135, 90, 136, -1,
      136, 90, 89, -1,
      136, 89, 137, -1,
      137, 89, 93, -1,
      137, 93, 138, -1,
      138, 93, 92, -1,
      138, 92, 139, -1,
      92, 91, 139, -1,
      139, 91, 96, -1,
      139, 96, 140, -1,
      140, 96, 98, -1,
      140, 98, 141, -1,
      141, 98, 30, -1,
      141, 30, 32, -1,
      36, 37, 47, -1,
      36, 47, 142, -1,
      142, 47, 50, -1,
      142, 50, 143, -1,
      143, 50, 49, -1,
      143, 49, 144, -1,
      144, 49, 48, -1,
      144, 48, 145, -1,
      145, 48, 51, -1,
      145, 51, 146, -1,
      146, 51, 39, -1,
      146, 39, 38, -1,
      147, 23, 12, -1,
      12, 11, 147, -1,
      147, 11, 10, -1,
      147, 10, 9, -1,
      9, 8, 109, -1,
      109, 8, 13, -1,
      13, 7, 109, -1,
      109, 7, 6, -1,
      109, 6, 5, -1,
      9, 109, 147, -1,
      147, 109, 115, -1,
      147, 115, 148, -1,
      148, 115, 116, -1,
      148, 116, 149, -1,
      149, 116, 117, -1,
      149, 117, 150, -1,
      150, 117, 99, -1,
      150, 99, 151, -1,
      151, 99, 35, -1,
      151, 35, 36, -1,
      5, 4, 104, -1,
      104, 4, 3, -1,
      104, 3, 2, -1,
      2, 1, 152, -1,
      152, 1, 0, -1,
      152, 0, 20, -1,
      2, 152, 104, -1,
      104, 152, 153, -1,
      104, 153, 114, -1,
      114, 153, 154, -1,
      114, 154, 122, -1,
      122, 154, 155, -1,
      122, 155, 128, -1,
      128, 155, 156, -1,
      128, 156, 133, -1,
      133, 156, 33, -1,
      133, 33, 31, -1,
      32, 33, 157, -1,
      32, 157, 141, -1,
      141, 157, 158, -1,
      141, 158, 140, -1,
      140, 158, 159, -1,
      140, 159, 139, -1,
      139, 159, 138, -1,
      138, 159, 160, -1,
      138, 160, 137, -1,
      137, 160, 136, -1,
      136, 160, 161, -1,
      136, 161, 135, -1,
      135, 161, 134, -1,
      134, 161, 43, -1,
      134, 43, 45, -1,
      38, 162, 163, -1,
      164, 165, 166, -1,
      23, 147, 167, -1,
      166, 165, 23, -1,
      168, 23, 165, -1,
      168, 165, 169, -1,
      169, 165, 164, -1,
      169, 164, 170, -1,
      171, 23, 168, -1,
      172, 173, 174, -1,
      174, 173, 167, -1,
      174, 167, 175, -1,
      175, 167, 147, -1,
      175, 147, 148, -1,
      171, 168, 176, -1,
      176, 168, 169, -1,
      176, 169, 177, -1,
      177, 169, 170, -1,
      177, 170, 178, -1,
      179, 172, 180, -1,
      180, 172, 174, -1,
      180, 174, 181, -1,
      181, 174, 175, -1,
      181, 175, 182, -1,
      182, 175, 148, -1,
      182, 148, 149, -1,
      183, 179, 184, -1,
      184, 179, 180, -1,
      184, 180, 185, -1,
      185, 180, 181, -1,
      185, 181, 186, -1,
      186, 181, 182, -1,
      186, 182, 187, -1,
      187, 182, 149, -1,
      187, 149, 150, -1,
      162, 183, 163, -1,
      163, 183, 184, -1,
      163, 184, 188, -1,
      188, 184, 185, -1,
      188, 185, 189, -1,
      189, 185, 186, -1,
      189, 186, 190, -1,
      190, 186, 187, -1,
      190, 187, 191, -1,
      191, 187, 150, -1,
      191, 150, 151, -1,
      38, 163, 146, -1,
      146, 163, 188, -1,
      146, 188, 145, -1,
      145, 188, 189, -1,
      145, 189, 144, -1,
      144, 189, 190, -1,
      144, 190, 143, -1,
      143, 190, 191, -1,
      143, 191, 142, -1,
      142, 191, 151, -1,
      142, 151, 36, -1,
      173, 23, 167, -1,
      162, 178, 183, -1,
      183, 178, 170, -1,
      183, 170, 179, -1,
      179, 170, 164, -1,
      179, 164, 172, -1,
      172, 164, 166, -1,
      172, 166, 173, -1,
      173, 166, 23, -1,
      33, 156, 192, -1,
      193, 194, 195, -1,
      20, 196, 197, -1,
      195, 194, 20, -1,
      198, 20, 194, -1,
      198, 194, 199, -1,
      199, 194, 193, -1,
      199, 193, 200, -1,
      152, 20, 198, -1,
      201, 202, 203, -1,
      203, 202, 197, -1,
      203, 197, 204, -1,
      204, 197, 196, -1,
      204, 196, 205, -1,
      152, 198, 153, -1,
      153, 198, 199, -1,
      153, 199, 154, -1,
      154, 199, 200, -1,
      154, 200, 155, -1,
      206, 201, 207, -1,
      207, 201, 203, -1,
      207, 203, 208, -1,
      208, 203, 204, -1,
      208, 204, 209, -1,
      209, 204, 205, -1,
      209, 205, 210, -1,
      211, 206, 212, -1,
      212, 206, 207, -1,
      212, 207, 213, -1,
      213, 207, 208, -1,
      213, 208, 214, -1,
      214, 208, 209, -1,
      214, 209, 215, -1,
      215, 209, 210, -1,
      215, 210, 216, -1,
      156, 211, 192, -1,
      192, 211, 212, -1,
      192, 212, 217, -1,
      217, 212, 213, -1,
      217, 213, 218, -1,
      218, 213, 214, -1,
      218, 214, 219, -1,
      219, 214, 215, -1,
      219, 215, 220, -1,
      220, 215, 216, -1,
      220, 216, 221, -1,
      33, 192, 157, -1,
      157, 192, 217, -1,
      157, 217, 158, -1,
      158, 217, 218, -1,
      158, 218, 159, -1,
      159, 218, 219, -1,
      159, 219, 160, -1,
      160, 219, 220, -1,
      160, 220, 161, -1,
      161, 220, 221, -1,
      161, 221, 43, -1,
      202, 20, 197, -1,
      156, 155, 211, -1,
      211, 155, 200, -1,
      211, 200, 206, -1,
      206, 200, 193, -1,
      206, 193, 201, -1,
      201, 193, 195, -1,
      201, 195, 202, -1,
      202, 195, 20, -1,
      29, 28, 222, -1,
      222, 28, 27, -1,
      171, 27, 26, -1,
      26, 25, 171, -1,
      171, 25, 24, -1,
      171, 24, 23, -1,
      27, 171, 222, -1,
      222, 171, 176, -1,
      222, 176, 223, -1,
      223, 176, 177, -1,
      223, 177, 224, -1,
      224, 177, 178, -1,
      224, 178, 225, -1,
      225, 178, 162, -1,
      225, 162, 226, -1,
      226, 162, 38, -1,
      226, 38, 40, -1,
      20, 19, 196, -1,
      196, 19, 18, -1,
      18, 17, 196, -1,
      196, 17, 16, -1,
      196, 16, 15, -1,
      227, 15, 14, -1,
      14, 21, 227, -1,
      227, 21, 22, -1,
      227, 22, 29, -1,
      15, 227, 196, -1,
      196, 227, 228, -1,
      196, 228, 205, -1,
      205, 228, 229, -1,
      205, 229, 210, -1,
      210, 229, 230, -1,
      210, 230, 216, -1,
      216, 230, 231, -1,
      216, 231, 221, -1,
      221, 231, 42, -1,
      221, 42, 43, -1,
      42, 231, 232, -1,
      233, 234, 235, -1,
      29, 222, 236, -1,
      235, 234, 29, -1,
      237, 29, 234, -1,
      237, 234, 238, -1,
      238, 234, 233, -1,
      238, 233, 239, -1,
      227, 29, 237, -1,
      240, 241, 242, -1,
      242, 241, 236, -1,
      242, 236, 243, -1,
      243, 236, 222, -1,
      243, 222, 223, -1,
      227, 237, 228, -1,
      228, 237, 238, -1,
      228, 238, 229, -1,
      229, 238, 239, -1,
      229, 239, 230, -1,
      244, 240, 245, -1,
      245, 240, 242, -1,
      245, 242, 246, -1,
      246, 242, 243, -1,
      246, 243, 247, -1,
      247, 243, 223, -1,
      247, 223, 224, -1,
      248, 244, 249, -1,
      249, 244, 245, -1,
      249, 245, 250, -1,
      250, 245, 246, -1,
      250, 246, 251, -1,
      251, 246, 247, -1,
      251, 247, 252, -1,
      252, 247, 224, -1,
      252, 224, 225, -1,
      231, 248, 232, -1,
      232, 248, 249, -1,
      232, 249, 253, -1,
      253, 249, 250, -1,
      253, 250, 254, -1,
      254, 250, 251, -1,
      254, 251, 255, -1,
      255, 251, 252, -1,
      255, 252, 256, -1,
      256, 252, 225, -1,
      256, 225, 226, -1,
      42, 232, 257, -1,
      257, 232, 253, -1,
      257, 253, 258, -1,
      258, 253, 254, -1,
      258, 254, 259, -1,
      259, 254, 255, -1,
      259, 255, 260, -1,
      260, 255, 256, -1,
      260, 256, 261, -1,
      261, 256, 226, -1,
      261, 226, 40, -1,
      241, 29, 236, -1,
      231, 230, 248, -1,
      248, 230, 239, -1,
      248, 239, 244, -1,
      244, 239, 233, -1,
      244, 233, 240, -1,
      240, 233, 235, -1,
      240, 235, 241, -1,
      241, 235, 29, -1,
      40, 41, 55, -1,
      40, 55, 261, -1,
      261, 55, 56, -1,
      261, 56, 260, -1,
      260, 56, 54, -1,
      260, 54, 259, -1,
      259, 54, 53, -1,
      259, 53, 258, -1,
      258, 53, 52, -1,
      258, 52, 257, -1,
      257, 52, 44, -1,
      257, 44, 42, -1,
    ]
  }
}

Shape {
  appearance Appearance {
    material Material {
      diffuseColor 0.5373 0.3490 0.3373
      specularColor 0.3765 0.2431 0.2353
      ambientIntensity 0.2
      transparency 0.0000
      shininess 0.5
    }
  }
  geometry IndexedFaceSet {
    ccw TRUE
    solid FALSE
    coord DEF co Coordinate {
      point [
        0.241142 0.196850 0.019685,
        0.241142 0.196850 0.039370,
        0.172244 0.196850 0.039370,
        0.034449 0.196850 0.039370,
        0.034449 0.196850 0.019685,
        -0.034449 0.196850 0.039370,
        -0.103346 0.196850 0.039370,
        0.172244 0.196850 0.019685,
        0.103346 0.196850 0.019685,
        0.103346 0.196850 0.039370,
        -0.034449 0.196850 0.019685,
        -0.241142 0.196850 0.019685,
        -0.241142 0.196850 0.039370,
        -0.172244 0.196850 0.039370,
        -0.172244 0.196850 0.019685,
        -0.103346 0.196850 0.019685,
        0.034449 -0.196850 0.039370,
        0.103346 -0.196850 0.039370,
        -0.172244 -0.196850 0.039370,
        -0.241142 -0.196850 0.039370,
        -0.241142 -0.196850 0.019685,
        -0.034449 -0.196850 0.039370,
        -0.034449 -0.196850 0.019685,
        0.241142 -0.196850 0.019685,
        0.241142 -0.196850 0.039370,
        0.172244 -0.196850 0.039370,
        0.172244 -0.196850 0.019685,
        0.103346 -0.196850 0.019685,
        -0.172244 -0.196850 0.019685,
        -0.103346 -0.196850 0.019685,
        -0.103346 -0.196850 0.039370,
        0.034449 -0.196850 0.019685,
        0.034449 0.078740 0.019685,
        0.241142 0.059055 0.019685,
        0.103346 0.078740 0.019685,
        0.172244 0.039370 0.019685,
        0.221457 0.039370 0.019685,
        -0.241142 0.078740 0.019685,
        -0.172244 0.078740 0.019685,
        -0.103346 0.078740 0.019685,
        -0.034449 0.078740 0.019685,
        -0.034449 -0.078740 0.019685,
        -0.103346 -0.078740 0.019685,
        -0.172244 -0.078740 0.019685,
        -0.241142 -0.078740 0.019685,
        0.241142 -0.078740 0.019685,
        0.172244 -0.078740 0.019685,
        0.034449 -0.078740 0.019685,
        0.103346 -0.078740 0.019685,
        0.241142 0.201554 0.039370,
        0.172244 0.201554 0.039370,
        0.172244 0.201554 0.009843,
        0.172244 0.039370 0.009843,
        0.241142 0.059055 0.009843,
        0.241142 0.201554 0.009843,
        0.221457 0.039370 0.009843,
        0.172244 -0.198982 0.039370,
        0.241142 -0.198982 0.039370,
        0.241142 -0.198982 0.009843,
        0.241142 -0.078740 0.009843,
        0.172244 -0.078740 0.009843,
        0.172244 -0.198982 0.009843,
        0.103346 0.201554 0.039370,
        0.034449 0.201554 0.039370,
        0.034449 0.201554 0.009843,
        0.034449 0.078740 0.009843,
        0.103346 0.078740 0.009843,
        0.103346 0.201554 0.009843,
        0.034449 -0.198982 0.039370,
        0.103346 -0.198982 0.039370,
        0.103346 -0.198982 0.009843,
        0.103346 -0.078740 0.009843,
        0.034449 -0.078740 0.009843,
        0.034449 -0.198982 0.009843,
        -0.034449 0.201554 0.039370,
        -0.103346 0.201554 0.039370,
        -0.103346 0.201554 0.009843,
        -0.103346 0.078740 0.009843,
        -0.034449 0.078740 0.009843,
        -0.034449 0.201554 0.009843,
        -0.103346 -0.198982 0.039370,
        -0.034449 -0.198982 0.039370,
        -0.034449 -0.198982 0.009843,
        -0.034449 -0.078740 0.009843,
        -0.103346 -0.078740 0.009843,
        -0.103346 -0.198982 0.009843,
        -0.172244 0.201554 0.039370,
        -0.241142 0.201554 0.039370,
        -0.241142 0.201554 0.009843,
        -0.241142 0.078740 0.009843,
        -0.172244 0.078740 0.009843,
        -0.172244 0.201554 0.009843,
        -0.241142 -0.198982 0.039370,
        -0.172244 -0.198982 0.039370,
        -0.172244 -0.198982 0.009843,
        -0.172244 -0.078740 0.009843,
        -0.241142 -0.078740 0.009843,
        -0.241142 -0.198982 0.009843,
      ]
    }
    coordIndex [
      49, 50, 1, -1,
      1, 50, 2, -1,
      2, 50, 7, -1,
      7, 50, 51, -1,
      7, 51, 35, -1,
      35, 51, 52, -1,
      33, 53, 0, -1,
      0, 53, 54, -1,
      0, 54, 1, -1,
      1, 54, 49, -1,
      51, 50, 54, -1,
      54, 50, 49, -1,
      54, 53, 51, -1,
      51, 53, 55, -1,
      51, 55, 52, -1,
      25, 56, 24, -1,
      24, 56, 57, -1,
      24, 57, 23, -1,
      23, 57, 58, -1,
      23, 58, 45, -1,
      45, 58, 59, -1,
      59, 60, 45, -1,
      45, 60, 46, -1,
      56, 25, 26, -1,
      46, 60, 26, -1,
      26, 60, 61, -1,
      26, 61, 56, -1,
      58, 57, 61, -1,
      61, 57, 56, -1,
      59, 58, 60, -1,
      60, 58, 61, -1,
      62, 63, 9, -1,
      9, 63, 3, -1,
      3, 63, 4, -1,
      4, 63, 64, -1,
      4, 64, 32, -1,
      32, 64, 65, -1,
      65, 66, 32, -1,
      32, 66, 34, -1,
      34, 66, 8, -1,
      8, 66, 67, -1,
      8, 67, 9, -1,
      9, 67, 62, -1,
      64, 63, 67, -1,
      67, 63, 62, -1,
      67, 66, 64, -1,
      64, 66, 65, -1,
      16, 68, 17, -1,
      17, 68, 69, -1,
      17, 69, 27, -1,
      27, 69, 70, -1,
      27, 70, 48, -1,
      48, 70, 71, -1,
      71, 72, 48, -1,
      48, 72, 47, -1,
      68, 16, 31, -1,
      47, 72, 31, -1,
      31, 72, 73, -1,
      31, 73, 68, -1,
      70, 69, 73, -1,
      73, 69, 68, -1,
      71, 70, 72, -1,
      72, 70, 73, -1,
      74, 75, 5, -1,
      5, 75, 6, -1,
      6, 75, 15, -1,
      15, 75, 76, -1,
      15, 76, 39, -1,
      39, 76, 77, -1,
      77, 78, 39, -1,
      39, 78, 40, -1,
      40, 78, 10, -1,
      10, 78, 79, -1,
      10, 79, 5, -1,
      5, 79, 74, -1,
      76, 75, 79, -1,
      79, 75, 74, -1,
      79, 78, 76, -1,
      76, 78, 77, -1,
      30, 80, 21, -1,
      21, 80, 81, -1,
      21, 81, 22, -1,
      22, 81, 82, -1,
      22, 82, 41, -1,
      41, 82, 83, -1,
      83, 84, 41, -1,
      41, 84, 42, -1,
      80, 30, 29, -1,
      42, 84, 29, -1,
      29, 84, 85, -1,
      29, 85, 80, -1,
      82, 81, 85, -1,
      85, 81, 80, -1,
      83, 82, 84, -1,
      84, 82, 85, -1,
      86, 87, 13, -1,
      13, 87, 12, -1,
      12, 87, 11, -1,
      11, 87, 88, -1,
      11, 88, 37, -1,
      37, 88, 89, -1,
      89, 90, 37, -1,
      37, 90, 38, -1,
      38, 90, 14, -1,
      14, 90, 91, -1,
      14, 91, 13, -1,
      13, 91, 86, -1,
      88, 87, 91, -1,
      91, 87, 86, -1,
      91, 90, 88, -1,
      88, 90, 89, -1,
      19, 92, 18, -1,
      18, 92, 93, -1,
      18, 93, 28, -1,
      28, 93, 94, -1,
      28, 94, 43, -1,
      43, 94, 95, -1,
      95, 96, 43, -1,
      43, 96, 44, -1,
      92, 19, 20, -1,
      44, 96, 20, -1,
      20, 96, 97, -1,
      20, 97, 92, -1,
      94, 93, 97, -1,
      97, 93, 92, -1,
      95, 94, 96, -1,
      96, 94, 97, -1,
      36, 55, 33, -1,
      33, 55, 53, -1,
      35, 52, 36, -1,
      36, 52, 55, -1,
    ]
  }
}
