#VRML V2.0 utf8

Shape {
  appearance Appearance {
    material Material {
      diffuseColor 0.8510 0.8510 0.8510
      specularColor 0.4235 0.4235 0.4235
      ambientIntensity 0.2
      transparency 0.0000
      shininess 0.5
    }
  }
  geometry IndexedFaceSet {
    ccw TRUE
    solid FALSE
    coord DEF co Coordinate {
      point [
        1.771654 -0.845654 -0.849754,
        1.771654 -0.800726 -0.716885,
        1.771654 -0.920245 -0.824533,
        1.771654 -0.875318 -0.691663,
        1.745280 -0.877181 -0.942994,
        1.713997 -0.890240 -0.981615,
        1.384660 -0.861973 -0.898019,
        1.377953 -0.800726 -0.716885,
        1.377953 -0.845654 -0.849754,
        1.764946 -0.861973 -0.898019,
        1.673228 -0.900260 -1.011250,
        1.625752 -0.906559 -1.029879,
        1.404326 -0.877181 -0.942994,
        1.574803 -0.908708 -1.036233,
        1.523855 -0.906559 -1.029879,
        1.476378 -0.900260 -1.011250,
        1.435609 -0.890240 -0.981615,
        1.377953 -0.920245 -0.824533,
        1.377953 -0.875318 -0.691663,
        1.764946 -0.936565 -0.872797,
        1.384660 -0.936565 -0.872797,
        1.404326 -0.951772 -0.917772,
        1.625752 -0.981151 -1.004657,
        1.673228 -0.974852 -0.986028,
        1.713997 -0.964831 -0.956393,
        1.435609 -0.964831 -0.956393,
        1.476378 -0.974852 -0.986028,
        1.523855 -0.981151 -1.004657,
        1.574803 -0.983299 -1.011011,
        1.745280 -0.951772 -0.917772,
        1.771654 -0.856666 -0.616920,
        1.771654 -0.778970 -0.629701,
        1.771654 -0.850394 -0.540142,
        1.771654 -0.771654 -0.540142,
        1.771654 -0.856666 -0.463363,
        1.771654 -0.778970 -0.450583,
        1.771654 -0.875318 -0.388621,
        1.771654 -0.800726 -0.363400,
        1.377953 -0.800726 -0.363400,
        1.377953 -0.778970 -0.450583,
        1.377953 -0.771654 -0.540142,
        1.377953 -0.778970 -0.629701,
        1.377953 -0.875318 -0.388621,
        1.377953 -0.856666 -0.463363,
        1.377953 -0.850394 -0.540142,
        1.377953 -0.856666 -0.616920,
        1.771654 -0.983299 -0.069273,
        1.771654 -0.908708 -0.044051,
        1.377953 -0.908708 -0.044051,
        1.377953 -0.983299 -0.069273,
        1.771654 -0.960630 0.271601,
        1.771654 -1.039370 0.271601,
        1.771654 -0.954815 0.164707,
        1.771654 -1.033091 0.156165,
        1.771654 -0.937439 0.059074,
        1.771654 -1.014327 0.042092,
        1.377953 -0.937439 0.059074,
        1.377953 -0.954815 0.164707,
        1.377953 -0.960630 0.271601,
        1.377953 -1.014327 0.042092,
        1.377953 -1.033091 0.156165,
        1.377953 -1.039370 0.271601,
        1.771654 -1.039370 1.646622,
        1.771654 -0.960630 1.646622,
        1.377953 -0.960630 1.646622,
        1.377953 -1.039370 1.646622,
        1.771654 -0.878906 1.728346,
        1.771654 -0.878906 1.807087,
        1.771654 -0.900057 1.725562,
        1.771654 -0.920437 1.801619,
        1.771654 -0.919768 1.717398,
        1.771654 -0.959138 1.785589,
        1.771654 -0.936694 1.704410,
        1.771654 -0.992371 1.760088,
        1.771654 -0.949681 1.687485,
        1.771654 -1.017872 1.726854,
        1.771654 -0.957845 1.667774,
        1.771654 -1.033902 1.688154,
        1.377953 -0.957845 1.667774,
        1.377953 -0.949681 1.687485,
        1.377953 -0.936694 1.704410,
        1.377953 -0.919768 1.717398,
        1.377953 -0.900057 1.725562,
        1.377953 -0.878906 1.728346,
        1.377953 -1.033902 1.688154,
        1.377953 -1.017872 1.726854,
        1.377953 -0.992371 1.760088,
        1.377953 -0.959138 1.785589,
        1.377953 -0.920437 1.801619,
        1.377953 -0.878906 1.807087,
        1.771654 0.878906 1.807087,
        1.771654 0.878906 1.728346,
        1.377953 0.878906 1.728346,
        1.377953 0.878906 1.807087,
        1.771654 0.960630 1.646622,
        1.771654 1.039370 1.646622,
        1.771654 0.957845 1.667774,
        1.771654 1.033902 1.688154,
        1.771654 0.949681 1.687485,
        1.771654 1.017872 1.726854,
        1.771654 0.936694 1.704410,
        1.771654 0.992371 1.760088,
        1.771654 0.919768 1.717398,
        1.771654 0.959138 1.785589,
        1.771654 0.900057 1.725562,
        1.771654 0.920437 1.801619,
        1.377953 0.900057 1.725562,
        1.377953 0.919768 1.717398,
        1.377953 0.936694 1.704410,
        1.377953 0.949681 1.687485,
        1.377953 0.957845 1.667774,
        1.377953 0.960630 1.646622,
        1.377953 0.920437 1.801619,
        1.377953 0.959138 1.785589,
        1.377953 0.992371 1.760088,
        1.377953 1.017872 1.726854,
        1.377953 1.033902 1.688154,
        1.377953 1.039370 1.646622,
        1.771654 1.039370 0.271601,
        1.771654 0.960630 0.271601,
        1.377953 0.960630 0.271601,
        1.377953 1.039370 0.271601,
        1.771654 0.908708 -0.044051,
        1.771654 0.983299 -0.069273,
        1.771654 0.937439 0.059074,
        1.771654 1.014327 0.042092,
        1.771654 0.954815 0.164707,
        1.771654 1.033091 0.156165,
        1.377953 0.954815 0.164707,
        1.377953 0.937439 0.059074,
        1.377953 0.908708 -0.044051,
        1.377953 1.033091 0.156165,
        1.377953 1.014327 0.042092,
        1.377953 0.983299 -0.069273,
        1.771654 0.875318 -0.388621,
        1.771654 0.800726 -0.363400,
        1.377953 0.800726 -0.363400,
        1.377953 0.875318 -0.388621,
        1.771654 0.856666 -0.463363,
        1.771654 0.778970 -0.450583,
        1.771654 0.850394 -0.540142,
        1.771654 0.771654 -0.540142,
        1.771654 0.856666 -0.616920,
        1.771654 0.778970 -0.629701,
        1.771654 0.875318 -0.691663,
        1.771654 0.800726 -0.716885,
        1.377953 0.800726 -0.716885,
        1.377953 0.778970 -0.629701,
        1.377953 0.771654 -0.540142,
        1.377953 0.778970 -0.450583,
        1.377953 0.875318 -0.691663,
        1.377953 0.856666 -0.616920,
        1.377953 0.850394 -0.540142,
        1.377953 0.856666 -0.463363,
        1.771654 0.920245 -0.824533,
        1.771654 0.845654 -0.849754,
        1.377953 0.845654 -0.849754,
        1.384660 0.861973 -0.898019,
        1.745280 0.877181 -0.942994,
        1.764946 0.861973 -0.898019,
        1.435609 0.890240 -0.981615,
        1.625752 0.906559 -1.029879,
        1.673228 0.900260 -1.011250,
        1.476378 0.900260 -1.011250,
        1.523855 0.906559 -1.029879,
        1.574803 0.908708 -1.036233,
        1.404326 0.877181 -0.942994,
        1.713997 0.890240 -0.981615,
        1.377953 0.920245 -0.824533,
        1.404326 0.951772 -0.917772,
        1.384660 0.936565 -0.872797,
        1.764946 0.936565 -0.872797,
        1.745280 0.951772 -0.917772,
        1.713997 0.964831 -0.956393,
        1.673228 0.974852 -0.986028,
        1.625752 0.981151 -1.004657,
        1.574803 0.983299 -1.011011,
        1.523855 0.981151 -1.004657,
        1.476378 0.974852 -0.986028,
        1.435609 0.964831 -0.956393,
        -1.181102 1.165354 0.020346,
        -1.181102 1.279528 0.020346,
        -1.181102 1.165354 1.933071,
        -1.181102 1.279528 2.047244,
        -1.181102 0.472441 1.933071,
        -1.181102 0.472441 2.047244,
        -2.322835 1.165354 1.933071,
        -2.322835 -1.165354 1.933071,
        -1.181102 -1.165354 1.933071,
        -1.181102 -0.472441 1.933071,
        -0.553416 -0.472441 1.933071,
        -0.553416 0.472441 1.933071,
        -1.181102 -0.472441 2.047244,
        -1.181102 -1.279528 2.047244,
        -1.181102 -1.165354 0.020346,
        -1.181102 -1.279528 0.020346,
        -2.322835 -1.279528 2.047244,
        -2.322835 -1.279528 0.358268,
        -1.968504 -1.279528 0.358268,
        -1.866607 -1.279528 0.344853,
        -1.771654 -1.279528 0.305522,
        -1.690115 -1.279528 0.242956,
        -1.627549 -1.279528 0.161417,
        -1.588218 -1.279528 0.066464,
        -1.578774 -1.279528 0.020346,
        -2.322835 -1.165354 0.358268,
        -2.322835 1.279528 2.047244,
        -2.322835 1.165354 0.358268,
        -2.322835 1.279528 0.358268,
        -1.627549 1.279528 0.161417,
        -1.690115 1.279528 0.242956,
        -1.771654 1.279528 0.305522,
        -1.866607 1.279528 0.344853,
        -1.968504 1.279528 0.358268,
        -1.588218 1.279528 0.066464,
        -1.578774 1.279528 0.020346,
        -0.553416 0.472441 2.047244,
        -0.553416 -0.472441 2.047244,
        -1.866607 1.165354 0.344853,
        -1.771654 1.165354 0.305522,
        -1.968504 1.165354 0.358268,
        -1.690115 1.165354 0.242956,
        -1.627549 1.165354 0.161417,
        -1.588218 1.165354 0.066464,
        -1.578774 1.165354 0.020346,
        -1.627549 -1.165354 0.161417,
        -1.690115 -1.165354 0.242956,
        -1.771654 -1.165354 0.305522,
        -1.866607 -1.165354 0.344853,
        -1.968504 -1.165354 0.358268,
        -1.588218 -1.165354 0.066464,
        -1.578774 -1.165354 0.020346,
        -0.344964 -0.472441 1.924491,
        -0.344964 0.472441 1.924491,
        -0.137923 -0.472441 1.898811,
        -0.137923 0.472441 1.898811,
        0.066307 -0.472441 1.856204,
        0.066307 0.472441 1.856204,
        0.266346 -0.472441 1.796958,
        0.266346 0.472441 1.796958,
        -0.335582 0.472441 2.038278,
        -0.119222 0.472441 2.011443,
        0.094201 0.472441 1.966918,
        0.303244 0.472441 1.905005,
        0.303244 -0.472441 1.905005,
        0.094201 -0.472441 1.966918,
        -0.119222 -0.472441 2.011443,
        -0.335582 -0.472441 2.038278,
        1.100290 -0.469476 1.615053,
        1.047368 -0.472441 1.620768,
        1.047368 0.472441 1.620768,
        0.888452 0.472441 1.642532,
        1.100456 0.469457 1.615037,
        1.152630 0.460596 1.610149,
        1.152630 -0.460596 1.610149,
        1.207133 0.444675 1.605830,
        1.207133 -0.444675 1.605830,
        1.252581 0.425655 1.602839,
        1.342216 0.369369 1.598568,
        1.381847 0.333956 1.597366,
        1.362915 0.315320 1.597888,
        1.417051 0.294562 1.596650,
        1.447721 0.251344 1.596297,
        1.473346 0.204984 1.596195,
        1.508288 -0.105128 1.596338,
        1.298821 0.400129 1.600367,
        1.493564 0.156201 1.596238,
        1.508288 0.105128 1.596338,
        1.517162 0.052900 1.596426,
        1.520133 0.000000 1.596461,
        1.517143 -0.053063 1.596426,
        1.493623 -0.156033 1.596238,
        1.473346 -0.204984 1.596195,
        1.447802 -0.251216 1.596297,
        1.417051 -0.294562 1.596650,
        1.381610 -0.334193 1.597372,
        1.342216 -0.369369 1.598568,
        1.298977 -0.400031 1.600359,
        1.252581 -0.425655 1.602839,
        0.888452 -0.472441 1.642532,
        0.574086 -0.472441 1.706398,
        0.574086 0.472441 1.706398,
        1.045994 0.472441 1.735883,
        0.906365 0.472441 1.755291,
        0.601593 0.472441 1.817209,
        1.098916 0.469476 1.729966,
        1.151261 -0.460596 1.724886,
        1.151261 0.460596 1.724886,
        1.215322 -0.441132 1.719709,
        1.215322 0.441132 1.719709,
        1.251215 -0.425655 1.717307,
        1.340852 -0.369369 1.712867,
        1.380483 -0.333957 1.711611,
        1.361546 -0.315320 1.712157,
        1.415688 -0.294562 1.710860,
        1.446359 -0.251343 1.710484,
        1.471983 -0.204984 1.710369,
        1.506925 0.105128 1.710504,
        1.297454 -0.400130 1.714739,
        1.492201 -0.156202 1.710406,
        1.506925 -0.105128 1.710504,
        1.515799 -0.052900 1.710592,
        1.518770 0.000000 1.710626,
        1.515781 0.053063 1.710591,
        1.492260 0.156033 1.710406,
        1.471983 0.204984 1.710369,
        1.446439 0.251217 1.710484,
        1.415688 0.294562 1.710860,
        1.380246 0.334194 1.711618,
        1.340852 0.369369 1.712867,
        1.297611 0.400032 1.714731,
        1.251215 0.425655 1.717307,
        0.601593 -0.472441 1.817209,
        0.906365 -0.472441 1.755291,
        1.045994 -0.472441 1.735883,
        1.099081 -0.469457 1.729949,
        -1.181102 1.292493 -0.121848,
        -1.181102 1.224259 -0.299971,
        -1.181102 1.330963 -0.259352,
        -1.181102 1.191696 -0.195848,
        -1.181102 1.171964 -0.088550,
        -1.574803 1.224259 -0.299971,
        -1.574803 1.191696 -0.195848,
        -1.574803 1.171964 -0.088550,
        -1.574803 1.167084 -0.035433,
        -1.574803 1.292493 -0.121848,
        -1.574803 1.330963 -0.259352,
        -1.574803 1.281509 -0.035433,
        -1.181102 1.385977 -0.403872,
        -1.181102 1.279274 -0.444491,
        -1.574803 1.279274 -0.444491,
        -1.574803 1.385977 -0.403872,
        -1.181102 1.301263 -0.624965,
        -1.181102 1.279274 -0.713862,
        -1.181102 1.385977 -0.754481,
        -1.181102 1.410089 -0.490055,
        -1.181102 1.301263 -0.533388,
        -1.181102 1.418215 -0.579176,
        -1.181102 1.410089 -0.668298,
        -1.574803 1.301263 -0.533388,
        -1.574803 1.301263 -0.624965,
        -1.574803 1.279274 -0.713862,
        -1.574803 1.385977 -0.754481,
        -1.574803 1.410089 -0.668298,
        -1.574803 1.418215 -0.579176,
        -1.574803 1.410089 -0.490055,
        -1.181102 1.345825 -0.859959,
        -1.181102 1.239121 -0.819341,
        -1.574803 1.239121 -0.819341,
        -1.377953 1.169089 -1.003313,
        -1.327004 1.171476 -0.997044,
        -1.568096 1.220996 -0.866956,
        -1.548430 1.204105 -0.911327,
        -1.517147 1.189601 -0.949429,
        -1.476378 1.178472 -0.978665,
        -1.428902 1.171476 -0.997044,
        -1.279528 1.178472 -0.978665,
        -1.238758 1.189601 -0.949429,
        -1.187810 1.220996 -0.866956,
        -1.207475 1.204105 -0.911327,
        -1.574803 1.345825 -0.859959,
        -1.377953 1.275793 -1.043931,
        -1.428902 1.278179 -1.037663,
        -1.568096 1.327699 -0.907575,
        -1.548430 1.310809 -0.951946,
        -1.476378 1.285175 -1.019284,
        -1.517147 1.296305 -0.990047,
        -1.238758 1.296305 -0.990047,
        -1.279528 1.285175 -1.019284,
        -1.207475 1.310809 -0.951946,
        -1.187810 1.327699 -0.907575,
        -1.327004 1.278179 -1.037663,
        -1.574803 -1.224259 -0.299971,
        -1.574803 -1.330963 -0.259352,
        -1.574803 -1.191696 -0.195848,
        -1.574803 -1.292493 -0.121848,
        -1.574803 -1.171964 -0.088550,
        -1.574803 -1.281509 -0.035433,
        -1.574803 -1.167084 -0.035433,
        -1.181102 -1.171964 -0.088550,
        -1.181102 -1.191696 -0.195848,
        -1.181102 -1.224259 -0.299971,
        -1.181102 -1.292493 -0.121848,
        -1.181102 -1.330963 -0.259352,
        -1.574803 -1.385977 -0.403872,
        -1.574803 -1.279274 -0.444491,
        -1.181102 -1.279274 -0.444491,
        -1.181102 -1.385977 -0.403872,
        -1.574803 -1.301263 -0.624965,
        -1.574803 -1.279274 -0.713862,
        -1.574803 -1.385977 -0.754481,
        -1.574803 -1.410089 -0.490055,
        -1.574803 -1.301263 -0.533388,
        -1.574803 -1.418215 -0.579176,
        -1.574803 -1.410089 -0.668298,
        -1.181102 -1.301263 -0.533388,
        -1.181102 -1.301263 -0.624965,
        -1.181102 -1.279274 -0.713862,
        -1.181102 -1.385977 -0.754481,
        -1.181102 -1.410089 -0.668298,
        -1.181102 -1.418215 -0.579176,
        -1.181102 -1.410089 -0.490055,
        -1.574803 -1.345825 -0.859959,
        -1.574803 -1.239121 -0.819341,
        -1.181102 -1.239121 -0.819341,
        -1.187810 -1.220996 -0.866956,
        -1.207475 -1.204105 -0.911327,
        -1.238758 -1.189601 -0.949429,
        -1.279528 -1.178472 -0.978665,
        -1.327004 -1.171476 -0.997044,
        -1.548430 -1.204105 -0.911327,
        -1.428902 -1.171476 -0.997044,
        -1.517147 -1.189601 -0.949429,
        -1.476378 -1.178472 -0.978665,
        -1.377953 -1.169089 -1.003313,
        -1.568096 -1.220996 -0.866956,
        -1.181102 -1.345825 -0.859959,
        -1.187810 -1.327699 -0.907575,
        -1.207475 -1.310809 -0.951946,
        -1.568096 -1.327699 -0.907575,
        -1.548430 -1.310809 -0.951946,
        -1.517147 -1.296305 -0.990047,
        -1.476378 -1.285175 -1.019284,
        -1.428902 -1.278179 -1.037663,
        -1.377953 -1.275793 -1.043931,
        -1.327004 -1.278179 -1.037663,
        -1.238758 -1.296305 -0.990047,
        -1.279528 -1.285175 -1.019284,
      ]
    }
    coordIndex [
      0, 1, 2, -1,
      2, 1, 3, -1,
      4, 5, 6, -1,
      7, 1, 8, -1,
      8, 1, 0, -1,
      8, 0, 6, -1,
      6, 0, 9, -1,
      6, 9, 4, -1,
      5, 10, 6, -1,
      6, 10, 11, -1,
      6, 11, 12, -1,
      11, 13, 14, -1,
      14, 15, 11, -1,
      11, 15, 16, -1,
      11, 16, 12, -1,
      17, 18, 8, -1,
      8, 18, 7, -1,
      3, 18, 2, -1,
      2, 18, 17, -1,
      2, 17, 19, -1,
      19, 17, 20, -1,
      19, 20, 21, -1,
      22, 23, 24, -1,
      21, 25, 19, -1,
      19, 25, 26, -1,
      19, 26, 27, -1,
      27, 28, 19, -1,
      19, 28, 22, -1,
      19, 22, 29, -1,
      29, 22, 24, -1,
      3, 1, 30, -1,
      30, 1, 31, -1,
      30, 31, 32, -1,
      32, 31, 33, -1,
      32, 33, 34, -1,
      34, 33, 35, -1,
      34, 35, 36, -1,
      36, 35, 37, -1,
      38, 37, 35, -1,
      38, 35, 39, -1,
      39, 35, 33, -1,
      39, 33, 40, -1,
      40, 33, 31, -1,
      40, 31, 41, -1,
      41, 31, 1, -1,
      41, 1, 7, -1,
      42, 38, 43, -1,
      43, 38, 39, -1,
      43, 39, 44, -1,
      44, 39, 40, -1,
      44, 40, 45, -1,
      45, 40, 41, -1,
      45, 41, 18, -1,
      18, 41, 7, -1,
      18, 3, 45, -1,
      45, 3, 30, -1,
      45, 30, 44, -1,
      44, 30, 32, -1,
      44, 32, 43, -1,
      43, 32, 34, -1,
      43, 34, 42, -1,
      42, 34, 36, -1,
      46, 36, 47, -1,
      47, 36, 37, -1,
      47, 37, 48, -1,
      48, 37, 38, -1,
      48, 38, 49, -1,
      49, 38, 42, -1,
      42, 36, 49, -1,
      49, 36, 46, -1,
      50, 51, 52, -1,
      52, 51, 53, -1,
      52, 53, 54, -1,
      54, 53, 55, -1,
      54, 55, 47, -1,
      47, 55, 46, -1,
      47, 48, 54, -1,
      54, 48, 56, -1,
      54, 56, 52, -1,
      52, 56, 57, -1,
      52, 57, 50, -1,
      50, 57, 58, -1,
      48, 49, 56, -1,
      56, 49, 59, -1,
      56, 59, 57, -1,
      57, 59, 60, -1,
      57, 60, 58, -1,
      58, 60, 61, -1,
      51, 61, 60, -1,
      51, 60, 53, -1,
      53, 60, 59, -1,
      53, 59, 55, -1,
      55, 59, 49, -1,
      55, 49, 46, -1,
      62, 51, 63, -1,
      63, 51, 50, -1,
      63, 50, 64, -1,
      64, 50, 58, -1,
      64, 58, 65, -1,
      65, 58, 61, -1,
      61, 51, 65, -1,
      65, 51, 62, -1,
      66, 67, 68, -1,
      68, 67, 69, -1,
      68, 69, 70, -1,
      70, 69, 71, -1,
      70, 71, 72, -1,
      72, 71, 73, -1,
      72, 73, 74, -1,
      74, 73, 75, -1,
      74, 75, 76, -1,
      76, 75, 77, -1,
      76, 77, 63, -1,
      63, 77, 62, -1,
      63, 64, 76, -1,
      76, 64, 78, -1,
      76, 78, 74, -1,
      74, 78, 79, -1,
      74, 79, 72, -1,
      72, 79, 80, -1,
      72, 80, 70, -1,
      70, 80, 81, -1,
      70, 81, 68, -1,
      68, 81, 82, -1,
      68, 82, 66, -1,
      66, 82, 83, -1,
      64, 65, 78, -1,
      78, 65, 84, -1,
      78, 84, 79, -1,
      79, 84, 85, -1,
      79, 85, 80, -1,
      80, 85, 86, -1,
      80, 86, 81, -1,
      81, 86, 87, -1,
      81, 87, 82, -1,
      82, 87, 88, -1,
      82, 88, 83, -1,
      83, 88, 89, -1,
      67, 89, 88, -1,
      67, 88, 69, -1,
      69, 88, 87, -1,
      69, 87, 71, -1,
      71, 87, 86, -1,
      71, 86, 73, -1,
      73, 86, 85, -1,
      73, 85, 75, -1,
      75, 85, 84, -1,
      75, 84, 77, -1,
      77, 84, 65, -1,
      77, 65, 62, -1,
      90, 67, 91, -1,
      91, 67, 66, -1,
      91, 66, 92, -1,
      92, 66, 83, -1,
      92, 83, 93, -1,
      93, 83, 89, -1,
      89, 67, 93, -1,
      93, 67, 90, -1,
      94, 95, 96, -1,
      96, 95, 97, -1,
      96, 97, 98, -1,
      98, 97, 99, -1,
      98, 99, 100, -1,
      100, 99, 101, -1,
      100, 101, 102, -1,
      102, 101, 103, -1,
      102, 103, 104, -1,
      104, 103, 105, -1,
      104, 105, 91, -1,
      91, 105, 90, -1,
      91, 92, 104, -1,
      104, 92, 106, -1,
      104, 106, 102, -1,
      102, 106, 107, -1,
      102, 107, 100, -1,
      100, 107, 108, -1,
      100, 108, 98, -1,
      98, 108, 109, -1,
      98, 109, 96, -1,
      96, 109, 110, -1,
      96, 110, 94, -1,
      94, 110, 111, -1,
      92, 93, 106, -1,
      106, 93, 112, -1,
      106, 112, 107, -1,
      107, 112, 113, -1,
      107, 113, 108, -1,
      108, 113, 114, -1,
      108, 114, 109, -1,
      109, 114, 115, -1,
      109, 115, 110, -1,
      110, 115, 116, -1,
      110, 116, 111, -1,
      111, 116, 117, -1,
      95, 117, 116, -1,
      95, 116, 97, -1,
      97, 116, 115, -1,
      97, 115, 99, -1,
      99, 115, 114, -1,
      99, 114, 101, -1,
      101, 114, 113, -1,
      101, 113, 103, -1,
      103, 113, 112, -1,
      103, 112, 105, -1,
      105, 112, 93, -1,
      105, 93, 90, -1,
      118, 95, 119, -1,
      119, 95, 94, -1,
      119, 94, 120, -1,
      120, 94, 111, -1,
      120, 111, 121, -1,
      121, 111, 117, -1,
      117, 95, 121, -1,
      121, 95, 118, -1,
      122, 123, 124, -1,
      124, 123, 125, -1,
      124, 125, 126, -1,
      126, 125, 127, -1,
      126, 127, 119, -1,
      119, 127, 118, -1,
      119, 120, 126, -1,
      126, 120, 128, -1,
      126, 128, 124, -1,
      124, 128, 129, -1,
      124, 129, 122, -1,
      122, 129, 130, -1,
      120, 121, 128, -1,
      128, 121, 131, -1,
      128, 131, 129, -1,
      129, 131, 132, -1,
      129, 132, 130, -1,
      130, 132, 133, -1,
      123, 133, 132, -1,
      123, 132, 125, -1,
      125, 132, 131, -1,
      125, 131, 127, -1,
      127, 131, 121, -1,
      127, 121, 118, -1,
      134, 123, 135, -1,
      135, 123, 122, -1,
      135, 122, 136, -1,
      136, 122, 130, -1,
      136, 130, 137, -1,
      137, 130, 133, -1,
      133, 123, 137, -1,
      137, 123, 134, -1,
      134, 135, 138, -1,
      138, 135, 139, -1,
      138, 139, 140, -1,
      140, 139, 141, -1,
      140, 141, 142, -1,
      142, 141, 143, -1,
      142, 143, 144, -1,
      144, 143, 145, -1,
      146, 145, 143, -1,
      146, 143, 147, -1,
      147, 143, 141, -1,
      147, 141, 148, -1,
      148, 141, 139, -1,
      148, 139, 149, -1,
      149, 139, 135, -1,
      149, 135, 136, -1,
      150, 146, 151, -1,
      151, 146, 147, -1,
      151, 147, 152, -1,
      152, 147, 148, -1,
      152, 148, 153, -1,
      153, 148, 149, -1,
      153, 149, 137, -1,
      137, 149, 136, -1,
      137, 134, 153, -1,
      153, 134, 138, -1,
      153, 138, 152, -1,
      152, 138, 140, -1,
      152, 140, 151, -1,
      151, 140, 142, -1,
      151, 142, 150, -1,
      150, 142, 144, -1,
      154, 144, 155, -1,
      155, 144, 145, -1,
      145, 146, 155, -1,
      155, 146, 156, -1,
      157, 158, 156, -1,
      156, 158, 159, -1,
      156, 159, 155, -1,
      160, 161, 162, -1,
      163, 164, 160, -1,
      160, 164, 165, -1,
      160, 165, 161, -1,
      157, 166, 158, -1,
      158, 166, 160, -1,
      158, 160, 167, -1,
      167, 160, 162, -1,
      156, 146, 168, -1,
      168, 146, 150, -1,
      169, 170, 168, -1,
      150, 144, 168, -1,
      168, 144, 154, -1,
      168, 154, 171, -1,
      171, 172, 168, -1,
      168, 172, 173, -1,
      168, 173, 174, -1,
      174, 175, 168, -1,
      168, 175, 176, -1,
      168, 176, 177, -1,
      177, 178, 168, -1,
      168, 178, 179, -1,
      168, 179, 169, -1,
      13, 28, 27, -1,
      13, 27, 14, -1,
      14, 27, 26, -1,
      14, 26, 15, -1,
      15, 26, 25, -1,
      15, 25, 16, -1,
      16, 25, 21, -1,
      16, 21, 12, -1,
      12, 21, 20, -1,
      12, 20, 6, -1,
      6, 20, 17, -1,
      6, 17, 8, -1,
      28, 13, 11, -1,
      28, 11, 22, -1,
      22, 11, 10, -1,
      22, 10, 23, -1,
      23, 10, 5, -1,
      23, 5, 24, -1,
      24, 5, 4, -1,
      24, 4, 29, -1,
      29, 4, 9, -1,
      29, 9, 19, -1,
      19, 9, 0, -1,
      19, 0, 2, -1,
      176, 165, 164, -1,
      176, 164, 177, -1,
      177, 164, 163, -1,
      177, 163, 178, -1,
      178, 163, 160, -1,
      178, 160, 179, -1,
      179, 160, 166, -1,
      179, 166, 169, -1,
      169, 166, 157, -1,
      169, 157, 170, -1,
      170, 157, 156, -1,
      170, 156, 168, -1,
      165, 176, 175, -1,
      165, 175, 161, -1,
      161, 175, 174, -1,
      161, 174, 162, -1,
      162, 174, 173, -1,
      162, 173, 167, -1,
      167, 173, 172, -1,
      167, 172, 158, -1,
      158, 172, 171, -1,
      158, 171, 159, -1,
      159, 171, 154, -1,
      159, 154, 155, -1,
      180, 181, 182, -1,
      182, 181, 183, -1,
      182, 183, 184, -1,
      184, 183, 185, -1,
      186, 182, 187, -1,
      187, 182, 184, -1,
      188, 187, 189, -1,
      189, 187, 184, -1,
      189, 184, 190, -1,
      190, 184, 191, -1,
      189, 192, 188, -1,
      188, 192, 193, -1,
      188, 193, 194, -1,
      194, 193, 195, -1,
      196, 197, 198, -1,
      196, 198, 193, -1,
      193, 198, 199, -1,
      193, 199, 200, -1,
      200, 201, 193, -1,
      193, 201, 202, -1,
      193, 202, 195, -1,
      195, 202, 203, -1,
      195, 203, 204, -1,
      205, 197, 187, -1,
      187, 197, 196, -1,
      187, 196, 186, -1,
      186, 196, 206, -1,
      186, 206, 207, -1,
      207, 206, 208, -1,
      209, 210, 183, -1,
      210, 211, 183, -1,
      183, 211, 212, -1,
      183, 212, 206, -1,
      206, 212, 213, -1,
      206, 213, 208, -1,
      209, 183, 214, -1,
      214, 183, 181, -1,
      214, 181, 215, -1,
      196, 193, 206, -1,
      206, 193, 192, -1,
      183, 206, 185, -1,
      185, 206, 192, -1,
      185, 192, 216, -1,
      216, 192, 217, -1,
      182, 218, 219, -1,
      218, 182, 220, -1,
      220, 182, 186, -1,
      220, 186, 207, -1,
      219, 221, 182, -1,
      182, 221, 222, -1,
      182, 222, 180, -1,
      180, 222, 223, -1,
      180, 223, 224, -1,
      220, 207, 213, -1,
      213, 207, 208, -1,
      225, 226, 188, -1,
      226, 227, 188, -1,
      188, 227, 228, -1,
      188, 228, 187, -1,
      187, 228, 229, -1,
      187, 229, 205, -1,
      225, 188, 230, -1,
      230, 188, 194, -1,
      230, 194, 231, -1,
      198, 197, 229, -1,
      229, 197, 205, -1,
      191, 184, 216, -1,
      216, 184, 185, -1,
      192, 189, 217, -1,
      217, 189, 190, -1,
      190, 191, 232, -1,
      232, 191, 233, -1,
      232, 233, 234, -1,
      234, 233, 235, -1,
      234, 235, 236, -1,
      236, 235, 237, -1,
      236, 237, 238, -1,
      238, 237, 239, -1,
      191, 216, 233, -1,
      233, 216, 240, -1,
      233, 240, 235, -1,
      235, 240, 241, -1,
      235, 241, 237, -1,
      237, 241, 242, -1,
      237, 242, 239, -1,
      239, 242, 243, -1,
      244, 243, 242, -1,
      244, 242, 245, -1,
      245, 242, 241, -1,
      245, 241, 246, -1,
      246, 241, 240, -1,
      246, 240, 247, -1,
      247, 240, 216, -1,
      247, 216, 217, -1,
      238, 244, 236, -1,
      236, 244, 245, -1,
      236, 245, 234, -1,
      234, 245, 246, -1,
      234, 246, 232, -1,
      232, 246, 247, -1,
      232, 247, 190, -1,
      190, 247, 217, -1,
      248, 249, 250, -1,
      250, 249, 251, -1,
      250, 252, 248, -1,
      248, 252, 253, -1,
      248, 253, 254, -1,
      254, 253, 255, -1,
      254, 255, 256, -1,
      256, 255, 257, -1,
      258, 259, 260, -1,
      259, 261, 260, -1,
      260, 261, 262, -1,
      260, 262, 263, -1,
      264, 257, 260, -1,
      260, 257, 265, -1,
      260, 265, 258, -1,
      263, 266, 260, -1,
      260, 266, 267, -1,
      260, 267, 268, -1,
      268, 269, 260, -1,
      260, 269, 270, -1,
      260, 270, 264, -1,
      264, 271, 257, -1,
      257, 271, 272, -1,
      257, 272, 273, -1,
      273, 274, 257, -1,
      257, 274, 275, -1,
      257, 275, 276, -1,
      276, 277, 257, -1,
      257, 277, 278, -1,
      257, 278, 256, -1,
      249, 279, 251, -1,
      251, 279, 280, -1,
      251, 280, 281, -1,
      281, 280, 238, -1,
      281, 238, 239, -1,
      282, 250, 283, -1,
      283, 250, 251, -1,
      283, 251, 284, -1,
      284, 251, 281, -1,
      284, 281, 243, -1,
      243, 281, 239, -1,
      285, 286, 287, -1,
      287, 286, 288, -1,
      287, 288, 289, -1,
      289, 288, 290, -1,
      291, 292, 293, -1,
      292, 294, 293, -1,
      293, 294, 295, -1,
      293, 295, 296, -1,
      297, 290, 293, -1,
      293, 290, 298, -1,
      293, 298, 291, -1,
      296, 299, 293, -1,
      293, 299, 300, -1,
      293, 300, 301, -1,
      301, 302, 293, -1,
      293, 302, 303, -1,
      293, 303, 297, -1,
      297, 304, 290, -1,
      290, 304, 305, -1,
      290, 305, 306, -1,
      306, 307, 290, -1,
      290, 307, 308, -1,
      290, 308, 309, -1,
      309, 310, 290, -1,
      290, 310, 311, -1,
      290, 311, 289, -1,
      243, 244, 284, -1,
      284, 244, 312, -1,
      284, 312, 283, -1,
      283, 312, 313, -1,
      283, 313, 282, -1,
      282, 313, 314, -1,
      282, 314, 285, -1,
      285, 314, 315, -1,
      285, 315, 286, -1,
      244, 238, 312, -1,
      312, 238, 280, -1,
      312, 280, 313, -1,
      313, 280, 279, -1,
      313, 279, 314, -1,
      314, 279, 249, -1,
      302, 269, 303, -1,
      303, 269, 268, -1,
      303, 268, 297, -1,
      297, 268, 267, -1,
      297, 267, 304, -1,
      304, 267, 266, -1,
      304, 266, 305, -1,
      305, 266, 263, -1,
      305, 263, 306, -1,
      306, 263, 262, -1,
      306, 262, 307, -1,
      307, 262, 261, -1,
      307, 261, 308, -1,
      308, 261, 259, -1,
      308, 259, 309, -1,
      309, 259, 258, -1,
      309, 258, 310, -1,
      310, 258, 265, -1,
      310, 265, 311, -1,
      311, 265, 257, -1,
      311, 257, 289, -1,
      289, 257, 255, -1,
      289, 255, 287, -1,
      287, 255, 253, -1,
      287, 253, 285, -1,
      285, 253, 252, -1,
      285, 252, 282, -1,
      282, 252, 250, -1,
      314, 249, 315, -1,
      315, 249, 248, -1,
      315, 248, 286, -1,
      286, 248, 254, -1,
      286, 254, 288, -1,
      288, 254, 256, -1,
      288, 256, 290, -1,
      290, 256, 278, -1,
      290, 278, 298, -1,
      298, 278, 277, -1,
      298, 277, 291, -1,
      291, 277, 276, -1,
      291, 276, 292, -1,
      292, 276, 275, -1,
      292, 275, 294, -1,
      294, 275, 274, -1,
      294, 274, 295, -1,
      295, 274, 273, -1,
      295, 273, 296, -1,
      296, 273, 272, -1,
      296, 272, 299, -1,
      299, 272, 271, -1,
      299, 271, 300, -1,
      300, 271, 264, -1,
      300, 264, 301, -1,
      301, 264, 270, -1,
      301, 270, 302, -1,
      302, 270, 269, -1,
      316, 181, 180, -1,
      317, 318, 319, -1,
      319, 318, 316, -1,
      319, 316, 320, -1,
      320, 316, 180, -1,
      321, 317, 319, -1,
      321, 319, 322, -1,
      322, 319, 320, -1,
      322, 320, 323, -1,
      323, 320, 324, -1,
      324, 320, 180, -1,
      324, 180, 224, -1,
      325, 326, 321, -1,
      324, 327, 323, -1,
      323, 327, 325, -1,
      323, 325, 322, -1,
      322, 325, 321, -1,
      318, 326, 316, -1,
      316, 326, 325, -1,
      316, 325, 181, -1,
      181, 325, 327, -1,
      181, 327, 215, -1,
      328, 318, 329, -1,
      329, 318, 317, -1,
      329, 317, 330, -1,
      330, 317, 321, -1,
      330, 321, 331, -1,
      331, 321, 326, -1,
      326, 318, 331, -1,
      331, 318, 328, -1,
      332, 333, 334, -1,
      328, 329, 335, -1,
      335, 329, 336, -1,
      335, 336, 337, -1,
      337, 336, 332, -1,
      337, 332, 338, -1,
      338, 332, 334, -1,
      329, 330, 336, -1,
      336, 330, 339, -1,
      336, 339, 332, -1,
      332, 339, 340, -1,
      332, 340, 333, -1,
      333, 340, 341, -1,
      339, 330, 331, -1,
      342, 341, 343, -1,
      343, 341, 340, -1,
      343, 340, 344, -1,
      344, 340, 339, -1,
      344, 339, 345, -1,
      345, 339, 331, -1,
      334, 342, 343, -1,
      334, 343, 338, -1,
      338, 343, 344, -1,
      338, 344, 337, -1,
      337, 344, 345, -1,
      337, 345, 335, -1,
      335, 345, 331, -1,
      335, 331, 328, -1,
      346, 334, 347, -1,
      347, 334, 333, -1,
      333, 341, 347, -1,
      347, 341, 348, -1,
      349, 350, 347, -1,
      348, 351, 347, -1,
      347, 351, 352, -1,
      347, 352, 353, -1,
      353, 354, 347, -1,
      347, 354, 355, -1,
      347, 355, 349, -1,
      350, 356, 347, -1,
      347, 356, 357, -1,
      347, 357, 358, -1,
      358, 357, 359, -1,
      348, 341, 360, -1,
      360, 341, 342, -1,
      361, 362, 346, -1,
      342, 334, 360, -1,
      360, 334, 346, -1,
      360, 346, 363, -1,
      363, 346, 364, -1,
      362, 365, 346, -1,
      346, 365, 366, -1,
      346, 366, 364, -1,
      367, 368, 369, -1,
      369, 368, 370, -1,
      370, 368, 346, -1,
      346, 368, 371, -1,
      346, 371, 361, -1,
      372, 373, 374, -1,
      374, 373, 375, -1,
      374, 375, 376, -1,
      376, 375, 377, -1,
      376, 377, 378, -1,
      378, 231, 194, -1,
      378, 194, 376, -1,
      194, 379, 376, -1,
      376, 379, 380, -1,
      376, 380, 374, -1,
      374, 380, 381, -1,
      374, 381, 372, -1,
      194, 195, 379, -1,
      379, 195, 382, -1,
      379, 382, 380, -1,
      380, 382, 383, -1,
      380, 383, 381, -1,
      373, 383, 375, -1,
      375, 383, 382, -1,
      375, 382, 377, -1,
      377, 382, 195, -1,
      377, 195, 204, -1,
      384, 373, 385, -1,
      385, 373, 372, -1,
      385, 372, 386, -1,
      386, 372, 381, -1,
      386, 381, 387, -1,
      387, 381, 383, -1,
      383, 373, 387, -1,
      387, 373, 384, -1,
      388, 389, 390, -1,
      384, 385, 391, -1,
      391, 385, 392, -1,
      391, 392, 393, -1,
      393, 392, 388, -1,
      393, 388, 394, -1,
      394, 388, 390, -1,
      385, 386, 392, -1,
      392, 386, 395, -1,
      392, 395, 388, -1,
      388, 395, 396, -1,
      388, 396, 389, -1,
      389, 396, 397, -1,
      395, 386, 387, -1,
      398, 397, 399, -1,
      399, 397, 396, -1,
      399, 396, 400, -1,
      400, 396, 395, -1,
      400, 395, 401, -1,
      401, 395, 387, -1,
      390, 398, 399, -1,
      390, 399, 394, -1,
      394, 399, 400, -1,
      394, 400, 393, -1,
      393, 400, 401, -1,
      393, 401, 391, -1,
      391, 401, 387, -1,
      391, 387, 384, -1,
      402, 390, 403, -1,
      403, 390, 389, -1,
      403, 389, 397, -1,
      397, 404, 403, -1,
      403, 404, 405, -1,
      403, 405, 406, -1,
      406, 407, 403, -1,
      403, 407, 408, -1,
      403, 408, 409, -1,
      410, 411, 412, -1,
      412, 411, 413, -1,
      409, 414, 403, -1,
      403, 414, 411, -1,
      403, 411, 415, -1,
      415, 411, 410, -1,
      404, 397, 416, -1,
      416, 397, 398, -1,
      398, 390, 416, -1,
      416, 390, 402, -1,
      416, 402, 417, -1,
      417, 402, 418, -1,
      418, 402, 419, -1,
      418, 419, 420, -1,
      420, 421, 418, -1,
      418, 421, 422, -1,
      418, 422, 423, -1,
      423, 424, 418, -1,
      418, 424, 425, -1,
      418, 425, 426, -1,
      426, 425, 427, -1,
      378, 377, 231, -1,
      231, 377, 204, -1,
      231, 204, 230, -1,
      230, 204, 203, -1,
      230, 203, 225, -1,
      225, 203, 202, -1,
      225, 202, 226, -1,
      226, 202, 201, -1,
      226, 201, 227, -1,
      227, 201, 200, -1,
      227, 200, 228, -1,
      228, 200, 199, -1,
      228, 199, 229, -1,
      229, 199, 198, -1,
      220, 213, 218, -1,
      218, 213, 212, -1,
      218, 212, 219, -1,
      219, 212, 211, -1,
      219, 211, 221, -1,
      221, 211, 210, -1,
      221, 210, 222, -1,
      222, 210, 209, -1,
      222, 209, 223, -1,
      223, 209, 214, -1,
      223, 214, 224, -1,
      224, 214, 215, -1,
      224, 215, 324, -1,
      324, 215, 327, -1,
      402, 403, 415, -1,
      402, 415, 419, -1,
      419, 415, 410, -1,
      419, 410, 420, -1,
      420, 410, 412, -1,
      420, 412, 421, -1,
      421, 412, 413, -1,
      421, 413, 422, -1,
      422, 413, 411, -1,
      422, 411, 423, -1,
      423, 411, 414, -1,
      423, 414, 424, -1,
      404, 416, 417, -1,
      404, 417, 405, -1,
      405, 417, 418, -1,
      405, 418, 406, -1,
      406, 418, 426, -1,
      406, 426, 407, -1,
      407, 426, 427, -1,
      407, 427, 408, -1,
      408, 427, 425, -1,
      408, 425, 409, -1,
      409, 425, 424, -1,
      409, 424, 414, -1,
      348, 360, 363, -1,
      348, 363, 351, -1,
      351, 363, 364, -1,
      351, 364, 352, -1,
      352, 364, 366, -1,
      352, 366, 353, -1,
      353, 366, 365, -1,
      353, 365, 354, -1,
      354, 365, 362, -1,
      354, 362, 355, -1,
      355, 362, 361, -1,
      355, 361, 349, -1,
      346, 347, 358, -1,
      346, 358, 370, -1,
      370, 358, 359, -1,
      370, 359, 369, -1,
      369, 359, 357, -1,
      369, 357, 367, -1,
      367, 357, 356, -1,
      367, 356, 368, -1,
      368, 356, 350, -1,
      368, 350, 371, -1,
      371, 350, 349, -1,
      371, 349, 361, -1,
    ]
  }
}

Shape {
  appearance Appearance {
    material Material {
      diffuseColor 0.2235 0.2235 0.2235
      specularColor 0.1137 0.1137 0.1137
      ambientIntensity 0.2
      transparency 0.0000
      shininess 0.5
    }
  }
  geometry IndexedFaceSet {
    ccw TRUE
    solid FALSE
    coord DEF co Coordinate {
      point [
        -2.656441 -0.590551 0.000000,
        -2.755906 -0.590551 0.000000,
        -2.755906 -0.048972 0.000000,
        -2.631955 0.202237 0.000000,
        -2.629343 0.225497 0.000000,
        -2.454605 0.151151 0.000000,
        -2.655001 0.100826 0.000000,
        -2.648519 0.146918 0.000000,
        -2.616831 0.146918 0.000000,
        -2.628225 0.173525 0.000000,
        -2.456950 0.146918 0.000000,
        -2.418781 0.100826 0.000000,
        -2.592844 0.310154 0.000000,
        -2.615185 0.296074 0.000000,
        -2.655001 0.432111 0.000000,
        -2.635667 0.274615 0.000000,
        -2.648474 0.252145 0.000000,
        -2.656441 -0.048972 0.000000,
        -2.656441 0.181633 0.000000,
        -2.655931 0.174229 0.000000,
        -2.629074 0.069138 0.000000,
        -2.551294 0.069138 0.000000,
        -2.629074 -0.020165 0.000000,
        -2.551294 -0.014404 0.000000,
        -2.622962 0.243178 0.000000,
        -2.612024 0.259528 0.000000,
        -2.596276 0.273793 0.000000,
        -2.534370 0.290954 0.000000,
        -2.508798 0.288563 0.000000,
        -2.488480 0.282145 0.000000,
        -2.444298 0.229581 0.000000,
        -2.441826 0.207548 0.000000,
        -2.450634 0.246793 0.000000,
        -2.460406 0.261291 0.000000,
        -2.472100 0.272375 0.000000,
        -2.445307 0.176192 0.000000,
        -2.444707 0.432111 0.000000,
        -2.532435 0.322643 0.000000,
        -2.566024 0.319237 0.000000,
        -2.655001 -0.020165 0.000000,
        -2.362205 -0.048972 0.000000,
        -2.525368 -0.014404 0.000000,
        -2.578037 0.283531 0.000000,
        -2.552750 0.289828 0.000000,
        -2.431024 0.146918 0.000000,
        -2.362205 0.000000 0.000000,
        -2.418781 -0.025927 0.000000,
        -2.444707 -0.025927 0.000000,
        -2.444707 0.069138 0.000000,
        -2.525368 0.069138 0.000000,
        -2.418781 0.342808 0.000000,
        -2.456839 0.300046 0.000000,
        -2.444707 0.342808 0.000000,
        -2.478948 0.312755 0.000000,
        -2.504222 0.320204 0.000000,
        -2.418907 0.240976 0.000000,
        -2.426738 0.263801 0.000000,
        -2.438764 0.282711 0.000000,
        -2.420685 0.172097 0.000000,
        -2.416011 0.205455 0.000000,
        -2.415900 0.211914 0.000000,
        -2.362205 0.590551 0.000000,
        -2.418781 0.463799 0.000000,
        -2.656441 0.590551 0.000000,
        -2.655001 0.463799 0.000000,
        -2.656018 0.225807 0.000000,
        -2.656441 0.220511 0.000000,
        -2.755906 0.000000 0.000000,
        -2.755906 0.590551 0.000000,
        -2.655001 -0.400422 0.000000,
        -2.362205 -0.590551 0.000000,
        -2.418781 -0.492606 0.000000,
        -2.485038 -0.434136 0.000000,
        -2.485038 -0.336551 0.000000,
        -2.418781 -0.458037 0.000000,
        -2.418781 -0.314000 0.000000,
        -2.655001 -0.368734 0.000000,
        -2.641647 -0.200448 0.000000,
        -2.624417 -0.226157 0.000000,
        -2.655001 -0.138680 0.000000,
        -2.651353 -0.172809 0.000000,
        -2.483635 -0.250385 0.000000,
        -2.462800 -0.237133 0.000000,
        -2.418781 -0.279431 0.000000,
        -2.444134 -0.217826 0.000000,
        -2.429734 -0.193372 0.000000,
        -2.421462 -0.166180 0.000000,
        -2.418781 -0.136250 0.000000,
        -2.418781 -0.072019 0.000000,
        -2.655001 -0.072019 0.000000,
        -2.624209 -0.226394 0.000000,
        -2.605649 -0.243130 0.000000,
        -2.585023 -0.254178 0.000000,
        -2.561567 -0.260515 0.000000,
        -2.539861 -0.262147 0.000000,
        -2.508252 -0.258839 0.000000,
        -2.657881 0.202507 0.000000,
        0.966231 -1.279528 2.047244,
        -1.141732 -1.279528 2.047244,
        0.966231 -1.279528 1.259843,
        -1.141732 -1.279528 0.393701,
        1.377953 -1.279528 1.259843,
        1.771654 -1.279528 0.393701,
        1.377953 -1.279528 2.047244,
        1.771654 -1.279528 2.047244,
        1.377953 1.279528 2.047244,
        1.771654 1.279528 2.047244,
        1.377953 1.279528 1.259843,
        1.771654 1.279528 0.393701,
        0.966231 1.279528 1.259843,
        -1.141732 1.279528 0.393701,
        0.966231 1.279528 2.047244,
        -1.141732 1.279528 2.047244,
        -1.141732 0.570866 1.929134,
        -1.141732 1.161417 1.929134,
        -2.362205 1.161417 1.929134,
        0.787402 -0.570866 1.929134,
        -0.518594 -0.492126 1.929134,
        -1.141732 -0.570866 1.929134,
        -0.518594 0.492126 1.929134,
        -2.362205 -1.161417 1.929134,
        -1.141732 -1.161417 1.929134,
        0.787402 0.570866 1.929134,
        0.708661 0.492126 1.929134,
        0.708661 -0.492126 1.929134,
        0.966231 1.043307 2.047244,
        0.966231 -1.043307 2.047244,
        1.377953 1.043307 2.047244,
        1.377953 -1.043307 2.047244,
        -1.141732 -0.570866 2.047244,
        -1.141732 0.570866 2.047244,
        0.787402 0.570866 2.047244,
        0.787402 -0.570866 2.047244,
        1.771654 0.787402 0.393701,
        1.771654 0.956693 0.393701,
        1.771654 0.956693 0.590551,
        1.771654 -0.956693 0.590551,
        1.771654 -0.956693 0.393701,
        1.771654 -0.636043 0.590551,
        1.771654 -0.787402 0.393701,
        1.771654 -0.363021 0.330213,
        1.771654 -0.487247 0.416677,
        1.771654 -0.677141 0.269947,
        1.771654 -0.591525 0.526378,
        1.771654 0.636043 0.590551,
        1.771654 0.591525 0.526378,
        1.771654 0.677141 0.269947,
        1.771654 0.487247 0.416677,
        1.771654 0.547679 0.166450,
        1.771654 0.363021 0.330213,
        1.771654 0.402685 0.086144,
        1.771654 0.223933 0.270526,
        1.771654 -0.547679 0.166450,
        1.771654 -0.402685 0.086144,
        1.771654 -0.223933 0.270526,
        1.771654 -0.246271 0.031308,
        1.771654 -0.075677 0.240058,
        1.771654 -0.082874 0.003495,
        1.771654 0.075677 0.240058,
        1.771654 0.082874 0.003495,
        1.771654 0.246271 0.031308,
        -2.755906 0.769519 0.370581,
        -2.755906 0.787402 0.393701,
        -2.755906 0.787402 0.196850,
        -2.755906 0.175745 0.015817,
        -2.755906 0.647578 0.243040,
        -2.755906 0.761029 0.098425,
        -2.755906 0.729745 0.057656,
        -2.755906 0.345841 0.062761,
        -2.755906 0.504822 0.139322,
        -2.755906 0.641500 0.006707,
        -2.755906 0.688976 0.026373,
        -2.755906 0.780694 0.145902,
        -2.755906 -0.975344 0.852133,
        -2.755906 -1.279528 0.393701,
        -2.755906 -0.983261 1.028410,
        -2.755906 -1.279528 2.047244,
        -2.755906 -0.936079 0.680102,
        -2.755906 -0.866728 0.517846,
        -2.755906 -0.787402 0.393701,
        -2.755906 -0.711412 1.664431,
        -2.755906 -0.821430 1.526474,
        -2.755906 -0.905047 1.371088,
        -2.755906 -0.959575 1.203269,
        -2.755906 0.936079 0.680102,
        -2.755906 1.279528 0.393701,
        -2.755906 0.866728 0.517846,
        -2.755906 1.279528 2.047244,
        -2.755906 0.905047 1.371088,
        -2.755906 0.821430 1.526474,
        -2.755906 0.975344 0.852133,
        -2.755906 0.983261 1.028410,
        -2.755906 0.959575 1.203269,
        -2.755906 -0.261847 1.933034,
        -2.755906 -0.427051 1.871032,
        -2.755906 -0.578529 1.780528,
        -2.755906 0.711412 1.664431,
        -2.755906 0.578529 1.780528,
        -2.755906 0.427051 1.871032,
        -2.755906 0.261847 1.933034,
        -2.755906 0.088228 1.964541,
        -2.755906 -0.088228 1.964541,
        -2.362205 -1.279528 2.047244,
        -2.362205 -1.279528 0.393701,
        -2.755906 -0.729745 0.057656,
        -2.755906 -0.761029 0.098425,
        -2.755906 -0.647578 0.243040,
        -2.755906 -0.688976 0.026373,
        -2.755906 -0.175745 0.015817,
        -2.755906 -0.769519 0.370581,
        -2.755906 -0.787402 0.196850,
        -2.755906 -0.780694 0.145902,
        -2.755906 -0.641500 0.006707,
        -2.755906 -0.504822 0.139322,
        -2.755906 -0.345841 0.062761,
        1.771654 1.043307 0.393701,
        1.771654 1.043307 1.811024,
        1.771654 -1.043307 1.811024,
        1.771654 -1.043307 0.393701,
        -2.362205 1.279528 0.393701,
        -2.362205 1.279528 2.047244,
        -3.740157 -0.866728 0.517846,
        -3.740157 -0.936079 0.680102,
        -3.740157 -0.975344 0.852133,
        -3.740157 -0.983261 1.028410,
        -3.740157 -0.959575 1.203269,
        -3.740157 -0.905047 1.371088,
        -3.740157 -0.821430 1.526474,
        -3.740157 -0.711412 1.664431,
        -3.740157 -0.578529 1.780528,
        -3.740157 -0.427051 1.871032,
        -3.740157 -0.261847 1.933034,
        -3.740157 -0.088228 1.964541,
        -3.740157 0.000000 1.968504,
        -3.740157 0.088228 1.964541,
        -3.740157 0.261847 1.933034,
        -3.740157 0.427051 1.871032,
        -3.740157 0.578529 1.780528,
        -3.740157 0.711412 1.664431,
        -3.740157 0.821430 1.526474,
        -3.740157 0.905047 1.371088,
        -3.740157 0.959575 1.203269,
        -3.740157 0.983261 1.028410,
        -3.740157 0.975344 0.852133,
        -3.740157 0.936079 0.680102,
        -3.740157 0.866728 0.517846,
        -3.740157 0.769519 0.370581,
        -3.740157 0.647578 0.243040,
        -3.740157 0.504822 0.139322,
        -3.740157 0.345841 0.062761,
        -3.740157 0.175745 0.015817,
        -3.740157 0.000000 -0.000000,
        -3.740157 -0.175745 0.015817,
        -3.740157 -0.345841 0.062761,
        -3.740157 -0.504822 0.139322,
        -3.740157 -0.647578 0.243040,
        -3.740157 -0.769519 0.370581,
        -3.740157 0.000000 1.732283,
        -3.740157 -0.150578 1.716971,
        -3.740157 -0.747071 0.946365,
        -3.740157 -0.739406 1.097525,
        -3.740157 -0.701468 1.244047,
        -3.740157 -0.634813 1.379934,
        -3.740157 -0.542168 1.499621,
        -3.740157 -0.427327 1.598209,
        -3.740157 -0.294991 1.671661,
        -3.740157 0.075677 0.240058,
        -3.740157 -0.075677 0.240058,
        -3.740157 -0.223933 0.270526,
        -3.740157 -0.363021 0.330213,
        -3.740157 -0.487247 0.416677,
        -3.740157 -0.591525 0.526378,
        -3.740157 -0.671586 0.654823,
        -3.740157 -0.724152 0.796756,
        -3.740157 0.739406 1.097525,
        -3.740157 0.747071 0.946365,
        -3.740157 0.724152 0.796756,
        -3.740157 0.671586 0.654823,
        -3.740157 0.591525 0.526378,
        -3.740157 0.487247 0.416677,
        -3.740157 0.363021 0.330213,
        -3.740157 0.223933 0.270526,
        -3.740157 0.150578 1.716971,
        -3.740157 0.294991 1.671661,
        -3.740157 0.427327 1.598209,
        -3.740157 0.542168 1.499621,
        -3.740157 0.634813 1.379934,
        -3.740157 0.701468 1.244047,
        0.196850 -0.636043 0.590551,
        0.196850 0.636043 0.590551,
        0.196850 0.671586 0.654823,
        0.196850 0.724152 0.796756,
        0.196850 0.747071 0.946365,
        0.196850 0.739406 1.097525,
        0.196850 0.701468 1.244047,
        0.196850 0.634813 1.379934,
        0.196850 0.542168 1.499621,
        0.196850 0.427327 1.598209,
        0.196850 0.294991 1.671661,
        0.196850 0.150578 1.716971,
        0.196850 0.000000 1.732283,
        0.196850 -0.150578 1.716971,
        0.196850 -0.294991 1.671661,
        0.196850 -0.427327 1.598209,
        0.196850 -0.542168 1.499621,
        0.196850 -0.634813 1.379934,
        0.196850 -0.701468 1.244047,
        0.196850 -0.739406 1.097525,
        0.196850 -0.747071 0.946365,
        0.196850 -0.724152 0.796756,
        0.196850 -0.671586 0.654823,
        -0.000000 0.787402 0.393701,
        -2.362205 0.677141 0.269947,
        -2.362205 0.787402 0.393701,
        -2.362205 0.547679 0.166450,
        -2.362205 0.402685 0.086144,
        -2.362205 0.246271 0.031308,
        -2.362205 0.082874 0.003495,
        -0.000000 -0.787402 0.393701,
        -2.362205 -0.082874 0.003495,
        -2.362205 -0.246271 0.031308,
        -2.362205 -0.402685 0.086144,
        -2.362205 -0.547679 0.166450,
        -2.362205 -0.677141 0.269947,
        -2.362205 -0.787402 0.393701,
        -2.362205 -0.787402 0.196850,
        -2.362205 -0.780694 0.145902,
        -2.362205 -0.761029 0.098425,
        -2.362205 -0.729745 0.057656,
        -2.362205 -0.641500 0.006707,
        -2.362205 -0.688976 0.026373,
        -2.362205 0.787402 0.196850,
        -2.362205 0.641500 0.006707,
        -2.362205 0.688976 0.026373,
        -2.362205 0.729745 0.057656,
        -2.362205 0.761029 0.098425,
        -2.362205 0.780694 0.145902,
        -2.362205 -1.161417 0.393701,
        1.374016 -1.043307 0.393701,
        1.374016 -0.956693 0.393701,
        -0.050949 -0.794109 0.393701,
        -1.141732 -1.161417 0.393701,
        0.098425 -0.813774 0.393701,
        0.050949 -0.794109 0.393701,
        -0.170478 -1.082677 0.393701,
        -0.139194 -1.123446 0.393701,
        -0.098425 -0.813774 0.393701,
        -0.139194 -0.845058 0.393701,
        -0.170478 -0.885827 0.393701,
        -0.098425 -1.154730 0.393701,
        -0.050949 -1.174395 0.393701,
        -0.000000 -1.181102 0.393701,
        0.098425 -1.154730 0.393701,
        0.139194 -1.123446 0.393701,
        0.170478 -1.082677 0.393701,
        0.190143 -1.035201 0.393701,
        0.196850 -0.984252 0.393701,
        0.190143 -0.933304 0.393701,
        0.170478 -0.885827 0.393701,
        0.139194 -0.845058 0.393701,
        -0.190143 -0.933304 0.393701,
        -0.196850 -0.984252 0.393701,
        -0.190143 -1.035201 0.393701,
        0.050949 -1.174395 0.393701,
        -2.362205 1.161417 0.393701,
        -0.050949 0.794109 0.393701,
        -0.098425 1.154730 0.393701,
        -0.139194 1.123446 0.393701,
        -0.190143 0.933304 0.393701,
        -0.170478 0.885827 0.393701,
        -1.141732 1.161417 0.393701,
        -0.139194 0.845058 0.393701,
        -0.098425 0.813774 0.393701,
        0.170478 1.082677 0.393701,
        0.139194 1.123446 0.393701,
        1.374016 1.043307 0.393701,
        -0.170478 1.082677 0.393701,
        -0.190143 1.035201 0.393701,
        -0.196850 0.984252 0.393701,
        1.374016 0.956693 0.393701,
        0.050949 0.794109 0.393701,
        0.098425 0.813774 0.393701,
        0.139194 0.845058 0.393701,
        0.170478 0.885827 0.393701,
        0.098425 1.154730 0.393701,
        0.050949 1.174395 0.393701,
        -0.000000 1.181102 0.393701,
        -0.050949 1.174395 0.393701,
        0.190143 0.933304 0.393701,
        0.196850 0.984252 0.393701,
        0.190143 1.035201 0.393701,
        0.050949 0.794109 -0.196850,
        0.098425 0.813774 -0.196850,
        0.139194 0.845058 -0.196850,
        0.170478 0.885827 -0.196850,
        0.190143 0.933304 -0.196850,
        0.196850 0.984252 -0.196850,
        0.190143 1.035201 -0.196850,
        0.170478 1.082677 -0.196850,
        0.139194 1.123446 -0.196850,
        0.098425 1.154730 -0.196850,
        0.050949 1.174395 -0.196850,
        0.000000 1.181102 -0.196850,
        -0.050949 1.174395 -0.196850,
        -0.098425 1.154730 -0.196850,
        -0.139194 1.123446 -0.196850,
        -0.170478 1.082677 -0.196850,
        -0.190143 1.035201 -0.196850,
        -0.196850 0.984252 -0.196850,
        -0.190143 0.933304 -0.196850,
        -0.170478 0.885827 -0.196850,
        -0.139194 0.845058 -0.196850,
        -0.098425 0.813774 -0.196850,
        -0.050949 0.794109 -0.196850,
        0.000000 0.787402 -0.196850,
        0.050949 -1.174395 -0.196850,
        0.098425 -1.154730 -0.196850,
        0.139194 -1.123446 -0.196850,
        0.170478 -1.082677 -0.196850,
        0.190143 -1.035201 -0.196850,
        0.196850 -0.984252 -0.196850,
        0.190143 -0.933304 -0.196850,
        0.170478 -0.885827 -0.196850,
        0.139194 -0.845058 -0.196850,
        0.098425 -0.813774 -0.196850,
        0.050949 -0.794109 -0.196850,
        -0.000000 -0.787402 -0.196850,
        -0.050949 -0.794109 -0.196850,
        -0.098425 -0.813774 -0.196850,
        -0.139194 -0.845058 -0.196850,
        -0.170478 -0.885827 -0.196850,
        -0.190143 -0.933304 -0.196850,
        -0.196850 -0.984252 -0.196850,
        -0.190143 -1.035201 -0.196850,
        -0.170478 -1.082677 -0.196850,
        -0.139194 -1.123446 -0.196850,
        -0.098425 -1.154730 -0.196850,
        -0.050949 -1.174395 -0.196850,
        -0.000000 -1.181102 -0.196850,
        -0.000000 -0.984252 -0.393701,
        0.013187 -0.935039 -0.386993,
        0.025474 -0.940129 -0.386993,
        -0.000000 -0.933304 -0.386993,
        0.044123 -0.958778 -0.386993,
        0.049213 -0.971065 -0.386993,
        0.036026 -0.948226 -0.386993,
        0.049213 -0.997439 -0.386993,
        0.044123 -1.009726 -0.386993,
        0.050949 -0.984252 -0.386993,
        0.025474 -1.028375 -0.386993,
        0.013187 -1.033465 -0.386993,
        0.036026 -1.020278 -0.386993,
        -0.013187 -1.033465 -0.386993,
        -0.025474 -1.028375 -0.386993,
        -0.000000 -1.035201 -0.386993,
        -0.044123 -1.009726 -0.386993,
        -0.049213 -0.997439 -0.386993,
        -0.036026 -1.020278 -0.386993,
        -0.049213 -0.971065 -0.386993,
        -0.044123 -0.958778 -0.386993,
        -0.050949 -0.984252 -0.386993,
        -0.025474 -0.940129 -0.386993,
        -0.013187 -0.935039 -0.386993,
        -0.036026 -0.948226 -0.386993,
        0.025474 -0.889180 -0.367328,
        0.049213 -0.899013 -0.367328,
        0.069597 -0.914655 -0.367328,
        0.085239 -0.935039 -0.367328,
        0.095071 -0.958778 -0.367328,
        0.098425 -0.984252 -0.367328,
        0.095071 -1.009726 -0.367328,
        0.085239 -1.033465 -0.367328,
        0.069597 -1.053849 -0.367328,
        0.049213 -1.069491 -0.367328,
        0.025474 -1.079323 -0.367328,
        -0.000000 -1.082677 -0.367328,
        -0.025474 -1.079323 -0.367328,
        -0.049213 -1.069491 -0.367328,
        -0.069597 -1.053849 -0.367328,
        -0.085239 -1.033465 -0.367328,
        -0.095071 -1.009726 -0.367328,
        -0.098425 -0.984252 -0.367328,
        -0.095071 -0.958778 -0.367328,
        -0.085239 -0.935039 -0.367328,
        -0.069597 -0.914655 -0.367328,
        -0.049213 -0.899013 -0.367328,
        -0.025474 -0.889180 -0.367328,
        -0.000000 -0.885827 -0.367328,
        0.036026 -0.849801 -0.336044,
        0.069597 -0.863706 -0.336044,
        0.098425 -0.885827 -0.336044,
        0.120546 -0.914655 -0.336044,
        0.134451 -0.948226 -0.336044,
        0.139194 -0.984252 -0.336044,
        0.134451 -1.020278 -0.336044,
        0.120546 -1.053849 -0.336044,
        0.098425 -1.082677 -0.336044,
        0.069597 -1.104798 -0.336044,
        0.036026 -1.118703 -0.336044,
        -0.000000 -1.123446 -0.336044,
        -0.036026 -1.118703 -0.336044,
        -0.069597 -1.104798 -0.336044,
        -0.098425 -1.082677 -0.336044,
        -0.120546 -1.053849 -0.336044,
        -0.134451 -1.020278 -0.336044,
        -0.139194 -0.984252 -0.336044,
        -0.134451 -0.948226 -0.336044,
        -0.120546 -0.914655 -0.336044,
        -0.098425 -0.885827 -0.336044,
        -0.069597 -0.863706 -0.336044,
        -0.036026 -0.849801 -0.336044,
        -0.000000 -0.845058 -0.336044,
        0.044123 -0.819583 -0.295276,
        0.085239 -0.836614 -0.295276,
        0.120546 -0.863706 -0.295276,
        0.147638 -0.899013 -0.295276,
        0.164669 -0.940129 -0.295276,
        0.170478 -0.984252 -0.295276,
        0.164669 -1.028375 -0.295276,
        0.147638 -1.069491 -0.295276,
        0.120546 -1.104798 -0.295276,
        0.085239 -1.131890 -0.295276,
        0.044123 -1.148920 -0.295276,
        -0.000000 -1.154730 -0.295276,
        -0.044123 -1.148920 -0.295276,
        -0.085239 -1.131890 -0.295276,
        -0.120546 -1.104798 -0.295276,
        -0.147638 -1.069491 -0.295276,
        -0.164669 -1.028375 -0.295276,
        -0.170478 -0.984252 -0.295276,
        -0.164669 -0.940129 -0.295276,
        -0.147638 -0.899013 -0.295276,
        -0.120546 -0.863706 -0.295276,
        -0.085239 -0.836614 -0.295276,
        -0.044123 -0.819583 -0.295276,
        -0.000000 -0.813774 -0.295276,
        0.049213 -0.800588 -0.247799,
        0.095071 -0.819583 -0.247799,
        0.134451 -0.849801 -0.247799,
        0.164669 -0.889180 -0.247799,
        0.183664 -0.935039 -0.247799,
        0.190143 -0.984252 -0.247799,
        0.183664 -1.033465 -0.247799,
        0.164669 -1.079323 -0.247799,
        0.134451 -1.118703 -0.247799,
        0.095071 -1.148920 -0.247799,
        0.049213 -1.167916 -0.247799,
        -0.000000 -1.174395 -0.247799,
        -0.049213 -1.167916 -0.247799,
        -0.095071 -1.148920 -0.247799,
        -0.134451 -1.118703 -0.247799,
        -0.164669 -1.079323 -0.247799,
        -0.183664 -1.033465 -0.247799,
        -0.190143 -0.984252 -0.247799,
        -0.183664 -0.935039 -0.247799,
        -0.164669 -0.889180 -0.247799,
        -0.134451 -0.849801 -0.247799,
        -0.095071 -0.819583 -0.247799,
        -0.049213 -0.800588 -0.247799,
        -0.000000 -0.794109 -0.247799,
        0.000000 0.984252 -0.393701,
        0.013187 1.033465 -0.386993,
        0.025474 1.028375 -0.386993,
        0.000000 1.035201 -0.386993,
        0.044123 1.009726 -0.386993,
        0.049213 0.997439 -0.386993,
        0.036026 1.020278 -0.386993,
        0.049213 0.971065 -0.386993,
        0.044123 0.958778 -0.386993,
        0.050949 0.984252 -0.386993,
        0.025474 0.940129 -0.386993,
        0.013187 0.935039 -0.386993,
        0.036026 0.948226 -0.386993,
        -0.013187 0.935039 -0.386993,
        -0.025474 0.940129 -0.386993,
        0.000000 0.933304 -0.386993,
        -0.044123 0.958778 -0.386993,
        -0.049213 0.971065 -0.386993,
        -0.036026 0.948226 -0.386993,
        -0.049213 0.997439 -0.386993,
        -0.044123 1.009726 -0.386993,
        -0.050949 0.984252 -0.386993,
        -0.025474 1.028375 -0.386993,
        -0.013187 1.033465 -0.386993,
        -0.036026 1.020278 -0.386993,
        0.025474 1.079323 -0.367328,
        0.049213 1.069491 -0.367328,
        0.069597 1.053849 -0.367328,
        0.085239 1.033465 -0.367328,
        0.095071 1.009726 -0.367328,
        0.098425 0.984252 -0.367328,
        0.095071 0.958778 -0.367328,
        0.085239 0.935039 -0.367328,
        0.069597 0.914655 -0.367328,
        0.049213 0.899013 -0.367328,
        0.025474 0.889180 -0.367328,
        0.000000 0.885827 -0.367328,
        -0.025474 0.889180 -0.367328,
        -0.049213 0.899013 -0.367328,
        -0.069597 0.914655 -0.367328,
        -0.085239 0.935039 -0.367328,
        -0.095071 0.958778 -0.367328,
        -0.098425 0.984252 -0.367328,
        -0.095071 1.009726 -0.367328,
        -0.085239 1.033465 -0.367328,
        -0.069597 1.053849 -0.367328,
        -0.049213 1.069491 -0.367328,
        -0.025474 1.079323 -0.367328,
        0.000000 1.082677 -0.367328,
        0.036026 1.118703 -0.336044,
        0.069597 1.104798 -0.336044,
        0.098425 1.082677 -0.336044,
        0.120546 1.053849 -0.336044,
        0.134451 1.020278 -0.336044,
        0.139194 0.984252 -0.336044,
        0.134451 0.948226 -0.336044,
        0.120546 0.914655 -0.336044,
        0.098425 0.885827 -0.336044,
        0.069597 0.863706 -0.336044,
        0.036026 0.849801 -0.336044,
        0.000000 0.845058 -0.336044,
        -0.036026 0.849801 -0.336044,
        -0.069597 0.863706 -0.336044,
        -0.098425 0.885827 -0.336044,
        -0.120546 0.914655 -0.336044,
        -0.134451 0.948226 -0.336044,
        -0.139194 0.984252 -0.336044,
        -0.134451 1.020278 -0.336044,
        -0.120546 1.053849 -0.336044,
        -0.098425 1.082677 -0.336044,
        -0.069597 1.104798 -0.336044,
        -0.036026 1.118703 -0.336044,
        0.000000 1.123446 -0.336044,
        0.044123 1.148920 -0.295276,
        0.085239 1.131890 -0.295276,
        0.120546 1.104798 -0.295276,
        0.147638 1.069491 -0.295276,
        0.164669 1.028375 -0.295276,
        0.170478 0.984252 -0.295276,
        0.164669 0.940129 -0.295276,
        0.147638 0.899013 -0.295276,
        0.120546 0.863706 -0.295276,
        0.085239 0.836614 -0.295276,
        0.044123 0.819583 -0.295276,
        0.000000 0.813774 -0.295276,
        -0.044123 0.819583 -0.295276,
        -0.085239 0.836614 -0.295276,
        -0.120546 0.863706 -0.295276,
        -0.147638 0.899013 -0.295276,
        -0.164669 0.940129 -0.295276,
        -0.170478 0.984252 -0.295276,
        -0.164669 1.028375 -0.295276,
        -0.147638 1.069491 -0.295276,
        -0.120546 1.104798 -0.295276,
        -0.085239 1.131890 -0.295276,
        -0.044123 1.148920 -0.295276,
        0.000000 1.154730 -0.295276,
        0.049213 1.167916 -0.247799,
        0.095071 1.148920 -0.247799,
        0.134451 1.118703 -0.247799,
        0.164669 1.079323 -0.247799,
        0.183664 1.033465 -0.247799,
        0.190143 0.984252 -0.247799,
        0.183664 0.935039 -0.247799,
        0.164669 0.889180 -0.247799,
        0.134451 0.849801 -0.247799,
        0.095071 0.819583 -0.247799,
        0.049213 0.800588 -0.247799,
        0.000000 0.794109 -0.247799,
        -0.049213 0.800588 -0.247799,
        -0.095071 0.819583 -0.247799,
        -0.134451 0.849801 -0.247799,
        -0.164669 0.889180 -0.247799,
        -0.183664 0.935039 -0.247799,
        -0.190143 0.984252 -0.247799,
        -0.183664 1.033465 -0.247799,
        -0.164669 1.079323 -0.247799,
        -0.134451 1.118703 -0.247799,
        -0.095071 1.148920 -0.247799,
        -0.049213 1.167916 -0.247799,
        0.000000 1.174395 -0.247799,
        1.374016 -0.956693 0.590551,
        1.374016 -1.043307 0.590551,
        0.196850 -1.043307 0.590551,
        1.374016 0.956693 0.590551,
        1.374016 1.043307 0.590551,
        0.196850 1.043307 0.590551,
        0.196850 -1.043307 1.811024,
        0.196850 -0.492126 1.811024,
        0.196850 0.492126 1.811024,
        0.196850 1.043307 1.811024,
        0.966231 1.043307 1.811024,
        0.708661 0.492126 1.811024,
        1.377953 1.043307 1.811024,
        1.377953 -1.043307 1.811024,
        0.708661 -0.492126 1.811024,
        0.966231 -1.043307 1.811024,
        1.377953 1.043307 1.259843,
        0.966231 1.043307 1.259843,
        1.377953 -1.043307 1.259843,
        0.966231 -1.043307 1.259843,
        -0.518594 -0.492126 1.811024,
        -0.518594 0.492126 1.811024,
      ]
    }
    coordIndex [
      0, 1, 2, -1,
      3, 4, 5, -1,
      6, 7, 8, -1,
      3, 5, 9, -1,
      9, 5, 10, -1,
      9, 10, 8, -1,
      8, 10, 11, -1,
      8, 11, 6, -1,
      12, 13, 14, -1,
      14, 13, 15, -1,
      14, 15, 16, -1,
      17, 18, 6, -1,
      6, 18, 19, -1,
      6, 19, 7, -1,
      20, 21, 22, -1,
      22, 21, 23, -1,
      4, 24, 5, -1,
      5, 24, 25, -1,
      5, 25, 26, -1,
      27, 28, 5, -1,
      5, 28, 29, -1,
      30, 31, 32, -1,
      32, 31, 33, -1,
      29, 34, 5, -1,
      5, 34, 33, -1,
      5, 33, 35, -1,
      35, 33, 31, -1,
      36, 37, 14, -1,
      14, 37, 38, -1,
      14, 38, 12, -1,
      6, 39, 17, -1,
      17, 39, 22, -1,
      17, 22, 40, -1,
      40, 22, 23, -1,
      40, 23, 41, -1,
      26, 42, 5, -1,
      5, 42, 43, -1,
      5, 43, 27, -1,
      10, 44, 11, -1,
      11, 44, 45, -1,
      11, 45, 46, -1,
      46, 45, 40, -1,
      46, 40, 47, -1,
      47, 40, 41, -1,
      47, 41, 48, -1,
      48, 41, 49, -1,
      50, 51, 52, -1,
      52, 51, 53, -1,
      52, 53, 36, -1,
      36, 53, 54, -1,
      36, 54, 37, -1,
      55, 56, 50, -1,
      50, 56, 57, -1,
      50, 57, 51, -1,
      44, 58, 45, -1,
      45, 58, 59, -1,
      45, 59, 60, -1,
      60, 55, 45, -1,
      45, 55, 50, -1,
      45, 50, 61, -1,
      61, 50, 62, -1,
      61, 62, 63, -1,
      63, 62, 64, -1,
      63, 64, 14, -1,
      16, 65, 14, -1,
      14, 65, 66, -1,
      14, 66, 63, -1,
      63, 66, 67, -1,
      63, 67, 68, -1,
      0, 69, 70, -1,
      70, 69, 71, -1,
      72, 73, 74, -1,
      74, 73, 75, -1,
      76, 77, 78, -1,
      17, 79, 76, -1,
      76, 79, 80, -1,
      76, 80, 77, -1,
      81, 82, 83, -1,
      83, 82, 84, -1,
      83, 84, 85, -1,
      71, 74, 70, -1,
      70, 74, 75, -1,
      70, 75, 40, -1,
      40, 75, 83, -1,
      40, 83, 86, -1,
      86, 83, 85, -1,
      86, 87, 40, -1,
      40, 87, 88, -1,
      40, 88, 17, -1,
      17, 88, 89, -1,
      17, 89, 79, -1,
      78, 90, 76, -1,
      76, 90, 91, -1,
      76, 91, 92, -1,
      92, 93, 76, -1,
      76, 93, 94, -1,
      76, 94, 83, -1,
      83, 94, 95, -1,
      83, 95, 81, -1,
      66, 96, 67, -1,
      67, 96, 18, -1,
      67, 18, 2, -1,
      2, 18, 17, -1,
      2, 17, 0, -1,
      0, 17, 76, -1,
      0, 76, 69, -1,
      97, 98, 99, -1,
      99, 98, 100, -1,
      99, 100, 101, -1,
      101, 100, 102, -1,
      101, 102, 103, -1,
      103, 102, 104, -1,
      105, 106, 107, -1,
      107, 106, 108, -1,
      107, 108, 109, -1,
      109, 108, 110, -1,
      109, 110, 111, -1,
      111, 110, 112, -1,
      113, 114, 115, -1,
      116, 117, 118, -1,
      118, 117, 119, -1,
      120, 121, 115, -1,
      115, 121, 118, -1,
      115, 118, 113, -1,
      113, 118, 119, -1,
      113, 119, 122, -1,
      122, 119, 123, -1,
      122, 123, 116, -1,
      116, 123, 124, -1,
      116, 124, 117, -1,
      125, 111, 112, -1,
      98, 97, 126, -1,
      104, 106, 127, -1,
      127, 106, 105, -1,
      128, 103, 104, -1,
      98, 126, 129, -1,
      112, 130, 125, -1,
      125, 130, 131, -1,
      125, 131, 127, -1,
      104, 127, 128, -1,
      128, 127, 131, -1,
      128, 131, 126, -1,
      126, 131, 132, -1,
      126, 132, 129, -1,
      133, 134, 135, -1,
      136, 137, 138, -1,
      138, 137, 139, -1,
      140, 141, 142, -1,
      142, 141, 139, -1,
      139, 141, 143, -1,
      139, 143, 138, -1,
      135, 144, 133, -1,
      133, 144, 145, -1,
      133, 145, 146, -1,
      146, 145, 147, -1,
      146, 147, 148, -1,
      148, 147, 149, -1,
      148, 149, 150, -1,
      150, 149, 151, -1,
      142, 152, 140, -1,
      140, 152, 153, -1,
      140, 153, 154, -1,
      154, 153, 155, -1,
      154, 155, 156, -1,
      156, 155, 157, -1,
      156, 157, 158, -1,
      158, 157, 159, -1,
      158, 159, 151, -1,
      151, 159, 160, -1,
      151, 160, 150, -1,
      161, 162, 163, -1,
      68, 67, 164, -1,
      165, 166, 167, -1,
      164, 168, 68, -1,
      68, 168, 169, -1,
      68, 169, 170, -1,
      170, 169, 165, -1,
      170, 165, 171, -1,
      171, 165, 167, -1,
      161, 163, 165, -1,
      165, 163, 172, -1,
      165, 172, 166, -1,
      173, 174, 175, -1,
      175, 174, 176, -1,
      173, 177, 174, -1,
      174, 177, 178, -1,
      174, 178, 179, -1,
      180, 181, 176, -1,
      181, 182, 176, -1,
      176, 182, 183, -1,
      176, 183, 175, -1,
      184, 185, 186, -1,
      186, 185, 162, -1,
      187, 188, 189, -1,
      184, 190, 185, -1,
      185, 190, 191, -1,
      185, 191, 187, -1,
      187, 191, 192, -1,
      187, 192, 188, -1,
      193, 194, 176, -1,
      176, 194, 195, -1,
      176, 195, 180, -1,
      189, 196, 187, -1,
      187, 196, 197, -1,
      187, 197, 198, -1,
      198, 199, 187, -1,
      187, 199, 200, -1,
      187, 200, 176, -1,
      176, 200, 201, -1,
      176, 201, 193, -1,
      202, 176, 203, -1,
      203, 176, 174, -1,
      204, 205, 206, -1,
      204, 206, 207, -1,
      1, 208, 2, -1,
      2, 208, 67, -1,
      179, 209, 210, -1,
      210, 209, 206, -1,
      210, 206, 211, -1,
      211, 206, 205, -1,
      207, 206, 212, -1,
      212, 206, 213, -1,
      212, 213, 1, -1,
      1, 213, 214, -1,
      1, 214, 208, -1,
      215, 108, 216, -1,
      216, 108, 106, -1,
      216, 106, 217, -1,
      217, 106, 104, -1,
      217, 104, 218, -1,
      218, 104, 102, -1,
      185, 187, 219, -1,
      219, 187, 220, -1,
      187, 176, 220, -1,
      220, 176, 202, -1,
      221, 177, 222, -1,
      222, 177, 173, -1,
      222, 173, 223, -1,
      223, 173, 175, -1,
      223, 175, 224, -1,
      224, 175, 183, -1,
      224, 183, 225, -1,
      225, 183, 182, -1,
      225, 182, 226, -1,
      226, 182, 181, -1,
      226, 181, 227, -1,
      227, 181, 180, -1,
      227, 180, 228, -1,
      228, 180, 195, -1,
      228, 195, 229, -1,
      229, 195, 194, -1,
      229, 194, 230, -1,
      230, 194, 193, -1,
      230, 193, 231, -1,
      231, 193, 201, -1,
      231, 201, 232, -1,
      232, 201, 233, -1,
      233, 201, 200, -1,
      233, 200, 234, -1,
      234, 200, 199, -1,
      234, 199, 235, -1,
      235, 199, 198, -1,
      235, 198, 236, -1,
      236, 198, 197, -1,
      236, 197, 237, -1,
      237, 197, 196, -1,
      237, 196, 238, -1,
      238, 196, 189, -1,
      238, 189, 239, -1,
      239, 189, 188, -1,
      239, 188, 240, -1,
      240, 188, 192, -1,
      240, 192, 241, -1,
      241, 192, 191, -1,
      241, 191, 242, -1,
      242, 191, 190, -1,
      242, 190, 243, -1,
      243, 190, 184, -1,
      243, 184, 244, -1,
      244, 184, 186, -1,
      244, 186, 245, -1,
      245, 186, 162, -1,
      245, 162, 246, -1,
      162, 161, 246, -1,
      246, 161, 165, -1,
      246, 165, 247, -1,
      247, 165, 169, -1,
      247, 169, 248, -1,
      248, 169, 168, -1,
      248, 168, 249, -1,
      249, 168, 164, -1,
      249, 164, 250, -1,
      250, 164, 67, -1,
      250, 67, 251, -1,
      251, 67, 208, -1,
      251, 208, 252, -1,
      252, 208, 214, -1,
      252, 214, 253, -1,
      253, 214, 213, -1,
      253, 213, 254, -1,
      254, 213, 206, -1,
      254, 206, 255, -1,
      255, 206, 209, -1,
      255, 209, 256, -1,
      256, 209, 179, -1,
      256, 179, 221, -1,
      221, 179, 178, -1,
      221, 178, 177, -1,
      232, 257, 258, -1,
      259, 224, 260, -1,
      260, 224, 225, -1,
      260, 225, 261, -1,
      261, 225, 226, -1,
      261, 226, 262, -1,
      262, 226, 227, -1,
      262, 227, 263, -1,
      263, 227, 228, -1,
      263, 228, 264, -1,
      264, 228, 229, -1,
      264, 229, 265, -1,
      265, 229, 230, -1,
      265, 230, 258, -1,
      258, 230, 231, -1,
      258, 231, 232, -1,
      266, 251, 267, -1,
      267, 251, 252, -1,
      267, 252, 268, -1,
      268, 252, 253, -1,
      268, 253, 269, -1,
      269, 253, 254, -1,
      269, 254, 270, -1,
      270, 254, 255, -1,
      270, 255, 271, -1,
      271, 255, 256, -1,
      271, 256, 272, -1,
      272, 256, 221, -1,
      272, 221, 273, -1,
      273, 221, 222, -1,
      273, 222, 259, -1,
      259, 222, 223, -1,
      259, 223, 224, -1,
      274, 242, 275, -1,
      275, 242, 243, -1,
      275, 243, 276, -1,
      276, 243, 244, -1,
      276, 244, 277, -1,
      277, 244, 245, -1,
      277, 245, 278, -1,
      278, 245, 246, -1,
      278, 246, 279, -1,
      279, 246, 247, -1,
      279, 247, 280, -1,
      280, 247, 248, -1,
      280, 248, 281, -1,
      281, 248, 249, -1,
      281, 249, 266, -1,
      266, 249, 250, -1,
      266, 250, 251, -1,
      232, 233, 257, -1,
      257, 233, 234, -1,
      257, 234, 282, -1,
      282, 234, 235, -1,
      282, 235, 283, -1,
      283, 235, 236, -1,
      283, 236, 284, -1,
      284, 236, 237, -1,
      284, 237, 285, -1,
      285, 237, 238, -1,
      285, 238, 286, -1,
      286, 238, 239, -1,
      286, 239, 287, -1,
      287, 239, 240, -1,
      287, 240, 274, -1,
      274, 240, 241, -1,
      274, 241, 242, -1,
      288, 138, 143, -1,
      278, 289, 277, -1,
      277, 289, 290, -1,
      277, 290, 276, -1,
      276, 290, 291, -1,
      276, 291, 275, -1,
      275, 291, 292, -1,
      275, 292, 274, -1,
      274, 292, 293, -1,
      274, 293, 287, -1,
      287, 293, 294, -1,
      287, 294, 286, -1,
      286, 294, 295, -1,
      286, 295, 285, -1,
      285, 295, 296, -1,
      285, 296, 284, -1,
      284, 296, 297, -1,
      284, 297, 283, -1,
      283, 297, 298, -1,
      283, 298, 282, -1,
      282, 298, 299, -1,
      282, 299, 257, -1,
      257, 299, 300, -1,
      257, 300, 258, -1,
      258, 300, 301, -1,
      258, 301, 265, -1,
      265, 301, 302, -1,
      265, 302, 264, -1,
      264, 302, 303, -1,
      264, 303, 263, -1,
      263, 303, 304, -1,
      263, 304, 262, -1,
      262, 304, 305, -1,
      262, 305, 261, -1,
      261, 305, 306, -1,
      261, 306, 260, -1,
      260, 306, 307, -1,
      260, 307, 259, -1,
      259, 307, 308, -1,
      259, 308, 273, -1,
      273, 308, 309, -1,
      273, 309, 272, -1,
      272, 309, 310, -1,
      272, 310, 271, -1,
      144, 289, 145, -1,
      145, 289, 278, -1,
      145, 278, 147, -1,
      147, 278, 279, -1,
      147, 279, 149, -1,
      149, 279, 280, -1,
      149, 280, 151, -1,
      151, 280, 281, -1,
      151, 281, 158, -1,
      158, 281, 266, -1,
      158, 266, 156, -1,
      156, 266, 267, -1,
      156, 267, 154, -1,
      154, 267, 268, -1,
      154, 268, 140, -1,
      140, 268, 269, -1,
      140, 269, 141, -1,
      141, 269, 270, -1,
      141, 270, 143, -1,
      143, 270, 271, -1,
      143, 271, 288, -1,
      288, 271, 310, -1,
      311, 133, 146, -1,
      312, 313, 311, -1,
      311, 146, 312, -1,
      312, 146, 148, -1,
      312, 148, 314, -1,
      314, 148, 150, -1,
      314, 150, 315, -1,
      315, 150, 160, -1,
      315, 160, 316, -1,
      316, 160, 159, -1,
      316, 159, 317, -1,
      142, 139, 318, -1,
      317, 159, 45, -1,
      45, 159, 157, -1,
      45, 157, 319, -1,
      319, 157, 155, -1,
      319, 155, 320, -1,
      320, 155, 153, -1,
      320, 153, 321, -1,
      321, 153, 152, -1,
      321, 152, 322, -1,
      322, 152, 142, -1,
      322, 142, 323, -1,
      323, 142, 318, -1,
      323, 318, 324, -1,
      324, 325, 323, -1,
      323, 325, 326, -1,
      323, 326, 322, -1,
      322, 326, 327, -1,
      322, 327, 328, -1,
      45, 319, 40, -1,
      40, 319, 70, -1,
      319, 320, 70, -1,
      70, 320, 321, -1,
      70, 321, 329, -1,
      329, 321, 322, -1,
      329, 322, 330, -1,
      330, 322, 328, -1,
      331, 313, 312, -1,
      315, 316, 61, -1,
      61, 316, 317, -1,
      61, 317, 45, -1,
      315, 61, 314, -1,
      314, 61, 332, -1,
      314, 332, 333, -1,
      333, 334, 314, -1,
      314, 334, 335, -1,
      314, 335, 312, -1,
      312, 335, 336, -1,
      312, 336, 331, -1,
      337, 203, 174, -1,
      338, 218, 102, -1,
      139, 137, 339, -1,
      340, 341, 337, -1,
      342, 343, 339, -1,
      339, 343, 318, -1,
      339, 318, 139, -1,
      100, 344, 345, -1,
      174, 179, 337, -1,
      337, 179, 324, -1,
      337, 324, 340, -1,
      340, 324, 318, -1,
      340, 346, 341, -1,
      341, 346, 347, -1,
      341, 347, 348, -1,
      345, 349, 100, -1,
      100, 349, 350, -1,
      100, 350, 351, -1,
      352, 353, 339, -1,
      339, 353, 354, -1,
      354, 355, 339, -1,
      339, 355, 356, -1,
      339, 356, 357, -1,
      357, 358, 339, -1,
      339, 358, 359, -1,
      339, 359, 342, -1,
      348, 360, 341, -1,
      341, 360, 361, -1,
      341, 361, 100, -1,
      100, 361, 362, -1,
      100, 362, 344, -1,
      352, 339, 363, -1,
      363, 339, 338, -1,
      363, 338, 351, -1,
      351, 338, 102, -1,
      351, 102, 100, -1,
      185, 219, 162, -1,
      162, 219, 364, -1,
      365, 311, 313, -1,
      366, 367, 110, -1,
      368, 369, 370, -1,
      370, 369, 371, -1,
      371, 372, 370, -1,
      370, 372, 365, -1,
      370, 365, 364, -1,
      364, 365, 313, -1,
      364, 313, 162, -1,
      373, 374, 375, -1,
      367, 376, 110, -1,
      110, 376, 377, -1,
      110, 377, 370, -1,
      370, 377, 378, -1,
      370, 378, 368, -1,
      134, 133, 379, -1,
      379, 133, 311, -1,
      379, 311, 380, -1,
      380, 381, 379, -1,
      379, 381, 382, -1,
      379, 382, 383, -1,
      374, 384, 375, -1,
      375, 384, 385, -1,
      375, 385, 386, -1,
      215, 375, 108, -1,
      108, 375, 386, -1,
      108, 386, 110, -1,
      110, 386, 387, -1,
      110, 387, 366, -1,
      383, 388, 379, -1,
      379, 388, 389, -1,
      379, 389, 375, -1,
      375, 389, 390, -1,
      375, 390, 373, -1,
      163, 162, 331, -1,
      331, 162, 313, -1,
      325, 324, 210, -1,
      210, 324, 179, -1,
      63, 68, 170, -1,
      63, 170, 61, -1,
      61, 170, 332, -1,
      332, 170, 171, -1,
      332, 171, 333, -1,
      333, 171, 167, -1,
      333, 167, 334, -1,
      334, 167, 166, -1,
      334, 166, 335, -1,
      335, 166, 172, -1,
      335, 172, 336, -1,
      336, 172, 163, -1,
      336, 163, 331, -1,
      0, 70, 329, -1,
      212, 1, 0, -1,
      0, 329, 212, -1,
      212, 329, 330, -1,
      212, 330, 207, -1,
      207, 330, 328, -1,
      207, 328, 204, -1,
      204, 328, 327, -1,
      204, 327, 205, -1,
      205, 327, 326, -1,
      205, 326, 211, -1,
      211, 326, 325, -1,
      211, 325, 210, -1,
      311, 391, 380, -1,
      380, 391, 392, -1,
      380, 392, 381, -1,
      381, 392, 393, -1,
      381, 393, 382, -1,
      382, 393, 394, -1,
      382, 394, 383, -1,
      383, 394, 395, -1,
      383, 395, 388, -1,
      388, 395, 396, -1,
      388, 396, 389, -1,
      389, 396, 397, -1,
      389, 397, 390, -1,
      390, 397, 398, -1,
      390, 398, 373, -1,
      373, 398, 399, -1,
      373, 399, 374, -1,
      374, 399, 400, -1,
      374, 400, 384, -1,
      384, 400, 401, -1,
      384, 401, 385, -1,
      385, 401, 402, -1,
      385, 402, 386, -1,
      386, 402, 403, -1,
      386, 403, 387, -1,
      387, 403, 404, -1,
      387, 404, 366, -1,
      366, 404, 405, -1,
      366, 405, 367, -1,
      367, 405, 406, -1,
      367, 406, 376, -1,
      376, 406, 407, -1,
      376, 407, 377, -1,
      377, 407, 408, -1,
      377, 408, 378, -1,
      378, 408, 409, -1,
      378, 409, 368, -1,
      368, 409, 410, -1,
      368, 410, 369, -1,
      369, 410, 411, -1,
      369, 411, 371, -1,
      371, 411, 412, -1,
      371, 412, 372, -1,
      372, 412, 413, -1,
      372, 413, 365, -1,
      365, 413, 414, -1,
      365, 414, 311, -1,
      311, 414, 391, -1,
      351, 415, 363, -1,
      363, 415, 416, -1,
      363, 416, 352, -1,
      352, 416, 417, -1,
      352, 417, 353, -1,
      353, 417, 418, -1,
      353, 418, 354, -1,
      354, 418, 419, -1,
      354, 419, 355, -1,
      355, 419, 420, -1,
      355, 420, 356, -1,
      356, 420, 421, -1,
      356, 421, 357, -1,
      357, 421, 422, -1,
      357, 422, 358, -1,
      358, 422, 423, -1,
      358, 423, 359, -1,
      359, 423, 424, -1,
      359, 424, 342, -1,
      342, 424, 425, -1,
      342, 425, 343, -1,
      343, 425, 426, -1,
      343, 426, 318, -1,
      318, 426, 427, -1,
      318, 427, 340, -1,
      340, 427, 428, -1,
      340, 428, 346, -1,
      346, 428, 429, -1,
      346, 429, 347, -1,
      347, 429, 430, -1,
      347, 430, 348, -1,
      348, 430, 431, -1,
      348, 431, 360, -1,
      360, 431, 432, -1,
      360, 432, 361, -1,
      361, 432, 433, -1,
      361, 433, 362, -1,
      362, 433, 434, -1,
      362, 434, 344, -1,
      344, 434, 435, -1,
      344, 435, 345, -1,
      345, 435, 436, -1,
      345, 436, 349, -1,
      349, 436, 437, -1,
      349, 437, 350, -1,
      350, 437, 438, -1,
      350, 438, 351, -1,
      351, 438, 415, -1,
      439, 440, 441, -1,
      442, 440, 439, -1,
      439, 443, 444, -1,
      445, 443, 439, -1,
      441, 445, 439, -1,
      439, 446, 447, -1,
      448, 446, 439, -1,
      444, 448, 439, -1,
      439, 449, 450, -1,
      451, 449, 439, -1,
      447, 451, 439, -1,
      439, 452, 453, -1,
      454, 452, 439, -1,
      450, 454, 439, -1,
      439, 455, 456, -1,
      457, 455, 439, -1,
      453, 457, 439, -1,
      439, 458, 459, -1,
      460, 458, 439, -1,
      456, 460, 439, -1,
      439, 461, 462, -1,
      463, 461, 439, -1,
      459, 463, 439, -1,
      462, 442, 439, -1,
      442, 464, 440, -1,
      440, 464, 465, -1,
      440, 465, 441, -1,
      441, 465, 466, -1,
      441, 466, 445, -1,
      445, 466, 467, -1,
      445, 467, 443, -1,
      443, 467, 468, -1,
      443, 468, 444, -1,
      444, 468, 469, -1,
      444, 469, 448, -1,
      448, 469, 470, -1,
      448, 470, 446, -1,
      446, 470, 471, -1,
      446, 471, 447, -1,
      447, 471, 472, -1,
      447, 472, 451, -1,
      451, 472, 473, -1,
      451, 473, 449, -1,
      449, 473, 474, -1,
      449, 474, 450, -1,
      450, 474, 475, -1,
      450, 475, 454, -1,
      454, 475, 476, -1,
      454, 476, 452, -1,
      452, 476, 477, -1,
      452, 477, 453, -1,
      453, 477, 478, -1,
      453, 478, 457, -1,
      457, 478, 479, -1,
      457, 479, 455, -1,
      455, 479, 480, -1,
      455, 480, 456, -1,
      456, 480, 481, -1,
      456, 481, 460, -1,
      460, 481, 482, -1,
      460, 482, 458, -1,
      458, 482, 483, -1,
      458, 483, 459, -1,
      459, 483, 484, -1,
      459, 484, 463, -1,
      463, 484, 485, -1,
      463, 485, 461, -1,
      461, 485, 486, -1,
      461, 486, 462, -1,
      462, 486, 487, -1,
      462, 487, 442, -1,
      442, 487, 464, -1,
      487, 488, 464, -1,
      464, 488, 489, -1,
      464, 489, 465, -1,
      465, 489, 490, -1,
      465, 490, 466, -1,
      466, 490, 491, -1,
      466, 491, 467, -1,
      467, 491, 492, -1,
      467, 492, 468, -1,
      468, 492, 493, -1,
      468, 493, 469, -1,
      469, 493, 494, -1,
      469, 494, 470, -1,
      470, 494, 495, -1,
      470, 495, 471, -1,
      471, 495, 496, -1,
      471, 496, 472, -1,
      472, 496, 497, -1,
      472, 497, 473, -1,
      473, 497, 498, -1,
      473, 498, 474, -1,
      474, 498, 499, -1,
      474, 499, 475, -1,
      475, 499, 500, -1,
      475, 500, 476, -1,
      476, 500, 501, -1,
      476, 501, 477, -1,
      477, 501, 502, -1,
      477, 502, 478, -1,
      478, 502, 503, -1,
      478, 503, 479, -1,
      479, 503, 504, -1,
      479, 504, 480, -1,
      480, 504, 505, -1,
      480, 505, 481, -1,
      481, 505, 506, -1,
      481, 506, 482, -1,
      482, 506, 507, -1,
      482, 507, 483, -1,
      483, 507, 508, -1,
      483, 508, 484, -1,
      484, 508, 509, -1,
      484, 509, 485, -1,
      485, 509, 510, -1,
      485, 510, 486, -1,
      486, 510, 511, -1,
      486, 511, 487, -1,
      487, 511, 488, -1,
      511, 512, 488, -1,
      488, 512, 513, -1,
      488, 513, 489, -1,
      489, 513, 514, -1,
      489, 514, 490, -1,
      490, 514, 515, -1,
      490, 515, 491, -1,
      491, 515, 516, -1,
      491, 516, 492, -1,
      492, 516, 517, -1,
      492, 517, 493, -1,
      493, 517, 518, -1,
      493, 518, 494, -1,
      494, 518, 519, -1,
      494, 519, 495, -1,
      495, 519, 520, -1,
      495, 520, 496, -1,
      496, 520, 521, -1,
      496, 521, 497, -1,
      497, 521, 522, -1,
      497, 522, 498, -1,
      498, 522, 523, -1,
      498, 523, 499, -1,
      499, 523, 524, -1,
      499, 524, 500, -1,
      500, 524, 525, -1,
      500, 525, 501, -1,
      501, 525, 526, -1,
      501, 526, 502, -1,
      502, 526, 527, -1,
      502, 527, 503, -1,
      503, 527, 528, -1,
      503, 528, 504, -1,
      504, 528, 529, -1,
      504, 529, 505, -1,
      505, 529, 530, -1,
      505, 530, 506, -1,
      506, 530, 531, -1,
      506, 531, 507, -1,
      507, 531, 532, -1,
      507, 532, 508, -1,
      508, 532, 533, -1,
      508, 533, 509, -1,
      509, 533, 534, -1,
      509, 534, 510, -1,
      510, 534, 535, -1,
      510, 535, 511, -1,
      511, 535, 512, -1,
      535, 536, 512, -1,
      512, 536, 537, -1,
      512, 537, 513, -1,
      513, 537, 538, -1,
      513, 538, 514, -1,
      514, 538, 539, -1,
      514, 539, 515, -1,
      515, 539, 540, -1,
      515, 540, 516, -1,
      516, 540, 541, -1,
      516, 541, 517, -1,
      517, 541, 542, -1,
      517, 542, 518, -1,
      518, 542, 543, -1,
      518, 543, 519, -1,
      519, 543, 544, -1,
      519, 544, 520, -1,
      520, 544, 545, -1,
      520, 545, 521, -1,
      521, 545, 546, -1,
      521, 546, 522, -1,
      522, 546, 547, -1,
      522, 547, 523, -1,
      523, 547, 548, -1,
      523, 548, 524, -1,
      524, 548, 549, -1,
      524, 549, 525, -1,
      525, 549, 550, -1,
      525, 550, 526, -1,
      526, 550, 551, -1,
      526, 551, 527, -1,
      527, 551, 552, -1,
      527, 552, 528, -1,
      528, 552, 553, -1,
      528, 553, 529, -1,
      529, 553, 554, -1,
      529, 554, 530, -1,
      530, 554, 555, -1,
      530, 555, 531, -1,
      531, 555, 556, -1,
      531, 556, 532, -1,
      532, 556, 557, -1,
      532, 557, 533, -1,
      533, 557, 558, -1,
      533, 558, 534, -1,
      534, 558, 559, -1,
      534, 559, 535, -1,
      535, 559, 536, -1,
      559, 425, 536, -1,
      536, 425, 424, -1,
      536, 424, 537, -1,
      537, 424, 423, -1,
      537, 423, 538, -1,
      538, 423, 422, -1,
      538, 422, 539, -1,
      539, 422, 421, -1,
      539, 421, 540, -1,
      540, 421, 420, -1,
      540, 420, 541, -1,
      541, 420, 419, -1,
      541, 419, 542, -1,
      542, 419, 418, -1,
      542, 418, 543, -1,
      543, 418, 417, -1,
      543, 417, 544, -1,
      544, 417, 416, -1,
      544, 416, 545, -1,
      545, 416, 415, -1,
      545, 415, 546, -1,
      546, 415, 438, -1,
      546, 438, 547, -1,
      547, 438, 437, -1,
      547, 437, 548, -1,
      548, 437, 436, -1,
      548, 436, 549, -1,
      549, 436, 435, -1,
      549, 435, 550, -1,
      550, 435, 434, -1,
      550, 434, 551, -1,
      551, 434, 433, -1,
      551, 433, 552, -1,
      552, 433, 432, -1,
      552, 432, 553, -1,
      553, 432, 431, -1,
      553, 431, 554, -1,
      554, 431, 430, -1,
      554, 430, 555, -1,
      555, 430, 429, -1,
      555, 429, 556, -1,
      556, 429, 428, -1,
      556, 428, 557, -1,
      557, 428, 427, -1,
      557, 427, 558, -1,
      558, 427, 426, -1,
      558, 426, 559, -1,
      559, 426, 425, -1,
      560, 561, 562, -1,
      563, 561, 560, -1,
      560, 564, 565, -1,
      566, 564, 560, -1,
      562, 566, 560, -1,
      560, 567, 568, -1,
      569, 567, 560, -1,
      565, 569, 560, -1,
      560, 570, 571, -1,
      572, 570, 560, -1,
      568, 572, 560, -1,
      560, 573, 574, -1,
      575, 573, 560, -1,
      571, 575, 560, -1,
      560, 576, 577, -1,
      578, 576, 560, -1,
      574, 578, 560, -1,
      560, 579, 580, -1,
      581, 579, 560, -1,
      577, 581, 560, -1,
      560, 582, 583, -1,
      584, 582, 560, -1,
      580, 584, 560, -1,
      583, 563, 560, -1,
      563, 585, 561, -1,
      561, 585, 586, -1,
      561, 586, 562, -1,
      562, 586, 587, -1,
      562, 587, 566, -1,
      566, 587, 588, -1,
      566, 588, 564, -1,
      564, 588, 589, -1,
      564, 589, 565, -1,
      565, 589, 590, -1,
      565, 590, 569, -1,
      569, 590, 591, -1,
      569, 591, 567, -1,
      567, 591, 592, -1,
      567, 592, 568, -1,
      568, 592, 593, -1,
      568, 593, 572, -1,
      572, 593, 594, -1,
      572, 594, 570, -1,
      570, 594, 595, -1,
      570, 595, 571, -1,
      571, 595, 596, -1,
      571, 596, 575, -1,
      575, 596, 597, -1,
      575, 597, 573, -1,
      573, 597, 598, -1,
      573, 598, 574, -1,
      574, 598, 599, -1,
      574, 599, 578, -1,
      578, 599, 600, -1,
      578, 600, 576, -1,
      576, 600, 601, -1,
      576, 601, 577, -1,
      577, 601, 602, -1,
      577, 602, 581, -1,
      581, 602, 603, -1,
      581, 603, 579, -1,
      579, 603, 604, -1,
      579, 604, 580, -1,
      580, 604, 605, -1,
      580, 605, 584, -1,
      584, 605, 606, -1,
      584, 606, 582, -1,
      582, 606, 607, -1,
      582, 607, 583, -1,
      583, 607, 608, -1,
      583, 608, 563, -1,
      563, 608, 585, -1,
      608, 609, 585, -1,
      585, 609, 610, -1,
      585, 610, 586, -1,
      586, 610, 611, -1,
      586, 611, 587, -1,
      587, 611, 612, -1,
      587, 612, 588, -1,
      588, 612, 613, -1,
      588, 613, 589, -1,
      589, 613, 614, -1,
      589, 614, 590, -1,
      590, 614, 615, -1,
      590, 615, 591, -1,
      591, 615, 616, -1,
      591, 616, 592, -1,
      592, 616, 617, -1,
      592, 617, 593, -1,
      593, 617, 618, -1,
      593, 618, 594, -1,
      594, 618, 619, -1,
      594, 619, 595, -1,
      595, 619, 620, -1,
      595, 620, 596, -1,
      596, 620, 621, -1,
      596, 621, 597, -1,
      597, 621, 622, -1,
      597, 622, 598, -1,
      598, 622, 623, -1,
      598, 623, 599, -1,
      599, 623, 624, -1,
      599, 624, 600, -1,
      600, 624, 625, -1,
      600, 625, 601, -1,
      601, 625, 626, -1,
      601, 626, 602, -1,
      602, 626, 627, -1,
      602, 627, 603, -1,
      603, 627, 628, -1,
      603, 628, 604, -1,
      604, 628, 629, -1,
      604, 629, 605, -1,
      605, 629, 630, -1,
      605, 630, 606, -1,
      606, 630, 631, -1,
      606, 631, 607, -1,
      607, 631, 632, -1,
      607, 632, 608, -1,
      608, 632, 609, -1,
      632, 633, 609, -1,
      609, 633, 634, -1,
      609, 634, 610, -1,
      610, 634, 635, -1,
      610, 635, 611, -1,
      611, 635, 636, -1,
      611, 636, 612, -1,
      612, 636, 637, -1,
      612, 637, 613, -1,
      613, 637, 638, -1,
      613, 638, 614, -1,
      614, 638, 639, -1,
      614, 639, 615, -1,
      615, 639, 640, -1,
      615, 640, 616, -1,
      616, 640, 641, -1,
      616, 641, 617, -1,
      617, 641, 642, -1,
      617, 642, 618, -1,
      618, 642, 643, -1,
      618, 643, 619, -1,
      619, 643, 644, -1,
      619, 644, 620, -1,
      620, 644, 645, -1,
      620, 645, 621, -1,
      621, 645, 646, -1,
      621, 646, 622, -1,
      622, 646, 647, -1,
      622, 647, 623, -1,
      623, 647, 648, -1,
      623, 648, 624, -1,
      624, 648, 649, -1,
      624, 649, 625, -1,
      625, 649, 650, -1,
      625, 650, 626, -1,
      626, 650, 651, -1,
      626, 651, 627, -1,
      627, 651, 652, -1,
      627, 652, 628, -1,
      628, 652, 653, -1,
      628, 653, 629, -1,
      629, 653, 654, -1,
      629, 654, 630, -1,
      630, 654, 655, -1,
      630, 655, 631, -1,
      631, 655, 656, -1,
      631, 656, 632, -1,
      632, 656, 633, -1,
      656, 657, 633, -1,
      633, 657, 658, -1,
      633, 658, 634, -1,
      634, 658, 659, -1,
      634, 659, 635, -1,
      635, 659, 660, -1,
      635, 660, 636, -1,
      636, 660, 661, -1,
      636, 661, 637, -1,
      637, 661, 662, -1,
      637, 662, 638, -1,
      638, 662, 663, -1,
      638, 663, 639, -1,
      639, 663, 664, -1,
      639, 664, 640, -1,
      640, 664, 665, -1,
      640, 665, 641, -1,
      641, 665, 666, -1,
      641, 666, 642, -1,
      642, 666, 667, -1,
      642, 667, 643, -1,
      643, 667, 668, -1,
      643, 668, 644, -1,
      644, 668, 669, -1,
      644, 669, 645, -1,
      645, 669, 670, -1,
      645, 670, 646, -1,
      646, 670, 671, -1,
      646, 671, 647, -1,
      647, 671, 672, -1,
      647, 672, 648, -1,
      648, 672, 673, -1,
      648, 673, 649, -1,
      649, 673, 674, -1,
      649, 674, 650, -1,
      650, 674, 675, -1,
      650, 675, 651, -1,
      651, 675, 676, -1,
      651, 676, 652, -1,
      652, 676, 677, -1,
      652, 677, 653, -1,
      653, 677, 678, -1,
      653, 678, 654, -1,
      654, 678, 679, -1,
      654, 679, 655, -1,
      655, 679, 680, -1,
      655, 680, 656, -1,
      656, 680, 657, -1,
      680, 401, 657, -1,
      657, 401, 400, -1,
      657, 400, 658, -1,
      658, 400, 399, -1,
      658, 399, 659, -1,
      659, 399, 398, -1,
      659, 398, 660, -1,
      660, 398, 397, -1,
      660, 397, 661, -1,
      661, 397, 396, -1,
      661, 396, 662, -1,
      662, 396, 395, -1,
      662, 395, 663, -1,
      663, 395, 394, -1,
      663, 394, 664, -1,
      664, 394, 393, -1,
      664, 393, 665, -1,
      665, 393, 392, -1,
      665, 392, 666, -1,
      666, 392, 391, -1,
      666, 391, 667, -1,
      667, 391, 414, -1,
      667, 414, 668, -1,
      668, 414, 413, -1,
      668, 413, 669, -1,
      669, 413, 412, -1,
      669, 412, 670, -1,
      670, 412, 411, -1,
      670, 411, 671, -1,
      671, 411, 410, -1,
      671, 410, 672, -1,
      672, 410, 409, -1,
      672, 409, 673, -1,
      673, 409, 408, -1,
      673, 408, 674, -1,
      674, 408, 407, -1,
      674, 407, 675, -1,
      675, 407, 406, -1,
      675, 406, 676, -1,
      676, 406, 405, -1,
      676, 405, 677, -1,
      677, 405, 404, -1,
      677, 404, 678, -1,
      678, 404, 403, -1,
      678, 403, 679, -1,
      679, 403, 402, -1,
      679, 402, 680, -1,
      680, 402, 401, -1,
      136, 138, 681, -1,
      681, 138, 288, -1,
      681, 288, 682, -1,
      682, 288, 683, -1,
      144, 135, 684, -1,
      685, 686, 684, -1,
      684, 686, 289, -1,
      684, 289, 144, -1,
      306, 305, 687, -1,
      687, 305, 304, -1,
      687, 304, 688, -1,
      688, 304, 303, -1,
      688, 303, 302, -1,
      299, 689, 300, -1,
      300, 689, 688, -1,
      300, 688, 301, -1,
      301, 688, 302, -1,
      292, 686, 293, -1,
      293, 686, 690, -1,
      293, 690, 294, -1,
      294, 690, 295, -1,
      292, 291, 686, -1,
      686, 291, 290, -1,
      686, 290, 289, -1,
      683, 308, 687, -1,
      687, 308, 307, -1,
      687, 307, 306, -1,
      299, 298, 689, -1,
      689, 298, 297, -1,
      689, 297, 690, -1,
      690, 297, 296, -1,
      690, 296, 295, -1,
      288, 310, 683, -1,
      683, 310, 309, -1,
      683, 309, 308, -1,
      690, 691, 689, -1,
      689, 691, 692, -1,
      216, 217, 693, -1,
      693, 217, 694, -1,
      691, 693, 692, -1,
      692, 693, 694, -1,
      692, 694, 695, -1,
      695, 694, 696, -1,
      695, 696, 688, -1,
      688, 696, 687, -1,
      685, 375, 215, -1,
      216, 693, 697, -1,
      691, 690, 698, -1,
      698, 690, 686, -1,
      698, 686, 697, -1,
      697, 686, 685, -1,
      697, 685, 216, -1,
      216, 685, 215, -1,
      699, 694, 217, -1,
      218, 338, 682, -1,
      687, 696, 683, -1,
      683, 696, 700, -1,
      683, 700, 682, -1,
      682, 700, 699, -1,
      682, 699, 218, -1,
      218, 699, 217, -1,
      681, 339, 136, -1,
      136, 339, 137, -1,
      338, 339, 682, -1,
      682, 339, 681, -1,
      379, 684, 134, -1,
      134, 684, 135, -1,
      379, 375, 684, -1,
      684, 375, 685, -1,
      126, 696, 128, -1,
      128, 696, 694, -1,
      99, 700, 97, -1,
      97, 700, 696, -1,
      97, 696, 126, -1,
      699, 101, 694, -1,
      694, 101, 103, -1,
      694, 103, 128, -1,
      699, 700, 101, -1,
      101, 700, 99, -1,
      127, 693, 125, -1,
      125, 693, 691, -1,
      107, 697, 105, -1,
      105, 697, 693, -1,
      105, 693, 127, -1,
      698, 109, 691, -1,
      691, 109, 111, -1,
      691, 111, 125, -1,
      109, 698, 107, -1,
      107, 698, 697, -1,
      113, 130, 114, -1,
      114, 130, 112, -1,
      114, 112, 370, -1,
      370, 112, 110, -1,
      113, 122, 130, -1,
      130, 122, 131, -1,
      122, 116, 131, -1,
      131, 116, 132, -1,
      116, 118, 132, -1,
      132, 118, 129, -1,
      341, 100, 121, -1,
      121, 100, 98, -1,
      121, 98, 118, -1,
      118, 98, 129, -1,
      364, 219, 115, -1,
      115, 219, 220, -1,
      115, 220, 120, -1,
      120, 220, 202, -1,
      120, 202, 337, -1,
      337, 202, 203, -1,
      364, 115, 370, -1,
      370, 115, 114, -1,
      120, 337, 121, -1,
      121, 337, 341, -1,
      701, 688, 702, -1,
      702, 688, 689, -1,
      692, 695, 123, -1,
      123, 695, 124, -1,
      701, 117, 688, -1,
      688, 117, 124, -1,
      688, 124, 695, -1,
      701, 702, 117, -1,
      117, 702, 119, -1,
      692, 123, 689, -1,
      689, 123, 119, -1,
      689, 119, 702, -1,
    ]
  }
}

Shape {
  appearance Appearance {
    material Material {
      diffuseColor 0.8510 0.8510 0.8510
      specularColor 0.4235 0.4235 0.4235
      ambientIntensity 0.2
      transparency 0.0000
      shininess 0.5
    }
  }
  geometry IndexedFaceSet {
    ccw TRUE
    solid FALSE
    coord DEF co Coordinate {
      point [
        -2.631955 0.202237 0.000000,
        -2.629343 0.225497 0.000000,
        -2.454605 0.151151 0.000000,
        -2.655001 0.100826 0.000000,
        -2.648519 0.146918 0.000000,
        -2.616831 0.146918 0.000000,
        -2.628225 0.173525 0.000000,
        -2.456950 0.146918 0.000000,
        -2.418781 0.100826 0.000000,
        -2.592844 0.310154 0.000000,
        -2.615185 0.296074 0.000000,
        -2.655001 0.432111 0.000000,
        -2.635667 0.274615 0.000000,
        -2.648474 0.252145 0.000000,
        -2.656441 0.181633 0.000000,
        -2.655931 0.174229 0.000000,
        -2.629074 0.069138 0.000000,
        -2.551294 0.069138 0.000000,
        -2.629074 -0.020165 0.000000,
        -2.551294 -0.014404 0.000000,
        -2.622962 0.243178 0.000000,
        -2.612024 0.259528 0.000000,
        -2.596276 0.273793 0.000000,
        -2.534370 0.290954 0.000000,
        -2.508798 0.288563 0.000000,
        -2.488480 0.282145 0.000000,
        -2.444298 0.229581 0.000000,
        -2.441826 0.207548 0.000000,
        -2.450634 0.246793 0.000000,
        -2.460406 0.261291 0.000000,
        -2.472100 0.272375 0.000000,
        -2.445307 0.176192 0.000000,
        -2.444707 0.432111 0.000000,
        -2.532435 0.322643 0.000000,
        -2.566024 0.319237 0.000000,
        -2.655001 -0.020165 0.000000,
        -2.525368 -0.014404 0.000000,
        -2.578037 0.283531 0.000000,
        -2.552750 0.289828 0.000000,
        -2.431024 0.146918 0.000000,
        -2.418781 -0.025927 0.000000,
        -2.444707 -0.025927 0.000000,
        -2.444707 0.069138 0.000000,
        -2.525368 0.069138 0.000000,
        -2.418781 0.342808 0.000000,
        -2.456839 0.300046 0.000000,
        -2.444707 0.342808 0.000000,
        -2.478948 0.312755 0.000000,
        -2.504222 0.320204 0.000000,
        -2.418907 0.240976 0.000000,
        -2.426738 0.263801 0.000000,
        -2.438764 0.282711 0.000000,
        -2.420685 0.172097 0.000000,
        -2.416011 0.205455 0.000000,
        -2.415900 0.211914 0.000000,
        -2.418781 0.463799 0.000000,
        -2.655001 0.463799 0.000000,
        -2.656018 0.225807 0.000000,
        -2.656441 0.220511 0.000000,
        -2.655001 -0.400422 0.000000,
        -2.418781 -0.492606 0.000000,
        -2.485038 -0.434136 0.000000,
        -2.485038 -0.336551 0.000000,
        -2.418781 -0.458037 0.000000,
        -2.418781 -0.314000 0.000000,
        -2.655001 -0.368734 0.000000,
        -2.641647 -0.200448 0.000000,
        -2.624417 -0.226157 0.000000,
        -2.655001 -0.138680 0.000000,
        -2.651353 -0.172809 0.000000,
        -2.483635 -0.250385 0.000000,
        -2.462800 -0.237133 0.000000,
        -2.418781 -0.279431 0.000000,
        -2.444134 -0.217826 0.000000,
        -2.429734 -0.193372 0.000000,
        -2.421462 -0.166180 0.000000,
        -2.418781 -0.136250 0.000000,
        -2.418781 -0.072019 0.000000,
        -2.655001 -0.072019 0.000000,
        -2.624209 -0.226394 0.000000,
        -2.605649 -0.243130 0.000000,
        -2.585023 -0.254178 0.000000,
        -2.561567 -0.260515 0.000000,
        -2.539861 -0.262147 0.000000,
        -2.508252 -0.258839 0.000000,
        -2.657881 0.202507 0.000000,
        -2.655001 -0.400422 0.003937,
        -2.418781 -0.492606 0.003937,
        -2.418781 -0.458037 0.003937,
        -2.485038 -0.434136 0.003937,
        -2.485038 -0.336551 0.003937,
        -2.418781 -0.314000 0.003937,
        -2.418781 -0.279431 0.003937,
        -2.655001 -0.368734 0.003937,
        -2.510964 -0.344518 0.003937,
        -2.609630 -0.379762 0.003937,
        -2.617831 -0.381996 0.003937,
        -2.626194 -0.383543 0.003937,
        -2.626194 -0.384308 0.003937,
        -2.617847 -0.385850 0.003937,
        -2.609630 -0.387954 0.003937,
        -2.510964 -0.423513 0.003937,
        -2.510964 -0.344518 0.000000,
        -2.510964 -0.423513 0.000000,
        -2.609630 -0.379762 0.000000,
        -2.617831 -0.381996 0.000000,
        -2.626194 -0.383543 0.000000,
        -2.626194 -0.384308 0.000000,
        -2.617847 -0.385850 0.000000,
        -2.609630 -0.387954 0.000000,
        -2.418781 -0.136250 0.003937,
        -2.418781 -0.072019 0.003937,
        -2.655001 -0.072019 0.003937,
        -2.655001 -0.138680 0.003937,
        -2.539861 -0.262147 0.003937,
        -2.561567 -0.260515 0.003937,
        -2.585023 -0.254178 0.003937,
        -2.605649 -0.243130 0.003937,
        -2.624209 -0.226394 0.003937,
        -2.624417 -0.226157 0.003937,
        -2.641647 -0.200448 0.003937,
        -2.651353 -0.172809 0.003937,
        -2.421462 -0.166180 0.003937,
        -2.429734 -0.193372 0.003937,
        -2.444134 -0.217826 0.003937,
        -2.462800 -0.237133 0.003937,
        -2.483635 -0.250385 0.003937,
        -2.508252 -0.258839 0.003937,
        -2.595970 -0.214766 0.003937,
        -2.608153 -0.203280 0.003937,
        -2.619260 -0.186039 0.003937,
        -2.626102 -0.166505 0.003937,
        -2.629074 -0.138545 0.003937,
        -2.629074 -0.103707 0.003937,
        -2.444707 -0.103707 0.003937,
        -2.444707 -0.137240 0.003937,
        -2.447041 -0.162236 0.003937,
        -2.453228 -0.182070 0.003937,
        -2.462872 -0.198241 0.003937,
        -2.476081 -0.211600 0.003937,
        -2.492137 -0.221347 0.003937,
        -2.510943 -0.227581 0.003937,
        -2.539186 -0.230459 0.003937,
        -2.562701 -0.228451 0.003937,
        -2.581398 -0.222927 0.003937,
        -2.629074 -0.138545 0.000000,
        -2.629074 -0.103707 0.000000,
        -2.626102 -0.166505 0.000000,
        -2.619260 -0.186039 0.000000,
        -2.608153 -0.203280 0.000000,
        -2.595970 -0.214766 0.000000,
        -2.581398 -0.222927 0.000000,
        -2.562701 -0.228451 0.000000,
        -2.539186 -0.230459 0.000000,
        -2.510943 -0.227581 0.000000,
        -2.492137 -0.221347 0.000000,
        -2.476081 -0.211600 0.000000,
        -2.462872 -0.198241 0.000000,
        -2.453228 -0.182070 0.000000,
        -2.447041 -0.162236 0.000000,
        -2.444707 -0.137240 0.000000,
        -2.444707 -0.103707 0.000000,
        -2.444707 -0.025927 0.003937,
        -2.418781 -0.025927 0.003937,
        -2.418781 0.100826 0.003937,
        -2.655001 0.100826 0.003937,
        -2.655001 -0.020165 0.003937,
        -2.629074 -0.020165 0.003937,
        -2.629074 0.069138 0.003937,
        -2.551294 0.069138 0.003937,
        -2.551294 -0.014404 0.003937,
        -2.525368 -0.014404 0.003937,
        -2.525368 0.069138 0.003937,
        -2.444707 0.069138 0.003937,
        -2.456950 0.146918 0.003937,
        -2.431024 0.146918 0.003937,
        -2.415900 0.211914 0.003937,
        -2.416011 0.205455 0.003937,
        -2.420685 0.172097 0.003937,
        -2.532435 0.322643 0.003937,
        -2.504222 0.320204 0.003937,
        -2.478948 0.312755 0.003937,
        -2.456839 0.300046 0.003937,
        -2.438764 0.282711 0.003937,
        -2.426738 0.263801 0.003937,
        -2.418907 0.240976 0.003937,
        -2.657881 0.202507 0.003937,
        -2.656018 0.225807 0.003937,
        -2.648474 0.252145 0.003937,
        -2.635667 0.274615 0.003937,
        -2.615185 0.296074 0.003937,
        -2.592844 0.310154 0.003937,
        -2.566024 0.319237 0.003937,
        -2.655931 0.174229 0.003937,
        -2.648519 0.146918 0.003937,
        -2.616831 0.146918 0.003937,
        -2.631955 0.202237 0.003937,
        -2.628225 0.173525 0.003937,
        -2.534370 0.290954 0.003937,
        -2.552750 0.289828 0.003937,
        -2.578037 0.283531 0.003937,
        -2.596276 0.273793 0.003937,
        -2.612024 0.259528 0.003937,
        -2.622962 0.243178 0.003937,
        -2.629343 0.225497 0.003937,
        -2.441826 0.207548 0.003937,
        -2.444298 0.229581 0.003937,
        -2.450634 0.246793 0.003937,
        -2.460406 0.261291 0.003937,
        -2.472100 0.272375 0.003937,
        -2.488480 0.282145 0.003937,
        -2.508798 0.288563 0.003937,
        -2.454605 0.151151 0.003937,
        -2.445307 0.176192 0.003937,
        -2.444707 0.342808 0.003937,
        -2.418781 0.342808 0.003937,
        -2.418781 0.463799 0.003937,
        -2.655001 0.463799 0.003937,
        -2.655001 0.432111 0.003937,
        -2.444707 0.432111 0.003937,
      ]
    }
    coordIndex [
      86, 87, 59, -1,
      59, 87, 60, -1,
      87, 88, 60, -1,
      60, 88, 63, -1,
      88, 89, 63, -1,
      63, 89, 61, -1,
      89, 90, 61, -1,
      61, 90, 62, -1,
      90, 91, 62, -1,
      62, 91, 64, -1,
      91, 92, 64, -1,
      64, 92, 72, -1,
      92, 93, 72, -1,
      72, 93, 65, -1,
      93, 86, 65, -1,
      65, 86, 59, -1,
      94, 95, 93, -1,
      92, 91, 90, -1,
      95, 96, 93, -1,
      93, 96, 97, -1,
      93, 97, 86, -1,
      86, 97, 98, -1,
      86, 98, 99, -1,
      99, 100, 86, -1,
      86, 100, 101, -1,
      86, 101, 87, -1,
      88, 87, 89, -1,
      89, 87, 101, -1,
      89, 101, 90, -1,
      90, 101, 94, -1,
      90, 94, 92, -1,
      92, 94, 93, -1,
      94, 101, 102, -1,
      102, 101, 103, -1,
      95, 94, 104, -1,
      104, 94, 102, -1,
      95, 104, 105, -1,
      95, 105, 96, -1,
      96, 105, 106, -1,
      96, 106, 97, -1,
      98, 97, 107, -1,
      107, 97, 106, -1,
      98, 107, 108, -1,
      98, 108, 99, -1,
      99, 108, 109, -1,
      99, 109, 100, -1,
      101, 100, 103, -1,
      103, 100, 109, -1,
      110, 111, 76, -1,
      76, 111, 77, -1,
      111, 112, 77, -1,
      77, 112, 78, -1,
      112, 113, 78, -1,
      78, 113, 68, -1,
      114, 83, 82, -1,
      114, 82, 115, -1,
      115, 82, 81, -1,
      115, 81, 116, -1,
      116, 81, 80, -1,
      116, 80, 117, -1,
      117, 80, 79, -1,
      117, 79, 118, -1,
      118, 79, 67, -1,
      118, 67, 119, -1,
      119, 67, 66, -1,
      119, 66, 120, -1,
      120, 66, 69, -1,
      120, 69, 121, -1,
      121, 69, 68, -1,
      121, 68, 113, -1,
      110, 76, 75, -1,
      110, 75, 122, -1,
      122, 75, 74, -1,
      122, 74, 123, -1,
      123, 74, 73, -1,
      123, 73, 124, -1,
      124, 73, 71, -1,
      124, 71, 125, -1,
      125, 71, 70, -1,
      125, 70, 126, -1,
      126, 70, 84, -1,
      126, 84, 127, -1,
      127, 84, 83, -1,
      127, 83, 114, -1,
      116, 117, 128, -1,
      128, 117, 118, -1,
      128, 118, 129, -1,
      129, 118, 119, -1,
      129, 119, 130, -1,
      130, 119, 120, -1,
      130, 120, 131, -1,
      131, 120, 121, -1,
      131, 121, 132, -1,
      132, 121, 113, -1,
      132, 113, 133, -1,
      133, 113, 112, -1,
      133, 112, 134, -1,
      134, 112, 111, -1,
      134, 111, 135, -1,
      135, 111, 110, -1,
      135, 110, 136, -1,
      136, 110, 122, -1,
      136, 122, 137, -1,
      137, 122, 123, -1,
      137, 123, 138, -1,
      138, 123, 124, -1,
      138, 124, 139, -1,
      139, 124, 125, -1,
      139, 125, 140, -1,
      140, 125, 126, -1,
      140, 126, 141, -1,
      141, 126, 127, -1,
      141, 127, 142, -1,
      142, 127, 114, -1,
      142, 114, 143, -1,
      143, 114, 115, -1,
      143, 115, 144, -1,
      144, 115, 116, -1,
      144, 116, 128, -1,
      132, 133, 145, -1,
      145, 133, 146, -1,
      132, 145, 147, -1,
      132, 147, 131, -1,
      131, 147, 148, -1,
      131, 148, 130, -1,
      130, 148, 149, -1,
      130, 149, 129, -1,
      129, 149, 150, -1,
      129, 150, 128, -1,
      128, 150, 151, -1,
      128, 151, 144, -1,
      144, 151, 152, -1,
      144, 152, 143, -1,
      143, 152, 153, -1,
      143, 153, 142, -1,
      142, 153, 154, -1,
      142, 154, 141, -1,
      141, 154, 155, -1,
      141, 155, 140, -1,
      140, 155, 156, -1,
      140, 156, 139, -1,
      139, 156, 157, -1,
      139, 157, 138, -1,
      138, 157, 158, -1,
      138, 158, 137, -1,
      137, 158, 159, -1,
      137, 159, 136, -1,
      136, 159, 160, -1,
      136, 160, 135, -1,
      134, 135, 161, -1,
      161, 135, 160, -1,
      133, 134, 146, -1,
      146, 134, 161, -1,
      162, 163, 41, -1,
      41, 163, 40, -1,
      163, 164, 40, -1,
      40, 164, 8, -1,
      164, 165, 8, -1,
      8, 165, 3, -1,
      165, 166, 3, -1,
      3, 166, 35, -1,
      166, 167, 35, -1,
      35, 167, 18, -1,
      167, 168, 18, -1,
      18, 168, 16, -1,
      168, 169, 16, -1,
      16, 169, 17, -1,
      169, 170, 17, -1,
      17, 170, 19, -1,
      170, 171, 19, -1,
      19, 171, 36, -1,
      171, 172, 36, -1,
      36, 172, 43, -1,
      172, 173, 43, -1,
      43, 173, 42, -1,
      173, 162, 42, -1,
      42, 162, 41, -1,
      164, 163, 162, -1,
      162, 173, 164, -1,
      164, 173, 172, -1,
      164, 172, 165, -1,
      167, 166, 168, -1,
      168, 166, 165, -1,
      168, 165, 169, -1,
      169, 165, 172, -1,
      169, 172, 170, -1,
      170, 172, 171, -1,
      174, 175, 7, -1,
      7, 175, 39, -1,
      176, 54, 53, -1,
      176, 53, 177, -1,
      177, 53, 52, -1,
      177, 52, 178, -1,
      178, 52, 39, -1,
      178, 39, 175, -1,
      179, 33, 48, -1,
      179, 48, 180, -1,
      180, 48, 47, -1,
      180, 47, 181, -1,
      181, 47, 45, -1,
      181, 45, 182, -1,
      182, 45, 51, -1,
      182, 51, 183, -1,
      183, 51, 50, -1,
      183, 50, 184, -1,
      184, 50, 49, -1,
      184, 49, 185, -1,
      185, 49, 54, -1,
      185, 54, 176, -1,
      186, 85, 187, -1,
      187, 85, 58, -1,
      58, 57, 187, -1,
      187, 57, 13, -1,
      187, 13, 188, -1,
      188, 13, 12, -1,
      188, 12, 189, -1,
      189, 12, 10, -1,
      189, 10, 190, -1,
      190, 10, 9, -1,
      190, 9, 191, -1,
      191, 9, 34, -1,
      191, 34, 192, -1,
      192, 34, 33, -1,
      192, 33, 179, -1,
      85, 186, 14, -1,
      14, 186, 193, -1,
      14, 193, 15, -1,
      15, 193, 194, -1,
      15, 194, 4, -1,
      194, 195, 4, -1,
      4, 195, 5, -1,
      196, 0, 6, -1,
      196, 6, 197, -1,
      197, 6, 5, -1,
      197, 5, 195, -1,
      198, 23, 38, -1,
      198, 38, 199, -1,
      199, 38, 37, -1,
      199, 37, 200, -1,
      200, 37, 22, -1,
      200, 22, 201, -1,
      201, 22, 21, -1,
      201, 21, 202, -1,
      202, 21, 20, -1,
      202, 20, 203, -1,
      203, 20, 1, -1,
      203, 1, 204, -1,
      204, 1, 0, -1,
      204, 0, 196, -1,
      205, 27, 26, -1,
      205, 26, 206, -1,
      206, 26, 28, -1,
      206, 28, 207, -1,
      207, 28, 29, -1,
      207, 29, 208, -1,
      208, 29, 30, -1,
      208, 30, 209, -1,
      209, 30, 25, -1,
      209, 25, 210, -1,
      210, 25, 24, -1,
      210, 24, 211, -1,
      211, 24, 23, -1,
      211, 23, 198, -1,
      174, 7, 2, -1,
      174, 2, 212, -1,
      212, 2, 31, -1,
      212, 31, 213, -1,
      213, 31, 27, -1,
      213, 27, 205, -1,
      206, 176, 205, -1,
      205, 176, 177, -1,
      205, 177, 213, -1,
      213, 177, 178, -1,
      213, 178, 212, -1,
      212, 178, 175, -1,
      212, 175, 174, -1,
      195, 194, 197, -1,
      197, 194, 193, -1,
      197, 193, 196, -1,
      196, 193, 186, -1,
      196, 186, 204, -1,
      204, 186, 187, -1,
      204, 187, 203, -1,
      203, 187, 188, -1,
      203, 188, 202, -1,
      202, 188, 189, -1,
      202, 189, 201, -1,
      201, 189, 190, -1,
      201, 190, 200, -1,
      200, 190, 191, -1,
      200, 191, 199, -1,
      199, 191, 192, -1,
      199, 192, 198, -1,
      198, 192, 179, -1,
      198, 179, 211, -1,
      211, 179, 180, -1,
      211, 180, 210, -1,
      210, 180, 181, -1,
      210, 181, 209, -1,
      209, 181, 182, -1,
      209, 182, 208, -1,
      208, 182, 183, -1,
      208, 183, 207, -1,
      207, 183, 184, -1,
      207, 184, 206, -1,
      206, 184, 185, -1,
      206, 185, 176, -1,
      214, 215, 46, -1,
      46, 215, 44, -1,
      215, 216, 44, -1,
      44, 216, 55, -1,
      216, 217, 55, -1,
      55, 217, 56, -1,
      217, 218, 56, -1,
      56, 218, 11, -1,
      218, 219, 11, -1,
      11, 219, 32, -1,
      219, 214, 32, -1,
      32, 214, 46, -1,
      218, 217, 219, -1,
      219, 217, 216, -1,
      219, 216, 214, -1,
      214, 216, 215, -1,
    ]
  }
}

Shape {
  appearance Appearance {
    material Material {
      diffuseColor 0.2235 0.2235 0.2235
      specularColor 0.1137 0.1137 0.1137
      ambientIntensity 0.2
      transparency 0.0000
      shininess 0.5
    }
  }
  geometry IndexedFaceSet {
    ccw TRUE
    solid FALSE
    coord DEF co Coordinate {
      point [
        -2.510964 -0.344518 0.000000,
        -2.510964 -0.423513 0.000000,
        -2.609630 -0.379762 0.000000,
        -2.617831 -0.381996 0.000000,
        -2.626194 -0.383543 0.000000,
        -2.626194 -0.384308 0.000000,
        -2.617847 -0.385850 0.000000,
        -2.609630 -0.387954 0.000000,
        -2.629074 -0.138545 0.000000,
        -2.629074 -0.103707 0.000000,
        -2.626102 -0.166505 0.000000,
        -2.619260 -0.186039 0.000000,
        -2.608153 -0.203280 0.000000,
        -2.595970 -0.214766 0.000000,
        -2.581398 -0.222927 0.000000,
        -2.562701 -0.228451 0.000000,
        -2.539186 -0.230459 0.000000,
        -2.510943 -0.227581 0.000000,
        -2.492137 -0.221347 0.000000,
        -2.476081 -0.211600 0.000000,
        -2.462872 -0.198241 0.000000,
        -2.453228 -0.182070 0.000000,
        -2.447041 -0.162236 0.000000,
        -2.444707 -0.137240 0.000000,
        -2.444707 -0.103707 0.000000,
      ]
    }
    coordIndex [
      0, 1, 2, -1,
      2, 1, 7, -1,
      2, 7, 3, -1,
      3, 7, 6, -1,
      3, 6, 4, -1,
      4, 6, 5, -1,
      9, 24, 8, -1,
      8, 24, 23, -1,
      17, 16, 8, -1,
      16, 15, 8, -1,
      8, 15, 14, -1,
      8, 14, 10, -1,
      23, 22, 8, -1,
      8, 22, 21, -1,
      8, 21, 20, -1,
      13, 12, 14, -1,
      14, 12, 11, -1,
      14, 11, 10, -1,
      20, 19, 8, -1,
      8, 19, 18, -1,
      8, 18, 17, -1,
    ]
  }
}
