#VRML V2.0 utf8

Shape {
  appearance Appearance {
    material Material {
      diffuseColor 0.8510 0.8510 0.8510
      specularColor 0.7529 0.7529 0.7529
      ambientIntensity 0.2
      transparency 1.0000
      shininess 0.5
    }
  }
  geometry IndexedFaceSet {
    ccw TRUE
    solid FALSE
    coord DEF co Coordinate {
      point [
        2.657480 0.025907 0.740236,
        2.657480 0.014755 0.760217,
        2.027559 0.025907 0.740236,
        2.657480 0.006616 0.781606,
        2.027559 0.014755 0.760217,
        2.027559 0.006616 0.781606,
        2.027559 0.039839 0.722079,
        2.657480 0.001663 0.803949,
        2.657480 0.000001 0.826772,
        2.027559 0.000001 0.826772,
        2.027559 0.001663 0.803949,
        2.657480 0.039839 0.722079,
        2.657480 0.056254 0.706134,
        2.027559 0.056254 0.706134,
        2.027559 0.074807 0.692736,
        2.657480 0.074807 0.692736,
        2.027559 0.095106 0.682169,
        2.657480 0.095106 0.682169,
        2.027559 0.116722 0.674657,
        2.657480 0.116722 0.674657,
        2.392559 0.526429 -0.105369,
        2.416295 0.551528 -0.102365,
        2.392559 0.548028 -0.094206,
        2.438524 0.473091 -0.205476,
        2.458787 0.494661 -0.192293,
        2.438524 0.480953 -0.185679,
        2.428575 0.560894 -0.105302,
        2.415677 0.563346 -0.097539,
        2.401992 0.565398 -0.091058,
        2.440614 0.558043 -0.114314,
        2.438524 0.537409 -0.123332,
        2.367799 0.545898 -0.089243,
        2.342520 0.544551 -0.087850,
        2.367799 0.523614 -0.100760,
        2.387661 0.567016 -0.085937,
        2.382799 0.480752 -0.358668,
        2.392559 0.470409 -0.339599,
        2.367799 0.465811 -0.342434,
        2.416295 0.531059 -0.112944,
        2.342520 0.521496 -0.099936,
        2.367799 0.503201 -0.115339,
        2.458787 0.529783 -0.147433,
        2.458787 0.545346 -0.136319,
        2.438524 0.520075 -0.135711,
        2.357807 0.568890 -0.080022,
        2.372909 0.568181 -0.082256,
        2.342520 0.569126 -0.079274,
        2.438524 0.504685 -0.150437,
        2.458787 0.515969 -0.160654,
        2.416295 0.512311 -0.126336,
        2.342520 0.445752 -0.198206,
        2.367799 0.442035 -0.221894,
        2.367799 0.447870 -0.197498,
        2.438524 0.491555 -0.167207,
        2.416295 0.495661 -0.142265,
        2.458787 0.504181 -0.175709,
        2.476669 0.519075 -0.185740,
        2.416295 0.481457 -0.160406,
        2.438524 0.466189 -0.247402,
        2.438524 0.467287 -0.268673,
        2.458787 0.481406 -0.247706,
        2.342520 0.464366 -0.343545,
        2.362870 0.479500 -0.362621,
        2.342520 0.479083 -0.363949,
        2.402008 0.482811 -0.352158,
        2.367799 0.454205 -0.320198,
        2.392559 0.459157 -0.318047,
        2.342520 0.444291 -0.297552,
        2.367799 0.445890 -0.296532,
        2.367799 0.441035 -0.271923,
        2.392559 0.451098 -0.295111,
        2.416295 0.454016 -0.247158,
        2.416295 0.455205 -0.270169,
        2.367799 0.439740 -0.246873,
        2.342520 0.439331 -0.272891,
        2.416295 0.461484 -0.201805,
        2.416295 0.456126 -0.224214,
        2.458787 0.483157 -0.228665,
        2.438524 0.468138 -0.226192,
        2.416295 0.469988 -0.180389,
        2.342520 0.440067 -0.222712,
        2.342520 0.500461 -0.115269,
        2.367799 0.485079 -0.132680,
        2.451598 0.554843 -0.124432,
        2.392559 0.506646 -0.119498,
        2.461433 0.551323 -0.135557,
        2.470047 0.547508 -0.147615,
        2.342520 0.482480 -0.132862,
        2.367799 0.469614 -0.152430,
        2.392559 0.489079 -0.136306,
        2.477307 0.543457 -0.160420,
        2.476669 0.529280 -0.172706,
        2.483161 0.539205 -0.173868,
        2.342520 0.467173 -0.152823,
        2.367799 0.457126 -0.174184,
        2.392559 0.474094 -0.155447,
        2.487543 0.534783 -0.187842,
        2.342520 0.454846 -0.174752,
        2.392559 0.461988 -0.176531,
        2.476669 0.510835 -0.200096,
        2.490398 0.530272 -0.202106,
        2.416295 0.467303 -0.314512,
        2.438524 0.478472 -0.309665,
        2.438524 0.471409 -0.289570,
        2.392559 0.453020 -0.199127,
        2.458787 0.487606 -0.210067,
        2.476669 0.504724 -0.215482,
        2.491713 0.525689 -0.216602,
        2.392559 0.447362 -0.222772,
        2.476669 0.500874 -0.231581,
        2.491469 0.521075 -0.231184,
        2.342520 0.437913 -0.247775,
        2.392559 0.445142 -0.246981,
        2.488713 0.514980 -0.250452,
        2.458787 0.486094 -0.285564,
        2.458787 0.482394 -0.266803,
        2.392559 0.446394 -0.271259,
        2.476669 0.499362 -0.248066,
        2.476669 0.500213 -0.264597,
        2.416295 0.459665 -0.292774,
        2.475110 0.503413 -0.287022,
        2.483224 0.509055 -0.269181,
        2.342520 0.452693 -0.321263,
        2.458787 0.492433 -0.303605,
        2.416295 0.477965 -0.334938,
        2.436760 0.489185 -0.332002,
        2.451657 0.493386 -0.318729,
        2.464524 0.498157 -0.303642,
        2.420106 0.485642 -0.343214,
        2.410248 0.550094 -0.280035,
        2.398201 0.543654 -0.288963,
        2.398201 0.537402 -0.273974,
        2.380929 0.535331 -0.293461,
        2.380929 0.528350 -0.276725,
        2.416146 0.553016 -0.270800,
        2.394835 0.545122 -0.295756,
        2.403118 0.547453 -0.288383,
        2.385571 0.543150 -0.301982,
        2.375551 0.541587 -0.306930,
        2.364862 0.540441 -0.310549,
        2.362114 0.530201 -0.296234,
        2.353850 0.539752 -0.312731,
        2.342520 0.531087 -0.301724,
        2.342520 0.539516 -0.313474,
        2.380929 0.524843 -0.258934,
        2.413244 0.546913 -0.256841,
        2.413244 0.546992 -0.243145,
        2.423709 0.559425 -0.250530,
        2.416173 0.576024 -0.198051,
        2.413244 0.563024 -0.205907,
        2.398201 0.565098 -0.186421,
        2.380929 0.528657 -0.223051,
        2.398201 0.534354 -0.241801,
        2.380929 0.524945 -0.240801,
        2.398201 0.534260 -0.258041,
        2.425264 0.562815 -0.239814,
        2.413244 0.549795 -0.229737,
        2.413244 0.555213 -0.217157,
        2.425264 0.566224 -0.229033,
        2.403142 0.581598 -0.180431,
        2.410299 0.578941 -0.188831,
        2.398201 0.578831 -0.177754,
        2.362114 0.530728 -0.203564,
        2.362114 0.523094 -0.221292,
        2.380929 0.559272 -0.178965,
        2.380929 0.574606 -0.169287,
        2.423728 0.569602 -0.218353,
        2.398201 0.553362 -0.197648,
        2.380929 0.546169 -0.191502,
        2.362114 0.541736 -0.187712,
        2.380929 0.535827 -0.206395,
        2.362114 0.555681 -0.174368,
        2.398201 0.544098 -0.210987,
        2.362114 0.572004 -0.164068,
        2.342520 0.555252 -0.172209,
        2.342520 0.571571 -0.162085,
        2.342520 0.589539 -0.155321,
        2.353850 0.589303 -0.156064,
        2.362114 0.522772 -0.278420,
        2.342520 0.524469 -0.288866,
        2.420657 0.556146 -0.260901,
        2.342520 0.519807 -0.275177,
        2.362114 0.519035 -0.259485,
        2.342520 0.516807 -0.256212,
        2.362114 0.519146 -0.240184,
        2.342520 0.517543 -0.237024,
        2.398201 0.537677 -0.225904,
        2.342520 0.521992 -0.218344,
        2.420673 0.572898 -0.207931,
        2.342520 0.529984 -0.200884,
        2.394890 0.583921 -0.173085,
        2.342520 0.541213 -0.185309,
        2.375567 0.587469 -0.161870,
        2.385646 0.585890 -0.166856,
        2.364937 0.588606 -0.158269,
        2.274791 0.578965 -0.188760,
        2.286839 0.578831 -0.177754,
        2.286839 0.565098 -0.186421,
        2.286839 0.544098 -0.210987,
        2.304110 0.535827 -0.206395,
        2.286839 0.537677 -0.225904,
        2.304110 0.535331 -0.293461,
        2.322925 0.530201 -0.296234,
        2.309472 0.541587 -0.306925,
        2.290205 0.583937 -0.173039,
        2.304110 0.574606 -0.169287,
        2.309488 0.587469 -0.161865,
        2.320177 0.588614 -0.158246,
        2.322925 0.572004 -0.164068,
        2.286839 0.553362 -0.197648,
        2.304110 0.559272 -0.178965,
        2.331189 0.589303 -0.156064,
        2.299469 0.585906 -0.166813,
        2.322925 0.555681 -0.174368,
        2.322925 0.530728 -0.203564,
        2.322925 0.541736 -0.187712,
        2.304110 0.546169 -0.191502,
        2.271795 0.555213 -0.217157,
        2.261331 0.569630 -0.218265,
        2.271795 0.563024 -0.205907,
        2.271795 0.546992 -0.243145,
        2.286839 0.534354 -0.241801,
        2.322925 0.523094 -0.221292,
        2.286839 0.534260 -0.258041,
        2.271795 0.546913 -0.256841,
        2.322925 0.519146 -0.240184,
        2.322925 0.519035 -0.259485,
        2.304110 0.524843 -0.258934,
        2.286839 0.537402 -0.273974,
        2.304110 0.528350 -0.276725,
        2.286839 0.543654 -0.288963,
        2.322925 0.522772 -0.278420,
        2.290150 0.545134 -0.295709,
        2.299394 0.543165 -0.301939,
        2.320102 0.540449 -0.310526,
        2.331189 0.539752 -0.312731,
        2.274740 0.550114 -0.279963,
        2.281898 0.547457 -0.288364,
        2.268866 0.553031 -0.270743,
        2.264366 0.556157 -0.260864,
        2.304110 0.524945 -0.240801,
        2.261311 0.559453 -0.250442,
        2.271795 0.549795 -0.229737,
        2.304110 0.528657 -0.223051,
        2.259776 0.562831 -0.239762,
        2.259776 0.566240 -0.228981,
        2.268894 0.576043 -0.197995,
        2.264382 0.572909 -0.207894,
        2.281921 0.581602 -0.180411,
        2.317240 0.545898 -0.089243,
        2.322157 0.568705 -0.080606,
        2.302331 0.567461 -0.084533,
        2.268744 0.495661 -0.142265,
        2.246516 0.520075 -0.135711,
        2.246516 0.504685 -0.150437,
        2.292480 0.548028 -0.094206,
        2.265024 0.562579 -0.099964,
        2.268744 0.551528 -0.102365,
        2.283091 0.565402 -0.091041,
        2.220602 0.550083 -0.139475,
        2.210024 0.544843 -0.156042,
        2.226252 0.529783 -0.147433,
        2.248374 0.559043 -0.111152,
        2.233453 0.554846 -0.124421,
        2.246516 0.537409 -0.123332,
        2.268744 0.531059 -0.112944,
        2.268744 0.512311 -0.126336,
        2.292480 0.506646 -0.119498,
        2.246516 0.491555 -0.167207,
        2.268744 0.481457 -0.160406,
        2.246516 0.466189 -0.247402,
        2.246516 0.467287 -0.268673,
        2.268744 0.455205 -0.270169,
        2.268744 0.461484 -0.201805,
        2.246516 0.480953 -0.185679,
        2.246516 0.473091 -0.205476,
        2.292480 0.446394 -0.271259,
        2.268744 0.454016 -0.247158,
        2.292480 0.445142 -0.246981,
        2.268744 0.456126 -0.224214,
        2.317240 0.441035 -0.271923,
        2.317240 0.439740 -0.246873,
        2.317240 0.445890 -0.296532,
        2.317240 0.454205 -0.320198,
        2.292480 0.451098 -0.295111,
        2.246516 0.471409 -0.289570,
        2.268744 0.467303 -0.314512,
        2.268744 0.459665 -0.292774,
        2.246516 0.468138 -0.226192,
        2.317240 0.465811 -0.342434,
        2.322114 0.479504 -0.362608,
        2.268744 0.469988 -0.180389,
        2.292480 0.447362 -0.222772,
        2.208370 0.519075 -0.185740,
        2.196362 0.533272 -0.192623,
        2.208370 0.510835 -0.200096,
        2.292480 0.453020 -0.199127,
        2.292480 0.489079 -0.136306,
        2.208370 0.529280 -0.172706,
        2.292480 0.526429 -0.105369,
        2.317240 0.523614 -0.100760,
        2.317240 0.503201 -0.115339,
        2.201878 0.539201 -0.173885,
        2.208370 0.500874 -0.231581,
        2.196346 0.514957 -0.250529,
        2.208370 0.499362 -0.248066,
        2.193591 0.527201 -0.211817,
        2.208370 0.504724 -0.215482,
        2.317240 0.485079 -0.132680,
        2.226252 0.515969 -0.160654,
        2.292480 0.474094 -0.155447,
        2.226252 0.504181 -0.175709,
        2.317240 0.469614 -0.152430,
        2.292480 0.461988 -0.176531,
        2.226252 0.494661 -0.192293,
        2.317240 0.457126 -0.174184,
        2.193579 0.521055 -0.231250,
        2.226252 0.487606 -0.210067,
        2.317240 0.447870 -0.197498,
        2.226252 0.483157 -0.228665,
        2.317240 0.442035 -0.221894,
        2.208370 0.500213 -0.264597,
        2.226252 0.481406 -0.247706,
        2.201823 0.509059 -0.269178,
        2.226252 0.486094 -0.285564,
        2.246516 0.478472 -0.309665,
        2.226252 0.482394 -0.266803,
        2.209921 0.503421 -0.286997,
        2.220524 0.498157 -0.303644,
        2.226252 0.492433 -0.303605,
        2.292480 0.470409 -0.339599,
        2.292480 0.459157 -0.318047,
        2.233374 0.493390 -0.318715,
        2.248244 0.489197 -0.331972,
        2.268744 0.477965 -0.334938,
        2.264894 0.485650 -0.343191,
        2.282984 0.482819 -0.352134,
        2.302138 0.480764 -0.358633,
        2.357811 0.563421 -0.350726,
        2.342520 0.563106 -0.351722,
        2.342520 0.552685 -0.331752,
        2.377673 0.572031 -0.368369,
        2.383004 0.576614 -0.389771,
        2.360264 0.570941 -0.371819,
        2.392606 0.606591 -0.161319,
        2.380921 0.608417 -0.155548,
        2.355646 0.552953 -0.330896,
        2.368528 0.553760 -0.328344,
        2.380921 0.555091 -0.324143,
        2.410224 0.576295 -0.354889,
        2.420488 0.581524 -0.374248,
        2.394433 0.573831 -0.362690,
        2.412969 0.561909 -0.302578,
        2.403354 0.559205 -0.311139,
        2.433350 0.572020 -0.270623,
        2.424752 0.579390 -0.345111,
        2.437748 0.583051 -0.333538,
        2.452189 0.589299 -0.349659,
        2.448972 0.587209 -0.320384,
        2.465114 0.594091 -0.334511,
        2.428106 0.568378 -0.282129,
        2.438689 0.583736 -0.233574,
        2.438689 0.579768 -0.246118,
        2.483917 0.605035 -0.299916,
        2.458213 0.591791 -0.305896,
        2.465299 0.596713 -0.290344,
        2.433350 0.591488 -0.209068,
        2.428106 0.595126 -0.197563,
        2.472520 0.607189 -0.257218,
        2.472520 0.612551 -0.240261,
        2.492228 0.623276 -0.242239,
        2.452189 0.651079 -0.154347,
        2.448972 0.632531 -0.177095,
        2.437748 0.636693 -0.163941,
        2.442886 0.682067 -0.098468,
        2.431453 0.671815 -0.114950,
        2.419476 0.685724 -0.086904,
        2.424752 0.640354 -0.152368,
        2.410224 0.643445 -0.142590,
        2.420488 0.658854 -0.129758,
        2.437220 0.655295 -0.141019,
        2.368528 0.609744 -0.151347,
        2.372815 0.629579 -0.141567,
        2.377673 0.647709 -0.129111,
        2.360264 0.648803 -0.125660,
        2.342520 0.610823 -0.147939,
        2.342520 0.630835 -0.137596,
        2.355646 0.610551 -0.148795,
        2.357811 0.630520 -0.138593,
        2.394638 0.688386 -0.078485,
        2.371929 0.698252 -0.052642,
        2.400583 0.696453 -0.058320,
        2.368823 0.690004 -0.073370,
        2.342520 0.698858 -0.050718,
        2.410709 0.675059 -0.104703,
        2.465114 0.646287 -0.169495,
        2.458213 0.627949 -0.191583,
        2.465299 0.623031 -0.207135,
        2.475756 0.641008 -0.186180,
        2.470098 0.617866 -0.223463,
        2.483917 0.635343 -0.204091,
        2.421272 0.598516 -0.186845,
        2.436898 0.587669 -0.221147,
        2.489441 0.629398 -0.222894,
        2.492228 0.617102 -0.261767,
        2.470098 0.601878 -0.274016,
        2.412969 0.601594 -0.177114,
        2.436898 0.575839 -0.258545,
        2.489441 0.610980 -0.281112,
        2.475756 0.599370 -0.317826,
        2.437220 0.585087 -0.362987,
        2.421272 0.564988 -0.292847,
        2.402303 0.578681 -0.383231,
        2.392606 0.556913 -0.318372,
        2.342520 0.570575 -0.372976,
        2.362953 0.575358 -0.393744,
        2.342520 0.574933 -0.395079,
        2.365827 0.576579 -0.416055,
        2.368823 0.574579 -0.438291,
        2.342520 0.576098 -0.417575,
        2.342520 0.574035 -0.440008,
        2.342520 0.568795 -0.461917,
        2.371988 0.569409 -0.459980,
        2.388697 0.578012 -0.411524,
        2.394638 0.576197 -0.433177,
        2.400819 0.571220 -0.454252,
        2.372815 0.564362 -0.347752,
        2.410709 0.580370 -0.404063,
        2.387256 0.565909 -0.342859,
        2.419476 0.578858 -0.424760,
        2.428480 0.574189 -0.444866,
        2.431453 0.583610 -0.393815,
        2.400866 0.568039 -0.336136,
        2.442886 0.582516 -0.413193,
        2.454638 0.578280 -0.431937,
        2.450535 0.587673 -0.380973,
        2.413386 0.570701 -0.327710,
        2.464425 0.587102 -0.398697,
        2.478705 0.583409 -0.415717,
        2.467610 0.592480 -0.365770,
        2.424587 0.573858 -0.317736,
        2.483697 0.592528 -0.381542,
        2.500177 0.589465 -0.396575,
        2.482350 0.597949 -0.348493,
        2.434260 0.577441 -0.306401,
        2.500335 0.598697 -0.362042,
        2.518728 0.596343 -0.374827,
        2.494492 0.603969 -0.329461,
        2.514031 0.605488 -0.340564,
        2.534039 0.603949 -0.350785,
        2.442220 0.581394 -0.293915,
        2.503799 0.610429 -0.309032,
        2.524535 0.612783 -0.317507,
        2.545740 0.612087 -0.325057,
        2.448327 0.585630 -0.280513,
        2.510098 0.617213 -0.287585,
        2.452461 0.590083 -0.266442,
        2.531650 0.620437 -0.293303,
        2.553654 0.620602 -0.298128,
        2.513280 0.624193 -0.265520,
        2.535236 0.628315 -0.268400,
        2.557657 0.629417 -0.270265,
        2.454547 0.594661 -0.251966,
        2.513280 0.631236 -0.243247,
        2.535236 0.636268 -0.243262,
        2.557634 0.638303 -0.242169,
        2.454547 0.599283 -0.237353,
        2.510098 0.638217 -0.221181,
        2.452461 0.603862 -0.222877,
        2.531650 0.644142 -0.218359,
        2.553634 0.647075 -0.214435,
        2.503799 0.645000 -0.199734,
        2.448327 0.608311 -0.208806,
        2.524535 0.651799 -0.194154,
        2.545681 0.655626 -0.187400,
        2.494492 0.651461 -0.179305,
        2.442220 0.612551 -0.195404,
        2.514031 0.659091 -0.171098,
        2.533913 0.663780 -0.161624,
        2.482350 0.657480 -0.160274,
        2.403354 0.604303 -0.168552,
        2.500335 0.665886 -0.149620,
        2.518634 0.671350 -0.137690,
        2.434260 0.616500 -0.182918,
        2.467610 0.662945 -0.142996,
        2.424587 0.620087 -0.171583,
        2.483697 0.672055 -0.130120,
        2.500083 0.678224 -0.115950,
        2.450535 0.667756 -0.127794,
        2.413386 0.623240 -0.161609,
        2.464425 0.677480 -0.112963,
        2.478504 0.684295 -0.096763,
        2.402303 0.661697 -0.120775,
        2.383004 0.663764 -0.114235,
        2.388697 0.677417 -0.097244,
        2.400866 0.625906 -0.153183,
        2.454469 0.689406 -0.080605,
        2.394433 0.645913 -0.134789,
        2.387256 0.628031 -0.146460,
        2.428406 0.693476 -0.067729,
        2.362953 0.665024 -0.110261,
        2.365827 0.678850 -0.092712,
        2.342520 0.690547 -0.071655,
        2.342520 0.649169 -0.124504,
        2.342520 0.665445 -0.108930,
        2.342520 0.679331 -0.091193,
        2.256933 0.568378 -0.282129,
        2.251689 0.572020 -0.270623,
        2.302035 0.663764 -0.114235,
        2.324776 0.648803 -0.125660,
        2.307366 0.647709 -0.129111,
        2.292433 0.556913 -0.318372,
        2.195598 0.610980 -0.281112,
        2.212520 0.607189 -0.257218,
        2.214941 0.601878 -0.274016,
        2.209283 0.599370 -0.317826,
        2.219740 0.596713 -0.290344,
        2.226827 0.591791 -0.305896,
        2.263768 0.564988 -0.292847,
        2.247291 0.583051 -0.333538,
        2.232850 0.589299 -0.349659,
        2.236067 0.587209 -0.320384,
        2.219925 0.594091 -0.334511,
        2.313110 0.569406 -0.459992,
        2.316217 0.574579 -0.438291,
        2.247819 0.585087 -0.362987,
        2.260287 0.579390 -0.345111,
        2.304114 0.555091 -0.324143,
        2.290402 0.576197 -0.433177,
        2.265563 0.578858 -0.424760,
        2.274331 0.580370 -0.404063,
        2.242154 0.582516 -0.413193,
        2.253587 0.583610 -0.393815,
        2.201122 0.605035 -0.299916,
        2.248142 0.575839 -0.258545,
        2.264551 0.581524 -0.374248,
        2.316512 0.553760 -0.328344,
        2.312224 0.564362 -0.347752,
        2.274815 0.576295 -0.354889,
        2.284457 0.571201 -0.454315,
        2.324776 0.570941 -0.371819,
        2.307366 0.572031 -0.368369,
        2.329394 0.552953 -0.330896,
        2.327228 0.563421 -0.350726,
        2.192811 0.617102 -0.261767,
        2.212520 0.612551 -0.240261,
        2.192811 0.623276 -0.242239,
        2.214941 0.617866 -0.223463,
        2.272071 0.561909 -0.302578,
        2.219740 0.623031 -0.207135,
        2.195598 0.629398 -0.222894,
        2.246350 0.579768 -0.246118,
        2.246350 0.583736 -0.233574,
        2.201122 0.635343 -0.204091,
        2.226827 0.627949 -0.191583,
        2.248142 0.587669 -0.221147,
        2.209283 0.641008 -0.186180,
        2.236067 0.632531 -0.177095,
        2.247291 0.636693 -0.163941,
        2.219925 0.646287 -0.169495,
        2.251689 0.591488 -0.209068,
        2.256933 0.595126 -0.197563,
        2.232850 0.651079 -0.154347,
        2.260287 0.640354 -0.152368,
        2.263768 0.598516 -0.186845,
        2.247819 0.655295 -0.141019,
        2.274815 0.643445 -0.142590,
        2.290606 0.645913 -0.134789,
        2.264551 0.658854 -0.129758,
        2.272071 0.601594 -0.177114,
        2.281685 0.604303 -0.168552,
        2.282736 0.661697 -0.120775,
        2.292433 0.606591 -0.161319,
        2.316512 0.609744 -0.151347,
        2.304114 0.608417 -0.155548,
        2.319213 0.678850 -0.092712,
        2.322087 0.665024 -0.110261,
        2.316217 0.690004 -0.073370,
        2.313051 0.698248 -0.052653,
        2.327228 0.630520 -0.138593,
        2.329394 0.610551 -0.148795,
        2.296343 0.677417 -0.097244,
        2.290402 0.688386 -0.078485,
        2.284220 0.696433 -0.058382,
        2.312224 0.629579 -0.141567,
        2.274331 0.675059 -0.104703,
        2.297783 0.628031 -0.146460,
        2.265563 0.685724 -0.086904,
        2.256559 0.693465 -0.067767,
        2.253587 0.671815 -0.114950,
        2.284173 0.625906 -0.153183,
        2.242154 0.682067 -0.098468,
        2.230402 0.689374 -0.080698,
        2.234504 0.667756 -0.127794,
        2.271654 0.623240 -0.161609,
        2.220614 0.677480 -0.112963,
        2.206335 0.684244 -0.096919,
        2.217429 0.662945 -0.142996,
        2.260453 0.620087 -0.171583,
        2.201343 0.672055 -0.130120,
        2.184862 0.678189 -0.116061,
        2.202689 0.657480 -0.160274,
        2.250780 0.616500 -0.182918,
        2.184705 0.665886 -0.149620,
        2.166311 0.671311 -0.137807,
        2.190547 0.651461 -0.179305,
        2.171008 0.659091 -0.171098,
        2.151000 0.663709 -0.161849,
        2.242819 0.612551 -0.195404,
        2.181240 0.645000 -0.199734,
        2.160504 0.651799 -0.194154,
        2.139299 0.655571 -0.187577,
        2.236713 0.608311 -0.208806,
        2.174941 0.638217 -0.221181,
        2.232579 0.603862 -0.222877,
        2.153390 0.644142 -0.218359,
        2.131386 0.647051 -0.214506,
        2.171760 0.631236 -0.243247,
        2.149803 0.636268 -0.243262,
        2.127382 0.638240 -0.242369,
        2.230492 0.599283 -0.237353,
        2.171760 0.624193 -0.265520,
        2.149803 0.628315 -0.268400,
        2.127406 0.629350 -0.270465,
        2.230492 0.594661 -0.251966,
        2.174941 0.617213 -0.287585,
        2.232579 0.590083 -0.266442,
        2.153390 0.620437 -0.293303,
        2.131406 0.620579 -0.298198,
        2.181240 0.610429 -0.309032,
        2.236713 0.585630 -0.280513,
        2.160504 0.612783 -0.317507,
        2.139358 0.612028 -0.325233,
        2.190547 0.603969 -0.329461,
        2.242819 0.581394 -0.293915,
        2.171008 0.605488 -0.340564,
        2.151126 0.603874 -0.351010,
        2.202689 0.597949 -0.348493,
        2.281685 0.559205 -0.311139,
        2.184705 0.598697 -0.362042,
        2.166406 0.596307 -0.374943,
        2.250780 0.577441 -0.306401,
        2.217429 0.592480 -0.365770,
        2.260453 0.573858 -0.317736,
        2.201343 0.592528 -0.381542,
        2.184957 0.589429 -0.396685,
        2.234504 0.587673 -0.380973,
        2.271654 0.570701 -0.327710,
        2.220614 0.587102 -0.398697,
        2.206535 0.583362 -0.415870,
        2.282736 0.578681 -0.383231,
        2.302035 0.576614 -0.389771,
        2.296343 0.578012 -0.411524,
        2.284173 0.568039 -0.336136,
        2.230571 0.578248 -0.432028,
        2.290606 0.573831 -0.362690,
        2.297783 0.565909 -0.342859,
        2.256634 0.574177 -0.444906,
        2.322087 0.575358 -0.393744,
        2.319213 0.576579 -0.416055,
        2.154098 0.577445 -0.168249,
        2.178366 0.578437 -0.149588,
        2.164972 0.584996 -0.144382,
        2.179154 0.592028 -0.122148,
        2.191480 0.584941 -0.129031,
        2.212642 0.563457 -0.137903,
        2.201366 0.557866 -0.155579,
        2.196378 0.598413 -0.101962,
        2.207402 0.590843 -0.110369,
        2.216323 0.604031 -0.084202,
        2.246461 0.600425 -0.080074,
        2.238622 0.608776 -0.069196,
        2.226335 0.568535 -0.121855,
        2.225846 0.596039 -0.093948,
        2.242193 0.573000 -0.107735,
        2.259917 0.576772 -0.095805,
        2.279185 0.579783 -0.086287,
        2.299630 0.581976 -0.079359,
        2.268862 0.603925 -0.069006,
        2.262854 0.612563 -0.057225,
        2.288571 0.615319 -0.048510,
        2.292642 0.606476 -0.060949,
        2.320874 0.583307 -0.075150,
        2.317346 0.608024 -0.056054,
        2.315291 0.616992 -0.043216,
        2.296378 0.495878 -0.385413,
        2.292642 0.499098 -0.400417,
        2.317346 0.497551 -0.405315,
        2.342520 0.617551 -0.041446,
        2.342520 0.608563 -0.054387,
        2.342520 0.597181 -0.065279,
        2.319232 0.596642 -0.066843,
        2.342520 0.583858 -0.073687,
        2.342520 0.623783 -0.026975,
        2.313106 0.623181 -0.028873,
        2.192720 0.551866 -0.174554,
        2.186866 0.545563 -0.194475,
        2.146736 0.569520 -0.193306,
        2.168315 0.571461 -0.171654,
        2.183913 0.539083 -0.214970,
        2.143020 0.561366 -0.219085,
        2.161508 0.564130 -0.194820,
        2.183913 0.532539 -0.235657,
        2.158071 0.556591 -0.218655,
        2.143020 0.553134 -0.245106,
        2.186866 0.526055 -0.256153,
        2.146736 0.544980 -0.270886,
        2.158071 0.548984 -0.242713,
        2.192720 0.519756 -0.276073,
        2.154098 0.537055 -0.295942,
        2.161508 0.541445 -0.266548,
        2.201366 0.513752 -0.295048,
        2.164972 0.529508 -0.319809,
        2.168315 0.534118 -0.289714,
        2.212642 0.508161 -0.312724,
        2.178366 0.527138 -0.311780,
        2.179154 0.522472 -0.342043,
        2.226335 0.503087 -0.328773,
        2.196378 0.516091 -0.362229,
        2.191480 0.520634 -0.332337,
        2.242193 0.498618 -0.342893,
        2.216323 0.510472 -0.379990,
        2.207402 0.514732 -0.351000,
        2.259917 0.494846 -0.354822,
        2.238622 0.505724 -0.394996,
        2.225846 0.509539 -0.367420,
        2.279185 0.491835 -0.364340,
        2.262854 0.501941 -0.406965,
        2.246461 0.505150 -0.381293,
        2.342520 0.487921 -0.376991,
        2.320874 0.488311 -0.375478,
        2.342520 0.493988 -0.391532,
        2.299630 0.489646 -0.371268,
        2.319232 0.494445 -0.389942,
        2.268862 0.501650 -0.392361,
        2.253654 0.501472 -0.367720,
        2.288571 0.499181 -0.415681,
        2.313071 0.494323 -0.436268,
        2.342520 0.493724 -0.438165,
        2.315291 0.497508 -0.420976,
        2.274382 0.498236 -0.377959,
        2.296378 0.595209 -0.071372,
        2.284217 0.621358 -0.034642,
        2.274382 0.592850 -0.078826,
        2.256520 0.618386 -0.044034,
        2.253654 0.589614 -0.089065,
        2.230406 0.614319 -0.056900,
        2.234583 0.585555 -0.101898,
        2.206335 0.609177 -0.073159,
        2.217524 0.580748 -0.117089,
        2.184854 0.603118 -0.092307,
        2.202791 0.575287 -0.134354,
        2.166303 0.596252 -0.114022,
        2.190665 0.569272 -0.153371,
        2.151000 0.588638 -0.138087,
        2.181362 0.562815 -0.173785,
        2.139291 0.580500 -0.163822,
        2.175067 0.556035 -0.195215,
        2.131370 0.571980 -0.190746,
        2.171890 0.549063 -0.217265,
        2.127382 0.563169 -0.218611,
        2.171890 0.542024 -0.239521,
        2.127374 0.554287 -0.246689,
        2.175067 0.535051 -0.261570,
        2.131358 0.545516 -0.274420,
        2.181362 0.528272 -0.283000,
        2.139366 0.536953 -0.301497,
        2.190665 0.521815 -0.303414,
        2.151094 0.528799 -0.327268,
        2.202791 0.515799 -0.322431,
        2.166354 0.521232 -0.351189,
        2.217524 0.510339 -0.339696,
        2.184949 0.514358 -0.372929,
        2.234583 0.505531 -0.354887,
        2.206508 0.508283 -0.392130,
        2.230606 0.503169 -0.408303,
        2.256752 0.499091 -0.421193,
        2.284461 0.496118 -0.430598,
        2.342520 0.497035 -0.406988,
        2.342520 0.496949 -0.422744,
        2.458705 0.568535 -0.121855,
        2.442846 0.573000 -0.107735,
        2.523531 0.564130 -0.194820,
        2.513150 0.549063 -0.217265,
        2.526969 0.556591 -0.218655,
        2.425122 0.576772 -0.095805,
        2.467516 0.580748 -0.117089,
        2.477638 0.590843 -0.110369,
        2.459193 0.596039 -0.093948,
        2.424843 0.618850 -0.042568,
        2.396469 0.615319 -0.048510,
        2.422185 0.612563 -0.057225,
        2.438579 0.600425 -0.080074,
        2.450457 0.585555 -0.101898,
        2.369748 0.616992 -0.043216,
        2.370772 0.623228 -0.028724,
        2.405854 0.579783 -0.086287,
        2.416177 0.603925 -0.069006,
        2.431386 0.589614 -0.089065,
        2.365807 0.596642 -0.066843,
        2.364165 0.583307 -0.075150,
        2.385409 0.581976 -0.079359,
        2.398213 0.621587 -0.033922,
        2.392398 0.606476 -0.060949,
        2.367693 0.608024 -0.056054,
        2.388661 0.595209 -0.071372,
        2.482248 0.575287 -0.134354,
        2.493559 0.584941 -0.129031,
        2.472398 0.563457 -0.137903,
        2.483673 0.557866 -0.155579,
        2.506673 0.578437 -0.149588,
        2.494374 0.569272 -0.153371,
        2.492319 0.551866 -0.174554,
        2.503677 0.562815 -0.173785,
        2.516724 0.571461 -0.171654,
        2.509972 0.556035 -0.195215,
        2.501126 0.539083 -0.214970,
        2.498173 0.545563 -0.194475,
        2.501126 0.532539 -0.235657,
        2.513150 0.542024 -0.239521,
        2.526969 0.548984 -0.242713,
        2.509972 0.535051 -0.261570,
        2.523531 0.541445 -0.266548,
        2.516724 0.534118 -0.289714,
        2.503677 0.528272 -0.283000,
        2.467516 0.510339 -0.339696,
        2.477638 0.514732 -0.351000,
        2.493559 0.520634 -0.332337,
        2.492319 0.519756 -0.276073,
        2.498173 0.526055 -0.256153,
        2.410657 0.498236 -0.377959,
        2.416177 0.501650 -0.392361,
        2.438579 0.505150 -0.381293,
        2.458705 0.503087 -0.328773,
        2.472398 0.508161 -0.312724,
        2.396469 0.499181 -0.415681,
        2.367693 0.497551 -0.405315,
        2.369748 0.497508 -0.420976,
        2.422185 0.501941 -0.406965,
        2.446417 0.505724 -0.394996,
        2.365807 0.494445 -0.389942,
        2.364165 0.488311 -0.375478,
        2.370724 0.494276 -0.436421,
        2.392398 0.499098 -0.400417,
        2.405854 0.491835 -0.364340,
        2.425122 0.494846 -0.354822,
        2.385409 0.489646 -0.371268,
        2.442846 0.498618 -0.342893,
        2.450457 0.505531 -0.354887,
        2.459193 0.509539 -0.367420,
        2.431386 0.501472 -0.367720,
        2.483673 0.513752 -0.295048,
        2.494374 0.521815 -0.303414,
        2.506673 0.527138 -0.311780,
        2.482248 0.515799 -0.322431,
        2.388661 0.495878 -0.385413,
        2.398449 0.495949 -0.431122,
        2.425102 0.498681 -0.422488,
        2.450437 0.502441 -0.410610,
        2.468717 0.510472 -0.379990,
        2.473890 0.507181 -0.395622,
        2.488661 0.516091 -0.362229,
        2.495028 0.512780 -0.377923,
        2.505886 0.522472 -0.342043,
        2.513673 0.519185 -0.357672,
        2.520067 0.529508 -0.319809,
        2.529335 0.526272 -0.335268,
        2.541764 0.533878 -0.311215,
        2.530941 0.537055 -0.295942,
        2.550850 0.541949 -0.285700,
        2.538303 0.544980 -0.270886,
        2.556323 0.550295 -0.259311,
        2.542020 0.553134 -0.245106,
        2.558157 0.558752 -0.232571,
        2.542020 0.561366 -0.219085,
        2.556335 0.567268 -0.205652,
        2.538303 0.569520 -0.193306,
        2.550791 0.575618 -0.179253,
        2.530941 0.577445 -0.168249,
        2.541744 0.583646 -0.153870,
        2.520067 0.584996 -0.144382,
        2.529260 0.591295 -0.129684,
        2.505886 0.592028 -0.122148,
        2.513531 0.598374 -0.107312,
        2.488661 0.598413 -0.101962,
        2.494965 0.604748 -0.087158,
        2.468717 0.604031 -0.084202,
        2.473736 0.610366 -0.069389,
        2.446417 0.608776 -0.069196,
        2.450134 0.615098 -0.054436,
        2.410657 0.592850 -0.078826,
        2.145669 1.044094 0.123686,
        2.145669 0.968039 0.144065,
        2.421260 0.968039 0.144065,
        2.421260 1.044094 0.123686,
        2.029484 0.603882 -0.350988,
        2.027559 0.539929 -0.292087,
        2.027559 0.615004 -0.315833,
        2.057921 0.571724 -0.452657,
        2.044748 0.507051 -0.396028,
        2.044748 0.582126 -0.419776,
        2.035232 0.592886 -0.385760,
        2.035232 0.517811 -0.362014,
        2.029484 0.528807 -0.327242,
        2.094642 0.477366 -0.489886,
        2.094642 0.552437 -0.513630,
        2.117787 0.543764 -0.541055,
        2.057921 0.496650 -0.428913,
        2.074614 0.561791 -0.484059,
        2.074614 0.486717 -0.460311,
        2.172402 0.528823 -0.588299,
        2.203276 0.522717 -0.607602,
        2.172402 0.453748 -0.564551,
        2.143803 0.535862 -0.566035,
        2.143803 0.460787 -0.542291,
        2.117787 0.468689 -0.517311,
        2.236087 0.517610 -0.623740,
        2.270484 0.513563 -0.636535,
        2.236087 0.442535 -0.599996,
        2.203276 0.447642 -0.583858,
        2.270484 0.438488 -0.612787,
        2.306091 0.510618 -0.645846,
        2.342520 0.508807 -0.651575,
        2.306091 0.435543 -0.622102,
        2.342520 0.433732 -0.627831,
        2.027559 0.123316 0.897713,
        2.657480 0.139959 0.903539,
        2.657480 0.123316 0.897713,
        2.657480 0.157480 0.905512,
        2.027559 0.139959 0.903539,
        2.027559 0.157480 0.905512,
        2.657480 0.095919 0.875866,
        2.657480 0.086538 0.860937,
        2.027559 0.086538 0.860937,
        2.027559 0.095919 0.875866,
        2.027559 0.108387 0.888335,
        2.657480 0.108387 0.888335,
        2.657480 0.080714 0.844291,
        2.027559 0.078740 0.826772,
        2.027559 0.080714 0.844291,
        2.657480 0.078740 0.826772,
        2.027559 0.095011 0.778839,
        2.657480 0.095011 0.778839,
        2.027559 0.106867 0.766453,
        2.657480 0.106867 0.766453,
        2.027559 0.121122 0.756929,
        2.027559 0.137102 0.750717,
        2.657480 0.121122 0.756929,
        2.657480 0.137102 0.750717,
        2.657480 0.086117 0.793496,
        2.027559 0.086117 0.793496,
        2.657480 0.080607 0.809728,
        2.027559 0.080607 0.809728,
        2.657480 0.491043 0.655878,
        2.027559 0.491043 0.655878,
        2.657480 0.528850 0.643669,
        2.657480 0.632280 0.585248,
        2.027559 0.599831 0.608173,
        2.657480 0.599831 0.608173,
        2.657480 0.565236 0.627717,
        2.027559 0.565236 0.627717,
        2.027559 0.528850 0.643669,
        2.027559 0.689441 0.530197,
        2.657480 0.689441 0.530197,
        2.657480 0.713571 0.498634,
        2.027559 0.632280 0.585248,
        2.657480 0.662248 0.559165,
        2.027559 0.662248 0.559165,
        2.657480 0.751709 0.429039,
        2.657480 0.765331 0.391715,
        2.027559 0.751709 0.429039,
        2.657480 0.734398 0.464799,
        2.027559 0.734398 0.464799,
        2.027559 0.713571 0.498634,
        2.657480 0.782843 0.274226,
        2.027559 0.780976 0.313912,
        2.657480 0.780976 0.313912,
        2.027559 0.775118 0.353209,
        2.027559 0.765331 0.391715,
        2.657480 0.775118 0.353209,
        2.657480 0.780701 0.234553,
        2.027559 0.782843 0.274226,
        2.027559 0.780701 0.234553,
        2.657480 0.774571 0.195298,
        2.657480 0.764516 0.156860,
        2.027559 0.774571 0.195298,
        2.027559 0.764516 0.156860,
        2.378949 0.510618 -0.645846,
        2.512638 0.528823 -0.588299,
        2.481764 0.522717 -0.607602,
        2.414555 0.513563 -0.636535,
        2.448953 0.517610 -0.623740,
        2.541236 0.535862 -0.566035,
        2.610429 0.561791 -0.484059,
        2.627118 0.571724 -0.452657,
        2.567252 0.543764 -0.541055,
        2.657480 0.615004 -0.315833,
        2.649807 0.592886 -0.385760,
        2.655555 0.603882 -0.350988,
        2.640291 0.582126 -0.419776,
        2.590398 0.552437 -0.513630,
        2.448953 0.442535 -0.599996,
        2.414555 0.438488 -0.612787,
        2.378949 0.435543 -0.622102,
        2.541236 0.460787 -0.542291,
        2.481764 0.447642 -0.583858,
        2.512638 0.453748 -0.564551,
        2.610425 0.486717 -0.460311,
        2.590398 0.477366 -0.489886,
        2.567252 0.468689 -0.517311,
        2.640291 0.507051 -0.396028,
        2.627118 0.496650 -0.428913,
        2.649807 0.517811 -0.362014,
        2.655555 0.528807 -0.327242,
        2.657480 0.539929 -0.292087,
        2.657480 0.689441 0.180606,
        2.027559 0.689441 0.180606,
        2.657480 0.502890 0.569295,
        2.657480 0.470661 0.579819,
        2.027559 0.470661 0.579819,
        2.657480 0.590248 0.517988,
        2.657480 0.563031 0.538201,
        2.027559 0.563031 0.538201,
        2.657480 0.533799 0.555370,
        2.027559 0.502890 0.569295,
        2.027559 0.533799 0.555370,
        2.027559 0.637409 0.469409,
        2.657480 0.656803 0.441602,
        2.657480 0.637409 0.469409,
        2.027559 0.590248 0.517988,
        2.027559 0.615138 0.494969,
        2.657480 0.615138 0.494969,
        2.657480 0.686098 0.380564,
        2.027559 0.686098 0.380564,
        2.657480 0.695657 0.348039,
        2.657480 0.673094 0.411874,
        2.027559 0.656803 0.441602,
        2.027559 0.673094 0.411874,
        2.657480 0.704063 0.280858,
        2.027559 0.701669 0.314675,
        2.027559 0.704063 0.280858,
        2.657480 0.701669 0.314675,
        2.027559 0.695657 0.348039,
        2.027559 0.702803 0.246980,
        2.657480 0.702803 0.246980,
        2.027559 0.697909 0.213433,
        2.657480 0.697909 0.213433,
        2.657480 0.001939 0.851406,
        2.657480 0.030076 0.919335,
        2.027559 0.017164 0.898268,
        2.657480 0.017164 0.898268,
        2.657480 0.007708 0.875437,
        2.027559 0.007708 0.875437,
        2.027559 0.001939 0.851406,
        2.027559 0.064916 0.954177,
        2.657480 0.064916 0.954177,
        2.657480 0.085986 0.967087,
        2.027559 0.030076 0.919335,
        2.657480 0.046125 0.938126,
        2.027559 0.046125 0.938126,
        2.027559 0.108816 0.976543,
        2.657480 0.108816 0.976543,
        2.657480 0.132845 0.982315,
        2.027559 0.085986 0.967087,
        2.657480 0.157480 0.984252,
        2.027559 0.132845 0.982315,
        2.027559 0.157480 0.984252,
        2.657480 0.787402 0.984252,
        2.027559 0.787402 0.984252,
        2.421260 0.947563 -0.236574,
        2.145669 0.947563 -0.236574,
        2.421260 0.871508 -0.216194,
        2.145669 0.871508 -0.216194,
        2.421260 0.866142 -0.256953,
        2.421260 0.867488 -0.236398,
        2.421260 0.944882 -0.256953,
        2.421260 0.945555 -0.246676,
        2.145669 0.866142 -0.256953,
        2.145669 0.867488 -0.236398,
        2.145669 0.944882 -0.256953,
        2.145669 0.945555 -0.246676,
        2.657480 0.787402 0.905512,
        2.027559 0.787402 0.905512,
        2.027559 0.804921 0.903539,
        2.027559 0.812035 0.982315,
        2.027559 0.836067 0.976543,
        2.027559 0.864169 0.844291,
        2.027559 0.942945 0.851406,
        2.027559 0.866142 0.826772,
        2.027559 0.944882 0.826772,
        2.027559 0.937173 0.875437,
        2.027559 0.927717 0.898268,
        2.027559 0.914807 0.919335,
        2.027559 0.858343 0.860937,
        2.027559 0.898756 0.938126,
        2.027559 0.836496 0.888335,
        2.027559 0.879965 0.954177,
        2.027559 0.848965 0.875866,
        2.027559 0.821567 0.897713,
        2.027559 0.858898 0.967087,
        2.657480 0.942945 0.851406,
        2.657480 0.866142 0.826772,
        2.657480 0.944882 0.826772,
        2.657480 0.937173 0.875437,
        2.657480 0.864169 0.844291,
        2.657480 0.858343 0.860937,
        2.657480 0.927717 0.898268,
        2.657480 0.914807 0.919335,
        2.657480 0.836067 0.976543,
        2.657480 0.821567 0.897713,
        2.657480 0.858898 0.967087,
        2.657480 0.898756 0.938126,
        2.657480 0.836496 0.888335,
        2.657480 0.848965 0.875866,
        2.657480 0.879965 0.954177,
        2.657480 0.804921 0.903539,
        2.657480 0.812035 0.982315,
        2.421260 0.944882 0.157480,
        2.421260 0.866142 0.157480,
        2.145669 0.866142 0.157480,
        2.145669 0.944882 0.157480,
        1.850394 0.944882 0.826772,
        1.850394 0.866142 -0.787402,
        1.850394 0.866142 0.826772,
        1.850394 0.944882 -0.787402,
        2.834646 0.944882 0.826772,
        2.834646 0.866142 0.826772,
        2.834646 0.866142 -1.968504,
        2.834646 0.944882 -1.968504,
        2.440945 0.866142 -0.787402,
        2.440945 0.944882 -0.787402,
        2.440945 0.866142 -1.968504,
        2.442949 0.866142 -1.996520,
        2.448917 0.866142 -2.023965,
        2.458732 0.866142 -2.050280,
        2.472193 0.866142 -2.074929,
        2.489024 0.866142 -2.097413,
        2.508886 0.866142 -2.117272,
        2.531370 0.866142 -2.134106,
        2.556020 0.866142 -2.147567,
        2.582335 0.866142 -2.157382,
        2.609780 0.866142 -2.163350,
        2.637795 0.866142 -2.165354,
        2.665811 0.866142 -2.163350,
        2.693256 0.866142 -2.157382,
        2.786567 0.866142 -2.097413,
        2.803398 0.866142 -2.074929,
        2.719571 0.866142 -2.147567,
        2.744220 0.866142 -2.134106,
        2.816858 0.866142 -2.050280,
        2.826673 0.866142 -2.023965,
        2.832642 0.866142 -1.996520,
        2.766705 0.866142 -2.117272,
        2.440945 0.944882 -1.968504,
        2.448917 0.944882 -2.023965,
        2.442949 0.944882 -1.996520,
        2.508886 0.944882 -2.117272,
        2.531370 0.944882 -2.134106,
        2.458732 0.944882 -2.050280,
        2.489024 0.944882 -2.097413,
        2.472193 0.944882 -2.074929,
        2.556020 0.944882 -2.147567,
        2.582335 0.944882 -2.157382,
        2.637795 0.944882 -2.165354,
        2.609780 0.944882 -2.163350,
        2.665811 0.944882 -2.163350,
        2.719571 0.944882 -2.147567,
        2.693256 0.944882 -2.157382,
        2.766705 0.944882 -2.117272,
        2.744220 0.944882 -2.134106,
        2.803398 0.944882 -2.074929,
        2.786567 0.944882 -2.097413,
        2.826673 0.944882 -2.023965,
        2.816858 0.944882 -2.050280,
        2.832642 0.944882 -1.996520,
        1.476378 0.025907 0.740236,
        1.476378 0.014755 0.760217,
        0.846457 0.025907 0.740236,
        0.846457 0.014755 0.760217,
        0.846457 0.006616 0.781606,
        1.476378 0.006616 0.781606,
        0.846457 0.001663 0.803949,
        1.476378 0.001663 0.803949,
        0.846457 0.039839 0.722079,
        1.476378 0.000001 0.826772,
        0.846457 0.000001 0.826772,
        1.476378 0.039839 0.722079,
        1.476378 0.056254 0.706134,
        0.846457 0.056254 0.706134,
        0.846457 0.074807 0.692736,
        1.476378 0.074807 0.692736,
        0.846457 0.095106 0.682169,
        1.476378 0.095106 0.682169,
        0.846457 0.116722 0.674657,
        1.476378 0.116722 0.674657,
        1.211457 0.526429 -0.105369,
        1.235193 0.551528 -0.102365,
        1.211457 0.548028 -0.094206,
        1.257421 0.473091 -0.205476,
        1.277685 0.494661 -0.192293,
        1.257421 0.480953 -0.185679,
        1.247472 0.560894 -0.105302,
        1.234575 0.563346 -0.097539,
        1.220890 0.565398 -0.091058,
        1.259512 0.558043 -0.114314,
        1.257421 0.537409 -0.123332,
        1.186697 0.545898 -0.089243,
        1.161417 0.544551 -0.087850,
        1.186697 0.523614 -0.100760,
        1.206559 0.567016 -0.085937,
        1.201697 0.480752 -0.358668,
        1.211457 0.470409 -0.339599,
        1.186697 0.465811 -0.342434,
        1.235193 0.531059 -0.112944,
        1.161417 0.521496 -0.099936,
        1.186697 0.503201 -0.115339,
        1.277685 0.529783 -0.147433,
        1.277685 0.545346 -0.136319,
        1.257421 0.520075 -0.135711,
        1.176705 0.568890 -0.080022,
        1.191807 0.568181 -0.082256,
        1.161417 0.569126 -0.079274,
        1.257421 0.504685 -0.150437,
        1.277685 0.515969 -0.160654,
        1.235193 0.512311 -0.126336,
        1.161417 0.445752 -0.198206,
        1.186697 0.442035 -0.221894,
        1.186697 0.447870 -0.197498,
        1.257421 0.491555 -0.167207,
        1.235193 0.495661 -0.142265,
        1.277685 0.504181 -0.175709,
        1.295567 0.519075 -0.185740,
        1.235193 0.481457 -0.160406,
        1.257421 0.466189 -0.247402,
        1.257421 0.467287 -0.268673,
        1.277685 0.481406 -0.247706,
        1.161417 0.464366 -0.343545,
        1.181768 0.479500 -0.362621,
        1.161417 0.479083 -0.363949,
        1.220902 0.482811 -0.352158,
        1.186697 0.454205 -0.320198,
        1.211457 0.459157 -0.318047,
        1.161417 0.444291 -0.297552,
        1.186697 0.445890 -0.296532,
        1.186697 0.441035 -0.271923,
        1.211457 0.451098 -0.295111,
        1.235193 0.454016 -0.247158,
        1.235193 0.455205 -0.270169,
        1.186697 0.439740 -0.246873,
        1.161417 0.439331 -0.272891,
        1.235193 0.461484 -0.201805,
        1.235193 0.456126 -0.224214,
        1.277685 0.483157 -0.228665,
        1.257421 0.468138 -0.226192,
        1.235193 0.469988 -0.180389,
        1.161417 0.440067 -0.222712,
        1.161417 0.500461 -0.115269,
        1.186697 0.485079 -0.132680,
        1.270496 0.554843 -0.124432,
        1.211457 0.506646 -0.119498,
        1.280331 0.551323 -0.135557,
        1.288945 0.547508 -0.147615,
        1.161417 0.482480 -0.132862,
        1.186697 0.469614 -0.152430,
        1.211457 0.489079 -0.136306,
        1.296205 0.543457 -0.160420,
        1.295567 0.529280 -0.172706,
        1.302059 0.539205 -0.173868,
        1.161417 0.467173 -0.152823,
        1.186697 0.457126 -0.174184,
        1.211457 0.474094 -0.155447,
        1.306441 0.534783 -0.187842,
        1.161417 0.454846 -0.174752,
        1.211457 0.461988 -0.176531,
        1.295567 0.510835 -0.200096,
        1.309295 0.530272 -0.202106,
        1.235193 0.467303 -0.314512,
        1.257421 0.478472 -0.309665,
        1.257421 0.471409 -0.289570,
        1.211457 0.453020 -0.199127,
        1.277685 0.487606 -0.210067,
        1.295567 0.504724 -0.215482,
        1.310610 0.525689 -0.216602,
        1.211457 0.447362 -0.222772,
        1.295567 0.500874 -0.231581,
        1.310366 0.521075 -0.231184,
        1.161417 0.437913 -0.247775,
        1.211457 0.445142 -0.246981,
        1.307610 0.514980 -0.250452,
        1.277685 0.486094 -0.285564,
        1.277685 0.482394 -0.266803,
        1.211457 0.446394 -0.271259,
        1.295567 0.499362 -0.248066,
        1.295567 0.500213 -0.264597,
        1.235193 0.459665 -0.292774,
        1.294008 0.503413 -0.287022,
        1.302122 0.509055 -0.269181,
        1.161417 0.452693 -0.321263,
        1.277685 0.492433 -0.303605,
        1.235193 0.477965 -0.334938,
        1.255657 0.489185 -0.332002,
        1.270555 0.493386 -0.318729,
        1.283421 0.498157 -0.303642,
        1.239004 0.485642 -0.343214,
        1.229146 0.550094 -0.280035,
        1.217098 0.543654 -0.288963,
        1.217098 0.537402 -0.273974,
        1.199827 0.535331 -0.293461,
        1.199827 0.528350 -0.276725,
        1.235043 0.553016 -0.270800,
        1.213732 0.545122 -0.295756,
        1.222016 0.547453 -0.288383,
        1.204469 0.543150 -0.301982,
        1.194449 0.541587 -0.306930,
        1.183760 0.540441 -0.310549,
        1.181012 0.530201 -0.296234,
        1.172748 0.539752 -0.312731,
        1.161417 0.531087 -0.301724,
        1.161417 0.539516 -0.313474,
        1.199827 0.524843 -0.258934,
        1.232142 0.546913 -0.256841,
        1.232142 0.546992 -0.243145,
        1.242606 0.559425 -0.250530,
        1.235071 0.576024 -0.198051,
        1.232142 0.563024 -0.205907,
        1.217098 0.565098 -0.186421,
        1.199827 0.528657 -0.223051,
        1.217098 0.534354 -0.241801,
        1.199827 0.524945 -0.240801,
        1.217098 0.534260 -0.258041,
        1.244161 0.562815 -0.239814,
        1.232142 0.549795 -0.229737,
        1.232142 0.555213 -0.217157,
        1.244161 0.566224 -0.229033,
        1.222039 0.581598 -0.180431,
        1.229197 0.578941 -0.188831,
        1.217098 0.578831 -0.177754,
        1.181012 0.530728 -0.203564,
        1.181012 0.523094 -0.221292,
        1.199827 0.559272 -0.178965,
        1.199827 0.574606 -0.169287,
        1.242626 0.569602 -0.218353,
        1.217098 0.553362 -0.197648,
        1.199827 0.546169 -0.191502,
        1.181012 0.541736 -0.187712,
        1.199827 0.535827 -0.206395,
        1.181012 0.555681 -0.174368,
        1.217098 0.544098 -0.210987,
        1.181012 0.572004 -0.164068,
        1.161417 0.555252 -0.172209,
        1.161417 0.571571 -0.162085,
        1.161417 0.589539 -0.155321,
        1.172748 0.589303 -0.156064,
        1.181012 0.522772 -0.278420,
        1.161417 0.524469 -0.288866,
        1.239555 0.556146 -0.260901,
        1.161417 0.519807 -0.275177,
        1.181012 0.519035 -0.259485,
        1.161417 0.516807 -0.256212,
        1.181012 0.519146 -0.240184,
        1.161417 0.517543 -0.237024,
        1.217098 0.537677 -0.225904,
        1.161417 0.521992 -0.218344,
        1.239571 0.572898 -0.207931,
        1.161417 0.529984 -0.200884,
        1.213787 0.583921 -0.173085,
        1.161417 0.541213 -0.185309,
        1.194465 0.587469 -0.161870,
        1.204543 0.585890 -0.166856,
        1.183835 0.588606 -0.158269,
        1.105736 0.578831 -0.177754,
        1.105736 0.565098 -0.186421,
        1.093689 0.578965 -0.188760,
        1.105736 0.544098 -0.210987,
        1.123008 0.535827 -0.206395,
        1.105736 0.537677 -0.225904,
        1.109102 0.583937 -0.173039,
        1.123008 0.574606 -0.169287,
        1.105736 0.553362 -0.197648,
        1.123008 0.559272 -0.178965,
        1.128386 0.587469 -0.161865,
        1.139075 0.588614 -0.158246,
        1.141823 0.572004 -0.164068,
        1.118366 0.585906 -0.166813,
        1.150087 0.589303 -0.156064,
        1.141823 0.555681 -0.174368,
        1.141823 0.530728 -0.203564,
        1.141823 0.541736 -0.187712,
        1.123008 0.546169 -0.191502,
        1.090693 0.555213 -0.217157,
        1.080228 0.569630 -0.218265,
        1.090693 0.563024 -0.205907,
        1.090693 0.546992 -0.243145,
        1.105736 0.534354 -0.241801,
        1.141823 0.523094 -0.221292,
        1.105736 0.534260 -0.258041,
        1.090693 0.546913 -0.256841,
        1.141823 0.519146 -0.240184,
        1.141823 0.519035 -0.259485,
        1.123008 0.524843 -0.258934,
        1.105736 0.537402 -0.273974,
        1.123008 0.528350 -0.276725,
        1.105736 0.543654 -0.288963,
        1.141823 0.522772 -0.278420,
        1.123008 0.535331 -0.293461,
        1.109047 0.545134 -0.295709,
        1.118291 0.543165 -0.301939,
        1.128370 0.541587 -0.306925,
        1.141823 0.530201 -0.296234,
        1.139000 0.540449 -0.310526,
        1.150087 0.539752 -0.312731,
        1.093638 0.550114 -0.279963,
        1.100795 0.547457 -0.288364,
        1.087764 0.553031 -0.270743,
        1.083264 0.556157 -0.260864,
        1.123008 0.524945 -0.240801,
        1.080209 0.559453 -0.250442,
        1.090693 0.549795 -0.229737,
        1.123008 0.528657 -0.223051,
        1.078673 0.562831 -0.239762,
        1.078673 0.566240 -0.228981,
        1.087791 0.576043 -0.197995,
        1.083280 0.572909 -0.207894,
        1.100819 0.581602 -0.180411,
        1.136138 0.545898 -0.089243,
        1.141055 0.568705 -0.080606,
        1.121228 0.567461 -0.084533,
        1.087642 0.495661 -0.142265,
        1.065413 0.520075 -0.135711,
        1.065413 0.504685 -0.150437,
        1.111378 0.548028 -0.094206,
        1.083921 0.562579 -0.099964,
        1.087642 0.551528 -0.102365,
        1.101988 0.565402 -0.091041,
        1.039500 0.550083 -0.139475,
        1.028921 0.544843 -0.156042,
        1.045150 0.529783 -0.147433,
        1.067272 0.559043 -0.111152,
        1.052350 0.554846 -0.124421,
        1.065413 0.537409 -0.123332,
        1.087642 0.531059 -0.112944,
        1.087642 0.512311 -0.126336,
        1.111378 0.506646 -0.119498,
        1.065413 0.491555 -0.167207,
        1.087642 0.481457 -0.160406,
        1.065413 0.466189 -0.247402,
        1.065413 0.467287 -0.268673,
        1.087642 0.455205 -0.270169,
        1.087642 0.461484 -0.201805,
        1.065413 0.480953 -0.185679,
        1.065413 0.473091 -0.205476,
        1.111378 0.446394 -0.271259,
        1.087642 0.454016 -0.247158,
        1.111378 0.445142 -0.246981,
        1.087642 0.456126 -0.224214,
        1.136138 0.441035 -0.271923,
        1.136138 0.439740 -0.246873,
        1.136138 0.445890 -0.296532,
        1.136138 0.454205 -0.320198,
        1.111378 0.451098 -0.295111,
        1.065413 0.471409 -0.289570,
        1.087642 0.467303 -0.314512,
        1.087642 0.459665 -0.292774,
        1.065413 0.468138 -0.226192,
        1.136138 0.465811 -0.342434,
        1.141012 0.479504 -0.362608,
        1.087642 0.469988 -0.180389,
        1.111378 0.447362 -0.222772,
        1.027268 0.519075 -0.185740,
        1.015260 0.533272 -0.192623,
        1.027268 0.510835 -0.200096,
        1.111378 0.453020 -0.199127,
        1.111378 0.489079 -0.136306,
        1.027268 0.529280 -0.172706,
        1.111378 0.526429 -0.105369,
        1.136138 0.523614 -0.100760,
        1.136138 0.503201 -0.115339,
        1.020776 0.539201 -0.173885,
        1.027268 0.500874 -0.231581,
        1.015244 0.514957 -0.250529,
        1.027268 0.499362 -0.248066,
        1.012488 0.527201 -0.211817,
        1.027268 0.504724 -0.215482,
        1.136138 0.485079 -0.132680,
        1.045150 0.515969 -0.160654,
        1.111378 0.474094 -0.155447,
        1.045150 0.504181 -0.175709,
        1.136138 0.469614 -0.152430,
        1.111378 0.461988 -0.176531,
        1.045150 0.494661 -0.192293,
        1.136138 0.457126 -0.174184,
        1.012476 0.521055 -0.231250,
        1.045150 0.487606 -0.210067,
        1.136138 0.447870 -0.197498,
        1.045150 0.483157 -0.228665,
        1.136138 0.442035 -0.221894,
        1.027268 0.500213 -0.264597,
        1.045150 0.481406 -0.247706,
        1.020720 0.509059 -0.269178,
        1.045150 0.486094 -0.285564,
        1.065413 0.478472 -0.309665,
        1.045150 0.482394 -0.266803,
        1.028819 0.503421 -0.286997,
        1.039421 0.498157 -0.303644,
        1.045150 0.492433 -0.303605,
        1.111378 0.470409 -0.339599,
        1.111378 0.459157 -0.318047,
        1.052272 0.493390 -0.318715,
        1.067142 0.489197 -0.331972,
        1.087642 0.477965 -0.334938,
        1.083791 0.485650 -0.343191,
        1.101882 0.482819 -0.352134,
        1.121035 0.480764 -0.358633,
        1.176709 0.563421 -0.350726,
        1.161417 0.563106 -0.351722,
        1.161417 0.552685 -0.331752,
        1.196571 0.572031 -0.368369,
        1.201902 0.576614 -0.389771,
        1.179161 0.570941 -0.371819,
        1.211504 0.606591 -0.161319,
        1.199823 0.608417 -0.155548,
        1.174543 0.552953 -0.330896,
        1.187425 0.553760 -0.328344,
        1.199823 0.555091 -0.324143,
        1.229122 0.576295 -0.354889,
        1.239386 0.581524 -0.374248,
        1.213331 0.573831 -0.362690,
        1.231866 0.561909 -0.302578,
        1.222252 0.559205 -0.311139,
        1.252248 0.572020 -0.270623,
        1.243650 0.579390 -0.345111,
        1.256646 0.583051 -0.333538,
        1.271087 0.589299 -0.349659,
        1.267870 0.587209 -0.320384,
        1.284012 0.594091 -0.334511,
        1.247004 0.568378 -0.282129,
        1.257587 0.583736 -0.233574,
        1.257587 0.579768 -0.246118,
        1.302815 0.605035 -0.299916,
        1.277110 0.591791 -0.305896,
        1.284197 0.596713 -0.290344,
        1.252248 0.591488 -0.209068,
        1.247004 0.595126 -0.197563,
        1.291417 0.607189 -0.257218,
        1.291417 0.612551 -0.240261,
        1.311126 0.623276 -0.242239,
        1.271087 0.651079 -0.154347,
        1.267870 0.632531 -0.177095,
        1.256646 0.636693 -0.163941,
        1.261783 0.682067 -0.098468,
        1.250350 0.671815 -0.114950,
        1.238374 0.685724 -0.086904,
        1.243650 0.640354 -0.152368,
        1.229122 0.643445 -0.142590,
        1.239386 0.658854 -0.129758,
        1.256118 0.655295 -0.141019,
        1.187425 0.609744 -0.151347,
        1.191713 0.629579 -0.141567,
        1.196571 0.647709 -0.129111,
        1.179161 0.648803 -0.125660,
        1.161417 0.610823 -0.147939,
        1.161417 0.630835 -0.137596,
        1.174543 0.610551 -0.148795,
        1.176709 0.630520 -0.138593,
        1.213535 0.688386 -0.078485,
        1.190827 0.698252 -0.052642,
        1.219480 0.696453 -0.058320,
        1.187720 0.690004 -0.073370,
        1.161417 0.698858 -0.050718,
        1.229606 0.675059 -0.104703,
        1.284012 0.646287 -0.169495,
        1.277110 0.627949 -0.191583,
        1.284197 0.623031 -0.207135,
        1.294654 0.641008 -0.186180,
        1.288996 0.617866 -0.223463,
        1.302815 0.635343 -0.204091,
        1.240169 0.598516 -0.186845,
        1.255795 0.587669 -0.221147,
        1.308339 0.629398 -0.222894,
        1.311126 0.617102 -0.261767,
        1.288996 0.601878 -0.274016,
        1.231866 0.601594 -0.177114,
        1.255795 0.575839 -0.258545,
        1.308339 0.610980 -0.281112,
        1.294654 0.599370 -0.317826,
        1.256118 0.585087 -0.362987,
        1.240169 0.564988 -0.292847,
        1.221201 0.578681 -0.383231,
        1.211504 0.556913 -0.318372,
        1.161417 0.570575 -0.372976,
        1.181850 0.575358 -0.393744,
        1.161417 0.574933 -0.395079,
        1.184724 0.576579 -0.416055,
        1.187720 0.574579 -0.438291,
        1.161417 0.576098 -0.417575,
        1.161417 0.574035 -0.440008,
        1.161417 0.568795 -0.461917,
        1.190886 0.569409 -0.459980,
        1.207594 0.578012 -0.411524,
        1.213535 0.576197 -0.433177,
        1.219717 0.571220 -0.454252,
        1.191713 0.564362 -0.347752,
        1.229606 0.580370 -0.404063,
        1.206154 0.565909 -0.342859,
        1.238374 0.578858 -0.424760,
        1.247378 0.574189 -0.444866,
        1.250350 0.583610 -0.393815,
        1.219764 0.568039 -0.336136,
        1.261783 0.582516 -0.413193,
        1.273535 0.578280 -0.431937,
        1.269433 0.587673 -0.380973,
        1.232283 0.570701 -0.327710,
        1.283323 0.587102 -0.398697,
        1.297602 0.583409 -0.415717,
        1.286508 0.592480 -0.365770,
        1.243484 0.573858 -0.317736,
        1.302591 0.592528 -0.381542,
        1.319075 0.589465 -0.396575,
        1.301248 0.597949 -0.348493,
        1.253157 0.577441 -0.306401,
        1.319232 0.598697 -0.362042,
        1.337626 0.596343 -0.374827,
        1.313390 0.603969 -0.329461,
        1.332929 0.605488 -0.340564,
        1.352937 0.603949 -0.350785,
        1.261118 0.581394 -0.293915,
        1.322697 0.610429 -0.309032,
        1.343433 0.612783 -0.317507,
        1.364638 0.612087 -0.325057,
        1.267224 0.585630 -0.280513,
        1.328996 0.617213 -0.287585,
        1.271358 0.590083 -0.266442,
        1.350547 0.620437 -0.293303,
        1.372551 0.620602 -0.298128,
        1.332177 0.624193 -0.265520,
        1.354134 0.628315 -0.268400,
        1.376555 0.629417 -0.270265,
        1.273445 0.594661 -0.251966,
        1.332177 0.631236 -0.243247,
        1.354134 0.636268 -0.243262,
        1.376531 0.638303 -0.242169,
        1.273445 0.599283 -0.237353,
        1.328996 0.638217 -0.221181,
        1.271358 0.603862 -0.222877,
        1.350547 0.644142 -0.218359,
        1.372531 0.647075 -0.214435,
        1.322697 0.645000 -0.199734,
        1.267224 0.608311 -0.208806,
        1.343433 0.651799 -0.194154,
        1.364579 0.655626 -0.187400,
        1.313390 0.651461 -0.179305,
        1.261118 0.612551 -0.195404,
        1.332929 0.659091 -0.171098,
        1.352811 0.663780 -0.161624,
        1.301248 0.657480 -0.160274,
        1.222252 0.604303 -0.168552,
        1.319232 0.665886 -0.149620,
        1.337531 0.671350 -0.137690,
        1.253157 0.616500 -0.182918,
        1.286508 0.662945 -0.142996,
        1.243484 0.620087 -0.171583,
        1.302591 0.672055 -0.130120,
        1.318980 0.678224 -0.115950,
        1.269433 0.667756 -0.127794,
        1.232283 0.623240 -0.161609,
        1.283323 0.677480 -0.112963,
        1.297402 0.684295 -0.096763,
        1.221201 0.661697 -0.120775,
        1.201902 0.663764 -0.114235,
        1.207594 0.677417 -0.097244,
        1.219764 0.625906 -0.153183,
        1.273366 0.689406 -0.080605,
        1.213331 0.645913 -0.134789,
        1.206154 0.628031 -0.146460,
        1.247303 0.693476 -0.067729,
        1.181850 0.665024 -0.110261,
        1.184724 0.678850 -0.092712,
        1.161417 0.690547 -0.071655,
        1.161417 0.649169 -0.124504,
        1.161417 0.665445 -0.108930,
        1.161417 0.679331 -0.091193,
        1.014496 0.610980 -0.281112,
        1.031417 0.607189 -0.257218,
        1.033839 0.601878 -0.274016,
        1.120933 0.663764 -0.114235,
        1.143673 0.648803 -0.125660,
        1.126264 0.647709 -0.129111,
        1.082665 0.564988 -0.292847,
        1.075831 0.568378 -0.282129,
        1.038638 0.596713 -0.290344,
        1.020020 0.605035 -0.299916,
        1.111331 0.556913 -0.318372,
        1.045724 0.591791 -0.305896,
        1.028181 0.599370 -0.317826,
        1.070587 0.572020 -0.270623,
        1.038823 0.594091 -0.334511,
        1.054965 0.587209 -0.320384,
        1.067039 0.575839 -0.258545,
        1.132008 0.569406 -0.459992,
        1.135114 0.574579 -0.438291,
        1.123012 0.555091 -0.324143,
        1.061051 0.582516 -0.413193,
        1.072484 0.583610 -0.393815,
        1.084457 0.578858 -0.424760,
        1.093228 0.580370 -0.404063,
        1.109299 0.576197 -0.433177,
        1.066717 0.585087 -0.362987,
        1.083449 0.581524 -0.374248,
        1.066189 0.583051 -0.333538,
        1.051748 0.589299 -0.349659,
        1.079185 0.579390 -0.345111,
        1.093713 0.576295 -0.354889,
        1.103354 0.571201 -0.454315,
        1.146126 0.563421 -0.350726,
        1.135409 0.553760 -0.328344,
        1.148291 0.552953 -0.330896,
        1.131122 0.564362 -0.347752,
        1.143673 0.570941 -0.371819,
        1.126264 0.572031 -0.368369,
        1.031417 0.612551 -0.240261,
        1.011709 0.617102 -0.261767,
        1.011709 0.623276 -0.242239,
        1.033839 0.617866 -0.223463,
        1.090969 0.561909 -0.302578,
        1.038638 0.623031 -0.207135,
        1.014496 0.629398 -0.222894,
        1.065248 0.579768 -0.246118,
        1.065248 0.583736 -0.233574,
        1.020020 0.635343 -0.204091,
        1.045724 0.627949 -0.191583,
        1.067039 0.587669 -0.221147,
        1.028181 0.641008 -0.186180,
        1.054965 0.632531 -0.177095,
        1.066189 0.636693 -0.163941,
        1.038823 0.646287 -0.169495,
        1.070587 0.591488 -0.209068,
        1.075831 0.595126 -0.197563,
        1.051748 0.651079 -0.154347,
        1.079185 0.640354 -0.152368,
        1.082665 0.598516 -0.186845,
        1.066717 0.655295 -0.141019,
        1.093713 0.643445 -0.142590,
        1.109504 0.645913 -0.134789,
        1.083449 0.658854 -0.129758,
        1.090969 0.601594 -0.177114,
        1.100583 0.604303 -0.168552,
        1.101634 0.661697 -0.120775,
        1.111331 0.606591 -0.161319,
        1.135409 0.609744 -0.151347,
        1.123012 0.608417 -0.155548,
        1.138110 0.678850 -0.092712,
        1.140984 0.665024 -0.110261,
        1.135114 0.690004 -0.073370,
        1.131949 0.698248 -0.052653,
        1.146126 0.630520 -0.138593,
        1.148291 0.610551 -0.148795,
        1.115240 0.677417 -0.097244,
        1.109299 0.688386 -0.078485,
        1.103118 0.696433 -0.058382,
        1.131122 0.629579 -0.141567,
        1.093228 0.675059 -0.104703,
        1.116681 0.628031 -0.146460,
        1.084457 0.685724 -0.086904,
        1.075457 0.693465 -0.067767,
        1.072484 0.671815 -0.114950,
        1.061051 0.682067 -0.098468,
        1.049299 0.689374 -0.080698,
        1.103071 0.625906 -0.153183,
        1.053402 0.667756 -0.127794,
        1.090551 0.623240 -0.161609,
        1.039512 0.677480 -0.112963,
        1.025232 0.684244 -0.096919,
        1.036327 0.662945 -0.142996,
        1.079350 0.620087 -0.171583,
        1.020240 0.672055 -0.130120,
        1.003760 0.678189 -0.116061,
        1.021587 0.657480 -0.160274,
        1.069677 0.616500 -0.182918,
        1.003602 0.665886 -0.149620,
        0.985209 0.671311 -0.137807,
        1.009445 0.651461 -0.179305,
        0.989906 0.659091 -0.171098,
        0.969898 0.663709 -0.161849,
        1.061717 0.612551 -0.195404,
        1.000138 0.645000 -0.199734,
        0.979402 0.651799 -0.194154,
        0.958197 0.655571 -0.187577,
        1.055610 0.608311 -0.208806,
        0.993839 0.638217 -0.221181,
        1.051476 0.603862 -0.222877,
        0.972287 0.644142 -0.218359,
        0.950283 0.647051 -0.214506,
        0.990657 0.631236 -0.243247,
        0.968701 0.636268 -0.243262,
        0.946280 0.638240 -0.242369,
        1.049390 0.599283 -0.237353,
        0.990657 0.624193 -0.265520,
        0.968701 0.628315 -0.268400,
        0.946303 0.629350 -0.270465,
        1.049390 0.594661 -0.251966,
        0.993839 0.617213 -0.287585,
        1.051476 0.590083 -0.266442,
        0.972287 0.620437 -0.293303,
        0.950303 0.620579 -0.298198,
        1.000138 0.610429 -0.309032,
        1.055610 0.585630 -0.280513,
        0.979402 0.612783 -0.317507,
        0.958256 0.612028 -0.325233,
        1.009445 0.603969 -0.329461,
        1.061717 0.581394 -0.293915,
        0.989906 0.605488 -0.340564,
        0.970024 0.603874 -0.351010,
        1.021587 0.597949 -0.348493,
        1.100583 0.559205 -0.311139,
        1.003602 0.598697 -0.362042,
        0.985303 0.596307 -0.374943,
        1.069677 0.577441 -0.306401,
        1.036327 0.592480 -0.365770,
        1.079350 0.573858 -0.317736,
        1.020240 0.592528 -0.381542,
        1.003854 0.589429 -0.396685,
        1.053402 0.587673 -0.380973,
        1.090551 0.570701 -0.327710,
        1.039512 0.587102 -0.398697,
        1.025433 0.583362 -0.415870,
        1.101634 0.578681 -0.383231,
        1.120933 0.576614 -0.389771,
        1.115240 0.578012 -0.411524,
        1.103071 0.568039 -0.336136,
        1.049469 0.578248 -0.432028,
        1.109504 0.573831 -0.362690,
        1.116681 0.565909 -0.342859,
        1.075531 0.574177 -0.444906,
        1.140984 0.575358 -0.393744,
        1.138110 0.576579 -0.416055,
        0.972996 0.577445 -0.168249,
        0.997264 0.578437 -0.149588,
        0.983870 0.584996 -0.144382,
        0.998051 0.592028 -0.122148,
        1.010378 0.584941 -0.129031,
        1.031539 0.563457 -0.137903,
        1.020264 0.557866 -0.155579,
        1.015276 0.598413 -0.101962,
        1.026299 0.590843 -0.110369,
        1.035220 0.604031 -0.084202,
        1.065358 0.600425 -0.080074,
        1.057520 0.608776 -0.069196,
        1.045232 0.568535 -0.121855,
        1.044744 0.596039 -0.093948,
        1.061091 0.573000 -0.107735,
        1.078815 0.576772 -0.095805,
        1.098083 0.579783 -0.086287,
        1.118528 0.581976 -0.079359,
        1.087760 0.603925 -0.069006,
        1.081752 0.612563 -0.057225,
        1.107469 0.615319 -0.048510,
        1.111539 0.606476 -0.060949,
        1.139772 0.583307 -0.075150,
        1.136244 0.608024 -0.056054,
        1.134189 0.616992 -0.043216,
        1.115276 0.495878 -0.385413,
        1.111539 0.499098 -0.400417,
        1.136244 0.497551 -0.405315,
        1.161417 0.617551 -0.041446,
        1.161417 0.608563 -0.054387,
        1.161417 0.597181 -0.065279,
        1.138130 0.596642 -0.066843,
        1.161417 0.583858 -0.073687,
        1.161417 0.623783 -0.026975,
        1.132004 0.623181 -0.028873,
        1.011618 0.551866 -0.174554,
        1.005764 0.545563 -0.194475,
        0.965634 0.569520 -0.193306,
        0.987213 0.571461 -0.171654,
        1.002811 0.539083 -0.214970,
        0.961917 0.561366 -0.219085,
        0.980406 0.564130 -0.194820,
        1.002811 0.532539 -0.235657,
        0.976969 0.556591 -0.218655,
        0.961917 0.553134 -0.245106,
        1.005764 0.526055 -0.256153,
        0.965634 0.544980 -0.270886,
        0.976969 0.548984 -0.242713,
        1.011618 0.519756 -0.276073,
        0.972996 0.537055 -0.295942,
        0.980406 0.541445 -0.266548,
        1.020264 0.513752 -0.295048,
        0.983870 0.529508 -0.319809,
        0.987213 0.534118 -0.289714,
        1.031539 0.508161 -0.312724,
        0.997264 0.527138 -0.311780,
        0.998051 0.522472 -0.342043,
        1.045232 0.503087 -0.328773,
        1.015276 0.516091 -0.362229,
        1.010378 0.520634 -0.332337,
        1.061091 0.498618 -0.342893,
        1.035220 0.510472 -0.379990,
        1.026299 0.514732 -0.351000,
        1.078815 0.494846 -0.354822,
        1.057520 0.505724 -0.394996,
        1.044744 0.509539 -0.367420,
        1.098083 0.491835 -0.364340,
        1.081752 0.501941 -0.406965,
        1.065358 0.505150 -0.381293,
        1.161417 0.487921 -0.376991,
        1.139772 0.488311 -0.375478,
        1.161417 0.493988 -0.391532,
        1.118528 0.489646 -0.371268,
        1.138130 0.494445 -0.389942,
        1.087760 0.501650 -0.392361,
        1.072551 0.501472 -0.367720,
        1.107469 0.499181 -0.415681,
        1.131969 0.494323 -0.436268,
        1.161417 0.493724 -0.438165,
        1.134189 0.497508 -0.420976,
        1.093280 0.498236 -0.377959,
        1.115276 0.595209 -0.071372,
        1.103114 0.621358 -0.034642,
        1.093280 0.592850 -0.078826,
        1.075417 0.618386 -0.044034,
        1.072551 0.589614 -0.089065,
        1.049303 0.614319 -0.056900,
        1.053480 0.585555 -0.101898,
        1.025232 0.609177 -0.073159,
        1.036421 0.580748 -0.117089,
        1.003752 0.603118 -0.092307,
        1.021689 0.575287 -0.134354,
        0.985201 0.596252 -0.114022,
        1.009563 0.569272 -0.153371,
        0.969898 0.588638 -0.138087,
        1.000260 0.562815 -0.173785,
        0.958189 0.580500 -0.163822,
        0.993965 0.556035 -0.195215,
        0.950268 0.571980 -0.190746,
        0.990787 0.549063 -0.217265,
        0.946280 0.563169 -0.218611,
        0.990787 0.542024 -0.239521,
        0.946272 0.554287 -0.246689,
        0.993965 0.535051 -0.261570,
        0.950256 0.545516 -0.274420,
        1.000260 0.528272 -0.283000,
        0.958264 0.536953 -0.301497,
        1.009563 0.521815 -0.303414,
        0.969992 0.528799 -0.327268,
        1.021689 0.515799 -0.322431,
        0.985252 0.521232 -0.351189,
        1.036421 0.510339 -0.339696,
        1.003846 0.514358 -0.372929,
        1.053480 0.505531 -0.354887,
        1.025406 0.508283 -0.392130,
        1.049504 0.503169 -0.408303,
        1.075650 0.499091 -0.421193,
        1.103358 0.496118 -0.430598,
        1.161417 0.497035 -0.406988,
        1.161417 0.496949 -0.422744,
        1.277602 0.568535 -0.121855,
        1.261744 0.573000 -0.107735,
        1.342429 0.564130 -0.194820,
        1.332047 0.549063 -0.217265,
        1.345866 0.556591 -0.218655,
        1.244020 0.576772 -0.095805,
        1.286413 0.580748 -0.117089,
        1.296535 0.590843 -0.110369,
        1.278091 0.596039 -0.093948,
        1.243740 0.618850 -0.042568,
        1.215366 0.615319 -0.048510,
        1.241083 0.612563 -0.057225,
        1.257476 0.600425 -0.080074,
        1.269354 0.585555 -0.101898,
        1.188646 0.616992 -0.043216,
        1.189669 0.623228 -0.028724,
        1.224752 0.579783 -0.086287,
        1.235075 0.603925 -0.069006,
        1.250283 0.589614 -0.089065,
        1.184705 0.596642 -0.066843,
        1.183063 0.583307 -0.075150,
        1.204307 0.581976 -0.079359,
        1.217110 0.621587 -0.033922,
        1.211295 0.606476 -0.060949,
        1.186591 0.608024 -0.056054,
        1.207559 0.595209 -0.071372,
        1.301146 0.575287 -0.134354,
        1.312457 0.584941 -0.129031,
        1.291295 0.563457 -0.137903,
        1.302571 0.557866 -0.155579,
        1.325571 0.578437 -0.149588,
        1.313272 0.569272 -0.153371,
        1.311217 0.551866 -0.174554,
        1.322575 0.562815 -0.173785,
        1.335622 0.571461 -0.171654,
        1.328870 0.556035 -0.195215,
        1.320024 0.539083 -0.214970,
        1.317071 0.545563 -0.194475,
        1.320024 0.532539 -0.235657,
        1.332047 0.542024 -0.239521,
        1.345866 0.548984 -0.242713,
        1.328870 0.535051 -0.261570,
        1.342429 0.541445 -0.266548,
        1.335622 0.534118 -0.289714,
        1.322575 0.528272 -0.283000,
        1.286413 0.510339 -0.339696,
        1.296535 0.514732 -0.351000,
        1.312457 0.520634 -0.332337,
        1.311217 0.519756 -0.276073,
        1.317071 0.526055 -0.256153,
        1.229555 0.498236 -0.377959,
        1.235075 0.501650 -0.392361,
        1.257476 0.505150 -0.381293,
        1.277602 0.503087 -0.328773,
        1.291295 0.508161 -0.312724,
        1.215366 0.499181 -0.415681,
        1.186591 0.497551 -0.405315,
        1.188646 0.497508 -0.420976,
        1.241083 0.501941 -0.406965,
        1.265315 0.505724 -0.394996,
        1.184705 0.494445 -0.389942,
        1.183063 0.488311 -0.375478,
        1.189622 0.494276 -0.436421,
        1.211295 0.499098 -0.400417,
        1.224752 0.491835 -0.364340,
        1.244020 0.494846 -0.354822,
        1.204307 0.489646 -0.371268,
        1.261744 0.498618 -0.342893,
        1.269354 0.505531 -0.354887,
        1.278091 0.509539 -0.367420,
        1.250283 0.501472 -0.367720,
        1.302571 0.513752 -0.295048,
        1.313272 0.521815 -0.303414,
        1.325571 0.527138 -0.311780,
        1.301146 0.515799 -0.322431,
        1.207559 0.495878 -0.385413,
        1.217346 0.495949 -0.431122,
        1.244000 0.498681 -0.422488,
        1.269335 0.502441 -0.410610,
        1.287614 0.510472 -0.379990,
        1.292787 0.507181 -0.395622,
        1.307559 0.516091 -0.362229,
        1.313925 0.512780 -0.377923,
        1.324783 0.522472 -0.342043,
        1.332571 0.519185 -0.357672,
        1.338965 0.529508 -0.319809,
        1.348232 0.526272 -0.335268,
        1.360661 0.533878 -0.311215,
        1.349839 0.537055 -0.295942,
        1.369748 0.541949 -0.285700,
        1.357201 0.544980 -0.270886,
        1.375220 0.550295 -0.259311,
        1.360917 0.553134 -0.245106,
        1.377055 0.558752 -0.232571,
        1.360917 0.561366 -0.219085,
        1.375232 0.567268 -0.205652,
        1.357201 0.569520 -0.193306,
        1.369689 0.575618 -0.179253,
        1.349839 0.577445 -0.168249,
        1.360642 0.583646 -0.153870,
        1.338965 0.584996 -0.144382,
        1.348157 0.591295 -0.129684,
        1.324783 0.592028 -0.122148,
        1.332429 0.598374 -0.107312,
        1.307559 0.598413 -0.101962,
        1.313862 0.604748 -0.087158,
        1.287614 0.604031 -0.084202,
        1.292634 0.610366 -0.069389,
        1.265315 0.608776 -0.069196,
        1.269031 0.615098 -0.054436,
        1.229555 0.592850 -0.078826,
        0.964567 1.044094 0.123686,
        0.964567 0.968039 0.144065,
        1.240157 0.968039 0.144065,
        1.240157 1.044094 0.123686,
        0.848382 0.603882 -0.350988,
        0.846457 0.539929 -0.292087,
        0.846457 0.615004 -0.315833,
        0.876819 0.571724 -0.452657,
        0.863646 0.507051 -0.396028,
        0.863646 0.582126 -0.419776,
        0.854130 0.592886 -0.385760,
        0.854130 0.517811 -0.362014,
        0.848382 0.528807 -0.327242,
        0.913539 0.477366 -0.489886,
        0.913539 0.552437 -0.513630,
        0.936685 0.543764 -0.541055,
        0.876819 0.496650 -0.428913,
        0.893512 0.561791 -0.484059,
        0.893512 0.486717 -0.460311,
        0.991299 0.528823 -0.588299,
        1.022173 0.522717 -0.607602,
        0.991299 0.453748 -0.564551,
        0.962701 0.535862 -0.566035,
        0.962701 0.460787 -0.542291,
        0.936685 0.468689 -0.517311,
        1.054984 0.517610 -0.623740,
        1.089382 0.513563 -0.636535,
        1.054984 0.442535 -0.599996,
        1.022173 0.447642 -0.583858,
        1.089382 0.438488 -0.612787,
        1.124988 0.510618 -0.645846,
        1.161417 0.508807 -0.651575,
        1.124988 0.435543 -0.622102,
        1.161417 0.433732 -0.627831,
        0.846457 0.123316 0.897713,
        1.476378 0.139959 0.903539,
        1.476378 0.123316 0.897713,
        1.476378 0.157480 0.905512,
        0.846457 0.139959 0.903539,
        0.846457 0.157480 0.905512,
        1.476378 0.095919 0.875866,
        1.476378 0.086538 0.860937,
        0.846457 0.086538 0.860937,
        0.846457 0.095919 0.875866,
        0.846457 0.108387 0.888335,
        1.476378 0.108387 0.888335,
        1.476378 0.080714 0.844291,
        0.846457 0.078740 0.826772,
        0.846457 0.080714 0.844291,
        1.476378 0.078740 0.826772,
        0.846457 0.095011 0.778839,
        1.476378 0.095011 0.778839,
        0.846457 0.106867 0.766453,
        1.476378 0.106867 0.766453,
        0.846457 0.121122 0.756929,
        0.846457 0.137102 0.750717,
        1.476378 0.121122 0.756929,
        1.476378 0.137102 0.750717,
        1.476378 0.086117 0.793496,
        0.846457 0.086117 0.793496,
        1.476378 0.080607 0.809728,
        0.846457 0.080607 0.809728,
        1.476378 0.491043 0.655878,
        0.846457 0.491043 0.655878,
        1.476378 0.528850 0.643669,
        1.476378 0.632280 0.585248,
        0.846457 0.599831 0.608173,
        1.476378 0.599831 0.608173,
        1.476378 0.565236 0.627717,
        0.846457 0.565236 0.627717,
        0.846457 0.528850 0.643669,
        0.846457 0.689441 0.530197,
        1.476378 0.689441 0.530197,
        1.476378 0.713571 0.498634,
        0.846457 0.632280 0.585248,
        1.476378 0.662248 0.559165,
        0.846457 0.662248 0.559165,
        1.476378 0.751709 0.429039,
        1.476378 0.765331 0.391715,
        0.846457 0.751709 0.429039,
        1.476378 0.734398 0.464799,
        0.846457 0.734398 0.464799,
        0.846457 0.713571 0.498634,
        1.476378 0.782843 0.274226,
        0.846457 0.780976 0.313912,
        1.476378 0.780976 0.313912,
        0.846457 0.775118 0.353209,
        0.846457 0.765331 0.391715,
        1.476378 0.775118 0.353209,
        1.476378 0.780701 0.234553,
        0.846457 0.782843 0.274226,
        0.846457 0.780701 0.234553,
        1.476378 0.774571 0.195298,
        1.476378 0.764516 0.156860,
        0.846457 0.774571 0.195298,
        0.846457 0.764516 0.156860,
        1.197846 0.510618 -0.645846,
        1.331535 0.528823 -0.588299,
        1.300661 0.522717 -0.607602,
        1.233453 0.513563 -0.636535,
        1.267850 0.517610 -0.623740,
        1.360134 0.535862 -0.566035,
        1.429327 0.561791 -0.484059,
        1.446016 0.571724 -0.452657,
        1.386150 0.543764 -0.541055,
        1.476378 0.615004 -0.315833,
        1.468705 0.592886 -0.385760,
        1.474453 0.603882 -0.350988,
        1.459189 0.582126 -0.419776,
        1.409295 0.552437 -0.513630,
        1.267850 0.442535 -0.599996,
        1.233453 0.438488 -0.612787,
        1.197846 0.435543 -0.622102,
        1.360134 0.460787 -0.542291,
        1.300661 0.447642 -0.583858,
        1.331535 0.453748 -0.564551,
        1.429323 0.486717 -0.460311,
        1.409295 0.477366 -0.489886,
        1.386150 0.468689 -0.517311,
        1.459189 0.507051 -0.396028,
        1.446016 0.496650 -0.428913,
        1.468705 0.517811 -0.362014,
        1.474453 0.528807 -0.327242,
        1.476378 0.539929 -0.292087,
        1.476378 0.689441 0.180606,
        0.846457 0.689441 0.180606,
        1.476378 0.502890 0.569295,
        1.476378 0.470661 0.579819,
        0.846457 0.470661 0.579819,
        1.476378 0.590248 0.517988,
        1.476378 0.563031 0.538201,
        0.846457 0.563031 0.538201,
        1.476378 0.533799 0.555370,
        0.846457 0.502890 0.569295,
        0.846457 0.533799 0.555370,
        0.846457 0.637409 0.469409,
        1.476378 0.656803 0.441602,
        1.476378 0.637409 0.469409,
        0.846457 0.590248 0.517988,
        0.846457 0.615138 0.494969,
        1.476378 0.615138 0.494969,
        1.476378 0.686098 0.380564,
        0.846457 0.686098 0.380564,
        1.476378 0.695657 0.348039,
        1.476378 0.673094 0.411874,
        0.846457 0.656803 0.441602,
        0.846457 0.673094 0.411874,
        1.476378 0.704063 0.280858,
        0.846457 0.701669 0.314675,
        0.846457 0.704063 0.280858,
        1.476378 0.701669 0.314675,
        0.846457 0.695657 0.348039,
        0.846457 0.702803 0.246980,
        1.476378 0.702803 0.246980,
        0.846457 0.697909 0.213433,
        1.476378 0.697909 0.213433,
        1.476378 0.001939 0.851406,
        1.476378 0.030076 0.919335,
        0.846457 0.017164 0.898268,
        1.476378 0.017164 0.898268,
        1.476378 0.007708 0.875437,
        0.846457 0.007708 0.875437,
        0.846457 0.001939 0.851406,
        0.846457 0.064916 0.954177,
        1.476378 0.064916 0.954177,
        1.476378 0.085986 0.967087,
        0.846457 0.030076 0.919335,
        1.476378 0.046125 0.938126,
        0.846457 0.046125 0.938126,
        0.846457 0.108816 0.976543,
        1.476378 0.108816 0.976543,
        1.476378 0.132845 0.982315,
        0.846457 0.085986 0.967087,
        1.476378 0.157480 0.984252,
        0.846457 0.132845 0.982315,
        0.846457 0.157480 0.984252,
        1.476378 0.787402 0.984252,
        0.846457 0.787402 0.984252,
        1.240157 0.947563 -0.236574,
        0.964567 0.947563 -0.236574,
        1.240157 0.871508 -0.216194,
        0.964567 0.871508 -0.216194,
        1.240157 0.866142 -0.256953,
        1.240157 0.867488 -0.236398,
        1.240157 0.944882 -0.256953,
        1.240157 0.945555 -0.246676,
        0.964567 0.866142 -0.256953,
        0.964567 0.867488 -0.236398,
        0.964567 0.944882 -0.256953,
        0.964567 0.945555 -0.246676,
        1.476378 0.787402 0.905512,
        0.846457 0.787402 0.905512,
        0.846457 0.944882 0.826772,
        0.846457 0.866142 0.826772,
        0.846457 0.942945 0.851406,
        0.846457 0.864169 0.844291,
        0.846457 0.937173 0.875437,
        0.846457 0.858343 0.860937,
        0.846457 0.927717 0.898268,
        0.846457 0.914807 0.919335,
        0.846457 0.836067 0.976543,
        0.846457 0.858898 0.967087,
        0.846457 0.821567 0.897713,
        0.846457 0.898756 0.938126,
        0.846457 0.836496 0.888335,
        0.846457 0.879965 0.954177,
        0.846457 0.848965 0.875866,
        0.846457 0.804921 0.903539,
        0.846457 0.812035 0.982315,
        1.476378 0.804921 0.903539,
        1.476378 0.836067 0.976543,
        1.476378 0.812035 0.982315,
        1.476378 0.864169 0.844291,
        1.476378 0.866142 0.826772,
        1.476378 0.942945 0.851406,
        1.476378 0.944882 0.826772,
        1.476378 0.937173 0.875437,
        1.476378 0.927717 0.898268,
        1.476378 0.914807 0.919335,
        1.476378 0.858343 0.860937,
        1.476378 0.898756 0.938126,
        1.476378 0.836496 0.888335,
        1.476378 0.848965 0.875866,
        1.476378 0.879965 0.954177,
        1.476378 0.821567 0.897713,
        1.476378 0.858898 0.967087,
        1.240157 0.944882 0.157480,
        1.240157 0.866142 0.157480,
        0.964567 0.866142 0.157480,
        0.964567 0.944882 0.157480,
        0.669291 0.944882 0.826772,
        0.669291 0.866142 -0.787402,
        0.669291 0.866142 0.826772,
        0.669291 0.944882 -0.787402,
        1.653543 0.944882 0.826772,
        1.653543 0.866142 0.826772,
        1.653543 0.866142 -1.968504,
        1.653543 0.944882 -1.968504,
        1.259843 0.866142 -0.787402,
        1.259843 0.944882 -0.787402,
        1.259843 0.866142 -1.968504,
        1.261846 0.866142 -1.996520,
        1.267815 0.866142 -2.023965,
        1.277630 0.866142 -2.050280,
        1.291091 0.866142 -2.074929,
        1.307921 0.866142 -2.097413,
        1.327783 0.866142 -2.117272,
        1.350268 0.866142 -2.134106,
        1.374917 0.866142 -2.147567,
        1.401232 0.866142 -2.157382,
        1.428677 0.866142 -2.163350,
        1.456693 0.866142 -2.165354,
        1.484709 0.866142 -2.163350,
        1.512154 0.866142 -2.157382,
        1.605465 0.866142 -2.097413,
        1.622295 0.866142 -2.074929,
        1.538469 0.866142 -2.147567,
        1.563118 0.866142 -2.134106,
        1.635756 0.866142 -2.050280,
        1.645571 0.866142 -2.023965,
        1.651539 0.866142 -1.996520,
        1.585602 0.866142 -2.117272,
        1.259843 0.944882 -1.968504,
        1.267815 0.944882 -2.023965,
        1.261846 0.944882 -1.996520,
        1.327783 0.944882 -2.117272,
        1.350268 0.944882 -2.134106,
        1.277630 0.944882 -2.050280,
        1.307921 0.944882 -2.097413,
        1.291091 0.944882 -2.074929,
        1.374917 0.944882 -2.147567,
        1.401232 0.944882 -2.157382,
        1.456693 0.944882 -2.165354,
        1.428677 0.944882 -2.163350,
        1.484709 0.944882 -2.163350,
        1.538469 0.944882 -2.147567,
        1.512154 0.944882 -2.157382,
        1.585602 0.944882 -2.117272,
        1.563118 0.944882 -2.134106,
        1.622295 0.944882 -2.074929,
        1.605465 0.944882 -2.097413,
        1.645571 0.944882 -2.023965,
        1.635756 0.944882 -2.050280,
        1.651539 0.944882 -1.996520,
        3.967362 0.526429 -0.105369,
        3.991102 0.551528 -0.102365,
        3.967362 0.548028 -0.094206,
        4.013307 0.473091 -0.205476,
        4.033583 0.494661 -0.192293,
        4.013307 0.480953 -0.185679,
        4.003386 0.560894 -0.105302,
        3.990472 0.563346 -0.097539,
        3.976811 0.565398 -0.091058,
        4.015433 0.558043 -0.114314,
        4.013307 0.537409 -0.123332,
        3.942598 0.545898 -0.089243,
        3.917323 0.544551 -0.087850,
        3.942598 0.523614 -0.100760,
        3.962480 0.567016 -0.085937,
        3.957598 0.480752 -0.358668,
        3.967362 0.470409 -0.339599,
        3.942598 0.465811 -0.342434,
        3.991102 0.531059 -0.112944,
        3.917323 0.521496 -0.099936,
        3.942598 0.503201 -0.115339,
        4.033583 0.529783 -0.147433,
        4.033583 0.545346 -0.136319,
        4.013307 0.520075 -0.135711,
        3.932610 0.568890 -0.080022,
        3.947717 0.568181 -0.082256,
        3.917323 0.569126 -0.079274,
        4.013307 0.504685 -0.150437,
        4.033583 0.515969 -0.160654,
        3.991102 0.512311 -0.126336,
        3.917323 0.445752 -0.198206,
        3.942598 0.442035 -0.221894,
        3.942598 0.447870 -0.197498,
        4.013307 0.491555 -0.167207,
        3.991102 0.495661 -0.142265,
        4.033583 0.504181 -0.175709,
        4.051457 0.519075 -0.185740,
        3.991102 0.481457 -0.160406,
        4.013307 0.466189 -0.247402,
        4.013307 0.467287 -0.268673,
        4.033583 0.481406 -0.247706,
        3.917323 0.464366 -0.343545,
        3.937677 0.479500 -0.362621,
        3.917323 0.479083 -0.363949,
        3.976811 0.482811 -0.352158,
        3.942598 0.454205 -0.320198,
        3.967362 0.459157 -0.318047,
        3.917323 0.444291 -0.297552,
        3.942598 0.445890 -0.296532,
        3.942598 0.441035 -0.271923,
        3.967362 0.451098 -0.295111,
        3.991102 0.454016 -0.247158,
        3.991102 0.455205 -0.270169,
        3.942598 0.439740 -0.246873,
        3.917323 0.439331 -0.272891,
        3.991102 0.461484 -0.201805,
        3.991102 0.456126 -0.224214,
        4.033583 0.483157 -0.228665,
        4.013307 0.468138 -0.226192,
        3.991102 0.469988 -0.180389,
        3.917323 0.440067 -0.222712,
        3.917323 0.500461 -0.115269,
        3.942598 0.485079 -0.132680,
        4.026417 0.554843 -0.124432,
        3.967362 0.506646 -0.119498,
        4.036220 0.551323 -0.135557,
        4.044843 0.547508 -0.147615,
        3.917323 0.482480 -0.132862,
        3.942598 0.469614 -0.152430,
        3.967362 0.489079 -0.136306,
        4.052126 0.543457 -0.160420,
        4.051457 0.529280 -0.172706,
        4.057953 0.539205 -0.173868,
        3.917323 0.467173 -0.152823,
        3.942598 0.457126 -0.174184,
        3.967362 0.474094 -0.155447,
        4.062362 0.534783 -0.187842,
        3.917323 0.454846 -0.174752,
        3.967362 0.461988 -0.176531,
        4.051457 0.510835 -0.200096,
        4.065197 0.530272 -0.202106,
        3.991102 0.467303 -0.314512,
        4.013307 0.478472 -0.309665,
        4.013307 0.471409 -0.289570,
        3.967362 0.453020 -0.199127,
        4.033583 0.487606 -0.210067,
        4.051457 0.504724 -0.215482,
        4.066496 0.525689 -0.216602,
        3.967362 0.447362 -0.222772,
        4.051457 0.500874 -0.231581,
        4.066260 0.521075 -0.231184,
        3.917323 0.437913 -0.247775,
        3.967362 0.445142 -0.246981,
        4.063504 0.514980 -0.250452,
        4.033583 0.486094 -0.285564,
        4.033583 0.482394 -0.266803,
        3.967362 0.446394 -0.271259,
        4.051457 0.499362 -0.248066,
        4.051457 0.500213 -0.264597,
        3.991102 0.459665 -0.292774,
        4.049921 0.503413 -0.287022,
        4.058031 0.509055 -0.269181,
        3.917323 0.452693 -0.321263,
        4.033583 0.492433 -0.303605,
        3.991102 0.477965 -0.334938,
        4.011575 0.489185 -0.332002,
        4.026457 0.493386 -0.318729,
        4.039331 0.498157 -0.303642,
        3.994921 0.485642 -0.343214,
        3.985039 0.550094 -0.280035,
        3.972992 0.543654 -0.288963,
        3.972992 0.537402 -0.273974,
        3.955748 0.535331 -0.293461,
        3.955748 0.528350 -0.276725,
        3.990945 0.553016 -0.270800,
        3.969646 0.545122 -0.295756,
        3.977913 0.547453 -0.288383,
        3.960354 0.543150 -0.301982,
        3.950354 0.541587 -0.306930,
        3.939646 0.540441 -0.310549,
        3.936917 0.530201 -0.296234,
        3.928654 0.539752 -0.312731,
        3.917323 0.531087 -0.301724,
        3.917323 0.539516 -0.313474,
        3.955748 0.524843 -0.258934,
        3.988031 0.546913 -0.256841,
        3.988031 0.546992 -0.243145,
        3.998504 0.559425 -0.250530,
        3.990984 0.576024 -0.198051,
        3.988031 0.563024 -0.205907,
        3.972992 0.565098 -0.186421,
        3.955748 0.528657 -0.223051,
        3.972992 0.534354 -0.241801,
        3.955748 0.524945 -0.240801,
        3.972992 0.534260 -0.258041,
        4.000079 0.562815 -0.239814,
        3.988031 0.549795 -0.229737,
        3.988031 0.555213 -0.217157,
        4.000079 0.566224 -0.229033,
        3.977953 0.581598 -0.180431,
        3.985118 0.578941 -0.188831,
        3.972992 0.578831 -0.177754,
        3.936917 0.530728 -0.203564,
        3.936917 0.523094 -0.221292,
        3.955748 0.559272 -0.178965,
        3.955748 0.574606 -0.169287,
        3.998543 0.569602 -0.218353,
        3.972992 0.553362 -0.197648,
        3.955748 0.546169 -0.191502,
        3.936917 0.541736 -0.187712,
        3.955748 0.535827 -0.206395,
        3.936917 0.555681 -0.174368,
        3.972992 0.544098 -0.210987,
        3.936917 0.572004 -0.164068,
        3.917323 0.555252 -0.172209,
        3.917323 0.571571 -0.162085,
        3.917323 0.589539 -0.155321,
        3.928654 0.589303 -0.156064,
        3.936917 0.522772 -0.278420,
        3.917323 0.524469 -0.288866,
        3.995472 0.556146 -0.260901,
        3.917323 0.519807 -0.275177,
        3.936917 0.519035 -0.259485,
        3.917323 0.516807 -0.256212,
        3.936917 0.519146 -0.240184,
        3.917323 0.517543 -0.237024,
        3.972992 0.537677 -0.225904,
        3.917323 0.521992 -0.218344,
        3.995472 0.572898 -0.207931,
        3.917323 0.529984 -0.200884,
        3.969685 0.583921 -0.173085,
        3.917323 0.541213 -0.185309,
        3.950354 0.587469 -0.161870,
        3.960433 0.585890 -0.166856,
        3.939724 0.588606 -0.158269,
        3.861642 0.578831 -0.177754,
        3.865008 0.583937 -0.173039,
        3.878913 0.574606 -0.169287,
        3.861642 0.544098 -0.210987,
        3.878913 0.535827 -0.206395,
        3.861642 0.537677 -0.225904,
        3.878913 0.559272 -0.178965,
        3.861642 0.553362 -0.197648,
        3.861642 0.565098 -0.186421,
        3.849594 0.578965 -0.188760,
        3.905992 0.589303 -0.156064,
        3.897728 0.572004 -0.164068,
        3.894980 0.588614 -0.158246,
        3.884291 0.587469 -0.161865,
        3.874272 0.585906 -0.166813,
        3.897728 0.555681 -0.174368,
        3.897728 0.530728 -0.203564,
        3.897728 0.541736 -0.187712,
        3.878913 0.546169 -0.191502,
        3.846598 0.555213 -0.217157,
        3.836134 0.569630 -0.218265,
        3.846598 0.563024 -0.205907,
        3.846598 0.546992 -0.243145,
        3.861642 0.534354 -0.241801,
        3.897728 0.523094 -0.221292,
        3.861642 0.534260 -0.258041,
        3.846598 0.546913 -0.256841,
        3.897728 0.519146 -0.240184,
        3.897728 0.519035 -0.259485,
        3.878913 0.524843 -0.258934,
        3.861642 0.537402 -0.273974,
        3.878913 0.528350 -0.276725,
        3.861642 0.543654 -0.288963,
        3.897728 0.522772 -0.278420,
        3.878913 0.535331 -0.293461,
        3.864953 0.545134 -0.295709,
        3.874197 0.543165 -0.301939,
        3.884276 0.541587 -0.306925,
        3.897728 0.530201 -0.296234,
        3.894906 0.540449 -0.310526,
        3.905992 0.539752 -0.312731,
        3.849543 0.550114 -0.279963,
        3.856701 0.547457 -0.288364,
        3.843669 0.553031 -0.270743,
        3.839169 0.556157 -0.260864,
        3.878913 0.524945 -0.240801,
        3.836114 0.559453 -0.250442,
        3.846598 0.549795 -0.229737,
        3.878913 0.528657 -0.223051,
        3.834579 0.562831 -0.239762,
        3.834579 0.566240 -0.228981,
        3.843697 0.576043 -0.197995,
        3.839185 0.572909 -0.207894,
        3.856724 0.581602 -0.180411,
        3.892043 0.545898 -0.089243,
        3.896961 0.568705 -0.080606,
        3.877134 0.567461 -0.084533,
        3.843547 0.495661 -0.142265,
        3.821319 0.520075 -0.135711,
        3.821319 0.504685 -0.150437,
        3.867283 0.548028 -0.094206,
        3.839827 0.562579 -0.099964,
        3.843547 0.551528 -0.102365,
        3.857894 0.565402 -0.091041,
        3.795406 0.550083 -0.139475,
        3.784827 0.544843 -0.156042,
        3.801055 0.529783 -0.147433,
        3.823177 0.559043 -0.111152,
        3.808256 0.554846 -0.124421,
        3.821319 0.537409 -0.123332,
        3.843547 0.531059 -0.112944,
        3.843547 0.512311 -0.126336,
        3.867283 0.506646 -0.119498,
        3.821319 0.491555 -0.167207,
        3.843547 0.481457 -0.160406,
        3.821319 0.466189 -0.247402,
        3.821319 0.467287 -0.268673,
        3.843547 0.455205 -0.270169,
        3.843547 0.461484 -0.201805,
        3.821319 0.480953 -0.185679,
        3.821319 0.473091 -0.205476,
        3.867283 0.446394 -0.271259,
        3.843547 0.454016 -0.247158,
        3.867283 0.445142 -0.246981,
        3.843547 0.456126 -0.224214,
        3.892043 0.441035 -0.271923,
        3.892043 0.439740 -0.246873,
        3.892043 0.445890 -0.296532,
        3.892043 0.454205 -0.320198,
        3.867283 0.451098 -0.295111,
        3.821319 0.471409 -0.289570,
        3.843547 0.467303 -0.314512,
        3.843547 0.459665 -0.292774,
        3.821319 0.468138 -0.226192,
        3.892043 0.465811 -0.342434,
        3.896917 0.479504 -0.362608,
        3.843547 0.469988 -0.180389,
        3.867283 0.447362 -0.222772,
        3.783173 0.519075 -0.185740,
        3.771165 0.533272 -0.192623,
        3.783173 0.510835 -0.200096,
        3.867283 0.453020 -0.199127,
        3.867283 0.489079 -0.136306,
        3.783173 0.529280 -0.172706,
        3.867283 0.526429 -0.105369,
        3.892043 0.523614 -0.100760,
        3.892043 0.503201 -0.115339,
        3.776681 0.539201 -0.173885,
        3.783173 0.500874 -0.231581,
        3.771150 0.514957 -0.250529,
        3.783173 0.499362 -0.248066,
        3.768394 0.527201 -0.211817,
        3.783173 0.504724 -0.215482,
        3.892043 0.485079 -0.132680,
        3.801055 0.515969 -0.160654,
        3.867283 0.474094 -0.155447,
        3.801055 0.504181 -0.175709,
        3.892043 0.469614 -0.152430,
        3.867283 0.461988 -0.176531,
        3.801055 0.494661 -0.192293,
        3.892043 0.457126 -0.174184,
        3.768382 0.521055 -0.231250,
        3.801055 0.487606 -0.210067,
        3.892043 0.447870 -0.197498,
        3.801055 0.483157 -0.228665,
        3.892043 0.442035 -0.221894,
        3.783173 0.500213 -0.264597,
        3.801055 0.481406 -0.247706,
        3.776626 0.509059 -0.269178,
        3.801055 0.486094 -0.285564,
        3.821319 0.478472 -0.309665,
        3.801055 0.482394 -0.266803,
        3.784724 0.503421 -0.286997,
        3.795327 0.498157 -0.303644,
        3.801055 0.492433 -0.303605,
        3.867283 0.470409 -0.339599,
        3.867283 0.459157 -0.318047,
        3.808177 0.493390 -0.318715,
        3.823047 0.489197 -0.331972,
        3.843547 0.477965 -0.334938,
        3.839697 0.485650 -0.343191,
        3.857787 0.482819 -0.352134,
        3.876941 0.480764 -0.358633,
        3.932614 0.563421 -0.350726,
        3.917323 0.563106 -0.351722,
        3.917323 0.552685 -0.331752,
        3.952480 0.572031 -0.368369,
        3.957795 0.576614 -0.389771,
        3.935067 0.570941 -0.371819,
        3.967402 0.606591 -0.161319,
        3.955709 0.608417 -0.155548,
        3.930449 0.552953 -0.330896,
        3.943346 0.553760 -0.328344,
        3.955709 0.555091 -0.324143,
        3.985039 0.576295 -0.354889,
        3.995276 0.581524 -0.374248,
        3.969252 0.573831 -0.362690,
        3.987756 0.561909 -0.302578,
        3.978150 0.559205 -0.311139,
        4.008150 0.572020 -0.270623,
        3.999567 0.579390 -0.345111,
        4.012559 0.583051 -0.333538,
        4.027008 0.589299 -0.349659,
        4.023780 0.587209 -0.320384,
        4.039921 0.594091 -0.334511,
        4.002913 0.568378 -0.282129,
        4.013504 0.583736 -0.233574,
        4.013504 0.579768 -0.246118,
        4.058701 0.605035 -0.299916,
        4.033031 0.591791 -0.305896,
        4.040118 0.596713 -0.290344,
        4.008150 0.591488 -0.209068,
        4.002913 0.595126 -0.197563,
        4.047323 0.607189 -0.257218,
        4.047323 0.612551 -0.240261,
        4.067047 0.623276 -0.242239,
        4.027008 0.651079 -0.154347,
        4.023780 0.632531 -0.177095,
        4.012559 0.636693 -0.163941,
        4.017677 0.682067 -0.098468,
        4.006260 0.671815 -0.114950,
        3.994291 0.685724 -0.086904,
        3.999567 0.640354 -0.152368,
        3.985039 0.643445 -0.142590,
        3.995276 0.658854 -0.129758,
        4.012008 0.655295 -0.141019,
        3.943346 0.609744 -0.151347,
        3.947638 0.629579 -0.141567,
        3.952480 0.647709 -0.129111,
        3.935067 0.648803 -0.125660,
        3.917323 0.610823 -0.147939,
        3.917323 0.630835 -0.137596,
        3.930449 0.610551 -0.148795,
        3.932614 0.630520 -0.138593,
        3.969449 0.688386 -0.078485,
        3.946732 0.698252 -0.052642,
        3.975394 0.696453 -0.058320,
        3.943622 0.690004 -0.073370,
        3.917323 0.698858 -0.050718,
        3.985512 0.675059 -0.104703,
        4.039921 0.646287 -0.169495,
        4.033031 0.627949 -0.191583,
        4.040118 0.623031 -0.207135,
        4.050551 0.641008 -0.186180,
        4.044882 0.617866 -0.223463,
        4.058701 0.635343 -0.204091,
        3.996063 0.598516 -0.186845,
        4.011693 0.587669 -0.221147,
        4.064252 0.629398 -0.222894,
        4.067047 0.617102 -0.261767,
        4.044882 0.601878 -0.274016,
        3.987756 0.601594 -0.177114,
        4.011693 0.575839 -0.258545,
        4.064252 0.610980 -0.281112,
        4.050551 0.599370 -0.317826,
        4.012008 0.585087 -0.362987,
        3.996063 0.564988 -0.292847,
        3.977126 0.578681 -0.383231,
        3.967402 0.556913 -0.318372,
        3.917323 0.570575 -0.372976,
        3.937756 0.575358 -0.393744,
        3.917323 0.574933 -0.395079,
        3.940630 0.576579 -0.416055,
        3.943622 0.574579 -0.438291,
        3.917323 0.576098 -0.417575,
        3.917323 0.574035 -0.440008,
        3.917323 0.568795 -0.461917,
        3.946772 0.569409 -0.459980,
        3.963504 0.578012 -0.411524,
        3.969449 0.576197 -0.433177,
        3.975630 0.571220 -0.454252,
        3.947638 0.564362 -0.347752,
        3.985512 0.580370 -0.404063,
        3.962047 0.565909 -0.342859,
        3.994291 0.578858 -0.424760,
        4.003268 0.574189 -0.444866,
        4.006260 0.583610 -0.393815,
        3.975669 0.568039 -0.336136,
        4.017677 0.582516 -0.413193,
        4.029449 0.578280 -0.431937,
        4.025354 0.587673 -0.380973,
        3.988189 0.570701 -0.327710,
        4.039213 0.587102 -0.398697,
        4.053504 0.583409 -0.415717,
        4.042402 0.592480 -0.365770,
        3.999370 0.573858 -0.317736,
        4.058504 0.592528 -0.381542,
        4.075000 0.589465 -0.396575,
        4.057165 0.597949 -0.348493,
        4.009055 0.577441 -0.306401,
        4.075118 0.598697 -0.362042,
        4.093543 0.596343 -0.374827,
        4.069291 0.603969 -0.329461,
        4.088819 0.605488 -0.340564,
        4.108858 0.603949 -0.350785,
        4.017008 0.581394 -0.293915,
        4.078583 0.610429 -0.309032,
        4.099331 0.612783 -0.317507,
        4.120551 0.612087 -0.325057,
        4.023150 0.585630 -0.280513,
        4.084921 0.617213 -0.287585,
        4.027283 0.590083 -0.266442,
        4.106457 0.620437 -0.293303,
        4.128465 0.620602 -0.298128,
        4.088071 0.624193 -0.265520,
        4.110039 0.628315 -0.268400,
        4.132480 0.629417 -0.270265,
        4.029370 0.594661 -0.251966,
        4.088071 0.631236 -0.243247,
        4.110039 0.636268 -0.243262,
        4.132441 0.638303 -0.242169,
        4.029370 0.599283 -0.237353,
        4.084921 0.638217 -0.221181,
        4.027283 0.603862 -0.222877,
        4.106457 0.644142 -0.218359,
        4.128425 0.647075 -0.214435,
        4.078583 0.645000 -0.199734,
        4.023150 0.608311 -0.208806,
        4.099331 0.651799 -0.194154,
        4.120472 0.655626 -0.187400,
        4.069291 0.651461 -0.179305,
        4.017008 0.612551 -0.195404,
        4.088819 0.659091 -0.171098,
        4.108701 0.663780 -0.161624,
        4.057165 0.657480 -0.160274,
        3.978150 0.604303 -0.168552,
        4.075118 0.665886 -0.149620,
        4.093425 0.671350 -0.137690,
        4.009055 0.616500 -0.182918,
        4.042402 0.662945 -0.142996,
        3.999370 0.620087 -0.171583,
        4.058504 0.672055 -0.130120,
        4.074882 0.678224 -0.115950,
        4.025354 0.667756 -0.127794,
        3.988189 0.623240 -0.161609,
        4.039213 0.677480 -0.112963,
        4.053307 0.684295 -0.096763,
        3.977126 0.661697 -0.120775,
        3.957795 0.663764 -0.114235,
        3.963504 0.677417 -0.097244,
        3.975669 0.625906 -0.153183,
        4.029291 0.689406 -0.080605,
        3.969252 0.645913 -0.134789,
        3.962047 0.628031 -0.146460,
        4.003228 0.693476 -0.067729,
        3.937756 0.665024 -0.110261,
        3.940630 0.678850 -0.092712,
        3.917323 0.690547 -0.071655,
        3.917323 0.649169 -0.124504,
        3.917323 0.665445 -0.108930,
        3.917323 0.679331 -0.091193,
        3.789744 0.601878 -0.274016,
        3.794543 0.596713 -0.290344,
        3.775925 0.605035 -0.299916,
        3.876839 0.663764 -0.114235,
        3.899579 0.648803 -0.125660,
        3.882169 0.647709 -0.129111,
        3.826492 0.572020 -0.270623,
        3.831736 0.568378 -0.282129,
        3.838571 0.564988 -0.292847,
        3.801630 0.591791 -0.305896,
        3.784087 0.599370 -0.317826,
        3.770402 0.610980 -0.281112,
        3.787323 0.607189 -0.257218,
        3.794728 0.594091 -0.334511,
        3.810870 0.587209 -0.320384,
        3.867236 0.556913 -0.318372,
        3.807654 0.589299 -0.349659,
        3.822094 0.583051 -0.333538,
        3.835091 0.579390 -0.345111,
        3.822622 0.585087 -0.362987,
        3.878921 0.555091 -0.324143,
        3.887913 0.569406 -0.459992,
        3.891020 0.574579 -0.438291,
        3.828390 0.583610 -0.393815,
        3.840366 0.578858 -0.424760,
        3.816957 0.582516 -0.413193,
        3.849134 0.580370 -0.404063,
        3.865205 0.576197 -0.433177,
        3.859260 0.571201 -0.454315,
        3.839354 0.581524 -0.374248,
        3.822945 0.575839 -0.258545,
        3.849618 0.576295 -0.354889,
        3.891315 0.553760 -0.328344,
        3.887028 0.564362 -0.347752,
        3.899579 0.570941 -0.371819,
        3.882169 0.572031 -0.368369,
        3.904197 0.552953 -0.330896,
        3.902031 0.563421 -0.350726,
        3.767614 0.617102 -0.261767,
        3.787323 0.612551 -0.240261,
        3.767614 0.623276 -0.242239,
        3.789744 0.617866 -0.223463,
        3.846874 0.561909 -0.302578,
        3.794543 0.623031 -0.207135,
        3.770402 0.629398 -0.222894,
        3.821154 0.579768 -0.246118,
        3.821154 0.583736 -0.233574,
        3.775925 0.635343 -0.204091,
        3.801630 0.627949 -0.191583,
        3.822945 0.587669 -0.221147,
        3.784087 0.641008 -0.186180,
        3.810870 0.632531 -0.177095,
        3.822094 0.636693 -0.163941,
        3.794728 0.646287 -0.169495,
        3.826492 0.591488 -0.209068,
        3.831736 0.595126 -0.197563,
        3.807654 0.651079 -0.154347,
        3.835091 0.640354 -0.152368,
        3.838571 0.598516 -0.186845,
        3.822622 0.655295 -0.141019,
        3.849618 0.643445 -0.142590,
        3.865409 0.645913 -0.134789,
        3.839354 0.658854 -0.129758,
        3.846874 0.601594 -0.177114,
        3.856488 0.604303 -0.168552,
        3.857539 0.661697 -0.120775,
        3.867236 0.606591 -0.161319,
        3.891315 0.609744 -0.151347,
        3.878921 0.608417 -0.155548,
        3.894016 0.678850 -0.092712,
        3.896890 0.665024 -0.110261,
        3.891020 0.690004 -0.073370,
        3.887854 0.698248 -0.052653,
        3.902031 0.630520 -0.138593,
        3.904197 0.610551 -0.148795,
        3.871146 0.677417 -0.097244,
        3.865205 0.688386 -0.078485,
        3.859024 0.696433 -0.058382,
        3.887028 0.629579 -0.141567,
        3.849134 0.675059 -0.104703,
        3.872587 0.628031 -0.146460,
        3.840366 0.685724 -0.086904,
        3.831362 0.693465 -0.067767,
        3.828390 0.671815 -0.114950,
        3.858976 0.625906 -0.153183,
        3.816957 0.682067 -0.098468,
        3.805205 0.689374 -0.080698,
        3.809307 0.667756 -0.127794,
        3.846457 0.623240 -0.161609,
        3.795417 0.677480 -0.112963,
        3.781138 0.684244 -0.096919,
        3.792232 0.662945 -0.142996,
        3.835256 0.620087 -0.171583,
        3.776150 0.672055 -0.130120,
        3.759665 0.678189 -0.116061,
        3.777492 0.657480 -0.160274,
        3.825583 0.616500 -0.182918,
        3.759508 0.665886 -0.149620,
        3.741114 0.671311 -0.137807,
        3.765350 0.651461 -0.179305,
        3.745811 0.659091 -0.171098,
        3.725803 0.663709 -0.161849,
        3.817622 0.612551 -0.195404,
        3.756043 0.645000 -0.199734,
        3.735307 0.651799 -0.194154,
        3.714102 0.655571 -0.187577,
        3.811516 0.608311 -0.208806,
        3.749744 0.638217 -0.221181,
        3.807382 0.603862 -0.222877,
        3.728193 0.644142 -0.218359,
        3.706189 0.647051 -0.214506,
        3.746563 0.631236 -0.243247,
        3.724606 0.636268 -0.243262,
        3.702185 0.638240 -0.242369,
        3.805295 0.599283 -0.237353,
        3.746563 0.624193 -0.265520,
        3.724606 0.628315 -0.268400,
        3.702209 0.629350 -0.270465,
        3.805295 0.594661 -0.251966,
        3.749744 0.617213 -0.287585,
        3.807382 0.590083 -0.266442,
        3.728193 0.620437 -0.293303,
        3.706209 0.620579 -0.298198,
        3.756043 0.610429 -0.309032,
        3.811516 0.585630 -0.280513,
        3.735307 0.612783 -0.317507,
        3.714161 0.612028 -0.325233,
        3.765350 0.603969 -0.329461,
        3.817622 0.581394 -0.293915,
        3.745811 0.605488 -0.340564,
        3.725929 0.603874 -0.351010,
        3.777492 0.597949 -0.348493,
        3.856488 0.559205 -0.311139,
        3.759508 0.598697 -0.362042,
        3.741209 0.596307 -0.374943,
        3.825583 0.577441 -0.306401,
        3.792232 0.592480 -0.365770,
        3.835256 0.573858 -0.317736,
        3.776150 0.592528 -0.381542,
        3.759760 0.589429 -0.396685,
        3.809307 0.587673 -0.380973,
        3.846457 0.570701 -0.327710,
        3.795417 0.587102 -0.398697,
        3.781339 0.583362 -0.415870,
        3.857539 0.578681 -0.383231,
        3.876839 0.576614 -0.389771,
        3.871146 0.578012 -0.411524,
        3.858976 0.568039 -0.336136,
        3.805374 0.578248 -0.432028,
        3.865409 0.573831 -0.362690,
        3.872587 0.565909 -0.342859,
        3.831437 0.574177 -0.444906,
        3.896890 0.575358 -0.393744,
        3.894016 0.576579 -0.416055,
        3.728902 0.577445 -0.168249,
        3.753169 0.578437 -0.149588,
        3.739776 0.584996 -0.144382,
        3.753957 0.592028 -0.122148,
        3.766283 0.584941 -0.129031,
        3.787445 0.563457 -0.137903,
        3.776169 0.557866 -0.155579,
        3.771181 0.598413 -0.101962,
        3.782205 0.590843 -0.110369,
        3.791126 0.604031 -0.084202,
        3.821264 0.600425 -0.080074,
        3.813425 0.608776 -0.069196,
        3.801138 0.568535 -0.121855,
        3.800650 0.596039 -0.093948,
        3.816996 0.573000 -0.107735,
        3.834720 0.576772 -0.095805,
        3.853988 0.579783 -0.086287,
        3.874433 0.581976 -0.079359,
        3.843665 0.603925 -0.069006,
        3.837657 0.612563 -0.057225,
        3.863374 0.615319 -0.048510,
        3.867445 0.606476 -0.060949,
        3.895677 0.583307 -0.075150,
        3.892150 0.608024 -0.056054,
        3.890094 0.616992 -0.043216,
        3.871181 0.495878 -0.385413,
        3.867445 0.499098 -0.400417,
        3.892150 0.497551 -0.405315,
        3.917323 0.617551 -0.041446,
        3.917323 0.608563 -0.054387,
        3.917323 0.597181 -0.065279,
        3.894035 0.596642 -0.066843,
        3.917323 0.583858 -0.073687,
        3.917323 0.623783 -0.026975,
        3.887909 0.623181 -0.028873,
        3.767524 0.551866 -0.174554,
        3.761669 0.545563 -0.194475,
        3.721539 0.569520 -0.193306,
        3.743118 0.571461 -0.171654,
        3.758717 0.539083 -0.214970,
        3.717823 0.561366 -0.219085,
        3.736311 0.564130 -0.194820,
        3.758717 0.532539 -0.235657,
        3.732874 0.556591 -0.218655,
        3.717823 0.553134 -0.245106,
        3.761669 0.526055 -0.256153,
        3.721539 0.544980 -0.270886,
        3.732874 0.548984 -0.242713,
        3.767524 0.519756 -0.276073,
        3.728902 0.537055 -0.295942,
        3.736311 0.541445 -0.266548,
        3.776169 0.513752 -0.295048,
        3.739776 0.529508 -0.319809,
        3.743118 0.534118 -0.289714,
        3.787445 0.508161 -0.312724,
        3.753169 0.527138 -0.311780,
        3.753957 0.522472 -0.342043,
        3.801138 0.503087 -0.328773,
        3.771181 0.516091 -0.362229,
        3.766283 0.520634 -0.332337,
        3.816996 0.498618 -0.342893,
        3.791126 0.510472 -0.379990,
        3.782205 0.514732 -0.351000,
        3.834720 0.494846 -0.354822,
        3.813425 0.505724 -0.394996,
        3.800650 0.509539 -0.367420,
        3.853988 0.491835 -0.364340,
        3.837657 0.501941 -0.406965,
        3.821264 0.505150 -0.381293,
        3.917323 0.487921 -0.376991,
        3.895677 0.488311 -0.375478,
        3.917323 0.493988 -0.391532,
        3.874433 0.489646 -0.371268,
        3.894035 0.494445 -0.389942,
        3.843665 0.501650 -0.392361,
        3.828457 0.501472 -0.367720,
        3.863374 0.499181 -0.415681,
        3.887874 0.494323 -0.436268,
        3.917323 0.493724 -0.438165,
        3.890094 0.497508 -0.420976,
        3.849185 0.498236 -0.377959,
        3.871181 0.595209 -0.071372,
        3.859020 0.621358 -0.034642,
        3.849185 0.592850 -0.078826,
        3.831323 0.618386 -0.044034,
        3.828457 0.589614 -0.089065,
        3.805209 0.614319 -0.056900,
        3.809386 0.585555 -0.101898,
        3.781138 0.609177 -0.073159,
        3.792327 0.580748 -0.117089,
        3.759657 0.603118 -0.092307,
        3.777594 0.575287 -0.134354,
        3.741106 0.596252 -0.114022,
        3.765469 0.569272 -0.153371,
        3.725803 0.588638 -0.138087,
        3.756165 0.562815 -0.173785,
        3.714094 0.580500 -0.163822,
        3.749870 0.556035 -0.195215,
        3.706173 0.571980 -0.190746,
        3.746693 0.549063 -0.217265,
        3.702185 0.563169 -0.218611,
        3.746693 0.542024 -0.239521,
        3.702177 0.554287 -0.246689,
        3.749870 0.535051 -0.261570,
        3.706161 0.545516 -0.274420,
        3.756165 0.528272 -0.283000,
        3.714169 0.536953 -0.301497,
        3.765469 0.521815 -0.303414,
        3.725898 0.528799 -0.327268,
        3.777594 0.515799 -0.322431,
        3.741157 0.521232 -0.351189,
        3.792327 0.510339 -0.339696,
        3.759752 0.514358 -0.372929,
        3.809386 0.505531 -0.354887,
        3.781311 0.508283 -0.392130,
        3.805409 0.503169 -0.408303,
        3.831555 0.499091 -0.421193,
        3.859264 0.496118 -0.430598,
        3.917323 0.497035 -0.406988,
        3.917323 0.496949 -0.422744,
        4.033504 0.568535 -0.121855,
        4.017638 0.573000 -0.107735,
        4.098346 0.564130 -0.194820,
        4.087953 0.549063 -0.217265,
        4.101772 0.556591 -0.218655,
        3.999921 0.576772 -0.095805,
        4.042323 0.580748 -0.117089,
        4.052441 0.590843 -0.110369,
        4.034016 0.596039 -0.093948,
        3.999646 0.618850 -0.042568,
        3.971260 0.615319 -0.048510,
        3.997008 0.612563 -0.057225,
        4.013386 0.600425 -0.080074,
        4.025276 0.585555 -0.101898,
        3.944567 0.616992 -0.043216,
        3.945591 0.623228 -0.028724,
        3.980669 0.579783 -0.086287,
        3.990984 0.603925 -0.069006,
        4.006181 0.589614 -0.089065,
        3.940630 0.596642 -0.066843,
        3.938976 0.583307 -0.075150,
        3.960197 0.581976 -0.079359,
        3.973031 0.621587 -0.033922,
        3.967205 0.606476 -0.060949,
        3.942480 0.608024 -0.056054,
        3.963465 0.595209 -0.071372,
        4.057047 0.575287 -0.134354,
        4.068346 0.584941 -0.129031,
        4.047205 0.563457 -0.137903,
        4.058465 0.557866 -0.155579,
        4.081457 0.578437 -0.149588,
        4.069173 0.569272 -0.153371,
        4.067126 0.551866 -0.174554,
        4.078465 0.562815 -0.173785,
        4.091535 0.571461 -0.171654,
        4.084764 0.556035 -0.195215,
        4.075945 0.539083 -0.214970,
        4.072992 0.545563 -0.194475,
        4.075945 0.532539 -0.235657,
        4.087953 0.542024 -0.239521,
        4.101772 0.548984 -0.242713,
        4.084764 0.535051 -0.261570,
        4.098346 0.541445 -0.266548,
        4.091535 0.534118 -0.289714,
        4.078465 0.528272 -0.283000,
        4.042323 0.510339 -0.339696,
        4.052441 0.514732 -0.351000,
        4.068346 0.520634 -0.332337,
        4.067126 0.519756 -0.276073,
        4.072992 0.526055 -0.256153,
        3.985472 0.498236 -0.377959,
        3.990984 0.501650 -0.392361,
        4.013386 0.505150 -0.381293,
        4.033504 0.503087 -0.328773,
        4.047205 0.508161 -0.312724,
        3.971260 0.499181 -0.415681,
        3.942480 0.497551 -0.405315,
        3.944567 0.497508 -0.420976,
        3.997008 0.501941 -0.406965,
        4.021220 0.505724 -0.394996,
        3.940630 0.494445 -0.389942,
        3.938976 0.488311 -0.375478,
        3.945512 0.494276 -0.436421,
        3.967205 0.499098 -0.400417,
        3.980669 0.491835 -0.364340,
        3.999921 0.494846 -0.354822,
        3.960197 0.489646 -0.371268,
        4.017638 0.498618 -0.342893,
        4.025276 0.505531 -0.354887,
        4.034016 0.509539 -0.367420,
        4.006181 0.501472 -0.367720,
        4.058465 0.513752 -0.295048,
        4.069173 0.521815 -0.303414,
        4.081457 0.527138 -0.311780,
        4.057047 0.515799 -0.322431,
        3.963465 0.495878 -0.385413,
        3.973268 0.495949 -0.431122,
        3.999921 0.498681 -0.422488,
        4.025236 0.502441 -0.410610,
        4.043504 0.510472 -0.379990,
        4.048701 0.507181 -0.395622,
        4.063465 0.516091 -0.362229,
        4.069843 0.512780 -0.377923,
        4.080669 0.522472 -0.342043,
        4.088465 0.519185 -0.357672,
        4.094882 0.529508 -0.319809,
        4.104134 0.526272 -0.335268,
        4.116575 0.533878 -0.311215,
        4.105748 0.537055 -0.295942,
        4.125669 0.541949 -0.285700,
        4.113110 0.544980 -0.270886,
        4.131142 0.550295 -0.259311,
        4.116811 0.553134 -0.245106,
        4.132953 0.558752 -0.232571,
        4.116811 0.561366 -0.219085,
        4.131142 0.567268 -0.205652,
        4.113110 0.569520 -0.193306,
        4.125591 0.575618 -0.179253,
        4.105748 0.577445 -0.168249,
        4.116535 0.583646 -0.153870,
        4.094882 0.584996 -0.144382,
        4.104055 0.591295 -0.129684,
        4.080669 0.592028 -0.122148,
        4.088346 0.598374 -0.107312,
        4.063465 0.598413 -0.101962,
        4.069764 0.604748 -0.087158,
        4.043504 0.604031 -0.084202,
        4.048543 0.610366 -0.069389,
        4.021220 0.608776 -0.069196,
        4.024921 0.615098 -0.054436,
        3.985472 0.592850 -0.078826,
        3.604287 0.603882 -0.350988,
        3.602362 0.539929 -0.292087,
        3.602362 0.615004 -0.315833,
        3.632724 0.571724 -0.452657,
        3.619551 0.507051 -0.396028,
        3.619551 0.582126 -0.419776,
        3.610035 0.592886 -0.385760,
        3.610035 0.517811 -0.362014,
        3.604287 0.528807 -0.327242,
        3.669445 0.477366 -0.489886,
        3.669445 0.552437 -0.513630,
        3.692591 0.543764 -0.541055,
        3.632724 0.496650 -0.428913,
        3.649417 0.561791 -0.484059,
        3.649417 0.486717 -0.460311,
        3.747205 0.528823 -0.588299,
        3.778079 0.522717 -0.607602,
        3.747205 0.453748 -0.564551,
        3.718606 0.535862 -0.566035,
        3.718606 0.460787 -0.542291,
        3.692591 0.468689 -0.517311,
        3.810890 0.517610 -0.623740,
        3.845287 0.513563 -0.636535,
        3.810890 0.442535 -0.599996,
        3.778079 0.447642 -0.583858,
        3.845287 0.438488 -0.612787,
        3.880894 0.510618 -0.645846,
        3.917323 0.508807 -0.651575,
        3.880894 0.435543 -0.622102,
        3.917323 0.433732 -0.627831,
        3.602362 0.123316 0.897713,
        4.232283 0.139959 0.903539,
        4.232283 0.123316 0.897713,
        4.232283 0.157480 0.905512,
        3.602362 0.139959 0.903539,
        3.602362 0.157480 0.905512,
        4.232283 0.095919 0.875866,
        4.232283 0.086538 0.860937,
        3.602362 0.086538 0.860937,
        3.602362 0.095919 0.875866,
        3.602362 0.108387 0.888335,
        4.232283 0.108387 0.888335,
        4.232283 0.080714 0.844291,
        3.602362 0.078740 0.826772,
        3.602362 0.080714 0.844291,
        4.232283 0.078740 0.826772,
        3.602362 0.086117 0.793496,
        4.232283 0.080607 0.809728,
        4.232283 0.086117 0.793496,
        3.602362 0.080607 0.809728,
        4.232283 0.106867 0.766453,
        4.232283 0.121122 0.756929,
        3.602362 0.121122 0.756929,
        3.602362 0.106867 0.766453,
        3.602362 0.095011 0.778839,
        4.232283 0.095011 0.778839,
        4.232283 0.137102 0.750717,
        3.602362 0.137102 0.750717,
        4.232283 0.491043 0.655878,
        3.602362 0.491043 0.655878,
        4.232283 0.528850 0.643669,
        4.232283 0.632280 0.585248,
        3.602362 0.599831 0.608173,
        4.232283 0.599831 0.608173,
        4.232283 0.565236 0.627717,
        3.602362 0.565236 0.627717,
        3.602362 0.528850 0.643669,
        3.602362 0.689441 0.530197,
        4.232283 0.689441 0.530197,
        4.232283 0.713571 0.498634,
        3.602362 0.632280 0.585248,
        4.232283 0.662248 0.559165,
        3.602362 0.662248 0.559165,
        4.232283 0.751709 0.429039,
        4.232283 0.765331 0.391715,
        3.602362 0.751709 0.429039,
        4.232283 0.734398 0.464799,
        3.602362 0.734398 0.464799,
        3.602362 0.713571 0.498634,
        4.232283 0.782843 0.274226,
        3.602362 0.780976 0.313912,
        4.232283 0.780976 0.313912,
        3.602362 0.775118 0.353209,
        3.602362 0.765331 0.391715,
        4.232283 0.775118 0.353209,
        4.232283 0.780701 0.234553,
        3.602362 0.782843 0.274226,
        3.602362 0.780701 0.234553,
        4.232283 0.774571 0.195298,
        4.232283 0.764516 0.156860,
        3.602362 0.774571 0.195298,
        3.602362 0.764516 0.156860,
        3.953740 0.510618 -0.645846,
        4.087441 0.528823 -0.588299,
        4.056575 0.522717 -0.607602,
        3.989370 0.513563 -0.636535,
        4.023740 0.517610 -0.623740,
        4.116024 0.535862 -0.566035,
        4.185236 0.561791 -0.484059,
        4.201929 0.571724 -0.452657,
        4.142047 0.543764 -0.541055,
        4.232283 0.615004 -0.315833,
        4.224606 0.592886 -0.385760,
        4.230354 0.603882 -0.350988,
        4.215079 0.582126 -0.419776,
        4.165197 0.552437 -0.513630,
        4.023740 0.442535 -0.599996,
        3.989370 0.438488 -0.612787,
        3.953740 0.435543 -0.622102,
        4.116024 0.460787 -0.542291,
        4.056575 0.447642 -0.583858,
        4.087441 0.453748 -0.564551,
        4.185236 0.486717 -0.460311,
        4.165197 0.477366 -0.489886,
        4.142047 0.468689 -0.517311,
        4.215079 0.507051 -0.396028,
        4.201929 0.496650 -0.428913,
        4.224606 0.517811 -0.362014,
        4.230354 0.528807 -0.327242,
        4.232283 0.539929 -0.292087,
        4.232283 0.689441 0.180606,
        3.602362 0.689441 0.180606,
        4.232283 0.502890 0.569295,
        4.232283 0.470661 0.579819,
        3.602362 0.470661 0.579819,
        4.232283 0.590248 0.517988,
        4.232283 0.563031 0.538201,
        3.602362 0.563031 0.538201,
        4.232283 0.533799 0.555370,
        3.602362 0.502890 0.569295,
        3.602362 0.533799 0.555370,
        3.602362 0.637409 0.469409,
        4.232283 0.656803 0.441602,
        4.232283 0.637409 0.469409,
        3.602362 0.590248 0.517988,
        3.602362 0.615138 0.494969,
        4.232283 0.615138 0.494969,
        4.232283 0.686098 0.380564,
        3.602362 0.686098 0.380564,
        4.232283 0.695657 0.348039,
        4.232283 0.673094 0.411874,
        3.602362 0.656803 0.441602,
        3.602362 0.673094 0.411874,
        4.232283 0.704063 0.280858,
        3.602362 0.701669 0.314675,
        3.602362 0.704063 0.280858,
        4.232283 0.701669 0.314675,
        3.602362 0.695657 0.348039,
        3.602362 0.702803 0.246980,
        4.232283 0.702803 0.246980,
        3.602362 0.697909 0.213433,
        4.232283 0.697909 0.213433,
        4.232283 0.116721 0.674657,
        3.602362 0.116721 0.674657,
        4.232283 0.050831 0.710902,
        3.602362 0.070749 0.695327,
        4.232283 0.070749 0.695327,
        4.232283 0.092903 0.683142,
        3.602362 0.092903 0.683142,
        3.602362 0.050831 0.710902,
        4.232283 0.033662 0.729461,
        3.602362 0.033662 0.729461,
        4.232283 0.019685 0.750531,
        3.602362 0.019685 0.750531,
        4.232283 0.019685 0.903012,
        3.602362 0.019685 0.903012,
        3.602362 0.067417 0.955957,
        4.232283 0.067417 0.955957,
        4.232283 0.088045 0.968118,
        3.602362 0.048872 0.940807,
        4.232283 0.048872 0.940807,
        4.232283 0.032837 0.923024,
        3.602362 0.032837 0.923024,
        3.602362 0.088045 0.968118,
        4.232283 0.110279 0.977012,
        3.602362 0.110279 0.977012,
        4.232283 0.133604 0.982433,
        3.602362 0.133604 0.982433,
        4.232283 0.157480 0.984252,
        3.602362 0.157480 0.984252,
        4.232283 0.787402 0.984252,
        3.602362 0.787402 0.984252,
        3.720472 1.009902 -0.003937,
        3.996063 1.009902 -0.003937,
        3.996063 0.947563 -0.236574,
        3.720472 0.947563 -0.236574,
        4.232283 0.787402 0.905512,
        3.602362 0.787402 0.905512,
        3.602362 0.804921 0.903539,
        3.602362 0.812035 0.982315,
        3.602362 0.836067 0.976543,
        3.602362 0.821567 0.897713,
        3.602362 0.858898 0.967087,
        3.602362 0.836496 0.888335,
        3.602362 0.898756 0.938126,
        3.602362 0.914807 0.919335,
        3.602362 0.858343 0.860937,
        3.602362 0.927717 0.898268,
        3.602362 0.864169 0.844291,
        3.602362 0.937173 0.875437,
        3.602362 0.942945 0.851406,
        3.602362 0.944882 0.826772,
        3.602362 0.866142 0.826772,
        3.602362 0.879965 0.954177,
        3.602362 0.848965 0.875866,
        4.232283 0.942945 0.851406,
        4.232283 0.866142 0.826772,
        4.232283 0.944882 0.826772,
        4.232283 0.864169 0.844291,
        4.232283 0.937173 0.875437,
        4.232283 0.927717 0.898268,
        4.232283 0.914807 0.919335,
        4.232283 0.858343 0.860937,
        4.232283 0.898756 0.938126,
        4.232283 0.836496 0.888335,
        4.232283 0.848965 0.875866,
        4.232283 0.879965 0.954177,
        4.232283 0.821567 0.897713,
        4.232283 0.858898 0.967087,
        4.232283 0.836067 0.976543,
        4.232283 0.812035 0.982315,
        4.232283 0.804921 0.903539,
        3.996063 0.933843 0.016442,
        3.720472 0.933843 0.016442,
        3.720472 0.871508 -0.216194,
        3.996063 0.871508 -0.216194,
        3.720472 0.988228 0.001870,
        3.996063 0.944882 0.013484,
        3.720472 0.944882 0.013484,
        3.996063 0.966555 0.007677,
        3.996063 0.988228 0.001870,
        3.720472 0.966555 0.007677,
        3.996063 0.945555 -0.246676,
        3.996063 0.944882 -0.256953,
        3.720472 0.945555 -0.246676,
        3.720472 0.944882 -0.256953,
        3.425197 0.944882 0.826772,
        3.425197 0.866142 -0.787402,
        3.425197 0.866142 0.826772,
        3.425197 0.944882 -0.787402,
        4.409449 0.944882 0.826772,
        4.409449 0.866142 0.826772,
        4.409449 0.866142 -1.968504,
        4.409449 0.944882 -1.968504,
        3.720472 0.866142 -0.256953,
        3.720472 0.867488 -0.236398,
        3.720472 0.866142 0.157480,
        3.720472 0.944882 0.157480,
        3.996063 0.866142 -0.256953,
        3.996063 0.867488 -0.236398,
        3.996063 0.866142 0.157480,
        3.996063 0.944882 0.157480,
        4.015748 0.866142 -0.787402,
        4.015748 0.944882 -0.787402,
        4.015748 0.866142 -1.968504,
        4.017756 0.866142 -1.996520,
        4.023740 0.866142 -2.023965,
        4.033543 0.866142 -2.050280,
        4.047008 0.866142 -2.074929,
        4.063819 0.866142 -2.097413,
        4.083701 0.866142 -2.117272,
        4.106181 0.866142 -2.134106,
        4.130827 0.866142 -2.147567,
        4.157126 0.866142 -2.157382,
        4.184567 0.866142 -2.163350,
        4.212598 0.866142 -2.165354,
        4.240630 0.866142 -2.163350,
        4.268071 0.866142 -2.157382,
        4.361378 0.866142 -2.097413,
        4.378189 0.866142 -2.074929,
        4.294370 0.866142 -2.147567,
        4.319016 0.866142 -2.134106,
        4.391654 0.866142 -2.050280,
        4.401457 0.866142 -2.023965,
        4.407441 0.866142 -1.996520,
        4.341496 0.866142 -2.117272,
        4.407441 0.944882 -1.996520,
        4.401457 0.944882 -2.023965,
        4.391654 0.944882 -2.050280,
        4.378189 0.944882 -2.074929,
        4.361378 0.944882 -2.097413,
        4.341496 0.944882 -2.117272,
        4.319016 0.944882 -2.134106,
        4.294370 0.944882 -2.147567,
        4.268071 0.944882 -2.157382,
        4.240630 0.944882 -2.163350,
        4.212598 0.944882 -2.165354,
        4.015748 0.944882 -1.968504,
        4.130827 0.944882 -2.147567,
        4.106181 0.944882 -2.134106,
        4.184567 0.944882 -2.163350,
        4.157126 0.944882 -2.157382,
        4.023740 0.944882 -2.023965,
        4.017756 0.944882 -1.996520,
        4.063819 0.944882 -2.097413,
        4.047008 0.944882 -2.074929,
        4.033543 0.944882 -2.050280,
        4.083701 0.944882 -2.117272,
        0.158659 -0.792476 0.118110,
        0.105509 -0.734378 0.118110,
        0.105509 -0.734378 -0.118110,
        0.158659 -0.792476 -0.118110,
        0.191548 -0.762386 -0.189053,
        0.138399 -0.704291 -0.189053,
        0.150678 -0.693055 -0.194876,
        0.163606 -0.681228 -0.196850,
        0.216755 -0.739327 -0.196850,
        0.203828 -0.751154 -0.194876,
        0.118184 -0.722783 -0.167204,
        0.164412 -0.787213 -0.152274,
        0.111263 -0.729114 -0.152274,
        0.171333 -0.780882 -0.167204,
        0.127383 -0.714370 -0.179672,
        0.180533 -0.772465 -0.179672,
        0.106966 -0.733047 -0.135631,
        0.160115 -0.791142 -0.135631,
        0.927350 -0.822539 0.196850,
        0.580429 -0.603248 -0.196850,
        0.927350 -0.822539 -0.196850,
        0.580429 -0.603248 0.196850,
        0.557878 -0.590976 -0.196850,
        0.483449 -0.572965 -0.196850,
        0.508972 -0.575705 -0.196850,
        0.508972 -0.575705 0.196850,
        0.533921 -0.581740 -0.196850,
        0.557878 -0.590976 0.196850,
        0.533921 -0.581740 0.196850,
        0.432425 -0.577508 0.196850,
        0.407795 -0.584713 -0.196850,
        0.432425 -0.577508 -0.196850,
        0.483449 -0.572965 0.196850,
        0.457787 -0.573571 0.196850,
        0.457787 -0.573571 -0.196850,
        0.384318 -0.595055 0.196850,
        0.362407 -0.608346 -0.196850,
        0.384318 -0.595055 -0.196850,
        0.407795 -0.584713 0.196850,
        0.342375 -0.624406 -0.196850,
        0.362407 -0.608346 0.196850,
        0.342375 -0.624406 0.196850,
        0.180533 -0.772465 0.179672,
        0.171333 -0.780882 0.167204,
        0.164412 -0.787213 0.152274,
        0.160115 -0.791142 0.135631,
        0.191548 -0.762386 0.189053,
        0.203828 -0.751154 0.194876,
        0.216755 -0.739327 0.196850,
        0.111263 -0.729114 0.152274,
        0.106966 -0.733047 0.135631,
        0.127383 -0.714370 0.179672,
        0.138399 -0.704291 0.189053,
        0.118184 -0.722783 0.167204,
        0.150678 -0.693055 0.194876,
        0.163606 -0.681228 0.196850,
        0.289226 -0.566307 0.196850,
        0.289226 -0.566307 -0.196850,
        0.434626 -0.497063 0.196850,
        0.467165 -0.494173 0.196850,
        0.434626 -0.497063 -0.196850,
        0.402657 -0.503783 0.196850,
        0.402657 -0.503783 -0.196850,
        0.371711 -0.514240 -0.196850,
        0.371711 -0.514240 0.196850,
        0.342217 -0.528287 -0.196850,
        0.342217 -0.528287 0.196850,
        0.314593 -0.545724 0.196850,
        0.314593 -0.545724 -0.196850,
        0.467165 -0.494173 -0.196850,
        0.499819 -0.495150 0.196850,
        0.499819 -0.495150 -0.196850,
        0.532126 -0.499984 -0.196850,
        0.532126 -0.499984 0.196850,
        0.563634 -0.508610 0.196850,
        0.563634 -0.508610 -0.196850,
        0.593902 -0.520902 0.196850,
        0.593902 -0.520902 -0.196850,
        0.622500 -0.536693 0.196850,
        0.622500 -0.536693 -0.196850,
        0.969622 -0.756110 0.196850,
        0.969657 -0.756130 -0.196850,
        1.266610 -0.771693 -0.357313,
        2.192374 -0.820209 -0.393701,
        1.300504 -0.820209 -0.393701,
        1.102244 -0.841925 -0.196850,
        1.298827 -0.852228 -0.393701,
        1.106366 -0.763295 -0.196850,
        0.952354 -0.832913 -0.196850,
        0.939409 -0.828795 -0.196850,
        0.965811 -0.834776 -0.196850,
        0.965811 -0.834776 0.196850,
        0.952354 -0.832913 0.196850,
        0.939409 -0.828795 0.196850,
        1.106366 -0.763295 0.196850,
        1.102244 -0.841925 0.196850,
        1.300504 -0.820209 0.393701,
        1.266610 -0.771693 0.357313,
        1.298827 -0.852228 0.393701,
        2.192374 -0.820209 0.393701,
        3.066744 -0.866035 0.393701,
        3.066744 -0.866035 -0.393701,
        4.336299 -1.044094 0.157480,
        3.976024 -0.947563 0.157480,
        3.976024 -0.947563 -0.157480,
        4.336299 -1.044094 -0.157480,
        4.356654 -0.968039 -0.157480,
        4.356654 -0.968039 0.157480,
        3.996417 -0.871508 -0.157480,
        3.996417 -0.871508 0.157480,
        1.886760 -0.883043 -0.393701,
        3.070866 -0.866142 -0.393701,
        2.474693 -0.913854 -0.393701,
        3.068803 -0.866114 -0.393701,
        3.062634 -0.944457 -0.393701,
        3.066752 -0.944669 -0.393701,
        3.070866 -0.944882 -0.393701,
        1.886760 -0.883043 0.393701,
        3.062634 -0.944457 0.393701,
        2.474693 -0.913854 0.393701,
        3.070866 -0.866142 0.393701,
        3.066752 -0.944669 0.393701,
        3.070866 -0.944882 0.393701,
        3.068803 -0.866114 0.393701,
        3.976378 -0.867512 -0.157480,
        3.976378 -0.866142 0.157480,
        3.986457 -0.869185 0.157480,
        3.986457 -0.869185 -0.157480,
        3.966024 -0.866484 0.157480,
        3.955630 -0.866142 -0.157480,
        3.955630 -0.866142 0.157480,
        3.149606 -0.866142 0.531496,
        3.078665 -0.866142 0.486921,
        3.070866 -0.866142 0.452756,
        3.072839 -0.866142 0.470276,
        3.088043 -0.866142 0.501850,
        3.100512 -0.866142 0.514319,
        3.115441 -0.866142 0.523697,
        3.132087 -0.866142 0.529524,
        3.115441 -0.866142 -0.523697,
        3.070866 -0.866142 -0.452756,
        3.078665 -0.866142 -0.486921,
        3.072839 -0.866142 -0.470276,
        3.088043 -0.866142 -0.501850,
        3.100512 -0.866142 -0.514319,
        3.132087 -0.866142 -0.529524,
        3.149606 -0.866142 -0.531496,
        3.976378 -0.866142 -0.334646,
        4.448819 -0.866142 -0.531496,
        4.842520 -0.866142 -1.968504,
        4.606299 -0.866142 -0.334646,
        4.448819 -0.866142 -1.968504,
        4.456811 -0.866142 -2.023965,
        4.450827 -0.866142 -1.996520,
        4.466614 -0.866142 -2.050280,
        4.480079 -0.866142 -2.074929,
        4.496890 -0.866142 -2.097413,
        4.539252 -0.866142 -2.134106,
        4.516772 -0.866142 -2.117272,
        4.590197 -0.866142 -2.157382,
        4.563898 -0.866142 -2.147567,
        4.645669 -0.866142 -2.165354,
        4.617638 -0.866142 -2.163350,
        4.673701 -0.866142 -2.163350,
        4.727441 -0.866142 -2.147567,
        4.701142 -0.866142 -2.157382,
        4.774567 -0.866142 -2.117272,
        4.752087 -0.866142 -2.134106,
        4.811260 -0.866142 -2.074929,
        4.794449 -0.866142 -2.097413,
        4.834528 -0.866142 -2.023965,
        4.824724 -0.866142 -2.050280,
        4.840512 -0.866142 -1.996520,
        3.976378 -0.866142 0.334646,
        4.842520 -0.866142 0.531496,
        4.606299 -0.866142 0.334646,
        4.606299 -0.944882 -0.334646,
        4.606299 -0.944882 0.334646,
        3.976378 -0.944882 0.334646,
        3.976378 -0.893303 0.157480,
        3.976378 -0.919091 0.157480,
        3.976378 -0.944882 0.157480,
        3.965906 -0.945555 0.157480,
        3.955630 -0.944882 0.157480,
        3.965906 -0.945555 -0.157480,
        3.955630 -0.944882 -0.157480,
        3.976378 -0.893303 -0.157480,
        3.976378 -0.919091 -0.157480,
        3.976378 -0.944882 -0.157480,
        3.976378 -0.944882 -0.334646,
        3.088043 -0.944882 -0.501850,
        3.078665 -0.944882 -0.486921,
        3.070866 -0.944882 -0.452756,
        3.072839 -0.944882 -0.470276,
        3.100512 -0.944882 -0.514319,
        3.115441 -0.944882 -0.523697,
        3.132087 -0.944882 -0.529524,
        3.149606 -0.944882 -0.531496,
        3.070866 -0.944882 0.452756,
        3.100512 -0.944882 0.514319,
        3.115441 -0.944882 0.523697,
        3.132087 -0.944882 0.529524,
        3.149606 -0.944882 0.531496,
        3.088043 -0.944882 0.501850,
        3.078665 -0.944882 0.486921,
        3.072839 -0.944882 0.470276,
        4.842520 -0.944882 0.531496,
        4.842520 -0.944882 -1.968504,
        4.448819 -0.944882 -1.968504,
        4.448819 -0.944882 -0.531496,
        4.450827 -0.944882 -1.996520,
        4.456811 -0.944882 -2.023965,
        4.466614 -0.944882 -2.050280,
        4.496890 -0.944882 -2.097413,
        4.480079 -0.944882 -2.074929,
        4.516772 -0.944882 -2.117272,
        4.539252 -0.944882 -2.134106,
        4.563898 -0.944882 -2.147567,
        4.590197 -0.944882 -2.157382,
        4.617638 -0.944882 -2.163350,
        4.673701 -0.944882 -2.163350,
        4.701142 -0.944882 -2.157382,
        4.645669 -0.944882 -2.165354,
        4.811260 -0.944882 -2.074929,
        4.824724 -0.944882 -2.050280,
        4.752087 -0.944882 -2.134106,
        4.774567 -0.944882 -2.117272,
        4.834528 -0.944882 -2.023965,
        4.840512 -0.944882 -1.996520,
        4.794449 -0.944882 -2.097413,
        4.727441 -0.944882 -2.147567,
      ]
    }
    coordIndex [
      0, 1, 2, -1,
      3, 4, 1, -1,
      3, 5, 4, -1,
      1, 4, 2, -1,
      6, 0, 2, -1,
      5, 3, 7, -1,
      8, 9, 10, -1,
      8, 10, 7, -1,
      10, 5, 7, -1,
      11, 0, 6, -1,
      12, 11, 13, -1,
      6, 13, 11, -1,
      14, 15, 12, -1,
      12, 13, 14, -1,
      15, 16, 17, -1,
      16, 15, 14, -1,
      16, 18, 17, -1,
      17, 18, 19, -1,
      20, 21, 22, -1,
      23, 24, 25, -1,
      26, 27, 21, -1,
      21, 28, 22, -1,
      29, 21, 30, -1,
      31, 32, 33, -1,
      28, 34, 22, -1,
      35, 36, 37, -1,
      38, 30, 21, -1,
      33, 39, 40, -1,
      33, 32, 39, -1,
      41, 42, 43, -1,
      44, 31, 45, -1,
      46, 32, 44, -1,
      31, 44, 32, -1,
      41, 47, 48, -1,
      30, 43, 42, -1,
      30, 38, 49, -1,
      41, 43, 47, -1,
      50, 51, 52, -1,
      53, 48, 47, -1,
      54, 43, 49, -1,
      55, 24, 56, -1,
      47, 54, 57, -1,
      58, 59, 60, -1,
      61, 62, 37, -1,
      61, 63, 62, -1,
      35, 64, 36, -1,
      65, 37, 66, -1,
      67, 68, 69, -1,
      70, 68, 65, -1,
      71, 72, 58, -1,
      73, 74, 69, -1,
      23, 75, 76, -1,
      77, 78, 58, -1,
      75, 25, 79, -1,
      80, 73, 51, -1,
      53, 57, 79, -1,
      34, 31, 22, -1,
      31, 34, 45, -1,
      81, 82, 40, -1,
      21, 27, 28, -1,
      33, 20, 22, -1,
      21, 20, 38, -1,
      83, 29, 30, -1,
      21, 29, 26, -1,
      31, 33, 22, -1,
      81, 40, 39, -1,
      20, 40, 84, -1,
      84, 49, 38, -1,
      85, 83, 42, -1,
      30, 42, 83, -1,
      30, 49, 43, -1,
      86, 85, 42, -1,
      33, 40, 20, -1,
      87, 82, 81, -1,
      88, 82, 87, -1,
      20, 84, 38, -1,
      84, 82, 89, -1,
      86, 42, 41, -1,
      49, 89, 54, -1,
      54, 47, 43, -1,
      90, 41, 91, -1,
      86, 41, 90, -1,
      91, 41, 48, -1,
      92, 90, 91, -1,
      40, 82, 84, -1,
      93, 88, 87, -1,
      93, 94, 88, -1,
      84, 89, 49, -1,
      95, 89, 88, -1,
      55, 56, 91, -1,
      95, 57, 54, -1,
      57, 53, 47, -1,
      48, 55, 91, -1,
      96, 92, 91, -1,
      82, 88, 89, -1,
      97, 94, 93, -1,
      97, 52, 94, -1,
      89, 95, 54, -1,
      95, 94, 98, -1,
      99, 56, 24, -1,
      98, 79, 57, -1,
      25, 53, 79, -1,
      56, 96, 91, -1,
      48, 53, 55, -1,
      55, 25, 24, -1,
      100, 96, 56, -1,
      88, 94, 95, -1,
      50, 52, 97, -1,
      101, 102, 103, -1,
      95, 98, 57, -1,
      98, 52, 104, -1,
      53, 25, 55, -1,
      104, 75, 79, -1,
      99, 105, 106, -1,
      75, 23, 25, -1,
      56, 99, 100, -1,
      24, 23, 105, -1,
      107, 100, 99, -1,
      94, 52, 98, -1,
      80, 51, 50, -1,
      78, 105, 23, -1,
      98, 104, 79, -1,
      51, 108, 104, -1,
      109, 106, 77, -1,
      76, 75, 108, -1,
      24, 105, 99, -1,
      76, 78, 23, -1,
      99, 106, 107, -1,
      105, 78, 77, -1,
      110, 107, 106, -1,
      52, 51, 104, -1,
      111, 73, 80, -1,
      78, 76, 71, -1,
      104, 108, 75, -1,
      112, 108, 73, -1,
      58, 72, 59, -1,
      71, 76, 112, -1,
      105, 77, 106, -1,
      78, 71, 58, -1,
      106, 109, 110, -1,
      60, 109, 77, -1,
      113, 110, 109, -1,
      51, 73, 108, -1,
      111, 74, 73, -1,
      114, 115, 103, -1,
      108, 112, 76, -1,
      112, 69, 116, -1,
      103, 115, 59, -1,
      72, 71, 116, -1,
      113, 117, 118, -1,
      109, 60, 117, -1,
      77, 58, 60, -1,
      117, 60, 115, -1,
      113, 109, 117, -1,
      73, 69, 112, -1,
      74, 67, 69, -1,
      59, 72, 119, -1,
      112, 116, 71, -1,
      68, 70, 116, -1,
      119, 101, 103, -1,
      119, 72, 70, -1,
      118, 114, 120, -1,
      117, 115, 118, -1,
      60, 59, 115, -1,
      118, 115, 114, -1,
      113, 118, 121, -1,
      69, 68, 116, -1,
      67, 122, 68, -1,
      66, 101, 119, -1,
      116, 70, 72, -1,
      70, 66, 119, -1,
      123, 114, 102, -1,
      120, 114, 123, -1,
      59, 119, 103, -1,
      114, 103, 102, -1,
      120, 121, 118, -1,
      68, 122, 65, -1,
      61, 65, 122, -1,
      36, 124, 101, -1,
      70, 65, 66, -1,
      66, 36, 101, -1,
      102, 124, 125, -1,
      102, 101, 124, -1,
      123, 126, 127, -1,
      126, 123, 102, -1,
      120, 123, 127, -1,
      61, 37, 65, -1,
      62, 35, 37, -1,
      64, 128, 124, -1,
      66, 37, 36, -1,
      64, 124, 36, -1,
      125, 124, 128, -1,
      125, 126, 102, -1,
      129, 130, 131, -1,
      130, 132, 133, -1,
      134, 129, 131, -1,
      135, 132, 130, -1,
      136, 135, 130, -1,
      132, 137, 138, -1,
      139, 140, 138, -1,
      140, 141, 142, -1,
      140, 132, 138, -1,
      142, 141, 143, -1,
      139, 141, 140, -1,
      131, 133, 144, -1,
      145, 134, 131, -1,
      146, 147, 145, -1,
      148, 149, 150, -1,
      151, 152, 153, -1,
      154, 144, 153, -1,
      155, 146, 156, -1,
      156, 157, 158, -1,
      159, 160, 161, -1,
      162, 151, 163, -1,
      164, 165, 150, -1,
      166, 157, 149, -1,
      164, 167, 168, -1,
      162, 169, 170, -1,
      168, 169, 171, -1,
      172, 170, 168, -1,
      171, 173, 164, -1,
      174, 175, 171, -1,
      176, 177, 175, -1,
      177, 173, 175, -1,
      130, 129, 136, -1,
      135, 137, 132, -1,
      178, 140, 179, -1,
      132, 178, 133, -1,
      142, 179, 140, -1,
      180, 134, 145, -1,
      147, 180, 145, -1,
      181, 182, 178, -1,
      131, 130, 133, -1,
      132, 140, 178, -1,
      133, 182, 144, -1,
      179, 181, 178, -1,
      131, 154, 145, -1,
      155, 147, 146, -1,
      183, 184, 182, -1,
      154, 131, 144, -1,
      152, 145, 154, -1,
      133, 178, 182, -1,
      144, 184, 153, -1,
      181, 183, 182, -1,
      146, 145, 152, -1,
      158, 155, 156, -1,
      185, 163, 184, -1,
      152, 154, 153, -1,
      186, 146, 152, -1,
      144, 182, 184, -1,
      153, 163, 151, -1,
      183, 185, 184, -1,
      156, 146, 186, -1,
      166, 158, 157, -1,
      187, 162, 163, -1,
      186, 152, 151, -1,
      156, 186, 172, -1,
      153, 184, 163, -1,
      151, 162, 170, -1,
      185, 187, 163, -1,
      157, 156, 172, -1,
      188, 166, 149, -1,
      151, 170, 186, -1,
      172, 186, 170, -1,
      172, 167, 157, -1,
      169, 162, 189, -1,
      170, 169, 168, -1,
      187, 189, 162, -1,
      149, 157, 167, -1,
      148, 188, 149, -1,
      190, 161, 165, -1,
      167, 172, 168, -1,
      167, 150, 149, -1,
      171, 169, 191, -1,
      164, 168, 171, -1,
      189, 191, 169, -1,
      160, 148, 150, -1,
      190, 159, 161, -1,
      167, 164, 150, -1,
      161, 150, 165, -1,
      173, 192, 165, -1,
      173, 165, 164, -1,
      191, 174, 171, -1,
      190, 165, 193, -1,
      160, 150, 161, -1,
      193, 165, 192, -1,
      192, 173, 194, -1,
      177, 194, 173, -1,
      175, 173, 171, -1,
      195, 196, 197, -1,
      198, 199, 200, -1,
      201, 202, 203, -1,
      196, 204, 205, -1,
      206, 207, 208, -1,
      209, 197, 210, -1,
      175, 211, 176, -1,
      207, 211, 208, -1,
      205, 212, 206, -1,
      210, 208, 213, -1,
      189, 214, 215, -1,
      213, 215, 216, -1,
      198, 209, 216, -1,
      217, 218, 219, -1,
      220, 200, 221, -1,
      214, 187, 222, -1,
      223, 224, 221, -1,
      185, 225, 222, -1,
      226, 225, 183, -1,
      221, 224, 220, -1,
      223, 227, 228, -1,
      228, 229, 230, -1,
      226, 181, 231, -1,
      230, 201, 232, -1,
      232, 201, 233, -1,
      230, 229, 201, -1,
      203, 202, 234, -1,
      203, 233, 201, -1,
      202, 142, 235, -1,
      202, 235, 234, -1,
      179, 142, 202, -1,
      235, 142, 143, -1,
      181, 179, 231, -1,
      205, 206, 208, -1,
      179, 202, 231, -1,
      231, 201, 229, -1,
      236, 230, 237, -1,
      232, 237, 230, -1,
      202, 201, 231, -1,
      183, 181, 226, -1,
      224, 228, 238, -1,
      236, 228, 230, -1,
      226, 229, 227, -1,
      228, 224, 223, -1,
      239, 224, 238, -1,
      228, 236, 238, -1,
      231, 229, 226, -1,
      185, 183, 225, -1,
      229, 228, 227, -1,
      240, 225, 227, -1,
      240, 223, 221, -1,
      241, 224, 239, -1,
      226, 227, 225, -1,
      187, 185, 222, -1,
      220, 242, 200, -1,
      227, 223, 240, -1,
      243, 222, 240, -1,
      224, 241, 220, -1,
      221, 200, 243, -1,
      244, 220, 241, -1,
      225, 240, 222, -1,
      189, 187, 214, -1,
      245, 217, 242, -1,
      240, 221, 243, -1,
      199, 214, 243, -1,
      220, 244, 242, -1,
      242, 198, 200, -1,
      245, 242, 244, -1,
      222, 243, 214, -1,
      191, 189, 215, -1,
      219, 209, 217, -1,
      243, 200, 199, -1,
      199, 216, 215, -1,
      242, 217, 198, -1,
      217, 209, 198, -1,
      245, 218, 217, -1,
      214, 199, 215, -1,
      174, 191, 213, -1,
      219, 246, 197, -1,
      199, 198, 216, -1,
      210, 216, 209, -1,
      219, 197, 209, -1,
      218, 247, 219, -1,
      191, 215, 213, -1,
      175, 174, 213, -1,
      196, 205, 197, -1,
      216, 210, 213, -1,
      210, 197, 205, -1,
      246, 195, 197, -1,
      247, 246, 219, -1,
      213, 208, 175, -1,
      211, 175, 208, -1,
      204, 212, 205, -1,
      210, 205, 208, -1,
      204, 196, 248, -1,
      195, 248, 196, -1,
      249, 250, 251, -1,
      252, 253, 254, -1,
      32, 46, 250, -1,
      255, 249, 251, -1,
      256, 257, 258, -1,
      257, 255, 258, -1,
      258, 255, 251, -1,
      259, 260, 261, -1,
      262, 263, 264, -1,
      265, 266, 267, -1,
      254, 268, 269, -1,
      266, 264, 253, -1,
      270, 271, 272, -1,
      273, 274, 275, -1,
      272, 276, 277, -1,
      277, 278, 279, -1,
      280, 281, 278, -1,
      276, 282, 280, -1,
      283, 282, 284, -1,
      285, 286, 287, -1,
      122, 283, 61, -1,
      277, 288, 270, -1,
      283, 289, 61, -1,
      275, 288, 279, -1,
      290, 63, 61, -1,
      274, 291, 268, -1,
      292, 273, 279, -1,
      293, 294, 295, -1,
      296, 291, 273, -1,
      252, 297, 266, -1,
      293, 298, 294, -1,
      261, 253, 264, -1,
      299, 257, 265, -1,
      259, 264, 263, -1,
      262, 257, 256, -1,
      249, 255, 300, -1,
      257, 262, 264, -1,
      300, 32, 249, -1,
      255, 299, 300, -1,
      32, 250, 249, -1,
      264, 265, 257, -1,
      266, 253, 252, -1,
      266, 265, 264, -1,
      301, 39, 300, -1,
      257, 299, 255, -1,
      299, 267, 301, -1,
      32, 300, 39, -1,
      259, 261, 264, -1,
      260, 302, 298, -1,
      303, 304, 305, -1,
      306, 307, 295, -1,
      298, 261, 260, -1,
      252, 254, 269, -1,
      254, 253, 261, -1,
      81, 301, 308, -1,
      299, 301, 300, -1,
      265, 267, 299, -1,
      267, 297, 308, -1,
      39, 301, 81, -1,
      309, 261, 298, -1,
      302, 294, 298, -1,
      269, 310, 252, -1,
      309, 254, 261, -1,
      309, 298, 311, -1,
      297, 312, 308, -1,
      268, 254, 309, -1,
      87, 308, 312, -1,
      267, 308, 301, -1,
      266, 297, 267, -1,
      297, 310, 312, -1,
      81, 308, 87, -1,
      293, 311, 298, -1,
      306, 295, 294, -1,
      291, 313, 269, -1,
      311, 268, 309, -1,
      311, 293, 314, -1,
      310, 315, 312, -1,
      274, 268, 311, -1,
      291, 269, 268, -1,
      315, 93, 312, -1,
      252, 310, 297, -1,
      310, 313, 315, -1,
      87, 312, 93, -1,
      295, 314, 293, -1,
      316, 307, 306, -1,
      314, 274, 311, -1,
      314, 295, 317, -1,
      313, 318, 315, -1,
      274, 314, 275, -1,
      273, 291, 274, -1,
      318, 97, 315, -1,
      269, 313, 310, -1,
      313, 296, 318, -1,
      93, 315, 97, -1,
      307, 317, 295, -1,
      304, 303, 316, -1,
      271, 285, 287, -1,
      317, 275, 314, -1,
      317, 307, 319, -1,
      296, 320, 318, -1,
      317, 288, 275, -1,
      279, 273, 275, -1,
      320, 50, 318, -1,
      291, 296, 313, -1,
      296, 292, 320, -1,
      97, 318, 50, -1,
      307, 303, 319, -1,
      316, 303, 307, -1,
      305, 304, 321, -1,
      319, 288, 317, -1,
      303, 322, 319, -1,
      292, 281, 320, -1,
      270, 288, 319, -1,
      277, 279, 288, -1,
      281, 80, 320, -1,
      273, 292, 296, -1,
      292, 278, 281, -1,
      50, 320, 80, -1,
      305, 322, 303, -1,
      323, 321, 304, -1,
      285, 324, 325, -1,
      322, 270, 319, -1,
      322, 305, 326, -1,
      272, 287, 284, -1,
      322, 271, 270, -1,
      277, 270, 272, -1,
      281, 74, 111, -1,
      279, 278, 292, -1,
      278, 276, 280, -1,
      80, 281, 111, -1,
      321, 326, 305, -1,
      321, 327, 324, -1,
      327, 328, 329, -1,
      326, 271, 322, -1,
      324, 326, 321, -1,
      330, 331, 286, -1,
      271, 326, 285, -1,
      271, 287, 272, -1,
      280, 67, 74, -1,
      277, 276, 278, -1,
      276, 284, 282, -1,
      74, 281, 280, -1,
      323, 327, 321, -1,
      329, 328, 332, -1,
      326, 324, 285, -1,
      327, 329, 324, -1,
      325, 286, 285, -1,
      284, 287, 331, -1,
      282, 122, 67, -1,
      272, 284, 276, -1,
      331, 283, 284, -1,
      67, 280, 282, -1,
      325, 329, 332, -1,
      329, 325, 324, -1,
      332, 333, 325, -1,
      333, 334, 325, -1,
      325, 334, 286, -1,
      287, 286, 331, -1,
      286, 334, 330, -1,
      289, 283, 331, -1,
      330, 289, 331, -1,
      122, 282, 283, -1,
      333, 335, 334, -1,
      335, 336, 334, -1,
      334, 336, 330, -1,
      336, 337, 330, -1,
      337, 290, 289, -1,
      337, 289, 330, -1,
      61, 289, 290, -1,
      338, 339, 340, -1,
      341, 342, 343, -1,
      344, 193, 345, -1,
      143, 346, 340, -1,
      346, 143, 141, -1,
      347, 139, 348, -1,
      348, 139, 138, -1,
      349, 350, 351, -1,
      135, 352, 353, -1,
      180, 354, 134, -1,
      355, 356, 357, -1,
      356, 358, 359, -1,
      360, 134, 354, -1,
      361, 362, 155, -1,
      363, 364, 365, -1,
      366, 188, 367, -1,
      368, 369, 370, -1,
      371, 372, 373, -1,
      193, 344, 190, -1,
      374, 375, 376, -1,
      192, 345, 193, -1,
      377, 378, 379, -1,
      375, 380, 379, -1,
      381, 382, 345, -1,
      383, 382, 384, -1,
      385, 386, 387, -1,
      381, 387, 388, -1,
      177, 176, 385, -1,
      385, 387, 177, -1,
      389, 390, 391, -1,
      390, 392, 393, -1,
      394, 389, 376, -1,
      372, 395, 396, -1,
      377, 380, 373, -1,
      397, 396, 398, -1,
      399, 397, 400, -1,
      148, 401, 367, -1,
      402, 166, 366, -1,
      369, 399, 403, -1,
      404, 405, 368, -1,
      159, 406, 160, -1,
      362, 407, 147, -1,
      408, 365, 405, -1,
      364, 409, 358, -1,
      361, 155, 158, -1,
      349, 355, 410, -1,
      360, 411, 129, -1,
      351, 412, 341, -1,
      137, 353, 413, -1,
      347, 346, 141, -1,
      129, 411, 136, -1,
      339, 343, 414, -1,
      414, 343, 415, -1,
      416, 414, 415, -1,
      417, 416, 415, -1,
      417, 418, 419, -1,
      419, 418, 420, -1,
      421, 420, 422, -1,
      346, 338, 340, -1,
      139, 347, 141, -1,
      342, 423, 415, -1,
      338, 343, 339, -1,
      413, 138, 137, -1,
      417, 424, 418, -1,
      341, 343, 338, -1,
      342, 415, 343, -1,
      418, 425, 422, -1,
      416, 417, 419, -1,
      417, 423, 424, -1,
      422, 420, 418, -1,
      346, 426, 338, -1,
      426, 346, 347, -1,
      412, 427, 342, -1,
      426, 341, 338, -1,
      428, 426, 347, -1,
      423, 429, 424, -1,
      351, 341, 426, -1,
      412, 342, 341, -1,
      424, 430, 425, -1,
      415, 423, 417, -1,
      423, 427, 429, -1,
      425, 418, 424, -1,
      348, 428, 347, -1,
      353, 137, 135, -1,
      350, 431, 412, -1,
      428, 351, 426, -1,
      428, 348, 432, -1,
      427, 433, 429, -1,
      349, 351, 428, -1,
      350, 412, 351, -1,
      429, 434, 430, -1,
      342, 427, 423, -1,
      427, 431, 433, -1,
      430, 424, 429, -1,
      348, 413, 432, -1,
      413, 348, 138, -1,
      410, 435, 350, -1,
      432, 349, 428, -1,
      436, 432, 413, -1,
      431, 437, 433, -1,
      355, 349, 432, -1,
      410, 350, 349, -1,
      433, 438, 434, -1,
      412, 431, 427, -1,
      431, 435, 437, -1,
      434, 429, 433, -1,
      353, 436, 413, -1,
      136, 352, 135, -1,
      357, 439, 410, -1,
      436, 355, 432, -1,
      440, 436, 353, -1,
      435, 441, 437, -1,
      356, 355, 436, -1,
      357, 410, 355, -1,
      437, 442, 438, -1,
      350, 435, 431, -1,
      435, 439, 441, -1,
      438, 433, 437, -1,
      440, 353, 352, -1,
      360, 129, 134, -1,
      359, 443, 357, -1,
      440, 356, 436, -1,
      444, 440, 352, -1,
      439, 445, 441, -1,
      358, 356, 440, -1,
      359, 357, 356, -1,
      441, 446, 442, -1,
      410, 439, 435, -1,
      439, 443, 445, -1,
      442, 437, 441, -1,
      352, 411, 444, -1,
      411, 352, 136, -1,
      409, 447, 359, -1,
      444, 358, 440, -1,
      407, 180, 147, -1,
      443, 448, 445, -1,
      364, 358, 444, -1,
      409, 359, 358, -1,
      445, 449, 446, -1,
      357, 443, 439, -1,
      443, 447, 448, -1,
      446, 441, 445, -1,
      411, 450, 444, -1,
      450, 411, 360, -1,
      363, 451, 409, -1,
      450, 364, 444, -1,
      362, 147, 155, -1,
      447, 452, 448, -1,
      365, 364, 450, -1,
      363, 409, 364, -1,
      448, 453, 449, -1,
      359, 447, 443, -1,
      447, 451, 452, -1,
      449, 445, 448, -1,
      360, 454, 450, -1,
      354, 454, 360, -1,
      408, 455, 363, -1,
      454, 365, 450, -1,
      456, 454, 354, -1,
      451, 457, 452, -1,
      405, 365, 454, -1,
      408, 363, 365, -1,
      452, 458, 453, -1,
      409, 451, 447, -1,
      451, 455, 457, -1,
      453, 448, 452, -1,
      354, 407, 456, -1,
      407, 354, 180, -1,
      404, 459, 408, -1,
      456, 405, 454, -1,
      402, 158, 166, -1,
      455, 460, 457, -1,
      368, 405, 456, -1,
      404, 408, 405, -1,
      457, 461, 458, -1,
      363, 455, 451, -1,
      455, 459, 460, -1,
      458, 452, 457, -1,
      407, 462, 456, -1,
      462, 407, 362, -1,
      370, 463, 404, -1,
      462, 368, 456, -1,
      366, 166, 188, -1,
      459, 464, 460, -1,
      369, 368, 462, -1,
      370, 404, 368, -1,
      460, 465, 461, -1,
      408, 459, 455, -1,
      459, 463, 464, -1,
      461, 457, 460, -1,
      362, 466, 462, -1,
      361, 466, 362, -1,
      403, 467, 370, -1,
      466, 369, 462, -1,
      468, 466, 361, -1,
      463, 469, 464, -1,
      399, 369, 466, -1,
      403, 370, 369, -1,
      464, 470, 465, -1,
      404, 463, 459, -1,
      463, 467, 469, -1,
      465, 460, 464, -1,
      361, 402, 468, -1,
      402, 361, 158, -1,
      400, 471, 403, -1,
      468, 399, 466, -1,
      468, 402, 472, -1,
      467, 473, 469, -1,
      397, 399, 468, -1,
      400, 403, 399, -1,
      469, 474, 470, -1,
      370, 467, 463, -1,
      467, 471, 473, -1,
      470, 464, 469, -1,
      366, 472, 402, -1,
      148, 367, 188, -1,
      398, 475, 400, -1,
      472, 397, 468, -1,
      472, 366, 476, -1,
      471, 477, 473, -1,
      396, 397, 472, -1,
      398, 400, 397, -1,
      473, 478, 474, -1,
      403, 471, 467, -1,
      471, 475, 477, -1,
      474, 469, 473, -1,
      367, 476, 366, -1,
      160, 401, 148, -1,
      395, 479, 398, -1,
      476, 396, 472, -1,
      480, 159, 190, -1,
      475, 481, 477, -1,
      372, 396, 476, -1,
      395, 398, 396, -1,
      477, 482, 478, -1,
      400, 475, 471, -1,
      475, 479, 481, -1,
      478, 473, 477, -1,
      367, 483, 476, -1,
      483, 367, 401, -1,
      371, 484, 395, -1,
      483, 372, 476, -1,
      485, 483, 401, -1,
      479, 486, 481, -1,
      373, 372, 483, -1,
      371, 395, 372, -1,
      481, 487, 482, -1,
      398, 479, 475, -1,
      479, 484, 486, -1,
      482, 477, 481, -1,
      401, 406, 485, -1,
      406, 401, 160, -1,
      380, 488, 371, -1,
      485, 373, 483, -1,
      406, 489, 485, -1,
      484, 490, 486, -1,
      373, 485, 377, -1,
      380, 371, 373, -1,
      486, 491, 487, -1,
      395, 484, 479, -1,
      484, 488, 490, -1,
      487, 481, 486, -1,
      406, 480, 489, -1,
      480, 406, 159, -1,
      492, 493, 494, -1,
      489, 377, 485, -1,
      495, 489, 480, -1,
      488, 374, 490, -1,
      489, 378, 377, -1,
      379, 380, 377, -1,
      490, 496, 491, -1,
      371, 488, 484, -1,
      488, 375, 374, -1,
      491, 486, 490, -1,
      480, 344, 495, -1,
      344, 480, 190, -1,
      378, 497, 492, -1,
      495, 378, 489, -1,
      344, 498, 495, -1,
      379, 492, 394, -1,
      378, 495, 497, -1,
      379, 378, 492, -1,
      374, 499, 496, -1,
      380, 375, 488, -1,
      375, 394, 376, -1,
      496, 490, 374, -1,
      345, 498, 344, -1,
      194, 381, 192, -1,
      383, 497, 498, -1,
      498, 497, 495, -1,
      498, 382, 383, -1,
      493, 492, 497, -1,
      497, 383, 493, -1,
      394, 492, 494, -1,
      376, 391, 499, -1,
      379, 394, 375, -1,
      394, 494, 389, -1,
      499, 374, 376, -1,
      192, 381, 345, -1,
      194, 177, 387, -1,
      493, 383, 500, -1,
      345, 382, 498, -1,
      382, 388, 384, -1,
      494, 493, 501, -1,
      383, 384, 500, -1,
      502, 393, 392, -1,
      493, 500, 501, -1,
      392, 389, 494, -1,
      501, 392, 494, -1,
      391, 376, 389, -1,
      194, 387, 381, -1,
      381, 388, 382, -1,
      386, 503, 388, -1,
      387, 386, 388, -1,
      503, 504, 384, -1,
      388, 503, 384, -1,
      504, 505, 500, -1,
      384, 504, 500, -1,
      505, 502, 501, -1,
      500, 505, 501, -1,
      502, 392, 501, -1,
      390, 389, 392, -1,
      239, 506, 507, -1,
      508, 509, 510, -1,
      511, 232, 233, -1,
      512, 513, 514, -1,
      515, 516, 517, -1,
      518, 506, 238, -1,
      519, 520, 521, -1,
      521, 522, 517, -1,
      421, 523, 524, -1,
      525, 519, 526, -1,
      203, 527, 233, -1,
      528, 529, 530, -1,
      529, 531, 532, -1,
      514, 516, 533, -1,
      241, 507, 534, -1,
      532, 525, 535, -1,
      527, 536, 537, -1,
      538, 535, 526, -1,
      523, 539, 528, -1,
      540, 541, 537, -1,
      235, 340, 542, -1,
      543, 536, 542, -1,
      235, 143, 340, -1,
      542, 340, 339, -1,
      544, 545, 513, -1,
      545, 546, 547, -1,
      237, 548, 236, -1,
      549, 547, 550, -1,
      551, 552, 245, -1,
      553, 554, 549, -1,
      218, 552, 555, -1,
      554, 556, 557, -1,
      245, 244, 551, -1,
      558, 557, 559, -1,
      560, 561, 246, -1,
      562, 563, 558, -1,
      195, 561, 564, -1,
      563, 565, 566, -1,
      246, 247, 560, -1,
      567, 566, 568, -1,
      569, 570, 204, -1,
      571, 510, 567, -1,
      212, 570, 572, -1,
      573, 207, 574, -1,
      564, 248, 195, -1,
      575, 504, 576, -1,
      509, 503, 386, -1,
      576, 504, 503, -1,
      577, 502, 505, -1,
      503, 509, 576, -1,
      577, 505, 575, -1,
      393, 502, 578, -1,
      509, 386, 579, -1,
      385, 579, 386, -1,
      176, 580, 385, -1,
      385, 580, 579, -1,
      511, 233, 527, -1,
      580, 176, 211, -1,
      207, 573, 211, -1,
      206, 574, 207, -1,
      211, 573, 580, -1,
      508, 581, 576, -1,
      572, 206, 212, -1,
      575, 582, 577, -1,
      510, 509, 579, -1,
      508, 576, 509, -1,
      577, 583, 578, -1,
      504, 575, 505, -1,
      575, 581, 582, -1,
      578, 502, 577, -1,
      580, 584, 579, -1,
      584, 580, 573, -1,
      571, 585, 508, -1,
      584, 510, 579, -1,
      586, 584, 573, -1,
      581, 587, 582, -1,
      567, 510, 584, -1,
      571, 508, 510, -1,
      582, 588, 583, -1,
      576, 581, 575, -1,
      581, 585, 587, -1,
      583, 577, 582, -1,
      574, 586, 573, -1,
      570, 212, 204, -1,
      568, 589, 571, -1,
      586, 567, 584, -1,
      586, 574, 590, -1,
      585, 591, 587, -1,
      566, 567, 586, -1,
      568, 571, 567, -1,
      587, 592, 588, -1,
      508, 585, 581, -1,
      585, 589, 591, -1,
      588, 582, 587, -1,
      574, 572, 590, -1,
      572, 574, 206, -1,
      565, 593, 568, -1,
      590, 566, 586, -1,
      594, 590, 572, -1,
      589, 595, 591, -1,
      563, 566, 590, -1,
      565, 568, 566, -1,
      591, 596, 592, -1,
      571, 589, 585, -1,
      589, 593, 595, -1,
      592, 587, 591, -1,
      570, 594, 572, -1,
      248, 569, 204, -1,
      562, 597, 565, -1,
      594, 563, 590, -1,
      598, 594, 570, -1,
      593, 599, 595, -1,
      558, 563, 594, -1,
      562, 565, 563, -1,
      595, 600, 596, -1,
      568, 593, 589, -1,
      593, 597, 599, -1,
      596, 591, 595, -1,
      598, 570, 569, -1,
      561, 195, 246, -1,
      559, 601, 562, -1,
      598, 558, 594, -1,
      602, 598, 569, -1,
      597, 603, 599, -1,
      557, 558, 598, -1,
      559, 562, 558, -1,
      599, 604, 600, -1,
      565, 597, 593, -1,
      597, 601, 603, -1,
      600, 595, 599, -1,
      569, 564, 602, -1,
      564, 569, 248, -1,
      556, 605, 559, -1,
      602, 557, 598, -1,
      555, 247, 218, -1,
      601, 606, 603, -1,
      554, 557, 602, -1,
      556, 559, 557, -1,
      603, 607, 604, -1,
      562, 601, 597, -1,
      601, 605, 606, -1,
      604, 599, 603, -1,
      564, 608, 602, -1,
      608, 564, 561, -1,
      553, 609, 556, -1,
      608, 554, 602, -1,
      552, 218, 245, -1,
      605, 610, 606, -1,
      549, 554, 608, -1,
      553, 556, 554, -1,
      606, 611, 607, -1,
      559, 605, 601, -1,
      605, 609, 610, -1,
      607, 603, 606, -1,
      561, 612, 608, -1,
      560, 612, 561, -1,
      550, 613, 553, -1,
      612, 549, 608, -1,
      614, 612, 560, -1,
      609, 615, 610, -1,
      547, 549, 612, -1,
      550, 553, 549, -1,
      610, 616, 611, -1,
      556, 609, 605, -1,
      609, 613, 615, -1,
      611, 606, 610, -1,
      560, 555, 614, -1,
      555, 560, 247, -1,
      546, 617, 550, -1,
      614, 547, 612, -1,
      534, 244, 241, -1,
      613, 618, 615, -1,
      545, 547, 614, -1,
      546, 550, 547, -1,
      615, 619, 616, -1,
      553, 613, 609, -1,
      613, 617, 618, -1,
      616, 610, 615, -1,
      555, 620, 614, -1,
      620, 555, 552, -1,
      544, 621, 546, -1,
      620, 545, 614, -1,
      507, 241, 239, -1,
      617, 622, 618, -1,
      513, 545, 620, -1,
      544, 546, 545, -1,
      618, 623, 619, -1,
      550, 617, 613, -1,
      617, 621, 622, -1,
      619, 615, 618, -1,
      552, 624, 620, -1,
      551, 624, 552, -1,
      512, 625, 544, -1,
      624, 513, 620, -1,
      626, 624, 551, -1,
      621, 627, 622, -1,
      514, 513, 624, -1,
      512, 544, 513, -1,
      622, 628, 623, -1,
      546, 621, 617, -1,
      621, 625, 627, -1,
      623, 618, 622, -1,
      551, 534, 626, -1,
      534, 551, 244, -1,
      533, 629, 512, -1,
      626, 514, 624, -1,
      626, 534, 630, -1,
      625, 631, 627, -1,
      516, 514, 626, -1,
      533, 512, 514, -1,
      627, 632, 628, -1,
      544, 625, 621, -1,
      625, 629, 631, -1,
      628, 622, 627, -1,
      507, 630, 534, -1,
      238, 506, 239, -1,
      515, 633, 533, -1,
      630, 516, 626, -1,
      630, 507, 634, -1,
      629, 635, 631, -1,
      517, 516, 630, -1,
      515, 533, 516, -1,
      631, 636, 632, -1,
      512, 629, 625, -1,
      629, 633, 635, -1,
      632, 627, 631, -1,
      506, 634, 507, -1,
      236, 518, 238, -1,
      522, 637, 515, -1,
      634, 517, 630, -1,
      638, 237, 232, -1,
      633, 639, 635, -1,
      521, 517, 634, -1,
      522, 515, 517, -1,
      635, 640, 636, -1,
      533, 633, 629, -1,
      633, 637, 639, -1,
      636, 631, 635, -1,
      506, 641, 634, -1,
      641, 506, 518, -1,
      520, 642, 522, -1,
      641, 521, 634, -1,
      643, 641, 518, -1,
      637, 644, 639, -1,
      519, 521, 641, -1,
      520, 522, 521, -1,
      639, 645, 640, -1,
      515, 637, 633, -1,
      637, 642, 644, -1,
      640, 635, 639, -1,
      518, 548, 643, -1,
      548, 518, 236, -1,
      525, 646, 520, -1,
      643, 519, 641, -1,
      548, 647, 643, -1,
      642, 648, 644, -1,
      519, 643, 526, -1,
      525, 520, 519, -1,
      644, 649, 645, -1,
      522, 642, 637, -1,
      642, 646, 648, -1,
      645, 639, 644, -1,
      548, 638, 647, -1,
      638, 548, 237, -1,
      650, 651, 652, -1,
      647, 526, 643, -1,
      653, 647, 638, -1,
      646, 531, 648, -1,
      647, 538, 526, -1,
      535, 525, 526, -1,
      648, 654, 649, -1,
      520, 646, 642, -1,
      646, 532, 531, -1,
      649, 644, 648, -1,
      638, 511, 653, -1,
      511, 638, 232, -1,
      538, 655, 650, -1,
      653, 538, 647, -1,
      511, 656, 653, -1,
      535, 650, 530, -1,
      538, 653, 655, -1,
      535, 538, 650, -1,
      531, 657, 654, -1,
      525, 532, 646, -1,
      532, 530, 529, -1,
      654, 648, 531, -1,
      527, 656, 511, -1,
      234, 536, 203, -1,
      541, 655, 656, -1,
      656, 655, 653, -1,
      656, 537, 541, -1,
      651, 650, 655, -1,
      655, 541, 651, -1,
      530, 650, 652, -1,
      529, 539, 657, -1,
      535, 530, 532, -1,
      530, 652, 528, -1,
      657, 531, 529, -1,
      203, 536, 527, -1,
      234, 235, 542, -1,
      651, 541, 658, -1,
      527, 537, 656, -1,
      537, 543, 540, -1,
      652, 651, 659, -1,
      541, 540, 658, -1,
      420, 421, 524, -1,
      651, 658, 659, -1,
      524, 528, 652, -1,
      659, 524, 652, -1,
      539, 529, 528, -1,
      234, 542, 536, -1,
      536, 543, 537, -1,
      339, 414, 543, -1,
      542, 339, 543, -1,
      414, 416, 540, -1,
      543, 414, 540, -1,
      416, 419, 658, -1,
      540, 416, 658, -1,
      419, 420, 659, -1,
      658, 419, 659, -1,
      420, 524, 659, -1,
      523, 528, 524, -1,
      660, 661, 662, -1,
      663, 662, 664, -1,
      259, 665, 666, -1,
      667, 663, 668, -1,
      669, 670, 671, -1,
      665, 263, 672, -1,
      669, 667, 673, -1,
      674, 672, 262, -1,
      256, 675, 674, -1,
      675, 258, 676, -1,
      677, 676, 251, -1,
      678, 679, 671, -1,
      680, 679, 681, -1,
      682, 250, 46, -1,
      680, 683, 684, -1,
      685, 686, 687, -1,
      250, 682, 677, -1,
      688, 684, 689, -1,
      684, 683, 689, -1,
      690, 691, 692, -1,
      692, 682, 46, -1,
      693, 694, 688, -1,
      666, 695, 260, -1,
      695, 696, 302, -1,
      697, 698, 660, -1,
      699, 294, 696, -1,
      697, 700, 701, -1,
      699, 702, 306, -1,
      703, 700, 704, -1,
      705, 316, 702, -1,
      706, 707, 704, -1,
      304, 705, 708, -1,
      709, 710, 706, -1,
      708, 711, 323, -1,
      712, 713, 709, -1,
      714, 327, 711, -1,
      715, 712, 716, -1,
      328, 714, 717, -1,
      718, 719, 716, -1,
      717, 720, 332, -1,
      721, 722, 718, -1,
      723, 333, 720, -1,
      721, 724, 725, -1,
      723, 726, 335, -1,
      727, 728, 724, -1,
      729, 730, 731, -1,
      685, 732, 726, -1,
      730, 732, 733, -1,
      730, 733, 731, -1,
      728, 734, 735, -1,
      290, 729, 63, -1,
      727, 736, 734, -1,
      737, 738, 739, -1,
      686, 740, 734, -1,
      682, 692, 691, -1,
      251, 250, 677, -1,
      689, 683, 690, -1,
      691, 690, 683, -1,
      682, 691, 741, -1,
      688, 694, 684, -1,
      680, 681, 683, -1,
      742, 684, 694, -1,
      677, 682, 741, -1,
      258, 251, 676, -1,
      683, 681, 691, -1,
      741, 691, 681, -1,
      743, 677, 741, -1,
      680, 742, 744, -1,
      681, 679, 678, -1,
      742, 680, 684, -1,
      676, 677, 743, -1,
      256, 258, 675, -1,
      681, 678, 741, -1,
      743, 741, 678, -1,
      676, 743, 745, -1,
      679, 744, 746, -1,
      670, 678, 671, -1,
      744, 679, 680, -1,
      675, 676, 745, -1,
      262, 256, 674, -1,
      678, 670, 743, -1,
      745, 743, 670, -1,
      675, 745, 747, -1,
      671, 679, 746, -1,
      669, 673, 670, -1,
      748, 671, 746, -1,
      674, 675, 747, -1,
      263, 262, 672, -1,
      670, 673, 745, -1,
      747, 745, 673, -1,
      749, 674, 747, -1,
      669, 748, 750, -1,
      673, 667, 668, -1,
      748, 669, 671, -1,
      672, 674, 749, -1,
      259, 263, 665, -1,
      673, 668, 747, -1,
      749, 747, 668, -1,
      672, 749, 751, -1,
      667, 750, 752, -1,
      668, 663, 664, -1,
      750, 667, 669, -1,
      665, 672, 751, -1,
      260, 259, 666, -1,
      668, 664, 749, -1,
      751, 749, 664, -1,
      665, 751, 753, -1,
      667, 752, 663, -1,
      662, 661, 664, -1,
      754, 663, 752, -1,
      666, 665, 753, -1,
      302, 260, 695, -1,
      664, 661, 751, -1,
      753, 751, 661, -1,
      755, 666, 753, -1,
      662, 754, 756, -1,
      661, 660, 698, -1,
      754, 662, 663, -1,
      695, 666, 755, -1,
      294, 302, 696, -1,
      661, 698, 753, -1,
      755, 753, 698, -1,
      695, 755, 757, -1,
      660, 756, 758, -1,
      698, 697, 701, -1,
      756, 660, 662, -1,
      696, 695, 757, -1,
      306, 294, 699, -1,
      698, 701, 755, -1,
      757, 755, 701, -1,
      696, 757, 759, -1,
      697, 758, 760, -1,
      701, 700, 703, -1,
      758, 697, 660, -1,
      699, 696, 759, -1,
      316, 306, 702, -1,
      701, 703, 757, -1,
      759, 757, 703, -1,
      761, 699, 759, -1,
      700, 760, 762, -1,
      703, 704, 707, -1,
      760, 700, 697, -1,
      702, 699, 761, -1,
      304, 316, 705, -1,
      703, 707, 759, -1,
      761, 759, 707, -1,
      702, 761, 763, -1,
      704, 762, 764, -1,
      710, 707, 706, -1,
      762, 704, 700, -1,
      705, 702, 763, -1,
      323, 304, 708, -1,
      707, 710, 761, -1,
      763, 761, 710, -1,
      705, 763, 765, -1,
      706, 704, 764, -1,
      709, 713, 710, -1,
      766, 706, 764, -1,
      708, 705, 765, -1,
      327, 323, 711, -1,
      710, 713, 763, -1,
      765, 763, 713, -1,
      767, 708, 765, -1,
      709, 766, 768, -1,
      713, 712, 715, -1,
      766, 709, 706, -1,
      711, 708, 767, -1,
      328, 327, 714, -1,
      713, 715, 765, -1,
      767, 765, 715, -1,
      711, 767, 769, -1,
      709, 768, 712, -1,
      715, 716, 719, -1,
      770, 712, 768, -1,
      714, 711, 769, -1,
      332, 328, 717, -1,
      715, 719, 767, -1,
      769, 767, 719, -1,
      714, 769, 771, -1,
      772, 716, 770, -1,
      719, 718, 722, -1,
      770, 716, 712, -1,
      717, 714, 771, -1,
      333, 332, 720, -1,
      719, 722, 769, -1,
      771, 769, 722, -1,
      717, 771, 773, -1,
      718, 772, 774, -1,
      722, 721, 725, -1,
      772, 718, 716, -1,
      720, 717, 773, -1,
      335, 333, 723, -1,
      722, 725, 771, -1,
      773, 771, 725, -1,
      720, 773, 735, -1,
      718, 774, 721, -1,
      724, 728, 725, -1,
      775, 721, 774, -1,
      723, 720, 735, -1,
      336, 335, 726, -1,
      725, 728, 773, -1,
      735, 773, 728, -1,
      740, 723, 735, -1,
      724, 775, 776, -1,
      728, 727, 734, -1,
      775, 724, 721, -1,
      726, 723, 740, -1,
      337, 336, 732, -1,
      739, 686, 736, -1,
      740, 735, 734, -1,
      740, 686, 685, -1,
      727, 776, 777, -1,
      734, 736, 686, -1,
      776, 727, 724, -1,
      336, 726, 732, -1,
      730, 290, 337, -1,
      739, 736, 737, -1,
      726, 740, 685, -1,
      733, 685, 687, -1,
      736, 777, 737, -1,
      687, 686, 739, -1,
      777, 736, 727, -1,
      337, 732, 730, -1,
      290, 730, 729, -1,
      778, 731, 733, -1,
      732, 685, 733, -1,
      733, 687, 778, -1,
      779, 778, 687, -1,
      687, 739, 779, -1,
      738, 779, 739, -1,
      780, 781, 29, -1,
      782, 783, 784, -1,
      781, 785, 26, -1,
      786, 787, 788, -1,
      789, 790, 791, -1,
      788, 792, 793, -1,
      794, 795, 693, -1,
      27, 785, 796, -1,
      790, 797, 791, -1,
      792, 797, 798, -1,
      799, 800, 801, -1,
      802, 794, 790, -1,
      803, 804, 805, -1,
      801, 796, 805, -1,
      800, 690, 692, -1,
      799, 690, 800, -1,
      806, 807, 787, -1,
      44, 692, 46, -1,
      808, 780, 85, -1,
      796, 34, 28, -1,
      808, 86, 809, -1,
      810, 807, 811, -1,
      812, 809, 90, -1,
      810, 813, 814, -1,
      83, 780, 29, -1,
      815, 782, 814, -1,
      816, 817, 100, -1,
      817, 812, 96, -1,
      818, 816, 107, -1,
      784, 819, 820, -1,
      92, 812, 90, -1,
      821, 822, 820, -1,
      823, 822, 824, -1,
      825, 826, 827, -1,
      828, 829, 121, -1,
      830, 831, 832, -1,
      126, 833, 834, -1,
      835, 836, 837, -1,
      831, 838, 839, -1,
      840, 731, 836, -1,
      729, 840, 841, -1,
      778, 779, 837, -1,
      836, 778, 837, -1,
      738, 842, 779, -1,
      731, 840, 729, -1,
      841, 62, 63, -1,
      63, 729, 841, -1,
      835, 838, 843, -1,
      844, 845, 64, -1,
      844, 35, 846, -1,
      125, 847, 833, -1,
      128, 845, 847, -1,
      826, 848, 849, -1,
      849, 850, 832, -1,
      851, 828, 120, -1,
      834, 851, 127, -1,
      852, 853, 823, -1,
      854, 827, 853, -1,
      113, 829, 818, -1,
      35, 62, 846, -1,
      110, 818, 107, -1,
      846, 62, 841, -1,
      840, 855, 841, -1,
      837, 779, 842, -1,
      731, 778, 836, -1,
      836, 835, 843, -1,
      856, 837, 842, -1,
      846, 841, 855, -1,
      64, 35, 844, -1,
      836, 843, 840, -1,
      855, 840, 843, -1,
      830, 846, 855, -1,
      835, 837, 856, -1,
      843, 838, 831, -1,
      857, 835, 856, -1,
      844, 846, 830, -1,
      128, 64, 845, -1,
      843, 831, 855, -1,
      830, 855, 831, -1,
      850, 844, 830, -1,
      838, 835, 857, -1,
      831, 839, 832, -1,
      858, 838, 857, -1,
      845, 844, 850, -1,
      125, 128, 847, -1,
      832, 839, 859, -1,
      850, 830, 832, -1,
      848, 845, 850, -1,
      839, 838, 858, -1,
      832, 859, 849, -1,
      860, 839, 858, -1,
      847, 845, 848, -1,
      126, 125, 833, -1,
      849, 859, 861, -1,
      848, 850, 849, -1,
      825, 847, 848, -1,
      859, 839, 860, -1,
      849, 861, 826, -1,
      862, 859, 860, -1,
      833, 847, 825, -1,
      127, 126, 834, -1,
      826, 861, 863, -1,
      825, 848, 826, -1,
      854, 833, 825, -1,
      861, 859, 862, -1,
      826, 863, 827, -1,
      864, 861, 862, -1,
      834, 833, 854, -1,
      120, 127, 851, -1,
      827, 863, 865, -1,
      854, 825, 827, -1,
      852, 834, 854, -1,
      863, 861, 864, -1,
      827, 865, 853, -1,
      866, 863, 864, -1,
      851, 834, 852, -1,
      121, 120, 828, -1,
      867, 868, 865, -1,
      852, 854, 853, -1,
      824, 851, 852, -1,
      865, 863, 866, -1,
      853, 868, 823, -1,
      867, 865, 866, -1,
      828, 851, 824, -1,
      113, 121, 829, -1,
      869, 870, 868, -1,
      824, 852, 823, -1,
      821, 828, 824, -1,
      853, 865, 868, -1,
      823, 870, 822, -1,
      867, 869, 868, -1,
      829, 828, 821, -1,
      110, 113, 818, -1,
      871, 872, 870, -1,
      821, 824, 822, -1,
      819, 829, 821, -1,
      823, 868, 870, -1,
      822, 872, 820, -1,
      869, 871, 870, -1,
      818, 829, 819, -1,
      100, 107, 816, -1,
      873, 874, 872, -1,
      819, 821, 820, -1,
      783, 818, 819, -1,
      822, 870, 872, -1,
      820, 874, 784, -1,
      871, 873, 872, -1,
      816, 818, 783, -1,
      96, 100, 817, -1,
      875, 876, 874, -1,
      783, 819, 784, -1,
      815, 816, 783, -1,
      820, 872, 874, -1,
      784, 876, 782, -1,
      873, 875, 874, -1,
      817, 816, 815, -1,
      92, 96, 812, -1,
      877, 878, 876, -1,
      815, 783, 782, -1,
      813, 817, 815, -1,
      784, 874, 876, -1,
      782, 878, 814, -1,
      875, 877, 876, -1,
      812, 817, 813, -1,
      86, 90, 809, -1,
      879, 880, 878, -1,
      813, 815, 814, -1,
      811, 812, 813, -1,
      782, 876, 878, -1,
      814, 880, 810, -1,
      877, 879, 878, -1,
      809, 812, 811, -1,
      85, 86, 808, -1,
      881, 882, 880, -1,
      811, 813, 810, -1,
      806, 809, 811, -1,
      814, 878, 880, -1,
      810, 882, 807, -1,
      879, 881, 880, -1,
      808, 809, 806, -1,
      83, 85, 780, -1,
      883, 884, 882, -1,
      806, 811, 807, -1,
      786, 808, 806, -1,
      810, 880, 882, -1,
      807, 884, 787, -1,
      881, 883, 882, -1,
      780, 808, 786, -1,
      26, 29, 781, -1,
      885, 886, 884, -1,
      786, 806, 787, -1,
      793, 780, 786, -1,
      807, 882, 884, -1,
      787, 886, 788, -1,
      883, 885, 884, -1,
      781, 780, 793, -1,
      27, 26, 785, -1,
      887, 888, 886, -1,
      793, 786, 788, -1,
      798, 781, 793, -1,
      787, 884, 886, -1,
      788, 888, 792, -1,
      885, 887, 886, -1,
      785, 781, 798, -1,
      28, 27, 796, -1,
      889, 791, 888, -1,
      798, 793, 792, -1,
      798, 890, 785, -1,
      788, 886, 888, -1,
      792, 791, 797, -1,
      887, 889, 888, -1,
      796, 785, 890, -1,
      801, 45, 34, -1,
      797, 803, 890, -1,
      890, 798, 797, -1,
      805, 890, 803, -1,
      792, 888, 791, -1,
      797, 790, 803, -1,
      889, 789, 791, -1,
      34, 796, 801, -1,
      45, 800, 44, -1,
      693, 688, 794, -1,
      796, 890, 805, -1,
      805, 804, 799, -1,
      794, 803, 790, -1,
      804, 803, 794, -1,
      789, 802, 790, -1,
      45, 801, 800, -1,
      44, 800, 692, -1,
      689, 690, 799, -1,
      801, 805, 799, -1,
      799, 804, 689, -1,
      688, 689, 804, -1,
      688, 804, 794, -1,
      802, 795, 794, -1,
      891, 892, 893, -1,
      891, 893, 894, -1,
      895, 896, 897, -1,
      898, 899, 900, -1,
      901, 902, 903, -1,
      904, 905, 906, -1,
      907, 908, 909, -1,
      910, 911, 912, -1,
      913, 914, 915, -1,
      916, 917, 918, -1,
      918, 919, 916, -1,
      920, 917, 921, -1,
      917, 920, 918, -1,
      922, 923, 921, -1,
      920, 921, 923, -1,
      924, 923, 922, -1,
      919, 912, 911, -1,
      916, 919, 911, -1,
      913, 910, 914, -1,
      910, 912, 914, -1,
      904, 906, 915, -1,
      906, 913, 915, -1,
      909, 908, 905, -1,
      909, 905, 904, -1,
      907, 899, 898, -1,
      907, 898, 908, -1,
      900, 902, 901, -1,
      899, 902, 900, -1,
      895, 903, 896, -1,
      901, 903, 895, -1,
      925, 926, 927, -1,
      928, 929, 930, -1,
      931, 932, 933, -1,
      934, 935, 936, -1,
      937, 938, 939, -1,
      939, 932, 937, -1,
      932, 939, 933, -1,
      937, 940, 938, -1,
      925, 929, 926, -1,
      931, 934, 936, -1,
      934, 931, 933, -1,
      935, 925, 927, -1,
      936, 935, 927, -1,
      929, 928, 926, -1,
      941, 942, 943, -1,
      944, 945, 943, -1,
      943, 942, 944, -1,
      946, 945, 947, -1,
      944, 947, 945, -1,
      948, 946, 947, -1,
      949, 942, 941, -1,
      949, 950, 951, -1,
      950, 949, 941, -1,
      952, 940, 951, -1,
      951, 950, 952, -1,
      952, 938, 940, -1,
      948, 953, 954, -1,
      948, 954, 946, -1,
      955, 954, 953, -1,
      956, 957, 958, -1,
      959, 960, 961, -1,
      962, 963, 964, -1,
      965, 966, 967, -1,
      968, 969, 970, -1,
      971, 972, 973, -1,
      974, 975, 976, -1,
      977, 978, 979, -1,
      974, 980, 981, -1,
      981, 975, 974, -1,
      982, 980, 983, -1,
      980, 982, 981, -1,
      984, 985, 983, -1,
      982, 983, 985, -1,
      986, 985, 984, -1,
      979, 976, 977, -1,
      975, 977, 976, -1,
      969, 978, 970, -1,
      979, 978, 969, -1,
      971, 968, 972, -1,
      968, 970, 972, -1,
      962, 964, 973, -1,
      964, 971, 973, -1,
      967, 966, 963, -1,
      967, 963, 962, -1,
      965, 957, 956, -1,
      965, 956, 966, -1,
      958, 960, 959, -1,
      957, 960, 958, -1,
      955, 961, 954, -1,
      959, 961, 955, -1,
      905, 640, 645, -1,
      913, 649, 654, -1,
      645, 649, 906, -1,
      911, 654, 657, -1,
      523, 917, 539, -1,
      657, 539, 916, -1,
      921, 523, 421, -1,
      422, 987, 421, -1,
      987, 922, 421, -1,
      988, 989, 434, -1,
      422, 425, 990, -1,
      991, 425, 430, -1,
      989, 991, 430, -1,
      992, 434, 438, -1,
      993, 446, 994, -1,
      995, 992, 438, -1,
      984, 996, 474, -1,
      997, 453, 998, -1,
      465, 470, 996, -1,
      984, 474, 478, -1,
      998, 458, 996, -1,
      458, 461, 996, -1,
      994, 449, 999, -1,
      997, 999, 449, -1,
      995, 442, 1000, -1,
      446, 993, 1000, -1,
      632, 895, 628, -1,
      640, 908, 898, -1,
      390, 393, 984, -1,
      984, 393, 986, -1,
      636, 898, 900, -1,
      499, 391, 984, -1,
      984, 391, 390, -1,
      491, 496, 984, -1,
      984, 496, 499, -1,
      482, 487, 984, -1,
      984, 487, 491, -1,
      984, 478, 482, -1,
      474, 996, 470, -1,
      461, 465, 996, -1,
      998, 453, 458, -1,
      997, 449, 453, -1,
      994, 446, 449, -1,
      1000, 442, 446, -1,
      995, 438, 442, -1,
      992, 988, 434, -1,
      989, 430, 434, -1,
      425, 991, 990, -1,
      990, 987, 422, -1,
      922, 921, 421, -1,
      921, 917, 523, -1,
      917, 916, 539, -1,
      916, 911, 657, -1,
      910, 913, 654, -1,
      654, 911, 910, -1,
      913, 906, 649, -1,
      906, 905, 645, -1,
      905, 908, 640, -1,
      898, 636, 640, -1,
      636, 901, 632, -1,
      901, 636, 900, -1,
      897, 619, 623, -1,
      632, 901, 895, -1,
      897, 623, 628, -1,
      895, 897, 628, -1,
      897, 611, 616, -1,
      619, 897, 616, -1,
      607, 611, 986, -1,
      897, 986, 611, -1,
      600, 604, 986, -1,
      986, 604, 607, -1,
      592, 596, 986, -1,
      986, 596, 600, -1,
      583, 588, 986, -1,
      986, 588, 592, -1,
      393, 578, 986, -1,
      986, 578, 583, -1,
      987, 924, 922, -1,
      989, 1001, 991, -1,
      990, 1002, 1003, -1,
      1004, 992, 995, -1,
      1005, 988, 1006, -1,
      993, 994, 1007, -1,
      1000, 1008, 1009, -1,
      999, 997, 1010, -1,
      1010, 1011, 999, -1,
      1012, 997, 998, -1,
      997, 1012, 1010, -1,
      996, 1013, 998, -1,
      1012, 998, 1013, -1,
      1014, 1013, 996, -1,
      1011, 1007, 994, -1,
      999, 1011, 994, -1,
      1000, 993, 1008, -1,
      993, 1007, 1008, -1,
      1004, 995, 1009, -1,
      995, 1000, 1009, -1,
      1006, 988, 992, -1,
      1006, 992, 1004, -1,
      1005, 1001, 989, -1,
      1005, 989, 988, -1,
      991, 1002, 990, -1,
      1001, 1002, 991, -1,
      987, 1003, 924, -1,
      990, 1003, 987, -1,
      904, 772, 770, -1,
      914, 775, 774, -1,
      772, 915, 774, -1,
      918, 776, 919, -1,
      920, 737, 777, -1,
      777, 776, 918, -1,
      923, 738, 737, -1,
      1002, 842, 1003, -1,
      924, 1003, 738, -1,
      1006, 858, 1005, -1,
      842, 1002, 856, -1,
      1001, 857, 856, -1,
      857, 1001, 1005, -1,
      1004, 860, 858, -1,
      896, 762, 760, -1,
      1009, 862, 860, -1,
      869, 1014, 871, -1,
      867, 1010, 1012, -1,
      869, 1013, 1014, -1,
      873, 871, 1014, -1,
      867, 1012, 869, -1,
      1013, 869, 1012, -1,
      866, 1011, 1010, -1,
      867, 866, 1010, -1,
      862, 1009, 1008, -1,
      1008, 1007, 864, -1,
      756, 896, 758, -1,
      768, 899, 907, -1,
      770, 907, 909, -1,
      881, 1015, 883, -1,
      1007, 866, 864, -1,
      1011, 866, 1007, -1,
      1008, 864, 862, -1,
      1009, 860, 1004, -1,
      1004, 858, 1006, -1,
      1005, 858, 857, -1,
      856, 1002, 1001, -1,
      842, 738, 1003, -1,
      924, 738, 923, -1,
      923, 737, 920, -1,
      920, 777, 918, -1,
      776, 775, 919, -1,
      912, 775, 914, -1,
      775, 912, 919, -1,
      914, 774, 915, -1,
      915, 772, 904, -1,
      904, 770, 909, -1,
      907, 770, 768, -1,
      768, 766, 902, -1,
      902, 899, 768, -1,
      903, 766, 764, -1,
      766, 903, 902, -1,
      896, 764, 762, -1,
      903, 764, 896, -1,
      742, 1016, 744, -1,
      760, 758, 896, -1,
      754, 1016, 756, -1,
      896, 756, 1016, -1,
      750, 1016, 752, -1,
      1016, 754, 752, -1,
      746, 1016, 748, -1,
      1016, 750, 748, -1,
      1016, 746, 744, -1,
      1016, 694, 693, -1,
      742, 694, 1016, -1,
      1015, 1016, 693, -1,
      802, 1015, 795, -1,
      1015, 693, 795, -1,
      889, 1015, 789, -1,
      1015, 802, 789, -1,
      885, 1015, 887, -1,
      1015, 889, 887, -1,
      881, 879, 1015, -1,
      1015, 885, 883, -1,
      877, 1014, 879, -1,
      1015, 879, 1014, -1,
      873, 1014, 875, -1,
      1014, 877, 875, -1,
      1017, 1018, 1019, -1,
      1020, 1021, 1022, -1,
      1023, 1024, 1025, -1,
      1026, 1027, 1028, -1,
      1029, 1030, 1031, -1,
      1032, 1033, 1034, -1,
      1035, 1036, 1037, -1,
      1038, 1039, 1040, -1,
      1039, 1041, 1042, -1,
      1040, 1043, 1044, -1,
      1044, 1038, 1040, -1,
      1045, 1046, 1043, -1,
      1044, 1043, 1046, -1,
      1015, 1045, 1016, -1,
      1045, 1015, 1046, -1,
      1034, 1042, 1041, -1,
      1038, 1041, 1039, -1,
      1032, 1037, 1033, -1,
      1034, 1033, 1042, -1,
      1027, 1036, 1035, -1,
      1035, 1037, 1032, -1,
      1030, 1026, 1028, -1,
      1026, 1036, 1027, -1,
      1029, 1031, 1020, -1,
      1030, 1028, 1031, -1,
      1022, 1021, 1025, -1,
      1029, 1020, 1022, -1,
      1023, 1017, 1024, -1,
      1021, 1023, 1025, -1,
      1019, 1024, 1017, -1,
      19, 1019, 1018, -1,
      19, 18, 1019, -1,
      1047, 9, 8, -1,
      1048, 1049, 1050, -1,
      1051, 1052, 1053, -1,
      1054, 1055, 1056, -1,
      1057, 1058, 1059, -1,
      1060, 1061, 1062, -1,
      1061, 1060, 1063, -1,
      1064, 1065, 1062, -1,
      1060, 1062, 1065, -1,
      1066, 1065, 1064, -1,
      1063, 1054, 1056, -1,
      1056, 1061, 1063, -1,
      1059, 1058, 1055, -1,
      1059, 1055, 1054, -1,
      1057, 1049, 1048, -1,
      1057, 1048, 1058, -1,
      1050, 1052, 1051, -1,
      1049, 1052, 1050, -1,
      1047, 1053, 9, -1,
      1051, 1053, 1047, -1,
      1066, 1064, 1067, -1,
      1066, 1067, 1068, -1,
      891, 894, 1069, -1,
      1069, 1070, 891, -1,
      892, 1071, 893, -1,
      1071, 892, 1072, -1,
      1069, 893, 1071, -1,
      1073, 1071, 1074, -1,
      1073, 1075, 1071, -1,
      1071, 1076, 1069, -1,
      893, 1069, 894, -1,
      1075, 1076, 1071, -1,
      1070, 1072, 892, -1,
      1077, 1078, 1072, -1,
      1077, 1072, 1079, -1,
      1072, 1070, 1080, -1,
      892, 891, 1070, -1,
      1079, 1072, 1080, -1,
      930, 1081, 928, -1,
      930, 1082, 1081, -1,
      1083, 1084, 1085, -1,
      939, 1049, 933, -1,
      933, 1059, 934, -1,
      935, 1063, 925, -1,
      1063, 935, 1054, -1,
      929, 925, 1060, -1,
      1063, 1060, 925, -1,
      1066, 929, 1065, -1,
      929, 1060, 1065, -1,
      1086, 1087, 1088, -1,
      930, 929, 1066, -1,
      1087, 1089, 1088, -1,
      1090, 1086, 1091, -1,
      1090, 1087, 1086, -1,
      1092, 1091, 1093, -1,
      1086, 1093, 1091, -1,
      1093, 1094, 1092, -1,
      1095, 1096, 1097, -1,
      1098, 1085, 1099, -1,
      962, 973, 1036, -1,
      1098, 1099, 1095, -1,
      1097, 1096, 1094, -1,
      1097, 1094, 1093, -1,
      1095, 1099, 1096, -1,
      1052, 939, 1053, -1,
      1083, 1085, 1098, -1,
      1084, 1082, 1068, -1,
      1083, 1082, 1084, -1,
      1082, 930, 1068, -1,
      933, 1049, 1057, -1,
      1068, 930, 1066, -1,
      1059, 1054, 934, -1,
      1054, 935, 934, -1,
      1057, 1059, 933, -1,
      1052, 1049, 939, -1,
      939, 938, 1053, -1,
      1053, 938, 9, -1,
      952, 5, 10, -1,
      943, 14, 941, -1,
      6, 950, 941, -1,
      946, 1019, 18, -1,
      16, 943, 945, -1,
      1045, 1043, 985, -1,
      1040, 975, 981, -1,
      985, 986, 1045, -1,
      1016, 1045, 986, -1,
      985, 1043, 982, -1,
      981, 1043, 1040, -1,
      981, 982, 1043, -1,
      1039, 977, 975, -1,
      1042, 1033, 978, -1,
      977, 1042, 978, -1,
      972, 1037, 973, -1,
      1033, 972, 970, -1,
      1030, 965, 967, -1,
      962, 1026, 967, -1,
      897, 1016, 986, -1,
      896, 1016, 897, -1,
      961, 960, 1025, -1,
      18, 945, 946, -1,
      950, 6, 2, -1,
      1024, 1019, 954, -1,
      965, 1029, 957, -1,
      957, 1022, 960, -1,
      1039, 975, 1040, -1,
      1042, 977, 1039, -1,
      970, 978, 1033, -1,
      1037, 972, 1033, -1,
      1036, 973, 1037, -1,
      1026, 962, 1036, -1,
      1030, 967, 1026, -1,
      1029, 965, 1030, -1,
      1022, 957, 1029, -1,
      1025, 960, 1022, -1,
      961, 1024, 954, -1,
      1025, 1024, 961, -1,
      954, 1019, 946, -1,
      14, 943, 16, -1,
      18, 16, 945, -1,
      13, 6, 941, -1,
      941, 14, 13, -1,
      952, 2, 4, -1,
      2, 952, 950, -1,
      10, 938, 952, -1,
      4, 5, 952, -1,
      938, 10, 9, -1,
      1100, 1101, 1102, -1,
      928, 1081, 1067, -1,
      1100, 1103, 1104, -1,
      1104, 1101, 1100, -1,
      1105, 1104, 1106, -1,
      1103, 1106, 1104, -1,
      1105, 1106, 1107, -1,
      1108, 1109, 1110, -1,
      1107, 1111, 1105, -1,
      1112, 1113, 1114, -1,
      951, 7, 3, -1,
      1109, 1112, 1110, -1,
      1028, 963, 966, -1,
      1115, 1108, 1116, -1,
      1113, 1111, 1114, -1,
      1113, 1105, 1111, -1,
      1112, 1114, 1110, -1,
      1115, 1109, 1108, -1,
      1115, 1116, 1081, -1,
      1116, 1067, 1081, -1,
      1055, 936, 1056, -1,
      936, 1055, 931, -1,
      1050, 937, 932, -1,
      931, 1058, 932, -1,
      8, 7, 940, -1,
      1051, 1047, 937, -1,
      0, 11, 949, -1,
      951, 0, 949, -1,
      944, 942, 15, -1,
      11, 942, 949, -1,
      19, 948, 947, -1,
      17, 19, 947, -1,
      1046, 983, 1044, -1,
      1038, 974, 976, -1,
      983, 1046, 984, -1,
      1015, 984, 1046, -1,
      983, 980, 1044, -1,
      974, 1038, 1044, -1,
      974, 1044, 980, -1,
      1041, 976, 979, -1,
      1034, 969, 1032, -1,
      979, 969, 1034, -1,
      971, 964, 1035, -1,
      1032, 968, 971, -1,
      956, 1031, 966, -1,
      1027, 964, 963, -1,
      996, 984, 1015, -1,
      1014, 996, 1015, -1,
      955, 1023, 959, -1,
      1018, 948, 19, -1,
      944, 17, 947, -1,
      1017, 953, 1018, -1,
      956, 958, 1020, -1,
      958, 959, 1021, -1,
      1041, 1038, 976, -1,
      1034, 1041, 979, -1,
      968, 1032, 969, -1,
      1035, 1032, 971, -1,
      1027, 1035, 964, -1,
      1028, 1027, 963, -1,
      1031, 1028, 966, -1,
      1020, 1031, 956, -1,
      1021, 1020, 958, -1,
      1023, 1021, 959, -1,
      955, 953, 1017, -1,
      1023, 955, 1017, -1,
      953, 948, 1018, -1,
      15, 17, 944, -1,
      12, 942, 11, -1,
      12, 15, 942, -1,
      1, 0, 951, -1,
      951, 940, 7, -1,
      951, 3, 1, -1,
      937, 1047, 940, -1,
      1047, 8, 940, -1,
      1050, 1051, 937, -1,
      1058, 1048, 932, -1,
      932, 1048, 1050, -1,
      931, 1055, 1058, -1,
      936, 927, 1056, -1,
      1061, 927, 926, -1,
      927, 1061, 1056, -1,
      1062, 926, 1064, -1,
      1062, 1061, 926, -1,
      1064, 926, 928, -1,
      928, 1067, 1064, -1,
      1116, 1068, 1067, -1,
      1114, 1099, 1110, -1,
      1108, 1085, 1084, -1,
      1092, 1107, 1106, -1,
      1096, 1111, 1094, -1,
      1090, 1103, 1100, -1,
      1103, 1090, 1091, -1,
      1102, 1087, 1100, -1,
      1090, 1100, 1087, -1,
      1089, 1087, 1102, -1,
      1091, 1092, 1106, -1,
      1106, 1103, 1091, -1,
      1094, 1111, 1107, -1,
      1094, 1107, 1092, -1,
      1096, 1099, 1114, -1,
      1096, 1114, 1111, -1,
      1110, 1085, 1108, -1,
      1099, 1085, 1110, -1,
      1116, 1084, 1068, -1,
      1108, 1084, 1116, -1,
      1080, 1070, 1069, -1,
      1079, 1076, 1075, -1,
      1076, 1080, 1069, -1,
      1079, 1080, 1076, -1,
      1071, 1078, 1074, -1,
      1072, 1078, 1071, -1,
      1077, 1074, 1078, -1,
      1074, 1077, 1073, -1,
      1117, 1073, 1118, -1,
      1073, 1117, 1075, -1,
      1117, 1118, 1119, -1,
      1119, 1120, 1117, -1,
      1120, 1119, 1077, -1,
      1077, 1079, 1120, -1,
      1121, 1122, 1123, -1,
      1122, 1121, 1124, -1,
      1089, 1121, 1123, -1,
      1089, 1123, 1088, -1,
      1115, 1081, 1082, -1,
      1113, 1112, 1095, -1,
      1109, 1083, 1098, -1,
      1086, 1104, 1093, -1,
      1097, 1093, 1105, -1,
      1101, 1086, 1088, -1,
      1086, 1101, 1104, -1,
      1113, 1097, 1105, -1,
      1093, 1104, 1105, -1,
      1095, 1112, 1098, -1,
      1097, 1113, 1095, -1,
      1109, 1115, 1083, -1,
      1112, 1109, 1098, -1,
      1082, 1083, 1115, -1,
      1125, 1101, 1126, -1,
      1101, 1125, 1102, -1,
      1125, 1127, 1128, -1,
      1125, 1126, 1127, -1,
      1129, 1122, 1124, -1,
      1124, 1130, 1129, -1,
      1131, 1132, 1133, -1,
      1126, 1129, 1127, -1,
      1101, 1088, 1118, -1,
      1131, 1133, 1134, -1,
      1119, 1123, 1122, -1,
      1131, 1134, 1135, -1,
      1136, 1137, 1131, -1,
      1136, 1131, 1135, -1,
      1138, 1139, 1131, -1,
      1138, 1131, 1137, -1,
      1131, 1140, 1129, -1,
      1140, 1131, 1139, -1,
      1129, 1141, 1142, -1,
      1140, 1141, 1129, -1,
      1143, 1144, 1127, -1,
      1142, 1143, 1129, -1,
      1145, 1146, 1127, -1,
      1127, 1147, 1148, -1,
      1149, 1150, 1127, -1,
      1151, 1127, 1150, -1,
      1127, 1152, 1145, -1,
      1146, 1149, 1127, -1,
      1152, 1127, 1148, -1,
      1144, 1147, 1127, -1,
      1127, 1129, 1143, -1,
      1101, 1118, 1073, -1,
      1119, 1118, 1088, -1,
      1123, 1119, 1088, -1,
      1122, 1077, 1119, -1,
      1073, 1126, 1101, -1,
      1126, 1073, 1129, -1,
      1122, 1129, 1077, -1,
      1073, 1077, 1129, -1,
      1102, 1075, 1117, -1,
      1124, 1120, 1079, -1,
      1075, 1130, 1079, -1,
      1125, 1128, 1130, -1,
      1079, 1130, 1124, -1,
      1153, 1154, 1155, -1,
      1156, 1153, 1157, -1,
      1158, 1154, 1153, -1,
      1153, 1159, 1160, -1,
      1158, 1153, 1160, -1,
      1161, 1157, 1153, -1,
      1159, 1153, 1156, -1,
      1153, 1130, 1162, -1,
      1162, 1161, 1153, -1,
      1130, 1163, 1164, -1,
      1162, 1130, 1164, -1,
      1128, 1165, 1130, -1,
      1163, 1130, 1165, -1,
      1166, 1167, 1128, -1,
      1128, 1167, 1165, -1,
      1168, 1169, 1128, -1,
      1128, 1169, 1166, -1,
      1170, 1171, 1128, -1,
      1128, 1171, 1168, -1,
      1172, 1173, 1128, -1,
      1128, 1173, 1170, -1,
      1128, 1174, 1172, -1,
      1075, 1102, 1125, -1,
      1102, 1117, 1089, -1,
      1125, 1130, 1075, -1,
      1120, 1121, 1089, -1,
      1120, 1124, 1121, -1,
      1117, 1120, 1089, -1,
      1130, 1131, 1129, -1,
      1131, 1130, 1153, -1,
      1151, 1128, 1127, -1,
      1146, 1173, 1149, -1,
      1150, 1172, 1174, -1,
      1168, 1152, 1148, -1,
      1170, 1145, 1171, -1,
      1166, 1144, 1167, -1,
      1147, 1166, 1169, -1,
      1165, 1167, 1143, -1,
      1144, 1143, 1167, -1,
      1142, 1163, 1165, -1,
      1165, 1143, 1142, -1,
      1148, 1147, 1169, -1,
      1147, 1144, 1166, -1,
      1171, 1152, 1168, -1,
      1168, 1148, 1169, -1,
      1170, 1146, 1145, -1,
      1171, 1145, 1152, -1,
      1173, 1172, 1149, -1,
      1170, 1173, 1146, -1,
      1150, 1174, 1151, -1,
      1149, 1172, 1150, -1,
      1128, 1151, 1174, -1,
      1135, 1160, 1159, -1,
      1136, 1159, 1156, -1,
      1159, 1136, 1135, -1,
      1160, 1134, 1158, -1,
      1134, 1160, 1135, -1,
      1133, 1158, 1134, -1,
      1158, 1133, 1154, -1,
      1132, 1155, 1154, -1,
      1154, 1133, 1132, -1,
      1131, 1153, 1155, -1,
      1132, 1131, 1155, -1,
      1137, 1136, 1156, -1,
      1137, 1157, 1138, -1,
      1157, 1137, 1156, -1,
      1139, 1138, 1161, -1,
      1157, 1161, 1138, -1,
      1162, 1140, 1139, -1,
      1139, 1161, 1162, -1,
      1140, 1164, 1141, -1,
      1164, 1140, 1162, -1,
      1164, 1163, 1141, -1,
      1141, 1163, 1142, -1,
      1175, 1176, 1177, -1,
      1176, 1178, 1177, -1,
      1179, 1178, 1180, -1,
      1176, 1180, 1178, -1,
      1181, 1179, 1182, -1,
      1179, 1180, 1182, -1,
      1175, 1177, 1183, -1,
      1184, 1181, 1182, -1,
      1184, 1185, 1181, -1,
      1175, 1183, 1186, -1,
      1187, 1186, 1188, -1,
      1183, 1188, 1186, -1,
      1189, 1190, 1187, -1,
      1187, 1188, 1189, -1,
      1190, 1191, 1192, -1,
      1191, 1190, 1189, -1,
      1191, 1193, 1192, -1,
      1192, 1193, 1194, -1,
      1195, 1196, 1197, -1,
      1198, 1199, 1200, -1,
      1201, 1202, 1196, -1,
      1196, 1203, 1197, -1,
      1204, 1196, 1205, -1,
      1206, 1207, 1208, -1,
      1203, 1209, 1197, -1,
      1210, 1211, 1212, -1,
      1213, 1205, 1196, -1,
      1208, 1214, 1215, -1,
      1208, 1207, 1214, -1,
      1216, 1217, 1218, -1,
      1219, 1206, 1220, -1,
      1221, 1207, 1219, -1,
      1206, 1219, 1207, -1,
      1216, 1222, 1223, -1,
      1205, 1218, 1217, -1,
      1205, 1213, 1224, -1,
      1216, 1218, 1222, -1,
      1225, 1226, 1227, -1,
      1228, 1223, 1222, -1,
      1229, 1218, 1224, -1,
      1230, 1199, 1231, -1,
      1222, 1229, 1232, -1,
      1233, 1234, 1235, -1,
      1236, 1237, 1212, -1,
      1236, 1238, 1237, -1,
      1210, 1239, 1211, -1,
      1240, 1212, 1241, -1,
      1242, 1243, 1244, -1,
      1245, 1243, 1240, -1,
      1246, 1247, 1233, -1,
      1248, 1249, 1244, -1,
      1198, 1250, 1251, -1,
      1252, 1253, 1233, -1,
      1250, 1200, 1254, -1,
      1255, 1248, 1226, -1,
      1228, 1232, 1254, -1,
      1209, 1206, 1197, -1,
      1206, 1209, 1220, -1,
      1256, 1257, 1215, -1,
      1196, 1202, 1203, -1,
      1208, 1195, 1197, -1,
      1196, 1195, 1213, -1,
      1258, 1204, 1205, -1,
      1196, 1204, 1201, -1,
      1206, 1208, 1197, -1,
      1256, 1215, 1214, -1,
      1195, 1215, 1259, -1,
      1259, 1224, 1213, -1,
      1260, 1258, 1217, -1,
      1205, 1217, 1258, -1,
      1205, 1224, 1218, -1,
      1261, 1260, 1217, -1,
      1208, 1215, 1195, -1,
      1262, 1257, 1256, -1,
      1263, 1257, 1262, -1,
      1195, 1259, 1213, -1,
      1259, 1257, 1264, -1,
      1261, 1217, 1216, -1,
      1224, 1264, 1229, -1,
      1229, 1222, 1218, -1,
      1265, 1216, 1266, -1,
      1261, 1216, 1265, -1,
      1266, 1216, 1223, -1,
      1267, 1265, 1266, -1,
      1215, 1257, 1259, -1,
      1268, 1263, 1262, -1,
      1268, 1269, 1263, -1,
      1259, 1264, 1224, -1,
      1270, 1264, 1263, -1,
      1230, 1231, 1266, -1,
      1270, 1232, 1229, -1,
      1232, 1228, 1222, -1,
      1223, 1230, 1266, -1,
      1271, 1267, 1266, -1,
      1257, 1263, 1264, -1,
      1272, 1269, 1268, -1,
      1272, 1227, 1269, -1,
      1264, 1270, 1229, -1,
      1270, 1269, 1273, -1,
      1274, 1231, 1199, -1,
      1273, 1254, 1232, -1,
      1200, 1228, 1254, -1,
      1231, 1271, 1266, -1,
      1223, 1228, 1230, -1,
      1230, 1200, 1199, -1,
      1275, 1271, 1231, -1,
      1263, 1269, 1270, -1,
      1225, 1227, 1272, -1,
      1276, 1277, 1278, -1,
      1270, 1273, 1232, -1,
      1273, 1227, 1279, -1,
      1228, 1200, 1230, -1,
      1279, 1250, 1254, -1,
      1274, 1280, 1281, -1,
      1250, 1198, 1200, -1,
      1231, 1274, 1275, -1,
      1199, 1198, 1280, -1,
      1282, 1275, 1274, -1,
      1269, 1227, 1273, -1,
      1255, 1226, 1225, -1,
      1253, 1280, 1198, -1,
      1273, 1279, 1254, -1,
      1226, 1283, 1279, -1,
      1284, 1281, 1252, -1,
      1251, 1250, 1283, -1,
      1199, 1280, 1274, -1,
      1251, 1253, 1198, -1,
      1274, 1281, 1282, -1,
      1280, 1253, 1252, -1,
      1285, 1282, 1281, -1,
      1227, 1226, 1279, -1,
      1286, 1248, 1255, -1,
      1253, 1251, 1246, -1,
      1279, 1283, 1250, -1,
      1287, 1283, 1248, -1,
      1233, 1247, 1234, -1,
      1246, 1251, 1287, -1,
      1280, 1252, 1281, -1,
      1253, 1246, 1233, -1,
      1281, 1284, 1285, -1,
      1235, 1284, 1252, -1,
      1288, 1285, 1284, -1,
      1226, 1248, 1283, -1,
      1286, 1249, 1248, -1,
      1289, 1290, 1278, -1,
      1283, 1287, 1251, -1,
      1287, 1244, 1291, -1,
      1278, 1290, 1234, -1,
      1247, 1246, 1291, -1,
      1288, 1292, 1293, -1,
      1284, 1235, 1292, -1,
      1252, 1233, 1235, -1,
      1292, 1235, 1290, -1,
      1288, 1284, 1292, -1,
      1248, 1244, 1287, -1,
      1249, 1242, 1244, -1,
      1234, 1247, 1294, -1,
      1287, 1291, 1246, -1,
      1243, 1245, 1291, -1,
      1294, 1276, 1278, -1,
      1294, 1247, 1245, -1,
      1293, 1289, 1295, -1,
      1292, 1290, 1293, -1,
      1235, 1234, 1290, -1,
      1293, 1290, 1289, -1,
      1288, 1293, 1296, -1,
      1244, 1243, 1291, -1,
      1242, 1297, 1243, -1,
      1241, 1276, 1294, -1,
      1291, 1245, 1247, -1,
      1245, 1241, 1294, -1,
      1298, 1289, 1277, -1,
      1295, 1289, 1298, -1,
      1234, 1294, 1278, -1,
      1289, 1278, 1277, -1,
      1295, 1296, 1293, -1,
      1243, 1297, 1240, -1,
      1236, 1240, 1297, -1,
      1211, 1299, 1276, -1,
      1245, 1240, 1241, -1,
      1241, 1211, 1276, -1,
      1277, 1299, 1300, -1,
      1277, 1276, 1299, -1,
      1298, 1301, 1302, -1,
      1301, 1298, 1277, -1,
      1295, 1298, 1302, -1,
      1236, 1212, 1240, -1,
      1237, 1210, 1212, -1,
      1239, 1303, 1299, -1,
      1241, 1212, 1211, -1,
      1239, 1299, 1211, -1,
      1300, 1299, 1303, -1,
      1300, 1301, 1277, -1,
      1304, 1305, 1306, -1,
      1305, 1307, 1308, -1,
      1309, 1304, 1306, -1,
      1310, 1307, 1305, -1,
      1311, 1310, 1305, -1,
      1307, 1312, 1313, -1,
      1314, 1315, 1313, -1,
      1315, 1316, 1317, -1,
      1315, 1307, 1313, -1,
      1317, 1316, 1318, -1,
      1314, 1316, 1315, -1,
      1306, 1308, 1319, -1,
      1320, 1309, 1306, -1,
      1321, 1322, 1320, -1,
      1323, 1324, 1325, -1,
      1326, 1327, 1328, -1,
      1329, 1319, 1328, -1,
      1330, 1321, 1331, -1,
      1331, 1332, 1333, -1,
      1334, 1335, 1336, -1,
      1337, 1326, 1338, -1,
      1339, 1340, 1325, -1,
      1341, 1332, 1324, -1,
      1339, 1342, 1343, -1,
      1337, 1344, 1345, -1,
      1343, 1344, 1346, -1,
      1347, 1345, 1343, -1,
      1346, 1348, 1339, -1,
      1349, 1350, 1346, -1,
      1351, 1352, 1350, -1,
      1352, 1348, 1350, -1,
      1305, 1304, 1311, -1,
      1310, 1312, 1307, -1,
      1353, 1315, 1354, -1,
      1307, 1353, 1308, -1,
      1317, 1354, 1315, -1,
      1355, 1309, 1320, -1,
      1322, 1355, 1320, -1,
      1356, 1357, 1353, -1,
      1306, 1305, 1308, -1,
      1307, 1315, 1353, -1,
      1308, 1357, 1319, -1,
      1354, 1356, 1353, -1,
      1306, 1329, 1320, -1,
      1330, 1322, 1321, -1,
      1358, 1359, 1357, -1,
      1329, 1306, 1319, -1,
      1327, 1320, 1329, -1,
      1308, 1353, 1357, -1,
      1319, 1359, 1328, -1,
      1356, 1358, 1357, -1,
      1321, 1320, 1327, -1,
      1333, 1330, 1331, -1,
      1360, 1338, 1359, -1,
      1327, 1329, 1328, -1,
      1361, 1321, 1327, -1,
      1319, 1357, 1359, -1,
      1328, 1338, 1326, -1,
      1358, 1360, 1359, -1,
      1331, 1321, 1361, -1,
      1341, 1333, 1332, -1,
      1362, 1337, 1338, -1,
      1361, 1327, 1326, -1,
      1331, 1361, 1347, -1,
      1328, 1359, 1338, -1,
      1326, 1337, 1345, -1,
      1360, 1362, 1338, -1,
      1332, 1331, 1347, -1,
      1363, 1341, 1324, -1,
      1326, 1345, 1361, -1,
      1347, 1361, 1345, -1,
      1347, 1342, 1332, -1,
      1344, 1337, 1364, -1,
      1345, 1344, 1343, -1,
      1362, 1364, 1337, -1,
      1324, 1332, 1342, -1,
      1323, 1363, 1324, -1,
      1365, 1336, 1340, -1,
      1342, 1347, 1343, -1,
      1342, 1325, 1324, -1,
      1346, 1344, 1366, -1,
      1339, 1343, 1346, -1,
      1364, 1366, 1344, -1,
      1335, 1323, 1325, -1,
      1365, 1334, 1336, -1,
      1342, 1339, 1325, -1,
      1336, 1325, 1340, -1,
      1348, 1367, 1340, -1,
      1348, 1340, 1339, -1,
      1366, 1349, 1346, -1,
      1365, 1340, 1368, -1,
      1335, 1325, 1336, -1,
      1368, 1340, 1367, -1,
      1367, 1348, 1369, -1,
      1352, 1369, 1348, -1,
      1350, 1348, 1346, -1,
      1370, 1371, 1372, -1,
      1373, 1374, 1375, -1,
      1370, 1376, 1377, -1,
      1378, 1371, 1379, -1,
      1380, 1381, 1382, -1,
      1380, 1377, 1383, -1,
      1381, 1384, 1382, -1,
      1350, 1384, 1351, -1,
      1385, 1379, 1382, -1,
      1364, 1386, 1387, -1,
      1385, 1387, 1388, -1,
      1373, 1378, 1388, -1,
      1389, 1390, 1391, -1,
      1392, 1375, 1393, -1,
      1386, 1362, 1394, -1,
      1395, 1396, 1393, -1,
      1360, 1397, 1394, -1,
      1398, 1397, 1358, -1,
      1393, 1396, 1392, -1,
      1395, 1399, 1400, -1,
      1400, 1401, 1402, -1,
      1398, 1356, 1403, -1,
      1402, 1404, 1405, -1,
      1405, 1404, 1406, -1,
      1402, 1401, 1404, -1,
      1407, 1408, 1409, -1,
      1407, 1406, 1404, -1,
      1408, 1317, 1410, -1,
      1408, 1410, 1409, -1,
      1410, 1317, 1318, -1,
      1404, 1408, 1407, -1,
      1317, 1408, 1354, -1,
      1356, 1354, 1403, -1,
      1377, 1380, 1382, -1,
      1354, 1408, 1403, -1,
      1403, 1404, 1401, -1,
      1411, 1402, 1412, -1,
      1405, 1412, 1402, -1,
      1408, 1404, 1403, -1,
      1358, 1356, 1398, -1,
      1396, 1400, 1413, -1,
      1411, 1400, 1402, -1,
      1398, 1401, 1399, -1,
      1400, 1396, 1395, -1,
      1414, 1396, 1413, -1,
      1400, 1411, 1413, -1,
      1403, 1401, 1398, -1,
      1360, 1358, 1397, -1,
      1401, 1400, 1399, -1,
      1415, 1397, 1399, -1,
      1415, 1395, 1393, -1,
      1416, 1396, 1414, -1,
      1398, 1399, 1397, -1,
      1362, 1360, 1394, -1,
      1392, 1417, 1375, -1,
      1399, 1395, 1415, -1,
      1418, 1394, 1415, -1,
      1396, 1416, 1392, -1,
      1393, 1375, 1418, -1,
      1419, 1392, 1416, -1,
      1397, 1415, 1394, -1,
      1364, 1362, 1386, -1,
      1420, 1389, 1417, -1,
      1415, 1393, 1418, -1,
      1374, 1386, 1418, -1,
      1392, 1419, 1417, -1,
      1417, 1373, 1375, -1,
      1420, 1417, 1419, -1,
      1394, 1418, 1386, -1,
      1366, 1364, 1387, -1,
      1391, 1378, 1389, -1,
      1418, 1375, 1374, -1,
      1374, 1388, 1387, -1,
      1417, 1389, 1373, -1,
      1389, 1378, 1373, -1,
      1420, 1390, 1389, -1,
      1386, 1374, 1387, -1,
      1349, 1366, 1385, -1,
      1391, 1421, 1371, -1,
      1374, 1373, 1388, -1,
      1379, 1388, 1378, -1,
      1391, 1371, 1378, -1,
      1390, 1422, 1391, -1,
      1366, 1387, 1385, -1,
      1350, 1349, 1385, -1,
      1370, 1377, 1371, -1,
      1388, 1379, 1385, -1,
      1379, 1371, 1377, -1,
      1421, 1372, 1371, -1,
      1422, 1421, 1391, -1,
      1385, 1382, 1350, -1,
      1384, 1350, 1382, -1,
      1376, 1383, 1377, -1,
      1379, 1377, 1382, -1,
      1376, 1370, 1423, -1,
      1372, 1423, 1370, -1,
      1424, 1425, 1426, -1,
      1427, 1428, 1429, -1,
      1207, 1221, 1425, -1,
      1430, 1424, 1426, -1,
      1431, 1432, 1433, -1,
      1432, 1430, 1433, -1,
      1433, 1430, 1426, -1,
      1434, 1435, 1436, -1,
      1437, 1438, 1439, -1,
      1440, 1441, 1442, -1,
      1429, 1443, 1444, -1,
      1441, 1439, 1428, -1,
      1445, 1446, 1447, -1,
      1448, 1449, 1450, -1,
      1447, 1451, 1452, -1,
      1452, 1453, 1454, -1,
      1455, 1456, 1453, -1,
      1451, 1457, 1455, -1,
      1458, 1457, 1459, -1,
      1460, 1461, 1462, -1,
      1297, 1458, 1236, -1,
      1452, 1463, 1445, -1,
      1458, 1464, 1236, -1,
      1450, 1463, 1454, -1,
      1465, 1238, 1236, -1,
      1449, 1466, 1443, -1,
      1467, 1448, 1454, -1,
      1468, 1469, 1470, -1,
      1471, 1466, 1448, -1,
      1427, 1472, 1441, -1,
      1468, 1473, 1469, -1,
      1436, 1428, 1439, -1,
      1474, 1432, 1440, -1,
      1434, 1439, 1438, -1,
      1437, 1432, 1431, -1,
      1424, 1430, 1475, -1,
      1432, 1437, 1439, -1,
      1475, 1207, 1424, -1,
      1430, 1474, 1475, -1,
      1207, 1425, 1424, -1,
      1439, 1440, 1432, -1,
      1441, 1428, 1427, -1,
      1441, 1440, 1439, -1,
      1476, 1214, 1475, -1,
      1432, 1474, 1430, -1,
      1474, 1442, 1476, -1,
      1207, 1475, 1214, -1,
      1434, 1436, 1439, -1,
      1435, 1477, 1473, -1,
      1478, 1479, 1480, -1,
      1481, 1482, 1470, -1,
      1473, 1436, 1435, -1,
      1427, 1429, 1444, -1,
      1429, 1428, 1436, -1,
      1256, 1476, 1483, -1,
      1474, 1476, 1475, -1,
      1440, 1442, 1474, -1,
      1442, 1472, 1483, -1,
      1214, 1476, 1256, -1,
      1484, 1436, 1473, -1,
      1477, 1469, 1473, -1,
      1444, 1485, 1427, -1,
      1484, 1429, 1436, -1,
      1484, 1473, 1486, -1,
      1472, 1487, 1483, -1,
      1443, 1429, 1484, -1,
      1262, 1483, 1487, -1,
      1442, 1483, 1476, -1,
      1441, 1472, 1442, -1,
      1472, 1485, 1487, -1,
      1256, 1483, 1262, -1,
      1468, 1486, 1473, -1,
      1481, 1470, 1469, -1,
      1466, 1488, 1444, -1,
      1486, 1443, 1484, -1,
      1486, 1468, 1489, -1,
      1485, 1490, 1487, -1,
      1449, 1443, 1486, -1,
      1466, 1444, 1443, -1,
      1490, 1268, 1487, -1,
      1427, 1485, 1472, -1,
      1485, 1488, 1490, -1,
      1262, 1487, 1268, -1,
      1470, 1489, 1468, -1,
      1491, 1482, 1481, -1,
      1489, 1449, 1486, -1,
      1489, 1470, 1492, -1,
      1488, 1493, 1490, -1,
      1449, 1489, 1450, -1,
      1448, 1466, 1449, -1,
      1493, 1272, 1490, -1,
      1444, 1488, 1485, -1,
      1488, 1471, 1493, -1,
      1268, 1490, 1272, -1,
      1482, 1492, 1470, -1,
      1479, 1478, 1491, -1,
      1446, 1460, 1462, -1,
      1492, 1450, 1489, -1,
      1492, 1482, 1494, -1,
      1471, 1495, 1493, -1,
      1492, 1463, 1450, -1,
      1454, 1448, 1450, -1,
      1495, 1225, 1493, -1,
      1466, 1471, 1488, -1,
      1471, 1467, 1495, -1,
      1272, 1493, 1225, -1,
      1482, 1478, 1494, -1,
      1491, 1478, 1482, -1,
      1480, 1479, 1496, -1,
      1494, 1463, 1492, -1,
      1478, 1497, 1494, -1,
      1467, 1456, 1495, -1,
      1445, 1463, 1494, -1,
      1452, 1454, 1463, -1,
      1456, 1255, 1495, -1,
      1448, 1467, 1471, -1,
      1467, 1453, 1456, -1,
      1225, 1495, 1255, -1,
      1480, 1497, 1478, -1,
      1498, 1496, 1479, -1,
      1460, 1499, 1500, -1,
      1497, 1445, 1494, -1,
      1497, 1480, 1501, -1,
      1447, 1462, 1459, -1,
      1497, 1446, 1445, -1,
      1452, 1445, 1447, -1,
      1456, 1249, 1286, -1,
      1454, 1453, 1467, -1,
      1453, 1451, 1455, -1,
      1255, 1456, 1286, -1,
      1496, 1501, 1480, -1,
      1496, 1502, 1499, -1,
      1502, 1503, 1504, -1,
      1501, 1446, 1497, -1,
      1499, 1501, 1496, -1,
      1505, 1506, 1461, -1,
      1446, 1501, 1460, -1,
      1446, 1462, 1447, -1,
      1455, 1242, 1249, -1,
      1452, 1451, 1453, -1,
      1451, 1459, 1457, -1,
      1249, 1456, 1455, -1,
      1498, 1502, 1496, -1,
      1504, 1503, 1507, -1,
      1501, 1499, 1460, -1,
      1502, 1504, 1499, -1,
      1500, 1461, 1460, -1,
      1459, 1462, 1506, -1,
      1457, 1297, 1242, -1,
      1447, 1459, 1451, -1,
      1506, 1458, 1459, -1,
      1242, 1455, 1457, -1,
      1500, 1504, 1507, -1,
      1504, 1500, 1499, -1,
      1507, 1508, 1500, -1,
      1508, 1509, 1500, -1,
      1500, 1509, 1461, -1,
      1462, 1461, 1506, -1,
      1461, 1509, 1505, -1,
      1464, 1458, 1506, -1,
      1505, 1464, 1506, -1,
      1297, 1457, 1458, -1,
      1508, 1510, 1509, -1,
      1510, 1511, 1509, -1,
      1509, 1511, 1505, -1,
      1511, 1512, 1505, -1,
      1512, 1465, 1464, -1,
      1512, 1464, 1505, -1,
      1236, 1464, 1465, -1,
      1513, 1514, 1515, -1,
      1516, 1517, 1518, -1,
      1519, 1368, 1520, -1,
      1318, 1521, 1515, -1,
      1521, 1318, 1316, -1,
      1522, 1314, 1523, -1,
      1523, 1314, 1313, -1,
      1524, 1525, 1526, -1,
      1310, 1527, 1528, -1,
      1355, 1529, 1309, -1,
      1530, 1531, 1532, -1,
      1531, 1533, 1534, -1,
      1535, 1309, 1529, -1,
      1536, 1537, 1330, -1,
      1538, 1539, 1540, -1,
      1541, 1363, 1542, -1,
      1543, 1544, 1545, -1,
      1546, 1547, 1548, -1,
      1368, 1519, 1365, -1,
      1549, 1550, 1551, -1,
      1367, 1520, 1368, -1,
      1552, 1553, 1554, -1,
      1550, 1555, 1554, -1,
      1556, 1557, 1520, -1,
      1558, 1557, 1559, -1,
      1560, 1561, 1562, -1,
      1556, 1562, 1563, -1,
      1352, 1351, 1560, -1,
      1560, 1562, 1352, -1,
      1564, 1565, 1566, -1,
      1565, 1567, 1568, -1,
      1569, 1564, 1551, -1,
      1547, 1570, 1571, -1,
      1552, 1555, 1548, -1,
      1572, 1571, 1573, -1,
      1574, 1572, 1575, -1,
      1323, 1576, 1542, -1,
      1577, 1341, 1541, -1,
      1544, 1574, 1578, -1,
      1579, 1580, 1543, -1,
      1334, 1581, 1335, -1,
      1537, 1582, 1322, -1,
      1583, 1540, 1580, -1,
      1539, 1584, 1533, -1,
      1536, 1330, 1333, -1,
      1524, 1530, 1585, -1,
      1535, 1586, 1304, -1,
      1526, 1587, 1516, -1,
      1312, 1528, 1588, -1,
      1522, 1521, 1316, -1,
      1304, 1586, 1311, -1,
      1514, 1518, 1589, -1,
      1589, 1518, 1590, -1,
      1591, 1589, 1590, -1,
      1592, 1591, 1590, -1,
      1592, 1593, 1594, -1,
      1594, 1593, 1595, -1,
      1596, 1595, 1597, -1,
      1521, 1513, 1515, -1,
      1314, 1522, 1316, -1,
      1517, 1598, 1590, -1,
      1513, 1518, 1514, -1,
      1588, 1313, 1312, -1,
      1592, 1599, 1593, -1,
      1516, 1518, 1513, -1,
      1517, 1590, 1518, -1,
      1593, 1600, 1597, -1,
      1591, 1592, 1594, -1,
      1592, 1598, 1599, -1,
      1597, 1595, 1593, -1,
      1521, 1601, 1513, -1,
      1601, 1521, 1522, -1,
      1587, 1602, 1517, -1,
      1601, 1516, 1513, -1,
      1603, 1601, 1522, -1,
      1598, 1604, 1599, -1,
      1526, 1516, 1601, -1,
      1587, 1517, 1516, -1,
      1599, 1605, 1600, -1,
      1590, 1598, 1592, -1,
      1598, 1602, 1604, -1,
      1600, 1593, 1599, -1,
      1523, 1603, 1522, -1,
      1528, 1312, 1310, -1,
      1525, 1606, 1587, -1,
      1603, 1526, 1601, -1,
      1603, 1523, 1607, -1,
      1602, 1608, 1604, -1,
      1524, 1526, 1603, -1,
      1525, 1587, 1526, -1,
      1604, 1609, 1605, -1,
      1517, 1602, 1598, -1,
      1602, 1606, 1608, -1,
      1605, 1599, 1604, -1,
      1523, 1588, 1607, -1,
      1588, 1523, 1313, -1,
      1585, 1610, 1525, -1,
      1607, 1524, 1603, -1,
      1611, 1607, 1588, -1,
      1606, 1612, 1608, -1,
      1530, 1524, 1607, -1,
      1585, 1525, 1524, -1,
      1608, 1613, 1609, -1,
      1587, 1606, 1602, -1,
      1606, 1610, 1612, -1,
      1609, 1604, 1608, -1,
      1528, 1611, 1588, -1,
      1311, 1527, 1310, -1,
      1532, 1614, 1585, -1,
      1611, 1530, 1607, -1,
      1615, 1611, 1528, -1,
      1610, 1616, 1612, -1,
      1531, 1530, 1611, -1,
      1532, 1585, 1530, -1,
      1612, 1617, 1613, -1,
      1525, 1610, 1606, -1,
      1610, 1614, 1616, -1,
      1613, 1608, 1612, -1,
      1615, 1528, 1527, -1,
      1535, 1304, 1309, -1,
      1534, 1618, 1532, -1,
      1615, 1531, 1611, -1,
      1619, 1615, 1527, -1,
      1614, 1620, 1616, -1,
      1533, 1531, 1615, -1,
      1534, 1532, 1531, -1,
      1616, 1621, 1617, -1,
      1585, 1614, 1610, -1,
      1614, 1618, 1620, -1,
      1617, 1612, 1616, -1,
      1527, 1586, 1619, -1,
      1586, 1527, 1311, -1,
      1584, 1622, 1534, -1,
      1619, 1533, 1615, -1,
      1582, 1355, 1322, -1,
      1618, 1623, 1620, -1,
      1539, 1533, 1619, -1,
      1584, 1534, 1533, -1,
      1620, 1624, 1621, -1,
      1532, 1618, 1614, -1,
      1618, 1622, 1623, -1,
      1621, 1616, 1620, -1,
      1586, 1625, 1619, -1,
      1625, 1586, 1535, -1,
      1538, 1626, 1584, -1,
      1625, 1539, 1619, -1,
      1537, 1322, 1330, -1,
      1622, 1627, 1623, -1,
      1540, 1539, 1625, -1,
      1538, 1584, 1539, -1,
      1623, 1628, 1624, -1,
      1534, 1622, 1618, -1,
      1622, 1626, 1627, -1,
      1624, 1620, 1623, -1,
      1535, 1629, 1625, -1,
      1529, 1629, 1535, -1,
      1583, 1630, 1538, -1,
      1629, 1540, 1625, -1,
      1631, 1629, 1529, -1,
      1626, 1632, 1627, -1,
      1580, 1540, 1629, -1,
      1583, 1538, 1540, -1,
      1627, 1633, 1628, -1,
      1584, 1626, 1622, -1,
      1626, 1630, 1632, -1,
      1628, 1623, 1627, -1,
      1529, 1582, 1631, -1,
      1582, 1529, 1355, -1,
      1579, 1634, 1583, -1,
      1631, 1580, 1629, -1,
      1577, 1333, 1341, -1,
      1630, 1635, 1632, -1,
      1543, 1580, 1631, -1,
      1579, 1583, 1580, -1,
      1632, 1636, 1633, -1,
      1538, 1630, 1626, -1,
      1630, 1634, 1635, -1,
      1633, 1627, 1632, -1,
      1582, 1637, 1631, -1,
      1637, 1582, 1537, -1,
      1545, 1638, 1579, -1,
      1637, 1543, 1631, -1,
      1541, 1341, 1363, -1,
      1634, 1639, 1635, -1,
      1544, 1543, 1637, -1,
      1545, 1579, 1543, -1,
      1635, 1640, 1636, -1,
      1583, 1634, 1630, -1,
      1634, 1638, 1639, -1,
      1636, 1632, 1635, -1,
      1537, 1641, 1637, -1,
      1536, 1641, 1537, -1,
      1578, 1642, 1545, -1,
      1641, 1544, 1637, -1,
      1643, 1641, 1536, -1,
      1638, 1644, 1639, -1,
      1574, 1544, 1641, -1,
      1578, 1545, 1544, -1,
      1639, 1645, 1640, -1,
      1579, 1638, 1634, -1,
      1638, 1642, 1644, -1,
      1640, 1635, 1639, -1,
      1536, 1577, 1643, -1,
      1577, 1536, 1333, -1,
      1575, 1646, 1578, -1,
      1643, 1574, 1641, -1,
      1643, 1577, 1647, -1,
      1642, 1648, 1644, -1,
      1572, 1574, 1643, -1,
      1575, 1578, 1574, -1,
      1644, 1649, 1645, -1,
      1545, 1642, 1638, -1,
      1642, 1646, 1648, -1,
      1645, 1639, 1644, -1,
      1541, 1647, 1577, -1,
      1323, 1542, 1363, -1,
      1573, 1650, 1575, -1,
      1647, 1572, 1643, -1,
      1647, 1541, 1651, -1,
      1646, 1652, 1648, -1,
      1571, 1572, 1647, -1,
      1573, 1575, 1572, -1,
      1648, 1653, 1649, -1,
      1578, 1646, 1642, -1,
      1646, 1650, 1652, -1,
      1649, 1644, 1648, -1,
      1542, 1651, 1541, -1,
      1335, 1576, 1323, -1,
      1570, 1654, 1573, -1,
      1651, 1571, 1647, -1,
      1655, 1334, 1365, -1,
      1650, 1656, 1652, -1,
      1547, 1571, 1651, -1,
      1570, 1573, 1571, -1,
      1652, 1657, 1653, -1,
      1575, 1650, 1646, -1,
      1650, 1654, 1656, -1,
      1653, 1648, 1652, -1,
      1542, 1658, 1651, -1,
      1658, 1542, 1576, -1,
      1546, 1659, 1570, -1,
      1658, 1547, 1651, -1,
      1660, 1658, 1576, -1,
      1654, 1661, 1656, -1,
      1548, 1547, 1658, -1,
      1546, 1570, 1547, -1,
      1656, 1662, 1657, -1,
      1573, 1654, 1650, -1,
      1654, 1659, 1661, -1,
      1657, 1652, 1656, -1,
      1576, 1581, 1660, -1,
      1581, 1576, 1335, -1,
      1555, 1663, 1546, -1,
      1660, 1548, 1658, -1,
      1581, 1664, 1660, -1,
      1659, 1665, 1661, -1,
      1548, 1660, 1552, -1,
      1555, 1546, 1548, -1,
      1661, 1666, 1662, -1,
      1570, 1659, 1654, -1,
      1659, 1663, 1665, -1,
      1662, 1656, 1661, -1,
      1581, 1655, 1664, -1,
      1655, 1581, 1334, -1,
      1667, 1668, 1669, -1,
      1664, 1552, 1660, -1,
      1670, 1664, 1655, -1,
      1663, 1549, 1665, -1,
      1664, 1553, 1552, -1,
      1554, 1555, 1552, -1,
      1665, 1671, 1666, -1,
      1546, 1663, 1659, -1,
      1663, 1550, 1549, -1,
      1666, 1661, 1665, -1,
      1655, 1519, 1670, -1,
      1519, 1655, 1365, -1,
      1553, 1672, 1667, -1,
      1670, 1553, 1664, -1,
      1519, 1673, 1670, -1,
      1554, 1667, 1569, -1,
      1553, 1670, 1672, -1,
      1554, 1553, 1667, -1,
      1549, 1674, 1671, -1,
      1555, 1550, 1663, -1,
      1550, 1569, 1551, -1,
      1671, 1665, 1549, -1,
      1520, 1673, 1519, -1,
      1369, 1556, 1367, -1,
      1558, 1672, 1673, -1,
      1673, 1672, 1670, -1,
      1673, 1557, 1558, -1,
      1668, 1667, 1672, -1,
      1672, 1558, 1668, -1,
      1569, 1667, 1669, -1,
      1551, 1566, 1674, -1,
      1554, 1569, 1550, -1,
      1569, 1669, 1564, -1,
      1674, 1549, 1551, -1,
      1367, 1556, 1520, -1,
      1369, 1352, 1562, -1,
      1668, 1558, 1675, -1,
      1520, 1557, 1673, -1,
      1557, 1563, 1559, -1,
      1669, 1668, 1676, -1,
      1558, 1559, 1675, -1,
      1677, 1568, 1567, -1,
      1668, 1675, 1676, -1,
      1567, 1564, 1669, -1,
      1676, 1567, 1669, -1,
      1566, 1551, 1564, -1,
      1369, 1562, 1556, -1,
      1556, 1563, 1557, -1,
      1561, 1678, 1563, -1,
      1562, 1561, 1563, -1,
      1678, 1679, 1559, -1,
      1563, 1678, 1559, -1,
      1679, 1680, 1675, -1,
      1559, 1679, 1675, -1,
      1680, 1677, 1676, -1,
      1675, 1680, 1676, -1,
      1677, 1567, 1676, -1,
      1565, 1564, 1567, -1,
      1681, 1682, 1683, -1,
      1684, 1685, 1686, -1,
      1687, 1688, 1413, -1,
      1689, 1690, 1683, -1,
      1405, 1406, 1691, -1,
      1692, 1693, 1689, -1,
      1688, 1694, 1414, -1,
      1695, 1692, 1696, -1,
      1697, 1416, 1694, -1,
      1698, 1699, 1596, -1,
      1407, 1700, 1406, -1,
      1701, 1702, 1703, -1,
      1703, 1704, 1705, -1,
      1702, 1706, 1707, -1,
      1708, 1709, 1696, -1,
      1710, 1711, 1707, -1,
      1705, 1698, 1712, -1,
      1710, 1706, 1708, -1,
      1713, 1714, 1715, -1,
      1716, 1700, 1714, -1,
      1717, 1718, 1716, -1,
      1515, 1514, 1715, -1,
      1410, 1515, 1715, -1,
      1719, 1682, 1720, -1,
      1410, 1318, 1515, -1,
      1719, 1721, 1722, -1,
      1412, 1723, 1411, -1,
      1724, 1722, 1725, -1,
      1726, 1727, 1420, -1,
      1728, 1729, 1724, -1,
      1390, 1727, 1730, -1,
      1729, 1731, 1732, -1,
      1420, 1419, 1726, -1,
      1733, 1732, 1734, -1,
      1735, 1736, 1421, -1,
      1737, 1738, 1733, -1,
      1372, 1736, 1739, -1,
      1738, 1740, 1741, -1,
      1421, 1422, 1735, -1,
      1742, 1741, 1743, -1,
      1744, 1745, 1376, -1,
      1746, 1686, 1742, -1,
      1383, 1745, 1747, -1,
      1748, 1381, 1749, -1,
      1747, 1749, 1380, -1,
      1750, 1679, 1751, -1,
      1685, 1678, 1561, -1,
      1751, 1679, 1678, -1,
      1752, 1677, 1680, -1,
      1678, 1685, 1751, -1,
      1752, 1680, 1750, -1,
      1568, 1677, 1753, -1,
      1685, 1561, 1754, -1,
      1560, 1351, 1755, -1,
      1560, 1754, 1561, -1,
      1560, 1755, 1754, -1,
      1691, 1406, 1700, -1,
      1384, 1755, 1351, -1,
      1381, 1748, 1384, -1,
      1380, 1749, 1381, -1,
      1384, 1748, 1755, -1,
      1684, 1756, 1751, -1,
      1747, 1380, 1383, -1,
      1750, 1757, 1752, -1,
      1686, 1685, 1754, -1,
      1684, 1751, 1685, -1,
      1752, 1758, 1753, -1,
      1679, 1750, 1680, -1,
      1750, 1756, 1757, -1,
      1753, 1677, 1752, -1,
      1755, 1759, 1754, -1,
      1759, 1755, 1748, -1,
      1746, 1760, 1684, -1,
      1759, 1686, 1754, -1,
      1761, 1759, 1748, -1,
      1756, 1762, 1757, -1,
      1742, 1686, 1759, -1,
      1746, 1684, 1686, -1,
      1757, 1763, 1758, -1,
      1751, 1756, 1750, -1,
      1756, 1760, 1762, -1,
      1758, 1752, 1757, -1,
      1749, 1761, 1748, -1,
      1745, 1383, 1376, -1,
      1743, 1764, 1746, -1,
      1761, 1742, 1759, -1,
      1372, 1739, 1423, -1,
      1760, 1765, 1762, -1,
      1741, 1742, 1761, -1,
      1743, 1746, 1742, -1,
      1762, 1766, 1763, -1,
      1684, 1760, 1756, -1,
      1760, 1764, 1765, -1,
      1763, 1757, 1762, -1,
      1749, 1747, 1767, -1,
      1749, 1767, 1761, -1,
      1740, 1768, 1743, -1,
      1767, 1741, 1761, -1,
      1769, 1767, 1747, -1,
      1764, 1770, 1765, -1,
      1738, 1741, 1767, -1,
      1740, 1743, 1741, -1,
      1765, 1771, 1766, -1,
      1746, 1764, 1760, -1,
      1764, 1768, 1770, -1,
      1766, 1762, 1765, -1,
      1745, 1769, 1747, -1,
      1423, 1744, 1376, -1,
      1737, 1772, 1740, -1,
      1769, 1738, 1767, -1,
      1773, 1769, 1745, -1,
      1768, 1774, 1770, -1,
      1733, 1738, 1769, -1,
      1737, 1740, 1738, -1,
      1770, 1775, 1771, -1,
      1743, 1768, 1764, -1,
      1768, 1772, 1774, -1,
      1771, 1765, 1770, -1,
      1773, 1745, 1744, -1,
      1736, 1372, 1421, -1,
      1734, 1776, 1737, -1,
      1773, 1733, 1769, -1,
      1777, 1773, 1744, -1,
      1772, 1778, 1774, -1,
      1732, 1733, 1773, -1,
      1734, 1737, 1733, -1,
      1774, 1779, 1775, -1,
      1740, 1772, 1768, -1,
      1772, 1776, 1778, -1,
      1775, 1770, 1774, -1,
      1744, 1739, 1777, -1,
      1739, 1744, 1423, -1,
      1731, 1780, 1734, -1,
      1777, 1732, 1773, -1,
      1730, 1422, 1390, -1,
      1776, 1781, 1778, -1,
      1729, 1732, 1777, -1,
      1731, 1734, 1732, -1,
      1778, 1782, 1779, -1,
      1737, 1776, 1772, -1,
      1776, 1780, 1781, -1,
      1779, 1774, 1778, -1,
      1739, 1783, 1777, -1,
      1783, 1739, 1736, -1,
      1728, 1784, 1731, -1,
      1783, 1729, 1777, -1,
      1727, 1390, 1420, -1,
      1780, 1785, 1781, -1,
      1724, 1729, 1783, -1,
      1728, 1731, 1729, -1,
      1781, 1786, 1782, -1,
      1734, 1780, 1776, -1,
      1780, 1784, 1785, -1,
      1782, 1778, 1781, -1,
      1736, 1787, 1783, -1,
      1735, 1787, 1736, -1,
      1725, 1788, 1728, -1,
      1787, 1724, 1783, -1,
      1789, 1787, 1735, -1,
      1784, 1790, 1785, -1,
      1722, 1724, 1787, -1,
      1725, 1728, 1724, -1,
      1785, 1791, 1786, -1,
      1731, 1784, 1780, -1,
      1784, 1788, 1790, -1,
      1786, 1781, 1785, -1,
      1735, 1730, 1789, -1,
      1730, 1735, 1422, -1,
      1721, 1792, 1725, -1,
      1789, 1722, 1787, -1,
      1697, 1419, 1416, -1,
      1788, 1793, 1790, -1,
      1719, 1722, 1789, -1,
      1721, 1725, 1722, -1,
      1790, 1794, 1791, -1,
      1728, 1788, 1784, -1,
      1788, 1792, 1793, -1,
      1791, 1785, 1790, -1,
      1730, 1795, 1789, -1,
      1795, 1730, 1727, -1,
      1720, 1796, 1721, -1,
      1795, 1719, 1789, -1,
      1694, 1416, 1414, -1,
      1792, 1797, 1793, -1,
      1682, 1719, 1795, -1,
      1720, 1721, 1719, -1,
      1793, 1798, 1794, -1,
      1725, 1792, 1788, -1,
      1792, 1796, 1797, -1,
      1794, 1790, 1793, -1,
      1727, 1799, 1795, -1,
      1726, 1799, 1727, -1,
      1681, 1800, 1720, -1,
      1799, 1682, 1795, -1,
      1801, 1799, 1726, -1,
      1796, 1802, 1797, -1,
      1683, 1682, 1799, -1,
      1681, 1720, 1682, -1,
      1797, 1803, 1798, -1,
      1721, 1796, 1792, -1,
      1796, 1800, 1802, -1,
      1798, 1793, 1797, -1,
      1726, 1697, 1801, -1,
      1697, 1726, 1419, -1,
      1690, 1804, 1681, -1,
      1801, 1683, 1799, -1,
      1801, 1697, 1805, -1,
      1800, 1806, 1802, -1,
      1689, 1683, 1801, -1,
      1690, 1681, 1683, -1,
      1802, 1807, 1803, -1,
      1720, 1800, 1796, -1,
      1800, 1804, 1806, -1,
      1803, 1797, 1802, -1,
      1694, 1805, 1697, -1,
      1413, 1688, 1414, -1,
      1693, 1808, 1690, -1,
      1805, 1689, 1801, -1,
      1805, 1694, 1809, -1,
      1804, 1810, 1806, -1,
      1692, 1689, 1805, -1,
      1693, 1690, 1689, -1,
      1806, 1811, 1807, -1,
      1681, 1804, 1800, -1,
      1804, 1808, 1810, -1,
      1807, 1802, 1806, -1,
      1688, 1809, 1694, -1,
      1411, 1687, 1413, -1,
      1695, 1812, 1693, -1,
      1809, 1692, 1805, -1,
      1813, 1412, 1405, -1,
      1808, 1814, 1810, -1,
      1696, 1692, 1809, -1,
      1695, 1693, 1692, -1,
      1810, 1815, 1811, -1,
      1690, 1808, 1804, -1,
      1808, 1812, 1814, -1,
      1811, 1806, 1810, -1,
      1688, 1816, 1809, -1,
      1816, 1688, 1687, -1,
      1709, 1817, 1695, -1,
      1816, 1696, 1809, -1,
      1818, 1816, 1687, -1,
      1812, 1819, 1814, -1,
      1708, 1696, 1816, -1,
      1709, 1695, 1696, -1,
      1814, 1820, 1815, -1,
      1693, 1812, 1808, -1,
      1812, 1817, 1819, -1,
      1815, 1810, 1814, -1,
      1687, 1723, 1818, -1,
      1723, 1687, 1411, -1,
      1706, 1821, 1709, -1,
      1818, 1708, 1816, -1,
      1723, 1822, 1818, -1,
      1817, 1823, 1819, -1,
      1708, 1818, 1710, -1,
      1706, 1709, 1708, -1,
      1819, 1824, 1820, -1,
      1695, 1817, 1812, -1,
      1817, 1821, 1823, -1,
      1820, 1814, 1819, -1,
      1723, 1813, 1822, -1,
      1813, 1723, 1412, -1,
      1825, 1826, 1827, -1,
      1822, 1710, 1818, -1,
      1828, 1822, 1813, -1,
      1821, 1701, 1823, -1,
      1822, 1711, 1710, -1,
      1707, 1706, 1710, -1,
      1823, 1829, 1824, -1,
      1709, 1821, 1817, -1,
      1821, 1702, 1701, -1,
      1824, 1819, 1823, -1,
      1813, 1691, 1828, -1,
      1691, 1813, 1405, -1,
      1711, 1830, 1825, -1,
      1828, 1711, 1822, -1,
      1691, 1831, 1828, -1,
      1707, 1825, 1704, -1,
      1711, 1828, 1830, -1,
      1707, 1711, 1825, -1,
      1701, 1832, 1829, -1,
      1706, 1702, 1821, -1,
      1702, 1704, 1703, -1,
      1829, 1823, 1701, -1,
      1700, 1831, 1691, -1,
      1409, 1714, 1407, -1,
      1718, 1830, 1831, -1,
      1831, 1830, 1828, -1,
      1831, 1716, 1718, -1,
      1826, 1825, 1830, -1,
      1830, 1718, 1826, -1,
      1704, 1825, 1827, -1,
      1703, 1712, 1832, -1,
      1707, 1704, 1702, -1,
      1704, 1827, 1705, -1,
      1832, 1701, 1703, -1,
      1407, 1714, 1700, -1,
      1409, 1410, 1715, -1,
      1826, 1718, 1833, -1,
      1700, 1716, 1831, -1,
      1716, 1713, 1717, -1,
      1827, 1826, 1834, -1,
      1718, 1717, 1833, -1,
      1595, 1596, 1699, -1,
      1826, 1833, 1834, -1,
      1699, 1705, 1827, -1,
      1834, 1699, 1827, -1,
      1712, 1703, 1705, -1,
      1409, 1715, 1714, -1,
      1714, 1713, 1716, -1,
      1514, 1589, 1713, -1,
      1715, 1514, 1713, -1,
      1589, 1591, 1717, -1,
      1713, 1589, 1717, -1,
      1591, 1594, 1833, -1,
      1717, 1591, 1833, -1,
      1594, 1595, 1834, -1,
      1833, 1594, 1834, -1,
      1595, 1699, 1834, -1,
      1698, 1705, 1699, -1,
      1835, 1836, 1837, -1,
      1838, 1837, 1839, -1,
      1434, 1840, 1841, -1,
      1842, 1838, 1843, -1,
      1844, 1845, 1846, -1,
      1840, 1438, 1847, -1,
      1844, 1842, 1848, -1,
      1849, 1847, 1437, -1,
      1431, 1850, 1849, -1,
      1850, 1433, 1851, -1,
      1852, 1851, 1426, -1,
      1853, 1854, 1846, -1,
      1855, 1854, 1856, -1,
      1857, 1425, 1221, -1,
      1855, 1858, 1859, -1,
      1860, 1861, 1862, -1,
      1425, 1857, 1852, -1,
      1863, 1859, 1864, -1,
      1859, 1858, 1864, -1,
      1865, 1866, 1867, -1,
      1867, 1857, 1221, -1,
      1868, 1869, 1863, -1,
      1841, 1870, 1435, -1,
      1870, 1871, 1477, -1,
      1872, 1873, 1835, -1,
      1874, 1469, 1871, -1,
      1872, 1875, 1876, -1,
      1874, 1877, 1481, -1,
      1878, 1875, 1879, -1,
      1880, 1491, 1877, -1,
      1881, 1882, 1879, -1,
      1479, 1880, 1883, -1,
      1884, 1885, 1881, -1,
      1883, 1886, 1498, -1,
      1887, 1888, 1884, -1,
      1889, 1502, 1886, -1,
      1890, 1887, 1891, -1,
      1503, 1889, 1892, -1,
      1893, 1894, 1891, -1,
      1892, 1895, 1507, -1,
      1896, 1897, 1893, -1,
      1898, 1508, 1895, -1,
      1896, 1899, 1900, -1,
      1898, 1901, 1510, -1,
      1902, 1903, 1899, -1,
      1904, 1905, 1906, -1,
      1860, 1907, 1901, -1,
      1905, 1907, 1908, -1,
      1905, 1908, 1906, -1,
      1903, 1909, 1910, -1,
      1465, 1904, 1238, -1,
      1902, 1911, 1909, -1,
      1912, 1913, 1914, -1,
      1861, 1915, 1909, -1,
      1857, 1867, 1866, -1,
      1426, 1425, 1852, -1,
      1864, 1858, 1865, -1,
      1866, 1865, 1858, -1,
      1857, 1866, 1916, -1,
      1863, 1869, 1859, -1,
      1855, 1856, 1858, -1,
      1917, 1859, 1869, -1,
      1852, 1857, 1916, -1,
      1433, 1426, 1851, -1,
      1858, 1856, 1866, -1,
      1916, 1866, 1856, -1,
      1918, 1852, 1916, -1,
      1855, 1917, 1919, -1,
      1856, 1854, 1853, -1,
      1917, 1855, 1859, -1,
      1851, 1852, 1918, -1,
      1431, 1433, 1850, -1,
      1856, 1853, 1916, -1,
      1918, 1916, 1853, -1,
      1851, 1918, 1920, -1,
      1854, 1919, 1921, -1,
      1845, 1853, 1846, -1,
      1919, 1854, 1855, -1,
      1850, 1851, 1920, -1,
      1437, 1431, 1849, -1,
      1853, 1845, 1918, -1,
      1920, 1918, 1845, -1,
      1850, 1920, 1922, -1,
      1846, 1854, 1921, -1,
      1844, 1848, 1845, -1,
      1923, 1846, 1921, -1,
      1849, 1850, 1922, -1,
      1438, 1437, 1847, -1,
      1845, 1848, 1920, -1,
      1922, 1920, 1848, -1,
      1924, 1849, 1922, -1,
      1844, 1923, 1925, -1,
      1848, 1842, 1843, -1,
      1923, 1844, 1846, -1,
      1847, 1849, 1924, -1,
      1434, 1438, 1840, -1,
      1848, 1843, 1922, -1,
      1924, 1922, 1843, -1,
      1847, 1924, 1926, -1,
      1842, 1925, 1927, -1,
      1843, 1838, 1839, -1,
      1925, 1842, 1844, -1,
      1840, 1847, 1926, -1,
      1435, 1434, 1841, -1,
      1843, 1839, 1924, -1,
      1926, 1924, 1839, -1,
      1840, 1926, 1928, -1,
      1842, 1927, 1838, -1,
      1837, 1836, 1839, -1,
      1929, 1838, 1927, -1,
      1841, 1840, 1928, -1,
      1477, 1435, 1870, -1,
      1839, 1836, 1926, -1,
      1928, 1926, 1836, -1,
      1930, 1841, 1928, -1,
      1837, 1929, 1931, -1,
      1836, 1835, 1873, -1,
      1929, 1837, 1838, -1,
      1870, 1841, 1930, -1,
      1469, 1477, 1871, -1,
      1836, 1873, 1928, -1,
      1930, 1928, 1873, -1,
      1870, 1930, 1932, -1,
      1835, 1931, 1933, -1,
      1873, 1872, 1876, -1,
      1931, 1835, 1837, -1,
      1871, 1870, 1932, -1,
      1481, 1469, 1874, -1,
      1873, 1876, 1930, -1,
      1932, 1930, 1876, -1,
      1871, 1932, 1934, -1,
      1872, 1933, 1935, -1,
      1876, 1875, 1878, -1,
      1933, 1872, 1835, -1,
      1874, 1871, 1934, -1,
      1491, 1481, 1877, -1,
      1876, 1878, 1932, -1,
      1934, 1932, 1878, -1,
      1936, 1874, 1934, -1,
      1875, 1935, 1937, -1,
      1878, 1879, 1882, -1,
      1935, 1875, 1872, -1,
      1877, 1874, 1936, -1,
      1479, 1491, 1880, -1,
      1878, 1882, 1934, -1,
      1936, 1934, 1882, -1,
      1877, 1936, 1938, -1,
      1879, 1937, 1939, -1,
      1885, 1882, 1881, -1,
      1937, 1879, 1875, -1,
      1880, 1877, 1938, -1,
      1498, 1479, 1883, -1,
      1882, 1885, 1936, -1,
      1938, 1936, 1885, -1,
      1880, 1938, 1940, -1,
      1881, 1879, 1939, -1,
      1884, 1888, 1885, -1,
      1941, 1881, 1939, -1,
      1883, 1880, 1940, -1,
      1502, 1498, 1886, -1,
      1885, 1888, 1938, -1,
      1940, 1938, 1888, -1,
      1942, 1883, 1940, -1,
      1884, 1941, 1943, -1,
      1888, 1887, 1890, -1,
      1941, 1884, 1881, -1,
      1886, 1883, 1942, -1,
      1503, 1502, 1889, -1,
      1888, 1890, 1940, -1,
      1942, 1940, 1890, -1,
      1886, 1942, 1944, -1,
      1884, 1943, 1887, -1,
      1890, 1891, 1894, -1,
      1945, 1887, 1943, -1,
      1889, 1886, 1944, -1,
      1507, 1503, 1892, -1,
      1890, 1894, 1942, -1,
      1944, 1942, 1894, -1,
      1889, 1944, 1946, -1,
      1947, 1891, 1945, -1,
      1894, 1893, 1897, -1,
      1945, 1891, 1887, -1,
      1892, 1889, 1946, -1,
      1508, 1507, 1895, -1,
      1894, 1897, 1944, -1,
      1946, 1944, 1897, -1,
      1892, 1946, 1948, -1,
      1893, 1947, 1949, -1,
      1897, 1896, 1900, -1,
      1947, 1893, 1891, -1,
      1895, 1892, 1948, -1,
      1510, 1508, 1898, -1,
      1897, 1900, 1946, -1,
      1948, 1946, 1900, -1,
      1895, 1948, 1910, -1,
      1893, 1949, 1896, -1,
      1899, 1903, 1900, -1,
      1950, 1896, 1949, -1,
      1898, 1895, 1910, -1,
      1511, 1510, 1901, -1,
      1900, 1903, 1948, -1,
      1910, 1948, 1903, -1,
      1915, 1898, 1910, -1,
      1899, 1950, 1951, -1,
      1903, 1902, 1909, -1,
      1950, 1899, 1896, -1,
      1901, 1898, 1915, -1,
      1512, 1511, 1907, -1,
      1914, 1861, 1911, -1,
      1915, 1910, 1909, -1,
      1915, 1861, 1860, -1,
      1902, 1951, 1952, -1,
      1909, 1911, 1861, -1,
      1951, 1902, 1899, -1,
      1511, 1901, 1907, -1,
      1905, 1465, 1512, -1,
      1914, 1911, 1912, -1,
      1901, 1915, 1860, -1,
      1908, 1860, 1862, -1,
      1911, 1952, 1912, -1,
      1862, 1861, 1914, -1,
      1952, 1911, 1902, -1,
      1512, 1907, 1905, -1,
      1465, 1905, 1904, -1,
      1953, 1906, 1908, -1,
      1907, 1860, 1908, -1,
      1908, 1862, 1953, -1,
      1954, 1953, 1862, -1,
      1862, 1914, 1954, -1,
      1913, 1954, 1914, -1,
      1955, 1956, 1204, -1,
      1957, 1958, 1959, -1,
      1956, 1960, 1201, -1,
      1961, 1962, 1963, -1,
      1964, 1965, 1966, -1,
      1963, 1967, 1968, -1,
      1969, 1970, 1868, -1,
      1202, 1960, 1971, -1,
      1965, 1972, 1966, -1,
      1967, 1972, 1973, -1,
      1974, 1975, 1976, -1,
      1977, 1969, 1965, -1,
      1978, 1979, 1980, -1,
      1976, 1971, 1980, -1,
      1975, 1865, 1867, -1,
      1974, 1865, 1975, -1,
      1981, 1982, 1962, -1,
      1219, 1867, 1221, -1,
      1983, 1955, 1260, -1,
      1971, 1209, 1203, -1,
      1983, 1261, 1984, -1,
      1985, 1982, 1986, -1,
      1987, 1984, 1265, -1,
      1985, 1988, 1989, -1,
      1258, 1955, 1204, -1,
      1990, 1957, 1989, -1,
      1991, 1992, 1275, -1,
      1992, 1987, 1271, -1,
      1993, 1991, 1282, -1,
      1959, 1994, 1995, -1,
      1267, 1987, 1265, -1,
      1996, 1997, 1995, -1,
      1998, 1997, 1999, -1,
      2000, 2001, 2002, -1,
      2003, 2004, 1296, -1,
      2005, 2006, 2007, -1,
      1301, 2008, 2009, -1,
      2010, 2011, 2012, -1,
      2006, 2013, 2014, -1,
      2015, 1906, 2011, -1,
      1904, 2015, 2016, -1,
      1953, 1954, 2012, -1,
      2011, 1953, 2012, -1,
      1913, 2017, 1954, -1,
      1906, 2015, 1904, -1,
      2016, 1237, 1238, -1,
      1238, 1904, 2016, -1,
      2010, 2013, 2018, -1,
      2019, 2020, 1239, -1,
      2019, 1210, 2021, -1,
      1300, 2022, 2008, -1,
      1303, 2020, 2022, -1,
      2001, 2023, 2024, -1,
      2024, 2025, 2007, -1,
      2026, 2003, 1295, -1,
      2009, 2026, 1302, -1,
      2027, 2028, 1998, -1,
      2029, 2002, 2028, -1,
      1288, 2004, 1993, -1,
      1210, 1237, 2021, -1,
      1285, 1993, 1282, -1,
      2021, 1237, 2016, -1,
      2015, 2030, 2016, -1,
      2012, 1954, 2017, -1,
      1906, 1953, 2011, -1,
      2011, 2010, 2018, -1,
      2031, 2012, 2017, -1,
      2021, 2016, 2030, -1,
      1239, 1210, 2019, -1,
      2011, 2018, 2015, -1,
      2030, 2015, 2018, -1,
      2005, 2021, 2030, -1,
      2010, 2012, 2031, -1,
      2018, 2013, 2006, -1,
      2032, 2010, 2031, -1,
      2019, 2021, 2005, -1,
      1303, 1239, 2020, -1,
      2018, 2006, 2030, -1,
      2005, 2030, 2006, -1,
      2025, 2019, 2005, -1,
      2013, 2010, 2032, -1,
      2006, 2014, 2007, -1,
      2033, 2013, 2032, -1,
      2020, 2019, 2025, -1,
      1300, 1303, 2022, -1,
      2007, 2014, 2034, -1,
      2025, 2005, 2007, -1,
      2023, 2020, 2025, -1,
      2014, 2013, 2033, -1,
      2007, 2034, 2024, -1,
      2035, 2014, 2033, -1,
      2022, 2020, 2023, -1,
      1301, 1300, 2008, -1,
      2024, 2034, 2036, -1,
      2023, 2025, 2024, -1,
      2000, 2022, 2023, -1,
      2034, 2014, 2035, -1,
      2024, 2036, 2001, -1,
      2037, 2034, 2035, -1,
      2008, 2022, 2000, -1,
      1302, 1301, 2009, -1,
      2001, 2036, 2038, -1,
      2000, 2023, 2001, -1,
      2029, 2008, 2000, -1,
      2036, 2034, 2037, -1,
      2001, 2038, 2002, -1,
      2039, 2036, 2037, -1,
      2009, 2008, 2029, -1,
      1295, 1302, 2026, -1,
      2002, 2038, 2040, -1,
      2029, 2000, 2002, -1,
      2027, 2009, 2029, -1,
      2038, 2036, 2039, -1,
      2002, 2040, 2028, -1,
      2041, 2038, 2039, -1,
      2026, 2009, 2027, -1,
      1296, 1295, 2003, -1,
      2042, 2043, 2040, -1,
      2027, 2029, 2028, -1,
      1999, 2026, 2027, -1,
      2040, 2038, 2041, -1,
      2028, 2043, 1998, -1,
      2042, 2040, 2041, -1,
      2003, 2026, 1999, -1,
      1288, 1296, 2004, -1,
      2044, 2045, 2043, -1,
      1999, 2027, 1998, -1,
      1996, 2003, 1999, -1,
      2028, 2040, 2043, -1,
      1998, 2045, 1997, -1,
      2042, 2044, 2043, -1,
      2004, 2003, 1996, -1,
      1285, 1288, 1993, -1,
      2046, 2047, 2045, -1,
      1996, 1999, 1997, -1,
      1994, 2004, 1996, -1,
      1998, 2043, 2045, -1,
      1997, 2047, 1995, -1,
      2044, 2046, 2045, -1,
      1993, 2004, 1994, -1,
      1275, 1282, 1991, -1,
      2048, 2049, 2047, -1,
      1994, 1996, 1995, -1,
      1958, 1993, 1994, -1,
      1997, 2045, 2047, -1,
      1995, 2049, 1959, -1,
      2046, 2048, 2047, -1,
      1991, 1993, 1958, -1,
      1271, 1275, 1992, -1,
      2050, 2051, 2049, -1,
      1958, 1994, 1959, -1,
      1990, 1991, 1958, -1,
      1995, 2047, 2049, -1,
      1959, 2051, 1957, -1,
      2048, 2050, 2049, -1,
      1992, 1991, 1990, -1,
      1267, 1271, 1987, -1,
      2052, 2053, 2051, -1,
      1990, 1958, 1957, -1,
      1988, 1992, 1990, -1,
      1959, 2049, 2051, -1,
      1957, 2053, 1989, -1,
      2050, 2052, 2051, -1,
      1987, 1992, 1988, -1,
      1261, 1265, 1984, -1,
      2054, 2055, 2053, -1,
      1988, 1990, 1989, -1,
      1986, 1987, 1988, -1,
      1957, 2051, 2053, -1,
      1989, 2055, 1985, -1,
      2052, 2054, 2053, -1,
      1984, 1987, 1986, -1,
      1260, 1261, 1983, -1,
      2056, 2057, 2055, -1,
      1986, 1988, 1985, -1,
      1981, 1984, 1986, -1,
      1989, 2053, 2055, -1,
      1985, 2057, 1982, -1,
      2054, 2056, 2055, -1,
      1983, 1984, 1981, -1,
      1258, 1260, 1955, -1,
      2058, 2059, 2057, -1,
      1981, 1986, 1982, -1,
      1961, 1983, 1981, -1,
      1985, 2055, 2057, -1,
      1982, 2059, 1962, -1,
      2056, 2058, 2057, -1,
      1955, 1983, 1961, -1,
      1201, 1204, 1956, -1,
      2060, 2061, 2059, -1,
      1961, 1981, 1962, -1,
      1968, 1955, 1961, -1,
      1982, 2057, 2059, -1,
      1962, 2061, 1963, -1,
      2058, 2060, 2059, -1,
      1956, 1955, 1968, -1,
      1202, 1201, 1960, -1,
      2062, 2063, 2061, -1,
      1968, 1961, 1963, -1,
      1973, 1956, 1968, -1,
      1962, 2059, 2061, -1,
      1963, 2063, 1967, -1,
      2060, 2062, 2061, -1,
      1960, 1956, 1973, -1,
      1203, 1202, 1971, -1,
      2064, 1966, 2063, -1,
      1973, 1968, 1967, -1,
      1973, 2065, 1960, -1,
      1963, 2061, 2063, -1,
      1967, 1966, 1972, -1,
      2062, 2064, 2063, -1,
      1971, 1960, 2065, -1,
      1976, 1220, 1209, -1,
      1972, 1978, 2065, -1,
      2065, 1973, 1972, -1,
      1980, 2065, 1978, -1,
      1967, 2063, 1966, -1,
      1972, 1965, 1978, -1,
      2064, 1964, 1966, -1,
      1209, 1971, 1976, -1,
      1220, 1975, 1219, -1,
      1868, 1863, 1969, -1,
      1971, 2065, 1980, -1,
      1980, 1979, 1974, -1,
      1969, 1978, 1965, -1,
      1979, 1978, 1969, -1,
      1964, 1977, 1965, -1,
      1220, 1976, 1975, -1,
      1219, 1975, 1867, -1,
      1864, 1865, 1974, -1,
      1976, 1980, 1974, -1,
      1974, 1979, 1864, -1,
      1863, 1864, 1979, -1,
      1863, 1979, 1969, -1,
      1977, 1970, 1969, -1,
      2066, 2067, 2068, -1,
      2066, 2068, 2069, -1,
      2070, 2071, 2072, -1,
      2073, 2074, 2075, -1,
      2076, 2077, 2078, -1,
      2079, 2080, 2081, -1,
      2082, 2083, 2084, -1,
      2085, 2086, 2087, -1,
      2088, 2089, 2090, -1,
      2091, 2092, 2093, -1,
      2093, 2094, 2091, -1,
      2095, 2092, 2096, -1,
      2092, 2095, 2093, -1,
      2097, 2098, 2096, -1,
      2095, 2096, 2098, -1,
      2099, 2098, 2097, -1,
      2094, 2087, 2086, -1,
      2091, 2094, 2086, -1,
      2088, 2085, 2089, -1,
      2085, 2087, 2089, -1,
      2079, 2081, 2090, -1,
      2081, 2088, 2090, -1,
      2084, 2083, 2080, -1,
      2084, 2080, 2079, -1,
      2082, 2074, 2073, -1,
      2082, 2073, 2083, -1,
      2075, 2077, 2076, -1,
      2074, 2077, 2075, -1,
      2070, 2078, 2071, -1,
      2076, 2078, 2070, -1,
      2100, 2101, 2102, -1,
      2103, 2104, 2105, -1,
      2106, 2107, 2108, -1,
      2109, 2110, 2111, -1,
      2112, 2113, 2114, -1,
      2114, 2107, 2112, -1,
      2108, 2107, 2114, -1,
      2112, 2115, 2113, -1,
      2106, 2109, 2111, -1,
      2106, 2108, 2109, -1,
      2100, 2102, 2110, -1,
      2111, 2110, 2102, -1,
      2100, 2104, 2101, -1,
      2103, 2101, 2104, -1,
      2116, 2117, 2118, -1,
      2119, 2120, 2118, -1,
      2118, 2117, 2119, -1,
      2121, 2120, 2122, -1,
      2119, 2122, 2120, -1,
      2123, 2121, 2122, -1,
      2124, 2117, 2116, -1,
      2124, 2125, 2126, -1,
      2125, 2124, 2116, -1,
      2127, 2115, 2126, -1,
      2126, 2125, 2127, -1,
      2127, 2113, 2115, -1,
      2123, 2128, 2129, -1,
      2123, 2129, 2121, -1,
      2130, 2129, 2128, -1,
      2131, 2132, 2133, -1,
      2134, 2135, 2136, -1,
      2137, 2138, 2139, -1,
      2140, 2141, 2142, -1,
      2143, 2144, 2145, -1,
      2146, 2147, 2148, -1,
      2149, 2150, 2151, -1,
      2152, 2153, 2154, -1,
      2149, 2155, 2156, -1,
      2156, 2150, 2149, -1,
      2157, 2155, 2158, -1,
      2155, 2157, 2156, -1,
      2159, 2160, 2158, -1,
      2157, 2158, 2160, -1,
      2161, 2160, 2159, -1,
      2154, 2151, 2152, -1,
      2150, 2152, 2151, -1,
      2144, 2153, 2145, -1,
      2154, 2153, 2144, -1,
      2146, 2143, 2147, -1,
      2143, 2145, 2147, -1,
      2137, 2139, 2148, -1,
      2139, 2146, 2148, -1,
      2142, 2141, 2138, -1,
      2142, 2138, 2137, -1,
      2140, 2132, 2131, -1,
      2140, 2131, 2141, -1,
      2133, 2135, 2134, -1,
      2132, 2135, 2133, -1,
      2130, 2136, 2129, -1,
      2134, 2136, 2130, -1,
      2080, 1815, 1820, -1,
      2088, 1824, 1829, -1,
      1820, 1824, 2081, -1,
      2086, 1829, 1832, -1,
      1698, 2092, 1712, -1,
      1832, 1712, 2091, -1,
      2096, 1698, 1596, -1,
      1597, 2162, 1596, -1,
      2162, 2097, 1596, -1,
      2163, 2164, 1609, -1,
      1597, 1600, 2165, -1,
      2166, 1600, 1605, -1,
      2164, 2166, 1605, -1,
      2167, 1609, 1613, -1,
      2168, 1621, 2169, -1,
      2170, 2167, 1613, -1,
      2159, 2171, 1649, -1,
      2172, 1628, 2173, -1,
      1640, 1645, 2171, -1,
      2159, 1649, 1653, -1,
      2173, 1633, 2171, -1,
      1633, 1636, 2171, -1,
      2169, 1624, 2174, -1,
      2172, 2174, 1624, -1,
      2170, 1617, 2175, -1,
      1621, 2168, 2175, -1,
      1807, 2070, 1803, -1,
      1815, 2083, 2073, -1,
      1565, 1568, 2159, -1,
      2159, 1568, 2161, -1,
      1811, 2073, 2075, -1,
      1674, 1566, 2159, -1,
      2159, 1566, 1565, -1,
      1666, 1671, 2159, -1,
      2159, 1671, 1674, -1,
      1657, 1662, 2159, -1,
      2159, 1662, 1666, -1,
      2159, 1653, 1657, -1,
      1649, 2171, 1645, -1,
      1636, 1640, 2171, -1,
      2173, 1628, 1633, -1,
      2172, 1624, 1628, -1,
      2169, 1621, 1624, -1,
      2175, 1617, 1621, -1,
      2170, 1613, 1617, -1,
      2167, 2163, 1609, -1,
      2164, 1605, 1609, -1,
      1600, 2166, 2165, -1,
      2165, 2162, 1597, -1,
      2097, 2096, 1596, -1,
      2096, 2092, 1698, -1,
      2092, 2091, 1712, -1,
      2091, 2086, 1832, -1,
      2085, 2088, 1829, -1,
      1829, 2086, 2085, -1,
      2088, 2081, 1824, -1,
      2081, 2080, 1820, -1,
      2080, 2083, 1815, -1,
      2073, 1811, 1815, -1,
      1811, 2076, 1807, -1,
      2076, 1811, 2075, -1,
      2072, 1794, 1798, -1,
      1807, 2076, 2070, -1,
      2072, 1798, 1803, -1,
      2070, 2072, 1803, -1,
      2072, 1786, 1791, -1,
      1794, 2072, 1791, -1,
      1782, 1786, 2161, -1,
      2072, 2161, 1786, -1,
      1775, 1779, 2161, -1,
      2161, 1779, 1782, -1,
      1766, 1771, 2161, -1,
      2161, 1771, 1775, -1,
      1758, 1763, 2161, -1,
      2161, 1763, 1766, -1,
      1568, 1753, 2161, -1,
      2161, 1753, 1758, -1,
      2162, 2099, 2097, -1,
      2164, 2176, 2166, -1,
      2165, 2177, 2178, -1,
      2179, 2167, 2170, -1,
      2180, 2163, 2181, -1,
      2168, 2169, 2182, -1,
      2175, 2183, 2184, -1,
      2174, 2172, 2185, -1,
      2185, 2186, 2174, -1,
      2187, 2172, 2173, -1,
      2172, 2187, 2185, -1,
      2171, 2188, 2173, -1,
      2187, 2173, 2188, -1,
      2189, 2188, 2171, -1,
      2186, 2182, 2169, -1,
      2174, 2186, 2169, -1,
      2175, 2168, 2183, -1,
      2168, 2182, 2183, -1,
      2179, 2170, 2184, -1,
      2170, 2175, 2184, -1,
      2181, 2163, 2167, -1,
      2181, 2167, 2179, -1,
      2180, 2176, 2164, -1,
      2180, 2164, 2163, -1,
      2166, 2177, 2165, -1,
      2176, 2177, 2166, -1,
      2162, 2178, 2099, -1,
      2165, 2178, 2162, -1,
      2079, 1947, 1945, -1,
      2089, 1950, 1949, -1,
      1947, 2090, 1949, -1,
      2093, 1951, 2094, -1,
      2095, 1912, 1952, -1,
      1952, 1951, 2093, -1,
      2098, 1913, 1912, -1,
      2177, 2017, 2178, -1,
      2099, 2178, 1913, -1,
      2181, 2033, 2180, -1,
      2017, 2177, 2031, -1,
      2176, 2032, 2031, -1,
      2032, 2176, 2180, -1,
      2179, 2035, 2033, -1,
      2071, 1937, 1935, -1,
      2184, 2037, 2035, -1,
      2044, 2189, 2046, -1,
      2042, 2185, 2187, -1,
      2044, 2188, 2189, -1,
      2048, 2046, 2189, -1,
      2042, 2187, 2044, -1,
      2188, 2044, 2187, -1,
      2041, 2186, 2185, -1,
      2042, 2041, 2185, -1,
      2037, 2184, 2183, -1,
      2183, 2182, 2039, -1,
      1931, 2071, 1933, -1,
      1943, 2074, 2082, -1,
      1945, 2082, 2084, -1,
      2056, 2190, 2058, -1,
      2182, 2041, 2039, -1,
      2186, 2041, 2182, -1,
      2183, 2039, 2037, -1,
      2184, 2035, 2179, -1,
      2179, 2033, 2181, -1,
      2180, 2033, 2032, -1,
      2031, 2177, 2176, -1,
      2017, 1913, 2178, -1,
      2099, 1913, 2098, -1,
      2098, 1912, 2095, -1,
      2095, 1952, 2093, -1,
      1951, 1950, 2094, -1,
      2087, 1950, 2089, -1,
      1950, 2087, 2094, -1,
      2089, 1949, 2090, -1,
      2090, 1947, 2079, -1,
      2079, 1945, 2084, -1,
      2082, 1945, 1943, -1,
      1943, 1941, 2077, -1,
      2077, 2074, 1943, -1,
      2078, 1941, 1939, -1,
      1941, 2078, 2077, -1,
      2071, 1939, 1937, -1,
      2078, 1939, 2071, -1,
      1917, 2191, 1919, -1,
      1935, 1933, 2071, -1,
      1929, 2191, 1931, -1,
      2071, 1931, 2191, -1,
      1925, 2191, 1927, -1,
      2191, 1929, 1927, -1,
      1921, 2191, 1923, -1,
      2191, 1925, 1923, -1,
      2191, 1921, 1919, -1,
      2191, 1869, 1868, -1,
      1917, 1869, 2191, -1,
      2190, 2191, 1868, -1,
      1977, 2190, 1970, -1,
      2190, 1868, 1970, -1,
      2064, 2190, 1964, -1,
      2190, 1977, 1964, -1,
      2060, 2190, 2062, -1,
      2190, 2064, 2062, -1,
      2056, 2054, 2190, -1,
      2190, 2060, 2058, -1,
      2052, 2189, 2054, -1,
      2190, 2054, 2189, -1,
      2048, 2189, 2050, -1,
      2189, 2052, 2050, -1,
      2192, 2193, 2194, -1,
      2195, 2196, 2197, -1,
      2198, 2199, 2200, -1,
      2201, 2202, 2203, -1,
      2204, 2205, 2206, -1,
      2207, 2208, 2209, -1,
      2210, 2211, 2212, -1,
      2213, 2214, 2215, -1,
      2214, 2216, 2217, -1,
      2215, 2218, 2219, -1,
      2219, 2213, 2215, -1,
      2220, 2221, 2218, -1,
      2219, 2218, 2221, -1,
      2190, 2220, 2191, -1,
      2220, 2190, 2221, -1,
      2209, 2217, 2216, -1,
      2213, 2216, 2214, -1,
      2207, 2212, 2208, -1,
      2209, 2208, 2217, -1,
      2202, 2211, 2210, -1,
      2210, 2212, 2207, -1,
      2205, 2201, 2203, -1,
      2201, 2211, 2202, -1,
      2204, 2206, 2195, -1,
      2205, 2203, 2206, -1,
      2197, 2196, 2200, -1,
      2204, 2195, 2197, -1,
      2198, 2192, 2199, -1,
      2196, 2198, 2200, -1,
      2194, 2199, 2192, -1,
      1194, 2194, 2193, -1,
      1194, 1193, 2194, -1,
      2222, 1185, 1184, -1,
      2223, 2224, 2225, -1,
      2226, 2227, 2228, -1,
      2229, 2230, 2231, -1,
      2232, 2233, 2234, -1,
      2235, 2236, 2237, -1,
      2236, 2235, 2238, -1,
      2239, 2240, 2237, -1,
      2235, 2237, 2240, -1,
      2241, 2240, 2239, -1,
      2238, 2229, 2231, -1,
      2231, 2236, 2238, -1,
      2234, 2233, 2230, -1,
      2234, 2230, 2229, -1,
      2232, 2224, 2223, -1,
      2232, 2223, 2233, -1,
      2225, 2227, 2226, -1,
      2224, 2227, 2225, -1,
      2222, 2228, 1185, -1,
      2226, 2228, 2222, -1,
      2241, 2239, 2242, -1,
      2241, 2242, 2243, -1,
      2066, 2069, 2244, -1,
      2244, 2245, 2066, -1,
      2067, 2246, 2068, -1,
      2246, 2067, 2247, -1,
      2244, 2068, 2246, -1,
      2248, 2246, 2249, -1,
      2248, 2250, 2246, -1,
      2246, 2251, 2244, -1,
      2068, 2244, 2069, -1,
      2250, 2251, 2246, -1,
      2245, 2247, 2067, -1,
      2252, 2253, 2247, -1,
      2252, 2247, 2254, -1,
      2247, 2245, 2255, -1,
      2067, 2066, 2245, -1,
      2254, 2247, 2255, -1,
      2105, 2256, 2103, -1,
      2105, 2257, 2256, -1,
      2224, 2232, 2108, -1,
      2243, 2105, 2241, -1,
      2217, 2153, 2152, -1,
      2161, 2220, 2160, -1,
      2114, 2224, 2108, -1,
      2234, 2109, 2108, -1,
      2156, 2215, 2150, -1,
      2114, 2228, 2227, -1,
      2234, 2229, 2109, -1,
      2229, 2238, 2110, -1,
      2110, 2109, 2229, -1,
      2100, 2110, 2238, -1,
      1181, 1185, 2113, -1,
      2100, 2238, 2235, -1,
      2127, 1179, 1181, -1,
      2235, 2104, 2100, -1,
      2127, 1177, 1178, -1,
      2104, 2235, 2240, -1,
      2241, 2104, 2240, -1,
      1183, 2125, 2116, -1,
      2105, 2104, 2241, -1,
      2257, 2105, 2243, -1,
      2258, 2259, 2260, -1,
      2260, 2261, 2262, -1,
      2261, 2260, 2259, -1,
      2263, 2264, 2261, -1,
      2262, 2261, 2264, -1,
      2263, 2265, 2264, -1,
      2266, 2267, 2268, -1,
      2265, 2263, 2269, -1,
      2270, 2271, 2272, -1,
      2135, 2197, 2200, -1,
      2268, 2267, 2270, -1,
      2272, 2271, 2269, -1,
      2272, 2269, 2263, -1,
      2270, 2267, 2271, -1,
      2266, 2273, 2274, -1,
      2273, 2266, 2268, -1,
      2243, 2274, 2257, -1,
      2273, 2257, 2274, -1,
      2120, 2121, 1193, -1,
      1188, 2116, 1189, -1,
      2116, 2118, 1189, -1,
      2228, 2113, 1185, -1,
      2232, 2234, 2108, -1,
      2227, 2224, 2114, -1,
      2113, 2228, 2114, -1,
      2127, 1181, 2113, -1,
      2127, 1178, 1179, -1,
      2125, 1183, 1177, -1,
      2125, 1177, 2127, -1,
      2116, 1188, 1183, -1,
      1191, 2118, 2120, -1,
      2118, 1191, 1189, -1,
      1191, 2120, 1193, -1,
      1193, 2121, 2194, -1,
      2121, 2129, 2194, -1,
      2129, 2136, 2199, -1,
      2201, 2142, 2137, -1,
      2205, 2204, 2140, -1,
      2208, 2147, 2145, -1,
      2147, 2212, 2148, -1,
      2217, 2208, 2153, -1,
      2218, 2157, 2160, -1,
      2191, 2220, 2161, -1,
      2218, 2160, 2220, -1,
      2218, 2215, 2156, -1,
      2157, 2218, 2156, -1,
      2214, 2152, 2150, -1,
      2161, 2072, 2191, -1,
      2072, 2071, 2191, -1,
      2137, 2148, 2211, -1,
      2214, 2150, 2215, -1,
      2217, 2152, 2214, -1,
      2145, 2153, 2208, -1,
      2212, 2147, 2208, -1,
      2211, 2148, 2212, -1,
      2205, 2142, 2201, -1,
      2201, 2137, 2211, -1,
      2204, 2132, 2140, -1,
      2205, 2140, 2142, -1,
      2135, 2132, 2197, -1,
      2204, 2197, 2132, -1,
      2135, 2200, 2136, -1,
      2129, 2199, 2194, -1,
      2136, 2200, 2199, -1,
      2275, 2276, 2277, -1,
      2112, 2107, 2225, -1,
      2107, 2106, 2233, -1,
      2111, 2102, 2231, -1,
      2231, 2230, 2111, -1,
      2101, 2236, 2102, -1,
      2231, 2102, 2236, -1,
      2239, 2237, 2101, -1,
      2101, 2237, 2236, -1,
      2278, 2279, 2280, -1,
      2103, 2239, 2101, -1,
      2280, 2279, 2281, -1,
      2282, 2283, 2278, -1,
      2282, 2278, 2280, -1,
      2284, 2285, 2283, -1,
      2278, 2283, 2285, -1,
      2285, 2284, 2286, -1,
      2287, 2288, 2289, -1,
      2290, 2291, 2276, -1,
      2138, 2202, 2139, -1,
      2290, 2287, 2291, -1,
      2288, 2286, 2289, -1,
      2288, 2285, 2286, -1,
      2287, 2289, 2291, -1,
      2226, 2222, 2112, -1,
      2275, 2290, 2276, -1,
      2277, 2242, 2256, -1,
      2275, 2277, 2256, -1,
      2256, 2242, 2103, -1,
      2107, 2223, 2225, -1,
      2242, 2239, 2103, -1,
      2233, 2106, 2230, -1,
      2230, 2106, 2111, -1,
      2223, 2107, 2233, -1,
      2226, 2112, 2225, -1,
      2112, 2222, 2115, -1,
      2222, 1184, 2115, -1,
      2126, 1182, 1180, -1,
      2119, 2117, 1190, -1,
      1186, 2117, 2124, -1,
      2123, 1194, 2193, -1,
      1192, 2122, 2119, -1,
      2221, 2158, 2219, -1,
      2213, 2149, 2151, -1,
      2158, 2221, 2159, -1,
      2190, 2159, 2221, -1,
      2158, 2155, 2219, -1,
      2149, 2213, 2219, -1,
      2149, 2219, 2155, -1,
      2216, 2151, 2154, -1,
      2209, 2144, 2207, -1,
      2154, 2144, 2209, -1,
      2146, 2139, 2210, -1,
      2207, 2143, 2146, -1,
      2206, 2141, 2131, -1,
      2138, 2141, 2203, -1,
      2171, 2159, 2190, -1,
      2189, 2171, 2190, -1,
      2130, 2198, 2134, -1,
      1194, 2123, 2122, -1,
      2124, 1175, 1186, -1,
      2192, 2128, 2193, -1,
      2131, 2133, 2195, -1,
      2133, 2134, 2196, -1,
      2216, 2213, 2151, -1,
      2209, 2216, 2154, -1,
      2143, 2207, 2144, -1,
      2210, 2207, 2146, -1,
      2202, 2210, 2139, -1,
      2203, 2202, 2138, -1,
      2206, 2203, 2141, -1,
      2195, 2206, 2131, -1,
      2196, 2195, 2133, -1,
      2198, 2196, 2134, -1,
      2130, 2128, 2192, -1,
      2198, 2130, 2192, -1,
      2128, 2123, 2193, -1,
      1190, 1192, 2119, -1,
      1194, 2122, 1192, -1,
      1187, 2117, 1186, -1,
      2117, 1187, 1190, -1,
      2126, 1176, 1175, -1,
      1175, 2124, 2126, -1,
      1182, 2126, 2115, -1,
      1176, 2126, 1180, -1,
      2115, 1184, 1182, -1,
      2277, 2243, 2242, -1,
      2289, 2267, 2291, -1,
      2276, 2266, 2274, -1,
      2265, 2284, 2283, -1,
      2271, 2286, 2269, -1,
      2262, 2282, 2280, -1,
      2282, 2262, 2264, -1,
      2281, 2260, 2280, -1,
      2262, 2280, 2260, -1,
      2258, 2260, 2281, -1,
      2264, 2265, 2283, -1,
      2283, 2282, 2264, -1,
      2269, 2286, 2284, -1,
      2269, 2284, 2265, -1,
      2271, 2267, 2289, -1,
      2271, 2289, 2286, -1,
      2291, 2266, 2276, -1,
      2267, 2266, 2291, -1,
      2277, 2274, 2243, -1,
      2276, 2274, 2277, -1,
      2255, 2245, 2244, -1,
      2254, 2251, 2250, -1,
      2251, 2255, 2244, -1,
      2254, 2255, 2251, -1,
      2246, 2253, 2249, -1,
      2247, 2253, 2246, -1,
      2252, 2249, 2253, -1,
      2249, 2252, 2248, -1,
      2292, 2248, 2293, -1,
      2248, 2292, 2250, -1,
      2292, 2293, 2294, -1,
      2294, 2295, 2292, -1,
      2295, 2294, 2252, -1,
      2252, 2254, 2295, -1,
      2296, 2297, 2298, -1,
      2297, 2296, 2299, -1,
      2258, 2296, 2298, -1,
      2258, 2298, 2259, -1,
      2275, 2256, 2257, -1,
      2288, 2287, 2270, -1,
      2290, 2273, 2268, -1,
      2261, 2278, 2263, -1,
      2272, 2263, 2285, -1,
      2279, 2261, 2259, -1,
      2261, 2279, 2278, -1,
      2288, 2272, 2285, -1,
      2263, 2278, 2285, -1,
      2270, 2287, 2268, -1,
      2272, 2288, 2270, -1,
      2290, 2275, 2273, -1,
      2287, 2290, 2268, -1,
      2257, 2273, 2275, -1,
      2300, 2279, 2301, -1,
      2279, 2300, 2281, -1,
      2300, 2302, 2303, -1,
      2300, 2301, 2302, -1,
      2304, 2297, 2299, -1,
      2299, 2305, 2304, -1,
      2306, 2307, 2308, -1,
      2301, 2304, 2302, -1,
      2279, 2259, 2293, -1,
      2306, 2308, 2309, -1,
      2294, 2298, 2297, -1,
      2306, 2309, 2310, -1,
      2311, 2312, 2306, -1,
      2311, 2306, 2310, -1,
      2313, 2314, 2306, -1,
      2313, 2306, 2312, -1,
      2306, 2315, 2304, -1,
      2315, 2306, 2314, -1,
      2304, 2316, 2317, -1,
      2315, 2316, 2304, -1,
      2318, 2319, 2302, -1,
      2317, 2318, 2304, -1,
      2320, 2321, 2302, -1,
      2302, 2322, 2323, -1,
      2324, 2325, 2302, -1,
      2326, 2302, 2325, -1,
      2302, 2327, 2320, -1,
      2321, 2324, 2302, -1,
      2327, 2302, 2323, -1,
      2319, 2322, 2302, -1,
      2302, 2304, 2318, -1,
      2279, 2293, 2248, -1,
      2294, 2293, 2259, -1,
      2298, 2294, 2259, -1,
      2297, 2252, 2294, -1,
      2248, 2301, 2279, -1,
      2301, 2248, 2304, -1,
      2297, 2304, 2252, -1,
      2248, 2252, 2304, -1,
      2281, 2250, 2292, -1,
      2299, 2295, 2254, -1,
      2250, 2305, 2254, -1,
      2300, 2303, 2305, -1,
      2254, 2305, 2299, -1,
      2328, 2329, 2330, -1,
      2331, 2328, 2332, -1,
      2333, 2329, 2328, -1,
      2328, 2334, 2335, -1,
      2333, 2328, 2335, -1,
      2336, 2332, 2328, -1,
      2334, 2328, 2331, -1,
      2328, 2305, 2337, -1,
      2337, 2336, 2328, -1,
      2305, 2338, 2339, -1,
      2337, 2305, 2339, -1,
      2303, 2340, 2305, -1,
      2338, 2305, 2340, -1,
      2341, 2342, 2303, -1,
      2303, 2342, 2340, -1,
      2343, 2344, 2303, -1,
      2303, 2344, 2341, -1,
      2345, 2346, 2303, -1,
      2303, 2346, 2343, -1,
      2347, 2348, 2303, -1,
      2303, 2348, 2345, -1,
      2303, 2349, 2347, -1,
      2250, 2281, 2300, -1,
      2281, 2292, 2258, -1,
      2300, 2305, 2250, -1,
      2295, 2296, 2258, -1,
      2295, 2299, 2296, -1,
      2292, 2295, 2258, -1,
      2305, 2306, 2304, -1,
      2306, 2305, 2328, -1,
      2326, 2303, 2302, -1,
      2321, 2348, 2324, -1,
      2325, 2347, 2349, -1,
      2343, 2327, 2323, -1,
      2345, 2320, 2346, -1,
      2341, 2319, 2342, -1,
      2322, 2341, 2344, -1,
      2340, 2342, 2318, -1,
      2319, 2318, 2342, -1,
      2317, 2338, 2340, -1,
      2340, 2318, 2317, -1,
      2323, 2322, 2344, -1,
      2322, 2319, 2341, -1,
      2346, 2327, 2343, -1,
      2343, 2323, 2344, -1,
      2345, 2321, 2320, -1,
      2346, 2320, 2327, -1,
      2348, 2347, 2324, -1,
      2345, 2348, 2321, -1,
      2325, 2349, 2326, -1,
      2324, 2347, 2325, -1,
      2303, 2326, 2349, -1,
      2310, 2334, 2311, -1,
      2334, 2331, 2311, -1,
      2334, 2310, 2335, -1,
      2309, 2308, 2333, -1,
      2309, 2333, 2335, -1,
      2329, 2333, 2308, -1,
      2307, 2329, 2308, -1,
      2335, 2310, 2309, -1,
      2330, 2329, 2307, -1,
      2306, 2328, 2330, -1,
      2307, 2306, 2330, -1,
      2331, 2312, 2311, -1,
      2312, 2332, 2313, -1,
      2332, 2312, 2331, -1,
      2314, 2313, 2336, -1,
      2332, 2336, 2313, -1,
      2337, 2315, 2314, -1,
      2314, 2336, 2337, -1,
      2315, 2339, 2316, -1,
      2339, 2315, 2337, -1,
      2339, 2338, 2316, -1,
      2316, 2338, 2317, -1,
      2350, 2351, 2352, -1,
      2353, 2354, 2355, -1,
      2356, 2357, 2351, -1,
      2351, 2358, 2352, -1,
      2359, 2351, 2360, -1,
      2361, 2362, 2363, -1,
      2358, 2364, 2352, -1,
      2365, 2366, 2367, -1,
      2368, 2360, 2351, -1,
      2363, 2369, 2370, -1,
      2363, 2362, 2369, -1,
      2371, 2372, 2373, -1,
      2374, 2361, 2375, -1,
      2376, 2362, 2374, -1,
      2361, 2374, 2362, -1,
      2371, 2377, 2378, -1,
      2360, 2373, 2372, -1,
      2360, 2368, 2379, -1,
      2371, 2373, 2377, -1,
      2380, 2381, 2382, -1,
      2383, 2378, 2377, -1,
      2384, 2373, 2379, -1,
      2385, 2354, 2386, -1,
      2377, 2384, 2387, -1,
      2388, 2389, 2390, -1,
      2391, 2392, 2367, -1,
      2391, 2393, 2392, -1,
      2365, 2394, 2366, -1,
      2395, 2367, 2396, -1,
      2397, 2398, 2399, -1,
      2400, 2398, 2395, -1,
      2401, 2402, 2388, -1,
      2403, 2404, 2399, -1,
      2353, 2405, 2406, -1,
      2407, 2408, 2388, -1,
      2405, 2355, 2409, -1,
      2410, 2403, 2381, -1,
      2383, 2387, 2409, -1,
      2364, 2361, 2352, -1,
      2361, 2364, 2375, -1,
      2411, 2412, 2370, -1,
      2351, 2357, 2358, -1,
      2363, 2350, 2352, -1,
      2351, 2350, 2368, -1,
      2413, 2359, 2360, -1,
      2351, 2359, 2356, -1,
      2361, 2363, 2352, -1,
      2411, 2370, 2369, -1,
      2350, 2370, 2414, -1,
      2414, 2379, 2368, -1,
      2415, 2413, 2372, -1,
      2360, 2372, 2413, -1,
      2360, 2379, 2373, -1,
      2416, 2415, 2372, -1,
      2363, 2370, 2350, -1,
      2417, 2412, 2411, -1,
      2418, 2412, 2417, -1,
      2350, 2414, 2368, -1,
      2414, 2412, 2419, -1,
      2416, 2372, 2371, -1,
      2379, 2419, 2384, -1,
      2384, 2377, 2373, -1,
      2420, 2371, 2421, -1,
      2416, 2371, 2420, -1,
      2421, 2371, 2378, -1,
      2422, 2420, 2421, -1,
      2370, 2412, 2414, -1,
      2423, 2418, 2417, -1,
      2423, 2424, 2418, -1,
      2414, 2419, 2379, -1,
      2425, 2419, 2418, -1,
      2385, 2386, 2421, -1,
      2425, 2387, 2384, -1,
      2387, 2383, 2377, -1,
      2378, 2385, 2421, -1,
      2426, 2422, 2421, -1,
      2412, 2418, 2419, -1,
      2427, 2424, 2423, -1,
      2427, 2382, 2424, -1,
      2419, 2425, 2384, -1,
      2425, 2424, 2428, -1,
      2429, 2386, 2354, -1,
      2428, 2409, 2387, -1,
      2355, 2383, 2409, -1,
      2386, 2426, 2421, -1,
      2378, 2383, 2385, -1,
      2385, 2355, 2354, -1,
      2430, 2426, 2386, -1,
      2418, 2424, 2425, -1,
      2380, 2382, 2427, -1,
      2431, 2432, 2433, -1,
      2425, 2428, 2387, -1,
      2428, 2382, 2434, -1,
      2383, 2355, 2385, -1,
      2434, 2405, 2409, -1,
      2429, 2435, 2436, -1,
      2405, 2353, 2355, -1,
      2386, 2429, 2430, -1,
      2354, 2353, 2435, -1,
      2437, 2430, 2429, -1,
      2424, 2382, 2428, -1,
      2410, 2381, 2380, -1,
      2408, 2435, 2353, -1,
      2428, 2434, 2409, -1,
      2381, 2438, 2434, -1,
      2439, 2436, 2407, -1,
      2406, 2405, 2438, -1,
      2354, 2435, 2429, -1,
      2406, 2408, 2353, -1,
      2429, 2436, 2437, -1,
      2435, 2408, 2407, -1,
      2440, 2437, 2436, -1,
      2382, 2381, 2434, -1,
      2441, 2403, 2410, -1,
      2408, 2406, 2401, -1,
      2434, 2438, 2405, -1,
      2442, 2438, 2403, -1,
      2388, 2402, 2389, -1,
      2401, 2406, 2442, -1,
      2435, 2407, 2436, -1,
      2408, 2401, 2388, -1,
      2436, 2439, 2440, -1,
      2390, 2439, 2407, -1,
      2443, 2440, 2439, -1,
      2381, 2403, 2438, -1,
      2441, 2404, 2403, -1,
      2444, 2445, 2433, -1,
      2438, 2442, 2406, -1,
      2442, 2399, 2446, -1,
      2433, 2445, 2389, -1,
      2402, 2401, 2446, -1,
      2443, 2447, 2448, -1,
      2439, 2390, 2447, -1,
      2407, 2388, 2390, -1,
      2447, 2390, 2445, -1,
      2443, 2439, 2447, -1,
      2403, 2399, 2442, -1,
      2404, 2397, 2399, -1,
      2389, 2402, 2449, -1,
      2442, 2446, 2401, -1,
      2398, 2400, 2446, -1,
      2449, 2431, 2433, -1,
      2449, 2402, 2400, -1,
      2448, 2444, 2450, -1,
      2447, 2445, 2448, -1,
      2390, 2389, 2445, -1,
      2448, 2445, 2444, -1,
      2443, 2448, 2451, -1,
      2399, 2398, 2446, -1,
      2397, 2452, 2398, -1,
      2396, 2431, 2449, -1,
      2446, 2400, 2402, -1,
      2400, 2396, 2449, -1,
      2453, 2444, 2432, -1,
      2450, 2444, 2453, -1,
      2389, 2449, 2433, -1,
      2444, 2433, 2432, -1,
      2450, 2451, 2448, -1,
      2398, 2452, 2395, -1,
      2391, 2395, 2452, -1,
      2366, 2454, 2431, -1,
      2400, 2395, 2396, -1,
      2396, 2366, 2431, -1,
      2432, 2454, 2455, -1,
      2432, 2431, 2454, -1,
      2453, 2456, 2457, -1,
      2456, 2453, 2432, -1,
      2450, 2453, 2457, -1,
      2391, 2367, 2395, -1,
      2392, 2365, 2367, -1,
      2394, 2458, 2454, -1,
      2396, 2367, 2366, -1,
      2394, 2454, 2366, -1,
      2455, 2454, 2458, -1,
      2455, 2456, 2432, -1,
      2459, 2460, 2461, -1,
      2460, 2462, 2463, -1,
      2464, 2459, 2461, -1,
      2465, 2462, 2460, -1,
      2466, 2465, 2460, -1,
      2462, 2467, 2468, -1,
      2469, 2470, 2468, -1,
      2470, 2471, 2472, -1,
      2470, 2462, 2468, -1,
      2472, 2471, 2473, -1,
      2469, 2471, 2470, -1,
      2461, 2463, 2474, -1,
      2475, 2464, 2461, -1,
      2476, 2477, 2475, -1,
      2478, 2479, 2480, -1,
      2481, 2482, 2483, -1,
      2484, 2474, 2483, -1,
      2485, 2476, 2486, -1,
      2486, 2487, 2488, -1,
      2489, 2490, 2491, -1,
      2492, 2481, 2493, -1,
      2494, 2495, 2480, -1,
      2496, 2487, 2479, -1,
      2494, 2497, 2498, -1,
      2492, 2499, 2500, -1,
      2498, 2499, 2501, -1,
      2502, 2500, 2498, -1,
      2501, 2503, 2494, -1,
      2504, 2505, 2501, -1,
      2506, 2507, 2505, -1,
      2507, 2503, 2505, -1,
      2460, 2459, 2466, -1,
      2465, 2467, 2462, -1,
      2508, 2470, 2509, -1,
      2462, 2508, 2463, -1,
      2472, 2509, 2470, -1,
      2510, 2464, 2475, -1,
      2477, 2510, 2475, -1,
      2511, 2512, 2508, -1,
      2461, 2460, 2463, -1,
      2462, 2470, 2508, -1,
      2463, 2512, 2474, -1,
      2509, 2511, 2508, -1,
      2461, 2484, 2475, -1,
      2485, 2477, 2476, -1,
      2513, 2514, 2512, -1,
      2484, 2461, 2474, -1,
      2482, 2475, 2484, -1,
      2463, 2508, 2512, -1,
      2474, 2514, 2483, -1,
      2511, 2513, 2512, -1,
      2476, 2475, 2482, -1,
      2488, 2485, 2486, -1,
      2515, 2493, 2514, -1,
      2482, 2484, 2483, -1,
      2516, 2476, 2482, -1,
      2474, 2512, 2514, -1,
      2483, 2493, 2481, -1,
      2513, 2515, 2514, -1,
      2486, 2476, 2516, -1,
      2496, 2488, 2487, -1,
      2517, 2492, 2493, -1,
      2516, 2482, 2481, -1,
      2486, 2516, 2502, -1,
      2483, 2514, 2493, -1,
      2481, 2492, 2500, -1,
      2515, 2517, 2493, -1,
      2487, 2486, 2502, -1,
      2518, 2496, 2479, -1,
      2481, 2500, 2516, -1,
      2502, 2516, 2500, -1,
      2502, 2497, 2487, -1,
      2499, 2492, 2519, -1,
      2500, 2499, 2498, -1,
      2517, 2519, 2492, -1,
      2479, 2487, 2497, -1,
      2478, 2518, 2479, -1,
      2520, 2491, 2495, -1,
      2497, 2502, 2498, -1,
      2497, 2480, 2479, -1,
      2501, 2499, 2521, -1,
      2494, 2498, 2501, -1,
      2519, 2521, 2499, -1,
      2490, 2478, 2480, -1,
      2520, 2489, 2491, -1,
      2497, 2494, 2480, -1,
      2491, 2480, 2495, -1,
      2503, 2522, 2495, -1,
      2503, 2495, 2494, -1,
      2521, 2504, 2501, -1,
      2520, 2495, 2523, -1,
      2490, 2480, 2491, -1,
      2523, 2495, 2522, -1,
      2522, 2503, 2524, -1,
      2507, 2524, 2503, -1,
      2505, 2503, 2501, -1,
      2525, 2526, 2527, -1,
      2528, 2529, 2530, -1,
      2531, 2532, 2533, -1,
      2534, 2525, 2533, -1,
      2535, 2536, 2537, -1,
      2538, 2537, 2536, -1,
      2539, 2538, 2527, -1,
      2505, 2535, 2506, -1,
      2536, 2540, 2531, -1,
      2519, 2541, 2542, -1,
      2540, 2542, 2543, -1,
      2528, 2532, 2543, -1,
      2544, 2545, 2546, -1,
      2547, 2530, 2548, -1,
      2541, 2517, 2549, -1,
      2550, 2551, 2548, -1,
      2515, 2552, 2549, -1,
      2553, 2552, 2513, -1,
      2548, 2551, 2547, -1,
      2550, 2554, 2555, -1,
      2555, 2556, 2557, -1,
      2553, 2511, 2558, -1,
      2557, 2559, 2560, -1,
      2560, 2559, 2561, -1,
      2557, 2556, 2559, -1,
      2562, 2563, 2564, -1,
      2562, 2561, 2559, -1,
      2563, 2472, 2565, -1,
      2563, 2565, 2564, -1,
      2565, 2472, 2473, -1,
      2559, 2563, 2562, -1,
      2472, 2563, 2509, -1,
      2511, 2509, 2558, -1,
      2527, 2538, 2536, -1,
      2509, 2563, 2558, -1,
      2558, 2559, 2556, -1,
      2566, 2557, 2567, -1,
      2560, 2567, 2557, -1,
      2563, 2559, 2558, -1,
      2513, 2511, 2553, -1,
      2551, 2555, 2568, -1,
      2566, 2555, 2557, -1,
      2553, 2556, 2554, -1,
      2555, 2551, 2550, -1,
      2569, 2551, 2568, -1,
      2555, 2566, 2568, -1,
      2558, 2556, 2553, -1,
      2515, 2513, 2552, -1,
      2556, 2555, 2554, -1,
      2570, 2552, 2554, -1,
      2570, 2550, 2548, -1,
      2571, 2551, 2569, -1,
      2553, 2554, 2552, -1,
      2517, 2515, 2549, -1,
      2547, 2572, 2530, -1,
      2554, 2550, 2570, -1,
      2573, 2549, 2570, -1,
      2551, 2571, 2547, -1,
      2548, 2530, 2573, -1,
      2574, 2547, 2571, -1,
      2552, 2570, 2549, -1,
      2519, 2517, 2541, -1,
      2575, 2544, 2572, -1,
      2570, 2548, 2573, -1,
      2529, 2541, 2573, -1,
      2547, 2574, 2572, -1,
      2572, 2528, 2530, -1,
      2575, 2572, 2574, -1,
      2549, 2573, 2541, -1,
      2521, 2519, 2542, -1,
      2546, 2532, 2544, -1,
      2573, 2530, 2529, -1,
      2529, 2543, 2542, -1,
      2572, 2544, 2528, -1,
      2544, 2532, 2528, -1,
      2575, 2545, 2544, -1,
      2541, 2529, 2542, -1,
      2504, 2521, 2540, -1,
      2546, 2576, 2533, -1,
      2529, 2528, 2543, -1,
      2531, 2543, 2532, -1,
      2546, 2533, 2532, -1,
      2545, 2577, 2546, -1,
      2521, 2542, 2540, -1,
      2505, 2504, 2540, -1,
      2525, 2527, 2533, -1,
      2543, 2531, 2540, -1,
      2531, 2533, 2527, -1,
      2576, 2534, 2533, -1,
      2577, 2576, 2546, -1,
      2540, 2536, 2505, -1,
      2535, 2505, 2536, -1,
      2526, 2539, 2527, -1,
      2531, 2527, 2536, -1,
      2526, 2525, 2578, -1,
      2534, 2578, 2525, -1,
      2579, 2580, 2581, -1,
      2582, 2583, 2584, -1,
      2362, 2376, 2580, -1,
      2585, 2579, 2581, -1,
      2586, 2587, 2588, -1,
      2587, 2585, 2588, -1,
      2588, 2585, 2581, -1,
      2589, 2590, 2591, -1,
      2592, 2593, 2594, -1,
      2595, 2596, 2597, -1,
      2584, 2598, 2599, -1,
      2596, 2594, 2583, -1,
      2600, 2601, 2602, -1,
      2603, 2604, 2605, -1,
      2602, 2606, 2607, -1,
      2607, 2608, 2609, -1,
      2610, 2611, 2608, -1,
      2606, 2612, 2610, -1,
      2613, 2612, 2614, -1,
      2615, 2616, 2617, -1,
      2452, 2613, 2391, -1,
      2607, 2618, 2600, -1,
      2613, 2619, 2391, -1,
      2605, 2618, 2609, -1,
      2620, 2393, 2391, -1,
      2604, 2621, 2598, -1,
      2622, 2603, 2609, -1,
      2623, 2624, 2625, -1,
      2626, 2621, 2603, -1,
      2582, 2627, 2596, -1,
      2623, 2628, 2624, -1,
      2591, 2583, 2594, -1,
      2629, 2587, 2595, -1,
      2589, 2594, 2593, -1,
      2592, 2587, 2586, -1,
      2579, 2585, 2630, -1,
      2587, 2592, 2594, -1,
      2630, 2362, 2579, -1,
      2585, 2629, 2630, -1,
      2362, 2580, 2579, -1,
      2594, 2595, 2587, -1,
      2596, 2583, 2582, -1,
      2596, 2595, 2594, -1,
      2631, 2369, 2630, -1,
      2587, 2629, 2585, -1,
      2629, 2597, 2631, -1,
      2362, 2630, 2369, -1,
      2589, 2591, 2594, -1,
      2590, 2632, 2628, -1,
      2633, 2634, 2635, -1,
      2636, 2637, 2625, -1,
      2628, 2591, 2590, -1,
      2582, 2584, 2599, -1,
      2584, 2583, 2591, -1,
      2411, 2631, 2638, -1,
      2629, 2631, 2630, -1,
      2595, 2597, 2629, -1,
      2597, 2627, 2638, -1,
      2369, 2631, 2411, -1,
      2639, 2591, 2628, -1,
      2632, 2624, 2628, -1,
      2599, 2640, 2582, -1,
      2639, 2584, 2591, -1,
      2639, 2628, 2641, -1,
      2627, 2642, 2638, -1,
      2598, 2584, 2639, -1,
      2417, 2638, 2642, -1,
      2597, 2638, 2631, -1,
      2596, 2627, 2597, -1,
      2627, 2640, 2642, -1,
      2411, 2638, 2417, -1,
      2623, 2641, 2628, -1,
      2636, 2625, 2624, -1,
      2621, 2643, 2599, -1,
      2641, 2598, 2639, -1,
      2641, 2623, 2644, -1,
      2640, 2645, 2642, -1,
      2604, 2598, 2641, -1,
      2621, 2599, 2598, -1,
      2645, 2423, 2642, -1,
      2582, 2640, 2627, -1,
      2640, 2643, 2645, -1,
      2417, 2642, 2423, -1,
      2625, 2644, 2623, -1,
      2646, 2637, 2636, -1,
      2644, 2604, 2641, -1,
      2644, 2625, 2647, -1,
      2643, 2648, 2645, -1,
      2604, 2644, 2605, -1,
      2603, 2621, 2604, -1,
      2648, 2427, 2645, -1,
      2599, 2643, 2640, -1,
      2643, 2626, 2648, -1,
      2423, 2645, 2427, -1,
      2637, 2647, 2625, -1,
      2634, 2633, 2646, -1,
      2601, 2615, 2617, -1,
      2647, 2605, 2644, -1,
      2647, 2637, 2649, -1,
      2626, 2650, 2648, -1,
      2647, 2618, 2605, -1,
      2609, 2603, 2605, -1,
      2650, 2380, 2648, -1,
      2621, 2626, 2643, -1,
      2626, 2622, 2650, -1,
      2427, 2648, 2380, -1,
      2637, 2633, 2649, -1,
      2646, 2633, 2637, -1,
      2635, 2634, 2651, -1,
      2649, 2618, 2647, -1,
      2633, 2652, 2649, -1,
      2622, 2611, 2650, -1,
      2600, 2618, 2649, -1,
      2607, 2609, 2618, -1,
      2611, 2410, 2650, -1,
      2603, 2622, 2626, -1,
      2622, 2608, 2611, -1,
      2380, 2650, 2410, -1,
      2635, 2652, 2633, -1,
      2653, 2651, 2634, -1,
      2615, 2654, 2655, -1,
      2652, 2600, 2649, -1,
      2652, 2635, 2656, -1,
      2602, 2617, 2614, -1,
      2652, 2601, 2600, -1,
      2607, 2600, 2602, -1,
      2611, 2404, 2441, -1,
      2609, 2608, 2622, -1,
      2608, 2606, 2610, -1,
      2410, 2611, 2441, -1,
      2651, 2656, 2635, -1,
      2651, 2657, 2654, -1,
      2657, 2658, 2659, -1,
      2656, 2601, 2652, -1,
      2654, 2656, 2651, -1,
      2660, 2661, 2616, -1,
      2601, 2656, 2615, -1,
      2601, 2617, 2602, -1,
      2610, 2397, 2404, -1,
      2607, 2606, 2608, -1,
      2606, 2614, 2612, -1,
      2404, 2611, 2610, -1,
      2653, 2657, 2651, -1,
      2659, 2658, 2662, -1,
      2656, 2654, 2615, -1,
      2657, 2659, 2654, -1,
      2655, 2616, 2615, -1,
      2614, 2617, 2661, -1,
      2612, 2452, 2397, -1,
      2602, 2614, 2606, -1,
      2661, 2613, 2614, -1,
      2397, 2610, 2612, -1,
      2655, 2659, 2662, -1,
      2659, 2655, 2654, -1,
      2662, 2663, 2655, -1,
      2663, 2664, 2655, -1,
      2655, 2664, 2616, -1,
      2617, 2616, 2661, -1,
      2616, 2664, 2660, -1,
      2619, 2613, 2661, -1,
      2660, 2619, 2661, -1,
      2452, 2612, 2613, -1,
      2663, 2665, 2664, -1,
      2665, 2666, 2664, -1,
      2664, 2666, 2660, -1,
      2666, 2667, 2660, -1,
      2667, 2620, 2619, -1,
      2667, 2619, 2660, -1,
      2391, 2619, 2620, -1,
      2668, 2669, 2670, -1,
      2671, 2672, 2673, -1,
      2674, 2523, 2675, -1,
      2473, 2676, 2670, -1,
      2676, 2473, 2471, -1,
      2677, 2469, 2678, -1,
      2678, 2469, 2468, -1,
      2679, 2680, 2681, -1,
      2465, 2682, 2683, -1,
      2510, 2684, 2464, -1,
      2685, 2686, 2687, -1,
      2686, 2688, 2689, -1,
      2690, 2464, 2684, -1,
      2691, 2692, 2485, -1,
      2693, 2694, 2695, -1,
      2696, 2518, 2697, -1,
      2698, 2699, 2700, -1,
      2701, 2702, 2703, -1,
      2523, 2674, 2520, -1,
      2704, 2705, 2706, -1,
      2522, 2675, 2523, -1,
      2707, 2708, 2709, -1,
      2705, 2710, 2709, -1,
      2711, 2712, 2675, -1,
      2713, 2712, 2714, -1,
      2715, 2716, 2717, -1,
      2711, 2717, 2718, -1,
      2507, 2506, 2715, -1,
      2715, 2717, 2507, -1,
      2719, 2720, 2721, -1,
      2720, 2722, 2723, -1,
      2724, 2719, 2706, -1,
      2702, 2725, 2726, -1,
      2707, 2710, 2703, -1,
      2727, 2726, 2728, -1,
      2729, 2727, 2730, -1,
      2478, 2731, 2697, -1,
      2732, 2496, 2696, -1,
      2699, 2729, 2733, -1,
      2734, 2735, 2698, -1,
      2489, 2736, 2490, -1,
      2692, 2737, 2477, -1,
      2738, 2695, 2735, -1,
      2694, 2739, 2688, -1,
      2691, 2485, 2488, -1,
      2679, 2685, 2740, -1,
      2690, 2741, 2459, -1,
      2681, 2742, 2671, -1,
      2467, 2683, 2743, -1,
      2677, 2676, 2471, -1,
      2459, 2741, 2466, -1,
      2669, 2673, 2744, -1,
      2744, 2673, 2745, -1,
      2746, 2744, 2745, -1,
      2747, 2746, 2745, -1,
      2747, 2748, 2749, -1,
      2749, 2748, 2750, -1,
      2751, 2750, 2752, -1,
      2676, 2668, 2670, -1,
      2469, 2677, 2471, -1,
      2672, 2753, 2745, -1,
      2668, 2673, 2669, -1,
      2743, 2468, 2467, -1,
      2747, 2754, 2748, -1,
      2671, 2673, 2668, -1,
      2672, 2745, 2673, -1,
      2748, 2755, 2752, -1,
      2746, 2747, 2749, -1,
      2747, 2753, 2754, -1,
      2752, 2750, 2748, -1,
      2676, 2756, 2668, -1,
      2756, 2676, 2677, -1,
      2742, 2757, 2672, -1,
      2756, 2671, 2668, -1,
      2758, 2756, 2677, -1,
      2753, 2759, 2754, -1,
      2681, 2671, 2756, -1,
      2742, 2672, 2671, -1,
      2754, 2760, 2755, -1,
      2745, 2753, 2747, -1,
      2753, 2757, 2759, -1,
      2755, 2748, 2754, -1,
      2678, 2758, 2677, -1,
      2683, 2467, 2465, -1,
      2680, 2761, 2742, -1,
      2758, 2681, 2756, -1,
      2758, 2678, 2762, -1,
      2757, 2763, 2759, -1,
      2679, 2681, 2758, -1,
      2680, 2742, 2681, -1,
      2759, 2764, 2760, -1,
      2672, 2757, 2753, -1,
      2757, 2761, 2763, -1,
      2760, 2754, 2759, -1,
      2678, 2743, 2762, -1,
      2743, 2678, 2468, -1,
      2740, 2765, 2680, -1,
      2762, 2679, 2758, -1,
      2766, 2762, 2743, -1,
      2761, 2767, 2763, -1,
      2685, 2679, 2762, -1,
      2740, 2680, 2679, -1,
      2763, 2768, 2764, -1,
      2742, 2761, 2757, -1,
      2761, 2765, 2767, -1,
      2764, 2759, 2763, -1,
      2683, 2766, 2743, -1,
      2466, 2682, 2465, -1,
      2687, 2769, 2740, -1,
      2766, 2685, 2762, -1,
      2770, 2766, 2683, -1,
      2765, 2771, 2767, -1,
      2686, 2685, 2766, -1,
      2687, 2740, 2685, -1,
      2767, 2772, 2768, -1,
      2680, 2765, 2761, -1,
      2765, 2769, 2771, -1,
      2768, 2763, 2767, -1,
      2770, 2683, 2682, -1,
      2690, 2459, 2464, -1,
      2689, 2773, 2687, -1,
      2770, 2686, 2766, -1,
      2774, 2770, 2682, -1,
      2769, 2775, 2771, -1,
      2688, 2686, 2770, -1,
      2689, 2687, 2686, -1,
      2771, 2776, 2772, -1,
      2740, 2769, 2765, -1,
      2769, 2773, 2775, -1,
      2772, 2767, 2771, -1,
      2682, 2741, 2774, -1,
      2741, 2682, 2466, -1,
      2739, 2777, 2689, -1,
      2774, 2688, 2770, -1,
      2737, 2510, 2477, -1,
      2773, 2778, 2775, -1,
      2694, 2688, 2774, -1,
      2739, 2689, 2688, -1,
      2775, 2779, 2776, -1,
      2687, 2773, 2769, -1,
      2773, 2777, 2778, -1,
      2776, 2771, 2775, -1,
      2741, 2780, 2774, -1,
      2780, 2741, 2690, -1,
      2693, 2781, 2739, -1,
      2780, 2694, 2774, -1,
      2692, 2477, 2485, -1,
      2777, 2782, 2778, -1,
      2695, 2694, 2780, -1,
      2693, 2739, 2694, -1,
      2778, 2783, 2779, -1,
      2689, 2777, 2773, -1,
      2777, 2781, 2782, -1,
      2779, 2775, 2778, -1,
      2690, 2784, 2780, -1,
      2684, 2784, 2690, -1,
      2738, 2785, 2693, -1,
      2784, 2695, 2780, -1,
      2786, 2784, 2684, -1,
      2781, 2787, 2782, -1,
      2735, 2695, 2784, -1,
      2738, 2693, 2695, -1,
      2782, 2788, 2783, -1,
      2739, 2781, 2777, -1,
      2781, 2785, 2787, -1,
      2783, 2778, 2782, -1,
      2684, 2737, 2786, -1,
      2737, 2684, 2510, -1,
      2734, 2789, 2738, -1,
      2786, 2735, 2784, -1,
      2732, 2488, 2496, -1,
      2785, 2790, 2787, -1,
      2698, 2735, 2786, -1,
      2734, 2738, 2735, -1,
      2787, 2791, 2788, -1,
      2693, 2785, 2781, -1,
      2785, 2789, 2790, -1,
      2788, 2782, 2787, -1,
      2737, 2792, 2786, -1,
      2792, 2737, 2692, -1,
      2700, 2793, 2734, -1,
      2792, 2698, 2786, -1,
      2696, 2496, 2518, -1,
      2789, 2794, 2790, -1,
      2699, 2698, 2792, -1,
      2700, 2734, 2698, -1,
      2790, 2795, 2791, -1,
      2738, 2789, 2785, -1,
      2789, 2793, 2794, -1,
      2791, 2787, 2790, -1,
      2692, 2796, 2792, -1,
      2691, 2796, 2692, -1,
      2733, 2797, 2700, -1,
      2796, 2699, 2792, -1,
      2798, 2796, 2691, -1,
      2793, 2799, 2794, -1,
      2729, 2699, 2796, -1,
      2733, 2700, 2699, -1,
      2794, 2800, 2795, -1,
      2734, 2793, 2789, -1,
      2793, 2797, 2799, -1,
      2795, 2790, 2794, -1,
      2691, 2732, 2798, -1,
      2732, 2691, 2488, -1,
      2730, 2801, 2733, -1,
      2798, 2729, 2796, -1,
      2798, 2732, 2802, -1,
      2797, 2803, 2799, -1,
      2727, 2729, 2798, -1,
      2730, 2733, 2729, -1,
      2799, 2804, 2800, -1,
      2700, 2797, 2793, -1,
      2797, 2801, 2803, -1,
      2800, 2794, 2799, -1,
      2696, 2802, 2732, -1,
      2478, 2697, 2518, -1,
      2728, 2805, 2730, -1,
      2802, 2727, 2798, -1,
      2802, 2696, 2806, -1,
      2801, 2807, 2803, -1,
      2726, 2727, 2802, -1,
      2728, 2730, 2727, -1,
      2803, 2808, 2804, -1,
      2733, 2801, 2797, -1,
      2801, 2805, 2807, -1,
      2804, 2799, 2803, -1,
      2697, 2806, 2696, -1,
      2490, 2731, 2478, -1,
      2725, 2809, 2728, -1,
      2806, 2726, 2802, -1,
      2810, 2489, 2520, -1,
      2805, 2811, 2807, -1,
      2702, 2726, 2806, -1,
      2725, 2728, 2726, -1,
      2807, 2812, 2808, -1,
      2730, 2805, 2801, -1,
      2805, 2809, 2811, -1,
      2808, 2803, 2807, -1,
      2697, 2813, 2806, -1,
      2813, 2697, 2731, -1,
      2701, 2814, 2725, -1,
      2813, 2702, 2806, -1,
      2815, 2813, 2731, -1,
      2809, 2816, 2811, -1,
      2703, 2702, 2813, -1,
      2701, 2725, 2702, -1,
      2811, 2817, 2812, -1,
      2728, 2809, 2805, -1,
      2809, 2814, 2816, -1,
      2812, 2807, 2811, -1,
      2731, 2736, 2815, -1,
      2736, 2731, 2490, -1,
      2710, 2818, 2701, -1,
      2815, 2703, 2813, -1,
      2736, 2819, 2815, -1,
      2814, 2820, 2816, -1,
      2703, 2815, 2707, -1,
      2710, 2701, 2703, -1,
      2816, 2821, 2817, -1,
      2725, 2814, 2809, -1,
      2814, 2818, 2820, -1,
      2817, 2811, 2816, -1,
      2736, 2810, 2819, -1,
      2810, 2736, 2489, -1,
      2822, 2823, 2824, -1,
      2819, 2707, 2815, -1,
      2825, 2819, 2810, -1,
      2818, 2704, 2820, -1,
      2819, 2708, 2707, -1,
      2709, 2710, 2707, -1,
      2820, 2826, 2821, -1,
      2701, 2818, 2814, -1,
      2818, 2705, 2704, -1,
      2821, 2816, 2820, -1,
      2810, 2674, 2825, -1,
      2674, 2810, 2520, -1,
      2708, 2827, 2822, -1,
      2825, 2708, 2819, -1,
      2674, 2828, 2825, -1,
      2709, 2822, 2724, -1,
      2708, 2825, 2827, -1,
      2709, 2708, 2822, -1,
      2704, 2829, 2826, -1,
      2710, 2705, 2818, -1,
      2705, 2724, 2706, -1,
      2826, 2820, 2704, -1,
      2675, 2828, 2674, -1,
      2524, 2711, 2522, -1,
      2713, 2827, 2828, -1,
      2828, 2827, 2825, -1,
      2828, 2712, 2713, -1,
      2823, 2822, 2827, -1,
      2827, 2713, 2823, -1,
      2724, 2822, 2824, -1,
      2706, 2721, 2829, -1,
      2709, 2724, 2705, -1,
      2724, 2824, 2719, -1,
      2829, 2704, 2706, -1,
      2522, 2711, 2675, -1,
      2524, 2507, 2717, -1,
      2823, 2713, 2830, -1,
      2675, 2712, 2828, -1,
      2712, 2718, 2714, -1,
      2824, 2823, 2831, -1,
      2713, 2714, 2830, -1,
      2832, 2723, 2722, -1,
      2823, 2830, 2831, -1,
      2722, 2719, 2824, -1,
      2831, 2722, 2824, -1,
      2721, 2706, 2719, -1,
      2524, 2717, 2711, -1,
      2711, 2718, 2712, -1,
      2716, 2833, 2718, -1,
      2717, 2716, 2718, -1,
      2833, 2834, 2714, -1,
      2718, 2833, 2714, -1,
      2834, 2835, 2830, -1,
      2714, 2834, 2830, -1,
      2835, 2832, 2831, -1,
      2830, 2835, 2831, -1,
      2832, 2722, 2831, -1,
      2720, 2719, 2722, -1,
      2836, 2837, 2838, -1,
      2839, 2840, 2841, -1,
      2842, 2569, 2843, -1,
      2568, 2844, 2843, -1,
      2837, 2845, 2846, -1,
      2847, 2848, 2836, -1,
      2849, 2845, 2850, -1,
      2560, 2561, 2851, -1,
      2852, 2850, 2853, -1,
      2853, 2854, 2855, -1,
      2856, 2561, 2562, -1,
      2751, 2857, 2858, -1,
      2859, 2860, 2861, -1,
      2860, 2862, 2863, -1,
      2864, 2863, 2857, -1,
      2855, 2865, 2859, -1,
      2571, 2842, 2866, -1,
      2867, 2865, 2854, -1,
      2856, 2868, 2869, -1,
      2870, 2871, 2869, -1,
      2872, 2670, 2669, -1,
      2873, 2868, 2872, -1,
      2565, 2670, 2872, -1,
      2874, 2875, 2848, -1,
      2565, 2473, 2670, -1,
      2875, 2876, 2877, -1,
      2567, 2878, 2566, -1,
      2879, 2877, 2880, -1,
      2881, 2882, 2575, -1,
      2883, 2884, 2879, -1,
      2545, 2882, 2885, -1,
      2884, 2886, 2887, -1,
      2575, 2574, 2881, -1,
      2888, 2887, 2889, -1,
      2890, 2891, 2576, -1,
      2892, 2893, 2888, -1,
      2534, 2891, 2894, -1,
      2893, 2895, 2896, -1,
      2576, 2577, 2890, -1,
      2897, 2896, 2898, -1,
      2899, 2900, 2526, -1,
      2901, 2841, 2897, -1,
      2539, 2900, 2902, -1,
      2903, 2537, 2904, -1,
      2894, 2578, 2534, -1,
      2905, 2834, 2906, -1,
      2840, 2833, 2716, -1,
      2906, 2834, 2833, -1,
      2907, 2832, 2835, -1,
      2833, 2840, 2906, -1,
      2907, 2835, 2905, -1,
      2723, 2832, 2908, -1,
      2840, 2716, 2909, -1,
      2715, 2909, 2716, -1,
      2506, 2910, 2715, -1,
      2715, 2910, 2909, -1,
      2851, 2561, 2856, -1,
      2910, 2506, 2535, -1,
      2537, 2903, 2535, -1,
      2538, 2904, 2537, -1,
      2535, 2903, 2910, -1,
      2839, 2911, 2906, -1,
      2902, 2538, 2539, -1,
      2905, 2912, 2907, -1,
      2841, 2840, 2909, -1,
      2839, 2906, 2840, -1,
      2907, 2913, 2908, -1,
      2834, 2905, 2835, -1,
      2905, 2911, 2912, -1,
      2908, 2832, 2907, -1,
      2910, 2914, 2909, -1,
      2914, 2910, 2903, -1,
      2901, 2915, 2839, -1,
      2914, 2841, 2909, -1,
      2916, 2914, 2903, -1,
      2911, 2917, 2912, -1,
      2897, 2841, 2914, -1,
      2901, 2839, 2841, -1,
      2912, 2918, 2913, -1,
      2906, 2911, 2905, -1,
      2911, 2915, 2917, -1,
      2913, 2907, 2912, -1,
      2904, 2916, 2903, -1,
      2900, 2539, 2526, -1,
      2898, 2919, 2901, -1,
      2916, 2897, 2914, -1,
      2916, 2904, 2920, -1,
      2915, 2921, 2917, -1,
      2896, 2897, 2916, -1,
      2898, 2901, 2897, -1,
      2917, 2922, 2918, -1,
      2839, 2915, 2911, -1,
      2915, 2919, 2921, -1,
      2918, 2912, 2917, -1,
      2904, 2902, 2920, -1,
      2902, 2904, 2538, -1,
      2895, 2923, 2898, -1,
      2920, 2896, 2916, -1,
      2924, 2920, 2902, -1,
      2919, 2925, 2921, -1,
      2893, 2896, 2920, -1,
      2895, 2898, 2896, -1,
      2921, 2926, 2922, -1,
      2901, 2919, 2915, -1,
      2919, 2923, 2925, -1,
      2922, 2917, 2921, -1,
      2900, 2924, 2902, -1,
      2578, 2899, 2526, -1,
      2892, 2927, 2895, -1,
      2924, 2893, 2920, -1,
      2928, 2924, 2900, -1,
      2923, 2929, 2925, -1,
      2888, 2893, 2924, -1,
      2892, 2895, 2893, -1,
      2925, 2930, 2926, -1,
      2898, 2923, 2919, -1,
      2923, 2927, 2929, -1,
      2926, 2921, 2925, -1,
      2928, 2900, 2899, -1,
      2891, 2534, 2576, -1,
      2889, 2931, 2892, -1,
      2928, 2888, 2924, -1,
      2932, 2928, 2899, -1,
      2927, 2933, 2929, -1,
      2887, 2888, 2928, -1,
      2889, 2892, 2888, -1,
      2929, 2934, 2930, -1,
      2895, 2927, 2923, -1,
      2927, 2931, 2933, -1,
      2930, 2925, 2929, -1,
      2899, 2894, 2932, -1,
      2894, 2899, 2578, -1,
      2886, 2935, 2889, -1,
      2932, 2887, 2928, -1,
      2885, 2577, 2545, -1,
      2931, 2936, 2933, -1,
      2884, 2887, 2932, -1,
      2886, 2889, 2887, -1,
      2933, 2937, 2934, -1,
      2892, 2931, 2927, -1,
      2931, 2935, 2936, -1,
      2934, 2929, 2933, -1,
      2894, 2938, 2932, -1,
      2938, 2894, 2891, -1,
      2883, 2939, 2886, -1,
      2938, 2884, 2932, -1,
      2882, 2545, 2575, -1,
      2935, 2940, 2936, -1,
      2879, 2884, 2938, -1,
      2883, 2886, 2884, -1,
      2936, 2941, 2937, -1,
      2889, 2935, 2931, -1,
      2935, 2939, 2940, -1,
      2937, 2933, 2936, -1,
      2891, 2942, 2938, -1,
      2890, 2942, 2891, -1,
      2880, 2943, 2883, -1,
      2942, 2879, 2938, -1,
      2944, 2942, 2890, -1,
      2939, 2945, 2940, -1,
      2877, 2879, 2942, -1,
      2880, 2883, 2879, -1,
      2940, 2946, 2941, -1,
      2886, 2939, 2935, -1,
      2939, 2943, 2945, -1,
      2941, 2936, 2940, -1,
      2890, 2885, 2944, -1,
      2885, 2890, 2577, -1,
      2876, 2947, 2880, -1,
      2944, 2877, 2942, -1,
      2866, 2574, 2571, -1,
      2943, 2948, 2945, -1,
      2875, 2877, 2944, -1,
      2876, 2880, 2877, -1,
      2945, 2949, 2946, -1,
      2883, 2943, 2939, -1,
      2943, 2947, 2948, -1,
      2946, 2940, 2945, -1,
      2885, 2950, 2944, -1,
      2950, 2885, 2882, -1,
      2874, 2951, 2876, -1,
      2950, 2875, 2944, -1,
      2842, 2571, 2569, -1,
      2947, 2952, 2948, -1,
      2848, 2875, 2950, -1,
      2874, 2876, 2875, -1,
      2948, 2953, 2949, -1,
      2880, 2947, 2943, -1,
      2947, 2951, 2952, -1,
      2949, 2945, 2948, -1,
      2882, 2954, 2950, -1,
      2881, 2954, 2882, -1,
      2847, 2955, 2874, -1,
      2954, 2848, 2950, -1,
      2956, 2954, 2881, -1,
      2951, 2957, 2952, -1,
      2836, 2848, 2954, -1,
      2847, 2874, 2848, -1,
      2952, 2958, 2953, -1,
      2876, 2951, 2947, -1,
      2951, 2955, 2957, -1,
      2953, 2948, 2952, -1,
      2881, 2866, 2956, -1,
      2866, 2881, 2574, -1,
      2838, 2959, 2847, -1,
      2956, 2836, 2954, -1,
      2956, 2866, 2960, -1,
      2955, 2961, 2957, -1,
      2837, 2836, 2956, -1,
      2838, 2847, 2836, -1,
      2957, 2962, 2958, -1,
      2874, 2955, 2951, -1,
      2955, 2959, 2961, -1,
      2958, 2952, 2957, -1,
      2842, 2960, 2866, -1,
      2568, 2843, 2569, -1,
      2846, 2963, 2838, -1,
      2960, 2837, 2956, -1,
      2960, 2842, 2964, -1,
      2959, 2965, 2961, -1,
      2845, 2837, 2960, -1,
      2846, 2838, 2837, -1,
      2961, 2966, 2962, -1,
      2847, 2959, 2955, -1,
      2959, 2963, 2965, -1,
      2962, 2957, 2961, -1,
      2843, 2964, 2842, -1,
      2566, 2844, 2568, -1,
      2849, 2967, 2846, -1,
      2964, 2845, 2960, -1,
      2968, 2567, 2560, -1,
      2963, 2969, 2965, -1,
      2850, 2845, 2964, -1,
      2849, 2846, 2845, -1,
      2965, 2970, 2966, -1,
      2838, 2963, 2959, -1,
      2963, 2967, 2969, -1,
      2966, 2961, 2965, -1,
      2843, 2971, 2964, -1,
      2971, 2843, 2844, -1,
      2852, 2972, 2849, -1,
      2971, 2850, 2964, -1,
      2973, 2971, 2844, -1,
      2967, 2974, 2969, -1,
      2853, 2850, 2971, -1,
      2852, 2849, 2850, -1,
      2969, 2975, 2970, -1,
      2846, 2967, 2963, -1,
      2967, 2972, 2974, -1,
      2970, 2965, 2969, -1,
      2844, 2878, 2973, -1,
      2878, 2844, 2566, -1,
      2855, 2976, 2852, -1,
      2973, 2853, 2971, -1,
      2878, 2977, 2973, -1,
      2972, 2978, 2974, -1,
      2853, 2973, 2854, -1,
      2855, 2852, 2853, -1,
      2974, 2979, 2975, -1,
      2849, 2972, 2967, -1,
      2972, 2976, 2978, -1,
      2975, 2969, 2974, -1,
      2878, 2968, 2977, -1,
      2968, 2878, 2567, -1,
      2980, 2981, 2982, -1,
      2977, 2854, 2973, -1,
      2983, 2977, 2968, -1,
      2976, 2861, 2978, -1,
      2977, 2867, 2854, -1,
      2865, 2855, 2854, -1,
      2978, 2984, 2979, -1,
      2852, 2976, 2972, -1,
      2976, 2859, 2861, -1,
      2979, 2974, 2978, -1,
      2968, 2851, 2983, -1,
      2851, 2968, 2560, -1,
      2867, 2985, 2980, -1,
      2983, 2867, 2977, -1,
      2851, 2986, 2983, -1,
      2865, 2980, 2862, -1,
      2867, 2983, 2985, -1,
      2865, 2867, 2980, -1,
      2861, 2987, 2984, -1,
      2855, 2859, 2976, -1,
      2859, 2862, 2860, -1,
      2984, 2978, 2861, -1,
      2856, 2986, 2851, -1,
      2564, 2868, 2562, -1,
      2871, 2985, 2986, -1,
      2986, 2985, 2983, -1,
      2986, 2869, 2871, -1,
      2981, 2980, 2985, -1,
      2985, 2871, 2981, -1,
      2862, 2980, 2982, -1,
      2860, 2864, 2987, -1,
      2865, 2862, 2859, -1,
      2862, 2982, 2863, -1,
      2987, 2861, 2860, -1,
      2562, 2868, 2856, -1,
      2564, 2565, 2872, -1,
      2981, 2871, 2988, -1,
      2856, 2869, 2986, -1,
      2869, 2873, 2870, -1,
      2982, 2981, 2989, -1,
      2871, 2870, 2988, -1,
      2750, 2751, 2858, -1,
      2981, 2988, 2989, -1,
      2858, 2863, 2982, -1,
      2989, 2858, 2982, -1,
      2864, 2860, 2863, -1,
      2564, 2872, 2868, -1,
      2868, 2873, 2869, -1,
      2669, 2744, 2873, -1,
      2872, 2669, 2873, -1,
      2744, 2746, 2870, -1,
      2873, 2744, 2870, -1,
      2746, 2749, 2988, -1,
      2870, 2746, 2988, -1,
      2749, 2750, 2989, -1,
      2988, 2749, 2989, -1,
      2750, 2858, 2989, -1,
      2857, 2863, 2858, -1,
      2990, 2991, 2992, -1,
      2993, 2992, 2994, -1,
      2589, 2995, 2996, -1,
      2997, 2993, 2998, -1,
      2999, 3000, 3001, -1,
      2995, 2593, 3002, -1,
      2999, 2997, 3003, -1,
      3004, 3002, 2592, -1,
      2586, 3005, 3004, -1,
      3005, 2588, 3006, -1,
      3007, 3006, 2581, -1,
      3008, 3009, 3001, -1,
      3010, 3009, 3011, -1,
      3012, 2580, 2376, -1,
      3010, 3013, 3014, -1,
      3015, 3016, 3017, -1,
      2580, 3012, 3007, -1,
      3018, 3014, 3019, -1,
      3014, 3013, 3019, -1,
      3020, 3021, 3022, -1,
      3022, 3012, 2376, -1,
      3023, 3024, 3018, -1,
      2996, 3025, 2590, -1,
      3025, 3026, 2632, -1,
      3027, 3028, 2990, -1,
      3029, 2624, 3026, -1,
      3027, 3030, 3031, -1,
      3029, 3032, 2636, -1,
      3033, 3030, 3034, -1,
      3035, 2646, 3032, -1,
      3036, 3037, 3034, -1,
      2634, 3035, 3038, -1,
      3039, 3040, 3036, -1,
      3038, 3041, 2653, -1,
      3042, 3043, 3039, -1,
      3044, 2657, 3041, -1,
      3045, 3042, 3046, -1,
      2658, 3044, 3047, -1,
      3048, 3049, 3046, -1,
      3047, 3050, 2662, -1,
      3051, 3052, 3048, -1,
      3053, 2663, 3050, -1,
      3051, 3054, 3055, -1,
      3053, 3056, 2665, -1,
      3057, 3058, 3054, -1,
      3059, 3060, 3061, -1,
      3015, 3062, 3056, -1,
      3060, 3062, 3063, -1,
      3060, 3063, 3061, -1,
      3058, 3064, 3065, -1,
      2620, 3059, 2393, -1,
      3057, 3066, 3064, -1,
      3067, 3068, 3069, -1,
      3016, 3070, 3064, -1,
      3012, 3022, 3021, -1,
      2581, 2580, 3007, -1,
      3019, 3013, 3020, -1,
      3021, 3020, 3013, -1,
      3012, 3021, 3071, -1,
      3018, 3024, 3014, -1,
      3010, 3011, 3013, -1,
      3072, 3014, 3024, -1,
      3007, 3012, 3071, -1,
      2588, 2581, 3006, -1,
      3013, 3011, 3021, -1,
      3071, 3021, 3011, -1,
      3073, 3007, 3071, -1,
      3010, 3072, 3074, -1,
      3011, 3009, 3008, -1,
      3072, 3010, 3014, -1,
      3006, 3007, 3073, -1,
      2586, 2588, 3005, -1,
      3011, 3008, 3071, -1,
      3073, 3071, 3008, -1,
      3006, 3073, 3075, -1,
      3009, 3074, 3076, -1,
      3000, 3008, 3001, -1,
      3074, 3009, 3010, -1,
      3005, 3006, 3075, -1,
      2592, 2586, 3004, -1,
      3008, 3000, 3073, -1,
      3075, 3073, 3000, -1,
      3005, 3075, 3077, -1,
      3001, 3009, 3076, -1,
      2999, 3003, 3000, -1,
      3078, 3001, 3076, -1,
      3004, 3005, 3077, -1,
      2593, 2592, 3002, -1,
      3000, 3003, 3075, -1,
      3077, 3075, 3003, -1,
      3079, 3004, 3077, -1,
      2999, 3078, 3080, -1,
      3003, 2997, 2998, -1,
      3078, 2999, 3001, -1,
      3002, 3004, 3079, -1,
      2589, 2593, 2995, -1,
      3003, 2998, 3077, -1,
      3079, 3077, 2998, -1,
      3002, 3079, 3081, -1,
      2997, 3080, 3082, -1,
      2998, 2993, 2994, -1,
      3080, 2997, 2999, -1,
      2995, 3002, 3081, -1,
      2590, 2589, 2996, -1,
      2998, 2994, 3079, -1,
      3081, 3079, 2994, -1,
      2995, 3081, 3083, -1,
      2997, 3082, 2993, -1,
      2992, 2991, 2994, -1,
      3084, 2993, 3082, -1,
      2996, 2995, 3083, -1,
      2632, 2590, 3025, -1,
      2994, 2991, 3081, -1,
      3083, 3081, 2991, -1,
      3085, 2996, 3083, -1,
      2992, 3084, 3086, -1,
      2991, 2990, 3028, -1,
      3084, 2992, 2993, -1,
      3025, 2996, 3085, -1,
      2624, 2632, 3026, -1,
      2991, 3028, 3083, -1,
      3085, 3083, 3028, -1,
      3025, 3085, 3087, -1,
      2990, 3086, 3088, -1,
      3028, 3027, 3031, -1,
      3086, 2990, 2992, -1,
      3026, 3025, 3087, -1,
      2636, 2624, 3029, -1,
      3028, 3031, 3085, -1,
      3087, 3085, 3031, -1,
      3026, 3087, 3089, -1,
      3027, 3088, 3090, -1,
      3031, 3030, 3033, -1,
      3088, 3027, 2990, -1,
      3029, 3026, 3089, -1,
      2646, 2636, 3032, -1,
      3031, 3033, 3087, -1,
      3089, 3087, 3033, -1,
      3091, 3029, 3089, -1,
      3030, 3090, 3092, -1,
      3033, 3034, 3037, -1,
      3090, 3030, 3027, -1,
      3032, 3029, 3091, -1,
      2634, 2646, 3035, -1,
      3033, 3037, 3089, -1,
      3091, 3089, 3037, -1,
      3032, 3091, 3093, -1,
      3034, 3092, 3094, -1,
      3040, 3037, 3036, -1,
      3092, 3034, 3030, -1,
      3035, 3032, 3093, -1,
      2653, 2634, 3038, -1,
      3037, 3040, 3091, -1,
      3093, 3091, 3040, -1,
      3035, 3093, 3095, -1,
      3036, 3034, 3094, -1,
      3039, 3043, 3040, -1,
      3096, 3036, 3094, -1,
      3038, 3035, 3095, -1,
      2657, 2653, 3041, -1,
      3040, 3043, 3093, -1,
      3095, 3093, 3043, -1,
      3097, 3038, 3095, -1,
      3039, 3096, 3098, -1,
      3043, 3042, 3045, -1,
      3096, 3039, 3036, -1,
      3041, 3038, 3097, -1,
      2658, 2657, 3044, -1,
      3043, 3045, 3095, -1,
      3097, 3095, 3045, -1,
      3041, 3097, 3099, -1,
      3039, 3098, 3042, -1,
      3045, 3046, 3049, -1,
      3100, 3042, 3098, -1,
      3044, 3041, 3099, -1,
      2662, 2658, 3047, -1,
      3045, 3049, 3097, -1,
      3099, 3097, 3049, -1,
      3044, 3099, 3101, -1,
      3102, 3046, 3100, -1,
      3049, 3048, 3052, -1,
      3100, 3046, 3042, -1,
      3047, 3044, 3101, -1,
      2663, 2662, 3050, -1,
      3049, 3052, 3099, -1,
      3101, 3099, 3052, -1,
      3047, 3101, 3103, -1,
      3048, 3102, 3104, -1,
      3052, 3051, 3055, -1,
      3102, 3048, 3046, -1,
      3050, 3047, 3103, -1,
      2665, 2663, 3053, -1,
      3052, 3055, 3101, -1,
      3103, 3101, 3055, -1,
      3050, 3103, 3065, -1,
      3048, 3104, 3051, -1,
      3054, 3058, 3055, -1,
      3105, 3051, 3104, -1,
      3053, 3050, 3065, -1,
      2666, 2665, 3056, -1,
      3055, 3058, 3103, -1,
      3065, 3103, 3058, -1,
      3070, 3053, 3065, -1,
      3054, 3105, 3106, -1,
      3058, 3057, 3064, -1,
      3105, 3054, 3051, -1,
      3056, 3053, 3070, -1,
      2667, 2666, 3062, -1,
      3069, 3016, 3066, -1,
      3070, 3065, 3064, -1,
      3070, 3016, 3015, -1,
      3057, 3106, 3107, -1,
      3064, 3066, 3016, -1,
      3106, 3057, 3054, -1,
      2666, 3056, 3062, -1,
      3060, 2620, 2667, -1,
      3069, 3066, 3067, -1,
      3056, 3070, 3015, -1,
      3063, 3015, 3017, -1,
      3066, 3107, 3067, -1,
      3017, 3016, 3069, -1,
      3107, 3066, 3057, -1,
      2667, 3062, 3060, -1,
      2620, 3060, 3059, -1,
      3108, 3061, 3063, -1,
      3062, 3015, 3063, -1,
      3063, 3017, 3108, -1,
      3109, 3108, 3017, -1,
      3017, 3069, 3109, -1,
      3068, 3109, 3069, -1,
      3110, 3111, 2359, -1,
      3112, 3113, 3114, -1,
      3111, 3115, 2356, -1,
      3116, 3117, 3118, -1,
      3119, 3120, 3121, -1,
      3118, 3122, 3123, -1,
      3124, 3125, 3023, -1,
      2357, 3115, 3126, -1,
      3120, 3127, 3121, -1,
      3122, 3127, 3128, -1,
      3129, 3130, 3131, -1,
      3132, 3124, 3120, -1,
      3133, 3134, 3135, -1,
      3131, 3126, 3135, -1,
      3130, 3020, 3022, -1,
      3129, 3020, 3130, -1,
      3136, 3137, 3117, -1,
      2374, 3022, 2376, -1,
      3138, 3110, 2415, -1,
      3126, 2364, 2358, -1,
      3138, 2416, 3139, -1,
      3140, 3137, 3141, -1,
      3142, 3139, 2420, -1,
      3140, 3143, 3144, -1,
      2413, 3110, 2359, -1,
      3145, 3112, 3144, -1,
      3146, 3147, 2430, -1,
      3147, 3142, 2426, -1,
      3148, 3146, 2437, -1,
      3114, 3149, 3150, -1,
      2422, 3142, 2420, -1,
      3151, 3152, 3150, -1,
      3153, 3152, 3154, -1,
      3155, 3156, 3157, -1,
      3158, 3159, 2451, -1,
      3160, 3161, 3162, -1,
      2456, 3163, 3164, -1,
      3165, 3166, 3167, -1,
      3161, 3168, 3169, -1,
      3170, 3061, 3166, -1,
      3059, 3170, 3171, -1,
      3108, 3109, 3167, -1,
      3166, 3108, 3167, -1,
      3068, 3172, 3109, -1,
      3061, 3170, 3059, -1,
      3171, 2392, 2393, -1,
      2393, 3059, 3171, -1,
      3165, 3168, 3173, -1,
      3174, 3175, 2394, -1,
      3174, 2365, 3176, -1,
      2455, 3177, 3163, -1,
      2458, 3175, 3177, -1,
      3156, 3178, 3179, -1,
      3179, 3180, 3162, -1,
      3181, 3158, 2450, -1,
      3164, 3181, 2457, -1,
      3182, 3183, 3153, -1,
      3184, 3157, 3183, -1,
      2443, 3159, 3148, -1,
      2365, 2392, 3176, -1,
      2440, 3148, 2437, -1,
      3176, 2392, 3171, -1,
      3170, 3185, 3171, -1,
      3167, 3109, 3172, -1,
      3061, 3108, 3166, -1,
      3166, 3165, 3173, -1,
      3186, 3167, 3172, -1,
      3176, 3171, 3185, -1,
      2394, 2365, 3174, -1,
      3166, 3173, 3170, -1,
      3185, 3170, 3173, -1,
      3160, 3176, 3185, -1,
      3165, 3167, 3186, -1,
      3173, 3168, 3161, -1,
      3187, 3165, 3186, -1,
      3174, 3176, 3160, -1,
      2458, 2394, 3175, -1,
      3173, 3161, 3185, -1,
      3160, 3185, 3161, -1,
      3180, 3174, 3160, -1,
      3168, 3165, 3187, -1,
      3161, 3169, 3162, -1,
      3188, 3168, 3187, -1,
      3175, 3174, 3180, -1,
      2455, 2458, 3177, -1,
      3162, 3169, 3189, -1,
      3180, 3160, 3162, -1,
      3178, 3175, 3180, -1,
      3169, 3168, 3188, -1,
      3162, 3189, 3179, -1,
      3190, 3169, 3188, -1,
      3177, 3175, 3178, -1,
      2456, 2455, 3163, -1,
      3179, 3189, 3191, -1,
      3178, 3180, 3179, -1,
      3155, 3177, 3178, -1,
      3189, 3169, 3190, -1,
      3179, 3191, 3156, -1,
      3192, 3189, 3190, -1,
      3163, 3177, 3155, -1,
      2457, 2456, 3164, -1,
      3156, 3191, 3193, -1,
      3155, 3178, 3156, -1,
      3184, 3163, 3155, -1,
      3191, 3189, 3192, -1,
      3156, 3193, 3157, -1,
      3194, 3191, 3192, -1,
      3164, 3163, 3184, -1,
      2450, 2457, 3181, -1,
      3157, 3193, 3195, -1,
      3184, 3155, 3157, -1,
      3182, 3164, 3184, -1,
      3193, 3191, 3194, -1,
      3157, 3195, 3183, -1,
      3196, 3193, 3194, -1,
      3181, 3164, 3182, -1,
      2451, 2450, 3158, -1,
      3197, 3198, 3195, -1,
      3182, 3184, 3183, -1,
      3154, 3181, 3182, -1,
      3195, 3193, 3196, -1,
      3183, 3198, 3153, -1,
      3197, 3195, 3196, -1,
      3158, 3181, 3154, -1,
      2443, 2451, 3159, -1,
      3199, 3200, 3198, -1,
      3154, 3182, 3153, -1,
      3151, 3158, 3154, -1,
      3183, 3195, 3198, -1,
      3153, 3200, 3152, -1,
      3197, 3199, 3198, -1,
      3159, 3158, 3151, -1,
      2440, 2443, 3148, -1,
      3201, 3202, 3200, -1,
      3151, 3154, 3152, -1,
      3149, 3159, 3151, -1,
      3153, 3198, 3200, -1,
      3152, 3202, 3150, -1,
      3199, 3201, 3200, -1,
      3148, 3159, 3149, -1,
      2430, 2437, 3146, -1,
      3203, 3204, 3202, -1,
      3149, 3151, 3150, -1,
      3113, 3148, 3149, -1,
      3152, 3200, 3202, -1,
      3150, 3204, 3114, -1,
      3201, 3203, 3202, -1,
      3146, 3148, 3113, -1,
      2426, 2430, 3147, -1,
      3205, 3206, 3204, -1,
      3113, 3149, 3114, -1,
      3145, 3146, 3113, -1,
      3150, 3202, 3204, -1,
      3114, 3206, 3112, -1,
      3203, 3205, 3204, -1,
      3147, 3146, 3145, -1,
      2422, 2426, 3142, -1,
      3207, 3208, 3206, -1,
      3145, 3113, 3112, -1,
      3143, 3147, 3145, -1,
      3114, 3204, 3206, -1,
      3112, 3208, 3144, -1,
      3205, 3207, 3206, -1,
      3142, 3147, 3143, -1,
      2416, 2420, 3139, -1,
      3209, 3210, 3208, -1,
      3143, 3145, 3144, -1,
      3141, 3142, 3143, -1,
      3112, 3206, 3208, -1,
      3144, 3210, 3140, -1,
      3207, 3209, 3208, -1,
      3139, 3142, 3141, -1,
      2415, 2416, 3138, -1,
      3211, 3212, 3210, -1,
      3141, 3143, 3140, -1,
      3136, 3139, 3141, -1,
      3144, 3208, 3210, -1,
      3140, 3212, 3137, -1,
      3209, 3211, 3210, -1,
      3138, 3139, 3136, -1,
      2413, 2415, 3110, -1,
      3213, 3214, 3212, -1,
      3136, 3141, 3137, -1,
      3116, 3138, 3136, -1,
      3140, 3210, 3212, -1,
      3137, 3214, 3117, -1,
      3211, 3213, 3212, -1,
      3110, 3138, 3116, -1,
      2356, 2359, 3111, -1,
      3215, 3216, 3214, -1,
      3116, 3136, 3117, -1,
      3123, 3110, 3116, -1,
      3137, 3212, 3214, -1,
      3117, 3216, 3118, -1,
      3213, 3215, 3214, -1,
      3111, 3110, 3123, -1,
      2357, 2356, 3115, -1,
      3217, 3218, 3216, -1,
      3123, 3116, 3118, -1,
      3128, 3111, 3123, -1,
      3117, 3214, 3216, -1,
      3118, 3218, 3122, -1,
      3215, 3217, 3216, -1,
      3115, 3111, 3128, -1,
      2358, 2357, 3126, -1,
      3219, 3121, 3218, -1,
      3128, 3123, 3122, -1,
      3128, 3220, 3115, -1,
      3118, 3216, 3218, -1,
      3122, 3121, 3127, -1,
      3217, 3219, 3218, -1,
      3126, 3115, 3220, -1,
      3131, 2375, 2364, -1,
      3127, 3133, 3220, -1,
      3220, 3128, 3127, -1,
      3135, 3220, 3133, -1,
      3122, 3218, 3121, -1,
      3127, 3120, 3133, -1,
      3219, 3119, 3121, -1,
      2364, 3126, 3131, -1,
      2375, 3130, 2374, -1,
      3023, 3018, 3124, -1,
      3126, 3220, 3135, -1,
      3135, 3134, 3129, -1,
      3124, 3133, 3120, -1,
      3134, 3133, 3124, -1,
      3119, 3132, 3120, -1,
      2375, 3131, 3130, -1,
      2374, 3130, 3022, -1,
      3019, 3020, 3129, -1,
      3131, 3135, 3129, -1,
      3129, 3134, 3019, -1,
      3018, 3019, 3134, -1,
      3018, 3134, 3124, -1,
      3132, 3125, 3124, -1,
      3221, 3222, 3223, -1,
      3224, 3225, 3226, -1,
      3227, 3228, 3229, -1,
      3230, 3231, 3232, -1,
      3233, 3234, 3235, -1,
      3236, 3237, 3238, -1,
      3239, 3240, 3241, -1,
      3242, 3243, 3244, -1,
      3244, 3245, 3242, -1,
      3246, 3243, 3247, -1,
      3243, 3246, 3244, -1,
      3248, 3249, 3247, -1,
      3246, 3247, 3249, -1,
      3250, 3249, 3248, -1,
      3245, 3238, 3237, -1,
      3242, 3245, 3237, -1,
      3239, 3236, 3240, -1,
      3236, 3238, 3240, -1,
      3230, 3232, 3241, -1,
      3232, 3239, 3241, -1,
      3235, 3234, 3231, -1,
      3235, 3231, 3230, -1,
      3233, 3225, 3224, -1,
      3233, 3224, 3234, -1,
      3226, 3228, 3227, -1,
      3225, 3228, 3226, -1,
      3221, 3229, 3222, -1,
      3227, 3229, 3221, -1,
      3251, 3252, 3253, -1,
      3254, 3255, 3256, -1,
      3257, 3258, 3259, -1,
      3260, 3261, 3262, -1,
      3263, 3264, 3265, -1,
      3265, 3258, 3263, -1,
      3260, 3257, 3259, -1,
      3263, 3266, 3264, -1,
      3258, 3265, 3259, -1,
      3260, 3262, 3257, -1,
      3253, 3262, 3261, -1,
      3251, 3255, 3252, -1,
      3261, 3251, 3253, -1,
      3254, 3252, 3255, -1,
      3267, 3268, 3269, -1,
      3266, 3270, 3264, -1,
      3271, 3272, 3273, -1,
      3274, 3275, 3276, -1,
      3277, 3278, 3272, -1,
      3273, 3272, 3278, -1,
      3273, 3274, 3271, -1,
      3276, 3271, 3274, -1,
      3269, 3276, 3275, -1,
      3275, 3267, 3269, -1,
      3266, 3268, 3270, -1,
      3267, 3270, 3268, -1,
      3277, 3279, 3280, -1,
      3277, 3280, 3278, -1,
      3281, 3280, 3279, -1,
      3282, 3283, 3284, -1,
      3285, 3286, 3287, -1,
      3288, 3289, 3290, -1,
      3291, 3292, 3293, -1,
      3294, 3295, 3296, -1,
      3297, 3298, 3299, -1,
      3300, 3301, 3302, -1,
      3303, 3304, 3305, -1,
      3300, 3306, 3307, -1,
      3307, 3301, 3300, -1,
      3308, 3306, 3309, -1,
      3306, 3308, 3307, -1,
      3310, 3311, 3309, -1,
      3308, 3309, 3311, -1,
      3312, 3311, 3310, -1,
      3305, 3302, 3303, -1,
      3301, 3303, 3302, -1,
      3295, 3304, 3296, -1,
      3305, 3304, 3295, -1,
      3297, 3294, 3298, -1,
      3294, 3296, 3298, -1,
      3288, 3290, 3299, -1,
      3290, 3297, 3299, -1,
      3293, 3292, 3289, -1,
      3293, 3289, 3288, -1,
      3291, 3283, 3282, -1,
      3291, 3282, 3292, -1,
      3284, 3286, 3285, -1,
      3283, 3286, 3284, -1,
      3281, 3287, 3280, -1,
      3285, 3287, 3281, -1,
      3231, 2970, 2975, -1,
      3239, 2979, 2984, -1,
      2975, 2979, 3232, -1,
      3237, 2984, 2987, -1,
      2857, 3243, 2864, -1,
      2987, 2864, 3242, -1,
      3247, 2857, 2751, -1,
      2752, 3313, 2751, -1,
      3313, 3248, 2751, -1,
      3314, 3315, 2764, -1,
      2752, 2755, 3316, -1,
      3317, 2755, 2760, -1,
      3315, 3317, 2760, -1,
      3318, 2764, 2768, -1,
      3319, 2776, 3320, -1,
      3321, 3318, 2768, -1,
      3310, 3322, 2804, -1,
      3323, 2783, 3324, -1,
      2795, 2800, 3322, -1,
      3310, 2804, 2808, -1,
      3324, 2788, 3322, -1,
      2788, 2791, 3322, -1,
      3320, 2779, 3325, -1,
      3323, 3325, 2779, -1,
      3321, 2772, 3326, -1,
      2776, 3319, 3326, -1,
      2962, 3221, 2958, -1,
      2970, 3234, 3224, -1,
      2720, 2723, 3310, -1,
      3310, 2723, 3312, -1,
      2966, 3224, 3226, -1,
      2829, 2721, 3310, -1,
      3310, 2721, 2720, -1,
      2821, 2826, 3310, -1,
      3310, 2826, 2829, -1,
      2812, 2817, 3310, -1,
      3310, 2817, 2821, -1,
      3310, 2808, 2812, -1,
      2804, 3322, 2800, -1,
      2791, 2795, 3322, -1,
      3324, 2783, 2788, -1,
      3323, 2779, 2783, -1,
      3320, 2776, 2779, -1,
      3326, 2772, 2776, -1,
      3321, 2768, 2772, -1,
      3318, 3314, 2764, -1,
      3315, 2760, 2764, -1,
      2755, 3317, 3316, -1,
      3316, 3313, 2752, -1,
      3248, 3247, 2751, -1,
      3247, 3243, 2857, -1,
      3243, 3242, 2864, -1,
      3242, 3237, 2987, -1,
      3236, 3239, 2984, -1,
      2984, 3237, 3236, -1,
      3239, 3232, 2979, -1,
      3232, 3231, 2975, -1,
      3231, 3234, 2970, -1,
      3224, 2966, 2970, -1,
      2966, 3227, 2962, -1,
      3227, 2966, 3226, -1,
      3223, 2949, 2953, -1,
      2962, 3227, 3221, -1,
      3223, 2953, 2958, -1,
      3221, 3223, 2958, -1,
      3223, 2941, 2946, -1,
      2949, 3223, 2946, -1,
      2937, 2941, 3312, -1,
      3223, 3312, 2941, -1,
      2930, 2934, 3312, -1,
      3312, 2934, 2937, -1,
      2922, 2926, 3312, -1,
      3312, 2926, 2930, -1,
      2913, 2918, 3312, -1,
      3312, 2918, 2922, -1,
      2723, 2908, 3312, -1,
      3312, 2908, 2913, -1,
      3313, 3250, 3248, -1,
      3315, 3327, 3317, -1,
      3316, 3328, 3329, -1,
      3330, 3318, 3321, -1,
      3331, 3314, 3332, -1,
      3319, 3320, 3333, -1,
      3326, 3334, 3335, -1,
      3325, 3323, 3336, -1,
      3336, 3337, 3325, -1,
      3338, 3323, 3324, -1,
      3323, 3338, 3336, -1,
      3322, 3339, 3324, -1,
      3338, 3324, 3339, -1,
      3340, 3339, 3322, -1,
      3337, 3333, 3320, -1,
      3325, 3337, 3320, -1,
      3326, 3319, 3334, -1,
      3319, 3333, 3334, -1,
      3330, 3321, 3335, -1,
      3321, 3326, 3335, -1,
      3332, 3314, 3318, -1,
      3332, 3318, 3330, -1,
      3331, 3327, 3315, -1,
      3331, 3315, 3314, -1,
      3317, 3328, 3316, -1,
      3327, 3328, 3317, -1,
      3313, 3329, 3250, -1,
      3316, 3329, 3313, -1,
      3230, 3102, 3100, -1,
      3240, 3105, 3104, -1,
      3102, 3241, 3104, -1,
      3244, 3106, 3245, -1,
      3246, 3067, 3107, -1,
      3107, 3106, 3244, -1,
      3249, 3068, 3067, -1,
      3328, 3172, 3329, -1,
      3250, 3329, 3068, -1,
      3332, 3188, 3331, -1,
      3172, 3328, 3186, -1,
      3327, 3187, 3186, -1,
      3187, 3327, 3331, -1,
      3330, 3190, 3188, -1,
      3222, 3092, 3090, -1,
      3335, 3192, 3190, -1,
      3199, 3340, 3201, -1,
      3197, 3336, 3338, -1,
      3199, 3339, 3340, -1,
      3203, 3201, 3340, -1,
      3197, 3338, 3199, -1,
      3339, 3199, 3338, -1,
      3196, 3337, 3336, -1,
      3197, 3196, 3336, -1,
      3192, 3335, 3334, -1,
      3334, 3333, 3194, -1,
      3086, 3222, 3088, -1,
      3098, 3225, 3233, -1,
      3100, 3233, 3235, -1,
      3211, 3341, 3213, -1,
      3333, 3196, 3194, -1,
      3337, 3196, 3333, -1,
      3334, 3194, 3192, -1,
      3335, 3190, 3330, -1,
      3330, 3188, 3332, -1,
      3331, 3188, 3187, -1,
      3186, 3328, 3327, -1,
      3172, 3068, 3329, -1,
      3250, 3068, 3249, -1,
      3249, 3067, 3246, -1,
      3246, 3107, 3244, -1,
      3106, 3105, 3245, -1,
      3238, 3105, 3240, -1,
      3105, 3238, 3245, -1,
      3240, 3104, 3241, -1,
      3241, 3102, 3230, -1,
      3230, 3100, 3235, -1,
      3233, 3100, 3098, -1,
      3098, 3096, 3228, -1,
      3228, 3225, 3098, -1,
      3229, 3096, 3094, -1,
      3096, 3229, 3228, -1,
      3222, 3094, 3092, -1,
      3229, 3094, 3222, -1,
      3072, 3342, 3074, -1,
      3090, 3088, 3222, -1,
      3084, 3342, 3086, -1,
      3222, 3086, 3342, -1,
      3080, 3342, 3082, -1,
      3342, 3084, 3082, -1,
      3076, 3342, 3078, -1,
      3342, 3080, 3078, -1,
      3342, 3076, 3074, -1,
      3342, 3024, 3023, -1,
      3072, 3024, 3342, -1,
      3341, 3342, 3023, -1,
      3132, 3341, 3125, -1,
      3341, 3023, 3125, -1,
      3219, 3341, 3119, -1,
      3341, 3132, 3119, -1,
      3215, 3341, 3217, -1,
      3341, 3219, 3217, -1,
      3211, 3209, 3341, -1,
      3341, 3215, 3213, -1,
      3207, 3340, 3209, -1,
      3341, 3209, 3340, -1,
      3203, 3340, 3205, -1,
      3340, 3207, 3205, -1,
      3343, 3344, 3345, -1,
      3346, 3347, 3348, -1,
      3349, 3350, 3351, -1,
      3352, 3353, 3354, -1,
      3355, 3356, 3357, -1,
      3358, 3359, 3360, -1,
      3361, 3362, 3363, -1,
      3364, 3365, 3366, -1,
      3365, 3367, 3368, -1,
      3366, 3369, 3370, -1,
      3370, 3364, 3366, -1,
      3371, 3372, 3369, -1,
      3370, 3369, 3372, -1,
      3341, 3371, 3342, -1,
      3371, 3341, 3372, -1,
      3360, 3368, 3367, -1,
      3364, 3367, 3365, -1,
      3358, 3363, 3359, -1,
      3360, 3359, 3368, -1,
      3353, 3362, 3361, -1,
      3361, 3363, 3358, -1,
      3356, 3352, 3354, -1,
      3352, 3362, 3353, -1,
      3355, 3357, 3346, -1,
      3356, 3354, 3357, -1,
      3348, 3347, 3351, -1,
      3355, 3346, 3348, -1,
      3349, 3343, 3350, -1,
      3347, 3349, 3351, -1,
      3345, 3350, 3343, -1,
      3373, 3345, 3344, -1,
      3373, 3374, 3345, -1,
      3375, 3376, 3377, -1,
      3378, 3377, 3379, -1,
      3376, 3379, 3377, -1,
      3374, 3373, 3378, -1,
      3378, 3379, 3374, -1,
      3376, 3375, 3380, -1,
      3380, 3381, 3382, -1,
      3381, 3380, 3375, -1,
      3381, 3383, 3382, -1,
      3382, 3383, 3384, -1,
      3384, 3385, 3386, -1,
      3384, 3383, 3385, -1,
      3387, 3388, 3389, -1,
      3388, 3390, 3391, -1,
      3390, 3388, 3387, -1,
      3392, 3391, 3393, -1,
      3390, 3393, 3391, -1,
      3386, 3385, 3392, -1,
      3392, 3393, 3386, -1,
      3387, 3389, 3394, -1,
      3395, 3396, 3394, -1,
      3394, 3389, 3395, -1,
      3396, 3397, 3398, -1,
      3397, 3396, 3395, -1,
      3397, 3399, 3398, -1,
      3398, 3399, 3400, -1,
      3400, 3399, 3401, -1,
      3400, 3401, 3402, -1,
      3403, 3404, 3405, -1,
      3405, 3406, 3403, -1,
      3256, 3407, 3254, -1,
      3256, 3408, 3407, -1,
      3386, 3264, 3384, -1,
      3387, 3261, 3260, -1,
      3312, 3371, 3311, -1,
      3352, 3293, 3288, -1,
      3259, 3390, 3260, -1,
      3387, 3260, 3390, -1,
      3259, 3386, 3393, -1,
      3393, 3390, 3259, -1,
      3384, 3267, 3382, -1,
      3270, 3267, 3384, -1,
      3274, 3376, 3275, -1,
      3380, 3267, 3275, -1,
      3374, 3273, 3278, -1,
      3379, 3273, 3374, -1,
      3371, 3369, 3311, -1,
      3366, 3301, 3307, -1,
      3400, 3402, 3256, -1,
      3255, 3398, 3256, -1,
      3342, 3371, 3312, -1,
      3311, 3369, 3308, -1,
      3398, 3400, 3256, -1,
      3396, 3398, 3255, -1,
      3307, 3369, 3366, -1,
      3307, 3308, 3369, -1,
      3409, 3410, 3411, -1,
      3412, 3413, 3414, -1,
      3365, 3303, 3301, -1,
      3412, 3411, 3413, -1,
      3415, 3416, 3417, -1,
      3368, 3359, 3304, -1,
      3303, 3368, 3304, -1,
      3418, 3417, 3416, -1,
      3298, 3363, 3299, -1,
      3359, 3298, 3296, -1,
      3419, 3420, 3421, -1,
      3422, 3423, 3421, -1,
      3291, 3293, 3356, -1,
      3362, 3288, 3299, -1,
      3419, 3421, 3423, -1,
      3420, 3419, 3418, -1,
      3223, 3342, 3312, -1,
      3222, 3342, 3223, -1,
      3287, 3286, 3351, -1,
      3345, 3374, 3278, -1,
      3274, 3273, 3379, -1,
      3350, 3345, 3280, -1,
      3283, 3291, 3355, -1,
      3283, 3348, 3286, -1,
      3365, 3301, 3366, -1,
      3368, 3303, 3365, -1,
      3296, 3304, 3359, -1,
      3363, 3298, 3359, -1,
      3362, 3299, 3363, -1,
      3352, 3288, 3362, -1,
      3356, 3293, 3352, -1,
      3355, 3291, 3356, -1,
      3348, 3283, 3355, -1,
      3351, 3286, 3348, -1,
      3287, 3350, 3280, -1,
      3351, 3350, 3287, -1,
      3280, 3345, 3278, -1,
      3376, 3274, 3379, -1,
      3382, 3267, 3380, -1,
      3380, 3275, 3376, -1,
      3270, 3384, 3264, -1,
      3264, 3386, 3265, -1,
      3386, 3259, 3265, -1,
      3394, 3251, 3261, -1,
      3261, 3387, 3394, -1,
      3251, 3396, 3255, -1,
      3396, 3251, 3394, -1,
      3408, 3256, 3402, -1,
      3408, 3402, 3410, -1,
      3414, 3424, 3425, -1,
      3418, 3419, 3417, -1,
      3425, 3424, 3415, -1,
      3425, 3415, 3417, -1,
      3414, 3413, 3424, -1,
      3409, 3411, 3412, -1,
      3409, 3408, 3410, -1,
      3426, 3427, 3428, -1,
      3253, 3395, 3389, -1,
      3426, 3429, 3427, -1,
      3430, 3431, 3429, -1,
      3430, 3429, 3426, -1,
      3432, 3433, 3431, -1,
      3429, 3431, 3433, -1,
      3433, 3432, 3434, -1,
      3435, 3436, 3437, -1,
      3438, 3439, 3440, -1,
      3435, 3439, 3438, -1,
      3383, 3266, 3385, -1,
      3441, 3442, 3440, -1,
      3354, 3289, 3292, -1,
      3436, 3434, 3437, -1,
      3436, 3433, 3434, -1,
      3435, 3437, 3439, -1,
      3442, 3438, 3440, -1,
      3441, 3401, 3407, -1,
      3442, 3441, 3407, -1,
      3407, 3401, 3254, -1,
      3254, 3401, 3399, -1,
      3388, 3391, 3257, -1,
      3254, 3397, 3252, -1,
      3258, 3392, 3385, -1,
      3391, 3392, 3258, -1,
      3385, 3263, 3258, -1,
      3383, 3381, 3269, -1,
      3268, 3383, 3269, -1,
      3271, 3276, 3377, -1,
      3375, 3276, 3269, -1,
      3373, 3277, 3272, -1,
      3378, 3373, 3272, -1,
      3372, 3309, 3370, -1,
      3364, 3300, 3302, -1,
      3309, 3372, 3310, -1,
      3341, 3310, 3372, -1,
      3309, 3306, 3370, -1,
      3300, 3364, 3370, -1,
      3300, 3370, 3306, -1,
      3367, 3302, 3305, -1,
      3360, 3295, 3358, -1,
      3305, 3295, 3360, -1,
      3297, 3290, 3361, -1,
      3358, 3294, 3297, -1,
      3282, 3357, 3292, -1,
      3353, 3290, 3289, -1,
      3322, 3310, 3341, -1,
      3340, 3322, 3341, -1,
      3281, 3349, 3285, -1,
      3344, 3277, 3373, -1,
      3271, 3378, 3272, -1,
      3343, 3279, 3344, -1,
      3284, 3346, 3282, -1,
      3284, 3285, 3347, -1,
      3367, 3364, 3302, -1,
      3360, 3367, 3305, -1,
      3294, 3358, 3295, -1,
      3361, 3358, 3297, -1,
      3353, 3361, 3290, -1,
      3354, 3353, 3289, -1,
      3357, 3354, 3292, -1,
      3346, 3357, 3282, -1,
      3347, 3346, 3284, -1,
      3349, 3347, 3285, -1,
      3281, 3279, 3343, -1,
      3349, 3281, 3343, -1,
      3279, 3277, 3344, -1,
      3377, 3378, 3271, -1,
      3381, 3375, 3269, -1,
      3375, 3377, 3276, -1,
      3268, 3266, 3383, -1,
      3266, 3263, 3385, -1,
      3258, 3257, 3391, -1,
      3388, 3262, 3389, -1,
      3257, 3262, 3388, -1,
      3395, 3253, 3252, -1,
      3389, 3262, 3253, -1,
      3254, 3399, 3397, -1,
      3395, 3252, 3397, -1,
      3443, 3444, 3445, -1,
      3443, 3445, 3446, -1,
      3404, 3403, 3447, -1,
      3444, 3448, 3449, -1,
      3450, 3451, 3452, -1,
      3443, 3448, 3444, -1,
      3452, 3449, 3450, -1,
      3448, 3450, 3449, -1,
      3452, 3451, 3447, -1,
      3404, 3447, 3451, -1,
      3441, 3402, 3401, -1,
      3437, 3413, 3439, -1,
      3440, 3411, 3410, -1,
      3416, 3432, 3431, -1,
      3424, 3434, 3415, -1,
      3420, 3430, 3426, -1,
      3430, 3420, 3418, -1,
      3428, 3421, 3426, -1,
      3420, 3426, 3421, -1,
      3422, 3421, 3428, -1,
      3418, 3416, 3431, -1,
      3431, 3430, 3418, -1,
      3415, 3434, 3432, -1,
      3415, 3432, 3416, -1,
      3424, 3413, 3437, -1,
      3424, 3437, 3434, -1,
      3439, 3411, 3440, -1,
      3413, 3411, 3439, -1,
      3441, 3410, 3402, -1,
      3440, 3410, 3441, -1,
      3405, 3450, 3448, -1,
      3453, 3448, 3454, -1,
      3453, 3405, 3448, -1,
      3404, 3451, 3405, -1,
      3405, 3451, 3450, -1,
      3455, 3406, 3405, -1,
      3456, 3453, 3454, -1,
      3453, 3455, 3405, -1,
      3456, 3455, 3453, -1,
      3449, 3452, 3406, -1,
      3447, 3403, 3406, -1,
      3449, 3406, 3455, -1,
      3452, 3447, 3406, -1,
      3456, 3449, 3455, -1,
      3457, 3458, 3459, -1,
      3458, 3457, 3460, -1,
      3422, 3457, 3459, -1,
      3422, 3459, 3423, -1,
      3442, 3407, 3408, -1,
      3436, 3435, 3414, -1,
      3438, 3409, 3412, -1,
      3419, 3429, 3417, -1,
      3425, 3417, 3433, -1,
      3427, 3419, 3423, -1,
      3419, 3427, 3429, -1,
      3436, 3425, 3433, -1,
      3417, 3429, 3433, -1,
      3414, 3435, 3412, -1,
      3425, 3436, 3414, -1,
      3438, 3442, 3409, -1,
      3435, 3438, 3412, -1,
      3408, 3409, 3442, -1,
      3461, 3427, 3462, -1,
      3427, 3461, 3428, -1,
      3461, 3463, 3464, -1,
      3461, 3462, 3463, -1,
      3465, 3466, 3467, -1,
      3468, 3467, 3444, -1,
      3445, 3467, 3466, -1,
      3444, 3467, 3445, -1,
      3444, 3449, 3468, -1,
      3466, 3446, 3445, -1,
      3465, 3469, 3470, -1,
      3470, 3446, 3466, -1,
      3465, 3470, 3466, -1,
      3470, 3469, 3471, -1,
      3472, 3443, 3471, -1,
      3446, 3470, 3471, -1,
      3443, 3446, 3471, -1,
      3472, 3448, 3443, -1,
      3471, 3468, 3472, -1,
      3471, 3467, 3468, -1,
      3473, 3458, 3460, -1,
      3460, 3474, 3473, -1,
      3475, 3476, 3477, -1,
      3462, 3473, 3463, -1,
      3423, 3467, 3471, -1,
      3475, 3477, 3478, -1,
      3467, 3458, 3465, -1,
      3475, 3478, 3479, -1,
      3480, 3481, 3475, -1,
      3480, 3475, 3479, -1,
      3482, 3483, 3475, -1,
      3482, 3475, 3481, -1,
      3475, 3484, 3473, -1,
      3484, 3475, 3483, -1,
      3473, 3485, 3486, -1,
      3484, 3485, 3473, -1,
      3487, 3488, 3463, -1,
      3486, 3487, 3473, -1,
      3489, 3490, 3463, -1,
      3463, 3491, 3492, -1,
      3493, 3494, 3463, -1,
      3495, 3463, 3494, -1,
      3463, 3496, 3489, -1,
      3490, 3493, 3463, -1,
      3496, 3463, 3492, -1,
      3488, 3491, 3463, -1,
      3463, 3473, 3487, -1,
      3427, 3471, 3469, -1,
      3427, 3423, 3471, -1,
      3458, 3467, 3459, -1,
      3469, 3462, 3427, -1,
      3473, 3469, 3465, -1,
      3462, 3469, 3473, -1,
      3473, 3465, 3458, -1,
      3459, 3467, 3423, -1,
      3464, 3497, 3498, -1,
      3428, 3461, 3454, -1,
      3499, 3500, 3464, -1,
      3499, 3464, 3498, -1,
      3500, 3501, 3464, -1,
      3464, 3502, 3503, -1,
      3501, 3502, 3464, -1,
      3464, 3504, 3505, -1,
      3503, 3504, 3464, -1,
      3506, 3507, 3474, -1,
      3505, 3506, 3464, -1,
      3508, 3509, 3510, -1,
      3474, 3511, 3512, -1,
      3513, 3514, 3508, -1,
      3508, 3515, 3516, -1,
      3516, 3517, 3508, -1,
      3508, 3517, 3513, -1,
      3518, 3508, 3510, -1,
      3515, 3508, 3518, -1,
      3474, 3512, 3508, -1,
      3508, 3512, 3509, -1,
      3468, 3457, 3422, -1,
      3511, 3474, 3507, -1,
      3464, 3506, 3474, -1,
      3472, 3428, 3448, -1,
      3454, 3461, 3474, -1,
      3461, 3464, 3474, -1,
      3468, 3449, 3457, -1,
      3457, 3449, 3460, -1,
      3474, 3460, 3456, -1,
      3460, 3449, 3456, -1,
      3454, 3474, 3456, -1,
      3448, 3428, 3454, -1,
      3472, 3468, 3422, -1,
      3422, 3428, 3472, -1,
      3474, 3475, 3473, -1,
      3475, 3474, 3508, -1,
      3495, 3464, 3463, -1,
      3490, 3499, 3493, -1,
      3494, 3498, 3497, -1,
      3502, 3496, 3492, -1,
      3500, 3489, 3501, -1,
      3504, 3488, 3505, -1,
      3491, 3504, 3503, -1,
      3506, 3505, 3487, -1,
      3488, 3487, 3505, -1,
      3486, 3507, 3506, -1,
      3506, 3487, 3486, -1,
      3492, 3491, 3503, -1,
      3491, 3488, 3504, -1,
      3501, 3496, 3502, -1,
      3502, 3492, 3503, -1,
      3500, 3490, 3489, -1,
      3501, 3489, 3496, -1,
      3499, 3498, 3493, -1,
      3500, 3499, 3490, -1,
      3494, 3497, 3495, -1,
      3493, 3498, 3494, -1,
      3464, 3495, 3497, -1,
      3479, 3515, 3480, -1,
      3478, 3516, 3479, -1,
      3515, 3479, 3516, -1,
      3480, 3515, 3518, -1,
      3517, 3478, 3477, -1,
      3517, 3477, 3513, -1,
      3516, 3478, 3517, -1,
      3477, 3476, 3513, -1,
      3514, 3513, 3476, -1,
      3475, 3508, 3514, -1,
      3476, 3475, 3514, -1,
      3481, 3480, 3518, -1,
      3481, 3510, 3482, -1,
      3510, 3481, 3518, -1,
      3483, 3482, 3509, -1,
      3510, 3509, 3482, -1,
      3512, 3484, 3483, -1,
      3483, 3509, 3512, -1,
      3484, 3511, 3485, -1,
      3511, 3484, 3512, -1,
      3511, 3507, 3485, -1,
      3485, 3507, 3486, -1,
      3519, 3520, 3521, -1,
      3519, 3521, 3522, -1,
      3523, 3524, 3525, -1,
      3526, 3527, 3528, -1,
      3529, 3530, 3531, -1,
      3532, 3533, 3534, -1,
      3535, 3536, 3522, -1,
      3536, 3535, 3531, -1,
      3530, 3536, 3531, -1,
      3535, 3522, 3521, -1,
      3530, 3529, 3532, -1,
      3524, 3534, 3533, -1,
      3533, 3532, 3529, -1,
      3525, 3528, 3523, -1,
      3524, 3523, 3534, -1,
      3528, 3525, 3526, -1,
      3537, 3538, 3539, -1,
      3538, 3537, 3540, -1,
      3541, 3538, 3540, -1,
      3542, 3543, 3544, -1,
      3545, 3546, 3547, -1,
      3548, 3549, 3550, -1,
      3551, 3552, 3553, -1,
      3554, 3555, 3556, -1,
      3556, 3557, 3554, -1,
      3558, 3555, 3559, -1,
      3554, 3559, 3555, -1,
      3560, 3558, 3559, -1,
      3557, 3549, 3548, -1,
      3549, 3557, 3556, -1,
      3552, 3550, 3553, -1,
      3552, 3548, 3550, -1,
      3551, 3542, 3544, -1,
      3551, 3553, 3542, -1,
      3543, 3545, 3547, -1,
      3544, 3543, 3547, -1,
      3541, 3540, 3546, -1,
      3545, 3541, 3546, -1,
      3519, 3561, 3562, -1,
      3562, 3563, 3519, -1,
      3563, 3564, 3519, -1,
      3565, 3519, 3566, -1,
      3561, 3519, 3565, -1,
      3566, 3519, 3567, -1,
      3522, 3567, 3519, -1,
      3534, 3522, 3532, -1,
      3530, 3532, 3522, -1,
      3536, 3530, 3522, -1,
      3528, 3522, 3523, -1,
      3534, 3523, 3522, -1,
      3527, 3567, 3522, -1,
      3522, 3528, 3527, -1,
      3527, 3560, 3567, -1,
      3527, 3558, 3560, -1,
      3563, 3568, 3569, -1,
      3520, 3519, 3564, -1,
      3570, 3565, 3571, -1,
      3561, 3572, 3562, -1,
      3573, 3566, 3567, -1,
      3566, 3573, 3571, -1,
      3565, 3566, 3571, -1,
      3573, 3567, 3574, -1,
      3565, 3570, 3561, -1,
      3568, 3562, 3572, -1,
      3572, 3561, 3570, -1,
      3569, 3564, 3563, -1,
      3568, 3563, 3562, -1,
      3564, 3569, 3520, -1,
      3520, 3572, 3570, -1,
      3572, 3520, 3568, -1,
      3568, 3520, 3569, -1,
      3571, 3573, 3520, -1,
      3570, 3571, 3520, -1,
      3573, 3574, 3520, -1,
      3521, 3520, 3574, -1,
      3533, 3529, 3521, -1,
      3531, 3521, 3529, -1,
      3535, 3521, 3531, -1,
      3525, 3524, 3521, -1,
      3533, 3521, 3524, -1,
      3526, 3521, 3574, -1,
      3521, 3526, 3525, -1,
      3526, 3574, 3575, -1,
      3526, 3575, 3576, -1,
      3577, 3578, 3579, -1,
      3580, 3581, 3582, -1,
      3580, 3577, 3581, -1,
      3583, 3582, 3584, -1,
      3585, 3583, 3584, -1,
      3580, 3582, 3583, -1,
      3576, 3586, 3587, -1,
      3585, 3584, 3587, -1,
      3579, 3581, 3577, -1,
      3586, 3585, 3587, -1,
      3576, 3575, 3586, -1,
      3578, 3588, 3579, -1,
      3588, 3589, 3590, -1,
      3589, 3588, 3578, -1,
      3591, 3590, 3592, -1,
      3589, 3592, 3590, -1,
      3593, 3594, 3591, -1,
      3591, 3592, 3593, -1,
      3594, 3595, 3596, -1,
      3595, 3594, 3593, -1,
      3595, 3597, 3596, -1,
      3596, 3597, 3598, -1,
      3598, 3599, 3600, -1,
      3598, 3597, 3599, -1,
      3601, 3602, 3603, -1,
      3601, 3603, 3604, -1,
      3605, 3604, 3603, -1,
      3604, 3606, 3601, -1,
      3590, 3579, 3588, -1,
      3576, 3555, 3558, -1,
      3579, 3542, 3581, -1,
      3582, 3581, 3553, -1,
      3553, 3581, 3542, -1,
      3553, 3584, 3582, -1,
      3550, 3584, 3553, -1,
      3587, 3550, 3549, -1,
      3576, 3549, 3556, -1,
      3584, 3550, 3587, -1,
      3527, 3526, 3558, -1,
      3558, 3526, 3576, -1,
      3543, 3598, 3545, -1,
      3596, 3598, 3543, -1,
      3555, 3576, 3556, -1,
      3596, 3542, 3594, -1,
      3549, 3576, 3587, -1,
      3590, 3591, 3542, -1,
      3579, 3590, 3542, -1,
      3542, 3591, 3594, -1,
      3542, 3596, 3543, -1,
      3598, 3538, 3541, -1,
      3598, 3541, 3545, -1,
      3539, 3600, 3606, -1,
      3607, 3608, 3609, -1,
      3604, 3609, 3606, -1,
      3539, 3609, 3608, -1,
      3539, 3606, 3609, -1,
      3598, 3600, 3538, -1,
      3538, 3600, 3539, -1,
      3608, 3537, 3539, -1,
      3609, 3610, 3611, -1,
      3607, 3611, 3612, -1,
      3608, 3607, 3612, -1,
      3609, 3611, 3607, -1,
      3537, 3608, 3612, -1,
      3589, 3578, 3577, -1,
      3599, 3540, 3537, -1,
      3551, 3577, 3580, -1,
      3551, 3580, 3552, -1,
      3548, 3552, 3585, -1,
      3580, 3583, 3552, -1,
      3586, 3557, 3548, -1,
      3585, 3552, 3583, -1,
      3548, 3585, 3586, -1,
      3575, 3560, 3559, -1,
      3557, 3575, 3554, -1,
      3567, 3560, 3574, -1,
      3560, 3575, 3574, -1,
      3593, 3551, 3595, -1,
      3559, 3554, 3575, -1,
      3557, 3586, 3575, -1,
      3589, 3551, 3592, -1,
      3577, 3551, 3589, -1,
      3551, 3593, 3592, -1,
      3597, 3595, 3544, -1,
      3551, 3544, 3595, -1,
      3546, 3597, 3547, -1,
      3597, 3544, 3547, -1,
      3597, 3546, 3540, -1,
      3597, 3540, 3599, -1,
      3610, 3537, 3612, -1,
      3612, 3611, 3610, -1,
      3613, 3537, 3610, -1,
      3614, 3613, 3610, -1,
      3613, 3599, 3537, -1,
      3615, 3616, 3613, -1,
      3615, 3613, 3614, -1,
      3615, 3614, 3617, -1,
      3615, 3618, 3616, -1,
      3600, 3613, 3606, -1,
      3618, 3613, 3616, -1,
      3599, 3613, 3600, -1,
      3618, 3606, 3613, -1,
      3602, 3601, 3606, -1,
      3618, 3602, 3606, -1,
      3602, 3618, 3619, -1,
      3602, 3619, 3620, -1,
      3621, 3622, 3623, -1,
      3621, 3623, 3624, -1,
      3621, 3625, 3626, -1,
      3621, 3624, 3625, -1,
      3626, 3627, 3628, -1,
      3626, 3625, 3627, -1,
      3602, 3629, 3605, -1,
      3605, 3603, 3602, -1,
      3630, 3631, 3632, -1,
      3633, 3631, 3630, -1,
      3634, 3633, 3630, -1,
      3635, 3634, 3630, -1,
      3632, 3631, 3620, -1,
      3629, 3620, 3631, -1,
      3602, 3620, 3629, -1,
      3614, 3604, 3636, -1,
      3633, 3637, 3631, -1,
      3631, 3637, 3638, -1,
      3638, 3629, 3631, -1,
      3617, 3614, 3636, -1,
      3638, 3636, 3629, -1,
      3614, 3610, 3609, -1,
      3605, 3629, 3604, -1,
      3636, 3604, 3629, -1,
      3614, 3609, 3604, -1,
      3619, 3636, 3638, -1,
      3618, 3615, 3617, -1,
      3617, 3636, 3618, -1,
      3637, 3639, 3638, -1,
      3618, 3636, 3619, -1,
      3640, 3639, 3637, -1,
      3641, 3639, 3640, -1,
      3642, 3638, 3639, -1,
      3619, 3638, 3642, -1,
      3643, 3644, 3645, -1,
      3628, 3646, 3645, -1,
      3643, 3645, 3646, -1,
      3627, 3646, 3628, -1,
      3643, 3647, 3644, -1,
      3643, 3648, 3647, -1,
      3647, 3648, 3649, -1,
      3619, 3642, 3632, -1,
      3620, 3619, 3632, -1,
      3630, 3632, 3642, -1,
      3642, 3639, 3630, -1,
      3630, 3639, 3650, -1,
      3651, 3652, 3653, -1,
      3652, 3651, 3654, -1,
      3655, 3656, 3652, -1,
      3655, 3652, 3654, -1,
      3657, 3639, 3656, -1,
      3652, 3656, 3639, -1,
      3650, 3639, 3657, -1,
      3658, 3659, 3630, -1,
      3660, 3661, 3659, -1,
      3660, 3659, 3662, -1,
      3662, 3659, 3663, -1,
      3663, 3659, 3658, -1,
      3658, 3630, 3664, -1,
      3630, 3650, 3665, -1,
      3665, 3664, 3630, -1,
      3665, 3666, 3667, -1,
      3668, 3667, 3669, -1,
      3648, 3666, 3665, -1,
      3670, 3671, 3672, -1,
      3667, 3668, 3670, -1,
      3673, 3670, 3674, -1,
      3673, 3671, 3670, -1,
      3674, 3670, 3675, -1,
      3670, 3676, 3677, -1,
      3675, 3670, 3677, -1,
      3670, 3678, 3679, -1,
      3676, 3670, 3679, -1,
      3670, 3680, 3681, -1,
      3678, 3670, 3681, -1,
      3682, 3680, 3668, -1,
      3670, 3668, 3680, -1,
      3683, 3684, 3668, -1,
      3668, 3684, 3682, -1,
      3685, 3686, 3668, -1,
      3668, 3686, 3683, -1,
      3687, 3688, 3668, -1,
      3668, 3688, 3685, -1,
      3689, 3690, 3668, -1,
      3668, 3690, 3687, -1,
      3668, 3691, 3689, -1,
      3647, 3692, 3644, -1,
      3666, 3648, 3643, -1,
      3669, 3667, 3666, -1,
      3665, 3650, 3649, -1,
      3665, 3649, 3648, -1,
      3649, 3692, 3647, -1,
      3692, 3649, 3650, -1,
      3693, 3692, 3650, -1,
      3692, 3693, 3694, -1,
      3668, 3669, 3693, -1,
      3694, 3693, 3669, -1,
      3694, 3669, 3695, -1,
      3694, 3695, 3696, -1,
      3694, 3697, 3692, -1,
      3694, 3696, 3697, -1,
      3692, 3698, 3644, -1,
      3698, 3692, 3699, -1,
      3700, 3699, 3697, -1,
      3697, 3699, 3692, -1,
      3699, 3626, 3628, -1,
      3628, 3698, 3699, -1,
      3700, 3626, 3699, -1,
      3700, 3701, 3622, -1,
      3622, 3626, 3700, -1,
      3701, 3700, 3702, -1,
      3621, 3626, 3622, -1,
      3644, 3698, 3645, -1,
      3628, 3645, 3698, -1,
      3703, 3623, 3622, -1,
      3704, 3701, 3702, -1,
      3701, 3703, 3622, -1,
      3704, 3703, 3701, -1,
      3646, 3705, 3643, -1,
      3627, 3706, 3705, -1,
      3706, 3627, 3625, -1,
      3623, 3625, 3624, -1,
      3705, 3646, 3627, -1,
      3623, 3703, 3707, -1,
      3704, 3707, 3703, -1,
      3707, 3706, 3625, -1,
      3623, 3707, 3625, -1,
      3708, 3706, 3707, -1,
      3705, 3666, 3643, -1,
      3706, 3708, 3705, -1,
      3705, 3708, 3666, -1,
      3669, 3666, 3708, -1,
      3669, 3708, 3695, -1,
      3662, 3709, 3710, -1,
      3662, 3710, 3660, -1,
      3711, 3661, 3712, -1,
      3660, 3710, 3712, -1,
      3709, 3662, 3663, -1,
      3661, 3660, 3712, -1,
      3711, 3659, 3661, -1,
      3663, 3713, 3709, -1,
      3658, 3714, 3713, -1,
      3713, 3663, 3658, -1,
      3714, 3664, 3715, -1,
      3664, 3714, 3658, -1,
      3664, 3665, 3715, -1,
      3715, 3665, 3716, -1,
      3659, 3635, 3630, -1,
      3659, 3711, 3635, -1,
      3637, 3634, 3640, -1,
      3633, 3634, 3637, -1,
      3635, 3640, 3634, -1,
      3640, 3635, 3641, -1,
      3717, 3639, 3641, -1,
      3717, 3652, 3639, -1,
      3655, 3718, 3719, -1,
      3654, 3718, 3655, -1,
      3657, 3656, 3720, -1,
      3656, 3719, 3720, -1,
      3655, 3719, 3656, -1,
      3657, 3720, 3721, -1,
      3721, 3650, 3657, -1,
      3722, 3718, 3654, -1,
      3651, 3723, 3722, -1,
      3722, 3654, 3651, -1,
      3723, 3653, 3724, -1,
      3653, 3723, 3651, -1,
      3653, 3652, 3724, -1,
      3724, 3652, 3717, -1,
      3693, 3721, 3725, -1,
      3721, 3693, 3650, -1,
      3693, 3726, 3668, -1,
      3693, 3725, 3726, -1,
      3667, 3727, 3728, -1,
      3727, 3667, 3670, -1,
      3667, 3728, 3716, -1,
      3716, 3665, 3667, -1,
      3727, 3729, 3730, -1,
      3696, 3695, 3725, -1,
      3723, 3724, 3717, -1,
      3727, 3730, 3731, -1,
      3718, 3722, 3717, -1,
      3732, 3727, 3733, -1,
      3727, 3731, 3733, -1,
      3722, 3723, 3717, -1,
      3717, 3719, 3718, -1,
      3734, 3727, 3732, -1,
      3712, 3710, 3711, -1,
      3735, 3736, 3727, -1,
      3735, 3727, 3734, -1,
      3737, 3738, 3727, -1,
      3737, 3727, 3736, -1,
      3726, 3739, 3740, -1,
      3741, 3727, 3738, -1,
      3742, 3743, 3726, -1,
      3726, 3744, 3745, -1,
      3726, 3743, 3746, -1,
      3726, 3746, 3747, -1,
      3745, 3748, 3726, -1,
      3748, 3742, 3726, -1,
      3749, 3726, 3740, -1,
      3744, 3726, 3749, -1,
      3739, 3726, 3741, -1,
      3726, 3727, 3741, -1,
      3727, 3726, 3728, -1,
      3702, 3700, 3697, -1,
      3641, 3719, 3717, -1,
      3641, 3721, 3720, -1,
      3719, 3641, 3720, -1,
      3714, 3635, 3711, -1,
      3635, 3721, 3641, -1,
      3710, 3709, 3711, -1,
      3709, 3713, 3711, -1,
      3713, 3714, 3711, -1,
      3715, 3716, 3635, -1,
      3635, 3714, 3715, -1,
      3725, 3721, 3697, -1,
      3716, 3721, 3635, -1,
      3708, 3707, 3704, -1,
      3716, 3728, 3708, -1,
      3695, 3708, 3728, -1,
      3716, 3704, 3702, -1,
      3708, 3704, 3716, -1,
      3702, 3721, 3716, -1,
      3725, 3697, 3696, -1,
      3702, 3697, 3721, -1,
      3728, 3726, 3695, -1,
      3726, 3725, 3695, -1,
      3747, 3668, 3726, -1,
      3742, 3690, 3743, -1,
      3746, 3689, 3691, -1,
      3685, 3745, 3744, -1,
      3687, 3748, 3688, -1,
      3683, 3740, 3684, -1,
      3749, 3683, 3686, -1,
      3682, 3684, 3739, -1,
      3740, 3739, 3684, -1,
      3741, 3680, 3682, -1,
      3682, 3739, 3741, -1,
      3744, 3749, 3686, -1,
      3749, 3740, 3683, -1,
      3688, 3745, 3685, -1,
      3685, 3744, 3686, -1,
      3687, 3742, 3748, -1,
      3688, 3748, 3745, -1,
      3690, 3689, 3743, -1,
      3687, 3690, 3742, -1,
      3746, 3691, 3747, -1,
      3743, 3689, 3746, -1,
      3668, 3747, 3691, -1,
      3733, 3675, 3732, -1,
      3733, 3674, 3675, -1,
      3673, 3731, 3730, -1,
      3674, 3733, 3731, -1,
      3732, 3675, 3677, -1,
      3731, 3673, 3674, -1,
      3729, 3671, 3730, -1,
      3672, 3671, 3729, -1,
      3671, 3673, 3730, -1,
      3727, 3670, 3672, -1,
      3729, 3727, 3672, -1,
      3677, 3734, 3732, -1,
      3734, 3676, 3735, -1,
      3676, 3734, 3677, -1,
      3736, 3735, 3679, -1,
      3676, 3679, 3735, -1,
      3678, 3737, 3736, -1,
      3736, 3679, 3678, -1,
      3737, 3681, 3738, -1,
      3681, 3737, 3678, -1,
      3681, 3680, 3738, -1,
      3738, 3680, 3741, -1,
    ]
  }
}

Shape {
  appearance Appearance {
    material Material {
      diffuseColor 0.2196 0.2196 0.2196
      specularColor 0.7529 0.7529 0.7529
      ambientIntensity 0.2
      transparency 1.0000
      shininess 0.5
    }
  }
  geometry IndexedFaceSet {
    ccw TRUE
    solid FALSE
    coord DEF co Coordinate {
      point [
        0.826772 -0.157480 -0.984252,
        0.802138 -0.155541 -0.984252,
        0.826772 -0.157479 -1.181102,
        0.802138 -0.155541 -1.181102,
        0.778106 -0.149773 -0.984252,
        0.755276 -0.140317 -1.181102,
        0.778106 -0.149774 -1.181102,
        0.755276 -0.140316 -0.984252,
        0.734209 -0.127404 -0.984252,
        0.734209 -0.127404 -1.181102,
        0.715417 -0.111356 -0.984252,
        0.715417 -0.111356 -1.181102,
        0.699366 -0.092565 -1.181102,
        0.699366 -0.092565 -0.984252,
        0.686457 -0.071494 -0.984252,
        0.677000 -0.048664 -0.984252,
        0.686457 -0.071494 -1.181102,
        0.671228 -0.024635 -0.984252,
        0.677000 -0.048664 -1.181102,
        0.671228 -0.024635 -1.181102,
        0.669291 0.000000 -0.984252,
        0.669291 0.000000 -1.181102,
        0.851406 -0.155541 -1.181102,
        0.875437 -0.149774 -1.181102,
        0.851406 -0.155541 -0.984252,
        0.898268 -0.140317 -1.181102,
        0.875437 -0.149773 -0.984252,
        0.898268 -0.140316 -0.984252,
        0.919335 -0.127404 -1.181102,
        0.938126 -0.111356 -1.181102,
        0.919335 -0.127404 -0.984252,
        0.954177 -0.092565 -1.181102,
        0.938126 -0.111356 -0.984252,
        0.954177 -0.092565 -0.984252,
        0.967087 -0.071494 -1.181102,
        0.976543 -0.048664 -1.181102,
        0.967087 -0.071494 -0.984252,
        0.982315 -0.024635 -1.181102,
        0.976543 -0.048664 -0.984252,
        0.982315 -0.024635 -0.984252,
        0.984252 0.000000 -1.181102,
        0.984252 0.000000 -0.984252,
        0.783122 -0.134339 -1.212953,
        0.806394 -0.128672 -1.218547,
        0.804673 -0.139512 -1.212953,
        0.968024 -0.000000 -1.212953,
        0.976732 -0.000000 -1.204244,
        0.974886 -0.023459 -1.204244,
        0.762646 -0.125857 -1.212953,
        0.786516 -0.123901 -1.218547,
        0.778705 -0.147941 -1.193268,
        0.756154 -0.138600 -1.193268,
        0.688173 -0.070620 -1.193268,
        0.735339 -0.125845 -1.193268,
        0.767626 -0.116078 -1.218547,
        0.743744 -0.114275 -1.212953,
        0.700925 -0.091432 -1.193268,
        0.716780 -0.109993 -1.193268,
        0.726890 -0.099880 -1.212953,
        0.712496 -0.083026 -1.212953,
        0.734654 -0.092119 -1.218547,
        0.708661 0.000000 -1.220472,
        0.710118 -0.018494 -1.220472,
        0.696496 -0.000000 -1.218547,
        0.678831 -0.048069 -1.193268,
        0.702870 -0.040257 -1.218547,
        0.687260 -0.022097 -1.212953,
        0.698098 -0.020380 -1.218547,
        0.750197 -0.105396 -1.218547,
        0.710697 -0.059144 -1.218547,
        0.721374 -0.076574 -1.218547,
        0.700917 -0.064127 -1.212953,
        0.721516 -0.053577 -1.220472,
        0.714433 -0.036455 -1.220472,
        0.802437 -0.153638 -1.193268,
        0.684150 -0.046341 -1.204244,
        0.673134 -0.024334 -1.193268,
        0.678657 -0.023459 -1.204244,
        0.671217 -0.000000 -1.193268,
        0.676811 -0.000000 -1.204244,
        0.826772 -0.141250 -1.212953,
        0.826772 -0.130276 -1.218547,
        0.847150 -0.128672 -1.218547,
        0.848870 -0.139512 -1.212953,
        0.826772 -0.155552 -1.193268,
        0.851106 -0.153638 -1.193268,
        0.870421 -0.134339 -1.212953,
        0.867028 -0.123901 -1.218547,
        0.885917 -0.116078 -1.218547,
        0.890898 -0.125857 -1.212953,
        0.874839 -0.147941 -1.193268,
        0.903346 -0.105396 -1.218547,
        0.909799 -0.114275 -1.212953,
        0.926654 -0.099880 -1.212953,
        0.918890 -0.092119 -1.218547,
        0.897390 -0.138600 -1.193268,
        0.918205 -0.125845 -1.193268,
        0.932169 -0.076574 -1.218547,
        0.941047 -0.083026 -1.212953,
        0.942846 -0.059144 -1.218547,
        0.952626 -0.064127 -1.212953,
        0.952618 -0.091432 -1.193268,
        0.936764 -0.109993 -1.193268,
        0.950673 -0.040257 -1.218547,
        0.961110 -0.043649 -1.212953,
        0.955445 -0.020380 -1.218547,
        0.966283 -0.022097 -1.212953,
        0.965370 -0.070620 -1.193268,
        0.974713 -0.048069 -1.193268,
        0.957047 -0.000000 -1.218547,
        0.944882 0.000000 -1.220472,
        0.692433 -0.043649 -1.212953,
        0.980409 -0.024334 -1.193268,
        0.982327 -0.000000 -1.193268,
        0.969394 -0.046341 -1.204244,
        0.943425 -0.018494 -1.220472,
        0.939091 -0.036530 -1.220472,
        0.960386 -0.068081 -1.204244,
        0.931984 -0.053659 -1.220472,
        0.948094 -0.088145 -1.204244,
        0.932811 -0.106039 -1.204244,
        0.922295 -0.069459 -1.220472,
        0.914917 -0.121321 -1.204244,
        0.910256 -0.083542 -1.220472,
        0.894854 -0.133617 -1.204244,
        0.896177 -0.095563 -1.220472,
        0.873114 -0.142622 -1.204244,
        0.880386 -0.105240 -1.220472,
        0.850232 -0.148115 -1.204244,
        0.863248 -0.112336 -1.220472,
        0.845209 -0.116660 -1.220472,
        0.826772 -0.149960 -1.204244,
        0.826724 -0.118107 -1.220472,
        0.803311 -0.148115 -1.204244,
        0.780433 -0.142622 -1.204244,
        0.808252 -0.116645 -1.220472,
        0.758689 -0.133617 -1.204244,
        0.790240 -0.112315 -1.220472,
        0.773142 -0.105230 -1.220472,
        0.738626 -0.121321 -1.204244,
        0.757339 -0.095546 -1.220472,
        0.720732 -0.106039 -1.204244,
        0.743236 -0.083495 -1.220472,
        0.705449 -0.088145 -1.204244,
        0.693157 -0.068081 -1.204244,
        0.731197 -0.069389 -1.220472,
        0.685520 -0.000000 -1.212953,
        3.582677 -0.157480 -0.984252,
        3.558043 -0.155541 -0.984252,
        3.582677 -0.157479 -1.181102,
        3.558043 -0.155541 -1.181102,
        3.534012 -0.149773 -0.984252,
        3.511181 -0.140317 -1.181102,
        3.534012 -0.149774 -1.181102,
        3.511181 -0.140316 -0.984252,
        3.490114 -0.127404 -0.984252,
        3.490114 -0.127404 -1.181102,
        3.471323 -0.111356 -0.984252,
        3.471323 -0.111356 -1.181102,
        3.455272 -0.092565 -1.181102,
        3.455272 -0.092565 -0.984252,
        3.442362 -0.071494 -0.984252,
        3.432906 -0.048664 -0.984252,
        3.442362 -0.071494 -1.181102,
        3.427134 -0.024635 -0.984252,
        3.432906 -0.048664 -1.181102,
        3.427134 -0.024635 -1.181102,
        3.425197 0.000000 -0.984252,
        3.425197 0.000000 -1.181102,
        3.607311 -0.155541 -1.181102,
        3.631343 -0.149774 -1.181102,
        3.607311 -0.155541 -0.984252,
        3.654173 -0.140317 -1.181102,
        3.631343 -0.149773 -0.984252,
        3.654173 -0.140316 -0.984252,
        3.675240 -0.127404 -1.181102,
        3.694031 -0.111356 -1.181102,
        3.675240 -0.127404 -0.984252,
        3.710083 -0.092565 -1.181102,
        3.694031 -0.111356 -0.984252,
        3.710083 -0.092565 -0.984252,
        3.722992 -0.071494 -1.181102,
        3.732449 -0.048664 -1.181102,
        3.722992 -0.071494 -0.984252,
        3.738220 -0.024635 -1.181102,
        3.732449 -0.048664 -0.984252,
        3.738220 -0.024635 -0.984252,
        3.740157 0.000000 -1.181102,
        3.740157 0.000000 -0.984252,
        3.539028 -0.134339 -1.212953,
        3.562299 -0.128672 -1.218547,
        3.560579 -0.139512 -1.212953,
        3.723929 -0.000000 -1.212953,
        3.732638 -0.000000 -1.204244,
        3.730791 -0.023459 -1.204244,
        3.518551 -0.125857 -1.212953,
        3.542421 -0.123901 -1.218547,
        3.534610 -0.147941 -1.193268,
        3.512059 -0.138600 -1.193268,
        3.491244 -0.125845 -1.193268,
        3.499650 -0.114275 -1.212953,
        3.523531 -0.116078 -1.218547,
        3.472685 -0.109993 -1.193268,
        3.456831 -0.091432 -1.193268,
        3.444079 -0.070620 -1.193268,
        3.434736 -0.048069 -1.193268,
        3.466024 -0.018494 -1.220472,
        3.452402 -0.000000 -1.218547,
        3.464567 0.000000 -1.220472,
        3.468402 -0.083026 -1.212953,
        3.490559 -0.092119 -1.218547,
        3.482795 -0.099880 -1.212953,
        3.506102 -0.105396 -1.218547,
        3.443165 -0.022097 -1.212953,
        3.454004 -0.020380 -1.218547,
        3.458776 -0.040257 -1.218547,
        3.470339 -0.036455 -1.220472,
        3.477421 -0.053577 -1.220472,
        3.477280 -0.076574 -1.218547,
        3.456823 -0.064127 -1.212953,
        3.466602 -0.059144 -1.218547,
        3.558343 -0.153638 -1.193268,
        3.432717 -0.000000 -1.204244,
        3.434563 -0.023459 -1.204244,
        3.427126 -0.000000 -1.193268,
        3.440055 -0.046341 -1.204244,
        3.429039 -0.024334 -1.193268,
        3.582677 -0.141250 -1.212953,
        3.582677 -0.130276 -1.218547,
        3.603055 -0.128672 -1.218547,
        3.604776 -0.139512 -1.212953,
        3.582677 -0.155552 -1.193268,
        3.607012 -0.153638 -1.193268,
        3.626327 -0.134339 -1.212953,
        3.622933 -0.123901 -1.218547,
        3.641823 -0.116078 -1.218547,
        3.646803 -0.125857 -1.212953,
        3.630744 -0.147941 -1.193268,
        3.659252 -0.105396 -1.218547,
        3.665705 -0.114275 -1.212953,
        3.682559 -0.099880 -1.212953,
        3.674795 -0.092119 -1.218547,
        3.653295 -0.138600 -1.193268,
        3.674110 -0.125845 -1.193268,
        3.688075 -0.076574 -1.218547,
        3.696953 -0.083026 -1.212953,
        3.698752 -0.059144 -1.218547,
        3.708531 -0.064127 -1.212953,
        3.708524 -0.091432 -1.193268,
        3.692669 -0.109993 -1.193268,
        3.706579 -0.040257 -1.218547,
        3.717016 -0.043649 -1.212953,
        3.711350 -0.020380 -1.218547,
        3.722189 -0.022097 -1.212953,
        3.721276 -0.070620 -1.193268,
        3.730618 -0.048069 -1.193268,
        3.712953 -0.000000 -1.218547,
        3.700787 0.000000 -1.220472,
        3.448339 -0.043649 -1.212953,
        3.736315 -0.024334 -1.193268,
        3.738228 -0.000000 -1.193268,
        3.725299 -0.046341 -1.204244,
        3.699331 -0.018494 -1.220472,
        3.694996 -0.036530 -1.220472,
        3.716291 -0.068081 -1.204244,
        3.687890 -0.053659 -1.220472,
        3.704000 -0.088145 -1.204244,
        3.688717 -0.106039 -1.204244,
        3.678201 -0.069459 -1.220472,
        3.670823 -0.121321 -1.204244,
        3.666161 -0.083542 -1.220472,
        3.650760 -0.133617 -1.204244,
        3.652083 -0.095563 -1.220472,
        3.629016 -0.142622 -1.204244,
        3.636291 -0.105240 -1.220472,
        3.606138 -0.148115 -1.204244,
        3.619154 -0.112336 -1.220472,
        3.601114 -0.116660 -1.220472,
        3.582677 -0.149960 -1.204244,
        3.582630 -0.118107 -1.220472,
        3.559217 -0.148115 -1.204244,
        3.536339 -0.142622 -1.204244,
        3.564154 -0.116645 -1.220472,
        3.514594 -0.133617 -1.204244,
        3.546146 -0.112315 -1.220472,
        3.529047 -0.105230 -1.220472,
        3.494531 -0.121321 -1.204244,
        3.513244 -0.095546 -1.220472,
        3.476638 -0.106039 -1.204244,
        3.499142 -0.083495 -1.220472,
        3.461354 -0.088145 -1.204244,
        3.449063 -0.068081 -1.204244,
        3.487102 -0.069389 -1.220472,
        3.441425 -0.000000 -1.212953,
        0.196850 1.181102 -0.984252,
        0.905512 1.181102 0.157480,
        0.905512 1.181102 -0.984252,
        1.811024 1.181102 -0.866142,
        1.299213 1.181102 -0.866142,
        1.299213 1.181102 0.157480,
        0.196850 1.181102 0.984252,
        2.086614 1.181102 -0.984252,
        1.811024 1.181102 -0.984252,
        2.086614 1.181102 0.157480,
        2.480315 1.181102 -0.866142,
        2.480315 1.181102 0.157480,
        2.992126 1.181102 -0.866142,
        3.700787 1.181102 -0.984252,
        2.992126 1.181102 -0.984252,
        3.851091 1.181102 0.310261,
        4.008543 1.181142 0.327009,
        4.024331 1.181142 0.319312,
        3.412630 1.181102 0.617799,
        4.960630 1.181102 0.984252,
        3.700787 1.181102 0.000000,
        4.094488 1.181102 -0.866142,
        4.094488 1.181102 0.000000,
        4.566929 1.181102 -0.866142,
        4.960630 1.181102 -0.984252,
        4.566929 1.181102 -0.984252,
        4.372638 1.181142 0.285016,
        4.426969 1.181142 0.331008,
        4.443307 1.181142 0.342652,
        3.263575 1.181102 0.426201,
        4.277874 1.181142 0.634516,
        4.397992 1.181142 0.580654,
        4.103307 1.181102 0.412402,
        4.115394 1.181142 0.363305,
        4.107047 1.181102 0.364605,
        4.359724 1.181142 0.273317,
        4.154252 1.181142 0.597465,
        4.173268 1.181142 0.602488,
        4.215748 1.181142 0.602449,
        3.384866 1.181102 0.497492,
        3.392299 1.181142 0.427039,
        3.367736 1.181102 0.497370,
        3.499839 1.181142 0.602512,
        3.429209 1.181102 0.617913,
        3.505831 1.181102 0.607240,
        4.236732 1.181142 0.596744,
        4.193780 1.181102 0.655563,
        4.168465 1.181142 0.653472,
        4.237520 1.181142 0.650299,
        4.216024 1.181142 0.654307,
        4.258189 1.181142 0.643661,
        4.310315 1.181142 0.612016,
        4.296496 1.181102 0.622988,
        4.387677 1.181142 0.583598,
        4.193307 1.181102 0.604323,
        4.355748 1.181142 0.587528,
        4.345000 1.181142 0.587004,
        4.322795 1.181142 0.599516,
        4.366496 1.181142 0.587047,
        4.136614 1.181142 0.589531,
        4.334331 1.181102 0.585681,
        4.377126 1.181142 0.585744,
        4.493268 1.181102 0.450177,
        4.491417 1.181142 0.471929,
        4.417795 1.181142 0.572374,
        4.408071 1.181142 0.576898,
        4.436063 1.181142 0.561134,
        4.427126 1.181142 0.567114,
        4.444449 1.181142 0.554539,
        4.452441 1.181102 0.547240,
        4.477913 1.181142 0.512661,
        4.466575 1.181142 0.530902,
        4.424488 1.181142 0.499059,
        4.308307 1.181102 0.523161,
        4.413976 1.181142 0.511634,
        4.432520 1.181142 0.484610,
        4.486220 1.181142 0.492878,
        4.289488 1.181142 0.426224,
        4.272323 1.181142 0.420323,
        4.129449 1.181102 0.457846,
        4.491929 1.181142 0.429831,
        4.007835 1.181142 0.401587,
        4.015000 1.181142 0.389598,
        4.244291 1.181102 0.398882,
        4.257087 1.181142 0.411075,
        4.480433 1.181142 0.391000,
        4.487598 1.181142 0.409996,
        4.439488 1.181102 0.451504,
        4.326024 1.181142 0.426575,
        4.437598 1.181142 0.468646,
        4.470551 1.181142 0.373174,
        4.425394 1.181142 0.404118,
        4.357677 1.181142 0.412709,
        4.433071 1.181142 0.418567,
        4.458071 1.181102 0.356847,
        4.437874 1.181142 0.434465,
        4.370630 1.181142 0.401488,
        4.381142 1.181142 0.387969,
        4.415236 1.181142 0.391429,
        4.382913 1.181142 0.299163,
        4.409213 1.181142 0.321916,
        4.327598 1.181142 0.258793,
        4.309331 1.181102 0.256734,
        4.390039 1.181102 0.315375,
        4.344567 1.181142 0.264448,
        4.292165 1.181142 0.258356,
        4.248858 1.181142 0.281390,
        4.261575 1.181142 0.271031,
        4.109134 1.181102 0.311675,
        4.276142 1.181142 0.263237,
        4.126575 1.181142 0.320231,
        4.230315 1.181142 0.308411,
        4.118740 1.181142 0.314318,
        4.238307 1.181142 0.293966,
        4.035945 1.181142 0.371448,
        4.024488 1.181142 0.379433,
        4.003228 1.181142 0.415043,
        4.001535 1.181102 0.429610,
        4.003189 1.181142 0.444874,
        3.363248 1.181142 0.419559,
        3.280154 1.181102 0.426319,
        3.370094 1.181142 0.422626,
        4.008110 1.181142 0.458921,
        4.015906 1.181142 0.471346,
        4.308150 1.181102 0.428370,
        4.085000 1.181142 0.534390,
        4.299567 1.181142 0.542697,
        4.342638 1.181142 0.421213,
        4.402913 1.181142 0.380813,
        4.386693 1.181142 0.529787,
        4.322087 1.181142 0.529992,
        4.388780 1.181102 0.372581,
        4.337402 1.181142 0.534563,
        4.353465 1.181102 0.536287,
        4.370630 1.181142 0.534669,
        4.401220 1.181142 0.521992,
        4.273031 1.181142 0.575252,
        4.120591 1.181142 0.578972,
        4.255945 1.181142 0.587559,
        4.094488 1.181142 0.551122,
        4.106457 1.181142 0.566075,
        4.287677 1.181142 0.560177,
        4.078268 1.181142 0.516169,
        4.074528 1.181102 0.496736,
        4.067677 1.181102 0.496689,
        4.038465 1.181142 0.489701,
        4.052441 1.181142 0.494819,
        4.026142 1.181142 0.481740,
        3.744909 1.181102 0.307482,
        3.752654 1.181142 0.308292,
        3.786496 1.181102 0.309803,
        4.063504 1.181102 0.363442,
        4.049055 1.181142 0.365999,
        4.101929 1.181102 0.363715,
        4.058740 1.181102 0.311318,
        4.132283 1.181142 0.346639,
        4.223307 1.181102 0.350058,
        4.223346 1.181102 0.341519,
        4.131811 1.181142 0.328528,
        4.225197 1.181142 0.324378,
        4.133701 1.181102 0.338322,
        4.122677 1.181142 0.359578,
        4.128465 1.181142 0.353874,
        3.850236 1.181102 0.430362,
        3.960591 1.181142 0.378589,
        4.041142 1.181142 0.314041,
        3.453882 1.181102 0.307444,
        3.593839 1.181142 0.270316,
        3.431197 1.181142 0.307283,
        3.332976 1.181102 0.368176,
        3.334020 1.181142 0.380860,
        3.326752 1.181102 0.306543,
        3.334205 1.181142 0.354921,
        3.337689 1.181142 0.343064,
        3.342929 1.181142 0.402224,
        3.337339 1.181142 0.392208,
        3.356780 1.181142 0.415646,
        3.350787 1.181102 0.410917,
        3.458673 1.181102 0.498016,
        3.430343 1.181102 0.427386,
        3.422764 1.181142 0.427331,
        3.848886 1.181102 0.620890,
        4.063543 1.181142 0.595370,
        4.050984 1.181142 0.578976,
        3.486740 1.181142 0.534657,
        3.475803 1.181102 0.498138,
        3.483256 1.181142 0.546516,
        4.012441 1.181142 0.534063,
        4.040512 1.181142 0.561315,
        4.032362 1.181102 0.542551,
        3.564236 1.181102 0.618874,
        3.571815 1.181102 0.618925,
        3.218685 1.181102 0.305776,
        3.235815 1.181102 0.305898,
        3.309622 1.181102 0.306421,
        3.604512 1.181102 0.268108,
        3.247831 1.181102 0.338834,
        3.297843 1.181102 0.339189,
        3.400028 1.181142 0.427169,
        3.343421 1.181142 0.332604,
        3.351409 1.181102 0.323542,
        3.602933 1.181102 0.499039,
        3.648669 1.181102 0.396571,
        3.517626 1.181102 0.428004,
        3.455764 1.181102 0.427563,
        3.415185 1.181142 0.427276,
        3.407606 1.181142 0.427224,
        3.384701 1.181142 0.426319,
        3.377394 1.181142 0.424898,
        3.667528 1.181102 0.499496,
        3.483071 1.181142 0.572457,
        3.482028 1.181102 0.559772,
        3.572630 1.181102 0.498823,
        3.580248 1.181142 0.498878,
        3.994606 1.181142 0.522346,
        3.849736 1.181102 0.500791,
        3.969528 1.181142 0.363206,
        3.400732 1.181102 0.307067,
        3.408346 1.181102 0.307121,
        3.423579 1.181102 0.307229,
        3.415965 1.181102 0.307175,
        3.392976 1.181102 0.307155,
        3.377953 1.181102 0.309336,
        3.385488 1.181102 0.307862,
        3.363803 1.181102 0.314750,
        3.370748 1.181102 0.311600,
        3.357354 1.181102 0.318731,
        3.644051 1.181102 0.322361,
        3.641846 1.181102 0.324625,
        3.662453 1.181102 0.319420,
        3.502878 1.181102 0.321485,
        3.459638 1.181102 0.361582,
        3.502591 1.181102 0.361887,
        3.459543 1.181102 0.375336,
        3.502492 1.181102 0.375641,
        3.502220 1.181102 0.414079,
        3.455862 1.181102 0.413748,
        3.956929 1.181142 0.472043,
        3.950866 1.181142 0.451630,
        3.453787 1.181102 0.321137,
        3.993937 1.181142 0.337009,
        3.759244 1.181142 0.310594,
        3.652752 1.181102 0.319406,
        3.649831 1.181102 0.319899,
        3.646685 1.181102 0.320889,
        3.659299 1.181102 0.319177,
        3.655941 1.181102 0.319172,
        3.599283 1.181142 0.282301,
        3.609783 1.181142 0.281463,
        3.605587 1.181102 0.281011,
        3.614205 1.181102 0.269405,
        3.718217 1.181102 0.309319,
        3.614110 1.181102 0.282791,
        3.583378 1.181102 0.308547,
        3.639941 1.181102 0.310456,
        3.590087 1.181102 0.292998,
        3.645823 1.181102 0.308422,
        3.625815 1.181142 0.324693,
        3.629083 1.181142 0.318530,
        3.634492 1.181102 0.313515,
        3.624689 1.181102 0.331989,
        3.770740 1.181142 0.341441,
        3.835488 1.181102 0.323844,
        3.771933 1.181102 0.332665,
        3.591492 1.181102 0.370413,
        3.583394 1.181102 0.346566,
        3.567260 1.181102 0.346465,
        3.629626 1.181142 0.346209,
        3.625898 1.181142 0.339781,
        3.679996 1.181102 0.325793,
        3.640142 1.181142 0.330625,
        3.682657 1.181102 0.327611,
        3.788374 1.181102 0.429925,
        3.786402 1.181102 0.500343,
        3.616417 1.181102 0.394378,
        3.628476 1.181102 0.378008,
        3.558469 1.181102 0.370185,
        3.549673 1.181142 0.393906,
        3.638701 1.181142 0.382724,
        3.650232 1.181102 0.384365,
        3.662102 1.181102 0.381256,
        3.665945 1.181142 0.368365,
        3.663508 1.181102 0.364932,
        3.979173 1.181142 0.507823,
        3.666736 1.181102 0.372937,
        3.656843 1.181142 0.383620,
        3.665559 1.181142 0.377611,
        3.743276 1.181102 0.360463,
        3.718850 1.181142 0.373038,
        3.763252 1.181102 0.374789,
        3.712366 1.181102 0.498551,
        3.656835 1.181102 0.360959,
        3.649720 1.181102 0.357803,
        3.642071 1.181102 0.354565,
        3.638126 1.181142 0.395563,
        3.628374 1.181102 0.392622,
        3.599594 1.181102 0.394260,
        3.966496 1.181142 0.490917,
        3.719449 1.181102 0.497972,
        3.726972 1.181102 0.497921,
        3.727469 1.181142 0.383600,
        3.735059 1.181102 0.384966,
        3.745043 1.181142 0.383875,
        3.722067 1.181142 0.379624,
        3.954055 1.181142 0.395055,
        3.643953 1.181102 0.338819,
        3.650748 1.181102 0.342805,
        3.640575 1.181102 0.327380,
        3.671583 1.181102 0.321600,
        3.677287 1.181102 0.324194,
        3.674520 1.181102 0.322808,
        3.665551 1.181102 0.319906,
        3.668594 1.181102 0.320633,
        3.641079 1.181142 0.335153,
        3.658004 1.181102 0.345904,
        3.771165 1.181142 0.325517,
        3.786398 1.181102 0.323496,
        3.665740 1.181102 0.349318,
        3.672303 1.181102 0.352994,
        3.792252 1.181102 0.363941,
        3.766748 1.181142 0.349341,
        3.702780 1.181102 0.364412,
        3.703173 1.181102 0.309212,
        3.512299 1.181102 0.611157,
        3.519146 1.181102 0.614220,
        3.396886 1.181102 0.530429,
        3.446894 1.181102 0.530783,
        3.492472 1.181142 0.524201,
        3.500461 1.181102 0.515138,
        3.491980 1.181142 0.593819,
        3.486390 1.181142 0.583803,
        3.604815 1.181102 0.619161,
        3.579394 1.181102 0.618980,
        3.556657 1.181102 0.618819,
        3.549079 1.181102 0.618764,
        3.541350 1.181102 0.618634,
        3.533752 1.181102 0.617913,
        3.526445 1.181102 0.616492,
        3.703445 1.181142 0.620650,
        3.666677 1.181102 0.619598,
        3.719161 1.181102 0.621996,
        4.143858 1.181142 0.647693,
        3.690736 1.181102 0.616882,
        3.557398 1.181102 0.498717,
        3.565016 1.181102 0.498772,
        3.542028 1.181102 0.498752,
        3.534539 1.181102 0.499457,
        3.549783 1.181102 0.498661,
        3.527004 1.181102 0.500933,
        3.512854 1.181102 0.506346,
        3.519799 1.181102 0.503197,
        3.506406 1.181102 0.510327,
        3.651929 1.181102 0.513079,
        3.608693 1.181102 0.553177,
        3.651642 1.181102 0.553484,
        3.608594 1.181102 0.566933,
        4.077992 1.181102 0.610339,
        3.651543 1.181102 0.567236,
        3.651272 1.181102 0.605673,
        4.098307 1.181142 0.625921,
        3.604913 1.181102 0.605346,
        3.833382 1.181102 0.620780,
        3.602839 1.181102 0.512732,
        3.711118 1.181142 0.512496,
        3.734382 1.181142 0.513173,
        3.722492 1.181102 0.511677,
        4.120394 1.181142 0.638441,
        3.691425 1.181102 0.519500,
        3.753256 1.181102 0.524543,
        3.744638 1.181142 0.517465,
        3.792154 1.181102 0.377695,
        3.788472 1.181102 0.416110,
        3.834831 1.181102 0.416437,
        3.741358 1.181102 0.499933,
        3.748181 1.181102 0.502201,
        3.778343 1.181102 0.578799,
        3.775906 1.181102 0.585874,
        3.700760 1.181142 0.515106,
        3.691531 1.181102 0.504642,
        3.760642 1.181102 0.509567,
        3.754713 1.181102 0.505441,
        3.786307 1.181102 0.514031,
        3.765976 1.181142 0.514563,
        3.770720 1.181102 0.520465,
        3.834138 1.181102 0.514374,
        3.779465 1.181102 0.541142,
        3.780638 1.181102 0.548591,
        3.759740 1.181142 0.534047,
        3.774551 1.181102 0.526929,
        3.764803 1.181102 0.558890,
        3.763587 1.181142 0.545496,
        3.777484 1.181102 0.533933,
        3.780854 1.181102 0.563961,
        3.690850 1.181102 0.600673,
        3.751929 1.181102 0.594906,
        3.759008 1.181142 0.584969,
        3.763299 1.181142 0.572961,
        3.779988 1.181102 0.571339,
        3.768402 1.181102 0.598917,
        3.772571 1.181102 0.592665,
        3.742614 1.181142 0.602252,
        3.704335 1.181142 0.606126,
        3.719106 1.181102 0.607996,
        3.731673 1.181142 0.606610,
        3.731961 1.181142 0.620984,
        3.743598 1.181142 0.617748,
        3.754083 1.181142 0.612299,
        3.763402 1.181142 0.604626,
        3.781075 1.181102 0.556177,
        3.734236 1.181102 0.498531,
        3.672480 1.181102 0.389926,
        3.713756 1.181142 0.391839,
        3.707598 1.181142 0.385293,
        3.754441 1.181142 0.380473,
        3.661669 1.181142 0.394961,
        3.722409 1.181142 0.395799,
        3.698130 1.181102 0.501795,
        3.705079 1.181102 0.499807,
        3.980787 1.181102 0.349192,
        3.950039 1.181142 0.412319,
        3.948622 1.181102 0.430091,
        3.717831 1.181102 0.363843,
        3.835102 1.181102 0.378000,
        3.835201 1.181102 0.364246,
        3.664839 1.181102 0.307134,
        3.768752 1.181142 0.319420,
        3.744299 1.181142 0.396370,
        3.754165 1.181142 0.393783,
        3.763150 1.181102 0.389402,
        3.703941 1.181142 0.376152,
        3.681126 1.181142 0.378793,
        3.677870 1.181142 0.384865,
        3.682252 1.181102 0.371696,
        3.678079 1.181142 0.358096,
        3.751953 1.181142 0.358656,
        3.760079 1.181142 0.355150,
        3.734256 1.181142 0.309105,
        3.725457 1.181142 0.314139,
        3.764693 1.181102 0.314377,
        3.594118 1.181142 0.286288,
        3.718122 1.181102 0.322581,
        3.682768 1.181142 0.312076,
        3.677063 1.181102 0.309660,
        3.670945 1.181102 0.308013,
        3.681240 1.181142 0.364328,
        3.733559 1.181102 0.397173,
        3.573709 1.181102 0.295338,
        3.518476 1.181102 0.307902,
        3.534079 1.181102 0.393795,
        3.575846 1.181142 0.322555,
        3.635453 1.181102 0.350994,
        3.584996 1.181142 0.276705,
        3.658315 1.181102 0.306879,
        3.652008 1.181102 0.307274,
        3.609776 1.181142 0.268460,
        3.578480 1.181142 0.285484,
        3.070866 -0.826772 0.413386,
        4.960630 -0.846457 0.428150,
        3.070866 -0.846457 0.428150,
        0.314961 -0.669291 0.295276,
        4.960630 -0.669291 0.295276,
        0.314961 -0.826772 0.413386,
        2.007874 0.846457 0.984252,
        1.830709 0.846457 0.984252,
        2.007874 0.000000 0.984252,
        3.937008 -0.905512 0.984252,
        2.677165 0.000000 0.984252,
        0.196850 -1.181102 0.984252,
        3.937008 -1.181102 0.984252,
        0.196850 0.451039 0.984252,
        0.196850 -0.451039 0.984252,
        0.826772 0.000000 0.984252,
        4.251969 0.000000 0.984252,
        4.960630 -1.181102 0.984252,
        4.370079 -0.905512 0.984252,
        4.370079 -1.181102 0.984252,
        0.649606 0.846457 0.984252,
        1.496063 0.000000 0.984252,
        0.649606 0.964567 0.984252,
        1.673228 0.846457 0.984252,
        1.496063 0.846457 0.984252,
        1.830709 0.964567 0.984252,
        2.854331 0.964567 0.984252,
        2.677165 0.846457 0.984252,
        2.854331 0.846457 0.984252,
        3.582677 0.000000 0.984252,
        3.405512 0.846457 0.984252,
        0.826772 0.846457 0.984252,
        1.673228 0.964567 0.984252,
        3.405512 0.964567 0.984252,
        3.582677 0.846457 0.984252,
        4.429134 0.846457 0.984252,
        4.251969 0.846457 0.984252,
        4.429134 0.964567 0.984252,
        3.937008 -0.964567 0.551181,
        3.937008 -0.905512 0.551181,
        3.937008 -1.181102 -0.314961,
        3.937008 -0.964567 -0.314961,
        4.370079 -0.905512 0.551181,
        4.370079 -0.964567 0.551181,
        4.370079 -1.181102 -0.314961,
        4.370079 -0.964567 -0.314961,
        4.251969 -1.181102 -0.984252,
        4.251969 -1.181102 -0.866142,
        0.196850 -1.181102 -0.984252,
        4.960630 -1.181102 -0.866142,
        4.960630 -0.578618 0.295276,
        2.952756 -0.644217 0.295276,
        2.952756 -0.578618 0.295276,
        -0.000000 -0.880173 0.295276,
        0.000000 -0.644217 0.295276,
        0.314961 -0.964567 0.295276,
        4.960630 -0.846457 0.551181,
        3.070866 -0.846457 0.551181,
        3.070866 -0.964567 0.551181,
        4.960630 -0.964567 0.551181,
        4.960630 0.649091 -0.025878,
        4.251969 0.649606 0.000000,
        4.251969 0.647602 -0.050968,
        4.251969 0.647602 0.050968,
        4.960630 0.649091 0.025878,
        3.582677 0.647602 0.050968,
        3.582677 0.641610 0.101621,
        2.952756 0.644969 0.077469,
        4.960630 0.644969 0.077469,
        4.251969 0.641610 0.101621,
        3.582677 0.631657 0.151648,
        2.952756 0.636756 0.128569,
        4.960630 0.636756 0.128569,
        4.251969 0.631657 0.151648,
        2.952756 0.624500 0.178852,
        3.582677 0.617811 0.200739,
        4.251969 0.617811 0.200739,
        4.960630 0.624500 0.178852,
        3.582677 0.600157 0.248594,
        2.952756 0.608280 0.228001,
        4.960630 0.608280 0.228001,
        4.251969 0.600157 0.248594,
        3.582677 0.578803 0.294915,
        2.952756 0.588197 0.275702,
        4.960630 0.588197 0.275702,
        4.251969 0.578803 0.294915,
        2.952756 0.564382 0.321652,
        3.582677 0.553882 0.339419,
        4.251969 0.553882 0.339419,
        4.960630 0.564382 0.321652,
        3.582677 0.525543 0.381829,
        2.952756 0.536984 0.365562,
        4.960630 0.536984 0.365562,
        4.251969 0.525543 0.381829,
        3.582677 0.493965 0.421886,
        2.952756 0.506177 0.407150,
        4.960630 0.506177 0.407150,
        4.251969 0.493965 0.421886,
        2.952756 0.472157 0.446154,
        3.582677 0.459343 0.459343,
        4.251969 0.459343 0.459343,
        4.960630 0.472157 0.446154,
        3.582677 0.421886 0.493965,
        2.952756 0.435142 0.482327,
        4.960630 0.435142 0.482327,
        4.960630 0.395362 0.515437,
        4.251969 0.421886 0.493965,
        4.960630 0.353076 0.545276,
        4.251969 0.381829 0.525543,
        4.251969 0.339419 0.553882,
        4.960630 0.308546 0.571654,
        4.960630 0.262058 0.594402,
        4.251969 0.294915 0.578803,
        4.960630 0.213907 0.613378,
        4.251969 0.248594 0.600157,
        4.251969 0.200739 0.617811,
        4.960630 0.164397 0.628461,
        4.960630 0.113844 0.639551,
        4.251969 0.151648 0.631657,
        4.960630 0.062569 0.646587,
        4.251969 0.101621 0.641610,
        4.251969 0.050968 0.647602,
        4.960630 0.010896 0.649516,
        4.960630 -0.040846 0.648319,
        4.251969 -0.000009 0.649610,
        2.952756 -0.040846 0.648319,
        2.952756 -0.092329 0.643012,
        4.960630 -0.092329 0.643012,
        4.960630 -0.143225 0.633622,
        2.952756 -0.143225 0.633622,
        4.960630 -0.193213 0.620209,
        2.952756 -0.193213 0.620209,
        2.952756 -0.241974 0.602858,
        4.960630 -0.241974 0.602858,
        4.960630 -0.289198 0.581681,
        2.952756 -0.289198 0.581681,
        4.960630 -0.334588 0.556811,
        2.952756 -0.334588 0.556811,
        2.952756 -0.377853 0.528409,
        4.960630 -0.377853 0.528409,
        4.960630 -0.418720 0.496650,
        2.952756 -0.418720 0.496650,
        4.960630 -0.456929 0.461740,
        2.952756 -0.456929 0.461740,
        2.952756 -0.492236 0.423898,
        4.960630 -0.492236 0.423898,
        4.960630 -0.524421 0.383367,
        2.952756 -0.524421 0.383367,
        4.960630 -0.553276 0.340402,
        2.952756 -0.553276 0.340402,
        3.582677 0.649606 0.000000,
        2.952756 0.649091 0.025878,
        2.952756 0.649091 -0.025878,
        3.582677 0.647602 -0.050968,
        4.960630 0.644969 -0.077469,
        4.251969 0.641610 -0.101621,
        3.582677 0.641610 -0.101621,
        2.952756 0.644969 -0.077469,
        4.251969 0.631657 -0.151648,
        4.960630 0.636756 -0.128569,
        2.952756 0.636756 -0.128569,
        3.582677 0.631657 -0.151648,
        4.251969 0.617811 -0.200739,
        4.960630 0.624500 -0.178852,
        2.952756 0.624500 -0.178852,
        3.582677 0.617811 -0.200739,
        4.960630 0.608280 -0.228001,
        4.251969 0.600157 -0.248594,
        3.582677 0.600157 -0.248594,
        2.952756 0.608280 -0.228001,
        4.251969 0.578803 -0.294915,
        4.960630 0.588197 -0.275702,
        2.952756 0.588197 -0.275702,
        3.582677 0.578803 -0.294915,
        4.251969 0.553882 -0.339419,
        4.960630 0.564382 -0.321652,
        2.952756 0.564382 -0.321652,
        3.582677 0.553882 -0.339419,
        4.960630 0.536984 -0.365562,
        4.251969 0.525543 -0.381829,
        3.582677 0.525543 -0.381829,
        2.952756 0.536984 -0.365562,
        4.251969 0.493965 -0.421886,
        4.960630 0.506177 -0.407150,
        2.952756 0.506177 -0.407150,
        3.582677 0.493965 -0.421886,
        4.251969 0.459343 -0.459343,
        4.960630 0.472157 -0.446154,
        2.952756 0.472157 -0.446154,
        3.582677 0.459343 -0.459343,
        4.960630 0.435142 -0.482327,
        4.251969 0.421886 -0.493965,
        3.582677 0.421886 -0.493965,
        2.952756 0.435142 -0.482327,
        4.251969 0.381829 -0.525543,
        4.960630 0.395362 -0.515437,
        2.952756 0.395362 -0.515437,
        3.582677 0.381829 -0.525543,
        4.251969 0.339419 -0.553882,
        4.960630 0.353076 -0.545276,
        2.952756 0.353076 -0.545276,
        3.582677 0.339419 -0.553882,
        4.960630 0.308546 -0.571654,
        4.251969 0.294915 -0.578803,
        3.582677 0.294915 -0.578803,
        2.952756 0.308546 -0.571654,
        4.251969 0.248594 -0.600157,
        4.960630 0.262058 -0.594402,
        2.952756 0.262058 -0.594402,
        3.582677 0.248594 -0.600157,
        4.251969 0.200739 -0.617811,
        4.960630 0.213907 -0.613378,
        2.952756 0.213907 -0.613378,
        3.582677 0.200739 -0.617811,
        4.960630 0.164397 -0.628461,
        4.251969 0.151648 -0.631657,
        3.582677 0.151648 -0.631657,
        2.952756 0.164397 -0.628461,
        4.251969 0.101621 -0.641610,
        4.960630 0.113844 -0.639551,
        2.952756 0.113844 -0.639551,
        3.582677 0.101621 -0.641610,
        4.251969 0.050968 -0.647602,
        4.960630 0.062569 -0.646587,
        2.952756 0.062569 -0.646587,
        3.582677 0.050968 -0.647602,
        4.960630 0.010896 -0.649516,
        4.251969 -0.000009 -0.649610,
        4.960630 -0.040846 -0.648319,
        3.582677 -0.000009 -0.649610,
        2.952756 -0.092329 -0.643012,
        4.960630 -0.092329 -0.643012,
        2.952756 -0.040846 -0.648319,
        4.960630 -0.143225 -0.633622,
        2.952756 -0.143225 -0.633622,
        2.952756 -0.193213 -0.620209,
        4.960630 -0.193213 -0.620209,
        2.952756 -0.241974 -0.602858,
        4.960630 -0.241974 -0.602858,
        4.960630 -0.289198 -0.581681,
        2.952756 -0.289198 -0.581681,
        2.952756 -0.334588 -0.556811,
        4.960630 -0.334588 -0.556811,
        2.952756 -0.377853 -0.528409,
        4.960630 -0.377853 -0.528409,
        4.960630 -0.418720 -0.496650,
        2.952756 -0.418720 -0.496650,
        2.952756 -0.456929 -0.461740,
        4.960630 -0.456929 -0.461740,
        2.952756 -0.492236 -0.423898,
        4.960630 -0.492236 -0.423898,
        4.960630 -0.524421 -0.383367,
        2.952756 -0.524421 -0.383367,
        2.952756 -0.553276 -0.340402,
        4.960630 -0.553276 -0.340402,
        4.960630 -0.578622 -0.295276,
        2.952756 -0.578622 -0.295276,
        2.952756 0.395362 0.515437,
        3.582677 0.381829 0.525543,
        2.952756 0.353076 0.545276,
        3.582677 0.339419 0.553882,
        2.952756 0.308546 0.571654,
        3.582677 0.294915 0.578803,
        2.952756 0.262058 0.594402,
        3.582677 0.248594 0.600157,
        2.952756 0.213907 0.613378,
        3.582677 0.200739 0.617811,
        2.952756 0.164397 0.628461,
        3.582677 0.151648 0.631657,
        2.952756 0.113844 0.639551,
        3.582677 0.101621 0.641610,
        2.952756 0.062569 0.646587,
        3.582677 0.050968 0.647602,
        2.952756 0.010896 0.649516,
        3.582677 -0.000009 0.649610,
        2.952756 0.010896 -0.649516,
        4.251969 0.846457 -0.787402,
        3.996063 0.846457 -0.866142,
        3.996063 0.846457 -0.787402,
        4.429134 0.846457 -0.866142,
        3.858268 0.846457 -0.984252,
        3.858268 0.846457 -0.866142,
        4.566929 0.846457 -0.984252,
        4.566929 0.846457 -0.866142,
        4.251969 0.000000 -0.787402,
        3.582677 0.000000 -0.787402,
        3.582677 0.846457 -0.787402,
        3.405512 0.846457 -0.787402,
        3.405512 0.964567 -0.787402,
        3.700787 0.964567 -0.787402,
        3.700787 0.964567 0.000000,
        4.429134 0.964567 -0.866142,
        4.094488 0.964567 0.000000,
        4.094488 0.964567 -0.866142,
        4.960630 -0.964567 -0.866142,
        4.448819 -0.964567 -0.551181,
        3.070866 -0.964567 0.413386,
        3.070866 -0.964567 -0.413386,
        0.314961 -0.964567 -0.295276,
        0.314961 -0.964567 0.413386,
        0.314961 -0.964567 -0.413386,
        3.070866 -0.964567 -0.551181,
        4.448819 -0.964567 -0.866142,
        -0.590551 0.818724 0.115065,
        -0.472441 0.701768 0.098616,
        -0.472441 0.693177 0.147325,
        -0.590551 0.826772 -0.000000,
        -0.472441 0.706937 0.049437,
        -0.590551 0.824756 0.057673,
        -0.472441 0.665929 0.242358,
        -0.472441 0.647398 0.288220,
        -0.590551 0.776909 0.282772,
        -0.590551 0.794744 0.227889,
        -0.590551 0.808705 0.171896,
        -0.472441 0.681213 0.195317,
        -0.590551 0.701142 0.438122,
        -0.472441 0.600988 0.375517,
        -0.472441 0.573331 0.416528,
        -0.590551 0.729996 0.388146,
        -0.590551 0.755295 0.336278,
        -0.472441 0.625717 0.332679,
        -0.472441 0.474197 0.526630,
        -0.590551 0.594728 0.574323,
        -0.472441 0.509780 0.492268,
        -0.472441 0.542878 0.455508,
        -0.590551 0.633343 0.531437,
        -0.590551 0.668874 0.485965,
        -0.472441 0.396283 0.587504,
        -0.472441 0.354330 0.613720,
        -0.590551 0.462327 0.685425,
        -0.590551 0.553217 0.614409,
        -0.472441 0.436303 0.558429,
        -0.590551 0.509012 0.651504,
        -0.590551 0.309714 0.766571,
        -0.472441 0.265478 0.657059,
        -0.472441 0.219002 0.673976,
        -0.590551 0.362433 0.743098,
        -0.590551 0.413386 0.716004,
        -0.472441 0.310661 0.636941,
        -0.472441 0.074094 0.704776,
        -0.590551 0.143567 0.814213,
        -0.472441 0.123076 0.697890,
        -0.472441 0.171457 0.687610,
        -0.590551 0.200014 0.802213,
        -0.590551 0.255487 0.786307,
        -0.472441 -0.024714 0.708224,
        -0.472441 -0.074059 0.704776,
        -0.590551 -0.028854 0.826268,
        -0.590551 0.086421 0.822244,
        -0.472441 0.024751 0.708224,
        -0.590551 0.028854 0.826268,
        -0.590551 -0.200014 0.802213,
        -0.472441 -0.171429 0.687614,
        -0.472441 -0.218979 0.673984,
        -0.590551 -0.143567 0.814213,
        -0.590551 -0.086421 0.822244,
        -0.472441 -0.123043 0.697898,
        -0.472441 -0.354330 0.613720,
        -0.590551 -0.362433 0.743098,
        -0.472441 -0.310653 0.636945,
        -0.472441 -0.265463 0.657067,
        -0.590551 -0.309714 0.766571,
        -0.590551 -0.255487 0.786307,
        -0.472441 -0.436287 0.558437,
        -0.472441 -0.474181 0.526646,
        -0.590551 -0.509012 0.651504,
        -0.590551 -0.413386 0.716004,
        -0.472441 -0.396276 0.587508,
        -0.590551 -0.462327 0.685425,
        -0.472441 -0.509760 0.492291,
        -0.472441 -0.542854 0.455531,
        -0.590551 -0.594728 0.574323,
        -0.590551 -0.553217 0.614409,
        -0.472441 -0.573307 0.416555,
        -0.590551 -0.633343 0.531437,
        -0.590551 -0.668874 0.485965,
        -0.472441 -0.600969 0.375549,
        -0.472441 -0.625701 0.332711,
        -0.590551 -0.701142 0.438122,
        -0.472441 -0.647386 0.288253,
        -0.590551 -0.729996 0.388146,
        -0.590551 -0.755295 0.336278,
        -0.472441 -0.665917 0.242389,
        -0.472441 -0.681205 0.195345,
        -0.590551 -0.776909 0.282772,
        -0.472441 -0.693173 0.147348,
        -0.590551 -0.794744 0.227889,
        -0.590551 -0.808705 0.171896,
        -0.472441 -0.701764 0.098633,
        -0.472441 -0.706937 0.049437,
        -0.590551 -0.818724 0.115065,
        -0.472441 -0.708661 -0.000000,
        -0.590551 -0.824756 0.057673,
        -0.590551 -0.826772 -0.000000,
        -0.472441 0.708661 -0.000000,
        -0.590551 0.614768 0.717543,
        -0.590551 0.657776 0.678335,
        -0.590551 -0.521917 0.787657,
        -0.590551 -0.472441 0.818295,
        -0.590551 -0.421165 0.845831,
        -0.590551 -0.569413 0.754035,
        -0.590551 -0.368296 0.870154,
        -0.590551 -0.614752 0.717555,
        -0.590551 -0.314028 0.891177,
        -0.590551 -0.657760 0.678350,
        -0.590551 -0.258569 0.908819,
        -0.590551 -0.698268 0.636575,
        -0.590551 -0.202130 0.923008,
        -0.590551 -0.736130 0.592382,
        -0.590551 -0.144924 0.933701,
        -0.590551 -0.803343 0.497429,
        -0.590551 -0.771201 0.545941,
        -0.590551 -0.087168 0.940846,
        -0.590551 -0.832441 0.447031,
        -0.590551 -0.858382 0.394937,
        -0.590551 -0.029082 0.944429,
        -0.590551 -0.881067 0.341343,
        -0.590551 0.029115 0.944425,
        -0.590551 -0.900413 0.286454,
        -0.590551 0.087200 0.940846,
        -0.590551 -0.928791 0.173629,
        -0.590551 -0.916343 0.230479,
        -0.590551 0.144954 0.933693,
        -0.590551 -0.937720 0.116120,
        -0.590551 0.202157 0.923004,
        -0.590551 0.258592 0.908811,
        -0.590551 0.314046 0.891173,
        -0.590551 0.521921 0.787654,
        -0.590551 -0.824760 -0.057673,
        -0.590551 -0.937720 -0.116107,
        -0.590551 -0.943091 -0.058170,
        -0.590551 -0.818728 -0.115065,
        -0.590551 -0.808705 -0.171896,
        -0.590551 -0.928795 -0.173610,
        -0.590551 -0.858394 -0.394906,
        -0.590551 -0.755291 -0.336277,
        -0.590551 -0.729992 -0.388145,
        -0.590551 0.736150 0.592358,
        -0.590551 0.771217 0.545917,
        -0.590551 -0.771217 -0.545917,
        -0.590551 -0.668874 -0.485965,
        -0.590551 -0.736150 -0.592358,
        -0.590551 0.858394 0.394906,
        -0.590551 -0.553220 -0.614409,
        -0.590551 -0.614768 -0.717543,
        -0.590551 -0.657776 -0.678335,
        -0.590551 0.900421 0.286428,
        -0.590551 0.916346 0.230456,
        -0.590551 0.943091 0.058170,
        -0.590551 0.937720 0.116107,
        -0.590551 0.824760 -0.057673,
        -0.590551 0.943091 -0.058170,
        -0.590551 0.937720 -0.116120,
        -0.590551 -0.413386 -0.716008,
        -0.590551 -0.521921 -0.787654,
        -0.590551 -0.462327 -0.685425,
        -0.590551 0.794744 -0.227889,
        -0.590551 0.916343 -0.230479,
        -0.590551 0.900413 -0.286454,
        -0.590551 -0.314046 -0.891173,
        -0.590551 -0.368309 -0.870150,
        -0.590551 -0.309713 -0.766575,
        -0.590551 0.858382 -0.394937,
        -0.590551 0.832441 -0.447031,
        -0.590551 0.729992 -0.388145,
        -0.590551 -0.202157 -0.923004,
        -0.590551 -0.143567 -0.814209,
        -0.590551 -0.144954 -0.933693,
        -0.590551 0.771201 -0.545941,
        -0.590551 0.736130 -0.592382,
        -0.590551 0.668874 -0.485965,
        -0.590551 -0.028854 -0.826264,
        -0.590551 0.028854 -0.826264,
        -0.590551 -0.029115 -0.944425,
        -0.590551 0.657760 -0.678350,
        -0.590551 0.614752 -0.717555,
        -0.590551 0.553220 -0.614409,
        -0.590551 0.143567 -0.814209,
        -0.590551 0.202130 -0.923008,
        -0.590551 0.144924 -0.933701,
        -0.590551 0.521917 -0.787657,
        -0.590551 0.472441 -0.818295,
        -0.590551 0.413386 -0.716008,
        -0.590551 0.368296 -0.870154,
        -0.590551 0.314028 -0.891177,
        -0.590551 0.309713 -0.766575,
        -0.590551 0.362432 -0.743102,
        -0.590551 0.421165 -0.845831,
        -0.590551 0.509016 -0.651504,
        -0.590551 0.569413 -0.754035,
        -0.590551 0.462327 -0.685425,
        -0.590551 0.200014 -0.802217,
        -0.590551 0.258569 -0.908819,
        -0.590551 0.255486 -0.786311,
        -0.590551 0.698268 -0.636575,
        -0.590551 0.633346 -0.531441,
        -0.590551 0.594732 -0.574323,
        -0.590551 0.029082 -0.944429,
        -0.590551 0.087168 -0.940846,
        -0.590551 0.086421 -0.822240,
        -0.590551 0.701142 -0.438122,
        -0.590551 0.803343 -0.497429,
        -0.590551 -0.086421 -0.822240,
        -0.590551 -0.087200 -0.940846,
        -0.590551 0.881067 -0.341343,
        -0.590551 0.755291 -0.336277,
        -0.590551 -0.200014 -0.802217,
        -0.590551 -0.258592 -0.908811,
        -0.590551 0.776909 -0.282772,
        -0.590551 0.928791 -0.173629,
        -0.590551 0.808705 -0.171896,
        -0.590551 -0.255486 -0.786311,
        -0.590551 -0.421173 -0.845827,
        -0.590551 -0.362432 -0.743102,
        -0.590551 0.818728 -0.115065,
        -0.590551 -0.472441 -0.818295,
        -0.590551 -0.569425 -0.754028,
        -0.590551 0.944882 0.000000,
        -0.590551 0.928795 0.173610,
        -0.590551 -0.509016 -0.651504,
        -0.590551 -0.698287 -0.636555,
        -0.590551 -0.594732 -0.574323,
        -0.590551 0.881079 0.341314,
        -0.590551 -0.633346 -0.531441,
        -0.590551 -0.701142 -0.438122,
        -0.590551 -0.803362 -0.497402,
        -0.590551 0.803362 0.497402,
        -0.590551 0.832457 0.447000,
        -0.590551 -0.832457 -0.447000,
        -0.590551 -0.881079 -0.341314,
        -0.590551 0.698287 0.636555,
        -0.590551 -0.900421 -0.286428,
        -0.590551 -0.776909 -0.282772,
        -0.590551 -0.794744 -0.227889,
        -0.590551 -0.916346 -0.230456,
        -0.590551 0.569425 0.754028,
        -0.590551 0.472441 0.818295,
        -0.590551 0.421173 0.845827,
        -0.590551 0.368309 0.870150,
        -0.590551 -0.944882 -0.000000,
        -0.590551 -0.943091 0.058170,
        -0.452756 1.074472 0.133049,
        0.196850 1.065150 0.194016,
        0.196850 1.074878 0.129734,
        -0.452756 1.082677 -0.000000,
        -0.452756 1.080626 0.066651,
        0.196850 1.080724 0.064984,
        0.196850 1.034228 0.320252,
        -0.452756 1.031724 0.328216,
        0.196850 1.013142 0.381750,
        -0.452756 1.049976 0.264080,
        0.196850 1.051587 0.257598,
        -0.452756 1.064244 0.198942,
        -0.452756 0.953846 0.512205,
        0.196850 0.928331 0.557126,
        0.196850 0.960098 0.500402,
        -0.452756 0.983571 0.452516,
        0.196850 0.988402 0.441874,
        -0.452756 1.009563 0.391107,
        0.196850 0.813469 0.714465,
        0.196850 0.854886 0.664350,
        -0.452756 0.843496 0.678756,
        0.196850 0.893220 0.611843,
        -0.452756 0.920508 0.569957,
        -0.452756 0.883677 0.625543,
        0.196850 0.721996 0.806791,
        -0.452756 0.704413 0.822189,
        0.196850 0.672268 0.848673,
        -0.452756 0.800114 0.729398,
        -0.452756 0.753693 0.777268,
        0.196850 0.769118 0.762000,
        -0.452756 0.541339 0.937630,
        0.196850 0.509303 0.955406,
        0.196850 0.565732 0.923114,
        -0.452756 0.598031 0.902524,
        0.196850 0.620118 0.887492,
        -0.452756 0.652461 0.863996,
        0.196850 0.327111 1.032079,
        0.196850 0.389810 1.010067,
        -0.452756 0.359832 1.021138,
        -0.452756 0.482591 0.969177,
        -0.452756 0.422012 0.997051,
        0.196850 0.198257 1.064370,
        -0.452756 0.166074 1.069862,
        0.196850 0.132588 1.074528,
        -0.452756 0.296288 1.041350,
        -0.452756 0.231620 1.057614,
        0.196850 0.263180 1.050205,
        -0.452756 -0.033341 1.082157,
        0.196850 -0.066419 1.080638,
        0.196850 -0.000000 1.082677,
        -0.452756 0.033341 1.082157,
        0.196850 0.066419 1.080638,
        -0.452756 0.099897 1.078055,
        0.196850 -0.263180 1.050205,
        0.196850 -0.198257 1.064370,
        -0.452756 -0.231620 1.057614,
        0.196850 -0.132588 1.074528,
        -0.452756 -0.099897 1.078055,
        -0.452756 -0.166074 1.069862,
        0.196850 -0.389810 1.010067,
        -0.452756 -0.422012 0.997051,
        -0.452756 -0.296288 1.041350,
        -0.452756 -0.359832 1.021138,
        0.196850 -0.327111 1.032079,
        -0.452756 -0.598031 0.902524,
        0.196850 -0.620118 0.887492,
        0.196850 -0.565732 0.923114,
        -0.452756 -0.541339 0.937630,
        0.196850 -0.509303 0.955406,
        -0.452756 -0.482591 0.969177,
        0.196850 -0.769118 0.762000,
        0.196850 -0.721996 0.806791,
        -0.452756 -0.753693 0.777268,
        0.196850 -0.672268 0.848673,
        -0.452756 -0.652461 0.863996,
        -0.452756 -0.704413 0.822189,
        -0.452756 -0.843496 0.678756,
        0.196850 -0.813469 0.714465,
        -0.452756 -0.800114 0.729398,
        -0.452756 -0.883677 0.625543,
        0.196850 -0.854886 0.664350,
        0.196850 -0.893220 0.611843,
        -0.452756 -0.920508 0.569957,
        -0.452756 -0.953846 0.512205,
        0.196850 -0.928331 0.557126,
        -0.452756 -0.983571 0.452516,
        0.196850 -0.960098 0.500402,
        0.196850 -0.988402 0.441874,
        -0.452756 -1.009563 0.391107,
        -0.452756 -1.031724 0.328216,
        0.196850 -1.013142 0.381750,
        -0.452756 -1.049976 0.264080,
        0.196850 -1.034228 0.320252,
        0.196850 -1.051587 0.257598,
        -0.452756 -1.064244 0.198942,
        -0.452756 -1.074472 0.133049,
        0.196850 -1.065150 0.194016,
        -0.452756 -1.080626 0.066651,
        0.196850 -1.074878 0.129734,
        0.196850 -1.080724 0.064984,
        -0.452756 -1.082677 -0.000000,
        0.196850 -1.082677 -0.000000,
        0.196850 1.082677 -0.000000,
        0.196850 -0.893220 -0.611843,
        0.196850 -0.928331 -0.557126,
        0.196850 -1.080724 -0.064984,
        0.196850 -1.074878 -0.129734,
        0.196850 -1.065154 -0.194016,
        0.196850 -1.051587 -0.257598,
        0.196850 -1.034228 -0.320251,
        0.196850 -1.013138 -0.381749,
        0.196850 -0.988398 -0.441870,
        0.196850 -0.960094 -0.500402,
        0.196850 -0.854886 -0.664350,
        0.196850 -0.813472 -0.714465,
        0.196850 -0.769122 -0.762004,
        0.196850 -0.722000 -0.806791,
        0.196850 -0.672272 -0.848673,
        0.196850 -0.620118 -0.887492,
        0.196850 -0.565728 -0.923114,
        0.196850 -0.509303 -0.955409,
        0.196850 -0.451039 -0.984252,
        0.196850 0.509303 -0.955409,
        0.196850 0.451039 -0.984252,
        0.196850 1.080724 -0.064984,
        0.196850 0.620118 -0.887492,
        0.196850 0.565728 -0.923114,
        0.196850 0.722000 -0.806791,
        0.196850 0.672272 -0.848673,
        0.196850 0.813472 -0.714465,
        0.196850 0.769122 -0.762004,
        0.196850 0.893220 -0.611843,
        0.196850 0.854886 -0.664350,
        0.196850 0.960094 -0.500402,
        0.196850 0.928331 -0.557126,
        0.196850 1.013138 -0.381749,
        0.196850 0.988398 -0.441870,
        0.196850 1.051587 -0.257598,
        0.196850 1.034228 -0.320251,
        0.196850 1.074878 -0.129734,
        0.196850 1.065154 -0.194016,
        2.677165 0.846457 -0.787402,
        2.421260 0.846457 -0.866142,
        2.421260 0.846457 -0.787402,
        2.854331 0.846457 -0.866142,
        2.283465 0.846457 -0.984252,
        2.283465 0.846457 -0.866142,
        2.992126 0.846457 -0.984252,
        2.992126 0.846457 -0.866142,
        2.854331 0.964567 -0.866142,
        1.830709 0.964567 -0.787402,
        2.086614 0.964567 -0.787402,
        2.086614 0.964567 0.157480,
        2.480315 0.964567 0.157480,
        2.480315 0.964567 -0.866142,
        1.830709 0.846457 -0.787402,
        2.007874 0.846457 -0.787402,
        2.007874 0.000000 -0.787402,
        2.007874 0.208881 -0.677181,
        2.007874 0.157692 -0.690894,
        2.007874 0.105620 -0.700744,
        2.007874 0.052958 -0.706677,
        2.007874 0.000000 -0.708661,
        2.007874 0.708661 0.000000,
        2.007874 0.706681 -0.052959,
        2.007874 0.258902 -0.659681,
        2.007874 0.354330 -0.613720,
        2.007874 0.307476 -0.638484,
        2.007874 0.441846 -0.554055,
        2.007874 0.399205 -0.585524,
        2.007874 0.519488 -0.482012,
        2.007874 0.482016 -0.519484,
        2.007874 0.585524 -0.399205,
        2.007874 0.554055 -0.441843,
        2.007874 0.638480 -0.307476,
        2.007874 0.613717 -0.354330,
        2.007874 0.677177 -0.208881,
        2.007874 0.659673 -0.258902,
        2.007874 0.700748 -0.105621,
        2.007874 0.690894 -0.157692,
        2.007874 0.700748 0.105621,
        2.007874 0.706681 0.052959,
        2.007874 0.677177 0.208881,
        2.007874 0.690894 0.157692,
        2.007874 0.399205 0.585524,
        2.007874 0.441846 0.554055,
        2.007874 0.638480 0.307476,
        2.007874 0.659673 0.258902,
        2.007874 0.585524 0.399205,
        2.007874 0.613717 0.354330,
        2.007874 0.519488 0.482012,
        2.007874 0.554055 0.441843,
        2.007874 0.482016 0.519484,
        2.007874 0.307476 0.638484,
        2.007874 0.354330 0.613720,
        2.007874 0.258902 0.659681,
        2.007874 0.157692 0.690894,
        2.007874 0.208881 0.677181,
        2.007874 0.052958 0.706677,
        2.007874 0.105620 0.700744,
        2.007874 0.000000 0.708661,
        2.677165 0.000000 0.708661,
        2.677165 0.052958 -0.706677,
        2.677165 0.105620 -0.700744,
        2.677165 0.000000 -0.787402,
        2.677165 0.000000 -0.708661,
        2.677165 0.482016 0.519484,
        2.677165 0.519488 0.482012,
        2.677165 0.585524 0.399205,
        2.677165 0.554055 0.441843,
        2.677165 0.706681 0.052959,
        2.677165 0.700748 0.105621,
        2.677165 0.157692 -0.690894,
        2.677165 0.208881 -0.677181,
        2.677165 0.258902 -0.659681,
        2.677165 0.354330 -0.613720,
        2.677165 0.307476 -0.638484,
        2.677165 0.706681 -0.052959,
        2.677165 0.708661 0.000000,
        2.677165 0.441846 -0.554055,
        2.677165 0.399205 -0.585524,
        2.677165 0.519488 -0.482012,
        2.677165 0.482016 -0.519484,
        2.677165 0.585524 -0.399205,
        2.677165 0.554055 -0.441843,
        2.677165 0.638480 -0.307476,
        2.677165 0.613717 -0.354330,
        2.677165 0.677177 -0.208881,
        2.677165 0.659673 -0.258902,
        2.677165 0.700748 -0.105621,
        2.677165 0.690894 -0.157692,
        2.677165 0.677177 0.208881,
        2.677165 0.690894 0.157692,
        2.677165 0.638480 0.307476,
        2.677165 0.659673 0.258902,
        2.677165 0.613717 0.354330,
        2.677165 0.441846 0.554055,
        2.677165 0.399205 0.585524,
        2.677165 0.354330 0.613720,
        2.677165 0.307476 0.638484,
        2.677165 0.258902 0.659681,
        2.677165 0.208881 0.677181,
        2.677165 0.157692 0.690894,
        2.677165 0.105620 0.700744,
        2.677165 0.052958 0.706677,
        1.496063 0.846457 -0.787402,
        1.240157 0.846457 -0.866142,
        1.240157 0.846457 -0.787402,
        1.673228 0.846457 -0.866142,
        1.102362 0.846457 -0.984252,
        1.102362 0.846457 -0.866142,
        1.811024 0.846457 -0.984252,
        1.811024 0.846457 -0.866142,
        1.673228 0.964567 -0.866142,
        0.649606 0.964567 -0.787402,
        0.905512 0.964567 -0.787402,
        0.905512 0.964567 0.157480,
        1.299213 0.964567 0.157480,
        1.299213 0.964567 -0.866142,
        0.649606 0.846457 -0.787402,
        0.826772 0.846457 -0.787402,
        0.826772 0.000000 -0.787402,
        0.826772 0.208881 -0.677181,
        0.826772 0.157692 -0.690894,
        0.826772 0.105620 -0.700744,
        0.826772 0.052958 -0.706677,
        0.826772 0.000000 -0.708661,
        0.826772 0.708661 0.000000,
        0.826772 0.706681 -0.052959,
        0.826772 0.258902 -0.659681,
        0.826772 0.354330 -0.613720,
        0.826772 0.307476 -0.638484,
        0.826772 0.441846 -0.554055,
        0.826772 0.399205 -0.585524,
        0.826772 0.519488 -0.482012,
        0.826772 0.482016 -0.519484,
        0.826772 0.585524 -0.399205,
        0.826772 0.554055 -0.441843,
        0.826772 0.638480 -0.307476,
        0.826772 0.613717 -0.354330,
        0.826772 0.677177 -0.208881,
        0.826772 0.659673 -0.258902,
        0.826772 0.700748 -0.105621,
        0.826772 0.690894 -0.157692,
        0.826772 0.700748 0.105621,
        0.826772 0.706681 0.052959,
        0.826772 0.677177 0.208881,
        0.826772 0.690894 0.157692,
        0.826772 0.399205 0.585524,
        0.826772 0.441846 0.554055,
        0.826772 0.638480 0.307476,
        0.826772 0.659673 0.258902,
        0.826772 0.585524 0.399205,
        0.826772 0.613717 0.354330,
        0.826772 0.519488 0.482012,
        0.826772 0.554055 0.441843,
        0.826772 0.482016 0.519484,
        0.826772 0.307476 0.638484,
        0.826772 0.354330 0.613720,
        0.826772 0.258902 0.659681,
        0.826772 0.157692 0.690894,
        0.826772 0.208881 0.677181,
        0.826772 0.052958 0.706677,
        0.826772 0.105620 0.700744,
        0.826772 0.000000 0.708661,
        1.496063 0.000000 0.708661,
        1.496063 0.052958 -0.706677,
        1.496063 0.105620 -0.700744,
        1.496063 0.000000 -0.787402,
        1.496063 0.000000 -0.708661,
        1.496063 0.482016 0.519484,
        1.496063 0.519488 0.482012,
        1.496063 0.585524 0.399205,
        1.496063 0.554055 0.441843,
        1.496063 0.706681 0.052959,
        1.496063 0.700748 0.105621,
        1.496063 0.157692 -0.690894,
        1.496063 0.208881 -0.677181,
        1.496063 0.258902 -0.659681,
        1.496063 0.354330 -0.613720,
        1.496063 0.307476 -0.638484,
        1.496063 0.706681 -0.052959,
        1.496063 0.708661 0.000000,
        1.496063 0.441846 -0.554055,
        1.496063 0.399205 -0.585524,
        1.496063 0.519488 -0.482012,
        1.496063 0.482016 -0.519484,
        1.496063 0.585524 -0.399205,
        1.496063 0.554055 -0.441843,
        1.496063 0.638480 -0.307476,
        1.496063 0.613717 -0.354330,
        1.496063 0.677177 -0.208881,
        1.496063 0.659673 -0.258902,
        1.496063 0.700748 -0.105621,
        1.496063 0.690894 -0.157692,
        1.496063 0.677177 0.208881,
        1.496063 0.690894 0.157692,
        1.496063 0.638480 0.307476,
        1.496063 0.659673 0.258902,
        1.496063 0.613717 0.354330,
        1.496063 0.441846 0.554055,
        1.496063 0.399205 0.585524,
        1.496063 0.354330 0.613720,
        1.496063 0.307476 0.638484,
        1.496063 0.258902 0.659681,
        1.496063 0.208881 0.677181,
        1.496063 0.157692 0.690894,
        1.496063 0.105620 0.700744,
        1.496063 0.052958 0.706677,
        2.952756 0.516933 0.484752,
        2.952756 -0.166441 0.688839,
        2.952756 -0.217809 0.674362,
        2.952756 -0.592598 -0.388619,
        2.952756 -0.061170 0.706012,
        2.952756 -0.007864 0.708614,
        2.952756 -0.527563 -0.473161,
        2.952756 -0.561677 -0.432114,
        2.952756 0.151113 0.692362,
        2.952756 0.098580 0.701768,
        2.952756 -0.408130 -0.579339,
        2.952756 -0.450575 -0.546980,
        2.952756 0.253316 0.661846,
        2.952756 0.302406 0.640902,
        2.952756 -0.267941 -0.656059,
        2.952756 0.438323 0.556843,
        2.952756 0.395173 0.588252,
        2.952756 -0.166441 -0.688839,
        2.952756 -0.114130 -0.699409,
        2.952756 0.202790 -0.679031,
        2.952756 0.151113 -0.692362,
        2.952756 0.045487 -0.707197,
        2.952756 -0.007864 -0.708614,
        2.952756 0.349780 -0.616327,
        2.952756 0.302406 -0.640902,
        2.952756 0.612402 0.356598,
        2.952756 0.637500 0.309499,
        2.952756 0.438323 -0.556843,
        2.952756 0.478988 -0.522280,
        2.952756 0.690642 0.158787,
        2.952756 0.676732 0.210312,
        2.952756 0.583831 -0.401673,
        2.952756 0.551949 -0.444472,
        2.952756 0.706654 0.053332,
        2.952756 0.708661 0.000000,
        2.952756 0.658984 -0.260644,
        2.952756 0.637500 -0.309499,
        2.952756 0.700634 -0.106361,
        2.952756 0.690642 -0.158787,
        2.952756 0.676732 -0.210312,
        2.952756 0.706654 -0.053332,
        2.952756 0.612402 -0.356598,
        2.952756 0.516933 -0.484752,
        2.952756 0.700634 0.106361,
        2.952756 0.395173 -0.588252,
        2.952756 0.658984 0.260644,
        2.952756 0.253316 -0.661846,
        2.952756 0.551949 0.444472,
        2.952756 0.583831 0.401673,
        2.952756 0.098580 -0.701768,
        2.952756 0.478988 0.522280,
        2.952756 -0.061170 -0.706012,
        2.952756 0.349780 0.616327,
        2.952756 0.202790 0.679031,
        2.952756 -0.217809 -0.674362,
        2.952756 -0.316554 -0.634035,
        2.952756 0.045487 0.707197,
        2.952756 -0.363372 -0.608409,
        2.952756 -0.490461 -0.511520,
        2.952756 -0.114130 0.699409,
        2.952756 -0.267941 0.656059,
        2.952756 -0.620165 -0.342919,
        2.952756 -0.316554 0.634035,
        2.952756 -0.644217 -0.295276,
        2.952756 -0.408130 0.579339,
        2.952756 -0.450575 0.546980,
        2.952756 -0.527563 0.473161,
        2.952756 -0.490461 0.511520,
        2.952756 -0.561677 0.432114,
        2.952756 -0.363372 0.608409,
        2.952756 -0.592598 0.388619,
        2.952756 -0.620165 0.342919,
        0.000000 -0.663697 0.248413,
        0.000000 -0.679772 0.200277,
        0.000000 -0.701402 0.101175,
        0.000000 -0.692362 0.151113,
        0.000000 -0.708661 -0.000000,
        0.000000 -0.706843 0.050717,
        0.000000 -0.880173 -0.295276,
        0.000000 -0.706846 -0.050718,
        0.000000 -0.692362 -0.151113,
        0.000000 -0.701402 -0.101175,
        0.000000 -0.663693 -0.248413,
        0.000000 -0.679772 -0.200276,
        0.000000 -0.644217 -0.295276,
        3.700787 0.964567 -0.984252,
        3.858268 0.964567 -0.866142,
        3.858268 0.964567 -0.984252,
        3.996063 0.964567 -0.787402,
        3.996063 0.964567 -0.866142,
        2.283465 0.964567 -0.866142,
        2.086614 0.964567 -0.984252,
        2.421260 0.964567 -0.787402,
        2.283465 0.964567 -0.984252,
        2.421260 0.964567 -0.866142,
        1.102362 0.964567 -0.866142,
        0.905512 0.964567 -0.984252,
        1.240157 0.964567 -0.787402,
        1.102362 0.964567 -0.984252,
        1.240157 0.964567 -0.866142,
        4.960630 -0.629921 -0.984252,
        0.982315 0.024635 -0.984252,
        3.432906 0.048664 -0.984252,
        3.427134 0.024635 -0.984252,
        4.251969 -0.629921 -0.984252,
        0.734209 0.127404 -0.984252,
        0.755276 0.140317 -0.984252,
        0.677000 0.048664 -0.984252,
        0.686457 0.071494 -0.984252,
        3.511181 0.140317 -0.984252,
        3.490114 0.127404 -0.984252,
        3.722992 0.071494 -0.984252,
        3.732449 0.048664 -0.984252,
        0.919335 0.127404 -0.984252,
        0.898268 0.140317 -0.984252,
        0.671228 0.024635 -0.984252,
        0.715417 0.111356 -0.984252,
        0.699366 0.092565 -0.984252,
        0.802138 0.155541 -0.984252,
        0.778106 0.149774 -0.984252,
        0.826772 0.157479 -0.984252,
        0.875437 0.149774 -0.984252,
        0.851406 0.155541 -0.984252,
        0.938126 0.111356 -0.984252,
        0.954177 0.092565 -0.984252,
        0.967087 0.071494 -0.984252,
        3.471319 0.111356 -0.984252,
        0.976543 0.048664 -0.984252,
        3.442362 0.071494 -0.984252,
        3.455272 0.092565 -0.984252,
        3.558043 0.155541 -0.984252,
        3.534012 0.149774 -0.984252,
        3.582677 0.157479 -0.984252,
        3.631343 0.149774 -0.984252,
        3.607311 0.155541 -0.984252,
        3.654173 0.140317 -0.984252,
        3.694031 0.111356 -0.984252,
        3.675240 0.127404 -0.984252,
        3.710083 0.092565 -0.984252,
        3.738220 0.024635 -0.984252,
        -0.452756 -1.074472 -0.133049,
        -0.452756 -1.080626 -0.066651,
        -0.452756 -1.031724 -0.328216,
        -0.452756 -1.049976 -0.264080,
        -0.452756 -1.064244 -0.198942,
        -0.452756 -0.953846 -0.512205,
        -0.452756 -0.983571 -0.452516,
        -0.452756 -1.009563 -0.391107,
        -0.452756 -0.843496 -0.678756,
        -0.452756 -0.920508 -0.569957,
        -0.452756 -0.883677 -0.625543,
        -0.452756 -0.704413 -0.822189,
        -0.452756 -0.800114 -0.729398,
        -0.452756 -0.753693 -0.777268,
        -0.452756 -0.541339 -0.937630,
        -0.452756 -0.598031 -0.902524,
        -0.452756 -0.652461 -0.863996,
        0.196850 -0.327111 -1.032079,
        0.196850 -0.389810 -1.010067,
        -0.452756 -0.359832 -1.021138,
        -0.452756 -0.482591 -0.969177,
        -0.452756 -0.422012 -0.997051,
        0.196850 -0.198257 -1.064370,
        -0.452756 -0.166074 -1.069862,
        0.196850 -0.132588 -1.074528,
        -0.452756 -0.296288 -1.041350,
        -0.452756 -0.231620 -1.057614,
        0.196850 -0.263180 -1.050205,
        -0.452756 0.033341 -1.082157,
        0.196850 0.066419 -1.080638,
        0.196850 0.000000 -1.082677,
        -0.452756 -0.033341 -1.082157,
        0.196850 -0.066419 -1.080638,
        -0.452756 -0.099897 -1.078055,
        0.196850 0.263180 -1.050205,
        0.196850 0.198257 -1.064370,
        -0.452756 0.231620 -1.057614,
        0.196850 0.132588 -1.074528,
        -0.452756 0.099897 -1.078055,
        -0.452756 0.166074 -1.069862,
        0.196850 0.389810 -1.010067,
        -0.452756 0.422012 -0.997051,
        -0.452756 0.296288 -1.041350,
        -0.452756 0.359832 -1.021138,
        0.196850 0.327111 -1.032079,
        -0.452756 0.598031 -0.902524,
        -0.452756 0.541339 -0.937630,
        -0.452756 0.482591 -0.969177,
        -0.452756 0.753693 -0.777268,
        -0.452756 0.652461 -0.863996,
        -0.452756 0.704413 -0.822189,
        -0.452756 0.843496 -0.678756,
        -0.452756 0.800114 -0.729398,
        -0.452756 0.883677 -0.625543,
        -0.452756 0.920508 -0.569957,
        -0.452756 0.953846 -0.512205,
        -0.452756 0.983571 -0.452516,
        -0.452756 1.009563 -0.391107,
        -0.452756 1.031724 -0.328216,
        -0.452756 1.049976 -0.264080,
        -0.452756 1.064244 -0.198942,
        -0.452756 1.074472 -0.133049,
        -0.452756 1.080626 -0.066651,
        -0.472441 0.625717 -0.332679,
        -0.472441 0.681213 -0.195317,
        -0.472441 0.171457 -0.687610,
        -0.472441 0.310661 -0.636941,
        -0.472441 -0.171429 -0.687614,
        -0.472441 0.024751 -0.708224,
        -0.472441 -0.024714 -0.708224,
        -0.472441 -0.218979 -0.673984,
        -0.472441 -0.647386 -0.288253,
        -0.472441 -0.665917 -0.242389,
        -0.472441 -0.265463 -0.657067,
        -0.472441 -0.310653 -0.636945,
        -0.472441 -0.354330 -0.613720,
        -0.472441 -0.396276 -0.587508,
        -0.472441 -0.436287 -0.558437,
        -0.472441 -0.474181 -0.526646,
        -0.472441 -0.509760 -0.492291,
        -0.472441 -0.542854 -0.455531,
        -0.472441 -0.573307 -0.416555,
        -0.472441 -0.600969 -0.375549,
        -0.472441 -0.625701 -0.332711,
        -0.472441 -0.123043 -0.697898,
        -0.472441 -0.693173 -0.147348,
        -0.472441 -0.681205 -0.195345,
        -0.472441 -0.701764 -0.098633,
        -0.472441 -0.706937 -0.049437,
        -0.472441 -0.074059 -0.704776,
        -0.472441 0.074094 -0.704776,
        -0.472441 0.123076 -0.697890,
        -0.472441 0.219002 -0.673976,
        -0.472441 0.265478 -0.657059,
        -0.472441 0.396283 -0.587504,
        -0.472441 0.354330 -0.613720,
        -0.472441 0.436303 -0.558429,
        -0.472441 0.474197 -0.526630,
        -0.472441 0.509780 -0.492268,
        -0.472441 0.573331 -0.416528,
        -0.472441 0.542878 -0.455508,
        -0.472441 0.600988 -0.375517,
        -0.472441 0.647398 -0.288220,
        -0.472441 0.665929 -0.242358,
        -0.472441 0.693177 -0.147325,
        -0.472441 0.701768 -0.098616,
        -0.472441 0.706937 -0.049437,
        3.070866 -0.846457 -0.428150,
        3.070866 -0.846457 -0.551181,
        3.070866 -0.826772 -0.413386,
        4.960630 -0.629921 -0.866142,
        4.960630 -0.846457 -0.866142,
        4.448819 -0.846457 -0.866142,
        4.251969 -0.629921 -0.866142,
        4.448819 -0.846457 -0.551181,
        0.314961 -0.669291 -0.295276,
        4.960630 -0.669291 -0.295276,
        3.442362 0.071494 -1.181102,
        3.432906 0.048664 -1.181102,
        3.427134 0.024635 -1.181102,
        3.490114 0.127404 -1.181102,
        3.455272 0.092565 -1.181102,
        3.471323 0.111356 -1.181102,
        3.558043 0.155541 -1.181102,
        3.534012 0.149774 -1.181102,
        3.511181 0.140317 -1.181102,
        3.631343 0.149774 -1.181102,
        3.607311 0.155541 -1.181102,
        3.582677 0.157479 -1.181102,
        3.694031 0.111356 -1.181102,
        3.654173 0.140317 -1.181102,
        3.675240 0.127404 -1.181102,
        3.710083 0.092565 -1.181102,
        3.722992 0.071494 -1.181102,
        3.732449 0.048664 -1.181102,
        3.738220 0.024635 -1.181102,
        4.960630 -0.846457 -0.428150,
        0.314961 -0.826772 -0.413386,
        3.472685 0.109993 -1.193268,
        3.698752 0.059144 -1.218547,
        3.708531 0.064127 -1.212953,
        3.717016 0.043649 -1.212953,
        3.434563 0.023459 -1.204244,
        3.429039 0.024334 -1.193268,
        3.456831 0.091432 -1.193268,
        3.468402 0.083026 -1.212953,
        3.466602 0.059144 -1.218547,
        3.456823 0.064127 -1.212953,
        3.534610 0.147941 -1.193268,
        3.482795 0.099880 -1.212953,
        3.477280 0.076574 -1.218547,
        3.558343 0.153638 -1.193268,
        3.499650 0.114275 -1.212953,
        3.518551 0.125857 -1.212953,
        3.506102 0.105396 -1.218547,
        3.630744 0.147941 -1.193268,
        3.607012 0.153638 -1.193268,
        3.560579 0.139512 -1.212953,
        3.582677 0.141250 -1.212953,
        3.562299 0.128672 -1.218547,
        3.721276 0.070620 -1.193268,
        3.646803 0.125857 -1.212953,
        3.622933 0.123901 -1.218547,
        3.626327 0.134339 -1.212953,
        3.708524 0.091432 -1.193268,
        3.682559 0.099880 -1.212953,
        3.696953 0.083026 -1.212953,
        3.674795 0.092119 -1.218547,
        3.695016 0.036455 -1.220472,
        3.687933 0.053577 -1.220472,
        3.706579 0.040257 -1.218547,
        3.699331 0.018494 -1.220472,
        3.688075 0.076574 -1.218547,
        3.730791 0.023459 -1.204244,
        3.736315 0.024334 -1.193268,
        3.725299 0.046341 -1.204244,
        3.730618 0.048069 -1.193268,
        3.722189 0.022097 -1.212953,
        3.711350 0.020380 -1.218547,
        3.659252 0.105396 -1.218547,
        3.665705 0.114275 -1.212953,
        3.692669 0.109993 -1.193268,
        3.674110 0.125845 -1.193268,
        3.653295 0.138600 -1.193268,
        3.641823 0.116078 -1.218547,
        3.603055 0.128672 -1.218547,
        3.604776 0.139512 -1.212953,
        3.582677 0.155552 -1.193268,
        3.582677 0.130276 -1.218547,
        3.542421 0.123901 -1.218547,
        3.539028 0.134339 -1.212953,
        3.523531 0.116078 -1.218547,
        3.490559 0.092119 -1.218547,
        3.491244 0.125845 -1.193268,
        3.512059 0.138600 -1.193268,
        3.458776 0.040257 -1.218547,
        3.448339 0.043649 -1.212953,
        3.443165 0.022097 -1.212953,
        3.454004 0.020380 -1.218547,
        3.434736 0.048069 -1.193268,
        3.444079 0.070620 -1.193268,
        3.440055 0.046341 -1.204244,
        3.466024 0.018494 -1.220472,
        3.470358 0.036530 -1.220472,
        3.449063 0.068081 -1.204244,
        3.477465 0.053659 -1.220472,
        3.461354 0.088145 -1.204244,
        3.476638 0.106039 -1.204244,
        3.487154 0.069459 -1.220472,
        3.494531 0.121321 -1.204244,
        3.499193 0.083542 -1.220472,
        3.514594 0.133617 -1.204244,
        3.513272 0.095563 -1.220472,
        3.536339 0.142622 -1.204244,
        3.529063 0.105240 -1.220472,
        3.559217 0.148115 -1.204244,
        3.546201 0.112336 -1.220472,
        3.564240 0.116660 -1.220472,
        3.582677 0.149960 -1.204244,
        3.582724 0.118107 -1.220472,
        3.606138 0.148115 -1.204244,
        3.629016 0.142622 -1.204244,
        3.601201 0.116645 -1.220472,
        3.650760 0.133617 -1.204244,
        3.619209 0.112315 -1.220472,
        3.636307 0.105230 -1.220472,
        3.670823 0.121321 -1.204244,
        3.652110 0.095546 -1.220472,
        3.688717 0.106039 -1.204244,
        3.666213 0.083495 -1.220472,
        3.704000 0.088145 -1.204244,
        3.716291 0.068081 -1.204244,
        3.678252 0.069389 -1.220472,
        0.943425 0.018494 -1.220472,
        0.939110 0.036455 -1.220472,
        0.932028 0.053577 -1.220472,
        0.922346 0.069389 -1.220472,
        0.910307 0.083495 -1.220472,
        0.896205 0.095546 -1.220472,
        0.880402 0.105231 -1.220472,
        0.863303 0.112315 -1.220472,
        0.826819 0.118106 -1.220472,
        0.721559 0.053659 -1.220472,
        0.808335 0.116660 -1.220472,
        0.845291 0.116644 -1.220472,
        0.710118 0.018494 -1.220472,
        0.714453 0.036530 -1.220472,
        0.757366 0.095563 -1.220472,
        0.773157 0.105241 -1.220472,
        0.790295 0.112337 -1.220472,
        0.743287 0.083542 -1.220472,
        0.731248 0.069459 -1.220472,
        0.716780 0.109993 -1.193268,
        0.715417 0.111356 -1.181102,
        0.734209 0.127404 -1.181102,
        0.942846 0.059144 -1.218547,
        0.952626 0.064127 -1.212953,
        0.961110 0.043649 -1.212953,
        0.678657 0.023459 -1.204244,
        0.673134 0.024334 -1.193268,
        0.671228 0.024635 -1.181102,
        0.699366 0.092565 -1.181102,
        0.700925 0.091432 -1.193268,
        0.712496 0.083026 -1.212953,
        0.710697 0.059144 -1.218547,
        0.700917 0.064127 -1.212953,
        0.802138 0.155541 -1.181102,
        0.778705 0.147941 -1.193268,
        0.778106 0.149774 -1.181102,
        0.726890 0.099880 -1.212953,
        0.721374 0.076574 -1.218547,
        0.802437 0.153638 -1.193268,
        0.743744 0.114275 -1.212953,
        0.762646 0.125857 -1.212953,
        0.750197 0.105396 -1.218547,
        0.875437 0.149774 -1.181102,
        0.874839 0.147941 -1.193268,
        0.851106 0.153638 -1.193268,
        0.804673 0.139512 -1.212953,
        0.826772 0.141250 -1.212953,
        0.806394 0.128672 -1.218547,
        0.965370 0.070620 -1.193268,
        0.967087 0.071494 -1.181102,
        0.976543 0.048664 -1.181102,
        0.890898 0.125857 -1.212953,
        0.867028 0.123901 -1.218547,
        0.870421 0.134339 -1.212953,
        0.952618 0.091432 -1.193268,
        0.926654 0.099880 -1.212953,
        0.941047 0.083026 -1.212953,
        0.918890 0.092119 -1.218547,
        0.950673 0.040257 -1.218547,
        0.932169 0.076574 -1.218547,
        0.974886 0.023459 -1.204244,
        0.980409 0.024334 -1.193268,
        0.969394 0.046341 -1.204244,
        0.974713 0.048069 -1.193268,
        0.966283 0.022097 -1.212953,
        0.955445 0.020380 -1.218547,
        0.903346 0.105396 -1.218547,
        0.909799 0.114275 -1.212953,
        0.936764 0.109993 -1.193268,
        0.954177 0.092565 -1.181102,
        0.919335 0.127404 -1.181102,
        0.918205 0.125845 -1.193268,
        0.897390 0.138600 -1.193268,
        0.885917 0.116078 -1.218547,
        0.847150 0.128672 -1.218547,
        0.848870 0.139512 -1.212953,
        0.898268 0.140317 -1.181102,
        0.851406 0.155541 -1.181102,
        0.826772 0.155552 -1.193268,
        0.826772 0.130276 -1.218547,
        0.786516 0.123901 -1.218547,
        0.783122 0.134339 -1.212953,
        0.826772 0.157479 -1.181102,
        0.767626 0.116078 -1.218547,
        0.734654 0.092119 -1.218547,
        0.735339 0.125845 -1.193268,
        0.755276 0.140317 -1.181102,
        0.756154 0.138600 -1.193268,
        0.702870 0.040257 -1.218547,
        0.692433 0.043649 -1.212953,
        0.687260 0.022097 -1.212953,
        0.698098 0.020380 -1.218547,
        0.678831 0.048069 -1.193268,
        0.686457 0.071494 -1.181102,
        0.688173 0.070620 -1.193268,
        0.677000 0.048664 -1.181102,
        0.684150 0.046341 -1.204244,
        0.693157 0.068081 -1.204244,
        0.705449 0.088145 -1.204244,
        0.720732 0.106039 -1.204244,
        0.738626 0.121321 -1.204244,
        0.758689 0.133617 -1.204244,
        0.780433 0.142622 -1.204244,
        0.803311 0.148115 -1.204244,
        0.826772 0.149960 -1.204244,
        0.850232 0.148115 -1.204244,
        0.873114 0.142622 -1.204244,
        0.894854 0.133617 -1.204244,
        0.938126 0.111356 -1.181102,
        0.914917 0.121321 -1.204244,
        0.932811 0.106039 -1.204244,
        0.948094 0.088145 -1.204244,
        0.960386 0.068081 -1.204244,
        0.982315 0.024635 -1.181102,
        -0.550193 0.222986 1.018189,
        -0.564236 0.219469 1.002126,
        -0.564236 0.157361 1.013732,
        -0.564236 0.931969 0.428776,
        -0.564236 0.903807 0.485335,
        -0.550193 0.946906 0.435646,
        -0.575531 0.915220 0.421067,
        -0.575531 0.939406 0.363928,
        -0.583807 0.897071 0.412720,
        -0.583807 0.920780 0.356712,
        -0.575531 0.960028 0.305407,
        -0.588854 0.949984 0.177583,
        -0.564236 0.977598 0.310996,
        -0.564236 0.956598 0.370588,
        -0.588854 0.959114 0.118764,
        -0.583807 0.970650 0.181446,
        -0.588854 0.937248 0.235727,
        -0.583807 0.957638 0.240856,
        -0.588854 0.966437 0.000000,
        -0.533748 0.862197 0.610339,
        -0.550193 0.850736 0.602224,
        -0.550193 0.812051 0.653453,
        -0.583807 0.985591 0.060789,
        -0.588854 0.964606 0.059495,
        -0.564236 0.799244 0.643146,
        -0.564236 0.758134 0.691130,
        -0.564236 0.872217 0.540055,
        -0.564236 0.837319 0.592724,
        -0.550193 0.886193 0.548709,
        -0.533748 0.687291 0.802205,
        -0.550193 0.678157 0.791539,
        -0.550193 0.628138 0.831787,
        -0.550193 0.725598 0.748291,
        -0.533748 0.780665 0.711665,
        -0.550193 0.770287 0.702205,
        -0.550193 0.521157 0.902677,
        -0.533748 0.583496 0.880583,
        -0.550193 0.575740 0.868878,
        -0.564236 0.714154 0.736488,
        -0.564236 0.667457 0.779055,
        -0.550193 0.464598 0.933051,
        -0.533748 0.528181 0.914839,
        -0.564236 0.618232 0.818665,
        -0.550193 0.406280 0.959882,
        -0.550193 0.346419 0.983075,
        -0.533748 0.411752 0.972815,
        -0.564236 0.512937 0.888437,
        -0.564236 0.566657 0.855173,
        -0.550193 0.159883 1.029980,
        -0.533748 0.225991 1.031906,
        -0.564236 0.399870 0.944740,
        -0.564236 0.340954 0.967567,
        -0.564236 -0.031592 1.025382,
        -0.550193 0.032098 1.041815,
        -0.564236 0.031592 1.025382,
        -0.533748 0.032531 1.055854,
        -0.550193 -0.032098 1.041815,
        -0.550193 -0.159883 1.029980,
        -0.564236 -0.157361 1.013732,
        -0.564236 -0.219469 1.002126,
        -0.533748 -0.162037 1.043858,
        -0.550193 -0.222986 1.018189,
        -0.564236 -0.340954 0.967567,
        -0.564236 -0.399870 0.944740,
        -0.550193 -0.346419 0.983075,
        -0.550193 -0.406280 0.959882,
        -0.533748 -0.351086 0.996319,
        -0.564236 -0.566657 0.855173,
        -0.550193 -0.521157 0.902677,
        -0.564236 -0.512937 0.888437,
        -0.550193 -0.575740 0.868878,
        -0.533748 -0.528181 0.914839,
        -0.550193 -0.678157 0.791539,
        -0.564236 -0.667457 0.779055,
        -0.564236 -0.714154 0.736488,
        -0.533748 -0.687291 0.802205,
        -0.550193 -0.725598 0.748291,
        -0.564236 -0.799244 0.643146,
        -0.564236 -0.837319 0.592724,
        -0.550193 -0.812051 0.653453,
        -0.550193 -0.850736 0.602224,
        -0.533748 -0.822992 0.662260,
        -0.550193 -0.946906 0.435646,
        -0.550193 -0.971929 0.376528,
        -0.533748 -0.959661 0.441516,
        -0.533748 -0.930661 0.499756,
        -0.550193 -0.918291 0.493114,
        -0.550193 -0.993268 0.315981,
        -0.550193 -1.010835 0.254235,
        -0.533748 -1.006650 0.320238,
        -0.533748 -0.985024 0.381600,
        -0.550193 -1.024571 0.191526,
        -0.550193 -1.034417 0.128089,
        -0.533748 -1.038374 0.194106,
        -0.533748 -1.024457 0.257661,
        -0.564236 -1.008409 0.188504,
        -0.564236 -1.018102 0.126069,
        -0.564236 -0.994890 0.250225,
        -0.515315 -1.065634 0.065726,
        -0.533748 -1.054358 0.065031,
        -0.533748 -1.056358 0.000000,
        -0.564236 -1.023929 0.063154,
        -0.495339 -1.075933 0.000000,
        -0.495339 -1.073894 0.066235,
        -0.515315 -1.067657 0.000000,
        -0.474311 -1.078929 0.066546,
        -0.474311 -1.080980 0.000000,
        -0.474311 -1.048331 0.263666,
        -0.550193 -1.042315 0.000000,
        -0.550193 -1.040343 0.064166,
        -0.564236 -1.025874 0.000000,
        -0.575531 -1.005528 0.062019,
        -0.575531 -1.007437 0.000000,
        -0.583807 -0.987461 0.000000,
        -0.583807 -0.985591 0.060789,
        -0.588854 -0.966437 0.000000,
        -0.588854 -0.964606 0.059495,
        -0.533748 -1.048354 0.129815,
        -0.564236 -0.956598 0.370588,
        -0.564236 -0.977598 0.310996,
        -0.564236 -0.903807 0.485335,
        -0.564236 -0.931969 0.428776,
        -0.564236 -0.872217 0.540055,
        -0.550193 -0.886193 0.548709,
        -0.533748 -0.898134 0.556102,
        -0.564236 -0.758134 0.691130,
        -0.533748 -0.862197 0.610339,
        -0.550193 -0.770287 0.702205,
        -0.564236 -0.618232 0.818665,
        -0.533748 -0.780665 0.711665,
        -0.533748 -0.636602 0.842992,
        -0.550193 -0.628138 0.831787,
        -0.533748 -0.735374 0.758374,
        -0.550193 -0.464598 0.933051,
        -0.564236 -0.457272 0.918331,
        -0.533748 -0.583496 0.880583,
        -0.533748 -0.470858 0.945622,
        -0.533748 -0.411752 0.972815,
        -0.550193 -0.096173 1.037866,
        -0.564236 -0.094656 1.021496,
        -0.564236 -0.280744 0.986717,
        -0.550193 -0.285244 1.002531,
        -0.533748 -0.225991 1.031906,
        -0.533748 -0.289087 1.016039,
        -0.533748 -0.097469 1.051850,
        -0.564236 0.094656 1.021496,
        -0.550193 0.096173 1.037866,
        -0.533748 -0.032531 1.055854,
        -0.564236 0.280744 0.986717,
        -0.550193 0.285244 1.002531,
        -0.533748 0.162037 1.043858,
        -0.533748 0.097469 1.051850,
        -0.564236 0.457272 0.918331,
        -0.533748 0.289087 1.016039,
        -0.533748 0.351086 0.996319,
        -0.533748 0.470858 0.945622,
        -0.533748 0.898134 0.556102,
        -0.533748 0.636602 0.842992,
        -0.533748 0.735374 0.758374,
        -0.550193 0.918291 0.493114,
        -0.533748 0.822992 0.662260,
        -0.533748 0.930661 0.499756,
        -0.515315 0.969925 0.446236,
        -0.533748 0.959661 0.441516,
        -0.515315 0.940618 0.505102,
        -0.474311 1.078929 0.066546,
        -0.474311 1.080980 0.000000,
        -0.533748 0.985024 0.381600,
        -0.515315 0.995559 0.385681,
        -0.515315 1.017413 0.323663,
        -0.474311 1.072787 0.132840,
        -0.495339 1.075933 0.000000,
        -0.495339 1.073894 0.066235,
        -0.495339 1.067780 0.132220,
        -0.474311 -1.072787 0.132840,
        -0.474311 -1.062575 0.198630,
        -0.495339 -0.914776 0.566406,
        -0.495339 -0.878173 0.621646,
        -0.515315 -0.907740 0.562047,
        -0.495339 -1.067780 0.132220,
        -0.515315 -1.059567 0.131203,
        -0.575531 -0.999803 0.123803,
        -0.583807 -0.979980 0.121348,
        -0.588854 -0.959114 0.118764,
        -0.474311 -1.030110 0.327702,
        -0.495339 -1.057614 0.197702,
        -0.515315 -1.049480 0.196182,
        -0.575531 -0.990287 0.185117,
        -0.583807 -0.970650 0.181446,
        -0.588854 -0.949984 0.177583,
        -0.495339 -1.043437 0.262435,
        -0.515315 -1.035409 0.260417,
        -0.575531 -0.977012 0.245728,
        -0.583807 -0.957638 0.240856,
        -0.588854 -0.937248 0.235727,
        -0.474311 -0.952354 0.511406,
        -0.474311 -1.007980 0.390494,
        -0.515315 -1.017413 0.323663,
        -0.495339 -1.025299 0.326171,
        -0.575531 -0.960028 0.305407,
        -0.583807 -0.940992 0.299352,
        -0.588854 -0.920957 0.292978,
        -0.474311 -0.982028 0.451807,
        -0.495339 -1.003276 0.388671,
        -0.515315 -0.995559 0.385681,
        -0.575531 -0.939406 0.363928,
        -0.583807 -0.920780 0.356712,
        -0.588854 -0.901173 0.349117,
        -0.474311 -0.919067 0.569063,
        -0.495339 -0.977445 0.449697,
        -0.515315 -0.969925 0.446236,
        -0.575531 -0.915220 0.421067,
        -0.583807 -0.897071 0.412720,
        -0.588854 -0.877972 0.403933,
        -0.474311 -0.882291 0.624563,
        -0.495339 -0.947906 0.509016,
        -0.515315 -0.940618 0.505102,
        -0.575531 -0.887563 0.476610,
        -0.583807 -0.869965 0.467161,
        -0.588854 -0.851441 0.457213,
        -0.474311 -0.703311 0.820902,
        -0.575531 -0.856539 0.530346,
        -0.583807 -0.839555 0.519831,
        -0.588854 -0.821681 0.508764,
        -0.474311 -0.842173 0.677693,
        -0.515315 -0.871421 0.616866,
        -0.575531 -0.822268 0.582071,
        -0.583807 -0.805965 0.570531,
        -0.588854 -0.788803 0.558382,
        -0.474311 -0.798858 0.728252,
        -0.474311 1.062575 0.198630,
        -0.495339 -0.838240 0.674528,
        -0.515315 -0.831795 0.669343,
        -0.575531 -0.784878 0.631587,
        -0.583807 -0.769315 0.619063,
        -0.588854 -0.752937 0.605882,
        -0.474311 -0.752512 0.776051,
        -0.495339 -0.795130 0.724850,
        -0.515315 -0.789012 0.719280,
        -0.575531 -0.744512 0.678709,
        -0.583807 -0.729748 0.665252,
        -0.588854 -0.714209 0.651087,
        -0.474311 -0.651441 0.862642,
        -0.495339 -0.749000 0.772425,
        -0.515315 -0.743240 0.766484,
        -0.575531 -0.701319 0.723252,
        -0.583807 -0.687409 0.708913,
        -0.588854 -0.672776 0.693819,
        -0.474311 -0.597094 0.901106,
        -0.495339 -0.700028 0.817067,
        -0.515315 -0.694642 0.810783,
        -0.575531 -0.655465 0.765055,
        -0.583807 -0.642465 0.749886,
        -0.588854 -0.628787 0.733917,
        -0.474311 -0.540488 0.936157,
        -0.495339 -0.648398 0.858614,
        -0.515315 -0.643409 0.852008,
        -0.575531 -0.607122 0.803953,
        -0.583807 -0.595083 0.788012,
        -0.588854 -0.582409 0.771232,
        -0.474311 -0.481835 0.967661,
        -0.495339 -0.594307 0.896902,
        -0.515315 -0.589736 0.890004,
        -0.575531 -0.556476 0.839803,
        -0.583807 -0.545441 0.823150,
        -0.588854 -0.533827 0.805626,
        -0.474311 -0.421350 0.995488,
        -0.495339 -0.537965 0.931787,
        -0.515315 -0.533827 0.924622,
        -0.575531 -0.503720 0.872472,
        -0.583807 -0.493732 0.855169,
        -0.588854 -0.483217 0.836961,
        -0.474311 -0.359269 1.019539,
        -0.495339 -0.479583 0.963142,
        -0.515315 -0.475894 0.955732,
        -0.575531 -0.449055 0.901827,
        -0.583807 -0.440150 0.883945,
        -0.588854 -0.430776 0.865126,
        -0.474311 -0.295824 1.039720,
        -0.495339 -0.419382 0.990839,
        -0.515315 -0.416157 0.983220,
        -0.575531 -0.392685 0.927764,
        -0.583807 -0.384898 0.909366,
        -0.588854 -0.376703 0.890004,
        -0.474311 -0.231257 1.055957,
        -0.495339 -0.357591 1.014780,
        -0.515315 -0.354841 1.006972,
        -0.575531 -0.334827 0.950177,
        -0.583807 -0.328187 0.931335,
        -0.588854 -0.321200 0.911508,
        -0.474311 -0.165813 1.068185,
        -0.495339 -0.294443 1.034866,
        -0.515315 -0.292178 1.026906,
        -0.575531 -0.275699 0.968984,
        -0.583807 -0.270232 0.949772,
        -0.588854 -0.264478 0.929547,
        -0.474311 -0.099741 1.076366,
        -0.495339 -0.230178 1.051024,
        -0.515315 -0.228407 1.042941,
        -0.575531 -0.215525 0.984118,
        -0.583807 -0.211251 0.964602,
        -0.588854 -0.206753 0.944063,
        -0.474311 0.033289 1.080461,
        -0.495339 -0.165039 1.063197,
        -0.515315 -0.163770 1.055020,
        -0.575531 -0.154533 0.995516,
        -0.583807 -0.151469 0.975776,
        -0.588854 -0.148244 0.955000,
        -0.474311 -0.033289 1.080461,
        -0.495339 -0.099275 1.071339,
        -0.515315 -0.098511 1.063098,
        -0.575531 -0.092955 1.003138,
        -0.583807 -0.091112 0.983244,
        -0.588854 -0.089172 0.962311,
        -0.495339 -0.033133 1.075417,
        -0.515315 -0.032879 1.067146,
        -0.575531 -0.031024 1.006957,
        -0.583807 -0.030409 0.986988,
        -0.588854 -0.029762 0.965972,
        -0.474311 0.165813 1.068185,
        -0.474311 0.099741 1.076366,
        -0.515315 0.032879 1.067146,
        -0.495339 0.033133 1.075417,
        -0.575531 0.031024 1.006957,
        -0.583807 0.030409 0.986988,
        -0.588854 0.029762 0.965972,
        -0.474311 0.231257 1.055957,
        -0.495339 0.099275 1.071339,
        -0.515315 0.098511 1.063098,
        -0.575531 0.092955 1.003138,
        -0.583807 0.091112 0.983244,
        -0.588854 0.089172 0.962311,
        -0.474311 0.295824 1.039720,
        -0.495339 0.165039 1.063197,
        -0.515315 0.163770 1.055020,
        -0.575531 0.154533 0.995516,
        -0.583807 0.151469 0.975776,
        -0.588854 0.148244 0.955000,
        -0.474311 0.359269 1.019539,
        -0.495339 0.230178 1.051024,
        -0.515315 0.228407 1.042941,
        -0.575531 0.215525 0.984118,
        -0.583807 0.211251 0.964602,
        -0.588854 0.206753 0.944063,
        -0.495339 0.294443 1.034866,
        -0.515315 0.292178 1.026906,
        -0.575531 0.275699 0.968984,
        -0.583807 0.270232 0.949772,
        -0.588854 0.264478 0.929547,
        -0.474311 0.421350 0.995488,
        -0.495339 0.357591 1.014780,
        -0.515315 0.354841 1.006972,
        -0.575531 0.334827 0.950177,
        -0.583807 0.328187 0.931335,
        -0.588854 0.321200 0.911508,
        -0.474311 0.481835 0.967661,
        -0.474311 0.540488 0.936157,
        -0.495339 0.419382 0.990839,
        -0.515315 0.416157 0.983220,
        -0.575531 0.392685 0.927764,
        -0.583807 0.384898 0.909366,
        -0.588854 0.376703 0.890004,
        -0.474311 0.597094 0.901106,
        -0.495339 0.479583 0.963142,
        -0.515315 0.475894 0.955732,
        -0.575531 0.449055 0.901827,
        -0.583807 0.440150 0.883945,
        -0.588854 0.430776 0.865126,
        -0.474311 0.651441 0.862642,
        -0.495339 0.537965 0.931787,
        -0.515315 0.533827 0.924622,
        -0.575531 0.503720 0.872472,
        -0.583807 0.493732 0.855169,
        -0.588854 0.483217 0.836961,
        -0.474311 0.703311 0.820902,
        -0.495339 0.594307 0.896902,
        -0.515315 0.589736 0.890004,
        -0.575531 0.556476 0.839803,
        -0.583807 0.545441 0.823150,
        -0.588854 0.533827 0.805626,
        -0.474311 0.752512 0.776051,
        -0.495339 0.648398 0.858614,
        -0.515315 0.643409 0.852008,
        -0.575531 0.607122 0.803953,
        -0.583807 0.595083 0.788012,
        -0.588854 0.582409 0.771232,
        -0.474311 0.798858 0.728252,
        -0.495339 0.700028 0.817067,
        -0.515315 0.694642 0.810783,
        -0.575531 0.655465 0.765055,
        -0.583807 0.642465 0.749886,
        -0.588854 0.628787 0.733917,
        -0.474311 0.842173 0.677693,
        -0.495339 0.749000 0.772425,
        -0.515315 0.743240 0.766484,
        -0.575531 0.701319 0.723252,
        -0.583807 0.687409 0.708913,
        -0.588854 0.672776 0.693819,
        -0.474311 0.882291 0.624563,
        -0.495339 0.795130 0.724850,
        -0.515315 0.789012 0.719280,
        -0.575531 0.744512 0.678709,
        -0.583807 0.729748 0.665252,
        -0.588854 0.714209 0.651087,
        -0.474311 0.919067 0.569063,
        -0.495339 0.838240 0.674528,
        -0.515315 0.831795 0.669343,
        -0.575531 0.784878 0.631587,
        -0.583807 0.769315 0.619063,
        -0.588854 0.752937 0.605882,
        -0.474311 0.952354 0.511406,
        -0.495339 0.878173 0.621646,
        -0.515315 0.871421 0.616866,
        -0.575531 0.822268 0.582071,
        -0.583807 0.805965 0.570531,
        -0.588854 0.788803 0.558382,
        -0.474311 0.982028 0.451807,
        -0.495339 0.914776 0.566406,
        -0.515315 0.907740 0.562047,
        -0.575531 0.856539 0.530346,
        -0.583807 0.839555 0.519831,
        -0.588854 0.821681 0.508764,
        -0.474311 1.007980 0.390494,
        -0.495339 0.947906 0.509016,
        -0.550193 0.971929 0.376528,
        -0.575531 0.887563 0.476610,
        -0.583807 0.869965 0.467161,
        -0.588854 0.851441 0.457213,
        -0.474311 1.030110 0.327702,
        -0.495339 0.977445 0.449697,
        -0.588854 0.877972 0.403933,
        -0.474311 1.048331 0.263666,
        -0.495339 1.003276 0.388671,
        -0.550193 0.993268 0.315981,
        -0.533748 1.006650 0.320238,
        -0.588854 0.901173 0.349117,
        -0.515315 1.059567 0.131203,
        -0.533748 1.038374 0.194106,
        -0.515315 1.049480 0.196182,
        -0.495339 1.025299 0.326171,
        -0.583807 0.940992 0.299352,
        -0.575531 0.977012 0.245728,
        -0.588854 0.920957 0.292978,
        -0.515315 1.035409 0.260417,
        -0.495339 1.043437 0.262435,
        -0.533748 1.024457 0.257661,
        -0.550193 1.010835 0.254235,
        -0.564236 0.994890 0.250225,
        -0.495339 1.057614 0.197702,
        -0.550193 1.024571 0.191526,
        -0.564236 1.008409 0.188504,
        -0.575531 0.990287 0.185117,
        -0.533748 1.048354 0.129815,
        -0.550193 1.034417 0.128089,
        -0.564236 1.018102 0.126069,
        -0.575531 0.999803 0.123803,
        -0.583807 0.979980 0.121348,
        -0.515315 1.065634 0.065726,
        -0.533748 1.054358 0.065031,
        -0.550193 1.040343 0.064166,
        -0.564236 1.023929 0.063154,
        -0.575531 1.005528 0.062019,
        -0.515315 1.067657 0.000000,
        -0.533748 1.056358 0.000000,
        -0.550193 1.042315 0.000000,
        -0.564236 1.025874 0.000000,
        -0.575531 1.007437 0.000000,
        -0.583807 0.987461 0.000000,
        -0.550193 -0.222986 -1.018189,
        -0.564236 -0.219469 -1.002126,
        -0.564236 -0.157361 -1.013732,
        -0.564236 -0.931969 -0.428776,
        -0.564236 -0.903807 -0.485335,
        -0.550193 -0.946906 -0.435646,
        -0.575531 -0.915220 -0.421067,
        -0.575531 -0.939406 -0.363928,
        -0.583807 -0.897071 -0.412720,
        -0.583807 -0.920780 -0.356712,
        -0.575531 -0.960028 -0.305407,
        -0.588854 -0.949984 -0.177583,
        -0.564236 -0.977598 -0.310996,
        -0.564236 -0.956598 -0.370588,
        -0.588854 -0.959114 -0.118764,
        -0.583807 -0.970650 -0.181446,
        -0.588854 -0.937248 -0.235727,
        -0.583807 -0.957638 -0.240856,
        -0.533748 -0.862197 -0.610339,
        -0.550193 -0.850736 -0.602224,
        -0.550193 -0.812051 -0.653453,
        -0.583807 -0.985591 -0.060789,
        -0.588854 -0.964606 -0.059495,
        -0.564236 -0.799244 -0.643146,
        -0.564236 -0.758134 -0.691130,
        -0.564236 -0.872217 -0.540055,
        -0.564236 -0.837319 -0.592724,
        -0.550193 -0.886193 -0.548709,
        -0.533748 -0.687291 -0.802205,
        -0.550193 -0.678157 -0.791539,
        -0.550193 -0.628138 -0.831787,
        -0.550193 -0.725598 -0.748291,
        -0.533748 -0.780665 -0.711665,
        -0.550193 -0.770287 -0.702205,
        -0.550193 -0.521157 -0.902677,
        -0.533748 -0.583496 -0.880583,
        -0.550193 -0.575740 -0.868878,
        -0.564236 -0.714154 -0.736488,
        -0.564236 -0.667457 -0.779055,
        -0.550193 -0.464598 -0.933051,
        -0.533748 -0.528181 -0.914839,
        -0.564236 -0.618232 -0.818665,
        -0.550193 -0.406280 -0.959882,
        -0.550193 -0.346419 -0.983075,
        -0.533748 -0.411752 -0.972815,
        -0.564236 -0.512937 -0.888437,
        -0.564236 -0.566657 -0.855173,
        -0.550193 -0.159883 -1.029980,
        -0.533748 -0.225991 -1.031906,
        -0.564236 -0.399870 -0.944740,
        -0.564236 -0.340954 -0.967567,
        -0.564236 0.031592 -1.025382,
        -0.550193 -0.032098 -1.041815,
        -0.564236 -0.031592 -1.025382,
        -0.533748 -0.032531 -1.055854,
        -0.550193 0.032098 -1.041815,
        -0.550193 0.159883 -1.029980,
        -0.564236 0.157361 -1.013732,
        -0.564236 0.219469 -1.002126,
        -0.533748 0.162037 -1.043858,
        -0.550193 0.222986 -1.018189,
        -0.564236 0.340954 -0.967567,
        -0.564236 0.399870 -0.944740,
        -0.550193 0.346419 -0.983075,
        -0.550193 0.406280 -0.959882,
        -0.533748 0.351086 -0.996319,
        -0.564236 0.566657 -0.855173,
        -0.550193 0.521157 -0.902677,
        -0.564236 0.512937 -0.888437,
        -0.550193 0.575740 -0.868878,
        -0.533748 0.528181 -0.914839,
        -0.550193 0.678157 -0.791539,
        -0.564236 0.667457 -0.779055,
        -0.564236 0.714154 -0.736488,
        -0.533748 0.687291 -0.802205,
        -0.550193 0.725598 -0.748291,
        -0.564236 0.799244 -0.643146,
        -0.564236 0.837319 -0.592724,
        -0.550193 0.812051 -0.653453,
        -0.550193 0.850736 -0.602224,
        -0.533748 0.822992 -0.662260,
        -0.550193 0.946906 -0.435646,
        -0.550193 0.971929 -0.376528,
        -0.533748 0.959661 -0.441516,
        -0.533748 0.930661 -0.499756,
        -0.550193 0.918291 -0.493114,
        -0.550193 0.993268 -0.315981,
        -0.550193 1.010835 -0.254235,
        -0.533748 1.006650 -0.320238,
        -0.533748 0.985024 -0.381600,
        -0.550193 1.024571 -0.191526,
        -0.550193 1.034417 -0.128089,
        -0.533748 1.038374 -0.194106,
        -0.533748 1.024457 -0.257661,
        -0.564236 1.008409 -0.188504,
        -0.564236 1.018102 -0.126069,
        -0.564236 0.994890 -0.250225,
        -0.515315 1.065634 -0.065726,
        -0.533748 1.054358 -0.065031,
        -0.564236 1.023929 -0.063154,
        -0.495339 1.073894 -0.066235,
        -0.474311 1.078929 -0.066546,
        -0.474311 1.048331 -0.263666,
        -0.550193 1.040343 -0.064166,
        -0.575531 1.005528 -0.062019,
        -0.583807 0.985591 -0.060789,
        -0.588854 0.964606 -0.059495,
        -0.533748 1.048354 -0.129815,
        -0.564236 0.956598 -0.370588,
        -0.564236 0.977598 -0.310996,
        -0.564236 0.903807 -0.485335,
        -0.564236 0.931969 -0.428776,
        -0.564236 0.872217 -0.540055,
        -0.550193 0.886193 -0.548709,
        -0.533748 0.898134 -0.556102,
        -0.533748 -0.898134 -0.556102,
        -0.515315 -0.940618 -0.505102,
        -0.533748 -0.930661 -0.499756,
        -0.533748 0.735374 -0.758374,
        -0.550193 0.770287 -0.702205,
        -0.533748 0.862197 -0.610339,
        -0.564236 0.758134 -0.691130,
        -0.533748 0.780665 -0.711665,
        -0.564236 0.618232 -0.818665,
        -0.550193 0.628138 -0.831787,
        -0.533748 0.636602 -0.842992,
        -0.533748 0.470858 -0.945622,
        -0.550193 0.464598 -0.933051,
        -0.533748 0.583496 -0.880583,
        -0.564236 0.457272 -0.918331,
        -0.533748 0.411752 -0.972815,
        -0.533748 0.289087 -1.016039,
        -0.550193 0.285244 -1.002531,
        -0.564236 0.280744 -0.986717,
        -0.550193 0.096173 -1.037866,
        -0.564236 0.094656 -1.021496,
        -0.533748 0.225991 -1.031906,
        -0.533748 0.097469 -1.051850,
        -0.564236 -0.280744 -0.986717,
        -0.550193 -0.285244 -1.002531,
        -0.533748 0.032531 -1.055854,
        -0.564236 -0.094656 -1.021496,
        -0.550193 -0.096173 -1.037866,
        -0.533748 -0.162037 -1.043858,
        -0.533748 -0.097469 -1.051850,
        -0.533748 -0.351086 -0.996319,
        -0.533748 -0.289087 -1.016039,
        -0.564236 -0.457272 -0.918331,
        -0.533748 -0.735374 -0.758374,
        -0.533748 -0.470858 -0.945622,
        -0.533748 -0.636602 -0.842992,
        -0.550193 -0.918291 -0.493114,
        -0.533748 -0.822992 -0.662260,
        -0.533748 -0.985024 -0.381600,
        -0.515315 -0.995559 -0.385681,
        -0.515315 -1.017413 -0.323663,
        -0.515315 -0.969925 -0.446236,
        -0.533748 -0.959661 -0.441516,
        -0.474311 -1.072787 -0.132840,
        -0.495339 -1.073894 -0.066235,
        -0.495339 -1.067780 -0.132220,
        -0.474311 -1.078929 -0.066546,
        -0.474311 1.072787 -0.132840,
        -0.474311 1.062575 -0.198630,
        -0.495339 0.914776 -0.566406,
        -0.495339 0.878173 -0.621646,
        -0.515315 0.907740 -0.562047,
        -0.495339 1.067780 -0.132220,
        -0.515315 1.059567 -0.131203,
        -0.575531 0.999803 -0.123803,
        -0.583807 0.979980 -0.121348,
        -0.588854 0.959114 -0.118764,
        -0.474311 1.030110 -0.327702,
        -0.495339 1.057614 -0.197702,
        -0.515315 1.049480 -0.196182,
        -0.575531 0.990287 -0.185117,
        -0.583807 0.970650 -0.181446,
        -0.588854 0.949984 -0.177583,
        -0.495339 1.043437 -0.262435,
        -0.515315 1.035409 -0.260417,
        -0.575531 0.977012 -0.245728,
        -0.583807 0.957638 -0.240856,
        -0.588854 0.937248 -0.235727,
        -0.474311 0.952354 -0.511406,
        -0.474311 1.007980 -0.390494,
        -0.515315 1.017413 -0.323663,
        -0.495339 1.025299 -0.326171,
        -0.575531 0.960028 -0.305407,
        -0.583807 0.940992 -0.299352,
        -0.588854 0.920957 -0.292978,
        -0.474311 0.982028 -0.451807,
        -0.495339 1.003276 -0.388671,
        -0.515315 0.995559 -0.385681,
        -0.575531 0.939406 -0.363928,
        -0.583807 0.920780 -0.356712,
        -0.588854 0.901173 -0.349117,
        -0.474311 0.919067 -0.569063,
        -0.495339 0.977445 -0.449697,
        -0.515315 0.969925 -0.446236,
        -0.575531 0.915220 -0.421067,
        -0.583807 0.897071 -0.412720,
        -0.588854 0.877972 -0.403933,
        -0.474311 0.882291 -0.624563,
        -0.495339 0.947906 -0.509016,
        -0.515315 0.940618 -0.505102,
        -0.575531 0.887563 -0.476610,
        -0.583807 0.869965 -0.467161,
        -0.588854 0.851441 -0.457213,
        -0.474311 0.703311 -0.820902,
        -0.575531 0.856539 -0.530346,
        -0.583807 0.839555 -0.519831,
        -0.588854 0.821681 -0.508764,
        -0.474311 0.842173 -0.677693,
        -0.515315 0.871421 -0.616866,
        -0.575531 0.822268 -0.582071,
        -0.583807 0.805965 -0.570531,
        -0.588854 0.788803 -0.558382,
        -0.474311 0.798858 -0.728252,
        -0.474311 -1.062575 -0.198630,
        -0.495339 0.838240 -0.674528,
        -0.515315 0.831795 -0.669343,
        -0.575531 0.784878 -0.631587,
        -0.583807 0.769315 -0.619063,
        -0.588854 0.752937 -0.605882,
        -0.474311 0.752512 -0.776051,
        -0.495339 0.795130 -0.724850,
        -0.515315 0.789012 -0.719280,
        -0.575531 0.744512 -0.678709,
        -0.583807 0.729748 -0.665252,
        -0.588854 0.714209 -0.651087,
        -0.474311 0.651441 -0.862642,
        -0.495339 0.749000 -0.772425,
        -0.515315 0.743240 -0.766484,
        -0.575531 0.701319 -0.723252,
        -0.583807 0.687409 -0.708913,
        -0.588854 0.672776 -0.693819,
        -0.474311 0.597094 -0.901106,
        -0.495339 0.700028 -0.817067,
        -0.515315 0.694642 -0.810783,
        -0.575531 0.655465 -0.765055,
        -0.583807 0.642465 -0.749886,
        -0.588854 0.628787 -0.733917,
        -0.474311 0.540488 -0.936157,
        -0.495339 0.648398 -0.858614,
        -0.515315 0.643409 -0.852008,
        -0.575531 0.607122 -0.803953,
        -0.583807 0.595083 -0.788012,
        -0.588854 0.582409 -0.771232,
        -0.474311 0.481835 -0.967661,
        -0.495339 0.594307 -0.896902,
        -0.515315 0.589736 -0.890004,
        -0.575531 0.556476 -0.839803,
        -0.583807 0.545441 -0.823150,
        -0.588854 0.533827 -0.805626,
        -0.474311 0.421350 -0.995488,
        -0.495339 0.537965 -0.931787,
        -0.515315 0.533827 -0.924622,
        -0.575531 0.503720 -0.872472,
        -0.583807 0.493732 -0.855169,
        -0.588854 0.483217 -0.836961,
        -0.474311 0.359269 -1.019539,
        -0.495339 0.479583 -0.963142,
        -0.515315 0.475894 -0.955732,
        -0.575531 0.449055 -0.901827,
        -0.583807 0.440150 -0.883945,
        -0.588854 0.430776 -0.865126,
        -0.474311 0.295824 -1.039720,
        -0.495339 0.419382 -0.990839,
        -0.515315 0.416157 -0.983220,
        -0.575531 0.392685 -0.927764,
        -0.583807 0.384898 -0.909366,
        -0.588854 0.376703 -0.890004,
        -0.474311 0.231257 -1.055957,
        -0.495339 0.357591 -1.014780,
        -0.515315 0.354841 -1.006972,
        -0.575531 0.334827 -0.950177,
        -0.583807 0.328187 -0.931335,
        -0.588854 0.321200 -0.911508,
        -0.474311 0.165813 -1.068185,
        -0.495339 0.294443 -1.034866,
        -0.515315 0.292178 -1.026906,
        -0.575531 0.275699 -0.968984,
        -0.583807 0.270232 -0.949772,
        -0.588854 0.264478 -0.929547,
        -0.474311 0.099741 -1.076366,
        -0.495339 0.230178 -1.051024,
        -0.515315 0.228407 -1.042941,
        -0.575531 0.215525 -0.984118,
        -0.583807 0.211251 -0.964602,
        -0.588854 0.206753 -0.944063,
        -0.474311 -0.033289 -1.080461,
        -0.495339 0.165039 -1.063197,
        -0.515315 0.163770 -1.055020,
        -0.575531 0.154533 -0.995516,
        -0.583807 0.151469 -0.975776,
        -0.588854 0.148244 -0.955000,
        -0.474311 0.033289 -1.080461,
        -0.495339 0.099275 -1.071339,
        -0.515315 0.098511 -1.063098,
        -0.575531 0.092955 -1.003138,
        -0.583807 0.091112 -0.983244,
        -0.588854 0.089172 -0.962311,
        -0.495339 0.033133 -1.075417,
        -0.515315 0.032879 -1.067146,
        -0.575531 0.031024 -1.006957,
        -0.583807 0.030409 -0.986988,
        -0.588854 0.029762 -0.965972,
        -0.474311 -0.165813 -1.068185,
        -0.474311 -0.099741 -1.076366,
        -0.515315 -0.032879 -1.067146,
        -0.495339 -0.033133 -1.075417,
        -0.575531 -0.031024 -1.006957,
        -0.583807 -0.030409 -0.986988,
        -0.588854 -0.029762 -0.965972,
        -0.474311 -0.231257 -1.055957,
        -0.495339 -0.099275 -1.071339,
        -0.515315 -0.098511 -1.063098,
        -0.575531 -0.092955 -1.003138,
        -0.583807 -0.091112 -0.983244,
        -0.588854 -0.089172 -0.962311,
        -0.474311 -0.295824 -1.039720,
        -0.495339 -0.165039 -1.063197,
        -0.515315 -0.163770 -1.055020,
        -0.575531 -0.154533 -0.995516,
        -0.583807 -0.151469 -0.975776,
        -0.588854 -0.148244 -0.955000,
        -0.474311 -0.359269 -1.019539,
        -0.495339 -0.230178 -1.051024,
        -0.515315 -0.228407 -1.042941,
        -0.575531 -0.215525 -0.984118,
        -0.583807 -0.211251 -0.964602,
        -0.588854 -0.206753 -0.944063,
        -0.474311 -0.421350 -0.995488,
        -0.495339 -0.294443 -1.034866,
        -0.515315 -0.292178 -1.026906,
        -0.575531 -0.275699 -0.968984,
        -0.583807 -0.270232 -0.949772,
        -0.588854 -0.264478 -0.929547,
        -0.474311 -0.481835 -0.967661,
        -0.495339 -0.357591 -1.014780,
        -0.515315 -0.354841 -1.006972,
        -0.575531 -0.334827 -0.950177,
        -0.583807 -0.328187 -0.931335,
        -0.588854 -0.321200 -0.911508,
        -0.474311 -0.540488 -0.936157,
        -0.495339 -0.419382 -0.990839,
        -0.515315 -0.416157 -0.983220,
        -0.575531 -0.392685 -0.927764,
        -0.583807 -0.384898 -0.909366,
        -0.588854 -0.376703 -0.890004,
        -0.474311 -0.597094 -0.901106,
        -0.495339 -0.479583 -0.963142,
        -0.515315 -0.475894 -0.955732,
        -0.575531 -0.449055 -0.901827,
        -0.583807 -0.440150 -0.883945,
        -0.588854 -0.430776 -0.865126,
        -0.474311 -0.651441 -0.862642,
        -0.495339 -0.537965 -0.931787,
        -0.515315 -0.533827 -0.924622,
        -0.575531 -0.503720 -0.872472,
        -0.583807 -0.493732 -0.855169,
        -0.588854 -0.483217 -0.836961,
        -0.474311 -0.703311 -0.820902,
        -0.495339 -0.594307 -0.896902,
        -0.515315 -0.589736 -0.890004,
        -0.575531 -0.556476 -0.839803,
        -0.583807 -0.545441 -0.823150,
        -0.588854 -0.533827 -0.805626,
        -0.474311 -0.752512 -0.776051,
        -0.495339 -0.648398 -0.858614,
        -0.515315 -0.643409 -0.852008,
        -0.575531 -0.607122 -0.803953,
        -0.583807 -0.595083 -0.788012,
        -0.588854 -0.582409 -0.771232,
        -0.474311 -0.798858 -0.728252,
        -0.495339 -0.700028 -0.817067,
        -0.515315 -0.694642 -0.810783,
        -0.575531 -0.655465 -0.765055,
        -0.583807 -0.642465 -0.749886,
        -0.588854 -0.628787 -0.733917,
        -0.474311 -0.842173 -0.677693,
        -0.495339 -0.749000 -0.772425,
        -0.515315 -0.743240 -0.766484,
        -0.575531 -0.701319 -0.723252,
        -0.583807 -0.687409 -0.708913,
        -0.588854 -0.672776 -0.693819,
        -0.474311 -0.882291 -0.624563,
        -0.495339 -0.795130 -0.724850,
        -0.515315 -0.789012 -0.719280,
        -0.575531 -0.744512 -0.678709,
        -0.583807 -0.729748 -0.665252,
        -0.588854 -0.714209 -0.651087,
        -0.474311 -0.919067 -0.569063,
        -0.495339 -0.838240 -0.674528,
        -0.515315 -0.831795 -0.669343,
        -0.575531 -0.784878 -0.631587,
        -0.583807 -0.769315 -0.619063,
        -0.588854 -0.752937 -0.605882,
        -0.495339 -0.878173 -0.621646,
        -0.515315 -0.871421 -0.616866,
        -0.575531 -0.822268 -0.582071,
        -0.583807 -0.805965 -0.570531,
        -0.588854 -0.788803 -0.558382,
        -0.474311 -0.952354 -0.511406,
        -0.495339 -0.914776 -0.566406,
        -0.515315 -0.907740 -0.562047,
        -0.575531 -0.856539 -0.530346,
        -0.583807 -0.839555 -0.519831,
        -0.588854 -0.821681 -0.508764,
        -0.474311 -0.982028 -0.451807,
        -0.474311 -1.007980 -0.390494,
        -0.495339 -0.947906 -0.509016,
        -0.550193 -0.971929 -0.376528,
        -0.575531 -0.887563 -0.476610,
        -0.583807 -0.869965 -0.467161,
        -0.588854 -0.851441 -0.457213,
        -0.474311 -1.030110 -0.327702,
        -0.495339 -0.977445 -0.449697,
        -0.588854 -0.877972 -0.403933,
        -0.474311 -1.048331 -0.263666,
        -0.495339 -1.003276 -0.388671,
        -0.550193 -0.993268 -0.315981,
        -0.533748 -1.006650 -0.320238,
        -0.588854 -0.901173 -0.349117,
        -0.515315 -1.059567 -0.131203,
        -0.533748 -1.038374 -0.194106,
        -0.515315 -1.049480 -0.196182,
        -0.495339 -1.025299 -0.326171,
        -0.583807 -0.940992 -0.299352,
        -0.575531 -0.977012 -0.245728,
        -0.588854 -0.920957 -0.292978,
        -0.515315 -1.035409 -0.260417,
        -0.495339 -1.043437 -0.262435,
        -0.533748 -1.024457 -0.257661,
        -0.550193 -1.010835 -0.254235,
        -0.564236 -0.994890 -0.250225,
        -0.495339 -1.057614 -0.197702,
        -0.550193 -1.024571 -0.191526,
        -0.564236 -1.008409 -0.188504,
        -0.575531 -0.990287 -0.185117,
        -0.533748 -1.048354 -0.129815,
        -0.550193 -1.034417 -0.128089,
        -0.564236 -1.018102 -0.126069,
        -0.575531 -0.999803 -0.123803,
        -0.583807 -0.979980 -0.121348,
        -0.515315 -1.065634 -0.065726,
        -0.533748 -1.054358 -0.065031,
        -0.550193 -1.040343 -0.064166,
        -0.564236 -1.023929 -0.063154,
        -0.575531 -1.005528 -0.062019,
        3.499854 1.181102 0.545591,
        3.511413 1.181142 0.524610,
        3.504213 1.181102 0.533972,
        3.511264 1.181142 0.593382,
        3.498335 1.181142 0.559457,
        3.499701 1.181102 0.573220,
        3.504008 1.181102 0.584531,
        3.516819 1.181102 0.597484,
        3.522937 1.181102 0.600642,
        3.516224 1.181102 0.520650,
        3.533465 1.181102 0.513547,
        3.527295 1.181102 0.515161,
        3.529465 1.181102 0.602870,
        3.521618 1.181102 0.517472,
        3.550161 1.181102 0.604957,
        3.545839 1.181102 0.512339,
        3.543114 1.181102 0.604862,
        3.536185 1.181102 0.604232,
        3.539437 1.181102 0.512673,
        3.558406 1.181102 0.512417,
        3.552165 1.181102 0.512374,
        3.557075 1.181102 0.605004,
        3.563988 1.181142 0.605055,
        3.564646 1.181142 0.512461,
        3.434787 1.181102 0.563622,
        3.408469 1.181102 0.563425,
        3.427689 1.181102 0.582925,
        3.401579 1.181142 0.544031,
        3.415362 1.181102 0.582815,
        3.441886 1.181142 0.544319,
        3.421547 1.181142 0.602508,
        3.747358 1.181102 0.320809,
        3.755618 1.181102 0.328198,
        3.752378 1.181142 0.323746,
        3.740921 1.181142 0.319796,
        3.756665 1.181142 0.333785,
        3.747508 1.181102 0.347613,
        3.755618 1.181102 0.339995,
        3.731870 1.181102 0.321482,
        3.752598 1.181142 0.344625,
        3.724539 1.181142 0.326680,
        3.741992 1.181102 0.349153,
        3.721728 1.181102 0.330292,
        3.719693 1.181102 0.334357,
        3.735720 1.181102 0.350093,
        3.729783 1.181102 0.350850,
        3.718496 1.181102 0.338593,
        3.717988 1.181102 0.343222,
        3.717945 1.181102 0.347822,
        3.717909 1.181142 0.352361,
        3.723846 1.181102 0.351606,
        3.350803 1.181102 0.353997,
        3.362362 1.181142 0.333015,
        3.355161 1.181102 0.342377,
        3.362213 1.181142 0.401787,
        3.349283 1.181142 0.367861,
        3.350646 1.181102 0.381623,
        3.354957 1.181102 0.392936,
        3.367764 1.181102 0.405886,
        3.373882 1.181102 0.409047,
        3.367173 1.181102 0.329054,
        3.384413 1.181102 0.321951,
        3.378244 1.181102 0.323566,
        3.380413 1.181102 0.411276,
        3.372567 1.181102 0.325876,
        3.401106 1.181102 0.413362,
        3.396787 1.181102 0.320744,
        3.394063 1.181102 0.413264,
        3.387134 1.181102 0.412638,
        3.390386 1.181102 0.321078,
        3.409354 1.181102 0.320822,
        3.403114 1.181102 0.320777,
        3.408024 1.181102 0.413409,
        3.414937 1.181142 0.413461,
        3.415594 1.181142 0.320866,
        3.285736 1.181102 0.372027,
        3.259417 1.181102 0.371829,
        3.278634 1.181102 0.391330,
        3.252524 1.181142 0.352438,
        3.266311 1.181102 0.391220,
        3.292835 1.181142 0.352724,
        3.272496 1.181142 0.410913,
        4.278031 1.181102 0.330703,
        4.328898 1.181102 0.368406,
        4.282756 1.181102 0.321617,
        4.282717 1.181102 0.360925,
        4.276299 1.181102 0.341041,
        4.277953 1.181102 0.351730,
        4.299016 1.181102 0.372846,
        4.289961 1.181102 0.368129,
        4.309370 1.181142 0.374580,
        4.289961 1.181102 0.314392,
        4.341102 1.181102 0.352178,
        4.299134 1.181102 0.309641,
        4.319724 1.181102 0.372993,
        4.341220 1.181102 0.330824,
        4.336496 1.181102 0.321629,
        4.342913 1.181102 0.341513,
        4.329252 1.181102 0.314425,
        4.309843 1.181142 0.307975,
        4.320157 1.181102 0.309708,
        4.336220 1.181102 0.361305,
      ]
    }
    coordIndex [
      0, 1, 2, -1,
      3, 2, 1, -1,
      1, 4, 3, -1,
      5, 6, 7, -1,
      6, 4, 7, -1,
      8, 9, 5, -1,
      5, 7, 8, -1,
      9, 10, 11, -1,
      10, 9, 8, -1,
      12, 13, 14, -1,
      13, 12, 11, -1,
      15, 16, 14, -1,
      12, 14, 16, -1,
      15, 17, 18, -1,
      18, 16, 15, -1,
      13, 11, 10, -1,
      18, 17, 19, -1,
      6, 3, 4, -1,
      20, 21, 19, -1,
      17, 20, 19, -1,
      2, 22, 0, -1,
      23, 24, 22, -1,
      0, 22, 24, -1,
      23, 25, 26, -1,
      26, 24, 23, -1,
      27, 25, 28, -1,
      25, 27, 26, -1,
      29, 30, 28, -1,
      27, 28, 30, -1,
      29, 31, 32, -1,
      32, 30, 29, -1,
      33, 31, 34, -1,
      31, 33, 32, -1,
      35, 36, 34, -1,
      33, 34, 36, -1,
      35, 37, 38, -1,
      38, 36, 35, -1,
      39, 37, 40, -1,
      37, 39, 38, -1,
      39, 40, 41, -1,
      42, 43, 44, -1,
      45, 46, 47, -1,
      42, 48, 49, -1,
      50, 5, 51, -1,
      18, 52, 16, -1,
      53, 51, 9, -1,
      54, 48, 55, -1,
      52, 56, 16, -1,
      12, 56, 57, -1,
      58, 59, 60, -1,
      61, 62, 63, -1,
      64, 52, 18, -1,
      65, 66, 67, -1,
      68, 55, 58, -1,
      69, 70, 71, -1,
      72, 65, 73, -1,
      74, 6, 50, -1,
      70, 59, 71, -1,
      75, 76, 77, -1,
      77, 78, 79, -1,
      80, 44, 81, -1,
      21, 78, 76, -1,
      80, 82, 83, -1,
      3, 74, 84, -1,
      85, 2, 84, -1,
      86, 83, 87, -1,
      88, 89, 86, -1,
      22, 85, 90, -1,
      89, 91, 92, -1,
      5, 50, 6, -1,
      93, 92, 94, -1,
      95, 96, 25, -1,
      97, 98, 93, -1,
      23, 22, 90, -1,
      98, 99, 100, -1,
      101, 29, 102, -1,
      103, 104, 100, -1,
      29, 28, 102, -1,
      104, 105, 106, -1,
      34, 107, 108, -1,
      45, 106, 109, -1,
      109, 105, 110, -1,
      47, 106, 45, -1,
      111, 69, 71, -1,
      112, 47, 46, -1,
      46, 113, 112, -1,
      40, 37, 113, -1,
      112, 113, 37, -1,
      37, 35, 112, -1,
      31, 29, 101, -1,
      35, 108, 112, -1,
      106, 105, 109, -1,
      114, 47, 108, -1,
      114, 104, 106, -1,
      110, 105, 115, -1,
      115, 105, 103, -1,
      112, 108, 47, -1,
      35, 34, 108, -1,
      116, 103, 99, -1,
      47, 114, 106, -1,
      117, 114, 107, -1,
      115, 103, 116, -1,
      104, 117, 100, -1,
      105, 104, 103, -1,
      108, 107, 114, -1,
      34, 31, 107, -1,
      116, 99, 118, -1,
      114, 117, 104, -1,
      117, 101, 119, -1,
      103, 100, 99, -1,
      100, 119, 98, -1,
      118, 99, 97, -1,
      117, 107, 101, -1,
      31, 101, 107, -1,
      98, 97, 99, -1,
      117, 119, 100, -1,
      25, 96, 28, -1,
      120, 93, 98, -1,
      118, 97, 121, -1,
      121, 97, 94, -1,
      119, 102, 120, -1,
      102, 119, 101, -1,
      94, 97, 93, -1,
      119, 120, 98, -1,
      122, 120, 96, -1,
      122, 92, 93, -1,
      123, 94, 91, -1,
      94, 123, 121, -1,
      120, 102, 96, -1,
      28, 96, 102, -1,
      92, 124, 89, -1,
      120, 122, 93, -1,
      124, 122, 95, -1,
      91, 88, 125, -1,
      123, 91, 125, -1,
      94, 92, 91, -1,
      96, 95, 122, -1,
      25, 23, 95, -1,
      89, 88, 91, -1,
      122, 124, 92, -1,
      126, 124, 90, -1,
      126, 86, 89, -1,
      127, 88, 87, -1,
      88, 127, 125, -1,
      124, 95, 90, -1,
      23, 90, 95, -1,
      86, 128, 83, -1,
      124, 126, 89, -1,
      128, 126, 85, -1,
      87, 82, 129, -1,
      127, 87, 129, -1,
      88, 86, 87, -1,
      90, 85, 126, -1,
      22, 2, 85, -1,
      81, 130, 82, -1,
      126, 128, 86, -1,
      131, 128, 84, -1,
      129, 82, 130, -1,
      83, 131, 80, -1,
      87, 83, 82, -1,
      85, 84, 128, -1,
      2, 3, 84, -1,
      81, 43, 132, -1,
      128, 131, 83, -1,
      133, 131, 74, -1,
      133, 44, 80, -1,
      130, 81, 132, -1,
      82, 80, 81, -1,
      84, 74, 131, -1,
      3, 6, 74, -1,
      81, 44, 43, -1,
      131, 133, 80, -1,
      50, 134, 133, -1,
      44, 134, 42, -1,
      132, 43, 135, -1,
      135, 43, 49, -1,
      74, 50, 133, -1,
      51, 5, 9, -1,
      43, 42, 49, -1,
      133, 134, 44, -1,
      51, 136, 134, -1,
      42, 136, 48, -1,
      135, 49, 137, -1,
      137, 49, 54, -1,
      50, 51, 134, -1,
      53, 9, 11, -1,
      138, 137, 54, -1,
      134, 136, 42, -1,
      139, 136, 53, -1,
      49, 48, 54, -1,
      48, 139, 55, -1,
      138, 54, 68, -1,
      51, 53, 136, -1,
      12, 57, 11, -1,
      68, 60, 140, -1,
      136, 139, 48, -1,
      141, 139, 57, -1,
      141, 58, 55, -1,
      138, 68, 140, -1,
      54, 55, 68, -1,
      139, 53, 57, -1,
      11, 57, 53, -1,
      142, 60, 70, -1,
      139, 141, 55, -1,
      143, 141, 56, -1,
      143, 59, 58, -1,
      140, 60, 142, -1,
      68, 58, 60, -1,
      57, 56, 141, -1,
      12, 16, 56, -1,
      60, 59, 70, -1,
      141, 143, 58, -1,
      144, 143, 52, -1,
      59, 144, 71, -1,
      142, 70, 145, -1,
      145, 70, 69, -1,
      56, 52, 143, -1,
      64, 18, 19, -1,
      69, 111, 65, -1,
      143, 144, 59, -1,
      64, 75, 144, -1,
      75, 111, 71, -1,
      145, 69, 72, -1,
      72, 69, 65, -1,
      52, 64, 144, -1,
      21, 76, 19, -1,
      77, 66, 111, -1,
      144, 75, 71, -1,
      77, 111, 75, -1,
      63, 62, 67, -1,
      65, 111, 66, -1,
      73, 65, 67, -1,
      64, 19, 76, -1,
      75, 64, 76, -1,
      66, 79, 146, -1,
      78, 77, 76, -1,
      67, 146, 63, -1,
      79, 66, 77, -1,
      67, 66, 146, -1,
      73, 67, 62, -1,
      147, 148, 149, -1,
      150, 149, 148, -1,
      148, 151, 150, -1,
      152, 153, 154, -1,
      153, 151, 154, -1,
      155, 156, 152, -1,
      152, 154, 155, -1,
      156, 157, 158, -1,
      157, 156, 155, -1,
      159, 160, 161, -1,
      160, 159, 158, -1,
      162, 163, 161, -1,
      159, 161, 163, -1,
      162, 164, 165, -1,
      165, 163, 162, -1,
      160, 158, 157, -1,
      165, 164, 166, -1,
      153, 150, 151, -1,
      167, 168, 166, -1,
      164, 167, 166, -1,
      149, 169, 147, -1,
      170, 171, 169, -1,
      147, 169, 171, -1,
      170, 172, 173, -1,
      173, 171, 170, -1,
      174, 172, 175, -1,
      172, 174, 173, -1,
      176, 177, 175, -1,
      174, 175, 177, -1,
      176, 178, 179, -1,
      179, 177, 176, -1,
      180, 178, 181, -1,
      178, 180, 179, -1,
      182, 183, 181, -1,
      180, 181, 183, -1,
      182, 184, 185, -1,
      185, 183, 182, -1,
      186, 184, 187, -1,
      184, 186, 185, -1,
      186, 187, 188, -1,
      189, 190, 191, -1,
      192, 193, 194, -1,
      189, 195, 196, -1,
      197, 152, 198, -1,
      198, 156, 199, -1,
      195, 200, 201, -1,
      202, 159, 203, -1,
      165, 204, 163, -1,
      205, 204, 165, -1,
      206, 207, 208, -1,
      209, 210, 211, -1,
      200, 211, 212, -1,
      203, 163, 204, -1,
      213, 214, 215, -1,
      215, 216, 217, -1,
      218, 219, 220, -1,
      209, 219, 218, -1,
      221, 153, 197, -1,
      222, 223, 224, -1,
      225, 226, 223, -1,
      227, 191, 228, -1,
      168, 224, 226, -1,
      227, 229, 230, -1,
      150, 221, 231, -1,
      232, 149, 231, -1,
      233, 230, 234, -1,
      235, 236, 233, -1,
      169, 232, 237, -1,
      236, 238, 239, -1,
      152, 197, 153, -1,
      240, 239, 241, -1,
      242, 243, 172, -1,
      244, 245, 240, -1,
      170, 169, 237, -1,
      245, 246, 247, -1,
      248, 176, 249, -1,
      250, 251, 247, -1,
      176, 175, 249, -1,
      251, 252, 253, -1,
      181, 254, 255, -1,
      192, 253, 256, -1,
      256, 252, 257, -1,
      194, 253, 192, -1,
      258, 220, 219, -1,
      259, 194, 193, -1,
      193, 260, 259, -1,
      187, 184, 260, -1,
      259, 260, 184, -1,
      184, 182, 259, -1,
      178, 176, 248, -1,
      182, 255, 259, -1,
      253, 252, 256, -1,
      261, 194, 255, -1,
      261, 251, 253, -1,
      257, 252, 262, -1,
      262, 252, 250, -1,
      259, 255, 194, -1,
      182, 181, 255, -1,
      263, 250, 246, -1,
      194, 261, 253, -1,
      264, 261, 254, -1,
      262, 250, 263, -1,
      251, 264, 247, -1,
      252, 251, 250, -1,
      255, 254, 261, -1,
      181, 178, 254, -1,
      263, 246, 265, -1,
      261, 264, 251, -1,
      264, 248, 266, -1,
      250, 247, 246, -1,
      247, 266, 245, -1,
      265, 246, 244, -1,
      264, 254, 248, -1,
      178, 248, 254, -1,
      245, 244, 246, -1,
      264, 266, 247, -1,
      172, 243, 175, -1,
      267, 240, 245, -1,
      265, 244, 268, -1,
      268, 244, 241, -1,
      266, 249, 267, -1,
      249, 266, 248, -1,
      241, 244, 240, -1,
      266, 267, 245, -1,
      269, 267, 243, -1,
      269, 239, 240, -1,
      270, 241, 238, -1,
      241, 270, 268, -1,
      267, 249, 243, -1,
      175, 243, 249, -1,
      239, 271, 236, -1,
      267, 269, 240, -1,
      271, 269, 242, -1,
      238, 235, 272, -1,
      270, 238, 272, -1,
      241, 239, 238, -1,
      243, 242, 269, -1,
      172, 170, 242, -1,
      236, 235, 238, -1,
      269, 271, 239, -1,
      273, 271, 237, -1,
      273, 233, 236, -1,
      274, 235, 234, -1,
      235, 274, 272, -1,
      271, 242, 237, -1,
      170, 237, 242, -1,
      233, 275, 230, -1,
      271, 273, 236, -1,
      275, 273, 232, -1,
      234, 229, 276, -1,
      274, 234, 276, -1,
      235, 233, 234, -1,
      237, 232, 273, -1,
      169, 149, 232, -1,
      228, 277, 229, -1,
      273, 275, 233, -1,
      278, 275, 231, -1,
      276, 229, 277, -1,
      230, 278, 227, -1,
      234, 230, 229, -1,
      232, 231, 275, -1,
      149, 150, 231, -1,
      228, 190, 279, -1,
      275, 278, 230, -1,
      280, 278, 221, -1,
      280, 191, 227, -1,
      277, 228, 279, -1,
      229, 227, 228, -1,
      231, 221, 278, -1,
      150, 153, 221, -1,
      228, 191, 190, -1,
      278, 280, 227, -1,
      197, 281, 280, -1,
      191, 281, 189, -1,
      279, 190, 282, -1,
      282, 190, 196, -1,
      221, 197, 280, -1,
      198, 152, 156, -1,
      190, 189, 196, -1,
      280, 281, 191, -1,
      198, 283, 281, -1,
      189, 283, 195, -1,
      282, 196, 284, -1,
      284, 196, 201, -1,
      197, 198, 281, -1,
      199, 156, 158, -1,
      285, 284, 201, -1,
      281, 283, 189, -1,
      286, 283, 199, -1,
      196, 195, 201, -1,
      195, 286, 200, -1,
      285, 201, 212, -1,
      198, 199, 283, -1,
      159, 202, 158, -1,
      212, 210, 287, -1,
      283, 286, 195, -1,
      288, 286, 202, -1,
      288, 211, 200, -1,
      285, 212, 287, -1,
      201, 200, 212, -1,
      286, 199, 202, -1,
      158, 202, 199, -1,
      289, 210, 218, -1,
      286, 288, 200, -1,
      290, 288, 203, -1,
      290, 209, 211, -1,
      287, 210, 289, -1,
      212, 211, 210, -1,
      202, 203, 288, -1,
      159, 163, 203, -1,
      210, 209, 218, -1,
      288, 290, 211, -1,
      291, 290, 204, -1,
      209, 291, 219, -1,
      289, 218, 292, -1,
      292, 218, 220, -1,
      203, 204, 290, -1,
      205, 165, 166, -1,
      220, 258, 215, -1,
      290, 291, 209, -1,
      205, 225, 291, -1,
      225, 258, 219, -1,
      292, 220, 217, -1,
      217, 220, 215, -1,
      204, 205, 291, -1,
      168, 226, 166, -1,
      223, 213, 258, -1,
      291, 225, 219, -1,
      223, 258, 225, -1,
      207, 206, 214, -1,
      215, 258, 213, -1,
      216, 215, 214, -1,
      205, 166, 226, -1,
      225, 205, 226, -1,
      213, 222, 293, -1,
      224, 223, 226, -1,
      214, 293, 207, -1,
      222, 213, 223, -1,
      214, 213, 293, -1,
      216, 214, 206, -1,
      294, 295, 296, -1,
      297, 298, 299, -1,
      294, 300, 295, -1,
      301, 302, 297, -1,
      300, 299, 295, -1,
      299, 300, 303, -1,
      301, 297, 303, -1,
      304, 305, 306, -1,
      303, 297, 299, -1,
      307, 308, 306, -1,
      309, 310, 311, -1,
      312, 300, 313, -1,
      307, 306, 314, -1,
      315, 316, 317, -1,
      314, 306, 305, -1,
      318, 319, 317, -1,
      320, 321, 322, -1,
      305, 303, 323, -1,
      317, 316, 318, -1,
      324, 313, 325, -1,
      326, 327, 328, -1,
      329, 318, 316, -1,
      330, 331, 332, -1,
      333, 334, 335, -1,
      336, 337, 338, -1,
      339, 330, 332, -1,
      313, 340, 341, -1,
      342, 343, 313, -1,
      313, 343, 340, -1,
      324, 344, 313, -1,
      313, 344, 342, -1,
      345, 346, 347, -1,
      332, 331, 348, -1,
      349, 350, 351, -1,
      351, 345, 352, -1,
      339, 353, 330, -1,
      351, 350, 354, -1,
      355, 352, 345, -1,
      351, 352, 349, -1,
      325, 347, 346, -1,
      347, 355, 345, -1,
      356, 357, 313, -1,
      325, 346, 324, -1,
      358, 359, 313, -1,
      313, 359, 325, -1,
      360, 361, 313, -1,
      313, 361, 358, -1,
      313, 362, 360, -1,
      313, 363, 362, -1,
      364, 365, 313, -1,
      313, 365, 363, -1,
      366, 367, 368, -1,
      366, 369, 367, -1,
      313, 357, 370, -1,
      313, 370, 364, -1,
      371, 372, 373, -1,
      313, 374, 356, -1,
      375, 326, 376, -1,
      377, 373, 378, -1,
      313, 379, 380, -1,
      374, 313, 380, -1,
      381, 382, 383, -1,
      384, 379, 318, -1,
      313, 318, 379, -1,
      385, 386, 387, -1,
      388, 384, 318, -1,
      386, 389, 387, -1,
      318, 322, 388, -1,
      390, 386, 385, -1,
      391, 390, 392, -1,
      393, 394, 321, -1,
      393, 321, 320, -1,
      395, 316, 396, -1,
      322, 329, 320, -1,
      394, 393, 397, -1,
      322, 318, 329, -1,
      316, 395, 398, -1,
      316, 398, 329, -1,
      316, 399, 396, -1,
      400, 401, 402, -1,
      399, 316, 403, -1,
      404, 405, 406, -1,
      400, 402, 407, -1,
      408, 409, 326, -1,
      410, 326, 375, -1,
      411, 326, 410, -1,
      411, 412, 326, -1,
      413, 414, 415, -1,
      416, 417, 373, -1,
      418, 367, 369, -1,
      419, 420, 367, -1,
      421, 389, 386, -1,
      422, 391, 392, -1,
      382, 418, 383, -1,
      418, 369, 383, -1,
      373, 372, 378, -1,
      423, 367, 424, -1,
      381, 389, 421, -1,
      392, 390, 385, -1,
      391, 422, 425, -1,
      421, 382, 381, -1,
      426, 427, 428, -1,
      423, 424, 426, -1,
      426, 428, 423, -1,
      429, 367, 423, -1,
      430, 431, 432, -1,
      429, 368, 367, -1,
      433, 434, 435, -1,
      418, 371, 367, -1,
      373, 367, 371, -1,
      432, 431, 353, -1,
      339, 432, 353, -1,
      431, 430, 434, -1,
      420, 433, 435, -1,
      435, 434, 430, -1,
      436, 419, 367, -1,
      419, 433, 420, -1,
      367, 373, 437, -1,
      437, 436, 367, -1,
      438, 439, 440, -1,
      441, 439, 437, -1,
      437, 439, 438, -1,
      441, 437, 373, -1,
      441, 373, 417, -1,
      442, 443, 444, -1,
      326, 412, 373, -1,
      416, 373, 412, -1,
      376, 326, 409, -1,
      445, 446, 408, -1,
      445, 328, 447, -1,
      448, 403, 316, -1,
      449, 450, 451, -1,
      406, 405, 407, -1,
      452, 453, 404, -1,
      452, 454, 451, -1,
      455, 450, 456, -1,
      328, 445, 408, -1,
      454, 449, 451, -1,
      408, 326, 328, -1,
      456, 450, 449, -1,
      450, 455, 327, -1,
      326, 450, 327, -1,
      453, 452, 451, -1,
      405, 404, 453, -1,
      401, 448, 402, -1,
      402, 406, 407, -1,
      448, 401, 403, -1,
      316, 309, 448, -1,
      309, 457, 458, -1,
      448, 309, 459, -1,
      460, 461, 462, -1,
      463, 414, 464, -1,
      465, 466, 467, -1,
      468, 469, 414, -1,
      470, 471, 414, -1,
      472, 473, 474, -1,
      475, 476, 477, -1,
      478, 479, 480, -1,
      481, 482, 483, -1,
      484, 313, 485, -1,
      323, 486, 305, -1,
      314, 487, 488, -1,
      461, 489, 314, -1,
      487, 314, 486, -1,
      488, 490, 491, -1,
      488, 487, 490, -1,
      305, 486, 314, -1,
      492, 334, 333, -1,
      312, 335, 323, -1,
      465, 467, 493, -1,
      465, 493, 494, -1,
      465, 414, 466, -1,
      495, 496, 497, -1,
      414, 463, 466, -1,
      414, 469, 464, -1,
      498, 472, 479, -1,
      473, 472, 498, -1,
      414, 471, 468, -1,
      333, 474, 499, -1,
      333, 499, 500, -1,
      414, 413, 470, -1,
      492, 333, 500, -1,
      334, 501, 335, -1,
      414, 502, 415, -1,
      472, 474, 333, -1,
      496, 495, 503, -1,
      337, 504, 505, -1,
      497, 506, 507, -1,
      481, 508, 509, -1,
      510, 309, 458, -1,
      461, 511, 512, -1,
      513, 461, 514, -1,
      465, 515, 461, -1,
      461, 515, 511, -1,
      488, 465, 461, -1,
      516, 517, 465, -1,
      465, 517, 515, -1,
      518, 519, 465, -1,
      465, 519, 516, -1,
      494, 520, 465, -1,
      465, 520, 518, -1,
      521, 522, 523, -1,
      524, 525, 526, -1,
      473, 525, 462, -1,
      473, 527, 525, -1,
      528, 527, 529, -1,
      527, 530, 529, -1,
      473, 530, 527, -1,
      530, 473, 498, -1,
      531, 532, 509, -1,
      525, 524, 533, -1,
      461, 513, 462, -1,
      525, 533, 462, -1,
      462, 533, 460, -1,
      309, 534, 310, -1,
      314, 309, 316, -1,
      535, 444, 443, -1,
      536, 537, 538, -1,
      539, 540, 521, -1,
      541, 542, 543, -1,
      544, 545, 442, -1,
      546, 542, 541, -1,
      547, 548, 549, -1,
      548, 550, 549, -1,
      540, 536, 538, -1,
      551, 552, 547, -1,
      552, 553, 547, -1,
      547, 554, 551, -1,
      539, 521, 523, -1,
      555, 556, 557, -1,
      558, 559, 560, -1,
      547, 561, 562, -1,
      563, 564, 565, -1,
      509, 566, 567, -1,
      568, 569, 547, -1,
      570, 571, 558, -1,
      572, 573, 574, -1,
      569, 575, 576, -1,
      508, 577, 509, -1,
      578, 575, 569, -1,
      573, 579, 574, -1,
      580, 569, 572, -1,
      581, 582, 583, -1,
      578, 569, 580, -1,
      574, 580, 572, -1,
      503, 584, 566, -1,
      585, 569, 576, -1,
      586, 587, 569, -1,
      586, 569, 585, -1,
      560, 570, 558, -1,
      568, 588, 589, -1,
      497, 496, 588, -1,
      590, 571, 497, -1,
      577, 591, 509, -1,
      566, 592, 593, -1,
      594, 595, 596, -1,
      597, 594, 596, -1,
      458, 457, 598, -1,
      599, 600, 565, -1,
      522, 601, 602, -1,
      603, 604, 601, -1,
      522, 605, 523, -1,
      521, 540, 538, -1,
      606, 522, 602, -1,
      522, 606, 605, -1,
      564, 603, 601, -1,
      601, 604, 602, -1,
      607, 565, 564, -1,
      563, 603, 564, -1,
      600, 608, 565, -1,
      565, 607, 599, -1,
      609, 557, 610, -1,
      611, 612, 565, -1,
      611, 565, 608, -1,
      613, 555, 614, -1,
      615, 616, 565, -1,
      617, 337, 618, -1,
      323, 303, 312, -1,
      472, 619, 620, -1,
      498, 479, 497, -1,
      335, 502, 414, -1,
      335, 501, 502, -1,
      472, 333, 619, -1,
      414, 323, 335, -1,
      313, 337, 312, -1,
      300, 312, 303, -1,
      482, 475, 477, -1,
      479, 478, 621, -1,
      479, 621, 622, -1,
      479, 337, 480, -1,
      337, 505, 480, -1,
      623, 624, 337, -1,
      337, 624, 504, -1,
      313, 625, 626, -1,
      313, 484, 627, -1,
      337, 336, 623, -1,
      313, 627, 628, -1,
      337, 617, 338, -1,
      629, 630, 337, -1,
      337, 630, 631, -1,
      337, 631, 618, -1,
      313, 628, 629, -1,
      337, 313, 629, -1,
      313, 626, 485, -1,
      632, 633, 634, -1,
      341, 635, 475, -1,
      636, 633, 632, -1,
      591, 531, 509, -1,
      497, 637, 638, -1,
      497, 638, 506, -1,
      639, 497, 640, -1,
      497, 639, 641, -1,
      497, 641, 637, -1,
      642, 640, 479, -1,
      497, 479, 640, -1,
      643, 644, 479, -1,
      479, 644, 642, -1,
      622, 645, 479, -1,
      479, 645, 643, -1,
      482, 481, 475, -1,
      646, 647, 648, -1,
      626, 647, 507, -1,
      626, 649, 647, -1,
      475, 650, 476, -1,
      651, 649, 652, -1,
      475, 653, 650, -1,
      649, 654, 652, -1,
      626, 654, 649, -1,
      633, 625, 634, -1,
      654, 626, 625, -1,
      475, 655, 341, -1,
      495, 497, 507, -1,
      457, 566, 509, -1,
      656, 647, 646, -1,
      647, 656, 507, -1,
      507, 656, 495, -1,
      509, 475, 481, -1,
      657, 658, 659, -1,
      475, 635, 660, -1,
      661, 662, 663, -1,
      660, 653, 475, -1,
      664, 665, 666, -1,
      567, 667, 668, -1,
      655, 669, 670, -1,
      663, 671, 661, -1,
      633, 661, 503, -1,
      658, 657, 663, -1,
      503, 661, 672, -1,
      673, 567, 674, -1,
      675, 676, 677, -1,
      496, 503, 566, -1,
      675, 567, 673, -1,
      663, 657, 671, -1,
      678, 679, 680, -1,
      681, 662, 661, -1,
      682, 678, 675, -1,
      661, 683, 684, -1,
      681, 661, 684, -1,
      678, 685, 679, -1,
      678, 686, 655, -1,
      687, 688, 689, -1,
      690, 683, 687, -1,
      691, 669, 655, -1,
      692, 655, 693, -1,
      687, 694, 688, -1,
      695, 696, 697, -1,
      695, 697, 694, -1,
      698, 655, 699, -1,
      690, 687, 689, -1,
      687, 695, 694, -1,
      683, 661, 687, -1,
      633, 687, 661, -1,
      636, 687, 633, -1,
      341, 655, 634, -1,
      341, 634, 313, -1,
      625, 313, 634, -1,
      655, 698, 634, -1,
      655, 700, 699, -1,
      655, 701, 700, -1,
      655, 692, 701, -1,
      655, 670, 693, -1,
      691, 655, 686, -1,
      680, 702, 678, -1,
      678, 702, 686, -1,
      685, 678, 682, -1,
      675, 677, 682, -1,
      675, 673, 676, -1,
      667, 567, 703, -1,
      567, 668, 674, -1,
      704, 705, 706, -1,
      596, 707, 597, -1,
      705, 708, 709, -1,
      496, 566, 708, -1,
      710, 711, 503, -1,
      503, 711, 584, -1,
      503, 672, 710, -1,
      712, 534, 309, -1,
      712, 309, 510, -1,
      713, 457, 714, -1,
      664, 613, 583, -1,
      582, 581, 715, -1,
      664, 666, 716, -1,
      598, 457, 713, -1,
      457, 532, 714, -1,
      703, 566, 593, -1,
      566, 584, 592, -1,
      703, 567, 566, -1,
      509, 532, 457, -1,
      311, 459, 309, -1,
      613, 717, 555, -1,
      544, 718, 616, -1,
      719, 609, 610, -1,
      720, 665, 721, -1,
      722, 664, 583, -1,
      665, 664, 722, -1,
      706, 723, 724, -1,
      705, 704, 708, -1,
      725, 706, 724, -1,
      726, 723, 615, -1,
      583, 582, 707, -1,
      597, 707, 582, -1,
      723, 726, 724, -1,
      615, 612, 727, -1,
      615, 565, 612, -1,
      581, 583, 728, -1,
      729, 728, 613, -1,
      583, 613, 728, -1,
      555, 717, 556, -1,
      613, 614, 729, -1,
      610, 557, 556, -1,
      730, 545, 731, -1,
      732, 719, 444, -1,
      610, 444, 719, -1,
      546, 549, 550, -1,
      442, 545, 730, -1,
      444, 535, 732, -1,
      546, 733, 549, -1,
      731, 545, 734, -1,
      616, 735, 565, -1,
      736, 735, 616, -1,
      718, 737, 616, -1,
      736, 616, 737, -1,
      726, 615, 738, -1,
      727, 738, 615, -1,
      704, 706, 725, -1,
      708, 566, 709, -1,
      566, 739, 709, -1,
      566, 665, 739, -1,
      665, 720, 739, -1,
      665, 722, 721, -1,
      740, 741, 742, -1,
      743, 560, 559, -1,
      569, 561, 547, -1,
      554, 547, 562, -1,
      569, 744, 561, -1,
      744, 569, 587, -1,
      589, 569, 568, -1,
      590, 497, 568, -1,
      558, 571, 590, -1,
      497, 588, 568, -1,
      547, 553, 548, -1,
      460, 745, 461, -1,
      546, 541, 733, -1,
      746, 546, 747, -1,
      747, 546, 550, -1,
      741, 745, 460, -1,
      544, 616, 545, -1,
      314, 544, 309, -1,
      444, 544, 442, -1,
      718, 544, 546, -1,
      746, 718, 546, -1,
      444, 309, 544, -1,
      489, 748, 314, -1,
      314, 748, 544, -1,
      461, 314, 488, -1,
      514, 461, 512, -1,
      741, 749, 745, -1,
      741, 740, 749, -1,
      571, 742, 497, -1,
      497, 742, 741, -1,
      750, 751, 752, -1,
      750, 753, 754, -1,
      750, 755, 753, -1,
      751, 750, 754, -1,
      756, 757, 758, -1,
      758, 759, 760, -1,
      759, 758, 761, -1,
      761, 762, 759, -1,
      763, 764, 765, -1,
      313, 766, 767, -1,
      768, 769, 767, -1,
      766, 759, 768, -1,
      770, 300, 763, -1,
      758, 771, 761, -1,
      772, 300, 770, -1,
      771, 773, 774, -1,
      300, 775, 776, -1,
      777, 760, 778, -1,
      300, 776, 313, -1,
      760, 779, 780, -1,
      780, 778, 760, -1,
      761, 771, 764, -1,
      757, 771, 758, -1,
      764, 771, 765, -1,
      781, 763, 765, -1,
      773, 775, 782, -1,
      763, 781, 770, -1,
      300, 772, 782, -1,
      300, 782, 775, -1,
      771, 757, 773, -1,
      773, 757, 775, -1,
      779, 760, 759, -1,
      776, 778, 783, -1,
      766, 768, 767, -1,
      784, 780, 779, -1,
      759, 766, 779, -1,
      778, 780, 783, -1,
      313, 776, 783, -1,
      785, 786, 766, -1,
      313, 783, 787, -1,
      766, 313, 785, -1,
      313, 787, 785, -1,
      759, 788, 789, -1,
      759, 762, 788, -1,
      788, 790, 791, -1,
      788, 762, 790, -1,
      789, 792, 768, -1,
      789, 768, 759, -1,
      769, 768, 793, -1,
      793, 794, 769, -1,
      793, 768, 792, -1,
      794, 793, 795, -1,
      794, 767, 769, -1,
      796, 797, 798, -1,
      790, 798, 797, -1,
      767, 794, 799, -1,
      761, 798, 790, -1,
      762, 761, 790, -1,
      799, 794, 797, -1,
      794, 790, 797, -1,
      800, 754, 801, -1,
      801, 802, 800, -1,
      753, 803, 804, -1,
      753, 801, 754, -1,
      805, 803, 753, -1,
      801, 753, 804, -1,
      752, 806, 807, -1,
      806, 752, 751, -1,
      789, 788, 808, -1,
      789, 806, 792, -1,
      792, 809, 793, -1,
      809, 792, 806, -1,
      807, 806, 789, -1,
      808, 807, 789, -1,
      810, 811, 812, -1,
      813, 811, 814, -1,
      815, 816, 817, -1,
      813, 818, 819, -1,
      820, 821, 816, -1,
      822, 823, 819, -1,
      824, 820, 825, -1,
      826, 823, 827, -1,
      825, 828, 829, -1,
      826, 830, 831, -1,
      832, 833, 828, -1,
      834, 835, 831, -1,
      836, 832, 837, -1,
      838, 835, 839, -1,
      837, 840, 841, -1,
      838, 842, 843, -1,
      844, 845, 840, -1,
      846, 847, 843, -1,
      848, 844, 849, -1,
      850, 847, 851, -1,
      849, 852, 853, -1,
      854, 855, 856, -1,
      856, 850, 854, -1,
      857, 858, 855, -1,
      856, 855, 858, -1,
      859, 857, 860, -1,
      857, 859, 858, -1,
      860, 861, 862, -1,
      862, 859, 860, -1,
      863, 864, 861, -1,
      862, 861, 864, -1,
      865, 863, 866, -1,
      863, 865, 864, -1,
      866, 867, 868, -1,
      868, 865, 866, -1,
      869, 870, 867, -1,
      868, 867, 870, -1,
      871, 869, 872, -1,
      869, 871, 870, -1,
      872, 873, 874, -1,
      875, 874, 873, -1,
      876, 873, 877, -1,
      873, 876, 875, -1,
      877, 878, 879, -1,
      879, 876, 877, -1,
      880, 881, 878, -1,
      879, 878, 881, -1,
      882, 880, 883, -1,
      880, 882, 881, -1,
      883, 884, 885, -1,
      885, 882, 883, -1,
      886, 887, 884, -1,
      885, 884, 887, -1,
      888, 886, 889, -1,
      886, 888, 887, -1,
      889, 890, 891, -1,
      891, 888, 889, -1,
      892, 893, 890, -1,
      891, 890, 893, -1,
      894, 892, 895, -1,
      892, 894, 893, -1,
      895, 896, 897, -1,
      897, 894, 895, -1,
      898, 899, 896, -1,
      897, 896, 899, -1,
      802, 898, 800, -1,
      898, 802, 899, -1,
      900, 815, 901, -1,
      902, 903, 900, -1,
      904, 812, 905, -1,
      906, 903, 907, -1,
      905, 908, 909, -1,
      906, 910, 911, -1,
      912, 913, 908, -1,
      914, 915, 911, -1,
      916, 912, 917, -1,
      918, 915, 919, -1,
      917, 920, 921, -1,
      918, 922, 923, -1,
      924, 925, 920, -1,
      926, 927, 923, -1,
      928, 924, 929, -1,
      930, 927, 931, -1,
      929, 932, 933, -1,
      930, 934, 935, -1,
      936, 937, 932, -1,
      938, 939, 935, -1,
      940, 936, 941, -1,
      942, 939, 943, -1,
      941, 944, 945, -1,
      942, 946, 947, -1,
      948, 949, 944, -1,
      950, 951, 947, -1,
      952, 948, 953, -1,
      954, 951, 955, -1,
      953, 956, 957, -1,
      954, 958, 959, -1,
      960, 961, 956, -1,
      962, 963, 959, -1,
      964, 960, 965, -1,
      966, 963, 967, -1,
      965, 968, 969, -1,
      966, 970, 971, -1,
      972, 973, 968, -1,
      974, 975, 971, -1,
      976, 972, 977, -1,
      978, 977, 979, -1,
      978, 976, 977, -1,
      980, 981, 982, -1,
      978, 982, 981, -1,
      983, 980, 984, -1,
      980, 983, 981, -1,
      984, 985, 986, -1,
      986, 983, 984, -1,
      987, 988, 985, -1,
      986, 985, 988, -1,
      989, 987, 990, -1,
      987, 989, 988, -1,
      990, 991, 992, -1,
      992, 989, 990, -1,
      993, 994, 991, -1,
      992, 991, 994, -1,
      995, 993, 996, -1,
      993, 995, 994, -1,
      996, 997, 998, -1,
      998, 995, 996, -1,
      999, 1000, 997, -1,
      998, 997, 1000, -1,
      1001, 999, 1002, -1,
      999, 1001, 1000, -1,
      1002, 1003, 1004, -1,
      1004, 1001, 1002, -1,
      1004, 1003, 1005, -1,
      1003, 1006, 1005, -1,
      979, 982, 978, -1,
      973, 972, 976, -1,
      969, 968, 973, -1,
      964, 965, 969, -1,
      961, 960, 964, -1,
      957, 956, 961, -1,
      952, 953, 957, -1,
      949, 948, 952, -1,
      945, 944, 949, -1,
      940, 941, 945, -1,
      937, 936, 940, -1,
      933, 932, 937, -1,
      928, 929, 933, -1,
      925, 924, 928, -1,
      921, 920, 925, -1,
      916, 917, 921, -1,
      913, 912, 916, -1,
      909, 908, 913, -1,
      904, 905, 909, -1,
      810, 812, 904, -1,
      814, 811, 810, -1,
      818, 813, 814, -1,
      822, 819, 818, -1,
      827, 823, 822, -1,
      830, 826, 827, -1,
      834, 831, 830, -1,
      839, 835, 834, -1,
      842, 838, 839, -1,
      846, 843, 842, -1,
      851, 847, 846, -1,
      854, 850, 851, -1,
      1007, 852, 1008, -1,
      1009, 1008, 1010, -1,
      1011, 1010, 1012, -1,
      1013, 1012, 1014, -1,
      1015, 1014, 1016, -1,
      1017, 1016, 1018, -1,
      1019, 1018, 1020, -1,
      1021, 1020, 1022, -1,
      1023, 1022, 1024, -1,
      871, 872, 874, -1,
      1023, 1024, 875, -1,
      875, 1024, 874, -1,
      1021, 1022, 1023, -1,
      1019, 1020, 1021, -1,
      1017, 1018, 1019, -1,
      1015, 1016, 1017, -1,
      1013, 1014, 1015, -1,
      1011, 1012, 1013, -1,
      1009, 1010, 1011, -1,
      1007, 1008, 1009, -1,
      853, 852, 1007, -1,
      848, 849, 853, -1,
      845, 844, 848, -1,
      841, 840, 845, -1,
      836, 837, 841, -1,
      833, 832, 836, -1,
      829, 828, 833, -1,
      824, 825, 829, -1,
      821, 820, 824, -1,
      817, 816, 821, -1,
      901, 815, 817, -1,
      902, 900, 901, -1,
      907, 903, 902, -1,
      910, 906, 907, -1,
      914, 911, 910, -1,
      919, 915, 914, -1,
      922, 918, 919, -1,
      926, 923, 922, -1,
      931, 927, 926, -1,
      934, 930, 931, -1,
      938, 935, 934, -1,
      943, 939, 938, -1,
      946, 942, 943, -1,
      950, 947, 946, -1,
      955, 951, 950, -1,
      958, 954, 955, -1,
      962, 959, 958, -1,
      967, 963, 962, -1,
      970, 966, 967, -1,
      974, 971, 970, -1,
      1025, 975, 974, -1,
      982, 979, 1025, -1,
      975, 1025, 979, -1,
      1026, 1027, 1028, -1,
      785, 1026, 786, -1,
      1027, 1029, 1030, -1,
      1031, 1027, 1030, -1,
      1032, 1030, 1029, -1,
      1029, 1026, 785, -1,
      1027, 1026, 1029, -1,
      1032, 1029, 1033, -1,
      972, 968, 1034, -1,
      972, 1034, 977, -1,
      850, 786, 847, -1,
      838, 843, 786, -1,
      786, 811, 813, -1,
      1034, 965, 960, -1,
      968, 965, 1034, -1,
      811, 1026, 812, -1,
      1026, 1034, 956, -1,
      960, 956, 1034, -1,
      948, 1026, 953, -1,
      1026, 956, 953, -1,
      941, 1026, 944, -1,
      1026, 948, 944, -1,
      932, 1026, 936, -1,
      1026, 941, 936, -1,
      924, 1026, 929, -1,
      1026, 932, 929, -1,
      917, 1026, 920, -1,
      1026, 924, 920, -1,
      908, 1026, 912, -1,
      1026, 917, 912, -1,
      1026, 905, 812, -1,
      1026, 908, 905, -1,
      1026, 811, 786, -1,
      823, 786, 819, -1,
      786, 813, 819, -1,
      831, 786, 826, -1,
      786, 823, 826, -1,
      838, 786, 835, -1,
      786, 831, 835, -1,
      786, 843, 847, -1,
      786, 856, 858, -1,
      850, 856, 786, -1,
      786, 859, 862, -1,
      858, 859, 786, -1,
      864, 865, 766, -1,
      864, 766, 862, -1,
      868, 870, 766, -1,
      868, 766, 865, -1,
      871, 874, 766, -1,
      871, 766, 870, -1,
      862, 766, 786, -1,
      766, 1024, 779, -1,
      1024, 766, 874, -1,
      1035, 963, 966, -1,
      820, 816, 784, -1,
      1035, 971, 975, -1,
      1035, 975, 979, -1,
      900, 903, 1036, -1,
      971, 1035, 966, -1,
      1036, 959, 1035, -1,
      963, 1035, 959, -1,
      951, 954, 1036, -1,
      1036, 954, 959, -1,
      942, 947, 1036, -1,
      1036, 947, 951, -1,
      935, 939, 1036, -1,
      1036, 939, 942, -1,
      927, 930, 1036, -1,
      1036, 930, 935, -1,
      918, 923, 1036, -1,
      1036, 923, 927, -1,
      911, 915, 1036, -1,
      1036, 915, 918, -1,
      1036, 903, 906, -1,
      1036, 906, 911, -1,
      815, 900, 784, -1,
      1036, 784, 900, -1,
      852, 849, 784, -1,
      784, 816, 815, -1,
      828, 825, 784, -1,
      784, 825, 820, -1,
      837, 832, 784, -1,
      784, 832, 828, -1,
      844, 840, 784, -1,
      784, 840, 837, -1,
      784, 849, 844, -1,
      784, 1010, 1008, -1,
      852, 784, 1008, -1,
      779, 1012, 784, -1,
      1010, 784, 1012, -1,
      1016, 1014, 779, -1,
      779, 1014, 1012, -1,
      1020, 1018, 779, -1,
      779, 1018, 1016, -1,
      1024, 1022, 779, -1,
      779, 1022, 1020, -1,
      784, 1037, 780, -1,
      784, 1036, 1037, -1,
      780, 1038, 783, -1,
      1038, 780, 1037, -1,
      1038, 1039, 1040, -1,
      1041, 1042, 1043, -1,
      1038, 1040, 783, -1,
      783, 1040, 1042, -1,
      1042, 1041, 787, -1,
      783, 1042, 787, -1,
      787, 1029, 785, -1,
      1029, 787, 1041, -1,
      795, 1044, 1045, -1,
      788, 1046, 808, -1,
      1047, 1046, 791, -1,
      795, 809, 1044, -1,
      1048, 805, 1046, -1,
      1046, 805, 1049, -1,
      788, 791, 1046, -1,
      1047, 1048, 1046, -1,
      1050, 1048, 1047, -1,
      1051, 791, 1045, -1,
      1047, 791, 1051, -1,
      1052, 1045, 1044, -1,
      791, 795, 1045, -1,
      809, 795, 793, -1,
      1053, 1054, 1055, -1,
      1056, 1057, 1058, -1,
      1059, 1060, 1061, -1,
      1062, 1063, 1064, -1,
      1065, 1066, 1067, -1,
      1068, 1069, 1070, -1,
      1071, 1072, 1073, -1,
      1074, 1075, 1076, -1,
      1077, 1078, 1079, -1,
      1080, 1081, 1082, -1,
      1083, 1084, 1085, -1,
      1086, 1087, 1088, -1,
      1089, 1090, 1091, -1,
      1092, 1093, 1094, -1,
      1095, 1096, 1097, -1,
      1098, 1099, 1100, -1,
      1101, 1102, 1103, -1,
      1104, 1105, 1106, -1,
      1107, 1108, 1109, -1,
      1110, 1111, 1112, -1,
      1113, 1114, 1115, -1,
      1116, 1117, 1118, -1,
      1119, 1120, 1121, -1,
      1121, 1122, 1119, -1,
      1123, 1124, 1120, -1,
      1121, 1120, 1124, -1,
      1125, 1123, 1126, -1,
      1123, 1125, 1124, -1,
      1126, 1127, 1128, -1,
      1128, 1125, 1126, -1,
      1129, 1130, 1127, -1,
      1128, 1127, 1130, -1,
      1131, 1129, 1132, -1,
      1129, 1131, 1130, -1,
      1132, 1133, 1134, -1,
      1134, 1131, 1132, -1,
      1135, 1136, 1133, -1,
      1134, 1133, 1136, -1,
      1137, 1135, 1138, -1,
      1135, 1137, 1136, -1,
      1138, 1139, 1140, -1,
      1140, 1137, 1138, -1,
      1141, 1142, 1139, -1,
      1140, 1139, 1142, -1,
      1141, 1143, 1142, -1,
      1122, 1115, 1114, -1,
      1114, 1119, 1122, -1,
      1113, 1115, 1118, -1,
      1117, 1116, 1107, -1,
      1113, 1118, 1117, -1,
      1108, 1111, 1109, -1,
      1116, 1108, 1107, -1,
      1112, 1103, 1110, -1,
      1111, 1110, 1109, -1,
      1104, 1102, 1101, -1,
      1101, 1103, 1112, -1,
      1096, 1106, 1105, -1,
      1106, 1102, 1104, -1,
      1095, 1097, 1100, -1,
      1096, 1105, 1097, -1,
      1099, 1098, 1089, -1,
      1095, 1100, 1099, -1,
      1090, 1093, 1091, -1,
      1098, 1090, 1089, -1,
      1094, 1085, 1092, -1,
      1093, 1092, 1091, -1,
      1086, 1084, 1083, -1,
      1083, 1085, 1094, -1,
      1078, 1088, 1087, -1,
      1088, 1084, 1086, -1,
      1077, 1079, 1082, -1,
      1078, 1087, 1079, -1,
      1081, 1080, 1071, -1,
      1077, 1082, 1081, -1,
      1072, 1075, 1073, -1,
      1080, 1072, 1071, -1,
      1076, 1067, 1074, -1,
      1075, 1074, 1073, -1,
      1068, 1066, 1065, -1,
      1065, 1067, 1076, -1,
      1060, 1070, 1069, -1,
      1070, 1066, 1068, -1,
      1059, 1061, 1062, -1,
      1060, 1069, 1061, -1,
      1064, 1063, 1055, -1,
      1059, 1062, 1064, -1,
      1053, 1058, 1054, -1,
      1063, 1053, 1055, -1,
      1056, 1144, 1057, -1,
      1058, 1057, 1054, -1,
      1145, 1146, 1080, -1,
      1116, 1147, 1148, -1,
      1108, 1116, 1149, -1,
      1147, 1118, 1150, -1,
      1151, 1108, 1149, -1,
      1115, 1152, 1150, -1,
      1151, 1153, 1111, -1,
      1154, 1152, 1122, -1,
      1112, 1153, 1155, -1,
      1121, 1156, 1154, -1,
      1101, 1155, 1157, -1,
      1124, 1125, 1158, -1,
      1104, 1157, 1159, -1,
      1160, 1161, 1128, -1,
      1162, 1105, 1159, -1,
      1163, 1130, 1164, -1,
      1165, 1097, 1162, -1,
      1134, 1166, 1131, -1,
      1167, 1100, 1097, -1,
      1134, 1136, 1168, -1,
      1169, 1098, 1100, -1,
      1170, 1171, 1137, -1,
      1172, 1098, 1169, -1,
      1140, 1142, 1173, -1,
      1172, 1174, 1090, -1,
      1175, 1176, 1094, -1,
      1093, 1174, 1175, -1,
      1079, 1087, 1177, -1,
      1178, 1179, 1180, -1,
      1158, 1156, 1124, -1,
      1181, 1182, 1183, -1,
      1184, 1185, 1186, -1,
      1187, 1188, 1076, -1,
      1189, 1190, 1191, -1,
      1069, 1068, 1192, -1,
      1193, 1194, 1195, -1,
      1196, 1197, 1062, -1,
      1198, 1058, 1199, -1,
      1200, 1201, 1202, -1,
      1203, 1204, 1205, -1,
      1206, 1207, 1208, -1,
      1209, 1210, 1211, -1,
      1212, 1213, 1214, -1,
      1215, 1216, 1217, -1,
      1218, 1219, 1220, -1,
      1221, 1222, 1223, -1,
      1224, 1225, 1226, -1,
      1227, 1228, 1229, -1,
      1230, 1231, 1232, -1,
      1233, 1234, 1235, -1,
      1233, 1236, 1237, -1,
      1232, 1237, 1236, -1,
      1238, 1225, 1239, -1,
      1230, 1240, 1239, -1,
      1241, 1242, 1228, -1,
      1234, 1242, 1243, -1,
      1244, 1245, 1219, -1,
      1244, 1224, 1246, -1,
      1247, 1222, 1248, -1,
      1249, 1229, 1248, -1,
      1250, 1213, 1251, -1,
      1220, 1250, 1218, -1,
      1252, 1253, 1217, -1,
      1252, 1221, 1253, -1,
      1254, 1212, 1255, -1,
      1256, 1215, 1257, -1,
      1254, 1258, 1208, -1,
      1259, 1207, 1260, -1,
      1257, 1209, 1261, -1,
      1262, 1263, 1210, -1,
      1202, 1259, 1264, -1,
      1200, 1056, 1201, -1,
      1203, 1262, 1265, -1,
      1205, 1204, 1266, -1,
      1267, 1056, 1198, -1,
      1053, 1268, 1199, -1,
      1269, 1266, 1194, -1,
      1195, 1270, 1271, -1,
      1063, 1197, 1268, -1,
      1061, 1272, 1196, -1,
      1191, 1273, 1270, -1,
      1274, 1189, 1275, -1,
      1192, 1272, 1069, -1,
      1276, 1277, 1068, -1,
      1275, 1278, 1186, -1,
      1184, 1279, 1185, -1,
      1188, 1276, 1065, -1,
      1280, 1187, 1075, -1,
      1279, 1281, 1282, -1,
      1283, 1284, 1182, -1,
      1280, 1072, 1146, -1,
      1082, 1285, 1145, -1,
      1183, 1182, 1284, -1,
      1183, 1179, 1181, -1,
      1285, 1079, 1177, -1,
      1286, 1087, 1287, -1,
      1178, 1181, 1179, -1,
      1176, 1288, 1083, -1,
      1086, 1288, 1287, -1,
      1143, 1289, 1290, -1,
      1180, 1143, 1178, -1,
      1143, 1180, 1289, -1,
      1281, 1283, 1282, -1,
      1284, 1283, 1281, -1,
      1279, 1282, 1185, -1,
      1184, 1186, 1278, -1,
      1275, 1186, 1274, -1,
      1189, 1274, 1190, -1,
      1191, 1190, 1273, -1,
      1270, 1273, 1271, -1,
      1195, 1271, 1193, -1,
      1194, 1193, 1269, -1,
      1266, 1269, 1205, -1,
      1204, 1203, 1265, -1,
      1262, 1203, 1263, -1,
      1210, 1263, 1211, -1,
      1209, 1211, 1261, -1,
      1257, 1261, 1256, -1,
      1215, 1256, 1216, -1,
      1217, 1216, 1252, -1,
      1253, 1221, 1223, -1,
      1223, 1222, 1247, -1,
      1248, 1222, 1249, -1,
      1229, 1249, 1227, -1,
      1228, 1227, 1241, -1,
      1242, 1241, 1243, -1,
      1234, 1243, 1235, -1,
      1233, 1235, 1236, -1,
      1237, 1232, 1231, -1,
      1230, 1232, 1240, -1,
      1239, 1240, 1238, -1,
      1225, 1238, 1226, -1,
      1224, 1226, 1246, -1,
      1244, 1246, 1245, -1,
      1219, 1245, 1220, -1,
      1218, 1250, 1251, -1,
      1213, 1250, 1214, -1,
      1212, 1214, 1255, -1,
      1254, 1255, 1258, -1,
      1208, 1258, 1206, -1,
      1207, 1206, 1260, -1,
      1259, 1260, 1264, -1,
      1202, 1264, 1200, -1,
      1201, 1056, 1267, -1,
      1198, 1056, 1058, -1,
      1199, 1058, 1053, -1,
      1268, 1053, 1063, -1,
      1197, 1063, 1062, -1,
      1196, 1062, 1061, -1,
      1272, 1061, 1069, -1,
      1192, 1068, 1277, -1,
      1276, 1068, 1065, -1,
      1188, 1065, 1076, -1,
      1187, 1076, 1075, -1,
      1280, 1075, 1072, -1,
      1146, 1072, 1080, -1,
      1145, 1080, 1082, -1,
      1285, 1082, 1079, -1,
      1177, 1087, 1286, -1,
      1287, 1087, 1086, -1,
      1288, 1086, 1083, -1,
      1176, 1083, 1094, -1,
      1175, 1094, 1093, -1,
      1174, 1093, 1090, -1,
      1172, 1090, 1098, -1,
      1169, 1100, 1167, -1,
      1167, 1097, 1165, -1,
      1162, 1097, 1105, -1,
      1159, 1105, 1104, -1,
      1157, 1104, 1101, -1,
      1155, 1101, 1112, -1,
      1153, 1112, 1111, -1,
      1151, 1111, 1108, -1,
      1149, 1116, 1148, -1,
      1147, 1116, 1118, -1,
      1150, 1118, 1115, -1,
      1152, 1115, 1122, -1,
      1154, 1122, 1121, -1,
      1156, 1121, 1124, -1,
      1158, 1125, 1161, -1,
      1163, 1160, 1128, -1,
      1161, 1125, 1128, -1,
      1131, 1164, 1130, -1,
      1130, 1163, 1128, -1,
      1134, 1168, 1166, -1,
      1131, 1166, 1164, -1,
      1136, 1171, 1168, -1,
      1137, 1140, 1170, -1,
      1136, 1137, 1171, -1,
      1173, 1142, 1290, -1,
      1170, 1140, 1173, -1,
      1143, 1290, 1142, -1,
      1291, 1292, 1293, -1,
      1294, 1295, 1296, -1,
      1297, 1298, 1299, -1,
      1300, 1301, 1302, -1,
      1303, 1304, 1305, -1,
      1306, 1307, 1308, -1,
      1309, 1310, 1311, -1,
      1312, 1313, 1314, -1,
      1315, 1316, 1317, -1,
      1318, 1319, 1320, -1,
      1321, 1322, 1323, -1,
      1324, 1325, 1326, -1,
      1327, 1328, 1329, -1,
      763, 1330, 1331, -1,
      1332, 1333, 1334, -1,
      1335, 1336, 1337, -1,
      1338, 1339, 1340, -1,
      1341, 1342, 1343, -1,
      1344, 1345, 1346, -1,
      1347, 1348, 1349, -1,
      1350, 1351, 764, -1,
      1352, 1353, 1354, -1,
      1355, 1356, 1357, -1,
      1358, 1359, 1360, -1,
      1361, 1362, 1363, -1,
      1364, 1365, 1366, -1,
      1367, 1368, 1369, -1,
      1361, 1369, 1368, -1,
      1367, 1370, 1371, -1,
      1371, 1368, 1367, -1,
      1372, 1370, 1373, -1,
      1370, 1372, 1371, -1,
      1374, 1375, 1373, -1,
      1372, 1373, 1375, -1,
      1374, 1376, 1377, -1,
      1377, 1375, 1374, -1,
      1378, 1376, 1379, -1,
      1376, 1378, 1377, -1,
      1380, 1381, 1379, -1,
      1378, 1379, 1381, -1,
      1380, 1382, 1383, -1,
      1383, 1381, 1380, -1,
      1384, 1382, 1385, -1,
      1382, 1384, 1383, -1,
      1386, 1387, 1385, -1,
      1384, 1385, 1387, -1,
      1386, 1388, 1389, -1,
      1389, 1387, 1386, -1,
      1390, 1388, 1391, -1,
      1388, 1390, 1389, -1,
      1361, 1363, 1369, -1,
      1390, 1391, 1392, -1,
      1354, 1344, 1352, -1,
      1363, 1362, 1366, -1,
      1366, 1362, 1364, -1,
      1355, 1365, 1356, -1,
      1365, 1364, 1356, -1,
      1357, 1359, 1358, -1,
      1358, 1355, 1357, -1,
      764, 1360, 1359, -1,
      1354, 1353, 1350, -1,
      1353, 1351, 1350, -1,
      764, 1351, 1360, -1,
      1328, 1331, 1329, -1,
      1352, 1344, 1346, -1,
      1347, 1349, 1345, -1,
      1346, 1345, 1349, -1,
      1340, 1342, 1341, -1,
      1348, 1347, 1339, -1,
      1338, 1340, 1341, -1,
      1338, 1348, 1339, -1,
      1343, 1342, 1334, -1,
      1334, 1333, 1343, -1,
      1336, 1332, 1337, -1,
      1332, 1336, 1333, -1,
      1337, 1327, 1335, -1,
      1335, 1327, 1329, -1,
      763, 1331, 1328, -1,
      1330, 763, 1322, -1,
      1321, 1323, 1324, -1,
      1321, 1330, 1322, -1,
      1326, 1325, 1317, -1,
      1324, 1323, 1325, -1,
      1319, 1316, 1315, -1,
      1317, 1316, 1326, -1,
      1393, 1294, 1296, -1,
      1320, 1309, 1318, -1,
      1315, 1320, 1319, -1,
      1318, 1309, 1311, -1,
      1312, 1314, 1310, -1,
      1311, 1310, 1314, -1,
      1313, 1312, 1304, -1,
      1303, 1305, 1306, -1,
      1303, 1313, 1304, -1,
      1299, 1308, 1307, -1,
      1307, 1306, 1305, -1,
      1299, 1298, 1308, -1,
      1300, 1297, 1301, -1,
      1297, 1300, 1298, -1,
      1301, 1292, 1302, -1,
      1293, 1296, 1295, -1,
      1293, 1295, 1291, -1,
      1302, 1292, 1291, -1,
      1381, 1383, 761, -1,
      761, 764, 1359, -1,
      1394, 798, 1395, -1,
      761, 1357, 1356, -1,
      1359, 1357, 761, -1,
      761, 1364, 1362, -1,
      1356, 1364, 761, -1,
      761, 1361, 1368, -1,
      1362, 1361, 761, -1,
      761, 1371, 1372, -1,
      1368, 1371, 761, -1,
      761, 1375, 1377, -1,
      1372, 1375, 761, -1,
      1378, 1381, 761, -1,
      1377, 1378, 761, -1,
      1384, 1387, 761, -1,
      1384, 761, 1383, -1,
      1392, 761, 1390, -1,
      1389, 761, 1387, -1,
      1389, 1390, 761, -1,
      798, 761, 1392, -1,
      798, 1396, 1397, -1,
      1392, 1396, 798, -1,
      798, 1398, 1399, -1,
      1397, 1398, 798, -1,
      798, 1400, 1401, -1,
      1399, 1400, 798, -1,
      1402, 1403, 798, -1,
      1401, 1402, 798, -1,
      1404, 1405, 798, -1,
      1404, 798, 1394, -1,
      1406, 1407, 798, -1,
      1406, 798, 1405, -1,
      1408, 1409, 798, -1,
      1408, 798, 1407, -1,
      1410, 1411, 798, -1,
      1410, 798, 1409, -1,
      1412, 798, 1411, -1,
      1403, 1395, 798, -1,
      1342, 1347, 1334, -1,
      1327, 1337, 1354, -1,
      764, 1328, 1350, -1,
      1340, 1339, 1342, -1,
      1345, 1344, 1332, -1,
      1347, 1345, 1334, -1,
      1339, 1347, 1342, -1,
      1345, 1332, 1334, -1,
      1344, 1354, 1337, -1,
      1344, 1337, 1332, -1,
      1350, 1328, 1327, -1,
      1350, 1327, 1354, -1,
      1328, 764, 763, -1,
      1413, 294, 1414, -1,
      294, 1415, 1393, -1,
      1416, 294, 1417, -1,
      294, 1413, 1417, -1,
      1418, 294, 1419, -1,
      294, 1416, 1419, -1,
      1420, 294, 1421, -1,
      294, 1418, 1421, -1,
      1422, 294, 1423, -1,
      294, 1420, 1423, -1,
      1424, 294, 1425, -1,
      294, 1422, 1425, -1,
      1426, 294, 1427, -1,
      294, 1424, 1427, -1,
      1428, 294, 1429, -1,
      294, 1426, 1429, -1,
      1430, 294, 1431, -1,
      294, 1428, 1431, -1,
      294, 1430, 1415, -1,
      300, 294, 1393, -1,
      1293, 300, 1296, -1,
      300, 1393, 1296, -1,
      1301, 300, 1292, -1,
      300, 1293, 1292, -1,
      1299, 300, 1297, -1,
      300, 1301, 1297, -1,
      1305, 300, 1307, -1,
      300, 1299, 1307, -1,
      1312, 300, 1304, -1,
      300, 1305, 1304, -1,
      1309, 300, 1310, -1,
      300, 1312, 1310, -1,
      1315, 300, 1320, -1,
      300, 1309, 1320, -1,
      1325, 300, 1317, -1,
      300, 1315, 1317, -1,
      1322, 300, 1323, -1,
      300, 1325, 1323, -1,
      763, 300, 1322, -1,
      1432, 1433, 1434, -1,
      778, 1432, 777, -1,
      1433, 1435, 1436, -1,
      1437, 1433, 1436, -1,
      1438, 1436, 1435, -1,
      1435, 1432, 778, -1,
      1433, 1432, 1435, -1,
      1438, 1435, 1439, -1,
      776, 1435, 778, -1,
      1435, 776, 1440, -1,
      1441, 1442, 1443, -1,
      1440, 1444, 1445, -1,
      1441, 1443, 775, -1,
      775, 1443, 1444, -1,
      1444, 776, 775, -1,
      1444, 1440, 776, -1,
      775, 1446, 1441, -1,
      775, 757, 1446, -1,
      756, 1446, 757, -1,
      756, 1447, 1446, -1,
      1448, 1449, 1450, -1,
      1448, 1451, 1452, -1,
      1448, 1452, 1453, -1,
      1447, 1454, 1455, -1,
      1451, 1448, 1450, -1,
      1456, 1449, 1447, -1,
      1448, 1447, 1449, -1,
      1457, 1458, 1447, -1,
      1447, 1458, 1456, -1,
      1459, 1460, 1447, -1,
      1447, 1460, 1457, -1,
      1461, 1462, 1447, -1,
      1447, 1462, 1459, -1,
      1463, 1464, 1447, -1,
      1447, 1464, 1461, -1,
      1465, 1466, 1447, -1,
      1447, 1466, 1463, -1,
      1467, 1468, 1447, -1,
      1447, 1468, 1465, -1,
      1469, 1470, 1447, -1,
      1447, 1470, 1467, -1,
      1447, 1455, 1469, -1,
      756, 1454, 1447, -1,
      1471, 1472, 756, -1,
      756, 1472, 1454, -1,
      1473, 1474, 756, -1,
      756, 1474, 1471, -1,
      1475, 1476, 756, -1,
      1477, 1478, 756, -1,
      756, 1478, 1473, -1,
      1479, 1480, 756, -1,
      756, 1480, 1477, -1,
      1481, 1482, 756, -1,
      756, 1482, 1479, -1,
      756, 1476, 1483, -1,
      756, 1483, 1481, -1,
      756, 1484, 1485, -1,
      1475, 756, 1485, -1,
      1486, 1484, 758, -1,
      756, 758, 1484, -1,
      1487, 1488, 758, -1,
      758, 1488, 1486, -1,
      1489, 1490, 758, -1,
      758, 1490, 1487, -1,
      1491, 1489, 758, -1,
      760, 1491, 758, -1,
      1491, 760, 1492, -1,
      1493, 1494, 1495, -1,
      1493, 1495, 1496, -1,
      1497, 777, 1498, -1,
      1499, 1500, 777, -1,
      1501, 1502, 777, -1,
      1495, 1503, 1504, -1,
      1494, 1503, 1495, -1,
      1505, 1432, 1504, -1,
      1495, 1504, 1432, -1,
      1506, 1432, 1507, -1,
      1432, 1505, 1507, -1,
      1508, 1509, 1432, -1,
      1510, 1432, 1511, -1,
      1432, 1506, 1511, -1,
      1512, 1432, 1513, -1,
      1432, 1510, 1513, -1,
      1514, 1432, 1515, -1,
      1432, 1512, 1515, -1,
      1516, 1432, 1517, -1,
      1432, 1514, 1517, -1,
      1518, 1432, 1519, -1,
      1432, 1516, 1519, -1,
      1520, 1432, 1521, -1,
      1432, 1518, 1521, -1,
      1432, 1520, 1508, -1,
      1432, 1509, 777, -1,
      777, 1509, 1501, -1,
      1522, 777, 1523, -1,
      777, 1502, 1523, -1,
      1524, 777, 1525, -1,
      777, 1522, 1525, -1,
      1499, 777, 1526, -1,
      777, 1524, 1526, -1,
      777, 1500, 1498, -1,
      777, 1527, 1528, -1,
      1497, 1527, 777, -1,
      777, 1529, 1530, -1,
      1528, 1529, 777, -1,
      1531, 1532, 760, -1,
      1531, 760, 1530, -1,
      1533, 1534, 760, -1,
      1533, 760, 1532, -1,
      1535, 1492, 760, -1,
      1535, 760, 1534, -1,
      1530, 760, 777, -1,
      1536, 1537, 1538, -1,
      773, 1536, 774, -1,
      1537, 1539, 1540, -1,
      1541, 1537, 1540, -1,
      1542, 1540, 1539, -1,
      1539, 1536, 773, -1,
      1537, 1536, 1539, -1,
      1542, 1539, 1543, -1,
      782, 1539, 773, -1,
      1539, 782, 1544, -1,
      1545, 1546, 1547, -1,
      1544, 1548, 1549, -1,
      1545, 1547, 772, -1,
      772, 1547, 1548, -1,
      1548, 782, 772, -1,
      1548, 1544, 782, -1,
      772, 1550, 1545, -1,
      772, 770, 1550, -1,
      781, 1550, 770, -1,
      781, 1551, 1550, -1,
      1552, 1553, 1554, -1,
      1552, 1555, 1556, -1,
      1552, 1556, 1557, -1,
      1551, 1558, 1559, -1,
      1555, 1552, 1554, -1,
      1560, 1553, 1551, -1,
      1552, 1551, 1553, -1,
      1561, 1562, 1551, -1,
      1551, 1562, 1560, -1,
      1563, 1564, 1551, -1,
      1551, 1564, 1561, -1,
      1565, 1566, 1551, -1,
      1551, 1566, 1563, -1,
      1567, 1568, 1551, -1,
      1551, 1568, 1565, -1,
      1569, 1570, 1551, -1,
      1551, 1570, 1567, -1,
      1571, 1572, 1551, -1,
      1551, 1572, 1569, -1,
      1573, 1574, 1551, -1,
      1551, 1574, 1571, -1,
      1551, 1559, 1573, -1,
      781, 1558, 1551, -1,
      1575, 1576, 781, -1,
      781, 1576, 1558, -1,
      1577, 1578, 781, -1,
      781, 1578, 1575, -1,
      1579, 1580, 781, -1,
      1581, 1582, 781, -1,
      781, 1582, 1577, -1,
      1583, 1584, 781, -1,
      781, 1584, 1581, -1,
      1585, 1586, 781, -1,
      781, 1586, 1583, -1,
      781, 1580, 1587, -1,
      781, 1587, 1585, -1,
      781, 1588, 1589, -1,
      1579, 781, 1589, -1,
      1590, 1588, 765, -1,
      781, 765, 1588, -1,
      1591, 1592, 765, -1,
      765, 1592, 1590, -1,
      1593, 1594, 765, -1,
      765, 1594, 1591, -1,
      1595, 1593, 765, -1,
      771, 1595, 765, -1,
      1595, 771, 1596, -1,
      1597, 1598, 1599, -1,
      1597, 1599, 1600, -1,
      1601, 774, 1602, -1,
      1603, 1604, 774, -1,
      1605, 1606, 774, -1,
      1599, 1607, 1608, -1,
      1598, 1607, 1599, -1,
      1609, 1536, 1608, -1,
      1599, 1608, 1536, -1,
      1610, 1536, 1611, -1,
      1536, 1609, 1611, -1,
      1612, 1613, 1536, -1,
      1614, 1536, 1615, -1,
      1536, 1610, 1615, -1,
      1616, 1536, 1617, -1,
      1536, 1614, 1617, -1,
      1618, 1536, 1619, -1,
      1536, 1616, 1619, -1,
      1620, 1536, 1621, -1,
      1536, 1618, 1621, -1,
      1622, 1536, 1623, -1,
      1536, 1620, 1623, -1,
      1624, 1536, 1625, -1,
      1536, 1622, 1625, -1,
      1536, 1624, 1612, -1,
      1536, 1613, 774, -1,
      774, 1613, 1605, -1,
      1626, 774, 1627, -1,
      774, 1606, 1627, -1,
      1628, 774, 1629, -1,
      774, 1626, 1629, -1,
      1603, 774, 1630, -1,
      774, 1628, 1630, -1,
      774, 1604, 1602, -1,
      774, 1631, 1632, -1,
      1601, 1631, 774, -1,
      774, 1633, 1634, -1,
      1632, 1633, 774, -1,
      1635, 1636, 771, -1,
      1635, 771, 1634, -1,
      1637, 1638, 771, -1,
      1637, 771, 1636, -1,
      1639, 1596, 771, -1,
      1639, 771, 1638, -1,
      1634, 771, 774, -1,
      848, 1640, 845, -1,
      1641, 881, 1642, -1,
      1002, 1643, 1003, -1,
      1644, 1645, 875, -1,
      999, 1646, 1647, -1,
      1648, 1019, 1649, -1,
      1650, 1651, 993, -1,
      1652, 1653, 1013, -1,
      1654, 990, 987, -1,
      1655, 1007, 1656, -1,
      1657, 984, 1658, -1,
      967, 1659, 1660, -1,
      1025, 1661, 1662, -1,
      955, 1663, 1664, -1,
      1665, 1666, 836, -1,
      1667, 943, 1668, -1,
      1669, 824, 1670, -1,
      1671, 1672, 931, -1,
      1673, 1674, 901, -1,
      1675, 1676, 922, -1,
      1677, 1678, 910, -1,
      1679, 914, 1678, -1,
      1679, 1675, 919, -1,
      922, 1676, 926, -1,
      1680, 1677, 907, -1,
      1681, 931, 926, -1,
      1672, 1682, 934, -1,
      1680, 902, 1674, -1,
      1673, 817, 1683, -1,
      1668, 938, 1682, -1,
      1667, 1684, 946, -1,
      1683, 821, 1669, -1,
      829, 1685, 1670, -1,
      950, 1684, 1663, -1,
      1666, 1685, 833, -1,
      1686, 1659, 962, -1,
      1664, 1686, 958, -1,
      1687, 841, 845, -1,
      841, 1688, 1665, -1,
      974, 1689, 1661, -1,
      1660, 1689, 970, -1,
      853, 1007, 1655, -1,
      853, 1690, 848, -1,
      1658, 980, 1691, -1,
      982, 1662, 1691, -1,
      1653, 1692, 1011, -1,
      1656, 1009, 1692, -1,
      985, 984, 1657, -1,
      1652, 1015, 1693, -1,
      1694, 987, 985, -1,
      991, 990, 1695, -1,
      1017, 1648, 1693, -1,
      1696, 1649, 1021, -1,
      1697, 1650, 991, -1,
      1698, 996, 1651, -1,
      1696, 1023, 1645, -1,
      1699, 1644, 876, -1,
      997, 1698, 1646, -1,
      1002, 999, 1647, -1,
      879, 1641, 1699, -1,
      1642, 882, 1700, -1,
      1647, 1643, 1002, -1,
      1701, 1003, 1643, -1,
      1702, 1700, 885, -1,
      1703, 1006, 1701, -1,
      888, 1704, 887, -1,
      1705, 888, 891, -1,
      1706, 1707, 893, -1,
      1707, 891, 893, -1,
      1708, 1706, 894, -1,
      1003, 1701, 1006, -1,
      1702, 887, 1709, -1,
      1708, 897, 1710, -1,
      997, 1646, 999, -1,
      996, 1698, 997, -1,
      993, 1651, 996, -1,
      991, 1650, 993, -1,
      991, 1695, 1697, -1,
      990, 1654, 1695, -1,
      987, 1694, 1654, -1,
      985, 1657, 1694, -1,
      980, 1658, 984, -1,
      982, 1691, 980, -1,
      1025, 1662, 982, -1,
      974, 1661, 1025, -1,
      970, 1689, 974, -1,
      967, 1660, 970, -1,
      962, 1659, 967, -1,
      958, 1686, 962, -1,
      955, 1664, 958, -1,
      950, 1663, 955, -1,
      946, 1684, 950, -1,
      943, 1667, 946, -1,
      938, 1668, 943, -1,
      934, 1682, 938, -1,
      931, 1672, 934, -1,
      931, 1681, 1671, -1,
      926, 1676, 1681, -1,
      919, 1675, 922, -1,
      914, 1679, 919, -1,
      910, 1678, 914, -1,
      907, 1677, 910, -1,
      902, 1680, 907, -1,
      901, 1674, 902, -1,
      817, 1673, 901, -1,
      821, 1683, 817, -1,
      824, 1669, 821, -1,
      829, 1670, 824, -1,
      833, 1685, 829, -1,
      836, 1666, 833, -1,
      841, 1665, 836, -1,
      841, 1687, 1688, -1,
      845, 1640, 1687, -1,
      848, 1690, 1640, -1,
      853, 1655, 1690, -1,
      1009, 1656, 1007, -1,
      1011, 1692, 1009, -1,
      1013, 1653, 1011, -1,
      1015, 1652, 1013, -1,
      1017, 1693, 1015, -1,
      1019, 1648, 1017, -1,
      1021, 1649, 1019, -1,
      1023, 1696, 1021, -1,
      875, 1645, 1023, -1,
      876, 1644, 875, -1,
      879, 1699, 876, -1,
      881, 1641, 879, -1,
      882, 1642, 881, -1,
      885, 1700, 882, -1,
      887, 1702, 885, -1,
      887, 1704, 1709, -1,
      888, 1705, 1704, -1,
      891, 1707, 1705, -1,
      894, 1706, 893, -1,
      897, 1708, 894, -1,
      1710, 899, 1711, -1,
      899, 1710, 897, -1,
      899, 802, 1711, -1,
      1711, 802, 801, -1,
      1127, 804, 1129, -1,
      1127, 1711, 801, -1,
      804, 1712, 1129, -1,
      1706, 1708, 1120, -1,
      1710, 1126, 1123, -1,
      1113, 1117, 1704, -1,
      1119, 1114, 1707, -1,
      1700, 1109, 1110, -1,
      1702, 1709, 1107, -1,
      1106, 1096, 1699, -1,
      1102, 1642, 1103, -1,
      1489, 1491, 1596, -1,
      1644, 1096, 1095, -1,
      1596, 1491, 1645, -1,
      1645, 1644, 1095, -1,
      1535, 1649, 1696, -1,
      1645, 1492, 1696, -1,
      1533, 1532, 1693, -1,
      1648, 1534, 1533, -1,
      1653, 1530, 1692, -1,
      1652, 1532, 1531, -1,
      1656, 1528, 1655, -1,
      1656, 1692, 1529, -1,
      1640, 1497, 1498, -1,
      1497, 1690, 1527, -1,
      1688, 1500, 1499, -1,
      1500, 1687, 1498, -1,
      1685, 1666, 1524, -1,
      1526, 1666, 1665, -1,
      1669, 1670, 1522, -1,
      1525, 1670, 1685, -1,
      1669, 1523, 1683, -1,
      1523, 1669, 1522, -1,
      1502, 1673, 1683, -1,
      1683, 1523, 1502, -1,
      1674, 1673, 1501, -1,
      1502, 1501, 1673, -1,
      1509, 1674, 1501, -1,
      1670, 1525, 1522, -1,
      1478, 1629, 1473, -1,
      1632, 1475, 1633, -1,
      1525, 1685, 1524, -1,
      1524, 1666, 1526, -1,
      1526, 1665, 1499, -1,
      1635, 1484, 1486, -1,
      1688, 1687, 1500, -1,
      1665, 1688, 1499, -1,
      1687, 1640, 1498, -1,
      1640, 1690, 1497, -1,
      1690, 1655, 1527, -1,
      1656, 1529, 1528, -1,
      1655, 1528, 1527, -1,
      1692, 1530, 1529, -1,
      1653, 1531, 1530, -1,
      1693, 1532, 1652, -1,
      1652, 1531, 1653, -1,
      1648, 1533, 1693, -1,
      1649, 1534, 1648, -1,
      1492, 1535, 1696, -1,
      1535, 1534, 1649, -1,
      1491, 1492, 1645, -1,
      1645, 1095, 1595, -1,
      1645, 1595, 1596, -1,
      1595, 1095, 1099, -1,
      1486, 1488, 1636, -1,
      1633, 1485, 1634, -1,
      1481, 1483, 1601, -1,
      1631, 1483, 1476, -1,
      1603, 1479, 1604, -1,
      1602, 1604, 1482, -1,
      1628, 1478, 1477, -1,
      1480, 1630, 1477, -1,
      1628, 1629, 1478, -1,
      1474, 1473, 1626, -1,
      1626, 1473, 1629, -1,
      1474, 1627, 1471, -1,
      1627, 1474, 1626, -1,
      1606, 1472, 1471, -1,
      1471, 1627, 1606, -1,
      1454, 1472, 1605, -1,
      1606, 1605, 1472, -1,
      1613, 1454, 1605, -1,
      1628, 1477, 1630, -1,
      1583, 1067, 1066, -1,
      1480, 1603, 1630, -1,
      1482, 1604, 1479, -1,
      1479, 1603, 1480, -1,
      1481, 1602, 1482, -1,
      1631, 1601, 1483, -1,
      1601, 1602, 1481, -1,
      1632, 1631, 1476, -1,
      1633, 1475, 1485, -1,
      1632, 1476, 1475, -1,
      1634, 1485, 1484, -1,
      1635, 1486, 1636, -1,
      1634, 1484, 1635, -1,
      1636, 1488, 1637, -1,
      1638, 1637, 1487, -1,
      1488, 1487, 1637, -1,
      1638, 1490, 1639, -1,
      1490, 1638, 1487, -1,
      1489, 1596, 1639, -1,
      1639, 1490, 1489, -1,
      1099, 1593, 1595, -1,
      1096, 1644, 1699, -1,
      1699, 1641, 1106, -1,
      1585, 1074, 1586, -1,
      1585, 1587, 1073, -1,
      1067, 1583, 1586, -1,
      1586, 1074, 1067, -1,
      1070, 1584, 1066, -1,
      1066, 1584, 1583, -1,
      1581, 1070, 1060, -1,
      1070, 1581, 1584, -1,
      1060, 1059, 1582, -1,
      1582, 1581, 1060, -1,
      1064, 1577, 1059, -1,
      1582, 1059, 1577, -1,
      1578, 1064, 1055, -1,
      1064, 1578, 1577, -1,
      1055, 1054, 1575, -1,
      1575, 1578, 1055, -1,
      1057, 1576, 1054, -1,
      1575, 1054, 1576, -1,
      1558, 1057, 1144, -1,
      1057, 1558, 1576, -1,
      1073, 1074, 1585, -1,
      1587, 1071, 1073, -1,
      1580, 1081, 1071, -1,
      1071, 1587, 1580, -1,
      1077, 1081, 1579, -1,
      1580, 1579, 1081, -1,
      1077, 1589, 1078, -1,
      1589, 1077, 1579, -1,
      1589, 1588, 1088, -1,
      1088, 1078, 1589, -1,
      1590, 1084, 1588, -1,
      1088, 1588, 1084, -1,
      1085, 1590, 1592, -1,
      1590, 1085, 1084, -1,
      1592, 1591, 1092, -1,
      1092, 1085, 1592, -1,
      1594, 1091, 1591, -1,
      1092, 1591, 1091, -1,
      1089, 1594, 1593, -1,
      1594, 1089, 1091, -1,
      1102, 1106, 1641, -1,
      1099, 1089, 1593, -1,
      1110, 1103, 1642, -1,
      1102, 1641, 1642, -1,
      1109, 1700, 1702, -1,
      1110, 1642, 1700, -1,
      1107, 1709, 1117, -1,
      1109, 1702, 1107, -1,
      1704, 1705, 1113, -1,
      1709, 1704, 1117, -1,
      1114, 1705, 1707, -1,
      1705, 1114, 1113, -1,
      1119, 1706, 1120, -1,
      1707, 1706, 1119, -1,
      1708, 1710, 1123, -1,
      1708, 1123, 1120, -1,
      1711, 1127, 1126, -1,
      1711, 1126, 1710, -1,
      1127, 801, 804, -1,
      1132, 1713, 1133, -1,
      1129, 1712, 1132, -1,
      1135, 1714, 1138, -1,
      1135, 1133, 1715, -1,
      1139, 1716, 1141, -1,
      1716, 1139, 1717, -1,
      1717, 1139, 1138, -1,
      1135, 1715, 1714, -1,
      1138, 1714, 1717, -1,
      1133, 1713, 1715, -1,
      1132, 1712, 1713, -1,
      804, 803, 1712, -1,
      1714, 1715, 803, -1,
      803, 1715, 1713, -1,
      1716, 1717, 803, -1,
      803, 1717, 1714, -1,
      1718, 1719, 1716, -1,
      1718, 1716, 803, -1,
      1718, 1720, 1721, -1,
      1719, 1718, 1721, -1,
      1718, 1722, 1723, -1,
      1720, 1718, 1723, -1,
      1722, 1718, 1724, -1,
      1712, 803, 1713, -1,
      808, 1046, 752, -1,
      1046, 750, 752, -1,
      752, 807, 808, -1,
      1725, 1726, 1727, -1,
      1728, 1726, 1039, -1,
      1725, 1039, 1726, -1,
      1726, 1728, 1729, -1,
      1039, 314, 1040, -1,
      1039, 307, 314, -1,
      1039, 1725, 307, -1,
      1036, 1038, 1037, -1,
      1028, 1034, 1026, -1,
      1034, 1028, 1035, -1,
      1028, 1728, 1039, -1,
      1035, 1028, 1036, -1,
      1036, 1028, 1039, -1,
      1036, 1039, 1038, -1,
      1728, 1028, 1027, -1,
      1027, 1729, 1728, -1,
      316, 1042, 1040, -1,
      1040, 314, 316, -1,
      1442, 1730, 1731, -1,
      1730, 1442, 1732, -1,
      1730, 1733, 1731, -1,
      1732, 1734, 1730, -1,
      1442, 303, 1443, -1,
      1442, 301, 303, -1,
      1442, 1731, 301, -1,
      1448, 1495, 1434, -1,
      1442, 1441, 1447, -1,
      1434, 1495, 1432, -1,
      1448, 1434, 1447, -1,
      1434, 1732, 1442, -1,
      1434, 1442, 1447, -1,
      1447, 1441, 1446, -1,
      1732, 1433, 1734, -1,
      1732, 1434, 1433, -1,
      1734, 1433, 1437, -1,
      1437, 1730, 1734, -1,
      1730, 1437, 1436, -1,
      1436, 1733, 1730, -1,
      1546, 1735, 1736, -1,
      1735, 1546, 1737, -1,
      1735, 1738, 1736, -1,
      1737, 1739, 1735, -1,
      1546, 295, 1547, -1,
      1546, 296, 295, -1,
      1546, 1736, 296, -1,
      1552, 1599, 1538, -1,
      1546, 1545, 1551, -1,
      1538, 1599, 1536, -1,
      1552, 1538, 1551, -1,
      1538, 1737, 1546, -1,
      1538, 1546, 1551, -1,
      1551, 1545, 1550, -1,
      1737, 1537, 1739, -1,
      1737, 1538, 1537, -1,
      1739, 1537, 1541, -1,
      1541, 1735, 1739, -1,
      1735, 1541, 1540, -1,
      1540, 1738, 1735, -1,
      315, 317, 1041, -1,
      1041, 1043, 315, -1,
      1029, 1041, 1033, -1,
      1033, 1041, 317, -1,
      316, 1043, 1042, -1,
      1043, 316, 315, -1,
      298, 297, 1544, -1,
      1544, 1549, 298, -1,
      1539, 1544, 1543, -1,
      1543, 1544, 297, -1,
      299, 1549, 1548, -1,
      1549, 299, 298, -1,
      304, 306, 1440, -1,
      1440, 1445, 304, -1,
      1435, 1440, 1439, -1,
      1439, 1440, 306, -1,
      305, 1445, 1444, -1,
      1445, 305, 304, -1,
      306, 1438, 1439, -1,
      1438, 306, 308, -1,
      297, 1542, 1543, -1,
      1542, 297, 302, -1,
      317, 1032, 1033, -1,
      1032, 317, 319, -1,
      1727, 1030, 1725, -1,
      318, 1740, 1032, -1,
      308, 307, 1725, -1,
      1741, 1742, 1743, -1,
      183, 1744, 180, -1,
      308, 1725, 1438, -1,
      1733, 1436, 1731, -1,
      1438, 1725, 1030, -1,
      302, 301, 1731, -1,
      1745, 1414, 1746, -1,
      798, 24, 26, -1,
      1731, 1436, 1542, -1,
      1738, 1540, 1736, -1,
      1731, 1542, 302, -1,
      294, 296, 1736, -1,
      1747, 1414, 1748, -1,
      14, 13, 1412, -1,
      294, 1736, 1414, -1,
      1414, 1736, 1540, -1,
      161, 33, 36, -1,
      1749, 1750, 1438, -1,
      164, 38, 39, -1,
      1751, 1032, 1752, -1,
      1032, 319, 318, -1,
      30, 32, 157, -1,
      1753, 1754, 1542, -1,
      27, 30, 155, -1,
      30, 157, 155, -1,
      27, 154, 26, -1,
      154, 27, 155, -1,
      798, 26, 154, -1,
      148, 147, 1744, -1,
      1744, 171, 173, -1,
      798, 151, 796, -1,
      0, 24, 1412, -1,
      798, 1412, 24, -1,
      4, 1, 1412, -1,
      1412, 1, 0, -1,
      8, 7, 1412, -1,
      1412, 7, 4, -1,
      1412, 13, 10, -1,
      1412, 10, 8, -1,
      1412, 17, 15, -1,
      14, 1412, 15, -1,
      17, 1412, 20, -1,
      1755, 20, 1414, -1,
      1412, 1414, 20, -1,
      1756, 1757, 1414, -1,
      1414, 1747, 1755, -1,
      1414, 1757, 1748, -1,
      1414, 1758, 1759, -1,
      1756, 1414, 1745, -1,
      1746, 1414, 1759, -1,
      1414, 1540, 1760, -1,
      1760, 1758, 1414, -1,
      1540, 1761, 1762, -1,
      1760, 1540, 1762, -1,
      1542, 1754, 1540, -1,
      1761, 1540, 1754, -1,
      1753, 1542, 1763, -1,
      1436, 1764, 1542, -1,
      1763, 1542, 1764, -1,
      167, 39, 41, -1,
      1436, 1765, 1764, -1,
      32, 160, 157, -1,
      160, 32, 33, -1,
      186, 188, 1740, -1,
      1740, 183, 185, -1,
      186, 1740, 185, -1,
      154, 151, 798, -1,
      1740, 1744, 183, -1,
      177, 179, 1744, -1,
      1744, 179, 180, -1,
      173, 174, 1744, -1,
      1744, 174, 177, -1,
      171, 1744, 147, -1,
      151, 148, 1744, -1,
      151, 1744, 796, -1,
      161, 160, 33, -1,
      36, 38, 162, -1,
      162, 161, 36, -1,
      162, 38, 164, -1,
      167, 41, 1743, -1,
      164, 39, 167, -1,
      41, 1741, 1743, -1,
      1436, 1750, 1766, -1,
      1741, 1767, 1742, -1,
      1768, 1767, 1765, -1,
      1767, 1768, 1742, -1,
      1436, 1769, 1768, -1,
      1768, 1765, 1436, -1,
      1769, 1436, 1766, -1,
      1438, 1770, 1771, -1,
      1750, 1436, 1438, -1,
      1749, 1438, 1771, -1,
      1030, 1772, 1770, -1,
      1770, 1438, 1030, -1,
      1030, 1773, 1774, -1,
      1772, 1030, 1774, -1,
      1032, 1775, 1030, -1,
      1773, 1030, 1775, -1,
      1776, 1777, 1032, -1,
      1032, 1777, 1775, -1,
      1751, 1778, 1032, -1,
      1032, 1778, 1776, -1,
      1032, 1740, 1752, -1,
      188, 1779, 1740, -1,
      1740, 1779, 1752, -1,
      1780, 1398, 1397, -1,
      1391, 1781, 1396, -1,
      1400, 1782, 1401, -1,
      1783, 1399, 1784, -1,
      1785, 1395, 1403, -1,
      1786, 1402, 1787, -1,
      1405, 1404, 1788, -1,
      1394, 1789, 1790, -1,
      1407, 1791, 1408, -1,
      1792, 1793, 1406, -1,
      1794, 1411, 1410, -1,
      1795, 1409, 1796, -1,
      1797, 1798, 1799, -1,
      1412, 1800, 1801, -1,
      1802, 1803, 1804, -1,
      1805, 1806, 1807, -1,
      1808, 1809, 1810, -1,
      1811, 1812, 1813, -1,
      1814, 1815, 1816, -1,
      1817, 1818, 1819, -1,
      1820, 1821, 1414, -1,
      1822, 1823, 1824, -1,
      1825, 1416, 1417, -1,
      1826, 1413, 1827, -1,
      1421, 1418, 1828, -1,
      1419, 1829, 1830, -1,
      1831, 1420, 1832, -1,
      1421, 1832, 1420, -1,
      1831, 1833, 1423, -1,
      1423, 1420, 1831, -1,
      1422, 1833, 1834, -1,
      1833, 1422, 1423, -1,
      1835, 1425, 1834, -1,
      1422, 1834, 1425, -1,
      1835, 1836, 1424, -1,
      1424, 1425, 1835, -1,
      1427, 1836, 1837, -1,
      1836, 1427, 1424, -1,
      1838, 1426, 1837, -1,
      1427, 1837, 1426, -1,
      1838, 1839, 1429, -1,
      1429, 1426, 1838, -1,
      1428, 1839, 1840, -1,
      1839, 1428, 1429, -1,
      1841, 1431, 1840, -1,
      1428, 1840, 1431, -1,
      1841, 1842, 1430, -1,
      1430, 1431, 1841, -1,
      1415, 1842, 1294, -1,
      1842, 1415, 1430, -1,
      1421, 1828, 1832, -1,
      1415, 1294, 1393, -1,
      1418, 1830, 1828, -1,
      1829, 1419, 1416, -1,
      1830, 1418, 1419, -1,
      1825, 1829, 1416, -1,
      1417, 1413, 1826, -1,
      1826, 1825, 1417, -1,
      1414, 1827, 1413, -1,
      1414, 1821, 1827, -1,
      1823, 1820, 1824, -1,
      1820, 1823, 1821, -1,
      1824, 1814, 1822, -1,
      1816, 1815, 1819, -1,
      1822, 1814, 1816, -1,
      1818, 1817, 1809, -1,
      1819, 1815, 1817, -1,
      1811, 1808, 1810, -1,
      1808, 1818, 1809, -1,
      1813, 1812, 1804, -1,
      1812, 1811, 1810, -1,
      1802, 1806, 1803, -1,
      1804, 1803, 1813, -1,
      1790, 1404, 1394, -1,
      1797, 1805, 1807, -1,
      1802, 1807, 1806, -1,
      1799, 1798, 1801, -1,
      1805, 1797, 1799, -1,
      1801, 1798, 1412, -1,
      1794, 1800, 1411, -1,
      1800, 1412, 1411, -1,
      1409, 1795, 1410, -1,
      1795, 1794, 1410, -1,
      1408, 1796, 1409, -1,
      1407, 1793, 1791, -1,
      1408, 1791, 1796, -1,
      1406, 1405, 1792, -1,
      1407, 1406, 1793, -1,
      1404, 1790, 1788, -1,
      1792, 1405, 1788, -1,
      1785, 1789, 1395, -1,
      1394, 1395, 1789, -1,
      1785, 1403, 1786, -1,
      1398, 1784, 1399, -1,
      1787, 1402, 1401, -1,
      1402, 1786, 1403, -1,
      1400, 1783, 1782, -1,
      1401, 1782, 1787, -1,
      1400, 1399, 1783, -1,
      1784, 1398, 1780, -1,
      1780, 1397, 1781, -1,
      1391, 1396, 1392, -1,
      1781, 1397, 1396, -1,
      299, 1547, 295, -1,
      299, 1548, 1547, -1,
      1443, 305, 1444, -1,
      1443, 303, 305, -1,
      1843, 1570, 1569, -1,
      1574, 1844, 1571, -1,
      1615, 1457, 1460, -1,
      1553, 1845, 1554, -1,
      1561, 1846, 1562, -1,
      1847, 1694, 1657, -1,
      1848, 1849, 1557, -1,
      1847, 1850, 1694, -1,
      1851, 1852, 1722, -1,
      1654, 1694, 1853, -1,
      1850, 1853, 1694, -1,
      1654, 1854, 1695, -1,
      1854, 1654, 1853, -1,
      1855, 1697, 1695, -1,
      1695, 1854, 1855, -1,
      1650, 1697, 1856, -1,
      1855, 1856, 1697, -1,
      1651, 1650, 1857, -1,
      1857, 1650, 1856, -1,
      1858, 1651, 1857, -1,
      1851, 1722, 1724, -1,
      1698, 1858, 1859, -1,
      1858, 1698, 1651, -1,
      1859, 1860, 1646, -1,
      1646, 1698, 1859, -1,
      1861, 1647, 1860, -1,
      1646, 1860, 1647, -1,
      1643, 1861, 1862, -1,
      1861, 1643, 1647, -1,
      1701, 1862, 1863, -1,
      1701, 1643, 1862, -1,
      1703, 1701, 1863, -1,
      1851, 1724, 1863, -1,
      1724, 1703, 1863, -1,
      1657, 1864, 1847, -1,
      1865, 1720, 1866, -1,
      1867, 1721, 1865, -1,
      1720, 1865, 1721, -1,
      1719, 1867, 1868, -1,
      1867, 1719, 1721, -1,
      1716, 1719, 1868, -1,
      1716, 1868, 1141, -1,
      1720, 1723, 1866, -1,
      1852, 1723, 1722, -1,
      1723, 1852, 1866, -1,
      1658, 1869, 1864, -1,
      1658, 1864, 1657, -1,
      1849, 1869, 1691, -1,
      1658, 1691, 1869, -1,
      1662, 1849, 1691, -1,
      1555, 1870, 1556, -1,
      1871, 1555, 1554, -1,
      1560, 1872, 1553, -1,
      1873, 1560, 1562, -1,
      1611, 1456, 1458, -1,
      1561, 1874, 1875, -1,
      1875, 1846, 1561, -1,
      1564, 1563, 1876, -1,
      1874, 1561, 1564, -1,
      1614, 1460, 1459, -1,
      1566, 1877, 1563, -1,
      1565, 1878, 1566, -1,
      1879, 1568, 1567, -1,
      1880, 1565, 1568, -1,
      1570, 1881, 1567, -1,
      1572, 1882, 1569, -1,
      1883, 1572, 1571, -1,
      1573, 1884, 1574, -1,
      1885, 1573, 1559, -1,
      1559, 1558, 1886, -1,
      1469, 1455, 1612, -1,
      1558, 1144, 1886, -1,
      1508, 1520, 1680, -1,
      1470, 1469, 1624, -1,
      1885, 1559, 1886, -1,
      1467, 1470, 1625, -1,
      1884, 1573, 1885, -1,
      1468, 1467, 1622, -1,
      1844, 1574, 1884, -1,
      1465, 1468, 1623, -1,
      1883, 1571, 1844, -1,
      1466, 1465, 1620, -1,
      1882, 1572, 1883, -1,
      1463, 1466, 1621, -1,
      1843, 1569, 1882, -1,
      1464, 1463, 1618, -1,
      1881, 1570, 1843, -1,
      1461, 1464, 1619, -1,
      1879, 1567, 1881, -1,
      1462, 1461, 1616, -1,
      1880, 1568, 1879, -1,
      1459, 1462, 1617, -1,
      1878, 1565, 1880, -1,
      1877, 1566, 1878, -1,
      1876, 1563, 1877, -1,
      1874, 1564, 1876, -1,
      1610, 1458, 1457, -1,
      1449, 1456, 1609, -1,
      1873, 1562, 1846, -1,
      1450, 1449, 1608, -1,
      1872, 1560, 1873, -1,
      1451, 1450, 1607, -1,
      1845, 1553, 1872, -1,
      1452, 1451, 1598, -1,
      1871, 1554, 1845, -1,
      1453, 1452, 1597, -1,
      1870, 1555, 1871, -1,
      1557, 1662, 1600, -1,
      1848, 1556, 1870, -1,
      1556, 1848, 1557, -1,
      1662, 1557, 1849, -1,
      1453, 1600, 1662, -1,
      1597, 1452, 1598, -1,
      1598, 1451, 1607, -1,
      1607, 1450, 1608, -1,
      1608, 1449, 1609, -1,
      1609, 1456, 1611, -1,
      1611, 1458, 1610, -1,
      1610, 1457, 1615, -1,
      1615, 1460, 1614, -1,
      1614, 1459, 1617, -1,
      1617, 1462, 1616, -1,
      1616, 1461, 1619, -1,
      1619, 1464, 1618, -1,
      1618, 1463, 1621, -1,
      1621, 1466, 1620, -1,
      1620, 1465, 1623, -1,
      1623, 1468, 1622, -1,
      1622, 1467, 1625, -1,
      1625, 1470, 1624, -1,
      1624, 1469, 1612, -1,
      1612, 1455, 1613, -1,
      1455, 1454, 1613, -1,
      1508, 1674, 1509, -1,
      1677, 1520, 1521, -1,
      1678, 1521, 1518, -1,
      1679, 1518, 1519, -1,
      1675, 1519, 1516, -1,
      1676, 1516, 1517, -1,
      1681, 1517, 1514, -1,
      1671, 1514, 1515, -1,
      1672, 1515, 1512, -1,
      1682, 1512, 1513, -1,
      1668, 1513, 1510, -1,
      1667, 1510, 1511, -1,
      1684, 1511, 1506, -1,
      1663, 1506, 1507, -1,
      1664, 1507, 1505, -1,
      1686, 1505, 1504, -1,
      1659, 1504, 1503, -1,
      1660, 1503, 1494, -1,
      1689, 1494, 1493, -1,
      1661, 1493, 1496, -1,
      1453, 1597, 1600, -1,
      1496, 1453, 1662, -1,
      1661, 1496, 1662, -1,
      1689, 1493, 1661, -1,
      1660, 1494, 1689, -1,
      1659, 1503, 1660, -1,
      1686, 1504, 1659, -1,
      1664, 1505, 1686, -1,
      1663, 1507, 1664, -1,
      1684, 1506, 1663, -1,
      1667, 1511, 1684, -1,
      1668, 1510, 1667, -1,
      1682, 1513, 1668, -1,
      1672, 1512, 1682, -1,
      1671, 1515, 1672, -1,
      1681, 1514, 1671, -1,
      1676, 1517, 1681, -1,
      1675, 1516, 1676, -1,
      1679, 1519, 1675, -1,
      1678, 1518, 1679, -1,
      1677, 1521, 1678, -1,
      1680, 1520, 1677, -1,
      1674, 1508, 1680, -1,
      1144, 1200, 1886, -1,
      1260, 1885, 1264, -1,
      1255, 1883, 1258, -1,
      1206, 1844, 1884, -1,
      1250, 1220, 1881, -1,
      1882, 1214, 1843, -1,
      1878, 1246, 1226, -1,
      1880, 1879, 1245, -1,
      1232, 1874, 1240, -1,
      1238, 1876, 1877, -1,
      1235, 1243, 1873, -1,
      1875, 1236, 1846, -1,
      1871, 1227, 1249, -1,
      1845, 1872, 1241, -1,
      1252, 1849, 1221, -1,
      1222, 1848, 1870, -1,
      1256, 1261, 1847, -1,
      1869, 1216, 1864, -1,
      1854, 1263, 1203, -1,
      1853, 1850, 1211, -1,
      1193, 1857, 1269, -1,
      1205, 1856, 1855, -1,
      1273, 1859, 1271, -1,
      1858, 1271, 1859, -1,
      1860, 1273, 1190, -1,
      1273, 1860, 1859, -1,
      1190, 1274, 1861, -1,
      1861, 1860, 1190, -1,
      1186, 1862, 1274, -1,
      1861, 1274, 1862, -1,
      1863, 1186, 1185, -1,
      1186, 1863, 1862, -1,
      1185, 1282, 1851, -1,
      1851, 1863, 1185, -1,
      1283, 1852, 1282, -1,
      1851, 1282, 1852, -1,
      1866, 1283, 1182, -1,
      1283, 1866, 1852, -1,
      1182, 1181, 1865, -1,
      1865, 1866, 1182, -1,
      1178, 1867, 1181, -1,
      1865, 1181, 1867, -1,
      1868, 1178, 1143, -1,
      1178, 1868, 1867, -1,
      1141, 1868, 1143, -1,
      1858, 1193, 1271, -1,
      1269, 1857, 1856, -1,
      1193, 1858, 1857, -1,
      1205, 1855, 1203, -1,
      1269, 1856, 1205, -1,
      1854, 1853, 1263, -1,
      1855, 1854, 1203, -1,
      1850, 1261, 1211, -1,
      1853, 1211, 1263, -1,
      1864, 1256, 1847, -1,
      1847, 1261, 1850, -1,
      1252, 1216, 1869, -1,
      1216, 1256, 1864, -1,
      1221, 1849, 1848, -1,
      1252, 1869, 1849, -1,
      1222, 1870, 1249, -1,
      1221, 1848, 1222, -1,
      1871, 1845, 1227, -1,
      1870, 1871, 1249, -1,
      1872, 1243, 1241, -1,
      1845, 1241, 1227, -1,
      1846, 1235, 1873, -1,
      1873, 1243, 1872, -1,
      1232, 1236, 1875, -1,
      1236, 1235, 1846, -1,
      1240, 1874, 1876, -1,
      1232, 1875, 1874, -1,
      1238, 1877, 1226, -1,
      1240, 1876, 1238, -1,
      1878, 1880, 1246, -1,
      1877, 1878, 1226, -1,
      1879, 1220, 1245, -1,
      1880, 1245, 1246, -1,
      1843, 1250, 1881, -1,
      1881, 1220, 1879, -1,
      1255, 1214, 1882, -1,
      1214, 1250, 1843, -1,
      1258, 1883, 1844, -1,
      1255, 1882, 1883, -1,
      1206, 1884, 1260, -1,
      1258, 1844, 1206, -1,
      1885, 1886, 1264, -1,
      1884, 1885, 1260, -1,
      1144, 1056, 1200, -1,
      1886, 1200, 1264, -1,
      795, 791, 790, -1,
      795, 790, 794, -1,
      1051, 1887, 1047, -1,
      1887, 1051, 1888, -1,
      1887, 1889, 1047, -1,
      1052, 1044, 799, -1,
      1890, 1891, 1892, -1,
      797, 1892, 1052, -1,
      799, 797, 1052, -1,
      797, 1893, 1892, -1,
      1890, 1892, 1893, -1,
      1052, 1894, 1045, -1,
      1052, 1892, 1894, -1,
      1005, 1006, 1703, -1,
      1895, 1896, 1703, -1,
      1005, 1703, 1896, -1,
      1895, 1724, 1718, -1,
      1048, 1895, 1718, -1,
      1703, 1724, 1895, -1,
      1744, 1890, 1893, -1,
      1890, 1744, 1740, -1,
      1893, 797, 796, -1,
      796, 1744, 1893, -1,
      1743, 168, 167, -1,
      1769, 1897, 1768, -1,
      1742, 1898, 1899, -1,
      1900, 1750, 1749, -1,
      1901, 1766, 1902, -1,
      1770, 1772, 1903, -1,
      1771, 1904, 1905, -1,
      1775, 1906, 1773, -1,
      1907, 1908, 1774, -1,
      1909, 1776, 1778, -1,
      1910, 1777, 1911, -1,
      1751, 1912, 1778, -1,
      1909, 1778, 1912, -1,
      1751, 1752, 1913, -1,
      1913, 1912, 1751, -1,
      1914, 1752, 1779, -1,
      1752, 1914, 1913, -1,
      188, 1915, 1779, -1,
      1914, 1779, 1915, -1,
      187, 1915, 188, -1,
      1777, 1776, 1911, -1,
      1911, 1776, 1909, -1,
      1910, 1906, 1775, -1,
      1910, 1775, 1777, -1,
      1773, 1907, 1774, -1,
      1906, 1907, 1773, -1,
      1772, 1908, 1903, -1,
      1774, 1908, 1772, -1,
      1771, 1770, 1904, -1,
      1770, 1903, 1904, -1,
      1900, 1749, 1905, -1,
      1749, 1771, 1905, -1,
      1902, 1766, 1750, -1,
      1902, 1750, 1900, -1,
      1901, 1897, 1769, -1,
      1901, 1769, 1766, -1,
      1768, 1898, 1742, -1,
      1897, 1898, 1768, -1,
      1743, 1899, 168, -1,
      1742, 1899, 1743, -1,
      1726, 1031, 1030, -1,
      1030, 1727, 1726, -1,
      1894, 1888, 1051, -1,
      1894, 1051, 1045, -1,
      1894, 1887, 1888, -1,
      1891, 1916, 1894, -1,
      1887, 1894, 1916, -1,
      1894, 1892, 1891, -1,
      1889, 1895, 1917, -1,
      1916, 1896, 1889, -1,
      1895, 1889, 1896, -1,
      1889, 1887, 1916, -1,
      1035, 979, 977, -1,
      977, 1034, 1035, -1,
      1918, 1902, 1900, -1,
      1919, 1920, 1921, -1,
      1922, 222, 1923, -1,
      224, 168, 1899, -1,
      224, 1899, 1923, -1,
      1901, 1902, 1924, -1,
      1925, 1926, 1927, -1,
      1903, 1928, 1904, -1,
      1929, 1930, 1925, -1,
      1928, 1903, 1931, -1,
      1932, 1933, 1934, -1,
      1906, 1935, 1936, -1,
      1937, 1938, 1939, -1,
      1940, 1913, 1914, -1,
      1941, 1942, 1943, -1,
      1940, 1944, 1913, -1,
      1945, 1946, 1947, -1,
      1948, 1949, 1950, -1,
      256, 257, 1951, -1,
      1920, 1952, 1946, -1,
      1920, 1919, 1952, -1,
      1953, 260, 193, -1,
      1954, 1953, 1955, -1,
      260, 1954, 187, -1,
      1914, 1956, 1940, -1,
      1950, 1957, 1958, -1,
      1959, 1960, 1945, -1,
      1961, 1912, 1944, -1,
      1911, 1962, 1963, -1,
      1960, 1964, 1941, -1,
      1943, 1965, 1966, -1,
      1963, 1935, 1910, -1,
      1907, 1936, 1967, -1,
      1966, 1968, 1938, -1,
      1969, 1970, 1937, -1,
      1908, 1967, 1931, -1,
      1910, 1935, 1906, -1,
      1933, 1970, 1971, -1,
      1972, 1929, 1932, -1,
      1973, 1905, 1974, -1,
      1975, 1976, 1927, -1,
      1924, 1902, 1918, -1,
      1977, 1976, 1978, -1,
      1979, 1897, 1980, -1,
      1922, 1977, 293, -1,
      1923, 1898, 1979, -1,
      207, 1978, 208, -1,
      207, 293, 1977, -1,
      224, 1923, 222, -1,
      1899, 1898, 1923, -1,
      1977, 1978, 207, -1,
      222, 1922, 293, -1,
      1981, 1922, 1979, -1,
      1981, 1976, 1977, -1,
      208, 1978, 1982, -1,
      1982, 1978, 1975, -1,
      1923, 1979, 1922, -1,
      1898, 1897, 1979, -1,
      1983, 1975, 1926, -1,
      1922, 1981, 1977, -1,
      1984, 1981, 1980, -1,
      1982, 1975, 1983, -1,
      1976, 1984, 1927, -1,
      1978, 1976, 1975, -1,
      1979, 1980, 1981, -1,
      1897, 1901, 1980, -1,
      1983, 1926, 1985, -1,
      1981, 1984, 1976, -1,
      1984, 1924, 1986, -1,
      1975, 1927, 1926, -1,
      1927, 1986, 1925, -1,
      1985, 1926, 1930, -1,
      1984, 1980, 1924, -1,
      1901, 1924, 1980, -1,
      1925, 1930, 1926, -1,
      1984, 1986, 1927, -1,
      1905, 1973, 1900, -1,
      1987, 1929, 1925, -1,
      1985, 1930, 1988, -1,
      1988, 1930, 1972, -1,
      1986, 1918, 1987, -1,
      1918, 1986, 1924, -1,
      1972, 1930, 1929, -1,
      1986, 1987, 1925, -1,
      1989, 1987, 1973, -1,
      1989, 1932, 1929, -1,
      1990, 1972, 1934, -1,
      1972, 1990, 1988, -1,
      1987, 1918, 1973, -1,
      1900, 1973, 1918, -1,
      1932, 1991, 1933, -1,
      1987, 1989, 1929, -1,
      1991, 1989, 1974, -1,
      1934, 1971, 1992, -1,
      1990, 1934, 1992, -1,
      1972, 1932, 1934, -1,
      1973, 1974, 1989, -1,
      1905, 1904, 1974, -1,
      1933, 1971, 1934, -1,
      1989, 1991, 1932, -1,
      1993, 1991, 1928, -1,
      1993, 1970, 1933, -1,
      1994, 1971, 1969, -1,
      1971, 1994, 1992, -1,
      1991, 1974, 1928, -1,
      1904, 1928, 1974, -1,
      1970, 1995, 1937, -1,
      1991, 1993, 1933, -1,
      1995, 1993, 1931, -1,
      1969, 1939, 1996, -1,
      1994, 1969, 1996, -1,
      1971, 1970, 1969, -1,
      1928, 1931, 1993, -1,
      1903, 1908, 1931, -1,
      1968, 1997, 1939, -1,
      1993, 1995, 1970, -1,
      1998, 1995, 1967, -1,
      1996, 1939, 1997, -1,
      1937, 1998, 1938, -1,
      1969, 1937, 1939, -1,
      1931, 1967, 1995, -1,
      1908, 1907, 1967, -1,
      1968, 1965, 1999, -1,
      1995, 1998, 1937, -1,
      2000, 1998, 1936, -1,
      2000, 1966, 1938, -1,
      1997, 1968, 1999, -1,
      1939, 1938, 1968, -1,
      1967, 1936, 1998, -1,
      1907, 1906, 1936, -1,
      1968, 1966, 1965, -1,
      1998, 2000, 1938, -1,
      1935, 2001, 2000, -1,
      1966, 2001, 1943, -1,
      1999, 1965, 2002, -1,
      2002, 1965, 1942, -1,
      1936, 1935, 2000, -1,
      1963, 1910, 1911, -1,
      1965, 1943, 1942, -1,
      2000, 2001, 1966, -1,
      1963, 2003, 2001, -1,
      1943, 2003, 1941, -1,
      2002, 1942, 2004, -1,
      2004, 1942, 1964, -1,
      1935, 1963, 2001, -1,
      1962, 1911, 1909, -1,
      2005, 2004, 1964, -1,
      2001, 2003, 1943, -1,
      2006, 2003, 1962, -1,
      1942, 1941, 1964, -1,
      1941, 2006, 1960, -1,
      2005, 1964, 1959, -1,
      1963, 1962, 2003, -1,
      1912, 1961, 1909, -1,
      1959, 1947, 2007, -1,
      2003, 2006, 1941, -1,
      2008, 2006, 1961, -1,
      2008, 1945, 1960, -1,
      2005, 1959, 2007, -1,
      1964, 1960, 1959, -1,
      2006, 1962, 1961, -1,
      1909, 1961, 1962, -1,
      2009, 1947, 1952, -1,
      2006, 2008, 1960, -1,
      2010, 2008, 1944, -1,
      2010, 1946, 1945, -1,
      2007, 1947, 2009, -1,
      1959, 1945, 1947, -1,
      1961, 1944, 2008, -1,
      1912, 1913, 1944, -1,
      1947, 1946, 1952, -1,
      2008, 2010, 1945, -1,
      2011, 2010, 1940, -1,
      1946, 2011, 1920, -1,
      2009, 1952, 2012, -1,
      2012, 1952, 1919, -1,
      1944, 1940, 2010, -1,
      1956, 1914, 1915, -1,
      1919, 1921, 1950, -1,
      2010, 2011, 1946, -1,
      1956, 1955, 2011, -1,
      1955, 1921, 1920, -1,
      2012, 1919, 1949, -1,
      1949, 1919, 1950, -1,
      1940, 1956, 2011, -1,
      187, 1954, 1915, -1,
      1953, 1957, 1921, -1,
      2011, 1955, 1920, -1,
      1953, 1921, 1955, -1,
      256, 1951, 1958, -1,
      1950, 1921, 1957, -1,
      1948, 1950, 1958, -1,
      1956, 1915, 1954, -1,
      1955, 1956, 1954, -1,
      1957, 193, 192, -1,
      260, 1953, 1954, -1,
      1958, 192, 256, -1,
      193, 1957, 1953, -1,
      1958, 1957, 192, -1,
      1948, 1958, 1951, -1,
      1031, 1729, 1027, -1,
      1031, 1726, 1729, -1,
      257, 262, 284, -1,
      279, 282, 263, -1,
      270, 277, 268, -1,
      263, 265, 279, -1,
      276, 270, 272, -1,
      274, 276, 272, -1,
      268, 277, 265, -1,
      276, 277, 270, -1,
      263, 282, 262, -1,
      277, 279, 265, -1,
      284, 262, 282, -1,
      257, 285, 1951, -1,
      284, 285, 257, -1,
      287, 1948, 1951, -1,
      1951, 285, 287, -1,
      1949, 1948, 289, -1,
      287, 289, 1948, -1,
      1949, 292, 2012, -1,
      292, 1949, 289, -1,
      2012, 292, 217, -1,
      216, 2009, 217, -1,
      2012, 217, 2009, -1,
      216, 2007, 2009, -1,
      206, 2005, 2007, -1,
      2007, 216, 206, -1,
      2004, 2005, 208, -1,
      206, 208, 2005, -1,
      1999, 1985, 1997, -1,
      2002, 1982, 1983, -1,
      1992, 1994, 1996, -1,
      1996, 1997, 1990, -1,
      1988, 1990, 1997, -1,
      1990, 1992, 1996, -1,
      1983, 1985, 1999, -1,
      1985, 1988, 1997, -1,
      1982, 2002, 2004, -1,
      1983, 1999, 2002, -1,
      2004, 208, 1982, -1,
      110, 115, 137, -1,
      132, 135, 116, -1,
      123, 130, 121, -1,
      116, 118, 132, -1,
      129, 123, 125, -1,
      127, 129, 125, -1,
      121, 130, 118, -1,
      129, 130, 123, -1,
      116, 135, 115, -1,
      130, 132, 118, -1,
      137, 115, 135, -1,
      110, 138, 2013, -1,
      137, 138, 110, -1,
      140, 2014, 2013, -1,
      2013, 138, 140, -1,
      2015, 2014, 142, -1,
      140, 142, 2014, -1,
      2015, 145, 2016, -1,
      145, 2015, 142, -1,
      2016, 145, 72, -1,
      73, 2017, 72, -1,
      2016, 72, 2017, -1,
      73, 2018, 2017, -1,
      62, 2019, 2018, -1,
      2018, 73, 62, -1,
      2020, 2019, 61, -1,
      62, 61, 2019, -1,
      2021, 2022, 2023, -1,
      2024, 2025, 2026, -1,
      2027, 2028, 2029, -1,
      2029, 2023, 2030, -1,
      2031, 2030, 2023, -1,
      2030, 2027, 2029, -1,
      2026, 2022, 2021, -1,
      2022, 2031, 2023, -1,
      2025, 2024, 2020, -1,
      2026, 2021, 2024, -1,
      2020, 61, 2025, -1,
      2032, 2033, 2034, -1,
      2035, 2036, 2037, -1,
      2038, 79, 2039, -1,
      78, 21, 2040, -1,
      78, 2040, 2039, -1,
      2041, 2033, 2042, -1,
      2043, 2044, 2045, -1,
      2046, 2047, 2048, -1,
      2049, 2050, 2043, -1,
      2047, 2046, 2051, -1,
      2052, 2053, 2054, -1,
      2055, 2056, 2057, -1,
      2058, 2059, 2060, -1,
      2061, 2062, 2063, -1,
      2064, 2065, 2066, -1,
      2061, 2067, 2062, -1,
      2068, 2069, 2070, -1,
      2014, 2015, 2071, -1,
      109, 110, 2013, -1,
      2036, 2072, 2069, -1,
      2036, 2035, 2072, -1,
      2073, 113, 46, -1,
      2074, 2073, 2075, -1,
      113, 2074, 40, -1,
      2063, 2076, 2061, -1,
      2071, 2077, 2078, -1,
      2079, 2080, 2068, -1,
      2081, 2082, 2067, -1,
      2083, 2084, 2085, -1,
      2080, 2086, 2064, -1,
      2066, 2087, 2088, -1,
      2085, 2056, 2089, -1,
      2090, 2057, 2091, -1,
      2088, 2092, 2059, -1,
      2093, 2094, 2058, -1,
      2095, 2091, 2051, -1,
      2089, 2056, 2055, -1,
      2053, 2094, 2096, -1,
      2097, 2049, 2052, -1,
      2098, 2099, 2100, -1,
      2101, 2102, 2045, -1,
      2042, 2033, 2032, -1,
      2103, 2102, 2104, -1,
      2105, 2106, 2107, -1,
      2038, 2103, 146, -1,
      2039, 2108, 2105, -1,
      63, 2104, 61, -1,
      63, 146, 2103, -1,
      78, 2039, 79, -1,
      2040, 2108, 2039, -1,
      2103, 2104, 63, -1,
      79, 2038, 146, -1,
      2109, 2038, 2105, -1,
      2109, 2102, 2103, -1,
      61, 2104, 2025, -1,
      2025, 2104, 2101, -1,
      2039, 2105, 2038, -1,
      2108, 2106, 2105, -1,
      2026, 2101, 2044, -1,
      2038, 2109, 2103, -1,
      2110, 2109, 2107, -1,
      2025, 2101, 2026, -1,
      2102, 2110, 2045, -1,
      2104, 2102, 2101, -1,
      2105, 2107, 2109, -1,
      2106, 2041, 2107, -1,
      2026, 2044, 2022, -1,
      2109, 2110, 2102, -1,
      2110, 2042, 2111, -1,
      2101, 2045, 2044, -1,
      2045, 2111, 2043, -1,
      2022, 2044, 2050, -1,
      2110, 2107, 2042, -1,
      2041, 2042, 2107, -1,
      2043, 2050, 2044, -1,
      2110, 2111, 2045, -1,
      2099, 2098, 2034, -1,
      2112, 2049, 2043, -1,
      2022, 2050, 2031, -1,
      2031, 2050, 2097, -1,
      2111, 2032, 2112, -1,
      2032, 2111, 2042, -1,
      2097, 2050, 2049, -1,
      2111, 2112, 2043, -1,
      2113, 2112, 2098, -1,
      2113, 2052, 2049, -1,
      2030, 2097, 2054, -1,
      2097, 2030, 2031, -1,
      2112, 2032, 2098, -1,
      2034, 2098, 2032, -1,
      2052, 2114, 2053, -1,
      2112, 2113, 2049, -1,
      2114, 2113, 2100, -1,
      2054, 2096, 2027, -1,
      2030, 2054, 2027, -1,
      2097, 2052, 2054, -1,
      2098, 2100, 2113, -1,
      2099, 2048, 2100, -1,
      2053, 2096, 2054, -1,
      2113, 2114, 2052, -1,
      2115, 2114, 2047, -1,
      2115, 2094, 2053, -1,
      2028, 2096, 2093, -1,
      2096, 2028, 2027, -1,
      2114, 2100, 2047, -1,
      2048, 2047, 2100, -1,
      2094, 2116, 2058, -1,
      2114, 2115, 2053, -1,
      2116, 2115, 2051, -1,
      2093, 2060, 2029, -1,
      2028, 2093, 2029, -1,
      2096, 2094, 2093, -1,
      2047, 2051, 2115, -1,
      2046, 2095, 2051, -1,
      2092, 2023, 2060, -1,
      2115, 2116, 2094, -1,
      2117, 2116, 2091, -1,
      2029, 2060, 2023, -1,
      2058, 2117, 2059, -1,
      2093, 2058, 2060, -1,
      2051, 2091, 2116, -1,
      2095, 2090, 2091, -1,
      2092, 2087, 2021, -1,
      2116, 2117, 2058, -1,
      2118, 2117, 2057, -1,
      2118, 2088, 2059, -1,
      2023, 2092, 2021, -1,
      2060, 2059, 2092, -1,
      2091, 2057, 2117, -1,
      2090, 2055, 2057, -1,
      2092, 2088, 2087, -1,
      2117, 2118, 2059, -1,
      2056, 2119, 2118, -1,
      2088, 2119, 2066, -1,
      2021, 2087, 2024, -1,
      2024, 2087, 2065, -1,
      2057, 2056, 2118, -1,
      2085, 2089, 2083, -1,
      2087, 2066, 2065, -1,
      2118, 2119, 2088, -1,
      2085, 2120, 2119, -1,
      2066, 2120, 2064, -1,
      2024, 2065, 2020, -1,
      2020, 2065, 2086, -1,
      2056, 2085, 2119, -1,
      2084, 2083, 2121, -1,
      2019, 2020, 2086, -1,
      2119, 2120, 2066, -1,
      2122, 2120, 2084, -1,
      2065, 2064, 2086, -1,
      2064, 2122, 2080, -1,
      2019, 2086, 2079, -1,
      2085, 2084, 2120, -1,
      2082, 2081, 2121, -1,
      2079, 2070, 2018, -1,
      2120, 2122, 2064, -1,
      2123, 2122, 2081, -1,
      2123, 2068, 2080, -1,
      2019, 2079, 2018, -1,
      2086, 2080, 2079, -1,
      2122, 2084, 2081, -1,
      2121, 2081, 2084, -1,
      2017, 2070, 2072, -1,
      2122, 2123, 2080, -1,
      2124, 2123, 2067, -1,
      2124, 2069, 2068, -1,
      2018, 2070, 2017, -1,
      2079, 2068, 2070, -1,
      2081, 2067, 2123, -1,
      2082, 2062, 2067, -1,
      2070, 2069, 2072, -1,
      2123, 2124, 2068, -1,
      2125, 2124, 2061, -1,
      2069, 2125, 2036, -1,
      2017, 2072, 2016, -1,
      2016, 2072, 2035, -1,
      2067, 2061, 2124, -1,
      2076, 2063, 2126, -1,
      2035, 2037, 2071, -1,
      2124, 2125, 2069, -1,
      2076, 2075, 2125, -1,
      2075, 2037, 2036, -1,
      2016, 2035, 2015, -1,
      2015, 2035, 2071, -1,
      2061, 2076, 2125, -1,
      40, 2074, 2126, -1,
      2073, 2077, 2037, -1,
      2125, 2075, 2036, -1,
      2073, 2037, 2075, -1,
      109, 2013, 2078, -1,
      2071, 2037, 2077, -1,
      2014, 2071, 2078, -1,
      2076, 2126, 2074, -1,
      2075, 2076, 2074, -1,
      2077, 46, 45, -1,
      113, 2073, 2074, -1,
      2078, 45, 109, -1,
      46, 2077, 2073, -1,
      2078, 2077, 45, -1,
      2014, 2078, 2013, -1,
      1600, 1552, 1557, -1,
      1552, 1600, 1599, -1,
      1496, 1448, 1453, -1,
      1448, 1496, 1495, -1,
      1809, 1812, 1810, -1,
      1817, 1804, 1812, -1,
      1812, 1809, 1817, -1,
      1802, 1804, 1815, -1,
      1817, 1815, 1804, -1,
      1814, 1802, 1815, -1,
      1824, 1807, 1814, -1,
      1802, 1814, 1807, -1,
      1797, 1824, 1820, -1,
      1824, 1797, 1807, -1,
      1820, 1414, 1798, -1,
      1798, 1797, 1820, -1,
      1798, 1414, 1412, -1,
      1755, 21, 20, -1,
      1757, 2106, 1748, -1,
      1747, 2108, 2040, -1,
      2034, 1745, 1746, -1,
      2041, 1756, 2033, -1,
      1758, 1760, 2046, -1,
      1759, 2048, 2099, -1,
      1754, 2055, 1761, -1,
      2090, 2095, 1762, -1,
      2121, 1763, 1764, -1,
      2089, 1753, 2083, -1,
      1765, 2082, 1764, -1,
      2121, 1764, 2082, -1,
      1765, 1767, 2062, -1,
      2062, 2082, 1765, -1,
      2063, 1767, 1741, -1,
      1767, 2063, 2062, -1,
      41, 2126, 1741, -1,
      2063, 1741, 2126, -1,
      40, 2126, 41, -1,
      1753, 1763, 2083, -1,
      2083, 1763, 2121, -1,
      2089, 2055, 1754, -1,
      2089, 1754, 1753, -1,
      1761, 2090, 1762, -1,
      2055, 2090, 1761, -1,
      1760, 2095, 2046, -1,
      1762, 2095, 1760, -1,
      1759, 1758, 2048, -1,
      1758, 2046, 2048, -1,
      2034, 1746, 2099, -1,
      1746, 1759, 2099, -1,
      2033, 1756, 1745, -1,
      2033, 1745, 2034, -1,
      2041, 2106, 1757, -1,
      2041, 1757, 1756, -1,
      1748, 2108, 1747, -1,
      2106, 2108, 1748, -1,
      1755, 2040, 21, -1,
      1747, 2040, 1755, -1,
      750, 1049, 755, -1,
      750, 1046, 1049, -1,
      755, 1049, 805, -1,
      805, 753, 755, -1,
      1718, 805, 1048, -1,
      1718, 803, 805, -1,
      1048, 1917, 1895, -1,
      1048, 1050, 1917, -1,
      1050, 1047, 1889, -1,
      1050, 1889, 1917, -1,
      1890, 994, 995, -1,
      1004, 1896, 1001, -1,
      1005, 1896, 1004, -1,
      1890, 1916, 1891, -1,
      896, 751, 754, -1,
      913, 916, 318, -1,
      313, 869, 867, -1,
      978, 981, 1740, -1,
      1916, 1000, 1001, -1,
      1001, 1896, 1916, -1,
      1890, 998, 1916, -1,
      1000, 1916, 998, -1,
      994, 1890, 992, -1,
      1890, 995, 998, -1,
      1890, 988, 989, -1,
      992, 1890, 989, -1,
      1890, 983, 986, -1,
      988, 1890, 986, -1,
      1740, 981, 983, -1,
      1890, 1740, 983, -1,
      1740, 973, 976, -1,
      978, 1740, 976, -1,
      318, 969, 1740, -1,
      973, 1740, 969, -1,
      961, 964, 318, -1,
      318, 964, 969, -1,
      952, 957, 318, -1,
      318, 957, 961, -1,
      945, 949, 318, -1,
      318, 949, 952, -1,
      937, 940, 318, -1,
      318, 940, 945, -1,
      928, 933, 318, -1,
      318, 933, 937, -1,
      921, 925, 318, -1,
      318, 925, 928, -1,
      318, 916, 921, -1,
      318, 904, 909, -1,
      913, 318, 909, -1,
      313, 810, 318, -1,
      904, 318, 810, -1,
      818, 814, 313, -1,
      313, 814, 810, -1,
      827, 822, 313, -1,
      313, 822, 818, -1,
      834, 830, 313, -1,
      313, 830, 827, -1,
      842, 839, 313, -1,
      313, 839, 834, -1,
      851, 846, 313, -1,
      313, 846, 842, -1,
      855, 854, 313, -1,
      313, 854, 851, -1,
      860, 857, 313, -1,
      313, 857, 855, -1,
      863, 861, 313, -1,
      313, 861, 860, -1,
      313, 867, 866, -1,
      313, 866, 863, -1,
      767, 872, 313, -1,
      869, 313, 872, -1,
      877, 873, 767, -1,
      767, 873, 872, -1,
      880, 878, 767, -1,
      767, 878, 877, -1,
      884, 883, 767, -1,
      767, 883, 880, -1,
      806, 889, 886, -1,
      884, 806, 886, -1,
      892, 806, 895, -1,
      892, 890, 806, -1,
      895, 806, 751, -1,
      896, 754, 898, -1,
      898, 754, 800, -1,
      896, 895, 751, -1,
      806, 884, 767, -1,
      890, 889, 806, -1,
      806, 767, 809, -1,
      799, 1044, 809, -1,
      809, 767, 799, -1,
      2127, 2128, 2129, -1,
      2130, 2131, 2132, -1,
      2133, 2134, 2135, -1,
      2136, 2134, 2137, -1,
      1268, 1197, 2138, -1,
      2139, 2134, 2140, -1,
      1268, 2141, 1199, -1,
      2142, 2143, 2144, -1,
      2145, 1267, 1198, -1,
      2146, 2147, 2148, -1,
      2149, 2150, 2141, -1,
      2148, 2151, 2152, -1,
      2153, 2154, 2155, -1,
      2156, 2157, 2158, -1,
      2159, 2160, 2161, -1,
      2162, 2163, 2164, -1,
      2159, 2165, 2166, -1,
      2167, 2168, 2162, -1,
      2169, 2157, 2166, -1,
      2170, 2171, 2172, -1,
      2173, 2164, 2174, -1,
      2175, 2176, 2127, -1,
      2170, 2177, 2178, -1,
      2179, 2180, 2181, -1,
      2182, 2180, 2183, -1,
      2184, 2185, 2186, -1,
      2187, 2184, 2188, -1,
      2189, 2190, 2191, -1,
      2191, 2192, 2193, -1,
      2194, 2195, 2196, -1,
      2197, 2198, 2195, -1,
      2199, 2200, 2201, -1,
      2202, 2199, 2203, -1,
      2204, 2205, 2206, -1,
      2206, 2207, 2208, -1,
      2209, 2210, 2211, -1,
      2209, 2212, 2213, -1,
      2214, 2215, 2216, -1,
      2214, 2217, 2210, -1,
      2218, 2219, 2220, -1,
      2218, 2221, 2215, -1,
      2222, 2223, 2218, -1,
      2215, 2224, 2222, -1,
      2225, 2226, 2227, -1,
      2228, 2219, 2223, -1,
      2229, 2230, 2231, -1,
      2232, 2233, 1388, -1,
      2234, 1382, 1380, -1,
      1388, 1386, 2232, -1,
      2230, 2225, 2231, -1,
      2225, 2227, 2231, -1,
      2226, 2235, 2227, -1,
      2226, 2236, 2235, -1,
      2235, 2236, 2237, -1,
      2237, 2236, 2228, -1,
      2238, 2239, 2228, -1,
      2238, 2240, 2239, -1,
      2240, 2241, 2242, -1,
      2241, 2240, 2238, -1,
      2230, 2229, 2232, -1,
      2243, 1289, 2242, -1,
      2244, 2219, 2236, -1,
      1391, 1388, 2233, -1,
      2210, 2245, 2246, -1,
      2224, 2214, 2246, -1,
      2247, 2248, 2213, -1,
      2245, 2209, 2248, -1,
      2207, 2205, 2249, -1,
      2249, 2247, 2250, -1,
      2250, 2213, 2251, -1,
      2252, 2203, 2201, -1,
      2253, 2207, 2250, -1,
      2254, 2252, 2204, -1,
      2255, 2197, 2194, -1,
      2256, 2254, 2206, -1,
      2199, 2257, 2258, -1,
      2258, 2255, 2200, -1,
      2254, 2259, 2203, -1,
      2260, 2261, 2196, -1,
      2197, 2258, 2262, -1,
      2263, 2260, 2195, -1,
      2261, 2192, 2190, -1,
      2260, 2264, 2192, -1,
      2265, 2266, 2185, -1,
      2188, 2186, 2267, -1,
      2268, 2267, 2189, -1,
      2269, 2188, 2268, -1,
      2191, 2270, 2268, -1,
      2265, 2184, 2271, -1,
      2179, 2266, 2183, -1,
      2272, 2181, 2273, -1,
      2274, 2183, 2265, -1,
      2275, 2171, 2178, -1,
      2272, 2175, 2129, -1,
      2275, 2128, 2276, -1,
      2175, 2273, 2277, -1,
      2278, 2273, 2180, -1,
      2167, 2279, 2177, -1,
      2127, 2280, 2276, -1,
      2281, 2171, 2276, -1,
      2173, 2279, 2162, -1,
      2158, 2169, 2174, -1,
      2167, 2170, 2282, -1,
      2147, 2283, 2155, -1,
      2152, 2165, 2161, -1,
      2284, 2158, 2164, -1,
      2147, 2154, 2151, -1,
      2157, 2285, 2159, -1,
      2153, 2286, 2131, -1,
      2161, 2287, 2148, -1,
      2288, 2286, 2155, -1,
      2288, 2289, 2290, -1,
      2283, 2291, 2288, -1,
      2292, 1294, 2293, -1,
      2294, 2290, 2295, -1,
      2295, 2296, 2294, -1,
      2292, 1295, 1294, -1,
      1291, 1295, 2297, -1,
      2298, 2299, 2293, -1,
      2300, 2292, 2299, -1,
      2301, 1386, 1385, -1,
      2233, 2232, 2229, -1,
      1385, 2302, 2301, -1,
      2303, 2304, 2305, -1,
      2230, 2301, 2306, -1,
      2307, 2244, 2226, -1,
      2307, 2225, 2306, -1,
      2308, 2241, 2238, -1,
      2225, 2307, 2226, -1,
      2236, 2226, 2244, -1,
      2241, 2309, 2243, -1,
      2237, 2228, 2239, -1,
      2228, 2236, 2219, -1,
      1289, 2243, 1290, -1,
      2223, 2308, 2238, -1,
      2242, 2241, 2243, -1,
      2241, 2308, 2309, -1,
      1290, 2243, 2310, -1,
      2230, 2232, 2301, -1,
      1386, 2301, 2232, -1,
      1380, 1379, 2311, -1,
      2230, 2306, 2225, -1,
      2306, 2302, 2312, -1,
      2313, 2220, 2244, -1,
      2307, 2312, 2313, -1,
      2309, 2308, 2314, -1,
      2307, 2313, 2244, -1,
      2244, 2220, 2219, -1,
      2315, 2310, 2309, -1,
      2228, 2223, 2238, -1,
      2223, 2219, 2218, -1,
      1290, 2310, 1173, -1,
      2222, 2314, 2308, -1,
      2243, 2309, 2310, -1,
      2309, 2314, 2315, -1,
      1173, 2310, 2316, -1,
      2301, 2302, 2306, -1,
      1385, 1382, 2302, -1,
      2234, 1380, 2311, -1,
      2306, 2312, 2307, -1,
      2234, 2317, 2312, -1,
      2318, 2221, 2220, -1,
      2318, 2313, 2317, -1,
      2315, 2314, 2319, -1,
      2318, 2220, 2313, -1,
      2218, 2220, 2221, -1,
      2320, 2316, 2315, -1,
      2223, 2222, 2308, -1,
      2222, 2218, 2215, -1,
      2316, 2310, 2315, -1,
      2314, 2224, 2319, -1,
      2319, 2320, 2315, -1,
      1170, 2316, 2321, -1,
      2316, 1170, 1173, -1,
      2312, 2302, 2234, -1,
      1382, 2234, 2302, -1,
      1374, 1373, 2322, -1,
      2312, 2317, 2313, -1,
      1379, 1376, 2323, -1,
      2324, 2216, 2221, -1,
      2318, 2325, 2324, -1,
      2320, 2319, 2326, -1,
      2324, 2221, 2318, -1,
      2215, 2221, 2216, -1,
      2320, 2327, 2321, -1,
      2222, 2224, 2314, -1,
      2224, 2215, 2214, -1,
      2321, 2316, 2320, -1,
      2246, 2326, 2319, -1,
      2326, 2327, 2320, -1,
      1171, 2321, 2328, -1,
      2321, 1171, 1170, -1,
      2317, 2311, 2325, -1,
      2311, 2317, 2234, -1,
      1376, 2329, 2323, -1,
      2317, 2325, 2318, -1,
      2323, 2330, 2325, -1,
      2331, 2217, 2216, -1,
      2324, 2325, 2330, -1,
      2327, 2326, 2332, -1,
      2331, 2216, 2324, -1,
      2216, 2217, 2214, -1,
      2333, 2328, 2327, -1,
      2224, 2246, 2319, -1,
      2210, 2246, 2214, -1,
      1171, 2328, 1168, -1,
      2245, 2332, 2326, -1,
      2321, 2327, 2328, -1,
      2327, 2332, 2333, -1,
      1168, 2328, 2334, -1,
      2325, 2311, 2323, -1,
      1379, 2323, 2311, -1,
      2335, 1373, 1370, -1,
      2324, 2330, 2331, -1,
      2330, 2329, 2336, -1,
      2337, 2211, 2217, -1,
      2331, 2336, 2337, -1,
      2338, 2333, 2332, -1,
      2337, 2217, 2331, -1,
      2217, 2211, 2210, -1,
      2339, 2334, 2333, -1,
      2246, 2245, 2326, -1,
      2209, 2245, 2210, -1,
      1168, 2334, 1166, -1,
      2248, 2338, 2332, -1,
      2328, 2333, 2334, -1,
      2333, 2338, 2339, -1,
      1166, 2334, 2340, -1,
      2323, 2329, 2330, -1,
      1376, 1374, 2329, -1,
      1370, 1367, 2341, -1,
      2330, 2336, 2331, -1,
      2322, 2342, 2336, -1,
      2343, 2212, 2211, -1,
      2343, 2337, 2342, -1,
      2344, 2339, 2338, -1,
      2343, 2211, 2337, -1,
      2209, 2211, 2212, -1,
      2345, 2340, 2339, -1,
      2245, 2248, 2332, -1,
      2213, 2248, 2209, -1,
      2340, 2334, 2339, -1,
      2247, 2344, 2338, -1,
      2339, 2344, 2345, -1,
      1164, 2340, 2346, -1,
      2340, 1164, 1166, -1,
      2336, 2329, 2322, -1,
      1374, 2322, 2329, -1,
      2347, 1366, 1365, -1,
      2336, 2342, 2337, -1,
      2335, 2303, 2342, -1,
      2305, 2251, 2212, -1,
      2305, 2343, 2303, -1,
      2348, 2345, 2344, -1,
      2305, 2212, 2343, -1,
      2213, 2212, 2251, -1,
      2346, 2345, 2349, -1,
      2248, 2247, 2338, -1,
      2250, 2247, 2213, -1,
      2349, 2345, 2348, -1,
      2249, 2348, 2344, -1,
      2346, 2350, 1163, -1,
      1164, 2346, 1163, -1,
      2340, 2345, 2346, -1,
      2342, 2322, 2335, -1,
      1373, 2335, 2322, -1,
      2341, 1367, 2351, -1,
      2342, 2303, 2343, -1,
      2341, 2304, 2303, -1,
      2352, 2253, 2251, -1,
      2352, 2305, 2304, -1,
      2353, 2349, 2348, -1,
      2352, 2251, 2305, -1,
      2250, 2251, 2253, -1,
      2354, 2350, 2349, -1,
      2247, 2249, 2344, -1,
      2207, 2249, 2250, -1,
      2354, 2349, 2353, -1,
      2205, 2353, 2348, -1,
      2350, 2355, 1160, -1,
      1163, 2350, 1160, -1,
      2346, 2349, 2350, -1,
      2303, 2335, 2341, -1,
      1370, 2341, 2335, -1,
      1369, 2356, 2351, -1,
      2357, 1302, 1291, -1,
      2304, 2351, 2358, -1,
      2359, 2208, 2253, -1,
      2359, 2352, 2358, -1,
      2360, 2354, 2353, -1,
      2359, 2253, 2352, -1,
      2207, 2253, 2208, -1,
      2361, 2355, 2354, -1,
      2249, 2205, 2348, -1,
      2205, 2207, 2206, -1,
      1161, 2355, 2362, -1,
      2204, 2360, 2353, -1,
      2360, 2361, 2354, -1,
      1160, 2355, 1161, -1,
      2350, 2354, 2355, -1,
      2341, 2351, 2304, -1,
      1367, 1369, 2351, -1,
      2363, 2356, 1363, -1,
      2304, 2358, 2352, -1,
      2358, 2356, 2364, -1,
      2365, 2256, 2208, -1,
      2365, 2359, 2364, -1,
      2361, 2360, 2366, -1,
      2365, 2208, 2359, -1,
      2206, 2208, 2256, -1,
      2361, 2367, 2362, -1,
      2205, 2204, 2353, -1,
      2204, 2206, 2254, -1,
      1158, 2362, 2368, -1,
      2252, 2366, 2360, -1,
      2366, 2367, 2361, -1,
      1161, 2362, 1158, -1,
      2355, 2361, 2362, -1,
      2351, 2356, 2358, -1,
      1369, 1363, 2356, -1,
      1355, 2369, 1365, -1,
      2358, 2364, 2359, -1,
      2364, 2363, 2370, -1,
      2371, 2259, 2256, -1,
      2365, 2370, 2371, -1,
      2367, 2366, 2372, -1,
      2365, 2371, 2256, -1,
      2254, 2256, 2259, -1,
      2367, 2373, 2368, -1,
      2204, 2252, 2360, -1,
      2252, 2254, 2203, -1,
      1156, 2368, 2374, -1,
      2201, 2372, 2366, -1,
      2372, 2373, 2367, -1,
      1158, 2368, 1156, -1,
      2362, 2367, 2368, -1,
      2356, 2363, 2364, -1,
      1363, 1366, 2363, -1,
      2375, 1355, 1358, -1,
      2364, 2370, 2365, -1,
      2370, 2347, 2376, -1,
      2377, 2202, 2259, -1,
      2377, 2371, 2376, -1,
      2373, 2372, 2378, -1,
      2371, 2377, 2259, -1,
      2259, 2202, 2203, -1,
      2373, 2379, 2374, -1,
      2252, 2201, 2366, -1,
      2199, 2201, 2203, -1,
      1154, 1156, 2374, -1,
      2200, 2378, 2372, -1,
      2368, 2373, 2374, -1,
      2379, 2373, 2378, -1,
      1154, 2374, 2380, -1,
      2370, 2363, 2347, -1,
      1366, 2347, 2363, -1,
      1360, 2381, 1358, -1,
      2370, 2376, 2371, -1,
      2376, 2369, 2382, -1,
      2383, 2257, 2202, -1,
      2383, 2377, 2382, -1,
      2384, 2379, 2378, -1,
      2383, 2202, 2377, -1,
      2199, 2202, 2257, -1,
      2379, 2385, 2380, -1,
      2201, 2200, 2372, -1,
      2258, 2200, 2199, -1,
      1152, 2380, 2386, -1,
      2255, 2384, 2378, -1,
      2384, 2385, 2379, -1,
      1154, 2380, 1152, -1,
      2374, 2379, 2380, -1,
      2376, 2347, 2369, -1,
      1365, 2369, 2347, -1,
      1351, 2387, 1360, -1,
      2376, 2382, 2377, -1,
      2382, 2375, 2388, -1,
      2389, 2262, 2257, -1,
      2389, 2383, 2388, -1,
      2390, 2385, 2384, -1,
      2389, 2257, 2383, -1,
      2258, 2257, 2262, -1,
      2385, 2391, 2386, -1,
      2200, 2255, 2378, -1,
      2197, 2255, 2258, -1,
      1150, 2386, 2392, -1,
      2194, 2390, 2384, -1,
      2390, 2391, 2385, -1,
      1152, 2386, 1150, -1,
      2380, 2385, 2386, -1,
      2382, 2369, 2375, -1,
      1355, 2375, 2369, -1,
      1353, 2393, 1351, -1,
      2382, 2388, 2383, -1,
      2388, 2381, 2394, -1,
      2395, 2198, 2262, -1,
      2395, 2389, 2394, -1,
      2396, 2391, 2390, -1,
      2395, 2262, 2389, -1,
      2197, 2262, 2198, -1,
      2391, 2397, 2392, -1,
      2255, 2194, 2384, -1,
      2195, 2194, 2197, -1,
      1147, 2392, 2398, -1,
      2196, 2396, 2390, -1,
      2396, 2397, 2391, -1,
      1150, 2392, 1147, -1,
      2386, 2391, 2392, -1,
      2388, 2375, 2381, -1,
      1358, 2381, 2375, -1,
      1352, 2399, 1353, -1,
      2388, 2394, 2389, -1,
      2394, 2387, 2400, -1,
      2401, 2263, 2198, -1,
      2401, 2395, 2400, -1,
      2402, 2397, 2396, -1,
      2401, 2198, 2395, -1,
      2195, 2198, 2263, -1,
      2397, 2403, 2398, -1,
      2194, 2196, 2390, -1,
      2260, 2196, 2195, -1,
      1148, 2398, 2404, -1,
      2261, 2402, 2396, -1,
      2402, 2403, 2397, -1,
      1147, 2398, 1148, -1,
      2392, 2397, 2398, -1,
      2394, 2381, 2387, -1,
      1360, 2387, 2381, -1,
      1346, 2405, 1352, -1,
      2394, 2400, 2395, -1,
      2400, 2393, 2406, -1,
      2407, 2264, 2263, -1,
      2407, 2401, 2406, -1,
      2408, 2403, 2402, -1,
      2407, 2263, 2401, -1,
      2260, 2263, 2264, -1,
      2403, 2409, 2404, -1,
      2196, 2261, 2396, -1,
      2192, 2261, 2260, -1,
      1149, 2404, 2410, -1,
      2190, 2408, 2402, -1,
      2408, 2409, 2403, -1,
      1148, 2404, 1149, -1,
      2398, 2403, 2404, -1,
      2400, 2387, 2393, -1,
      1351, 2393, 2387, -1,
      1349, 2411, 1346, -1,
      2400, 2406, 2401, -1,
      2406, 2399, 2412, -1,
      2413, 2193, 2264, -1,
      2407, 2412, 2413, -1,
      2414, 2409, 2408, -1,
      2407, 2413, 2264, -1,
      2192, 2264, 2193, -1,
      2409, 2415, 2410, -1,
      2261, 2190, 2402, -1,
      2191, 2190, 2192, -1,
      1151, 1149, 2410, -1,
      2189, 2414, 2408, -1,
      2404, 2409, 2410, -1,
      2409, 2414, 2415, -1,
      1151, 2410, 2416, -1,
      2406, 2393, 2399, -1,
      1353, 2399, 2393, -1,
      2417, 1349, 1348, -1,
      2406, 2412, 2407, -1,
      2412, 2405, 2418, -1,
      2419, 2270, 2193, -1,
      2413, 2418, 2419, -1,
      2420, 2415, 2414, -1,
      2413, 2419, 2193, -1,
      2191, 2193, 2270, -1,
      2415, 2421, 2416, -1,
      2190, 2189, 2408, -1,
      2268, 2189, 2191, -1,
      1151, 2416, 1153, -1,
      2267, 2420, 2414, -1,
      2410, 2415, 2416, -1,
      2415, 2420, 2421, -1,
      1153, 2416, 2422, -1,
      2412, 2399, 2405, -1,
      1352, 2405, 2399, -1,
      2423, 1348, 1338, -1,
      2412, 2418, 2413, -1,
      2418, 2411, 2424, -1,
      2425, 2269, 2270, -1,
      2419, 2424, 2425, -1,
      2426, 2421, 2420, -1,
      2419, 2425, 2270, -1,
      2268, 2270, 2269, -1,
      2421, 2427, 2422, -1,
      2189, 2267, 2414, -1,
      2188, 2267, 2268, -1,
      1153, 2422, 1155, -1,
      2186, 2426, 2420, -1,
      2416, 2421, 2422, -1,
      2421, 2426, 2427, -1,
      1155, 2422, 2428, -1,
      2418, 2405, 2411, -1,
      1346, 2411, 2405, -1,
      1341, 1343, 2429, -1,
      2418, 2424, 2419, -1,
      2424, 2417, 2430, -1,
      2431, 2187, 2269, -1,
      2425, 2430, 2431, -1,
      2432, 2427, 2426, -1,
      2425, 2431, 2269, -1,
      2188, 2269, 2187, -1,
      2427, 2433, 2428, -1,
      2267, 2186, 2420, -1,
      2184, 2186, 2188, -1,
      1155, 2428, 1157, -1,
      2185, 2432, 2426, -1,
      2422, 2427, 2428, -1,
      2427, 2432, 2433, -1,
      1157, 2428, 2434, -1,
      2424, 2411, 2417, -1,
      1349, 2417, 2411, -1,
      2423, 1338, 2435, -1,
      2424, 2430, 2425, -1,
      2423, 2436, 2430, -1,
      2437, 2271, 2187, -1,
      2431, 2436, 2437, -1,
      2438, 2433, 2432, -1,
      2431, 2437, 2187, -1,
      2184, 2187, 2271, -1,
      2439, 2434, 2433, -1,
      2186, 2185, 2426, -1,
      2265, 2185, 2184, -1,
      1157, 2434, 1159, -1,
      2266, 2438, 2432, -1,
      2428, 2433, 2434, -1,
      2433, 2438, 2439, -1,
      1159, 2434, 2440, -1,
      2430, 2417, 2423, -1,
      1348, 2423, 2417, -1,
      2435, 1341, 2429, -1,
      2430, 2436, 2431, -1,
      2435, 2441, 2436, -1,
      2442, 2274, 2271, -1,
      2442, 2437, 2441, -1,
      2443, 2439, 2438, -1,
      2437, 2442, 2271, -1,
      2265, 2271, 2274, -1,
      2444, 2440, 2439, -1,
      2185, 2266, 2432, -1,
      2183, 2266, 2265, -1,
      2440, 2434, 2439, -1,
      2179, 2443, 2438, -1,
      2443, 2444, 2439, -1,
      1162, 2440, 2445, -1,
      2440, 1162, 1159, -1,
      2423, 2435, 2436, -1,
      1338, 1341, 2435, -1,
      1336, 2446, 1333, -1,
      2436, 2441, 2437, -1,
      1343, 1333, 2447, -1,
      2448, 2182, 2274, -1,
      2448, 2442, 2449, -1,
      2450, 2444, 2443, -1,
      2442, 2448, 2274, -1,
      2183, 2274, 2182, -1,
      2451, 2445, 2444, -1,
      2266, 2179, 2438, -1,
      2180, 2179, 2183, -1,
      2445, 2440, 2444, -1,
      2181, 2450, 2443, -1,
      2450, 2451, 2444, -1,
      1165, 2445, 2452, -1,
      2445, 1165, 1162, -1,
      2441, 2429, 2449, -1,
      2429, 2441, 2435, -1,
      1335, 2453, 1336, -1,
      2441, 2449, 2442, -1,
      2449, 2447, 2454, -1,
      2455, 2278, 2182, -1,
      2455, 2448, 2454, -1,
      2456, 2451, 2450, -1,
      2448, 2455, 2182, -1,
      2180, 2182, 2278, -1,
      2457, 2452, 2451, -1,
      2179, 2181, 2443, -1,
      2273, 2181, 2180, -1,
      1165, 2452, 1167, -1,
      2272, 2456, 2450, -1,
      2445, 2451, 2452, -1,
      2457, 2451, 2456, -1,
      1167, 2452, 2458, -1,
      2449, 2429, 2447, -1,
      1343, 2447, 2429, -1,
      1329, 2459, 1335, -1,
      2449, 2454, 2448, -1,
      2454, 2446, 2460, -1,
      2461, 2277, 2278, -1,
      2461, 2455, 2460, -1,
      2462, 2457, 2456, -1,
      2455, 2461, 2278, -1,
      2273, 2278, 2277, -1,
      2457, 2463, 2458, -1,
      2181, 2272, 2450, -1,
      2175, 2272, 2273, -1,
      1169, 2458, 2464, -1,
      2129, 2462, 2456, -1,
      2462, 2463, 2457, -1,
      1167, 2458, 1169, -1,
      2452, 2457, 2458, -1,
      2454, 2447, 2446, -1,
      1333, 2446, 2447, -1,
      1331, 2465, 1329, -1,
      2454, 2460, 2455, -1,
      2460, 2453, 2466, -1,
      2467, 2176, 2277, -1,
      2467, 2461, 2466, -1,
      2468, 2463, 2462, -1,
      2461, 2467, 2277, -1,
      2175, 2277, 2176, -1,
      2463, 2469, 2464, -1,
      2272, 2129, 2456, -1,
      2127, 2129, 2175, -1,
      1172, 2464, 2470, -1,
      2128, 2468, 2462, -1,
      2468, 2469, 2463, -1,
      1169, 2464, 1172, -1,
      2458, 2463, 2464, -1,
      2460, 2446, 2453, -1,
      1336, 2453, 2446, -1,
      2471, 2467, 2466, -1,
      2460, 2466, 2461, -1,
      2466, 2459, 2471, -1,
      2472, 2280, 2176, -1,
      2472, 2467, 2471, -1,
      2473, 2469, 2468, -1,
      2467, 2472, 2176, -1,
      2127, 2176, 2280, -1,
      2469, 2474, 2470, -1,
      2129, 2128, 2462, -1,
      2276, 2128, 2127, -1,
      1174, 2470, 2475, -1,
      2275, 2473, 2468, -1,
      2473, 2474, 2469, -1,
      1172, 2470, 1174, -1,
      2464, 2469, 2470, -1,
      2466, 2453, 2459, -1,
      1335, 2459, 2453, -1,
      1330, 2476, 1331, -1,
      1329, 2465, 2459, -1,
      2471, 2465, 2477, -1,
      2478, 2281, 2280, -1,
      2478, 2472, 2477, -1,
      2479, 2474, 2473, -1,
      2472, 2478, 2280, -1,
      2276, 2280, 2281, -1,
      2474, 2480, 2475, -1,
      2128, 2275, 2468, -1,
      2171, 2275, 2276, -1,
      1175, 2475, 2481, -1,
      2178, 2479, 2473, -1,
      2479, 2480, 2474, -1,
      1174, 2475, 1175, -1,
      2470, 2474, 2475, -1,
      2471, 2459, 2465, -1,
      1330, 1321, 2482, -1,
      1324, 2483, 1321, -1,
      2471, 2477, 2472, -1,
      2477, 2476, 2484, -1,
      2485, 2172, 2281, -1,
      2485, 2478, 2484, -1,
      2486, 2480, 2479, -1,
      2478, 2485, 2281, -1,
      2171, 2281, 2172, -1,
      2480, 2487, 2481, -1,
      2275, 2178, 2473, -1,
      2170, 2178, 2171, -1,
      1176, 2481, 2488, -1,
      2177, 2486, 2479, -1,
      2486, 2487, 2480, -1,
      1175, 2481, 1176, -1,
      2475, 2480, 2481, -1,
      2477, 2465, 2476, -1,
      1331, 2476, 2465, -1,
      1326, 2489, 1324, -1,
      2477, 2484, 2478, -1,
      2484, 2482, 2490, -1,
      2491, 2282, 2172, -1,
      2491, 2485, 2490, -1,
      2492, 2487, 2486, -1,
      2485, 2491, 2172, -1,
      2170, 2172, 2282, -1,
      2487, 2493, 2488, -1,
      2178, 2177, 2479, -1,
      2167, 2177, 2170, -1,
      1288, 1176, 2488, -1,
      2279, 2492, 2486, -1,
      2481, 2487, 2488, -1,
      2487, 2492, 2493, -1,
      1288, 2488, 2494, -1,
      2484, 2476, 2482, -1,
      1330, 2482, 2476, -1,
      1316, 2495, 1326, -1,
      2484, 2490, 2485, -1,
      2490, 2483, 2496, -1,
      2497, 2168, 2282, -1,
      2497, 2491, 2496, -1,
      2498, 2493, 2492, -1,
      2491, 2497, 2282, -1,
      2167, 2282, 2168, -1,
      2493, 2499, 2494, -1,
      2177, 2279, 2486, -1,
      2162, 2279, 2167, -1,
      1288, 2494, 1287, -1,
      2173, 2498, 2492, -1,
      2488, 2493, 2494, -1,
      2493, 2498, 2499, -1,
      1287, 2494, 2500, -1,
      2490, 2482, 2483, -1,
      1321, 2483, 2482, -1,
      1319, 2501, 1316, -1,
      2490, 2496, 2491, -1,
      2496, 2489, 2502, -1,
      2503, 2163, 2168, -1,
      2503, 2497, 2502, -1,
      2504, 2499, 2498, -1,
      2497, 2503, 2168, -1,
      2162, 2168, 2163, -1,
      2499, 2505, 2500, -1,
      2279, 2173, 2492, -1,
      2164, 2173, 2162, -1,
      1287, 2500, 1286, -1,
      2174, 2504, 2498, -1,
      2494, 2499, 2500, -1,
      2499, 2504, 2505, -1,
      1286, 2500, 2506, -1,
      2496, 2483, 2489, -1,
      1324, 2489, 2483, -1,
      1318, 2507, 1319, -1,
      2496, 2502, 2497, -1,
      2502, 2495, 2508, -1,
      2509, 2284, 2163, -1,
      2509, 2503, 2508, -1,
      2510, 2505, 2504, -1,
      2503, 2509, 2163, -1,
      2164, 2163, 2284, -1,
      2505, 2511, 2506, -1,
      2173, 2174, 2498, -1,
      2158, 2174, 2164, -1,
      1286, 2506, 1177, -1,
      2169, 2510, 2504, -1,
      2500, 2505, 2506, -1,
      2505, 2510, 2511, -1,
      1177, 2506, 2512, -1,
      2502, 2489, 2495, -1,
      1326, 2495, 2489, -1,
      1311, 2513, 1318, -1,
      2502, 2508, 2503, -1,
      2508, 2501, 2514, -1,
      2515, 2156, 2284, -1,
      2515, 2509, 2514, -1,
      2516, 2511, 2510, -1,
      2509, 2515, 2284, -1,
      2158, 2284, 2156, -1,
      2517, 2512, 2511, -1,
      2174, 2169, 2504, -1,
      2157, 2169, 2158, -1,
      1177, 2512, 1285, -1,
      2166, 2516, 2510, -1,
      2506, 2511, 2512, -1,
      2511, 2516, 2517, -1,
      1285, 2512, 2518, -1,
      2508, 2495, 2501, -1,
      1316, 2501, 2495, -1,
      1314, 2519, 1311, -1,
      2508, 2514, 2509, -1,
      2514, 2507, 2520, -1,
      2521, 2285, 2156, -1,
      2521, 2515, 2520, -1,
      2522, 2517, 2516, -1,
      2515, 2521, 2156, -1,
      2157, 2156, 2285, -1,
      2523, 2518, 2517, -1,
      2169, 2166, 2510, -1,
      2159, 2166, 2157, -1,
      2518, 2512, 2517, -1,
      2165, 2522, 2516, -1,
      2522, 2523, 2517, -1,
      1145, 2518, 2524, -1,
      2518, 1145, 1285, -1,
      2514, 2501, 2507, -1,
      1319, 2507, 2501, -1,
      1313, 2525, 1314, -1,
      2514, 2520, 2515, -1,
      2520, 2513, 2526, -1,
      2527, 2160, 2285, -1,
      2527, 2521, 2526, -1,
      2528, 2523, 2522, -1,
      2521, 2527, 2285, -1,
      2159, 2285, 2160, -1,
      2524, 2523, 2529, -1,
      2166, 2165, 2516, -1,
      2161, 2165, 2159, -1,
      2524, 2518, 2523, -1,
      2152, 2528, 2522, -1,
      2528, 2529, 2523, -1,
      1146, 2524, 2530, -1,
      2524, 1146, 1145, -1,
      2520, 2507, 2513, -1,
      1318, 2513, 2507, -1,
      1303, 2531, 1313, -1,
      2520, 2526, 2521, -1,
      2526, 2519, 2532, -1,
      2533, 2287, 2160, -1,
      2533, 2527, 2532, -1,
      2534, 2529, 2528, -1,
      2527, 2533, 2160, -1,
      2161, 2160, 2287, -1,
      2530, 2529, 2535, -1,
      2165, 2152, 2522, -1,
      2148, 2152, 2161, -1,
      2530, 2524, 2529, -1,
      2151, 2534, 2528, -1,
      2534, 2535, 2529, -1,
      1280, 2530, 2536, -1,
      2530, 1280, 1146, -1,
      2526, 2513, 2519, -1,
      1311, 2519, 2513, -1,
      1306, 2537, 1303, -1,
      2526, 2532, 2527, -1,
      2532, 2525, 2538, -1,
      2539, 2146, 2287, -1,
      2539, 2533, 2538, -1,
      2540, 2535, 2534, -1,
      2533, 2539, 2287, -1,
      2148, 2287, 2146, -1,
      2536, 2535, 2541, -1,
      2152, 2151, 2528, -1,
      2147, 2151, 2148, -1,
      2536, 2530, 2535, -1,
      2154, 2540, 2534, -1,
      2540, 2541, 2535, -1,
      1187, 2536, 2542, -1,
      2536, 1187, 1280, -1,
      2532, 2519, 2525, -1,
      1314, 2525, 2519, -1,
      1308, 2543, 1306, -1,
      2532, 2538, 2533, -1,
      2538, 2531, 2544, -1,
      2545, 2283, 2146, -1,
      2545, 2539, 2544, -1,
      2546, 2541, 2540, -1,
      2539, 2545, 2146, -1,
      2147, 2146, 2283, -1,
      2547, 2542, 2541, -1,
      2151, 2154, 2534, -1,
      2155, 2154, 2147, -1,
      2542, 2536, 2541, -1,
      2153, 2546, 2540, -1,
      2546, 2547, 2541, -1,
      1188, 2542, 2548, -1,
      2542, 1188, 1187, -1,
      2538, 2525, 2531, -1,
      1313, 2531, 2525, -1,
      1298, 2549, 1308, -1,
      2538, 2544, 2539, -1,
      2544, 2537, 2550, -1,
      2132, 2294, 2551, -1,
      2291, 2545, 2550, -1,
      2552, 2547, 2546, -1,
      2291, 2283, 2545, -1,
      2283, 2288, 2155, -1,
      2553, 2548, 2547, -1,
      2154, 2153, 2540, -1,
      2153, 2155, 2286, -1,
      1188, 2548, 1276, -1,
      2131, 2552, 2546, -1,
      2542, 2547, 2548, -1,
      2547, 2552, 2553, -1,
      1276, 2548, 2554, -1,
      2544, 2531, 2537, -1,
      1303, 2537, 2531, -1,
      1300, 2555, 1298, -1,
      2544, 2550, 2545, -1,
      2556, 2550, 2543, -1,
      2286, 2290, 2132, -1,
      2289, 2291, 2556, -1,
      2553, 2552, 2133, -1,
      2289, 2288, 2291, -1,
      2290, 2286, 2288, -1,
      2553, 2135, 2554, -1,
      2153, 2131, 2546, -1,
      2131, 2286, 2132, -1,
      1276, 2554, 1277, -1,
      2130, 2133, 2552, -1,
      2548, 2553, 2554, -1,
      2553, 2133, 2135, -1,
      1277, 2554, 2557, -1,
      2550, 2537, 2543, -1,
      1306, 2543, 2537, -1,
      1302, 2558, 1300, -1,
      2550, 2556, 2291, -1,
      2549, 2559, 2556, -1,
      2130, 2551, 2140, -1,
      2289, 2559, 2295, -1,
      2560, 2551, 2561, -1,
      2289, 2295, 2290, -1,
      2290, 2294, 2132, -1,
      2135, 2136, 2557, -1,
      2131, 2130, 2552, -1,
      2130, 2132, 2551, -1,
      1277, 2557, 1192, -1,
      2140, 2134, 2133, -1,
      2554, 2135, 2557, -1,
      2135, 2134, 2136, -1,
      1192, 2557, 2562, -1,
      2556, 2543, 2549, -1,
      1308, 2549, 2543, -1,
      2563, 2564, 2565, -1,
      2556, 2559, 2289, -1,
      2555, 2566, 2559, -1,
      2551, 2294, 2561, -1,
      2566, 2296, 2295, -1,
      2140, 2551, 2560, -1,
      2296, 2561, 2294, -1,
      2567, 2137, 2568, -1,
      2136, 2567, 2562, -1,
      2130, 2140, 2133, -1,
      2140, 2560, 2139, -1,
      1192, 2562, 1272, -1,
      2139, 2137, 2134, -1,
      2557, 2136, 2562, -1,
      2136, 2137, 2567, -1,
      1272, 2562, 2569, -1,
      2559, 2549, 2555, -1,
      1298, 2555, 2549, -1,
      2296, 2570, 2561, -1,
      2559, 2566, 2295, -1,
      2571, 2566, 2558, -1,
      2561, 2572, 2560, -1,
      2571, 2570, 2296, -1,
      2560, 2573, 2139, -1,
      2570, 2572, 2561, -1,
      2139, 2574, 2137, -1,
      2573, 2560, 2572, -1,
      2567, 2144, 2569, -1,
      2574, 2139, 2573, -1,
      1272, 2569, 1196, -1,
      2568, 2137, 2574, -1,
      2562, 2567, 2569, -1,
      2567, 2568, 2144, -1,
      1196, 2569, 2143, -1,
      2566, 2555, 2558, -1,
      1300, 2558, 2555, -1,
      2570, 2565, 2572, -1,
      2566, 2571, 2296, -1,
      2357, 2575, 2571, -1,
      2572, 2564, 2573, -1,
      2575, 2565, 2570, -1,
      2573, 2576, 2574, -1,
      2565, 2564, 2572, -1,
      2574, 2577, 2568, -1,
      2564, 2576, 2573, -1,
      2578, 2144, 2568, -1,
      2574, 2576, 2577, -1,
      1196, 2143, 1197, -1,
      2568, 2577, 2578, -1,
      2569, 2144, 2143, -1,
      2144, 2578, 2142, -1,
      1197, 2143, 2138, -1,
      2571, 2558, 2357, -1,
      1302, 2357, 2558, -1,
      2579, 2576, 2564, -1,
      2571, 2575, 2570, -1,
      2297, 2300, 2575, -1,
      2580, 2577, 2576, -1,
      2300, 2563, 2565, -1,
      2581, 2578, 2577, -1,
      2563, 2579, 2564, -1,
      2582, 2142, 2578, -1,
      2579, 2580, 2576, -1,
      2583, 2138, 2142, -1,
      2580, 2581, 2577, -1,
      2138, 2583, 2141, -1,
      2582, 2578, 2581, -1,
      2143, 2142, 2138, -1,
      2142, 2582, 2583, -1,
      1268, 2138, 2141, -1,
      2575, 2357, 2297, -1,
      1291, 2297, 2357, -1,
      2299, 2584, 2563, -1,
      2575, 2300, 2565, -1,
      2299, 2563, 2300, -1,
      2584, 2585, 2579, -1,
      2584, 2579, 2563, -1,
      2585, 2586, 2580, -1,
      2585, 2580, 2579, -1,
      2586, 2587, 2581, -1,
      2586, 2581, 2580, -1,
      2587, 2588, 2582, -1,
      2587, 2582, 2581, -1,
      2588, 2149, 2583, -1,
      2588, 2583, 2582, -1,
      1198, 1199, 2150, -1,
      2141, 2583, 2149, -1,
      1199, 2141, 2150, -1,
      2297, 1295, 2292, -1,
      2300, 2297, 2292, -1,
      2584, 2298, 2589, -1,
      2293, 2299, 2292, -1,
      2585, 2589, 2590, -1,
      2298, 2584, 2299, -1,
      2586, 2590, 2591, -1,
      2589, 2585, 2584, -1,
      2587, 2591, 2592, -1,
      2590, 2586, 2585, -1,
      2588, 2592, 2593, -1,
      2591, 2587, 2586, -1,
      2149, 2593, 2594, -1,
      2592, 2588, 2587, -1,
      2150, 2594, 2145, -1,
      2593, 2149, 2588, -1,
      2594, 2150, 2149, -1,
      2145, 1198, 2150, -1,
      2595, 2596, 2597, -1,
      2598, 2599, 2600, -1,
      2601, 2602, 2603, -1,
      2604, 2602, 2605, -1,
      1183, 1284, 2606, -1,
      2607, 2602, 2608, -1,
      1183, 2609, 1179, -1,
      2610, 2611, 2612, -1,
      2242, 1289, 1180, -1,
      2613, 2614, 2615, -1,
      2616, 2617, 2609, -1,
      2615, 2618, 2619, -1,
      2620, 2621, 2622, -1,
      2623, 2624, 2625, -1,
      2626, 2627, 2628, -1,
      2629, 2630, 2631, -1,
      2626, 2632, 2633, -1,
      2634, 2635, 2629, -1,
      2636, 2624, 2633, -1,
      2637, 2638, 2639, -1,
      2640, 2631, 2641, -1,
      2642, 2643, 2595, -1,
      2637, 2644, 2645, -1,
      2646, 2647, 2648, -1,
      2649, 2647, 2650, -1,
      2651, 2652, 2653, -1,
      2654, 2651, 2655, -1,
      2656, 2657, 2658, -1,
      2658, 2659, 2660, -1,
      2661, 2662, 2663, -1,
      2664, 2665, 2662, -1,
      2666, 2667, 2668, -1,
      2669, 2666, 2670, -1,
      2671, 2672, 2673, -1,
      2673, 2674, 2675, -1,
      2676, 2677, 2678, -1,
      2676, 2679, 2680, -1,
      2681, 2682, 2683, -1,
      2681, 2684, 2677, -1,
      2685, 2686, 2687, -1,
      2685, 2688, 2682, -1,
      2689, 2690, 2685, -1,
      2682, 2691, 2689, -1,
      2692, 2693, 2590, -1,
      2694, 2686, 2690, -1,
      2298, 2695, 2589, -1,
      2696, 2293, 1842, -1,
      2697, 1839, 1838, -1,
      1842, 1841, 2696, -1,
      2695, 2692, 2589, -1,
      2692, 2590, 2589, -1,
      2693, 2591, 2590, -1,
      2693, 2698, 2591, -1,
      2591, 2698, 2592, -1,
      2592, 2698, 2694, -1,
      2699, 2593, 2694, -1,
      2699, 2594, 2593, -1,
      2594, 2700, 2145, -1,
      2700, 2594, 2699, -1,
      2695, 2298, 2696, -1,
      2701, 1267, 2145, -1,
      2702, 2686, 2698, -1,
      1294, 1842, 2293, -1,
      2677, 2703, 2704, -1,
      2691, 2681, 2704, -1,
      2705, 2706, 2680, -1,
      2703, 2676, 2706, -1,
      2674, 2672, 2707, -1,
      2707, 2705, 2708, -1,
      2708, 2680, 2709, -1,
      2710, 2711, 2712, -1,
      2713, 2670, 2714, -1,
      2715, 2674, 2708, -1,
      2670, 2668, 2716, -1,
      2714, 2716, 2671, -1,
      2673, 2717, 2714, -1,
      2718, 2667, 2719, -1,
      2720, 2719, 2666, -1,
      2718, 2664, 2661, -1,
      2662, 2721, 2722, -1,
      2664, 2719, 2723, -1,
      2724, 2659, 2657, -1,
      2724, 2663, 2722, -1,
      2722, 2725, 2659, -1,
      2726, 2727, 2658, -1,
      2653, 2728, 2655, -1,
      2727, 2728, 2656, -1,
      2652, 2729, 2730, -1,
      2655, 2727, 2731, -1,
      2732, 2729, 2651, -1,
      2730, 2650, 2646, -1,
      2733, 2596, 2734, -1,
      2650, 2729, 2735, -1,
      2597, 2736, 2642, -1,
      2736, 2648, 2737, -1,
      2642, 2737, 2738, -1,
      2739, 2737, 2647, -1,
      2645, 2733, 2638, -1,
      2734, 2740, 2638, -1,
      2595, 2741, 2734, -1,
      2629, 2640, 2742, -1,
      2644, 2634, 2742, -1,
      2743, 2626, 2624, -1,
      2625, 2636, 2641, -1,
      2634, 2637, 2744, -1,
      2632, 2628, 2619, -1,
      2745, 2625, 2631, -1,
      2621, 2618, 2614, -1,
      2712, 2746, 2622, -1,
      2599, 2620, 2746, -1,
      2628, 2747, 2615, -1,
      2614, 2710, 2622, -1,
      2748, 2749, 2750, -1,
      2751, 2752, 2712, -1,
      2753, 1780, 1781, -1,
      2752, 2749, 2748, -1,
      2754, 2755, 2756, -1,
      1781, 1391, 2756, -1,
      2233, 2756, 1391, -1,
      2229, 2754, 2233, -1,
      2757, 1841, 1840, -1,
      2293, 2696, 2298, -1,
      1840, 2758, 2757, -1,
      2759, 2760, 2761, -1,
      2695, 2757, 2762, -1,
      2763, 2702, 2693, -1,
      2763, 2692, 2762, -1,
      2764, 2700, 2699, -1,
      2692, 2763, 2693, -1,
      2698, 2693, 2702, -1,
      2700, 2765, 2701, -1,
      2592, 2694, 2593, -1,
      2694, 2698, 2686, -1,
      1267, 2701, 1201, -1,
      2690, 2764, 2699, -1,
      2145, 2700, 2701, -1,
      2700, 2764, 2765, -1,
      1201, 2701, 2766, -1,
      2695, 2696, 2757, -1,
      1841, 2757, 2696, -1,
      1838, 1837, 2767, -1,
      2695, 2762, 2692, -1,
      2762, 2758, 2768, -1,
      2769, 2687, 2702, -1,
      2763, 2768, 2769, -1,
      2765, 2764, 2770, -1,
      2763, 2769, 2702, -1,
      2702, 2687, 2686, -1,
      2771, 2766, 2765, -1,
      2694, 2690, 2699, -1,
      2690, 2686, 2685, -1,
      1201, 2766, 1202, -1,
      2689, 2770, 2764, -1,
      2701, 2765, 2766, -1,
      2765, 2770, 2771, -1,
      1202, 2766, 2772, -1,
      2757, 2758, 2762, -1,
      1840, 1839, 2758, -1,
      2697, 1838, 2767, -1,
      2762, 2768, 2763, -1,
      2697, 2773, 2768, -1,
      2774, 2688, 2687, -1,
      2774, 2769, 2773, -1,
      2771, 2770, 2775, -1,
      2774, 2687, 2769, -1,
      2685, 2687, 2688, -1,
      2776, 2772, 2771, -1,
      2690, 2689, 2764, -1,
      2689, 2685, 2682, -1,
      2772, 2766, 2771, -1,
      2770, 2691, 2775, -1,
      2775, 2776, 2771, -1,
      1259, 2772, 2777, -1,
      2772, 1259, 1202, -1,
      2768, 2758, 2697, -1,
      1839, 2697, 2758, -1,
      1835, 1834, 2778, -1,
      2768, 2773, 2769, -1,
      1837, 1836, 2779, -1,
      2780, 2683, 2688, -1,
      2774, 2781, 2780, -1,
      2776, 2775, 2782, -1,
      2780, 2688, 2774, -1,
      2682, 2688, 2683, -1,
      2776, 2783, 2777, -1,
      2689, 2691, 2770, -1,
      2691, 2682, 2681, -1,
      2777, 2772, 2776, -1,
      2704, 2782, 2775, -1,
      2782, 2783, 2776, -1,
      1207, 2777, 2784, -1,
      2777, 1207, 1259, -1,
      2773, 2767, 2781, -1,
      2767, 2773, 2697, -1,
      1836, 2785, 2779, -1,
      2773, 2781, 2774, -1,
      2779, 2786, 2781, -1,
      2787, 2684, 2683, -1,
      2780, 2781, 2786, -1,
      2783, 2782, 2788, -1,
      2787, 2683, 2780, -1,
      2683, 2684, 2681, -1,
      2789, 2784, 2783, -1,
      2691, 2704, 2775, -1,
      2677, 2704, 2681, -1,
      1207, 2784, 1208, -1,
      2703, 2788, 2782, -1,
      2777, 2783, 2784, -1,
      2783, 2788, 2789, -1,
      1208, 2784, 2790, -1,
      2781, 2767, 2779, -1,
      1837, 2779, 2767, -1,
      2791, 1834, 1833, -1,
      2780, 2786, 2787, -1,
      2786, 2785, 2792, -1,
      2793, 2678, 2684, -1,
      2787, 2792, 2793, -1,
      2794, 2789, 2788, -1,
      2793, 2684, 2787, -1,
      2684, 2678, 2677, -1,
      2795, 2790, 2789, -1,
      2704, 2703, 2782, -1,
      2676, 2703, 2677, -1,
      1208, 2790, 1254, -1,
      2706, 2794, 2788, -1,
      2784, 2789, 2790, -1,
      2789, 2794, 2795, -1,
      1254, 2790, 2796, -1,
      2779, 2785, 2786, -1,
      1836, 1835, 2785, -1,
      1833, 1831, 2797, -1,
      2786, 2792, 2787, -1,
      2778, 2798, 2792, -1,
      2799, 2679, 2678, -1,
      2799, 2793, 2798, -1,
      2800, 2795, 2794, -1,
      2799, 2678, 2793, -1,
      2676, 2678, 2679, -1,
      2801, 2796, 2795, -1,
      2703, 2706, 2788, -1,
      2680, 2706, 2676, -1,
      2796, 2790, 2795, -1,
      2705, 2800, 2794, -1,
      2795, 2800, 2801, -1,
      1212, 2796, 2802, -1,
      2796, 1212, 1254, -1,
      2792, 2785, 2778, -1,
      1835, 2778, 2785, -1,
      2803, 1830, 1829, -1,
      2792, 2798, 2793, -1,
      2791, 2759, 2798, -1,
      2761, 2709, 2679, -1,
      2761, 2799, 2759, -1,
      2804, 2801, 2800, -1,
      2761, 2679, 2799, -1,
      2680, 2679, 2709, -1,
      2802, 2801, 2805, -1,
      2706, 2705, 2794, -1,
      2708, 2705, 2680, -1,
      2805, 2801, 2804, -1,
      2707, 2804, 2800, -1,
      2802, 2806, 1213, -1,
      1212, 2802, 1213, -1,
      2796, 2801, 2802, -1,
      2798, 2778, 2791, -1,
      1834, 2791, 2778, -1,
      2797, 1831, 2807, -1,
      2798, 2759, 2799, -1,
      2797, 2760, 2759, -1,
      2808, 2715, 2709, -1,
      2808, 2761, 2760, -1,
      2809, 2805, 2804, -1,
      2808, 2709, 2761, -1,
      2708, 2709, 2715, -1,
      2810, 2806, 2805, -1,
      2705, 2707, 2800, -1,
      2674, 2707, 2708, -1,
      2810, 2805, 2809, -1,
      2672, 2809, 2804, -1,
      2806, 2811, 1251, -1,
      1213, 2806, 1251, -1,
      2802, 2805, 2806, -1,
      2759, 2791, 2797, -1,
      1833, 2797, 2791, -1,
      1832, 2812, 2807, -1,
      2813, 1784, 1780, -1,
      2760, 2807, 2814, -1,
      2815, 2675, 2715, -1,
      2815, 2808, 2814, -1,
      2816, 2810, 2809, -1,
      2815, 2715, 2808, -1,
      2674, 2715, 2675, -1,
      2817, 2811, 2810, -1,
      2707, 2672, 2804, -1,
      2672, 2674, 2673, -1,
      1218, 2811, 2818, -1,
      2671, 2816, 2809, -1,
      2816, 2817, 2810, -1,
      1251, 2811, 1218, -1,
      2806, 2810, 2811, -1,
      2797, 2807, 2760, -1,
      1831, 1832, 2807, -1,
      2819, 2812, 1828, -1,
      2760, 2814, 2808, -1,
      2814, 2812, 2820, -1,
      2821, 2717, 2675, -1,
      2821, 2815, 2820, -1,
      2817, 2816, 2822, -1,
      2821, 2675, 2815, -1,
      2673, 2675, 2717, -1,
      2817, 2823, 2818, -1,
      2672, 2671, 2809, -1,
      2671, 2673, 2714, -1,
      1219, 2818, 2824, -1,
      2716, 2822, 2816, -1,
      2822, 2823, 2817, -1,
      1218, 2818, 1219, -1,
      2811, 2817, 2818, -1,
      2807, 2812, 2814, -1,
      1832, 1828, 2812, -1,
      1825, 2825, 1829, -1,
      2814, 2820, 2815, -1,
      2820, 2819, 2826, -1,
      2827, 2713, 2717, -1,
      2821, 2826, 2827, -1,
      2823, 2822, 2828, -1,
      2821, 2827, 2717, -1,
      2714, 2717, 2713, -1,
      2823, 2829, 2824, -1,
      2671, 2716, 2816, -1,
      2716, 2714, 2670, -1,
      1244, 2824, 2830, -1,
      2668, 2828, 2822, -1,
      2828, 2829, 2823, -1,
      1219, 2824, 1244, -1,
      2818, 2823, 2824, -1,
      2812, 2819, 2820, -1,
      1828, 1830, 2819, -1,
      2831, 1825, 1826, -1,
      2820, 2826, 2821, -1,
      2826, 2803, 2832, -1,
      2833, 2669, 2713, -1,
      2833, 2827, 2832, -1,
      2829, 2828, 2834, -1,
      2827, 2833, 2713, -1,
      2713, 2669, 2670, -1,
      2829, 2835, 2830, -1,
      2716, 2668, 2822, -1,
      2666, 2668, 2670, -1,
      1224, 1244, 2830, -1,
      2667, 2834, 2828, -1,
      2824, 2829, 2830, -1,
      2835, 2829, 2834, -1,
      1224, 2830, 2836, -1,
      2826, 2819, 2803, -1,
      1830, 2803, 2819, -1,
      1827, 2837, 1826, -1,
      2826, 2832, 2827, -1,
      2832, 2825, 2838, -1,
      2839, 2720, 2669, -1,
      2839, 2833, 2838, -1,
      2840, 2835, 2834, -1,
      2839, 2669, 2833, -1,
      2666, 2669, 2720, -1,
      2835, 2841, 2836, -1,
      2668, 2667, 2828, -1,
      2719, 2667, 2666, -1,
      1225, 2836, 2842, -1,
      2718, 2840, 2834, -1,
      2840, 2841, 2835, -1,
      1224, 2836, 1225, -1,
      2830, 2835, 2836, -1,
      2832, 2803, 2825, -1,
      1829, 2825, 2803, -1,
      1821, 2843, 1827, -1,
      2832, 2838, 2833, -1,
      2838, 2831, 2844, -1,
      2845, 2723, 2720, -1,
      2845, 2839, 2844, -1,
      2846, 2841, 2840, -1,
      2845, 2720, 2839, -1,
      2719, 2720, 2723, -1,
      2841, 2847, 2842, -1,
      2667, 2718, 2834, -1,
      2664, 2718, 2719, -1,
      1239, 2842, 2848, -1,
      2661, 2846, 2840, -1,
      2846, 2847, 2841, -1,
      1225, 2842, 1239, -1,
      2836, 2841, 2842, -1,
      2838, 2825, 2831, -1,
      1825, 2831, 2825, -1,
      1823, 2849, 1821, -1,
      2838, 2844, 2839, -1,
      2844, 2837, 2850, -1,
      2851, 2665, 2723, -1,
      2851, 2845, 2850, -1,
      2852, 2847, 2846, -1,
      2851, 2723, 2845, -1,
      2664, 2723, 2665, -1,
      2847, 2853, 2848, -1,
      2718, 2661, 2840, -1,
      2662, 2661, 2664, -1,
      1230, 2848, 2854, -1,
      2663, 2852, 2846, -1,
      2852, 2853, 2847, -1,
      1239, 2848, 1230, -1,
      2842, 2847, 2848, -1,
      2844, 2831, 2837, -1,
      1826, 2837, 2831, -1,
      1822, 2855, 1823, -1,
      2844, 2850, 2845, -1,
      2850, 2843, 2856, -1,
      2857, 2721, 2665, -1,
      2857, 2851, 2856, -1,
      2858, 2853, 2852, -1,
      2857, 2665, 2851, -1,
      2662, 2665, 2721, -1,
      2853, 2859, 2854, -1,
      2661, 2663, 2846, -1,
      2722, 2663, 2662, -1,
      1231, 2854, 2860, -1,
      2724, 2858, 2852, -1,
      2858, 2859, 2853, -1,
      1230, 2854, 1231, -1,
      2848, 2853, 2854, -1,
      2850, 2837, 2843, -1,
      1827, 2843, 2837, -1,
      1816, 2861, 1822, -1,
      2850, 2856, 2851, -1,
      2856, 2849, 2862, -1,
      2863, 2725, 2721, -1,
      2863, 2857, 2862, -1,
      2864, 2859, 2858, -1,
      2863, 2721, 2857, -1,
      2722, 2721, 2725, -1,
      2859, 2865, 2860, -1,
      2663, 2724, 2852, -1,
      2659, 2724, 2722, -1,
      1237, 2860, 2866, -1,
      2657, 2864, 2858, -1,
      2864, 2865, 2859, -1,
      1231, 2860, 1237, -1,
      2854, 2859, 2860, -1,
      2856, 2843, 2849, -1,
      1821, 2849, 2843, -1,
      1819, 2867, 1816, -1,
      2856, 2862, 2857, -1,
      2862, 2855, 2868, -1,
      2869, 2660, 2725, -1,
      2863, 2868, 2869, -1,
      2870, 2865, 2864, -1,
      2863, 2869, 2725, -1,
      2659, 2725, 2660, -1,
      2865, 2871, 2866, -1,
      2724, 2657, 2858, -1,
      2658, 2657, 2659, -1,
      1233, 1237, 2866, -1,
      2656, 2870, 2864, -1,
      2860, 2865, 2866, -1,
      2865, 2870, 2871, -1,
      1233, 2866, 2872, -1,
      2862, 2849, 2855, -1,
      1823, 2855, 2849, -1,
      2873, 1819, 1818, -1,
      2862, 2868, 2863, -1,
      2868, 2861, 2874, -1,
      2875, 2726, 2660, -1,
      2869, 2874, 2875, -1,
      2876, 2871, 2870, -1,
      2869, 2875, 2660, -1,
      2658, 2660, 2726, -1,
      2871, 2877, 2872, -1,
      2657, 2656, 2864, -1,
      2727, 2656, 2658, -1,
      1233, 2872, 1234, -1,
      2728, 2876, 2870, -1,
      2866, 2871, 2872, -1,
      2871, 2876, 2877, -1,
      1234, 2872, 2878, -1,
      2868, 2855, 2861, -1,
      1822, 2861, 2855, -1,
      2879, 1818, 1808, -1,
      2868, 2874, 2869, -1,
      2874, 2867, 2880, -1,
      2881, 2731, 2726, -1,
      2875, 2880, 2881, -1,
      2882, 2877, 2876, -1,
      2875, 2881, 2726, -1,
      2727, 2726, 2731, -1,
      2877, 2883, 2878, -1,
      2656, 2728, 2870, -1,
      2655, 2728, 2727, -1,
      1234, 2878, 1242, -1,
      2653, 2882, 2876, -1,
      2872, 2877, 2878, -1,
      2877, 2882, 2883, -1,
      1242, 2878, 2884, -1,
      2874, 2861, 2867, -1,
      1816, 2867, 2861, -1,
      1811, 1813, 2885, -1,
      2874, 2880, 2875, -1,
      2880, 2873, 2886, -1,
      2887, 2654, 2731, -1,
      2881, 2886, 2887, -1,
      2888, 2883, 2882, -1,
      2881, 2887, 2731, -1,
      2655, 2731, 2654, -1,
      2883, 2889, 2884, -1,
      2728, 2653, 2876, -1,
      2651, 2653, 2655, -1,
      1242, 2884, 1228, -1,
      2652, 2888, 2882, -1,
      2878, 2883, 2884, -1,
      2883, 2888, 2889, -1,
      1228, 2884, 2890, -1,
      2880, 2867, 2873, -1,
      1819, 2873, 2867, -1,
      2879, 1808, 2891, -1,
      2880, 2886, 2881, -1,
      2879, 2892, 2886, -1,
      2893, 2732, 2654, -1,
      2887, 2892, 2893, -1,
      2894, 2889, 2888, -1,
      2887, 2893, 2654, -1,
      2651, 2654, 2732, -1,
      2895, 2890, 2889, -1,
      2653, 2652, 2882, -1,
      2729, 2652, 2651, -1,
      1228, 2890, 1229, -1,
      2730, 2894, 2888, -1,
      2884, 2889, 2890, -1,
      2889, 2894, 2895, -1,
      1229, 2890, 2896, -1,
      2886, 2873, 2879, -1,
      1818, 2879, 2873, -1,
      2891, 1811, 2885, -1,
      2886, 2892, 2887, -1,
      2891, 2897, 2892, -1,
      2898, 2735, 2732, -1,
      2898, 2893, 2897, -1,
      2899, 2895, 2894, -1,
      2893, 2898, 2732, -1,
      2729, 2732, 2735, -1,
      2900, 2896, 2895, -1,
      2652, 2730, 2888, -1,
      2650, 2730, 2729, -1,
      2896, 2890, 2895, -1,
      2646, 2899, 2894, -1,
      2899, 2900, 2895, -1,
      1248, 2896, 2901, -1,
      2896, 1248, 1229, -1,
      2879, 2891, 2892, -1,
      1808, 1811, 2891, -1,
      1806, 2902, 1803, -1,
      2892, 2897, 2893, -1,
      1813, 1803, 2903, -1,
      2904, 2649, 2735, -1,
      2904, 2898, 2905, -1,
      2906, 2900, 2899, -1,
      2898, 2904, 2735, -1,
      2650, 2735, 2649, -1,
      2907, 2901, 2900, -1,
      2730, 2646, 2894, -1,
      2647, 2646, 2650, -1,
      2901, 2896, 2900, -1,
      2648, 2906, 2899, -1,
      2906, 2907, 2900, -1,
      1247, 2901, 2908, -1,
      2901, 1247, 1248, -1,
      2897, 2885, 2905, -1,
      2885, 2897, 2891, -1,
      1805, 2909, 1806, -1,
      2897, 2905, 2898, -1,
      2905, 2903, 2910, -1,
      2911, 2739, 2649, -1,
      2911, 2904, 2910, -1,
      2912, 2907, 2906, -1,
      2904, 2911, 2649, -1,
      2647, 2649, 2739, -1,
      2913, 2908, 2907, -1,
      2646, 2648, 2899, -1,
      2737, 2648, 2647, -1,
      1247, 2908, 1223, -1,
      2736, 2912, 2906, -1,
      2901, 2907, 2908, -1,
      2913, 2907, 2912, -1,
      1223, 2908, 2914, -1,
      2905, 2885, 2903, -1,
      1813, 2903, 2885, -1,
      1799, 2915, 1805, -1,
      2905, 2910, 2904, -1,
      2910, 2902, 2916, -1,
      2917, 2738, 2739, -1,
      2917, 2911, 2916, -1,
      2918, 2913, 2912, -1,
      2911, 2917, 2739, -1,
      2737, 2739, 2738, -1,
      2913, 2919, 2914, -1,
      2648, 2736, 2906, -1,
      2642, 2736, 2737, -1,
      1253, 2914, 2920, -1,
      2597, 2918, 2912, -1,
      2918, 2919, 2913, -1,
      1223, 2914, 1253, -1,
      2908, 2913, 2914, -1,
      2910, 2903, 2902, -1,
      1803, 2902, 2903, -1,
      1801, 2921, 1799, -1,
      2910, 2916, 2911, -1,
      2916, 2909, 2922, -1,
      2923, 2643, 2738, -1,
      2923, 2917, 2922, -1,
      2924, 2919, 2918, -1,
      2917, 2923, 2738, -1,
      2642, 2738, 2643, -1,
      2919, 2925, 2920, -1,
      2736, 2597, 2912, -1,
      2595, 2597, 2642, -1,
      1217, 2920, 2926, -1,
      2596, 2924, 2918, -1,
      2924, 2925, 2919, -1,
      1253, 2920, 1217, -1,
      2914, 2919, 2920, -1,
      2916, 2902, 2909, -1,
      1806, 2909, 2902, -1,
      1800, 2927, 1801, -1,
      2916, 2922, 2917, -1,
      2922, 2915, 2928, -1,
      2929, 2741, 2643, -1,
      2929, 2923, 2928, -1,
      2930, 2925, 2924, -1,
      2923, 2929, 2643, -1,
      2595, 2643, 2741, -1,
      2925, 2931, 2926, -1,
      2597, 2596, 2918, -1,
      2734, 2596, 2595, -1,
      1215, 2926, 2932, -1,
      2733, 2930, 2924, -1,
      2930, 2931, 2925, -1,
      1217, 2926, 1215, -1,
      2920, 2925, 2926, -1,
      2922, 2909, 2915, -1,
      1805, 2915, 2909, -1,
      1794, 2933, 1800, -1,
      2922, 2928, 2923, -1,
      2928, 2921, 2934, -1,
      2935, 2740, 2741, -1,
      2935, 2929, 2934, -1,
      2936, 2931, 2930, -1,
      2929, 2935, 2741, -1,
      2734, 2741, 2740, -1,
      2931, 2937, 2932, -1,
      2596, 2733, 2924, -1,
      2638, 2733, 2734, -1,
      1257, 2932, 2938, -1,
      2645, 2936, 2930, -1,
      2936, 2937, 2931, -1,
      1215, 2932, 1257, -1,
      2926, 2931, 2932, -1,
      2928, 2915, 2921, -1,
      1799, 2921, 2915, -1,
      1795, 2939, 1794, -1,
      2928, 2934, 2929, -1,
      2934, 2927, 2940, -1,
      2941, 2639, 2740, -1,
      2941, 2935, 2940, -1,
      2942, 2937, 2936, -1,
      2935, 2941, 2740, -1,
      2638, 2740, 2639, -1,
      2937, 2943, 2938, -1,
      2733, 2645, 2930, -1,
      2637, 2645, 2638, -1,
      1209, 2938, 2944, -1,
      2644, 2942, 2936, -1,
      2942, 2943, 2937, -1,
      1257, 2938, 1209, -1,
      2932, 2937, 2938, -1,
      2934, 2921, 2927, -1,
      1801, 2927, 2921, -1,
      1796, 2945, 1795, -1,
      2934, 2940, 2935, -1,
      2940, 2933, 2946, -1,
      2947, 2744, 2639, -1,
      2947, 2941, 2946, -1,
      2948, 2943, 2942, -1,
      2941, 2947, 2639, -1,
      2637, 2639, 2744, -1,
      2943, 2949, 2944, -1,
      2645, 2644, 2936, -1,
      2634, 2644, 2637, -1,
      1210, 1209, 2944, -1,
      2742, 2948, 2942, -1,
      2938, 2943, 2944, -1,
      2943, 2948, 2949, -1,
      1210, 2944, 2950, -1,
      2940, 2927, 2933, -1,
      1800, 2933, 2927, -1,
      1791, 2951, 1796, -1,
      2940, 2946, 2941, -1,
      2946, 2939, 2952, -1,
      2953, 2635, 2744, -1,
      2953, 2947, 2952, -1,
      2954, 2949, 2948, -1,
      2947, 2953, 2744, -1,
      2634, 2744, 2635, -1,
      2949, 2955, 2950, -1,
      2644, 2742, 2942, -1,
      2629, 2742, 2634, -1,
      1210, 2950, 1262, -1,
      2640, 2954, 2948, -1,
      2944, 2949, 2950, -1,
      2949, 2954, 2955, -1,
      1262, 2950, 2956, -1,
      2946, 2933, 2939, -1,
      1794, 2939, 2933, -1,
      1793, 2957, 1791, -1,
      2946, 2952, 2947, -1,
      2952, 2945, 2958, -1,
      2959, 2630, 2635, -1,
      2959, 2953, 2958, -1,
      2960, 2955, 2954, -1,
      2953, 2959, 2635, -1,
      2629, 2635, 2630, -1,
      2955, 2961, 2956, -1,
      2742, 2640, 2948, -1,
      2631, 2640, 2629, -1,
      1262, 2956, 1265, -1,
      2641, 2960, 2954, -1,
      2950, 2955, 2956, -1,
      2955, 2960, 2961, -1,
      1265, 2956, 2962, -1,
      2952, 2939, 2945, -1,
      1795, 2945, 2939, -1,
      1792, 2963, 1793, -1,
      2952, 2958, 2953, -1,
      2958, 2951, 2964, -1,
      2965, 2745, 2630, -1,
      2965, 2959, 2964, -1,
      2966, 2961, 2960, -1,
      2959, 2965, 2630, -1,
      2631, 2630, 2745, -1,
      2961, 2967, 2962, -1,
      2640, 2641, 2954, -1,
      2625, 2641, 2631, -1,
      1265, 2962, 1204, -1,
      2636, 2966, 2960, -1,
      2956, 2961, 2962, -1,
      2961, 2966, 2967, -1,
      1204, 2962, 2968, -1,
      2958, 2945, 2951, -1,
      1796, 2951, 2945, -1,
      1788, 2969, 1792, -1,
      2958, 2964, 2959, -1,
      2964, 2957, 2970, -1,
      2971, 2623, 2745, -1,
      2971, 2965, 2970, -1,
      2972, 2967, 2966, -1,
      2965, 2971, 2745, -1,
      2625, 2745, 2623, -1,
      2973, 2968, 2967, -1,
      2641, 2636, 2960, -1,
      2624, 2636, 2625, -1,
      1204, 2968, 1266, -1,
      2633, 2972, 2966, -1,
      2962, 2967, 2968, -1,
      2967, 2972, 2973, -1,
      1266, 2968, 2974, -1,
      2964, 2951, 2957, -1,
      1791, 2957, 2951, -1,
      1790, 2975, 1788, -1,
      2964, 2970, 2965, -1,
      2970, 2963, 2976, -1,
      2977, 2743, 2623, -1,
      2977, 2971, 2976, -1,
      2978, 2973, 2972, -1,
      2971, 2977, 2623, -1,
      2624, 2623, 2743, -1,
      2979, 2974, 2973, -1,
      2636, 2633, 2966, -1,
      2626, 2633, 2624, -1,
      2974, 2968, 2973, -1,
      2632, 2978, 2972, -1,
      2978, 2979, 2973, -1,
      1194, 2974, 2980, -1,
      2974, 1194, 1266, -1,
      2970, 2957, 2963, -1,
      1793, 2963, 2957, -1,
      1789, 2981, 1790, -1,
      2970, 2976, 2971, -1,
      2976, 2969, 2982, -1,
      2983, 2627, 2743, -1,
      2983, 2977, 2982, -1,
      2984, 2979, 2978, -1,
      2977, 2983, 2743, -1,
      2626, 2743, 2627, -1,
      2980, 2979, 2985, -1,
      2633, 2632, 2972, -1,
      2628, 2632, 2626, -1,
      2980, 2974, 2979, -1,
      2619, 2984, 2978, -1,
      2984, 2985, 2979, -1,
      1195, 2980, 2986, -1,
      2980, 1195, 1194, -1,
      2976, 2963, 2969, -1,
      1792, 2969, 2963, -1,
      1785, 2987, 1789, -1,
      2976, 2982, 2977, -1,
      2982, 2975, 2988, -1,
      2989, 2747, 2627, -1,
      2989, 2983, 2988, -1,
      2990, 2985, 2984, -1,
      2983, 2989, 2627, -1,
      2628, 2627, 2747, -1,
      2986, 2985, 2991, -1,
      2632, 2619, 2978, -1,
      2615, 2619, 2628, -1,
      2986, 2980, 2985, -1,
      2618, 2990, 2984, -1,
      2990, 2991, 2985, -1,
      1270, 2986, 2992, -1,
      2986, 1270, 1195, -1,
      2982, 2969, 2975, -1,
      1788, 2975, 2969, -1,
      2993, 2989, 2988, -1,
      2982, 2988, 2983, -1,
      2988, 2981, 2993, -1,
      2994, 2613, 2747, -1,
      2994, 2989, 2993, -1,
      2995, 2991, 2990, -1,
      2989, 2994, 2747, -1,
      2615, 2747, 2613, -1,
      2992, 2991, 2996, -1,
      2619, 2618, 2984, -1,
      2614, 2618, 2615, -1,
      2992, 2986, 2991, -1,
      2621, 2995, 2990, -1,
      2995, 2996, 2991, -1,
      1191, 2992, 2997, -1,
      2992, 1191, 1270, -1,
      2988, 2975, 2981, -1,
      1790, 2981, 2975, -1,
      1786, 2998, 1785, -1,
      1789, 2987, 2981, -1,
      2993, 2987, 2999, -1,
      3000, 2710, 2613, -1,
      3000, 2994, 2999, -1,
      3001, 2996, 2995, -1,
      2994, 3000, 2613, -1,
      2614, 2613, 2710, -1,
      3002, 2997, 2996, -1,
      2618, 2621, 2990, -1,
      2622, 2621, 2614, -1,
      2997, 2992, 2996, -1,
      2620, 3001, 2995, -1,
      3001, 3002, 2996, -1,
      1189, 2997, 3003, -1,
      2997, 1189, 1191, -1,
      2993, 2981, 2987, -1,
      1786, 1787, 3004, -1,
      1782, 3005, 1787, -1,
      2993, 2999, 2994, -1,
      2999, 2998, 3006, -1,
      2600, 2748, 3007, -1,
      2711, 3000, 3006, -1,
      3008, 3002, 3001, -1,
      2711, 2710, 3000, -1,
      2710, 2712, 2622, -1,
      3009, 3003, 3002, -1,
      2621, 2620, 2995, -1,
      2620, 2622, 2746, -1,
      1189, 3003, 1275, -1,
      2599, 3008, 3001, -1,
      2997, 3002, 3003, -1,
      3002, 3008, 3009, -1,
      1275, 3003, 3010, -1,
      2999, 2987, 2998, -1,
      1785, 2998, 2987, -1,
      1783, 3011, 1782, -1,
      2999, 3006, 3000, -1,
      3012, 3006, 3004, -1,
      2746, 2752, 2600, -1,
      2751, 2711, 3012, -1,
      3009, 3008, 2601, -1,
      2751, 2712, 2711, -1,
      2752, 2746, 2712, -1,
      3009, 2603, 3010, -1,
      2620, 2599, 3001, -1,
      2599, 2746, 2600, -1,
      1275, 3010, 1278, -1,
      2598, 2601, 3008, -1,
      3003, 3009, 3010, -1,
      3009, 2601, 2603, -1,
      1278, 3010, 3013, -1,
      3006, 2998, 3004, -1,
      1786, 3004, 2998, -1,
      1784, 3014, 1783, -1,
      3006, 3012, 2711, -1,
      3005, 3015, 3012, -1,
      2598, 3007, 2608, -1,
      2751, 3015, 2749, -1,
      3016, 3007, 3017, -1,
      2751, 2749, 2752, -1,
      2752, 2748, 2600, -1,
      2603, 2604, 3013, -1,
      2599, 2598, 3008, -1,
      2598, 2600, 3007, -1,
      1278, 3013, 1184, -1,
      2608, 2602, 2601, -1,
      3010, 2603, 3013, -1,
      2603, 2602, 2604, -1,
      1184, 3013, 3018, -1,
      3012, 3004, 3005, -1,
      1787, 3005, 3004, -1,
      3019, 3020, 3021, -1,
      3012, 3015, 2751, -1,
      3011, 3022, 3015, -1,
      3007, 2748, 3017, -1,
      3022, 2750, 2749, -1,
      2608, 3007, 3016, -1,
      2750, 3017, 2748, -1,
      3023, 2605, 3024, -1,
      2604, 3023, 3018, -1,
      2598, 2608, 2601, -1,
      2608, 3016, 2607, -1,
      1184, 3018, 1279, -1,
      2607, 2605, 2602, -1,
      3013, 2604, 3018, -1,
      2604, 2605, 3023, -1,
      1279, 3018, 3025, -1,
      3015, 3005, 3011, -1,
      1782, 3011, 3005, -1,
      2750, 3026, 3017, -1,
      3015, 3022, 2749, -1,
      3027, 3022, 3014, -1,
      3017, 3028, 3016, -1,
      3027, 3026, 2750, -1,
      3016, 3029, 2607, -1,
      3026, 3028, 3017, -1,
      2607, 3030, 2605, -1,
      3029, 3016, 3028, -1,
      3023, 2612, 3025, -1,
      3030, 2607, 3029, -1,
      1279, 3025, 1281, -1,
      3024, 2605, 3030, -1,
      3018, 3023, 3025, -1,
      3023, 3024, 2612, -1,
      1281, 3025, 2611, -1,
      3022, 3011, 3014, -1,
      1783, 3014, 3011, -1,
      3026, 3021, 3028, -1,
      3022, 3027, 2750, -1,
      2813, 3031, 3027, -1,
      3028, 3020, 3029, -1,
      3031, 3021, 3026, -1,
      3029, 3032, 3030, -1,
      3021, 3020, 3028, -1,
      3030, 3033, 3024, -1,
      3020, 3032, 3029, -1,
      3034, 2612, 3024, -1,
      3030, 3032, 3033, -1,
      1281, 2611, 1284, -1,
      3024, 3033, 3034, -1,
      3025, 2612, 2611, -1,
      2612, 3034, 2610, -1,
      1284, 2611, 2606, -1,
      3027, 3014, 2813, -1,
      1784, 2813, 3014, -1,
      3035, 3032, 3020, -1,
      3027, 3031, 3026, -1,
      2753, 2755, 3031, -1,
      3036, 3033, 3032, -1,
      2755, 3019, 3021, -1,
      3037, 3034, 3033, -1,
      3019, 3035, 3020, -1,
      3038, 2610, 3034, -1,
      3035, 3036, 3032, -1,
      3039, 2606, 2610, -1,
      3036, 3037, 3033, -1,
      2606, 3039, 2609, -1,
      3038, 3034, 3037, -1,
      2611, 2610, 2606, -1,
      2610, 3038, 3039, -1,
      1183, 2606, 2609, -1,
      3031, 2813, 2753, -1,
      1780, 2753, 2813, -1,
      2754, 3040, 3019, -1,
      3031, 2755, 3021, -1,
      2754, 3019, 2755, -1,
      3040, 3041, 3035, -1,
      3040, 3035, 3019, -1,
      3041, 3042, 3036, -1,
      3041, 3036, 3035, -1,
      3042, 3043, 3037, -1,
      3042, 3037, 3036, -1,
      3043, 3044, 3038, -1,
      3043, 3038, 3037, -1,
      3044, 2616, 3039, -1,
      3044, 3039, 3038, -1,
      1180, 1179, 2617, -1,
      2609, 3039, 2616, -1,
      1179, 2609, 2617, -1,
      2753, 1781, 2756, -1,
      2755, 2753, 2756, -1,
      3040, 2229, 2231, -1,
      2233, 2754, 2756, -1,
      3041, 2231, 2227, -1,
      2229, 3040, 2754, -1,
      3042, 2227, 2235, -1,
      2231, 3041, 3040, -1,
      3043, 2235, 2237, -1,
      2227, 3042, 3041, -1,
      3044, 2237, 2239, -1,
      2235, 3043, 3042, -1,
      2616, 2239, 2240, -1,
      2237, 3044, 3043, -1,
      2617, 2240, 2242, -1,
      2239, 2616, 3044, -1,
      2240, 2617, 2616, -1,
      2242, 1180, 2617, -1,
      3045, 3046, 3047, -1,
      3048, 3049, 3050, -1,
      3048, 3050, 3051, -1,
      3046, 3045, 3049, -1,
      3049, 3052, 3046, -1,
      3053, 3054, 3052, -1,
      3055, 3056, 3057, -1,
      3057, 3058, 3053, -1,
      3059, 3060, 3061, -1,
      3062, 3061, 3063, -1,
      3064, 3065, 3066, -1,
      3059, 3066, 3065, -1,
      3064, 3067, 3068, -1,
      3067, 3064, 3066, -1,
      3060, 3059, 3065, -1,
      3055, 3062, 3063, -1,
      3060, 3063, 3061, -1,
      3057, 3056, 3058, -1,
      3057, 3062, 3055, -1,
      3052, 3054, 3046, -1,
      3054, 3053, 3058, -1,
      3052, 3049, 3048, -1,
      3069, 3070, 3071, -1,
      3070, 3069, 3072, -1,
      3071, 3070, 3073, -1,
      3069, 3074, 3072, -1,
      3071, 3073, 3075, -1,
      3076, 3077, 3078, -1,
      3079, 3080, 3077, -1,
      3077, 3076, 3079, -1,
      3081, 3082, 3080, -1,
      3079, 3083, 3080, -1,
      3080, 3083, 3081, -1,
      3084, 3082, 3081, -1,
      3083, 3085, 3086, -1,
      3083, 3086, 3081, -1,
      3087, 3086, 3085, -1,
      3087, 3088, 3089, -1,
      3089, 3086, 3087, -1,
      3090, 3089, 3091, -1,
      3088, 3091, 3089, -1,
      3092, 3090, 3091, -1,
      3093, 3094, 3095, -1,
      3092, 3093, 3095, -1,
      3090, 3092, 3095, -1,
      3096, 3097, 3098, -1,
      3099, 3100, 3101, -1,
      3099, 3101, 3102, -1,
      3097, 3096, 3100, -1,
      3100, 3103, 3097, -1,
      3104, 3105, 3103, -1,
      3106, 3107, 3108, -1,
      3108, 3109, 3104, -1,
      3110, 3111, 3112, -1,
      3113, 3112, 3114, -1,
      3115, 3116, 3117, -1,
      3110, 3117, 3116, -1,
      3115, 3118, 3119, -1,
      3118, 3115, 3117, -1,
      3111, 3110, 3116, -1,
      3106, 3113, 3114, -1,
      3111, 3114, 3112, -1,
      3108, 3107, 3109, -1,
      3108, 3113, 3106, -1,
      3103, 3105, 3097, -1,
      3105, 3104, 3109, -1,
      3103, 3100, 3099, -1,
      3120, 3121, 3122, -1,
      3121, 3120, 3123, -1,
      3122, 3121, 3124, -1,
      3120, 3125, 3123, -1,
      3122, 3124, 3126, -1,
      3127, 3128, 3129, -1,
      3130, 3131, 3132, -1,
      3133, 3131, 3134, -1,
      3131, 3133, 3135, -1,
      3134, 3131, 3130, -1,
      3136, 3137, 3138, -1,
      3127, 3131, 3139, -1,
      3140, 3141, 3142, -1,
      3143, 3142, 3141, -1,
      3144, 3142, 3145, -1,
      3143, 3145, 3142, -1,
      3144, 3138, 3142, -1,
      3146, 3137, 3136, -1,
      3137, 3142, 3138, -1,
      3129, 3128, 3146, -1,
      3146, 3136, 3129, -1,
      3131, 3135, 3139, -1,
      3139, 3128, 3127, -1,
    ]
  }
}

Shape {
  appearance Appearance {
    material Material {
      diffuseColor 1.0000 1.0000 1.0000
      specularColor 0.7529 0.7529 0.7529
      ambientIntensity 0.2
      transparency 1.0000
      shininess 0.5
    }
  }
  geometry IndexedFaceSet {
    ccw TRUE
    solid FALSE
    coord DEF co Coordinate {
      point [
        3.834138 1.181102 0.514374,
        3.786402 1.181102 0.500343,
        3.786307 1.181102 0.514031,
        3.848886 1.181102 0.620890,
        3.833382 1.181102 0.620780,
        3.849736 1.181102 0.500791,
        3.753256 1.181102 0.524543,
        3.760642 1.181102 0.509567,
        3.754713 1.181102 0.505441,
        3.734382 1.181142 0.513173,
        3.734236 1.181102 0.498531,
        3.726972 1.181102 0.497921,
        3.711118 1.181142 0.512496,
        3.722492 1.181102 0.511677,
        3.719449 1.181102 0.497972,
        3.712366 1.181102 0.498551,
        3.705079 1.181102 0.499807,
        3.691531 1.181102 0.504642,
        3.691425 1.181102 0.519500,
        3.700760 1.181142 0.515106,
        3.698130 1.181102 0.501795,
        3.748181 1.181102 0.502201,
        3.744638 1.181142 0.517465,
        3.741358 1.181102 0.499933,
        3.743598 1.181142 0.617748,
        3.731673 1.181142 0.606610,
        3.731961 1.181142 0.620984,
        3.765976 1.181142 0.514563,
        3.759740 1.181142 0.534047,
        3.778343 1.181102 0.578799,
        3.779988 1.181102 0.571339,
        3.763299 1.181142 0.572961,
        3.780638 1.181102 0.548591,
        3.779465 1.181102 0.541142,
        3.763587 1.181142 0.545496,
        3.775906 1.181102 0.585874,
        3.772571 1.181102 0.592665,
        3.759008 1.181142 0.584969,
        3.751929 1.181102 0.594906,
        3.763402 1.181142 0.604626,
        3.768402 1.181102 0.598917,
        3.742614 1.181142 0.602252,
        3.754083 1.181142 0.612299,
        3.704335 1.181142 0.606126,
        3.703445 1.181142 0.620650,
        3.719106 1.181102 0.607996,
        3.719161 1.181102 0.621996,
        3.690736 1.181102 0.616882,
        3.690850 1.181102 0.600673,
        3.780854 1.181102 0.563961,
        3.764803 1.181102 0.558890,
        3.781075 1.181102 0.556177,
        3.777484 1.181102 0.533933,
        3.774551 1.181102 0.526929,
        3.770720 1.181102 0.520465,
        3.604913 1.181102 0.605346,
        3.604815 1.181102 0.619161,
        3.651272 1.181102 0.605673,
        3.666677 1.181102 0.619598,
        3.651543 1.181102 0.567236,
        3.651642 1.181102 0.553484,
        3.608594 1.181102 0.566933,
        3.608693 1.181102 0.553177,
        3.667528 1.181102 0.499496,
        3.602933 1.181102 0.499039,
        3.651929 1.181102 0.513079,
        3.602839 1.181102 0.512732,
        3.522937 1.181102 0.600642,
        3.512299 1.181102 0.611157,
        3.519146 1.181102 0.614220,
        3.483256 1.181142 0.546516,
        3.498335 1.181142 0.559457,
        3.499854 1.181102 0.545591,
        3.505831 1.181102 0.607240,
        3.516819 1.181102 0.597484,
        3.511264 1.181142 0.593382,
        3.499701 1.181102 0.573220,
        3.483071 1.181142 0.572457,
        3.486390 1.181142 0.583803,
        3.482028 1.181102 0.559772,
        3.504008 1.181102 0.584531,
        3.499839 1.181142 0.602512,
        3.526445 1.181102 0.616492,
        3.529465 1.181102 0.602870,
        3.504213 1.181102 0.533972,
        3.492472 1.181142 0.524201,
        3.486740 1.181142 0.534657,
        3.533752 1.181102 0.617913,
        3.541350 1.181102 0.618634,
        3.536185 1.181102 0.604232,
        3.500461 1.181102 0.515138,
        3.511413 1.181142 0.524610,
        3.506406 1.181102 0.510327,
        3.549079 1.181102 0.618764,
        3.543114 1.181102 0.604862,
        3.550161 1.181102 0.604957,
        3.521618 1.181102 0.517472,
        3.527295 1.181102 0.515161,
        3.519799 1.181102 0.503197,
        3.556657 1.181102 0.618819,
        3.527004 1.181102 0.500933,
        3.557075 1.181102 0.605004,
        3.533465 1.181102 0.513547,
        3.539437 1.181102 0.512673,
        3.534539 1.181102 0.499457,
        3.563988 1.181142 0.605055,
        3.557398 1.181102 0.498717,
        3.549783 1.181102 0.498661,
        3.552165 1.181102 0.512374,
        3.564236 1.181102 0.618874,
        3.571815 1.181102 0.618925,
        3.558406 1.181102 0.512417,
        3.564646 1.181142 0.512461,
        3.565016 1.181102 0.498772,
        3.579394 1.181102 0.618980,
        3.580248 1.181142 0.498878,
        3.545839 1.181102 0.512339,
        3.542028 1.181102 0.498752,
        3.516224 1.181102 0.520650,
        3.512854 1.181102 0.506346,
        3.491980 1.181142 0.593819,
        3.572630 1.181102 0.498823,
        3.396886 1.181102 0.530429,
        3.384866 1.181102 0.497492,
        3.367736 1.181102 0.497370,
        3.412630 1.181102 0.617799,
        3.401579 1.181142 0.544031,
        3.446894 1.181102 0.530783,
        3.475803 1.181102 0.498138,
        3.458673 1.181102 0.498016,
        3.429209 1.181102 0.617913,
        3.434787 1.181102 0.563622,
        3.421547 1.181142 0.602508,
        3.427689 1.181102 0.582925,
        3.415362 1.181102 0.582815,
        3.408469 1.181102 0.563425,
        3.441886 1.181142 0.544319,
        3.788374 1.181102 0.429925,
        3.834831 1.181102 0.416437,
        3.788472 1.181102 0.416110,
        3.850236 1.181102 0.430362,
        3.835102 1.181102 0.378000,
        3.835201 1.181102 0.364246,
        3.792252 1.181102 0.363941,
        3.792154 1.181102 0.377695,
        3.851091 1.181102 0.310261,
        3.786496 1.181102 0.309803,
        3.835488 1.181102 0.323844,
        3.786398 1.181102 0.323496,
        3.733559 1.181102 0.397173,
        3.735059 1.181102 0.384966,
        3.727469 1.181142 0.383600,
        3.754165 1.181142 0.393783,
        3.763150 1.181102 0.389402,
        3.754441 1.181142 0.380473,
        3.763252 1.181102 0.374789,
        3.745043 1.181142 0.383875,
        3.718122 1.181102 0.322581,
        3.718496 1.181102 0.338593,
        3.719693 1.181102 0.334357,
        3.744299 1.181142 0.396370,
        3.707598 1.181142 0.385293,
        3.713756 1.181142 0.391839,
        3.722067 1.181142 0.379624,
        3.717831 1.181102 0.363843,
        3.703941 1.181142 0.376152,
        3.718850 1.181142 0.373038,
        3.723846 1.181102 0.351606,
        3.717909 1.181142 0.352361,
        3.771165 1.181142 0.325517,
        3.756665 1.181142 0.333785,
        3.771933 1.181102 0.332665,
        3.755618 1.181102 0.328198,
        3.768752 1.181142 0.319420,
        3.764693 1.181102 0.314377,
        3.759244 1.181142 0.310594,
        3.752378 1.181142 0.323746,
        3.755618 1.181102 0.339995,
        3.770740 1.181142 0.341441,
        3.752654 1.181142 0.308292,
        3.744909 1.181102 0.307482,
        3.747358 1.181102 0.320809,
        3.740921 1.181142 0.319796,
        3.734256 1.181142 0.309105,
        3.731870 1.181102 0.321482,
        3.751953 1.181142 0.358656,
        3.752598 1.181142 0.344625,
        3.747508 1.181102 0.347613,
        3.725457 1.181142 0.314139,
        3.724539 1.181142 0.326680,
        3.718217 1.181102 0.309319,
        3.703173 1.181102 0.309212,
        3.743276 1.181102 0.360463,
        3.741992 1.181102 0.349153,
        3.717945 1.181102 0.347822,
        3.717988 1.181102 0.343222,
        3.702780 1.181102 0.364412,
        3.722409 1.181142 0.395799,
        3.760079 1.181142 0.355150,
        3.766748 1.181142 0.349341,
        3.735720 1.181102 0.350093,
        3.729783 1.181102 0.350850,
        3.721728 1.181102 0.330292,
        3.643953 1.181102 0.338819,
        3.641079 1.181142 0.335153,
        3.635453 1.181102 0.350994,
        3.674520 1.181102 0.322808,
        3.677063 1.181102 0.309660,
        3.671583 1.181102 0.321600,
        3.665551 1.181102 0.319906,
        3.670945 1.181102 0.308013,
        3.664839 1.181102 0.307134,
        3.668594 1.181102 0.320633,
        3.662453 1.181102 0.319420,
        3.658315 1.181102 0.306879,
        3.659299 1.181102 0.319177,
        3.655941 1.181102 0.319172,
        3.652008 1.181102 0.307274,
        3.652752 1.181102 0.319406,
        3.649831 1.181102 0.319899,
        3.645823 1.181102 0.308422,
        3.644051 1.181102 0.322361,
        3.646685 1.181102 0.320889,
        3.634492 1.181102 0.313515,
        3.641846 1.181102 0.324625,
        3.639941 1.181102 0.310456,
        3.625815 1.181142 0.324693,
        3.640142 1.181142 0.330625,
        3.629083 1.181142 0.318530,
        3.640575 1.181102 0.327380,
        3.625898 1.181142 0.339781,
        3.624689 1.181102 0.331989,
        3.638701 1.181142 0.382724,
        3.628476 1.181102 0.378008,
        3.628374 1.181102 0.392622,
        3.648669 1.181102 0.396571,
        3.650232 1.181102 0.384365,
        3.638126 1.181142 0.395563,
        3.681126 1.181142 0.378793,
        3.666736 1.181102 0.372937,
        3.677870 1.181142 0.384865,
        3.672480 1.181102 0.389926,
        3.665559 1.181142 0.377611,
        3.662102 1.181102 0.381256,
        3.682252 1.181102 0.371696,
        3.656843 1.181142 0.383620,
        3.661669 1.181142 0.394961,
        3.650748 1.181102 0.342805,
        3.649720 1.181102 0.357803,
        3.658004 1.181102 0.345904,
        3.642071 1.181102 0.354565,
        3.629626 1.181142 0.346209,
        3.665740 1.181102 0.349318,
        3.656835 1.181102 0.360959,
        3.663508 1.181102 0.364932,
        3.665945 1.181142 0.368365,
        3.672303 1.181102 0.352994,
        3.681240 1.181142 0.364328,
        3.678079 1.181142 0.358096,
        3.677287 1.181102 0.324194,
        3.682768 1.181142 0.312076,
        3.679996 1.181102 0.325793,
        3.682657 1.181102 0.327611,
        3.573709 1.181102 0.295338,
        3.583378 1.181102 0.308547,
        3.578480 1.181142 0.285484,
        3.534079 1.181102 0.393795,
        3.549673 1.181142 0.393906,
        3.558469 1.181102 0.370185,
        3.575846 1.181142 0.322555,
        3.567260 1.181102 0.346465,
        3.591492 1.181102 0.370413,
        3.616417 1.181102 0.394378,
        3.583394 1.181102 0.346566,
        3.584996 1.181142 0.276705,
        3.590087 1.181102 0.292998,
        3.594118 1.181142 0.286288,
        3.599594 1.181102 0.394260,
        3.605587 1.181102 0.281011,
        3.609776 1.181142 0.268460,
        3.604512 1.181102 0.268108,
        3.599283 1.181142 0.282301,
        3.593839 1.181142 0.270316,
        3.609783 1.181142 0.281463,
        3.614205 1.181102 0.269405,
        3.614110 1.181102 0.282791,
        3.455862 1.181102 0.413748,
        3.455764 1.181102 0.427563,
        3.502220 1.181102 0.414079,
        3.517626 1.181102 0.428004,
        3.502492 1.181102 0.375641,
        3.502591 1.181102 0.361887,
        3.459543 1.181102 0.375336,
        3.459638 1.181102 0.361582,
        3.518476 1.181102 0.307902,
        3.453882 1.181102 0.307444,
        3.502878 1.181102 0.321485,
        3.453787 1.181102 0.321137,
        3.373882 1.181102 0.409047,
        3.363248 1.181142 0.419559,
        3.370094 1.181142 0.422626,
        3.334205 1.181142 0.354921,
        3.349283 1.181142 0.367861,
        3.350803 1.181102 0.353997,
        3.356780 1.181142 0.415646,
        3.367764 1.181102 0.405886,
        3.362213 1.181142 0.401787,
        3.350646 1.181102 0.381623,
        3.334020 1.181142 0.380860,
        3.337339 1.181142 0.392208,
        3.332976 1.181102 0.368176,
        3.354957 1.181102 0.392936,
        3.350787 1.181102 0.410917,
        3.377394 1.181142 0.424898,
        3.380413 1.181102 0.411276,
        3.355161 1.181102 0.342377,
        3.343421 1.181142 0.332604,
        3.337689 1.181142 0.343064,
        3.384701 1.181142 0.426319,
        3.392299 1.181142 0.427039,
        3.387134 1.181102 0.412638,
        3.351409 1.181102 0.323542,
        3.362362 1.181142 0.333015,
        3.357354 1.181102 0.318731,
        3.400028 1.181142 0.427169,
        3.394063 1.181102 0.413264,
        3.401106 1.181102 0.413362,
        3.372567 1.181102 0.325876,
        3.378244 1.181102 0.323566,
        3.370748 1.181102 0.311600,
        3.407606 1.181142 0.427224,
        3.377953 1.181102 0.309336,
        3.408024 1.181102 0.413409,
        3.384413 1.181102 0.321951,
        3.390386 1.181102 0.321078,
        3.385488 1.181102 0.307862,
        3.414937 1.181142 0.413461,
        3.408346 1.181102 0.307121,
        3.400732 1.181102 0.307067,
        3.403114 1.181102 0.320777,
        3.415185 1.181142 0.427276,
        3.422764 1.181142 0.427331,
        3.409354 1.181102 0.320822,
        3.415594 1.181142 0.320866,
        3.415965 1.181102 0.307175,
        3.430343 1.181102 0.427386,
        3.431197 1.181142 0.307283,
        3.396787 1.181102 0.320744,
        3.392976 1.181102 0.307155,
        3.367173 1.181102 0.329054,
        3.363803 1.181102 0.314750,
        3.342929 1.181142 0.402224,
        3.423579 1.181102 0.307229,
        3.247831 1.181102 0.338834,
        3.235815 1.181102 0.305898,
        3.218685 1.181102 0.305776,
        3.263575 1.181102 0.426201,
        3.252524 1.181142 0.352438,
        3.297843 1.181102 0.339189,
        3.326752 1.181102 0.306543,
        3.309622 1.181102 0.306421,
        3.280154 1.181102 0.426319,
        3.285736 1.181102 0.372027,
        3.272496 1.181142 0.410913,
        3.278634 1.181102 0.391330,
        3.266311 1.181102 0.391220,
        3.259417 1.181102 0.371829,
        3.292835 1.181142 0.352724,
        4.101929 1.181102 0.363715,
        4.122677 1.181142 0.359578,
        4.128465 1.181142 0.353874,
        4.058740 1.181102 0.311318,
        4.063504 1.181102 0.363442,
        4.133701 1.181102 0.338322,
        4.131811 1.181142 0.328528,
        4.109134 1.181102 0.311675,
        4.115394 1.181142 0.363305,
        4.107047 1.181102 0.364605,
        4.126575 1.181142 0.320231,
        4.118740 1.181142 0.314318,
        4.132283 1.181142 0.346639,
        4.466575 1.181142 0.530902,
        4.424488 1.181142 0.499059,
        4.413976 1.181142 0.511634,
        4.309843 1.181142 0.307975,
        4.327598 1.181142 0.258793,
        4.309331 1.181102 0.256734,
        4.041142 1.181142 0.314041,
        4.049055 1.181142 0.365999,
        4.322087 1.181142 0.529992,
        4.299567 1.181142 0.542697,
        4.337402 1.181142 0.534563,
        4.309370 1.181142 0.374580,
        4.326024 1.181142 0.426575,
        4.342638 1.181142 0.421213,
        3.954055 1.181142 0.395055,
        4.007835 1.181142 0.401587,
        3.960591 1.181142 0.378589,
        4.024488 1.181142 0.379433,
        3.969528 1.181142 0.363206,
        4.015000 1.181142 0.389598,
        4.299016 1.181102 0.372846,
        4.244291 1.181102 0.398882,
        4.257087 1.181142 0.411075,
        4.282717 1.181102 0.360925,
        4.223307 1.181102 0.350058,
        4.003228 1.181142 0.415043,
        3.950039 1.181142 0.412319,
        4.001535 1.181102 0.429610,
        3.980787 1.181102 0.349192,
        4.035945 1.181142 0.371448,
        3.993937 1.181142 0.337009,
        4.024331 1.181142 0.319312,
        4.008543 1.181142 0.327009,
        3.948622 1.181102 0.430091,
        4.003189 1.181142 0.444874,
        3.979173 1.181142 0.507823,
        4.026142 1.181142 0.481740,
        3.966496 1.181142 0.490917,
        3.956929 1.181142 0.472043,
        4.008110 1.181142 0.458921,
        3.950866 1.181142 0.451630,
        4.063543 1.181142 0.595370,
        4.106457 1.181142 0.566075,
        4.050984 1.181142 0.578976,
        4.052441 1.181142 0.494819,
        4.012441 1.181142 0.534063,
        4.032362 1.181102 0.542551,
        4.085000 1.181142 0.534390,
        4.040512 1.181142 0.561315,
        4.094488 1.181142 0.551122,
        4.067677 1.181102 0.496689,
        4.078268 1.181142 0.516169,
        4.074528 1.181102 0.496736,
        4.289961 1.181102 0.368129,
        4.120591 1.181142 0.578972,
        4.077992 1.181102 0.610339,
        4.098307 1.181142 0.625921,
        4.136614 1.181142 0.589531,
        4.120394 1.181142 0.638441,
        4.154252 1.181142 0.597465,
        4.143858 1.181142 0.647693,
        4.193780 1.181102 0.655563,
        4.193307 1.181102 0.604323,
        4.168465 1.181142 0.653472,
        4.173268 1.181142 0.602488,
        4.277874 1.181142 0.634516,
        4.296496 1.181102 0.622988,
        4.255945 1.181142 0.587559,
        4.216024 1.181142 0.654307,
        4.237520 1.181142 0.650299,
        4.215748 1.181142 0.602449,
        4.258189 1.181142 0.643661,
        4.236732 1.181142 0.596744,
        4.452441 1.181102 0.547240,
        4.401220 1.181142 0.521992,
        4.370630 1.181142 0.534669,
        4.397992 1.181142 0.580654,
        4.408071 1.181142 0.576898,
        4.386693 1.181142 0.529787,
        4.427126 1.181142 0.567114,
        4.436063 1.181142 0.561134,
        4.417795 1.181142 0.572374,
        4.334331 1.181102 0.585681,
        4.345000 1.181142 0.587004,
        4.353465 1.181102 0.536287,
        4.377126 1.181142 0.585744,
        4.308307 1.181102 0.523161,
        4.444449 1.181142 0.554539,
        4.432520 1.181142 0.484610,
        4.477913 1.181142 0.512661,
        4.486220 1.181142 0.492878,
        4.493268 1.181102 0.450177,
        4.439488 1.181102 0.451504,
        4.491417 1.181142 0.471929,
        4.437598 1.181142 0.468646,
        4.491929 1.181142 0.429831,
        4.487598 1.181142 0.409996,
        4.437874 1.181142 0.434465,
        4.480433 1.181142 0.391000,
        4.433071 1.181142 0.418567,
        4.458071 1.181102 0.356847,
        4.402913 1.181142 0.380813,
        4.415236 1.181142 0.391429,
        4.470551 1.181142 0.373174,
        4.425394 1.181142 0.404118,
        4.336496 1.181102 0.321629,
        4.390039 1.181102 0.315375,
        4.382913 1.181142 0.299163,
        4.388780 1.181102 0.372581,
        4.409213 1.181142 0.321916,
        4.344567 1.181142 0.264448,
        4.320157 1.181102 0.309708,
        4.359724 1.181142 0.273317,
        4.261575 1.181142 0.271031,
        4.248858 1.181142 0.281390,
        4.299134 1.181102 0.309641,
        4.238307 1.181142 0.293966,
        4.230315 1.181142 0.308411,
        4.282756 1.181102 0.321617,
        4.276299 1.181102 0.341041,
        4.277953 1.181102 0.351730,
        4.289488 1.181142 0.426224,
        4.103307 1.181102 0.412402,
        4.129449 1.181102 0.457846,
        4.357677 1.181142 0.412709,
        4.319724 1.181102 0.372993,
        4.225197 1.181142 0.324378,
        4.278031 1.181102 0.330703,
        4.372638 1.181142 0.285016,
        4.329252 1.181102 0.314425,
        4.292165 1.181142 0.258356,
        4.276142 1.181142 0.263237,
        4.341102 1.181102 0.352178,
        4.336220 1.181102 0.361305,
        4.381142 1.181142 0.387969,
        4.328898 1.181102 0.368406,
        4.370630 1.181142 0.401488,
        4.426969 1.181142 0.331008,
        4.443307 1.181142 0.342652,
        4.387677 1.181142 0.583598,
        4.355748 1.181142 0.587528,
        4.366496 1.181142 0.587047,
        4.310315 1.181142 0.612016,
        4.273031 1.181142 0.575252,
        4.322795 1.181142 0.599516,
        4.287677 1.181142 0.560177,
        3.994606 1.181142 0.522346,
        4.038465 1.181142 0.489701,
        4.015906 1.181142 0.471346,
        4.289961 1.181102 0.314392,
        4.342913 1.181102 0.341513,
        4.341220 1.181102 0.330824,
        4.223346 1.181102 0.341519,
        4.308150 1.181102 0.428370,
        4.272323 1.181142 0.420323,
      ]
    }
    coordIndex [
      0, 1, 2, -1,
      3, 0, 4, -1,
      1, 0, 5, -1,
      3, 5, 0, -1,
      6, 7, 8, -1,
      9, 10, 11, -1,
      12, 13, 14, -1,
      13, 9, 11, -1,
      12, 15, 16, -1,
      14, 15, 12, -1,
      17, 18, 19, -1,
      12, 16, 19, -1,
      16, 20, 19, -1,
      19, 20, 17, -1,
      21, 22, 8, -1,
      6, 8, 22, -1,
      13, 11, 14, -1,
      9, 23, 10, -1,
      22, 21, 23, -1,
      22, 23, 9, -1,
      24, 25, 26, -1,
      7, 6, 27, -1,
      6, 28, 27, -1,
      29, 30, 31, -1,
      32, 33, 34, -1,
      35, 31, 36, -1,
      37, 38, 39, -1,
      40, 36, 37, -1,
      41, 42, 38, -1,
      43, 44, 45, -1,
      26, 45, 46, -1,
      45, 44, 46, -1,
      43, 47, 44, -1,
      26, 25, 45, -1,
      43, 48, 47, -1,
      41, 24, 42, -1,
      24, 41, 25, -1,
      42, 39, 38, -1,
      36, 31, 37, -1,
      39, 40, 37, -1,
      29, 31, 35, -1,
      30, 49, 50, -1,
      31, 30, 50, -1,
      51, 32, 50, -1,
      51, 50, 49, -1,
      52, 34, 33, -1,
      32, 34, 50, -1,
      34, 53, 28, -1,
      53, 34, 52, -1,
      27, 28, 54, -1,
      53, 54, 28, -1,
      55, 56, 57, -1,
      56, 58, 57, -1,
      58, 59, 57, -1,
      59, 60, 61, -1,
      59, 58, 60, -1,
      61, 60, 62, -1,
      58, 63, 60, -1,
      64, 65, 63, -1,
      63, 65, 60, -1,
      64, 66, 65, -1,
      67, 68, 69, -1,
      70, 71, 72, -1,
      73, 74, 75, -1,
      76, 77, 78, -1,
      79, 77, 71, -1,
      80, 76, 78, -1,
      75, 80, 81, -1,
      82, 83, 67, -1,
      84, 85, 86, -1,
      82, 87, 83, -1,
      88, 89, 87, -1,
      89, 83, 87, -1,
      90, 91, 92, -1,
      88, 93, 94, -1,
      94, 89, 88, -1,
      93, 95, 94, -1,
      96, 97, 98, -1,
      95, 93, 99, -1,
      100, 98, 97, -1,
      99, 101, 95, -1,
      102, 103, 104, -1,
      105, 101, 99, -1,
      106, 107, 108, -1,
      109, 110, 105, -1,
      111, 112, 113, -1,
      110, 114, 105, -1,
      114, 115, 105, -1,
      116, 107, 117, -1,
      99, 109, 105, -1,
      116, 108, 107, -1,
      92, 118, 119, -1,
      117, 104, 103, -1,
      90, 84, 91, -1,
      104, 100, 102, -1,
      69, 82, 67, -1,
      74, 73, 68, -1,
      74, 68, 67, -1,
      75, 81, 73, -1,
      81, 80, 120, -1,
      120, 80, 78, -1,
      76, 71, 77, -1,
      79, 71, 70, -1,
      72, 84, 86, -1,
      72, 86, 70, -1,
      85, 84, 90, -1,
      91, 118, 92, -1,
      96, 98, 119, -1,
      96, 119, 118, -1,
      102, 100, 97, -1,
      116, 117, 103, -1,
      111, 106, 108, -1,
      112, 121, 113, -1,
      111, 113, 106, -1,
      105, 115, 112, -1,
      121, 112, 115, -1,
      122, 123, 124, -1,
      125, 126, 124, -1,
      126, 122, 124, -1,
      127, 128, 129, -1,
      130, 128, 131, -1,
      122, 126, 127, -1,
      132, 130, 133, -1,
      134, 135, 125, -1,
      125, 135, 126, -1,
      132, 134, 125, -1,
      133, 130, 131, -1,
      130, 132, 125, -1,
      136, 131, 128, -1,
      126, 136, 127, -1,
      128, 127, 136, -1,
      137, 138, 139, -1,
      140, 141, 138, -1,
      137, 140, 138, -1,
      142, 143, 141, -1,
      141, 140, 142, -1,
      141, 143, 144, -1,
      140, 145, 142, -1,
      146, 147, 145, -1,
      145, 147, 142, -1,
      146, 148, 147, -1,
      149, 150, 151, -1,
      152, 153, 154, -1,
      153, 155, 154, -1,
      152, 154, 156, -1,
      157, 158, 159, -1,
      156, 160, 152, -1,
      156, 150, 160, -1,
      161, 162, 163, -1,
      160, 150, 149, -1,
      164, 165, 166, -1,
      161, 166, 165, -1,
      167, 168, 164, -1,
      169, 170, 171, -1,
      172, 173, 174, -1,
      175, 176, 174, -1,
      170, 177, 178, -1,
      172, 169, 173, -1,
      175, 179, 176, -1,
      179, 180, 181, -1,
      182, 183, 184, -1,
      180, 182, 181, -1,
      185, 186, 187, -1,
      180, 183, 182, -1,
      188, 157, 189, -1,
      157, 190, 191, -1,
      192, 187, 193, -1,
      194, 195, 196, -1,
      163, 166, 161, -1,
      196, 165, 164, -1,
      163, 197, 151, -1,
      163, 162, 197, -1,
      151, 197, 149, -1,
      185, 198, 186, -1,
      199, 177, 198, -1,
      193, 200, 192, -1,
      185, 187, 192, -1,
      189, 184, 188, -1,
      164, 192, 201, -1,
      200, 201, 192, -1,
      157, 202, 189, -1,
      191, 196, 158, -1,
      168, 194, 196, -1,
      164, 201, 167, -1,
      164, 168, 196, -1,
      196, 195, 158, -1,
      191, 158, 157, -1,
      157, 159, 202, -1,
      188, 184, 183, -1,
      176, 179, 181, -1,
      170, 169, 172, -1,
      176, 172, 174, -1,
      178, 177, 199, -1,
      171, 170, 178, -1,
      198, 177, 186, -1,
      203, 204, 205, -1,
      206, 207, 208, -1,
      209, 210, 211, -1,
      212, 208, 210, -1,
      213, 214, 215, -1,
      213, 209, 211, -1,
      216, 217, 218, -1,
      216, 215, 214, -1,
      219, 217, 220, -1,
      219, 218, 217, -1,
      220, 221, 222, -1,
      219, 220, 222, -1,
      223, 224, 225, -1,
      220, 225, 221, -1,
      226, 227, 228, -1,
      223, 228, 229, -1,
      230, 227, 231, -1,
      232, 233, 234, -1,
      232, 235, 236, -1,
      237, 235, 232, -1,
      238, 239, 240, -1,
      241, 242, 243, -1,
      242, 240, 239, -1,
      239, 238, 244, -1,
      242, 241, 240, -1,
      245, 246, 243, -1,
      232, 234, 237, -1,
      236, 235, 245, -1,
      247, 248, 249, -1,
      250, 203, 205, -1,
      227, 251, 204, -1,
      252, 249, 253, -1,
      247, 250, 248, -1,
      254, 255, 256, -1,
      235, 246, 245, -1,
      257, 258, 239, -1,
      246, 241, 243, -1,
      257, 239, 244, -1,
      258, 256, 255, -1,
      239, 258, 255, -1,
      256, 252, 254, -1,
      254, 252, 253, -1,
      253, 249, 248, -1,
      247, 203, 250, -1,
      204, 251, 205, -1,
      227, 226, 231, -1,
      230, 251, 227, -1,
      224, 223, 229, -1,
      229, 228, 227, -1,
      221, 225, 224, -1,
      216, 214, 217, -1,
      212, 210, 209, -1,
      213, 211, 214, -1,
      207, 210, 208, -1,
      207, 259, 260, -1,
      259, 207, 206, -1,
      260, 259, 261, -1,
      261, 262, 260, -1,
      263, 264, 265, -1,
      266, 267, 268, -1,
      264, 263, 269, -1,
      268, 270, 266, -1,
      271, 272, 264, -1,
      273, 264, 269, -1,
      274, 275, 276, -1,
      277, 272, 271, -1,
      271, 264, 273, -1,
      265, 275, 274, -1,
      275, 265, 264, -1,
      278, 279, 280, -1,
      281, 282, 276, -1,
      283, 284, 279, -1,
      283, 279, 278, -1,
      285, 284, 283, -1,
      280, 281, 278, -1,
      282, 274, 276, -1,
      280, 282, 281, -1,
      263, 270, 269, -1,
      270, 263, 266, -1,
      286, 287, 288, -1,
      287, 289, 288, -1,
      289, 290, 288, -1,
      290, 291, 292, -1,
      290, 289, 291, -1,
      292, 291, 293, -1,
      289, 294, 291, -1,
      295, 296, 294, -1,
      294, 296, 291, -1,
      295, 297, 296, -1,
      298, 299, 300, -1,
      301, 302, 303, -1,
      304, 305, 306, -1,
      307, 308, 309, -1,
      310, 308, 302, -1,
      311, 307, 309, -1,
      306, 311, 312, -1,
      313, 314, 298, -1,
      315, 316, 317, -1,
      313, 318, 314, -1,
      319, 320, 318, -1,
      320, 314, 318, -1,
      321, 322, 323, -1,
      319, 324, 325, -1,
      325, 320, 319, -1,
      324, 326, 325, -1,
      327, 328, 329, -1,
      326, 324, 330, -1,
      331, 329, 328, -1,
      330, 332, 326, -1,
      333, 334, 335, -1,
      336, 332, 330, -1,
      337, 338, 339, -1,
      340, 341, 336, -1,
      342, 343, 344, -1,
      341, 345, 336, -1,
      345, 346, 336, -1,
      347, 338, 348, -1,
      330, 340, 336, -1,
      347, 339, 338, -1,
      323, 349, 350, -1,
      348, 335, 334, -1,
      321, 315, 322, -1,
      335, 331, 333, -1,
      300, 313, 298, -1,
      305, 304, 299, -1,
      305, 299, 298, -1,
      306, 312, 304, -1,
      312, 311, 351, -1,
      351, 311, 309, -1,
      307, 302, 308, -1,
      310, 302, 301, -1,
      303, 315, 317, -1,
      303, 317, 301, -1,
      316, 315, 321, -1,
      322, 349, 323, -1,
      327, 329, 350, -1,
      327, 350, 349, -1,
      333, 331, 328, -1,
      347, 348, 334, -1,
      342, 337, 339, -1,
      343, 352, 344, -1,
      342, 344, 337, -1,
      336, 346, 343, -1,
      352, 343, 346, -1,
      353, 354, 355, -1,
      356, 357, 355, -1,
      357, 353, 355, -1,
      358, 359, 360, -1,
      361, 359, 362, -1,
      353, 357, 358, -1,
      363, 361, 364, -1,
      365, 366, 356, -1,
      356, 366, 357, -1,
      363, 365, 356, -1,
      364, 361, 362, -1,
      361, 363, 356, -1,
      367, 362, 359, -1,
      357, 367, 358, -1,
      359, 358, 367, -1,
      368, 369, 370, -1,
      368, 371, 372, -1,
      373, 374, 375, -1,
      376, 368, 377, -1,
      368, 376, 369, -1,
      378, 375, 374, -1,
      375, 378, 379, -1,
      380, 373, 368, -1,
      368, 370, 380, -1,
      381, 382, 383, -1,
      373, 375, 368, -1,
      371, 368, 375, -1,
      384, 385, 386, -1,
      387, 388, 372, -1,
      372, 371, 387, -1,
      389, 390, 391, -1,
      392, 393, 394, -1,
      395, 396, 397, -1,
      398, 399, 400, -1,
      401, 402, 403, -1,
      396, 400, 397, -1,
      404, 405, 402, -1,
      406, 407, 408, -1,
      409, 398, 410, -1,
      410, 411, 409, -1,
      388, 412, 413, -1,
      412, 388, 387, -1,
      410, 413, 411, -1,
      410, 388, 413, -1,
      398, 409, 399, -1,
      400, 399, 397, -1,
      395, 407, 406, -1,
      406, 396, 395, -1,
      407, 414, 408, -1,
      408, 414, 415, -1,
      416, 417, 418, -1,
      419, 420, 421, -1,
      422, 423, 424, -1,
      425, 426, 427, -1,
      428, 429, 430, -1,
      428, 427, 429, -1,
      431, 432, 433, -1,
      425, 432, 431, -1,
      401, 434, 402, -1,
      435, 423, 422, -1,
      436, 437, 438, -1,
      435, 436, 438, -1,
      439, 440, 437, -1,
      440, 439, 441, -1,
      442, 443, 444, -1,
      441, 444, 445, -1,
      446, 447, 448, -1,
      449, 450, 451, -1,
      452, 453, 451, -1,
      454, 383, 455, -1,
      456, 457, 458, -1,
      459, 460, 461, -1,
      462, 459, 458, -1,
      463, 464, 465, -1,
      404, 402, 434, -1,
      465, 466, 456, -1,
      390, 389, 467, -1,
      383, 454, 381, -1,
      468, 455, 461, -1,
      454, 455, 468, -1,
      469, 382, 470, -1,
      469, 470, 471, -1,
      472, 473, 474, -1,
      471, 474, 475, -1,
      476, 477, 478, -1,
      477, 479, 480, -1,
      481, 482, 483, -1,
      479, 484, 485, -1,
      486, 487, 488, -1,
      489, 490, 487, -1,
      491, 492, 493, -1,
      494, 495, 496, -1,
      497, 498, 499, -1,
      500, 405, 501, -1,
      502, 392, 401, -1,
      501, 405, 404, -1,
      503, 504, 402, -1,
      394, 505, 506, -1,
      507, 500, 508, -1,
      405, 503, 402, -1,
      508, 499, 498, -1,
      509, 492, 510, -1,
      386, 511, 384, -1,
      384, 511, 512, -1,
      496, 384, 512, -1,
      384, 491, 385, -1,
      512, 494, 496, -1,
      513, 514, 489, -1,
      515, 516, 517, -1,
      490, 489, 518, -1,
      505, 517, 506, -1,
      518, 489, 519, -1,
      481, 519, 482, -1,
      489, 482, 519, -1,
      483, 484, 481, -1,
      485, 484, 483, -1,
      478, 477, 480, -1,
      480, 479, 485, -1,
      478, 472, 476, -1,
      475, 474, 473, -1,
      473, 472, 478, -1,
      382, 381, 470, -1,
      469, 471, 475, -1,
      459, 462, 460, -1,
      459, 461, 455, -1,
      458, 459, 456, -1,
      520, 457, 456, -1,
      456, 466, 520, -1,
      521, 522, 465, -1,
      466, 465, 522, -1,
      465, 391, 463, -1,
      465, 464, 521, -1,
      390, 463, 391, -1,
      448, 447, 523, -1,
      448, 523, 524, -1,
      524, 523, 525, -1,
      463, 390, 526, -1,
      524, 525, 463, -1,
      526, 524, 463, -1,
      448, 453, 446, -1,
      450, 452, 451, -1,
      452, 446, 453, -1,
      443, 449, 451, -1,
      445, 444, 443, -1,
      442, 449, 443, -1,
      440, 438, 437, -1,
      440, 441, 445, -1,
      424, 423, 430, -1,
      435, 422, 436, -1,
      424, 430, 429, -1,
      425, 427, 432, -1,
      432, 427, 428, -1,
      417, 416, 527, -1,
      425, 528, 426, -1,
      426, 528, 527, -1,
      527, 528, 417, -1,
      418, 529, 419, -1,
      417, 529, 418, -1,
      421, 420, 415, -1,
      419, 529, 420, -1,
      415, 414, 421, -1,
      530, 496, 495, -1,
      531, 487, 532, -1,
      530, 497, 499, -1,
      530, 495, 497, -1,
      508, 498, 507, -1,
      533, 405, 500, -1,
      500, 507, 533, -1,
      392, 502, 534, -1,
      535, 401, 403, -1,
      401, 535, 502, -1,
      392, 534, 393, -1,
      392, 394, 506, -1,
      506, 517, 516, -1,
      515, 489, 514, -1,
      516, 515, 514, -1,
      487, 531, 489, -1,
      513, 489, 531, -1,
      532, 487, 486, -1,
      486, 488, 510, -1,
      509, 493, 492, -1,
      488, 509, 510, -1,
      491, 384, 492, -1,
    ]
  }
}
