#VRML V2.0 utf8

Shape {
  appearance Appearance {
    material Material {
      diffuseColor 0.8235 0.8235 0.8235
      specularColor 0.7255 0.7255 0.7255
      ambientIntensity 0.2
      transparency 0.0000
      shininess 0.5
    }
  }
  geometry IndexedFaceSet {
    ccw TRUE
    solid FALSE
    coord DEF co Coordinate {
      point [
        9.517166 -1.333739 7.957263,
        9.517166 -1.333739 11.058593,
        9.517166 -1.176259 7.957263,
        9.517166 -1.176259 11.058593,
        10.698267 -1.176259 7.957263,
        10.698267 -1.176259 11.058593,
        10.698267 -1.333739 7.957263,
        10.698267 -1.333739 11.058593,
        9.517166 -5.782161 7.957263,
        9.517166 -5.782161 10.404254,
        9.517166 -5.624681 7.957263,
        9.517166 -5.624681 10.404254,
        10.698267 -5.624681 7.957263,
        10.698267 -5.624681 10.404254,
        10.698267 -5.782161 7.957263,
        10.698267 -5.782161 10.404254,
        10.698267 -1.674097 11.344187,
        10.698267 -1.701443 11.499275,
        10.698267 -5.385039 10.689848,
        10.698267 -5.412385 10.844936,
        9.517166 -1.701443 11.499275,
        9.517166 -1.674097 11.344187,
        9.517166 -5.412385 10.844936,
        9.517166 -5.385039 10.689848,
        9.813430 -4.707430 10.969239,
        9.775407 -4.642573 10.980674,
        9.751907 -4.571347 10.993233,
        10.145739 -4.853136 10.943546,
        10.069694 -4.853136 10.943546,
        9.995309 -4.837565 10.946292,
        9.925837 -4.807105 10.951663,
        9.864315 -4.763085 10.959425,
        10.402003 -2.758749 11.312844,
        10.440027 -2.823606 11.301407,
        9.743958 -4.496867 11.006367,
        9.743958 -2.969313 11.275715,
        9.751907 -2.894832 11.288849,
        9.775407 -2.823606 11.301407,
        10.463525 -4.571347 10.993233,
        10.440027 -4.642573 10.980674,
        10.402003 -4.707430 10.969239,
        10.351118 -4.763085 10.959425,
        9.813430 -2.758749 11.312844,
        9.864315 -2.703094 11.322657,
        9.925837 -2.659075 11.330419,
        10.289595 -4.807105 10.951663,
        10.220124 -4.837565 10.946292,
        9.995309 -2.628614 11.335790,
        10.069694 -2.613043 11.338536,
        10.145739 -2.613043 11.338536,
        10.220124 -2.628614 11.335790,
        10.289595 -2.659075 11.330419,
        10.351118 -2.703094 11.322657,
        10.463525 -2.894832 11.288849,
        10.471475 -2.969313 11.275715,
        10.471475 -4.496867 11.006367,
        9.855299 -1.176259 7.347970,
        9.533363 -1.176259 7.897566,
        10.351231 -1.176259 7.329134,
        10.360134 -1.176259 7.347970,
        10.696431 -1.176259 7.936510,
        10.690974 -1.176259 7.916402,
        10.682071 -1.176259 7.897566,
        9.519003 -1.176259 7.936510,
        9.524459 -1.176259 7.916402,
        9.864203 -1.176259 7.329134,
        10.345774 -1.176259 7.309026,
        9.869659 -1.176259 7.309026,
        10.343938 -1.176259 7.288272,
        9.871496 -1.176259 7.288272,
        10.225826 -1.176259 6.012930,
        9.989606 -1.176259 6.012930,
        10.343938 -1.176259 6.131041,
        10.339913 -1.176259 6.100471,
        10.328113 -1.176259 6.071985,
        10.309343 -1.176259 6.047524,
        10.284882 -1.176259 6.028754,
        10.256396 -1.176259 6.016955,
        9.959037 -1.176259 6.016955,
        9.875520 -1.176259 6.100471,
        9.871496 -1.176259 6.131041,
        9.930551 -1.176259 6.028754,
        9.906089 -1.176259 6.047524,
        9.887320 -1.176259 6.071985,
        10.351231 -1.333739 7.329134,
        10.360134 -1.333739 7.347970,
        9.869659 -1.333739 7.309026,
        9.864203 -1.333739 7.329134,
        10.682071 -1.333739 7.897566,
        9.855299 -1.333739 7.347970,
        9.871496 -1.333739 7.288272,
        10.343938 -1.333739 7.288272,
        10.345774 -1.333739 7.309026,
        9.519003 -1.333739 7.936510,
        9.524459 -1.333739 7.916402,
        9.533363 -1.333739 7.897566,
        10.696431 -1.333739 7.936510,
        10.690974 -1.333739 7.916402,
        10.328113 -1.333739 6.071985,
        10.339913 -1.333739 6.100471,
        10.309343 -1.333739 6.047524,
        10.343938 -1.333739 6.131041,
        10.284882 -1.333739 6.028754,
        9.989606 -1.333739 6.012930,
        10.225826 -1.333739 6.012930,
        10.256396 -1.333739 6.016955,
        9.930551 -1.333739 6.028754,
        9.875520 -1.333739 6.100471,
        9.906089 -1.333739 6.047524,
        9.887320 -1.333739 6.071985,
        9.871496 -1.333739 6.131041,
        9.959037 -1.333739 6.016955,
        10.698267 -1.342707 11.130153,
        10.698267 -1.190096 11.169012,
        10.698267 -1.369055 11.197287,
        10.698267 -1.230752 11.272602,
        10.698267 -1.411154 11.255843,
        10.698267 -1.295713 11.362957,
        10.698267 -1.466401 11.302201,
        10.698267 -1.380960 11.434488,
        10.698267 -1.531378 11.333492,
        10.698267 -1.481222 11.482772,
        10.698267 -1.602067 11.347782,
        10.698267 -1.590299 11.504822,
        9.517166 -1.602067 11.347782,
        9.517166 -1.590299 11.504822,
        9.517166 -1.531378 11.333492,
        9.517166 -1.481222 11.482772,
        9.517166 -1.466401 11.302201,
        9.517166 -1.380960 11.434488,
        9.517166 -1.411154 11.255843,
        9.517166 -1.295713 11.362957,
        9.517166 -1.369055 11.197287,
        9.517166 -1.230752 11.272602,
        9.517166 -1.342707 11.130153,
        9.517166 -1.190096 11.169012,
        10.698267 -5.449545 10.670536,
        10.698267 -5.511920 10.815137,
        10.698267 -5.507857 10.636869,
        10.698267 -5.601898 10.763188,
        10.698267 -5.556834 10.590662,
        10.698267 -5.677471 10.691888,
        10.698267 -5.593835 10.534405,
        10.698267 -5.734564 10.605082,
        10.698267 -5.616864 10.471132,
        10.698267 -5.770100 10.507450,
        9.517166 -5.616864 10.471132,
        9.517166 -5.770100 10.507450,
        9.517166 -5.593835 10.534405,
        9.517166 -5.734564 10.605082,
        9.517166 -5.556834 10.590662,
        9.517166 -5.677471 10.691888,
        9.517166 -5.507857 10.636869,
        9.517166 -5.601898 10.763188,
        9.517166 -5.449545 10.670536,
        9.517166 -5.511920 10.815137,
        10.343938 -5.782161 7.288272,
        10.345774 -5.782161 7.309026,
        9.871496 -5.782161 7.288272,
        9.869659 -5.782161 7.309026,
        10.682071 -5.782161 7.897566,
        9.864203 -5.782161 7.329134,
        10.360134 -5.782161 7.347970,
        10.351231 -5.782161 7.329134,
        9.519003 -5.782161 7.936510,
        10.690974 -5.782161 7.916402,
        9.533363 -5.782161 7.897566,
        9.855299 -5.782161 7.347970,
        9.524459 -5.782161 7.916402,
        10.696431 -5.782161 7.936510,
        10.328113 -5.782161 6.071985,
        10.339913 -5.782161 6.100471,
        10.309343 -5.782161 6.047524,
        10.343938 -5.782161 6.131041,
        10.284882 -5.782161 6.028754,
        9.989606 -5.782161 6.012930,
        10.225826 -5.782161 6.012930,
        10.256396 -5.782161 6.016955,
        9.930551 -5.782161 6.028754,
        9.875520 -5.782161 6.100471,
        9.906089 -5.782161 6.047524,
        9.887320 -5.782161 6.071985,
        9.871496 -5.782161 6.131041,
        9.959037 -5.782161 6.016955,
        9.533363 -5.624681 7.897566,
        9.524459 -5.624681 7.916402,
        9.519003 -5.624681 7.936510,
        10.360134 -5.624681 7.347970,
        9.864203 -5.624681 7.329134,
        10.682071 -5.624681 7.897566,
        9.855299 -5.624681 7.347970,
        10.690974 -5.624681 7.916402,
        10.696431 -5.624681 7.936510,
        10.351231 -5.624681 7.329134,
        10.345774 -5.624681 7.309026,
        9.869659 -5.624681 7.309026,
        10.343938 -5.624681 7.288272,
        9.871496 -5.624681 7.288272,
        10.225826 -5.624681 6.012930,
        9.989606 -5.624681 6.012930,
        10.343938 -5.624681 6.131041,
        10.339913 -5.624681 6.100471,
        10.328113 -5.624681 6.071985,
        10.309343 -5.624681 6.047524,
        10.284882 -5.624681 6.028754,
        10.256396 -5.624681 6.016955,
        9.959037 -5.624681 6.016955,
        9.875520 -5.624681 6.100471,
        9.871496 -5.624681 6.131041,
        9.930551 -5.624681 6.028754,
        9.906089 -5.624681 6.047524,
        9.887320 -5.624681 6.071985,
        10.225608 -2.948803 11.159400,
        9.989824 -2.948803 11.159400,
        10.225608 -4.476357 10.890050,
        9.989824 -4.476357 10.890050,
        10.024355 -2.866707 11.173875,
        10.005619 -2.890752 11.169635,
        9.993841 -2.918754 11.164698,
        10.221592 -2.918754 11.164698,
        10.077204 -2.836658 11.179174,
        10.048770 -2.848256 11.177128,
        10.191079 -2.866707 11.173875,
        10.166662 -2.848256 11.177128,
        10.138229 -2.836658 11.179174,
        10.107716 -4.592459 10.869579,
        10.138229 -4.588502 10.870276,
        10.166662 -4.576904 10.872321,
        10.191079 -4.558453 10.875575,
        10.209813 -2.890752 11.169635,
        10.107716 -2.832702 11.179871,
        9.993841 -4.506406 10.884752,
        10.005619 -4.534408 10.879815,
        10.077204 -4.588502 10.870276,
        10.024355 -4.558453 10.875575,
        10.048770 -4.576904 10.872321,
        10.209813 -4.534408 10.879815,
        10.221592 -4.506406 10.884752,
        10.348541 -2.959057 11.217557,
        10.348541 -4.486612 10.948209,
        10.373466 -4.490926 10.972671,
        10.373466 -2.963371 11.242020,
        10.403284 -4.494170 10.991073,
        10.403284 -2.966616 11.260422,
        10.436506 -4.496184 11.002495,
        10.436506 -2.968630 11.271844,
        10.107716 -2.721891 11.259376,
        10.132631 -2.725122 11.258807,
        10.135495 -2.703093 11.287915,
        10.340336 -2.897674 11.228381,
        10.341972 -2.909917 11.226222,
        10.367659 -2.908958 11.251615,
        10.006115 -2.660683 11.326143,
        10.373713 -2.778308 11.305403,
        10.408081 -2.836931 11.295065,
        10.377731 -2.848224 11.281297,
        10.073349 -2.646609 11.328624,
        10.142085 -2.646609 11.328624,
        10.209318 -2.660683 11.326143,
        10.272111 -2.688215 11.321289,
        10.327720 -2.728004 11.314273,
        9.943322 -2.688215 11.321289,
        9.887713 -2.728004 11.314273,
        9.841720 -2.778308 11.305403,
        10.429322 -2.901309 11.283715,
        10.396824 -2.906098 11.271093,
        10.138611 -2.677133 11.311466,
        10.199052 -2.689785 11.309235,
        10.255500 -2.714536 11.304870,
        10.305489 -2.750304 11.298563,
        10.346835 -2.795525 11.290590,
        10.076822 -2.677133 11.311466,
        10.016381 -2.689785 11.309235,
        9.959933 -2.714536 11.304870,
        9.909943 -2.750304 11.298563,
        9.868598 -2.795525 11.290590,
        10.189838 -2.714468 11.285909,
        10.240592 -2.736722 11.281984,
        10.285537 -2.768881 11.276313,
        10.322712 -2.809541 11.269144,
        10.350490 -2.856923 11.260790,
        10.079938 -2.703093 11.287915,
        10.025595 -2.714468 11.285909,
        9.974842 -2.736722 11.281984,
        9.929896 -2.768881 11.276313,
        9.892721 -2.809541 11.269144,
        10.325894 -2.863339 11.234435,
        10.170047 -2.729972 11.257951,
        10.181631 -2.734698 11.257119,
        10.228129 -2.753665 11.253774,
        10.268058 -2.783838 11.248454,
        10.278006 -2.791356 11.247128,
        10.300980 -2.820841 11.241929,
        10.316277 -2.840474 11.238467,
        10.082802 -2.725122 11.258807,
        10.045386 -2.729972 11.257951,
        10.033802 -2.734698 11.257119,
        9.987304 -2.753665 11.253774,
        9.947375 -2.783838 11.248454,
        9.875097 -2.897674 11.228381,
        9.889539 -2.863339 11.234435,
        9.864943 -2.856923 11.260790,
        9.837702 -2.848224 11.281297,
        9.807352 -2.836931 11.295065,
        9.899156 -2.840474 11.238467,
        9.914454 -2.820841 11.241929,
        9.937428 -2.791356 11.247128,
        9.873461 -2.909917 11.226222,
        9.847774 -2.908958 11.251615,
        9.818608 -2.906098 11.271093,
        9.786112 -2.901309 11.283715,
        9.778927 -2.968630 11.271844,
        9.812149 -2.966616 11.260422,
        9.841967 -2.963371 11.242020,
        9.866891 -2.959057 11.217557,
        10.170047 -4.715697 10.907815,
        10.132631 -4.720548 10.906959,
        10.135495 -4.751204 10.926778,
        10.107716 -4.723778 10.906389,
        10.082802 -4.720548 10.906959,
        10.079938 -4.751204 10.926778,
        9.899156 -4.605195 10.927299,
        9.889539 -4.582331 10.931330,
        9.864943 -4.597373 10.953902,
        9.875097 -4.547995 10.937385,
        9.873461 -4.535752 10.939544,
        9.847774 -4.545339 10.963077,
        9.887713 -4.736810 10.960066,
        9.841720 -4.686506 10.968936,
        9.807352 -4.627883 10.979272,
        9.837702 -4.612562 10.970198,
        9.943322 -4.776599 10.953050,
        10.006115 -4.804131 10.948195,
        10.073349 -4.818205 10.945714,
        9.786112 -4.563505 10.990624,
        9.818608 -4.554689 10.980402,
        9.868598 -4.665261 10.960905,
        9.909943 -4.710482 10.952931,
        9.959933 -4.746250 10.946624,
        10.016381 -4.771001 10.942260,
        10.076822 -4.783652 10.940029,
        9.892721 -4.644756 10.945547,
        9.929896 -4.685415 10.938377,
        9.974842 -4.717575 10.932707,
        10.025595 -4.739829 10.928783,
        10.327720 -4.736810 10.960066,
        10.373713 -4.686506 10.968936,
        10.305489 -4.710482 10.952931,
        10.346835 -4.665261 10.960905,
        10.285537 -4.685415 10.938377,
        10.322712 -4.644756 10.945547,
        9.778927 -4.496184 11.002495,
        9.812149 -4.494170 10.991073,
        9.841967 -4.490926 10.972671,
        9.866891 -4.486612 10.948209,
        9.914454 -4.624829 10.923837,
        9.937428 -4.654314 10.918638,
        9.947375 -4.661831 10.917312,
        9.987304 -4.692004 10.911992,
        10.033802 -4.710972 10.908648,
        10.045386 -4.715697 10.907815,
        10.138611 -4.783652 10.940029,
        10.142085 -4.818205 10.945714,
        10.181631 -4.710972 10.908648,
        10.189838 -4.739829 10.928783,
        10.199052 -4.771001 10.942260,
        10.209318 -4.804131 10.948195,
        10.272111 -4.776599 10.953050,
        10.255500 -4.746250 10.946624,
        10.240592 -4.717575 10.932707,
        10.228129 -4.692004 10.911992,
        10.268058 -4.661831 10.917312,
        10.340336 -4.547995 10.937385,
        10.325894 -4.582331 10.931330,
        10.350490 -4.597373 10.953902,
        10.377731 -4.612562 10.970198,
        10.408081 -4.627883 10.979272,
        10.316277 -4.605195 10.927299,
        10.300980 -4.624829 10.923837,
        10.278006 -4.654314 10.918638,
        10.341972 -4.535752 10.939544,
        10.367659 -4.545339 10.963077,
        10.396824 -4.554689 10.980402,
        10.429322 -4.563505 10.990624,
        10.260578 -2.949485 11.163271,
        10.260578 -4.477040 10.893922,
        10.293800 -2.951500 11.174693,
        10.293800 -4.479054 10.905344,
        10.323618 -2.954744 11.193094,
        10.323618 -4.482298 10.923746,
        10.294692 -2.848434 11.211841,
        10.316261 -2.899714 11.202798,
        10.260381 -2.804398 11.219605,
        10.215667 -2.770609 11.225562,
        10.163596 -2.749369 11.229309,
        10.107716 -2.742123 11.230586,
        10.051837 -2.749369 11.229309,
        9.999766 -2.770609 11.225562,
        9.955052 -2.804398 11.219605,
        9.920741 -2.848434 11.211841,
        9.899172 -2.899714 11.202798,
        9.891816 -2.954744 11.193094,
        9.921633 -2.951500 11.174693,
        9.927974 -2.904069 11.183056,
        9.946564 -2.859871 11.190850,
        9.976136 -2.821918 11.197542,
        10.014675 -2.792795 11.202677,
        10.059555 -2.774488 11.205905,
        10.107716 -2.768243 11.207006,
        10.155878 -2.774488 11.205905,
        10.200758 -2.792795 11.202677,
        10.239297 -2.821918 11.197542,
        10.268869 -2.859871 11.190850,
        10.287459 -2.904069 11.183056,
        9.954856 -2.949485 11.163271,
        9.960064 -2.910523 11.170142,
        9.975335 -2.874216 11.176543,
        9.999628 -2.843039 11.182040,
        10.031286 -2.819116 11.186259,
        10.068154 -2.804077 11.188911,
        10.107716 -2.798947 11.189815,
        10.147280 -2.804077 11.188911,
        10.184147 -2.819116 11.186259,
        10.215805 -2.843039 11.182040,
        10.240098 -2.874216 11.176543,
        10.255368 -2.910523 11.170142,
        9.920741 -4.588609 10.905001,
        9.899172 -4.537330 10.914043,
        9.891816 -4.482298 10.923746,
        9.955052 -4.632644 10.897236,
        9.999766 -4.666433 10.891278,
        10.051837 -4.687674 10.887533,
        10.107716 -4.694920 10.886256,
        10.163596 -4.687674 10.887533,
        10.215667 -4.666433 10.891278,
        10.260381 -4.632644 10.897236,
        10.294692 -4.588609 10.905001,
        10.316261 -4.537330 10.914043,
        10.287459 -4.526484 10.896981,
        10.268869 -4.570682 10.889188,
        10.239297 -4.608636 10.882496,
        10.200758 -4.637758 10.877360,
        10.155878 -4.656066 10.874132,
        10.107716 -4.662310 10.873031,
        10.059555 -4.656066 10.874132,
        10.014675 -4.637758 10.877360,
        9.976136 -4.608636 10.882496,
        9.946564 -4.570682 10.889188,
        9.927974 -4.526484 10.896981,
        9.921633 -4.479054 10.905344,
        10.255368 -4.516002 10.887052,
        10.240098 -4.552309 10.880650,
        10.215805 -4.583487 10.875153,
        10.184147 -4.607410 10.870934,
        10.147280 -4.622449 10.868283,
        10.107716 -4.627578 10.867378,
        10.068154 -4.622449 10.868283,
        10.031286 -4.607410 10.870934,
        9.999628 -4.583487 10.875153,
        9.975335 -4.552309 10.880650,
        9.960064 -4.516002 10.887052,
        9.954856 -4.477040 10.893922,
        6.997480 -1.333739 7.957263,
        6.997480 -1.333739 11.058593,
        6.997480 -1.176259 7.957263,
        6.997480 -1.176259 11.058593,
        8.178583 -1.176259 7.957263,
        8.178583 -1.176259 11.058593,
        8.178583 -1.333739 7.957263,
        8.178583 -1.333739 11.058593,
        6.997480 -5.782161 7.957263,
        6.997480 -5.782161 10.404254,
        6.997480 -5.624681 7.957263,
        6.997480 -5.624681 10.404254,
        8.178583 -5.624681 7.957263,
        8.178583 -5.624681 10.404254,
        8.178583 -5.782161 7.957263,
        8.178583 -5.782161 10.404254,
        8.178583 -1.674097 11.344187,
        8.178583 -1.701443 11.499275,
        8.178583 -5.385039 10.689848,
        8.178583 -5.412385 10.844936,
        6.997480 -1.701443 11.499275,
        6.997480 -1.674097 11.344187,
        6.997480 -5.412385 10.844936,
        6.997480 -5.385039 10.689848,
        7.406152 -4.807105 10.951663,
        7.344630 -4.763085 10.959425,
        7.700439 -2.628614 11.335790,
        7.769911 -2.659075 11.330419,
        7.475625 -4.837565 10.946292,
        7.293746 -4.707430 10.969239,
        7.255722 -4.642573 10.980674,
        7.232222 -4.571347 10.993233,
        7.255722 -2.823606 11.301407,
        7.293746 -2.758749 11.312844,
        7.344630 -2.703094 11.322657,
        7.406152 -2.659075 11.330419,
        7.831433 -2.703094 11.322657,
        7.882318 -2.758749 11.312844,
        7.920341 -2.823606 11.301407,
        7.943841 -4.571347 10.993233,
        7.920341 -4.642573 10.980674,
        7.769911 -4.807105 10.951663,
        7.700439 -4.837565 10.946292,
        7.626054 -4.853136 10.943546,
        7.550008 -4.853136 10.943546,
        7.882318 -4.707430 10.969239,
        7.831433 -4.763085 10.959425,
        7.475625 -2.628614 11.335790,
        7.550008 -2.613043 11.338536,
        7.626054 -2.613043 11.338536,
        7.224274 -4.496867 11.006367,
        7.224274 -2.969313 11.275715,
        7.232222 -2.894832 11.288849,
        7.943841 -2.894832 11.288849,
        7.951790 -2.969313 11.275715,
        7.951790 -4.496867 11.006367,
        7.344518 -1.176259 7.329134,
        7.335613 -1.176259 7.347970,
        7.826090 -1.176259 7.309026,
        7.831545 -1.176259 7.329134,
        7.013678 -1.176259 7.897566,
        7.840450 -1.176259 7.347970,
        7.824252 -1.176259 7.288272,
        7.351811 -1.176259 7.288272,
        7.349973 -1.176259 7.309026,
        8.176745 -1.176259 7.936510,
        8.171289 -1.176259 7.916402,
        8.162385 -1.176259 7.897566,
        6.999319 -1.176259 7.936510,
        7.004773 -1.176259 7.916402,
        7.706141 -1.176259 6.012930,
        7.469921 -1.176259 6.012930,
        7.351811 -1.176259 6.131041,
        7.824252 -1.176259 6.131041,
        7.820228 -1.176259 6.100471,
        7.808428 -1.176259 6.071985,
        7.789658 -1.176259 6.047524,
        7.765197 -1.176259 6.028754,
        7.736711 -1.176259 6.016955,
        7.439352 -1.176259 6.016955,
        7.410866 -1.176259 6.028754,
        7.355836 -1.176259 6.100471,
        7.386404 -1.176259 6.047524,
        7.367635 -1.176259 6.071985,
        8.162385 -1.333739 7.897566,
        7.344518 -1.333739 7.329134,
        7.840450 -1.333739 7.347970,
        7.349973 -1.333739 7.309026,
        7.831545 -1.333739 7.329134,
        7.351811 -1.333739 7.288272,
        7.824252 -1.333739 7.288272,
        7.826090 -1.333739 7.309026,
        6.999319 -1.333739 7.936510,
        8.171289 -1.333739 7.916402,
        7.013678 -1.333739 7.897566,
        7.335613 -1.333739 7.347970,
        7.004773 -1.333739 7.916402,
        8.176745 -1.333739 7.936510,
        7.469921 -1.333739 6.012930,
        7.706141 -1.333739 6.012930,
        7.824252 -1.333739 6.131041,
        7.410866 -1.333739 6.028754,
        7.355836 -1.333739 6.100471,
        7.386404 -1.333739 6.047524,
        7.367635 -1.333739 6.071985,
        7.351811 -1.333739 6.131041,
        7.439352 -1.333739 6.016955,
        7.789658 -1.333739 6.047524,
        7.765197 -1.333739 6.028754,
        7.736711 -1.333739 6.016955,
        7.808428 -1.333739 6.071985,
        7.820228 -1.333739 6.100471,
        8.178583 -1.342707 11.130153,
        8.178583 -1.190096 11.169012,
        8.178583 -1.369055 11.197287,
        8.178583 -1.230752 11.272602,
        8.178583 -1.411154 11.255843,
        8.178583 -1.295713 11.362957,
        8.178583 -1.466401 11.302201,
        8.178583 -1.380960 11.434488,
        8.178583 -1.531378 11.333492,
        8.178583 -1.481222 11.482772,
        8.178583 -1.602067 11.347782,
        8.178583 -1.590299 11.504822,
        6.997480 -1.602067 11.347782,
        6.997480 -1.590299 11.504822,
        6.997480 -1.531378 11.333492,
        6.997480 -1.481222 11.482772,
        6.997480 -1.466401 11.302201,
        6.997480 -1.380960 11.434488,
        6.997480 -1.411154 11.255843,
        6.997480 -1.295713 11.362957,
        6.997480 -1.369055 11.197287,
        6.997480 -1.230752 11.272602,
        6.997480 -1.342707 11.130153,
        6.997480 -1.190096 11.169012,
        8.178583 -5.449545 10.670536,
        8.178583 -5.511920 10.815137,
        8.178583 -5.507857 10.636869,
        8.178583 -5.601898 10.763188,
        8.178583 -5.556834 10.590662,
        8.178583 -5.677471 10.691888,
        8.178583 -5.593835 10.534405,
        8.178583 -5.734564 10.605082,
        8.178583 -5.616864 10.471132,
        8.178583 -5.770100 10.507450,
        6.997480 -5.616864 10.471132,
        6.997480 -5.770100 10.507450,
        6.997480 -5.593835 10.534405,
        6.997480 -5.734564 10.605082,
        6.997480 -5.556834 10.590662,
        6.997480 -5.677471 10.691888,
        6.997480 -5.507857 10.636869,
        6.997480 -5.601898 10.763188,
        6.997480 -5.449545 10.670536,
        6.997480 -5.511920 10.815137,
        8.162385 -5.782161 7.897566,
        8.171289 -5.782161 7.916402,
        7.824252 -5.782161 6.131041,
        7.824252 -5.782161 7.288272,
        7.706141 -5.782161 6.012930,
        8.176745 -5.782161 7.936510,
        7.335613 -5.782161 7.347970,
        7.831545 -5.782161 7.329134,
        7.013678 -5.782161 7.897566,
        7.840450 -5.782161 7.347970,
        7.004773 -5.782161 7.916402,
        6.999319 -5.782161 7.936510,
        7.344518 -5.782161 7.329134,
        7.349973 -5.782161 7.309026,
        7.826090 -5.782161 7.309026,
        7.351811 -5.782161 7.288272,
        7.469921 -5.782161 6.012930,
        7.410866 -5.782161 6.028754,
        7.355836 -5.782161 6.100471,
        7.386404 -5.782161 6.047524,
        7.367635 -5.782161 6.071985,
        7.351811 -5.782161 6.131041,
        7.439352 -5.782161 6.016955,
        7.789658 -5.782161 6.047524,
        7.765197 -5.782161 6.028754,
        7.736711 -5.782161 6.016955,
        7.808428 -5.782161 6.071985,
        7.820228 -5.782161 6.100471,
        7.344518 -5.624681 7.329134,
        7.335613 -5.624681 7.347970,
        7.826090 -5.624681 7.309026,
        7.831545 -5.624681 7.329134,
        7.013678 -5.624681 7.897566,
        7.840450 -5.624681 7.347970,
        7.824252 -5.624681 7.288272,
        7.351811 -5.624681 7.288272,
        7.349973 -5.624681 7.309026,
        8.176745 -5.624681 7.936510,
        8.171289 -5.624681 7.916402,
        8.162385 -5.624681 7.897566,
        6.999319 -5.624681 7.936510,
        7.004773 -5.624681 7.916402,
        7.706141 -5.624681 6.012930,
        7.469921 -5.624681 6.012930,
        7.351811 -5.624681 6.131041,
        7.824252 -5.624681 6.131041,
        7.820228 -5.624681 6.100471,
        7.808428 -5.624681 6.071985,
        7.789658 -5.624681 6.047524,
        7.765197 -5.624681 6.028754,
        7.736711 -5.624681 6.016955,
        7.439352 -5.624681 6.016955,
        7.410866 -5.624681 6.028754,
        7.355836 -5.624681 6.100471,
        7.386404 -5.624681 6.047524,
        7.367635 -5.624681 6.071985,
        7.705924 -2.948803 11.159400,
        7.504669 -2.866707 11.173875,
        7.485934 -2.890752 11.169635,
        7.470139 -4.476357 10.890050,
        7.705924 -4.476357 10.890050,
        7.470139 -2.948803 11.159400,
        7.474157 -2.918754 11.164698,
        7.701906 -2.918754 11.164698,
        7.557518 -2.836658 11.179174,
        7.529085 -2.848256 11.177128,
        7.671394 -2.866707 11.173875,
        7.646978 -2.848256 11.177128,
        7.618544 -2.836658 11.179174,
        7.474157 -4.506406 10.884752,
        7.485934 -4.534408 10.879815,
        7.504669 -4.558453 10.875575,
        7.588031 -4.592459 10.869579,
        7.618544 -4.588502 10.870276,
        7.646978 -4.576904 10.872321,
        7.701906 -4.506406 10.884752,
        7.671394 -4.558453 10.875575,
        7.690129 -4.534408 10.879815,
        7.690129 -2.890752 11.169635,
        7.588031 -2.832702 11.179871,
        7.529085 -4.576904 10.872321,
        7.557518 -4.588502 10.870276,
        7.828857 -2.959057 11.217557,
        7.828857 -4.486612 10.948209,
        7.853781 -4.490926 10.972671,
        7.853781 -2.963371 11.242020,
        7.883598 -4.494170 10.991073,
        7.883598 -2.966616 11.260422,
        7.916822 -4.496184 11.002495,
        7.916822 -2.968630 11.271844,
        7.355413 -2.897674 11.228381,
        7.369854 -2.863339 11.234435,
        7.345257 -2.856923 11.260790,
        7.379471 -2.840474 11.238467,
        7.394769 -2.820841 11.241929,
        7.373035 -2.809541 11.269144,
        7.525702 -2.729972 11.257951,
        7.563117 -2.725122 11.258807,
        7.560253 -2.703093 11.287915,
        7.588031 -2.721891 11.259376,
        7.612946 -2.725122 11.258807,
        7.615809 -2.703093 11.287915,
        7.796592 -2.840474 11.238467,
        7.806209 -2.863339 11.234435,
        7.830806 -2.856923 11.260790,
        7.820650 -2.897674 11.228381,
        7.822287 -2.909917 11.226222,
        7.847974 -2.908958 11.251615,
        7.808035 -2.728004 11.314273,
        7.854028 -2.778308 11.305403,
        7.888396 -2.836931 11.295065,
        7.858045 -2.848224 11.281297,
        7.752427 -2.688215 11.321289,
        7.689633 -2.660683 11.326143,
        7.622400 -2.646609 11.328624,
        7.909636 -2.901309 11.283715,
        7.877140 -2.906098 11.271093,
        7.827150 -2.795525 11.290590,
        7.785805 -2.750304 11.298563,
        7.735816 -2.714536 11.304870,
        7.679367 -2.689785 11.309235,
        7.618927 -2.677133 11.311466,
        7.803028 -2.809541 11.269144,
        7.765853 -2.768881 11.276313,
        7.720906 -2.736722 11.281984,
        7.670152 -2.714468 11.285909,
        7.368028 -2.728004 11.314273,
        7.322035 -2.778308 11.305403,
        7.390259 -2.750304 11.298563,
        7.348912 -2.795525 11.290590,
        7.410210 -2.768881 11.276313,
        7.781294 -2.820841 11.241929,
        7.758320 -2.791356 11.247128,
        7.748372 -2.783838 11.248454,
        7.708444 -2.753665 11.253774,
        7.661946 -2.734698 11.257119,
        7.650362 -2.729972 11.257951,
        7.557136 -2.677133 11.311466,
        7.553663 -2.646609 11.328624,
        7.514116 -2.734698 11.257119,
        7.505911 -2.714468 11.285909,
        7.496696 -2.689785 11.309235,
        7.486430 -2.660683 11.326143,
        7.423637 -2.688215 11.321289,
        7.440248 -2.714536 11.304870,
        7.455157 -2.736722 11.281984,
        7.467619 -2.753665 11.253774,
        7.427691 -2.783838 11.248454,
        7.417743 -2.791356 11.247128,
        7.318018 -2.848224 11.281297,
        7.287667 -2.836931 11.295065,
        7.353776 -2.909917 11.226222,
        7.328090 -2.908958 11.251615,
        7.298923 -2.906098 11.271093,
        7.266427 -2.901309 11.283715,
        7.259241 -2.968630 11.271844,
        7.292464 -2.966616 11.260422,
        7.322282 -2.963371 11.242020,
        7.347207 -2.959057 11.217557,
        7.650362 -4.715697 10.907815,
        7.612946 -4.720548 10.906959,
        7.615809 -4.751204 10.926778,
        7.588031 -4.723778 10.906389,
        7.563117 -4.720548 10.906959,
        7.560253 -4.751204 10.926778,
        7.379471 -4.605195 10.927299,
        7.369854 -4.582331 10.931330,
        7.345257 -4.597373 10.953902,
        7.355413 -4.547995 10.937385,
        7.353776 -4.535752 10.939544,
        7.328090 -4.545339 10.963077,
        7.368028 -4.736810 10.960066,
        7.322035 -4.686506 10.968936,
        7.287667 -4.627883 10.979272,
        7.318018 -4.612562 10.970198,
        7.423637 -4.776599 10.953050,
        7.486430 -4.804131 10.948195,
        7.553663 -4.818205 10.945714,
        7.266427 -4.563505 10.990624,
        7.298923 -4.554689 10.980402,
        7.348912 -4.665261 10.960905,
        7.390259 -4.710482 10.952931,
        7.440248 -4.746250 10.946624,
        7.496696 -4.771001 10.942260,
        7.557136 -4.783652 10.940029,
        7.373035 -4.644756 10.945547,
        7.410210 -4.685415 10.938377,
        7.455157 -4.717575 10.932707,
        7.505911 -4.739829 10.928783,
        7.808035 -4.736810 10.960066,
        7.854028 -4.686506 10.968936,
        7.785805 -4.710482 10.952931,
        7.827150 -4.665261 10.960905,
        7.765853 -4.685415 10.938377,
        7.803028 -4.644756 10.945547,
        7.259241 -4.496184 11.002495,
        7.292464 -4.494170 10.991073,
        7.322282 -4.490926 10.972671,
        7.347207 -4.486612 10.948209,
        7.394769 -4.624829 10.923837,
        7.417743 -4.654314 10.918638,
        7.427691 -4.661831 10.917312,
        7.467619 -4.692004 10.911992,
        7.514116 -4.710972 10.908648,
        7.525702 -4.715697 10.907815,
        7.618927 -4.783652 10.940029,
        7.622400 -4.818205 10.945714,
        7.661946 -4.710972 10.908648,
        7.670152 -4.739829 10.928783,
        7.679367 -4.771001 10.942260,
        7.689633 -4.804131 10.948195,
        7.752427 -4.776599 10.953050,
        7.735816 -4.746250 10.946624,
        7.720906 -4.717575 10.932707,
        7.708444 -4.692004 10.911992,
        7.748372 -4.661831 10.917312,
        7.820650 -4.547995 10.937385,
        7.806209 -4.582331 10.931330,
        7.830806 -4.597373 10.953902,
        7.858045 -4.612562 10.970198,
        7.888396 -4.627883 10.979272,
        7.796592 -4.605195 10.927299,
        7.781294 -4.624829 10.923837,
        7.758320 -4.654314 10.918638,
        7.822287 -4.535752 10.939544,
        7.847974 -4.545339 10.963077,
        7.877140 -4.554689 10.980402,
        7.909636 -4.563505 10.990624,
        7.740892 -2.949485 11.163271,
        7.740892 -4.477040 10.893922,
        7.774115 -2.951500 11.174693,
        7.774115 -4.479054 10.905344,
        7.803933 -2.954744 11.193094,
        7.803933 -4.482298 10.923746,
        7.775007 -2.848434 11.211841,
        7.796576 -2.899714 11.202798,
        7.740696 -2.804398 11.219605,
        7.695982 -2.770609 11.225562,
        7.643911 -2.749369 11.229309,
        7.588031 -2.742123 11.230586,
        7.532152 -2.749369 11.229309,
        7.480081 -2.770609 11.225562,
        7.435366 -2.804398 11.219605,
        7.401056 -2.848434 11.211841,
        7.379487 -2.899714 11.202798,
        7.372131 -2.954744 11.193094,
        7.401948 -2.951500 11.174693,
        7.408289 -2.904069 11.183056,
        7.426879 -2.859871 11.190850,
        7.456450 -2.821918 11.197542,
        7.494990 -2.792795 11.202677,
        7.539869 -2.774488 11.205905,
        7.588031 -2.768243 11.207006,
        7.636193 -2.774488 11.205905,
        7.681072 -2.792795 11.202677,
        7.719612 -2.821918 11.197542,
        7.749183 -2.859871 11.190850,
        7.767774 -2.904069 11.183056,
        7.435171 -2.949485 11.163271,
        7.440379 -2.910523 11.170142,
        7.455650 -2.874216 11.176543,
        7.479943 -2.843039 11.182040,
        7.511602 -2.819116 11.186259,
        7.548468 -2.804077 11.188911,
        7.588031 -2.798947 11.189815,
        7.627595 -2.804077 11.188911,
        7.664461 -2.819116 11.186259,
        7.696120 -2.843039 11.182040,
        7.720413 -2.874216 11.176543,
        7.735683 -2.910523 11.170142,
        7.401056 -4.588609 10.905001,
        7.379487 -4.537330 10.914043,
        7.372131 -4.482298 10.923746,
        7.435366 -4.632644 10.897236,
        7.480081 -4.666433 10.891278,
        7.532152 -4.687674 10.887533,
        7.588031 -4.694920 10.886256,
        7.643911 -4.687674 10.887533,
        7.695982 -4.666433 10.891278,
        7.740696 -4.632644 10.897236,
        7.775007 -4.588609 10.905001,
        7.796576 -4.537330 10.914043,
        7.767774 -4.526484 10.896981,
        7.749183 -4.570682 10.889188,
        7.719612 -4.608636 10.882496,
        7.681072 -4.637758 10.877360,
        7.636193 -4.656066 10.874132,
        7.588031 -4.662310 10.873031,
        7.539869 -4.656066 10.874132,
        7.494990 -4.637758 10.877360,
        7.456450 -4.608636 10.882496,
        7.426879 -4.570682 10.889188,
        7.408289 -4.526484 10.896981,
        7.401948 -4.479054 10.905344,
        7.735683 -4.516002 10.887052,
        7.720413 -4.552309 10.880650,
        7.696120 -4.583487 10.875153,
        7.664461 -4.607410 10.870934,
        7.627595 -4.622449 10.868283,
        7.588031 -4.627578 10.867378,
        7.548468 -4.622449 10.868283,
        7.511602 -4.607410 10.870934,
        7.479943 -4.583487 10.875153,
        7.455650 -4.552309 10.880650,
        7.440379 -4.516002 10.887052,
        7.435171 -4.477040 10.893922,
        4.477795 -1.333739 7.957263,
        4.477795 -1.333739 11.058593,
        4.477795 -1.176259 7.957263,
        4.477795 -1.176259 11.058593,
        5.658898 -1.176259 7.957263,
        5.658898 -1.176259 11.058593,
        5.658898 -1.333739 7.957263,
        5.658898 -1.333739 11.058593,
        4.477795 -5.782161 7.957263,
        4.477795 -5.782161 10.404254,
        4.477795 -5.624681 7.957263,
        4.477795 -5.624681 10.404254,
        5.658898 -5.624681 7.957263,
        5.658898 -5.624681 10.404254,
        5.658898 -5.782161 7.957263,
        5.658898 -5.782161 10.404254,
        5.658898 -1.674097 11.344187,
        5.658898 -1.701443 11.499275,
        5.658898 -5.385039 10.689848,
        5.658898 -5.412385 10.844936,
        4.477795 -1.701443 11.499275,
        4.477795 -1.674097 11.344187,
        4.477795 -5.412385 10.844936,
        4.477795 -5.385039 10.689848,
        5.424156 -4.571347 10.993233,
        5.400656 -4.642573 10.980674,
        5.362633 -4.707430 10.969239,
        5.311748 -4.763085 10.959425,
        5.250225 -4.807105 10.951663,
        5.180754 -2.628614 11.335790,
        5.250225 -2.659075 11.330419,
        5.180754 -4.837565 10.946292,
        5.106370 -4.853136 10.943546,
        5.030323 -4.853136 10.943546,
        4.736037 -2.823606 11.301407,
        4.774060 -2.758749 11.312844,
        4.824945 -2.703094 11.322657,
        4.886467 -2.659075 11.330419,
        4.955939 -2.628614 11.335790,
        5.030323 -2.613043 11.338536,
        5.106370 -2.613043 11.338536,
        5.311748 -2.703094 11.322657,
        5.362633 -2.758749 11.312844,
        5.400656 -2.823606 11.301407,
        5.424156 -2.894832 11.288849,
        5.432104 -2.969313 11.275715,
        5.432104 -4.496867 11.006367,
        4.955939 -4.837565 10.946292,
        4.886467 -4.807105 10.951663,
        4.824945 -4.763085 10.959425,
        4.774060 -4.707430 10.969239,
        4.736037 -4.642573 10.980674,
        4.712537 -4.571347 10.993233,
        4.704589 -4.496867 11.006367,
        4.704589 -2.969313 11.275715,
        4.712537 -2.894832 11.288849,
        4.493993 -1.176259 7.897566,
        5.311861 -1.176259 7.329134,
        4.815929 -1.176259 7.347970,
        5.306405 -1.176259 7.309026,
        4.824833 -1.176259 7.329134,
        5.657060 -1.176259 7.936510,
        4.485089 -1.176259 7.916402,
        5.642700 -1.176259 7.897566,
        5.320764 -1.176259 7.347970,
        5.651604 -1.176259 7.916402,
        4.479633 -1.176259 7.936510,
        5.304567 -1.176259 6.131041,
        4.832126 -1.176259 6.131041,
        5.304567 -1.176259 7.288272,
        4.832126 -1.176259 7.288272,
        4.830288 -1.176259 7.309026,
        5.288743 -1.176259 6.071985,
        5.186457 -1.176259 6.012930,
        5.300543 -1.176259 6.100471,
        4.919667 -1.176259 6.016955,
        4.891181 -1.176259 6.028754,
        5.269973 -1.176259 6.047524,
        5.245512 -1.176259 6.028754,
        5.217026 -1.176259 6.016955,
        4.950236 -1.176259 6.012930,
        4.866719 -1.176259 6.047524,
        4.847950 -1.176259 6.071985,
        4.836150 -1.176259 6.100471,
        5.642700 -1.333739 7.897566,
        4.824833 -1.333739 7.329134,
        5.320764 -1.333739 7.347970,
        4.830288 -1.333739 7.309026,
        5.311861 -1.333739 7.329134,
        4.832126 -1.333739 6.131041,
        5.304567 -1.333739 6.131041,
        4.832126 -1.333739 7.288272,
        5.304567 -1.333739 7.288272,
        5.306405 -1.333739 7.309026,
        4.479633 -1.333739 7.936510,
        5.651604 -1.333739 7.916402,
        4.493993 -1.333739 7.897566,
        4.815929 -1.333739 7.347970,
        4.485089 -1.333739 7.916402,
        5.657060 -1.333739 7.936510,
        5.217026 -1.333739 6.016955,
        5.245512 -1.333739 6.028754,
        4.836150 -1.333739 6.100471,
        4.891181 -1.333739 6.028754,
        4.847950 -1.333739 6.071985,
        4.866719 -1.333739 6.047524,
        4.919667 -1.333739 6.016955,
        4.950236 -1.333739 6.012930,
        5.186457 -1.333739 6.012930,
        5.269973 -1.333739 6.047524,
        5.288743 -1.333739 6.071985,
        5.300543 -1.333739 6.100471,
        5.658898 -1.342707 11.130153,
        5.658898 -1.190096 11.169012,
        5.658898 -1.369055 11.197287,
        5.658898 -1.230752 11.272602,
        5.658898 -1.411154 11.255843,
        5.658898 -1.295713 11.362957,
        5.658898 -1.466401 11.302201,
        5.658898 -1.380960 11.434488,
        5.658898 -1.531378 11.333492,
        5.658898 -1.481222 11.482772,
        5.658898 -1.602067 11.347782,
        5.658898 -1.590299 11.504822,
        4.477795 -1.602067 11.347782,
        4.477795 -1.590299 11.504822,
        4.477795 -1.531378 11.333492,
        4.477795 -1.481222 11.482772,
        4.477795 -1.466401 11.302201,
        4.477795 -1.380960 11.434488,
        4.477795 -1.411154 11.255843,
        4.477795 -1.295713 11.362957,
        4.477795 -1.369055 11.197287,
        4.477795 -1.230752 11.272602,
        4.477795 -1.342707 11.130153,
        4.477795 -1.190096 11.169012,
        5.658898 -5.449545 10.670536,
        5.658898 -5.511920 10.815137,
        5.658898 -5.507857 10.636869,
        5.658898 -5.601898 10.763188,
        5.658898 -5.556834 10.590662,
        5.658898 -5.677471 10.691888,
        5.658898 -5.593835 10.534405,
        5.658898 -5.734564 10.605082,
        5.658898 -5.616864 10.471132,
        5.658898 -5.770100 10.507450,
        4.477795 -5.616864 10.471132,
        4.477795 -5.770100 10.507450,
        4.477795 -5.593835 10.534405,
        4.477795 -5.734564 10.605082,
        4.477795 -5.556834 10.590662,
        4.477795 -5.677471 10.691888,
        4.477795 -5.507857 10.636869,
        4.477795 -5.601898 10.763188,
        4.477795 -5.449545 10.670536,
        4.477795 -5.511920 10.815137,
        5.642700 -5.782161 7.897566,
        5.651604 -5.782161 7.916402,
        5.304567 -5.782161 6.131041,
        5.304567 -5.782161 7.288272,
        4.832126 -5.782161 7.288272,
        5.306405 -5.782161 7.309026,
        4.830288 -5.782161 7.309026,
        5.311861 -5.782161 7.329134,
        4.824833 -5.782161 7.329134,
        5.657060 -5.782161 7.936510,
        4.479633 -5.782161 7.936510,
        4.485089 -5.782161 7.916402,
        5.320764 -5.782161 7.347970,
        4.493993 -5.782161 7.897566,
        4.815929 -5.782161 7.347970,
        4.836150 -5.782161 6.100471,
        4.847950 -5.782161 6.071985,
        4.950236 -5.782161 6.012930,
        4.832126 -5.782161 6.131041,
        4.866719 -5.782161 6.047524,
        4.891181 -5.782161 6.028754,
        4.919667 -5.782161 6.016955,
        5.288743 -5.782161 6.071985,
        5.217026 -5.782161 6.016955,
        5.269973 -5.782161 6.047524,
        5.245512 -5.782161 6.028754,
        5.186457 -5.782161 6.012930,
        5.300543 -5.782161 6.100471,
        4.493993 -5.624681 7.897566,
        5.311861 -5.624681 7.329134,
        4.815929 -5.624681 7.347970,
        5.306405 -5.624681 7.309026,
        4.824833 -5.624681 7.329134,
        5.304567 -5.624681 6.131041,
        4.832126 -5.624681 6.131041,
        5.304567 -5.624681 7.288272,
        4.832126 -5.624681 7.288272,
        4.830288 -5.624681 7.309026,
        5.657060 -5.624681 7.936510,
        4.485089 -5.624681 7.916402,
        5.642700 -5.624681 7.897566,
        5.320764 -5.624681 7.347970,
        5.651604 -5.624681 7.916402,
        4.479633 -5.624681 7.936510,
        4.919667 -5.624681 6.016955,
        4.891181 -5.624681 6.028754,
        4.866719 -5.624681 6.047524,
        4.847950 -5.624681 6.071985,
        4.836150 -5.624681 6.100471,
        5.300543 -5.624681 6.100471,
        5.217026 -5.624681 6.016955,
        5.186457 -5.624681 6.012930,
        4.950236 -5.624681 6.012930,
        5.288743 -5.624681 6.071985,
        5.269973 -5.624681 6.047524,
        5.245512 -5.624681 6.028754,
        5.009400 -2.848256 11.177128,
        4.984984 -2.866707 11.173875,
        5.186238 -2.948803 11.159400,
        5.098859 -4.588502 10.870276,
        5.127292 -4.576904 10.872321,
        4.950454 -4.476357 10.890050,
        5.151709 -4.558453 10.875575,
        5.170444 -4.534408 10.879815,
        4.950454 -2.948803 11.159400,
        5.186238 -4.476357 10.890050,
        5.182221 -4.506406 10.884752,
        4.966249 -2.890752 11.169635,
        4.954471 -2.918754 11.164698,
        4.954471 -4.506406 10.884752,
        4.966249 -4.534408 10.879815,
        4.984984 -4.558453 10.875575,
        5.127292 -2.848256 11.177128,
        5.098859 -2.836658 11.179174,
        5.009400 -4.576904 10.872321,
        5.037834 -4.588502 10.870276,
        5.068346 -4.592459 10.869579,
        5.068346 -2.832702 11.179871,
        5.037834 -2.836658 11.179174,
        5.182221 -2.918754 11.164698,
        5.170444 -2.890752 11.169635,
        5.151709 -2.866707 11.173875,
        5.309171 -2.959057 11.217557,
        5.309171 -4.486612 10.948209,
        5.334096 -4.490926 10.972671,
        5.334096 -2.963371 11.242020,
        5.363913 -4.494170 10.991073,
        5.363913 -2.966616 11.260422,
        5.397136 -4.496184 11.002495,
        5.397136 -2.968630 11.271844,
        4.835727 -2.897674 11.228381,
        4.850169 -2.863339 11.234435,
        4.825572 -2.856923 11.260790,
        4.859786 -2.840474 11.238467,
        4.875084 -2.820841 11.241929,
        4.853351 -2.809541 11.269144,
        5.006016 -2.729972 11.257951,
        5.043431 -2.725122 11.258807,
        5.040568 -2.703093 11.287915,
        5.068346 -2.721891 11.259376,
        5.093261 -2.725122 11.258807,
        5.096125 -2.703093 11.287915,
        5.276907 -2.840474 11.238467,
        5.286524 -2.863339 11.234435,
        5.311121 -2.856923 11.260790,
        5.300966 -2.897674 11.228381,
        5.302602 -2.909917 11.226222,
        5.328289 -2.908958 11.251615,
        5.288349 -2.728004 11.314273,
        5.334343 -2.778308 11.305403,
        5.368711 -2.836931 11.295065,
        5.338361 -2.848224 11.281297,
        5.232741 -2.688215 11.321289,
        5.169948 -2.660683 11.326143,
        5.102714 -2.646609 11.328624,
        5.389951 -2.901309 11.283715,
        5.357455 -2.906098 11.271093,
        5.307465 -2.795525 11.290590,
        5.266119 -2.750304 11.298563,
        5.216130 -2.714536 11.304870,
        5.159682 -2.689785 11.309235,
        5.099241 -2.677133 11.311466,
        5.283342 -2.809541 11.269144,
        5.246168 -2.768881 11.276313,
        5.201221 -2.736722 11.281984,
        5.150468 -2.714468 11.285909,
        4.848343 -2.728004 11.314273,
        4.802350 -2.778308 11.305403,
        4.870573 -2.750304 11.298563,
        4.829228 -2.795525 11.290590,
        4.890526 -2.768881 11.276313,
        5.261609 -2.820841 11.241929,
        5.238635 -2.791356 11.247128,
        5.228688 -2.783838 11.248454,
        5.188759 -2.753665 11.253774,
        5.142261 -2.734698 11.257119,
        5.130677 -2.729972 11.257951,
        5.037451 -2.677133 11.311466,
        5.033978 -2.646609 11.328624,
        4.994432 -2.734698 11.257119,
        4.986226 -2.714468 11.285909,
        4.977011 -2.689785 11.309235,
        4.966745 -2.660683 11.326143,
        4.903952 -2.688215 11.321289,
        4.920563 -2.714536 11.304870,
        4.935472 -2.736722 11.281984,
        4.947934 -2.753665 11.253774,
        4.908005 -2.783838 11.248454,
        4.898057 -2.791356 11.247128,
        4.798332 -2.848224 11.281297,
        4.767982 -2.836931 11.295065,
        4.834091 -2.909917 11.226222,
        4.808404 -2.908958 11.251615,
        4.779238 -2.906098 11.271093,
        4.746742 -2.901309 11.283715,
        4.739557 -2.968630 11.271844,
        4.772779 -2.966616 11.260422,
        4.802597 -2.963371 11.242020,
        4.827521 -2.959057 11.217557,
        5.130677 -4.715697 10.907815,
        5.093261 -4.720548 10.906959,
        5.096125 -4.751204 10.926778,
        5.068346 -4.723778 10.906389,
        5.043431 -4.720548 10.906959,
        5.040568 -4.751204 10.926778,
        4.859786 -4.605195 10.927299,
        4.850169 -4.582331 10.931330,
        4.825572 -4.597373 10.953902,
        4.835727 -4.547995 10.937385,
        4.834091 -4.535752 10.939544,
        4.808404 -4.545339 10.963077,
        4.848343 -4.736810 10.960066,
        4.802350 -4.686506 10.968936,
        4.767982 -4.627883 10.979272,
        4.798332 -4.612562 10.970198,
        4.903952 -4.776599 10.953050,
        4.966745 -4.804131 10.948195,
        5.033978 -4.818205 10.945714,
        4.746742 -4.563505 10.990624,
        4.779238 -4.554689 10.980402,
        4.829228 -4.665261 10.960905,
        4.870573 -4.710482 10.952931,
        4.920563 -4.746250 10.946624,
        4.977011 -4.771001 10.942260,
        5.037451 -4.783652 10.940029,
        4.853351 -4.644756 10.945547,
        4.890526 -4.685415 10.938377,
        4.935472 -4.717575 10.932707,
        4.986226 -4.739829 10.928783,
        5.288349 -4.736810 10.960066,
        5.334343 -4.686506 10.968936,
        5.266119 -4.710482 10.952931,
        5.307465 -4.665261 10.960905,
        5.246168 -4.685415 10.938377,
        5.283342 -4.644756 10.945547,
        4.739557 -4.496184 11.002495,
        4.772779 -4.494170 10.991073,
        4.802597 -4.490926 10.972671,
        4.827521 -4.486612 10.948209,
        4.875084 -4.624829 10.923837,
        4.898057 -4.654314 10.918638,
        4.908005 -4.661831 10.917312,
        4.947934 -4.692004 10.911992,
        4.994432 -4.710972 10.908648,
        5.006016 -4.715697 10.907815,
        5.099241 -4.783652 10.940029,
        5.102714 -4.818205 10.945714,
        5.142261 -4.710972 10.908648,
        5.150468 -4.739829 10.928783,
        5.159682 -4.771001 10.942260,
        5.169948 -4.804131 10.948195,
        5.232741 -4.776599 10.953050,
        5.216130 -4.746250 10.946624,
        5.201221 -4.717575 10.932707,
        5.188759 -4.692004 10.911992,
        5.228688 -4.661831 10.917312,
        5.300966 -4.547995 10.937385,
        5.286524 -4.582331 10.931330,
        5.311121 -4.597373 10.953902,
        5.338361 -4.612562 10.970198,
        5.368711 -4.627883 10.979272,
        5.276907 -4.605195 10.927299,
        5.261609 -4.624829 10.923837,
        5.238635 -4.654314 10.918638,
        5.302602 -4.535752 10.939544,
        5.328289 -4.545339 10.963077,
        5.357455 -4.554689 10.980402,
        5.389951 -4.563505 10.990624,
        5.221207 -2.949485 11.163271,
        5.221207 -4.477040 10.893922,
        5.254430 -2.951500 11.174693,
        5.254430 -4.479054 10.905344,
        5.284247 -2.954744 11.193094,
        5.284247 -4.482298 10.923746,
        5.255322 -2.848434 11.211841,
        5.276891 -2.899714 11.202798,
        5.221011 -2.804398 11.219605,
        5.176297 -2.770609 11.225562,
        5.124225 -2.749369 11.229309,
        5.068346 -2.742123 11.230586,
        5.012467 -2.749369 11.229309,
        4.960396 -2.770609 11.225562,
        4.915681 -2.804398 11.219605,
        4.881371 -2.848434 11.211841,
        4.859802 -2.899714 11.202798,
        4.852446 -2.954744 11.193094,
        4.882263 -2.951500 11.174693,
        4.888604 -2.904069 11.183056,
        4.907194 -2.859871 11.190850,
        4.936766 -2.821918 11.197542,
        4.975305 -2.792795 11.202677,
        5.020185 -2.774488 11.205905,
        5.068346 -2.768243 11.207006,
        5.116509 -2.774488 11.205905,
        5.161388 -2.792795 11.202677,
        5.199927 -2.821918 11.197542,
        5.229499 -2.859871 11.190850,
        5.248089 -2.904069 11.183056,
        4.915486 -2.949485 11.163271,
        4.920694 -2.910523 11.170142,
        4.935965 -2.874216 11.176543,
        4.960257 -2.843039 11.182040,
        4.991916 -2.819116 11.186259,
        5.028783 -2.804077 11.188911,
        5.068346 -2.798947 11.189815,
        5.107910 -2.804077 11.188911,
        5.144777 -2.819116 11.186259,
        5.176435 -2.843039 11.182040,
        5.200727 -2.874216 11.176543,
        5.215998 -2.910523 11.170142,
        4.881371 -4.588609 10.905001,
        4.859802 -4.537330 10.914043,
        4.852446 -4.482298 10.923746,
        4.915681 -4.632644 10.897236,
        4.960396 -4.666433 10.891278,
        5.012467 -4.687674 10.887533,
        5.068346 -4.694920 10.886256,
        5.124225 -4.687674 10.887533,
        5.176297 -4.666433 10.891278,
        5.221011 -4.632644 10.897236,
        5.255322 -4.588609 10.905001,
        5.276891 -4.537330 10.914043,
        5.248089 -4.526484 10.896981,
        5.229499 -4.570682 10.889188,
        5.199927 -4.608636 10.882496,
        5.161388 -4.637758 10.877360,
        5.116509 -4.656066 10.874132,
        5.068346 -4.662310 10.873031,
        5.020185 -4.656066 10.874132,
        4.975305 -4.637758 10.877360,
        4.936766 -4.608636 10.882496,
        4.907194 -4.570682 10.889188,
        4.888604 -4.526484 10.896981,
        4.882263 -4.479054 10.905344,
        5.215998 -4.516002 10.887052,
        5.200727 -4.552309 10.880650,
        5.176435 -4.583487 10.875153,
        5.144777 -4.607410 10.870934,
        5.107910 -4.622449 10.868283,
        5.068346 -4.627578 10.867378,
        5.028783 -4.622449 10.868283,
        4.991916 -4.607410 10.870934,
        4.960257 -4.583487 10.875153,
        4.935965 -4.552309 10.880650,
        4.920694 -4.516002 10.887052,
        4.915486 -4.477040 10.893922,
      ]
    }
    coordIndex [
      0, 1, 2, -1,
      2, 1, 3, -1,
      4, 5, 6, -1,
      6, 5, 7, -1,
      8, 9, 10, -1,
      10, 9, 11, -1,
      12, 13, 14, -1,
      14, 13, 15, -1,
      16, 17, 18, -1,
      18, 17, 19, -1,
      20, 21, 22, -1,
      22, 21, 23, -1,
      24, 25, 22, -1,
      22, 25, 26, -1,
      19, 27, 22, -1,
      22, 27, 28, -1,
      22, 28, 29, -1,
      29, 30, 22, -1,
      22, 30, 31, -1,
      22, 31, 24, -1,
      32, 33, 17, -1,
      26, 34, 22, -1,
      22, 34, 35, -1,
      22, 35, 20, -1,
      20, 35, 36, -1,
      20, 36, 37, -1,
      38, 39, 19, -1,
      19, 39, 40, -1,
      19, 40, 41, -1,
      37, 42, 20, -1,
      20, 42, 43, -1,
      20, 43, 44, -1,
      41, 45, 19, -1,
      19, 45, 46, -1,
      19, 46, 27, -1,
      44, 47, 20, -1,
      20, 47, 48, -1,
      20, 48, 17, -1,
      17, 48, 49, -1,
      17, 49, 50, -1,
      50, 51, 17, -1,
      17, 51, 52, -1,
      17, 52, 32, -1,
      33, 53, 17, -1,
      17, 53, 54, -1,
      17, 54, 19, -1,
      19, 54, 55, -1,
      19, 55, 38, -1,
      23, 21, 18, -1,
      18, 21, 16, -1,
      56, 57, 58, -1,
      58, 57, 59, -1,
      3, 5, 2, -1,
      2, 5, 4, -1,
      2, 4, 60, -1,
      60, 61, 2, -1,
      2, 61, 62, -1,
      2, 62, 63, -1,
      59, 57, 62, -1,
      62, 57, 64, -1,
      62, 64, 63, -1,
      56, 58, 65, -1,
      65, 58, 66, -1,
      65, 66, 67, -1,
      67, 66, 68, -1,
      67, 68, 69, -1,
      69, 68, 70, -1,
      69, 70, 71, -1,
      68, 72, 70, -1,
      70, 72, 73, -1,
      70, 73, 74, -1,
      74, 75, 70, -1,
      70, 75, 76, -1,
      70, 76, 77, -1,
      78, 79, 71, -1,
      71, 79, 80, -1,
      71, 80, 69, -1,
      78, 81, 79, -1,
      79, 81, 82, -1,
      79, 82, 83, -1,
      84, 85, 86, -1,
      86, 85, 87, -1,
      87, 85, 88, -1,
      87, 88, 89, -1,
      90, 91, 86, -1,
      86, 91, 92, -1,
      86, 92, 84, -1,
      7, 1, 6, -1,
      6, 1, 0, -1,
      6, 0, 93, -1,
      93, 94, 6, -1,
      6, 94, 95, -1,
      6, 95, 96, -1,
      89, 88, 95, -1,
      95, 88, 97, -1,
      95, 97, 96, -1,
      98, 99, 100, -1,
      100, 99, 101, -1,
      100, 101, 102, -1,
      90, 103, 91, -1,
      91, 103, 104, -1,
      91, 104, 101, -1,
      101, 104, 105, -1,
      101, 105, 102, -1,
      106, 107, 108, -1,
      108, 107, 109, -1,
      90, 110, 103, -1,
      103, 110, 107, -1,
      103, 107, 111, -1,
      111, 107, 106, -1,
      71, 70, 103, -1,
      103, 70, 104, -1,
      7, 5, 112, -1,
      112, 5, 113, -1,
      112, 113, 114, -1,
      114, 113, 115, -1,
      114, 115, 116, -1,
      116, 115, 117, -1,
      116, 117, 118, -1,
      118, 117, 119, -1,
      118, 119, 120, -1,
      120, 119, 121, -1,
      120, 121, 122, -1,
      122, 121, 123, -1,
      122, 123, 16, -1,
      16, 123, 17, -1,
      21, 20, 124, -1,
      124, 20, 125, -1,
      124, 125, 126, -1,
      126, 125, 127, -1,
      126, 127, 128, -1,
      128, 127, 129, -1,
      128, 129, 130, -1,
      130, 129, 131, -1,
      130, 131, 132, -1,
      132, 131, 133, -1,
      132, 133, 134, -1,
      134, 133, 135, -1,
      134, 135, 1, -1,
      1, 135, 3, -1,
      5, 3, 135, -1,
      5, 135, 113, -1,
      113, 135, 133, -1,
      113, 133, 115, -1,
      115, 133, 131, -1,
      115, 131, 117, -1,
      117, 131, 129, -1,
      117, 129, 119, -1,
      119, 129, 127, -1,
      119, 127, 121, -1,
      121, 127, 125, -1,
      121, 125, 123, -1,
      123, 125, 20, -1,
      123, 20, 17, -1,
      16, 21, 122, -1,
      122, 21, 124, -1,
      122, 124, 120, -1,
      120, 124, 126, -1,
      120, 126, 118, -1,
      118, 126, 128, -1,
      118, 128, 116, -1,
      116, 128, 130, -1,
      116, 130, 114, -1,
      114, 130, 132, -1,
      114, 132, 112, -1,
      112, 132, 134, -1,
      112, 134, 7, -1,
      7, 134, 1, -1,
      18, 19, 136, -1,
      136, 19, 137, -1,
      136, 137, 138, -1,
      138, 137, 139, -1,
      138, 139, 140, -1,
      140, 139, 141, -1,
      140, 141, 142, -1,
      142, 141, 143, -1,
      142, 143, 144, -1,
      144, 143, 145, -1,
      144, 145, 13, -1,
      13, 145, 15, -1,
      11, 9, 146, -1,
      146, 9, 147, -1,
      146, 147, 148, -1,
      148, 147, 149, -1,
      148, 149, 150, -1,
      150, 149, 151, -1,
      150, 151, 152, -1,
      152, 151, 153, -1,
      152, 153, 154, -1,
      154, 153, 155, -1,
      154, 155, 23, -1,
      23, 155, 22, -1,
      19, 22, 155, -1,
      19, 155, 137, -1,
      137, 155, 153, -1,
      137, 153, 139, -1,
      139, 153, 151, -1,
      139, 151, 141, -1,
      141, 151, 149, -1,
      141, 149, 143, -1,
      143, 149, 147, -1,
      143, 147, 145, -1,
      145, 147, 9, -1,
      145, 9, 15, -1,
      13, 11, 144, -1,
      144, 11, 146, -1,
      144, 146, 142, -1,
      142, 146, 148, -1,
      142, 148, 140, -1,
      140, 148, 150, -1,
      140, 150, 138, -1,
      138, 150, 152, -1,
      138, 152, 136, -1,
      136, 152, 154, -1,
      136, 154, 18, -1,
      18, 154, 23, -1,
      156, 157, 158, -1,
      158, 157, 159, -1,
      160, 161, 162, -1,
      162, 161, 159, -1,
      162, 159, 163, -1,
      163, 159, 157, -1,
      15, 9, 14, -1,
      14, 9, 8, -1,
      14, 8, 164, -1,
      165, 166, 160, -1,
      160, 166, 167, -1,
      160, 167, 161, -1,
      164, 168, 14, -1,
      14, 168, 166, -1,
      14, 166, 169, -1,
      169, 166, 165, -1,
      170, 171, 172, -1,
      172, 171, 173, -1,
      172, 173, 174, -1,
      158, 175, 156, -1,
      156, 175, 176, -1,
      156, 176, 173, -1,
      173, 176, 177, -1,
      173, 177, 174, -1,
      178, 179, 180, -1,
      180, 179, 181, -1,
      158, 182, 175, -1,
      175, 182, 179, -1,
      175, 179, 183, -1,
      183, 179, 178, -1,
      12, 184, 185, -1,
      11, 13, 10, -1,
      10, 13, 12, -1,
      10, 12, 186, -1,
      186, 12, 185, -1,
      187, 188, 189, -1,
      189, 188, 190, -1,
      189, 190, 191, -1,
      191, 190, 184, -1,
      191, 184, 192, -1,
      192, 184, 12, -1,
      187, 193, 188, -1,
      188, 193, 194, -1,
      188, 194, 195, -1,
      195, 194, 196, -1,
      195, 196, 197, -1,
      197, 196, 198, -1,
      197, 198, 199, -1,
      196, 200, 198, -1,
      198, 200, 201, -1,
      198, 201, 202, -1,
      202, 203, 198, -1,
      198, 203, 204, -1,
      198, 204, 205, -1,
      206, 207, 199, -1,
      199, 207, 208, -1,
      199, 208, 197, -1,
      206, 209, 207, -1,
      207, 209, 210, -1,
      207, 210, 211, -1,
      212, 213, 214, -1,
      214, 213, 215, -1,
      216, 217, 212, -1,
      212, 217, 218, -1,
      212, 218, 213, -1,
      219, 220, 212, -1,
      212, 220, 221, -1,
      212, 221, 216, -1,
      222, 223, 224, -1,
      225, 226, 215, -1,
      215, 226, 227, -1,
      215, 227, 228, -1,
      219, 229, 220, -1,
      220, 229, 222, -1,
      220, 222, 230, -1,
      230, 222, 224, -1,
      215, 231, 225, -1,
      225, 231, 232, -1,
      225, 232, 233, -1,
      233, 232, 234, -1,
      233, 234, 235, -1,
      228, 236, 215, -1,
      215, 236, 237, -1,
      215, 237, 214, -1,
      238, 239, 240, -1,
      238, 240, 241, -1,
      241, 240, 242, -1,
      241, 242, 243, -1,
      243, 242, 244, -1,
      243, 244, 245, -1,
      245, 244, 55, -1,
      245, 55, 54, -1,
      246, 247, 248, -1,
      249, 250, 251, -1,
      252, 47, 44, -1,
      253, 32, 52, -1,
      33, 32, 254, -1,
      254, 32, 253, -1,
      254, 253, 255, -1,
      47, 256, 48, -1,
      48, 256, 257, -1,
      48, 257, 49, -1,
      49, 257, 258, -1,
      49, 258, 50, -1,
      50, 258, 259, -1,
      50, 259, 51, -1,
      51, 259, 260, -1,
      51, 260, 52, -1,
      252, 44, 261, -1,
      261, 44, 43, -1,
      261, 43, 262, -1,
      262, 43, 42, -1,
      262, 42, 263, -1,
      53, 33, 264, -1,
      264, 33, 254, -1,
      264, 254, 265, -1,
      265, 254, 255, -1,
      265, 255, 251, -1,
      256, 266, 257, -1,
      257, 266, 267, -1,
      257, 267, 258, -1,
      258, 267, 268, -1,
      258, 268, 259, -1,
      259, 268, 269, -1,
      259, 269, 260, -1,
      260, 269, 270, -1,
      271, 252, 272, -1,
      272, 252, 261, -1,
      272, 261, 273, -1,
      273, 261, 262, -1,
      273, 262, 274, -1,
      274, 262, 263, -1,
      274, 263, 275, -1,
      266, 276, 267, -1,
      267, 276, 277, -1,
      267, 277, 268, -1,
      268, 277, 278, -1,
      268, 278, 269, -1,
      269, 278, 279, -1,
      269, 279, 270, -1,
      270, 279, 280, -1,
      248, 271, 281, -1,
      281, 271, 272, -1,
      281, 272, 282, -1,
      282, 272, 273, -1,
      282, 273, 283, -1,
      283, 273, 274, -1,
      283, 274, 284, -1,
      284, 274, 275, -1,
      284, 275, 285, -1,
      54, 53, 245, -1,
      245, 53, 264, -1,
      245, 264, 243, -1,
      243, 264, 265, -1,
      243, 265, 241, -1,
      241, 265, 251, -1,
      241, 251, 238, -1,
      238, 251, 250, -1,
      52, 260, 253, -1,
      253, 260, 270, -1,
      253, 270, 255, -1,
      255, 270, 280, -1,
      255, 280, 251, -1,
      251, 280, 286, -1,
      251, 286, 249, -1,
      287, 288, 276, -1,
      276, 288, 289, -1,
      276, 289, 277, -1,
      277, 289, 290, -1,
      277, 290, 278, -1,
      278, 290, 291, -1,
      278, 291, 279, -1,
      279, 291, 292, -1,
      279, 292, 280, -1,
      280, 292, 293, -1,
      280, 293, 286, -1,
      47, 252, 256, -1,
      256, 252, 271, -1,
      256, 271, 266, -1,
      266, 271, 248, -1,
      266, 248, 276, -1,
      276, 248, 247, -1,
      276, 247, 287, -1,
      246, 248, 294, -1,
      294, 248, 281, -1,
      294, 281, 295, -1,
      295, 281, 282, -1,
      295, 282, 296, -1,
      296, 282, 283, -1,
      296, 283, 297, -1,
      297, 283, 284, -1,
      297, 284, 298, -1,
      299, 300, 301, -1,
      301, 300, 285, -1,
      301, 285, 302, -1,
      302, 285, 275, -1,
      302, 275, 303, -1,
      303, 275, 263, -1,
      303, 263, 37, -1,
      37, 263, 42, -1,
      300, 304, 285, -1,
      285, 304, 305, -1,
      285, 305, 284, -1,
      284, 305, 306, -1,
      284, 306, 298, -1,
      307, 299, 308, -1,
      308, 299, 301, -1,
      308, 301, 309, -1,
      309, 301, 302, -1,
      309, 302, 310, -1,
      310, 302, 303, -1,
      310, 303, 36, -1,
      36, 303, 37, -1,
      36, 35, 310, -1,
      310, 35, 311, -1,
      310, 311, 309, -1,
      309, 311, 312, -1,
      309, 312, 308, -1,
      308, 312, 313, -1,
      308, 313, 307, -1,
      307, 313, 314, -1,
      315, 316, 317, -1,
      318, 319, 320, -1,
      321, 322, 323, -1,
      324, 325, 326, -1,
      327, 31, 30, -1,
      328, 24, 31, -1,
      25, 24, 329, -1,
      329, 24, 328, -1,
      329, 328, 330, -1,
      327, 30, 331, -1,
      331, 30, 29, -1,
      331, 29, 332, -1,
      332, 29, 28, -1,
      332, 28, 333, -1,
      26, 25, 334, -1,
      334, 25, 329, -1,
      334, 329, 335, -1,
      335, 329, 330, -1,
      335, 330, 326, -1,
      336, 327, 337, -1,
      337, 327, 331, -1,
      337, 331, 338, -1,
      338, 331, 332, -1,
      338, 332, 339, -1,
      339, 332, 333, -1,
      339, 333, 340, -1,
      323, 336, 341, -1,
      341, 336, 337, -1,
      341, 337, 342, -1,
      342, 337, 338, -1,
      342, 338, 343, -1,
      343, 338, 339, -1,
      343, 339, 344, -1,
      344, 339, 340, -1,
      344, 340, 320, -1,
      41, 40, 345, -1,
      345, 40, 346, -1,
      345, 346, 347, -1,
      347, 346, 348, -1,
      347, 348, 349, -1,
      349, 348, 350, -1,
      34, 26, 351, -1,
      351, 26, 334, -1,
      351, 334, 352, -1,
      352, 334, 335, -1,
      352, 335, 353, -1,
      353, 335, 326, -1,
      353, 326, 354, -1,
      354, 326, 325, -1,
      31, 327, 328, -1,
      328, 327, 336, -1,
      328, 336, 330, -1,
      330, 336, 323, -1,
      330, 323, 326, -1,
      326, 323, 322, -1,
      326, 322, 324, -1,
      321, 323, 355, -1,
      355, 323, 341, -1,
      355, 341, 356, -1,
      356, 341, 342, -1,
      356, 342, 357, -1,
      357, 342, 343, -1,
      357, 343, 358, -1,
      358, 343, 344, -1,
      358, 344, 359, -1,
      320, 319, 344, -1,
      344, 319, 360, -1,
      344, 360, 359, -1,
      316, 318, 317, -1,
      317, 318, 320, -1,
      317, 320, 361, -1,
      361, 320, 340, -1,
      361, 340, 362, -1,
      362, 340, 333, -1,
      362, 333, 27, -1,
      27, 333, 28, -1,
      363, 315, 364, -1,
      364, 315, 317, -1,
      364, 317, 365, -1,
      365, 317, 361, -1,
      365, 361, 366, -1,
      366, 361, 362, -1,
      366, 362, 46, -1,
      46, 362, 27, -1,
      46, 45, 366, -1,
      366, 45, 367, -1,
      366, 367, 365, -1,
      365, 367, 368, -1,
      365, 368, 364, -1,
      364, 368, 369, -1,
      364, 369, 363, -1,
      363, 369, 370, -1,
      45, 41, 367, -1,
      367, 41, 345, -1,
      367, 345, 368, -1,
      368, 345, 347, -1,
      368, 347, 369, -1,
      369, 347, 349, -1,
      369, 349, 370, -1,
      370, 349, 371, -1,
      372, 373, 374, -1,
      374, 373, 350, -1,
      374, 350, 375, -1,
      375, 350, 348, -1,
      375, 348, 376, -1,
      376, 348, 346, -1,
      376, 346, 39, -1,
      39, 346, 40, -1,
      373, 377, 350, -1,
      350, 377, 378, -1,
      350, 378, 349, -1,
      349, 378, 379, -1,
      349, 379, 371, -1,
      380, 372, 381, -1,
      381, 372, 374, -1,
      381, 374, 382, -1,
      382, 374, 375, -1,
      382, 375, 383, -1,
      383, 375, 376, -1,
      383, 376, 38, -1,
      38, 376, 39, -1,
      38, 55, 383, -1,
      383, 55, 244, -1,
      383, 244, 382, -1,
      382, 244, 242, -1,
      382, 242, 381, -1,
      381, 242, 240, -1,
      381, 240, 380, -1,
      380, 240, 239, -1,
      354, 314, 313, -1,
      354, 313, 353, -1,
      353, 313, 312, -1,
      353, 312, 352, -1,
      352, 312, 311, -1,
      352, 311, 351, -1,
      351, 311, 35, -1,
      351, 35, 34, -1,
      212, 214, 384, -1,
      384, 214, 385, -1,
      384, 385, 386, -1,
      386, 385, 387, -1,
      386, 387, 388, -1,
      388, 387, 389, -1,
      388, 389, 238, -1,
      238, 389, 239, -1,
      286, 390, 249, -1,
      249, 390, 391, -1,
      249, 391, 250, -1,
      250, 391, 388, -1,
      250, 388, 238, -1,
      286, 293, 390, -1,
      390, 293, 292, -1,
      390, 292, 392, -1,
      292, 291, 392, -1,
      392, 291, 290, -1,
      392, 290, 393, -1,
      290, 289, 393, -1,
      393, 289, 288, -1,
      393, 288, 394, -1,
      394, 288, 287, -1,
      394, 287, 395, -1,
      395, 287, 247, -1,
      247, 246, 395, -1,
      395, 246, 294, -1,
      395, 294, 396, -1,
      294, 295, 396, -1,
      396, 295, 296, -1,
      396, 296, 397, -1,
      296, 297, 397, -1,
      397, 297, 298, -1,
      397, 298, 398, -1,
      398, 298, 306, -1,
      398, 306, 399, -1,
      399, 306, 305, -1,
      305, 304, 399, -1,
      399, 304, 300, -1,
      399, 300, 400, -1,
      314, 401, 307, -1,
      307, 401, 400, -1,
      307, 400, 299, -1,
      299, 400, 300, -1,
      401, 402, 400, -1,
      400, 402, 403, -1,
      400, 403, 399, -1,
      399, 403, 404, -1,
      399, 404, 398, -1,
      398, 404, 405, -1,
      398, 405, 397, -1,
      397, 405, 406, -1,
      397, 406, 396, -1,
      396, 406, 407, -1,
      396, 407, 395, -1,
      395, 407, 408, -1,
      395, 408, 394, -1,
      394, 408, 409, -1,
      394, 409, 393, -1,
      393, 409, 410, -1,
      393, 410, 392, -1,
      392, 410, 411, -1,
      392, 411, 390, -1,
      390, 411, 412, -1,
      390, 412, 391, -1,
      391, 412, 413, -1,
      391, 413, 388, -1,
      388, 413, 386, -1,
      402, 414, 403, -1,
      403, 414, 415, -1,
      403, 415, 404, -1,
      404, 415, 416, -1,
      404, 416, 405, -1,
      405, 416, 417, -1,
      405, 417, 406, -1,
      406, 417, 418, -1,
      406, 418, 407, -1,
      407, 418, 419, -1,
      407, 419, 408, -1,
      408, 419, 420, -1,
      408, 420, 409, -1,
      409, 420, 421, -1,
      409, 421, 410, -1,
      410, 421, 422, -1,
      410, 422, 411, -1,
      411, 422, 423, -1,
      411, 423, 412, -1,
      412, 423, 424, -1,
      412, 424, 413, -1,
      413, 424, 425, -1,
      413, 425, 386, -1,
      386, 425, 384, -1,
      414, 213, 415, -1,
      415, 213, 218, -1,
      415, 218, 416, -1,
      416, 218, 217, -1,
      416, 217, 417, -1,
      417, 217, 216, -1,
      417, 216, 418, -1,
      418, 216, 221, -1,
      418, 221, 419, -1,
      419, 221, 220, -1,
      419, 220, 420, -1,
      420, 220, 230, -1,
      420, 230, 421, -1,
      421, 230, 224, -1,
      421, 224, 422, -1,
      422, 224, 223, -1,
      422, 223, 423, -1,
      423, 223, 222, -1,
      423, 222, 424, -1,
      424, 222, 229, -1,
      424, 229, 425, -1,
      425, 229, 219, -1,
      425, 219, 384, -1,
      384, 219, 212, -1,
      322, 426, 324, -1,
      324, 426, 427, -1,
      324, 427, 325, -1,
      325, 427, 428, -1,
      325, 428, 354, -1,
      322, 321, 426, -1,
      426, 321, 355, -1,
      426, 355, 429, -1,
      355, 356, 429, -1,
      429, 356, 357, -1,
      429, 357, 430, -1,
      357, 358, 430, -1,
      430, 358, 359, -1,
      430, 359, 431, -1,
      431, 359, 360, -1,
      431, 360, 432, -1,
      432, 360, 319, -1,
      319, 318, 432, -1,
      432, 318, 316, -1,
      432, 316, 433, -1,
      316, 315, 433, -1,
      433, 315, 363, -1,
      433, 363, 434, -1,
      363, 370, 434, -1,
      434, 370, 371, -1,
      434, 371, 435, -1,
      435, 371, 379, -1,
      435, 379, 436, -1,
      436, 379, 378, -1,
      378, 377, 436, -1,
      436, 377, 373, -1,
      436, 373, 437, -1,
      239, 389, 380, -1,
      380, 389, 437, -1,
      380, 437, 372, -1,
      372, 437, 373, -1,
      389, 387, 437, -1,
      437, 387, 438, -1,
      437, 438, 436, -1,
      436, 438, 439, -1,
      436, 439, 435, -1,
      435, 439, 440, -1,
      435, 440, 434, -1,
      434, 440, 441, -1,
      434, 441, 433, -1,
      433, 441, 442, -1,
      433, 442, 432, -1,
      432, 442, 443, -1,
      432, 443, 431, -1,
      431, 443, 444, -1,
      431, 444, 430, -1,
      430, 444, 445, -1,
      430, 445, 429, -1,
      429, 445, 446, -1,
      429, 446, 426, -1,
      426, 446, 447, -1,
      426, 447, 427, -1,
      427, 447, 448, -1,
      427, 448, 428, -1,
      428, 448, 449, -1,
      387, 385, 438, -1,
      438, 385, 450, -1,
      438, 450, 439, -1,
      439, 450, 451, -1,
      439, 451, 440, -1,
      440, 451, 452, -1,
      440, 452, 441, -1,
      441, 452, 453, -1,
      441, 453, 442, -1,
      442, 453, 454, -1,
      442, 454, 443, -1,
      443, 454, 455, -1,
      443, 455, 444, -1,
      444, 455, 456, -1,
      444, 456, 445, -1,
      445, 456, 457, -1,
      445, 457, 446, -1,
      446, 457, 458, -1,
      446, 458, 447, -1,
      447, 458, 459, -1,
      447, 459, 448, -1,
      448, 459, 460, -1,
      448, 460, 449, -1,
      449, 460, 461, -1,
      385, 214, 450, -1,
      450, 214, 237, -1,
      450, 237, 451, -1,
      451, 237, 236, -1,
      451, 236, 452, -1,
      452, 236, 228, -1,
      452, 228, 453, -1,
      453, 228, 227, -1,
      453, 227, 454, -1,
      454, 227, 226, -1,
      454, 226, 455, -1,
      455, 226, 225, -1,
      455, 225, 456, -1,
      456, 225, 233, -1,
      456, 233, 457, -1,
      457, 233, 235, -1,
      457, 235, 458, -1,
      458, 235, 234, -1,
      458, 234, 459, -1,
      459, 234, 232, -1,
      459, 232, 460, -1,
      460, 232, 231, -1,
      460, 231, 461, -1,
      461, 231, 215, -1,
      215, 213, 461, -1,
      461, 213, 414, -1,
      461, 414, 449, -1,
      449, 414, 402, -1,
      449, 402, 428, -1,
      428, 402, 401, -1,
      428, 401, 354, -1,
      354, 401, 314, -1,
      160, 162, 189, -1,
      189, 162, 187, -1,
      200, 196, 173, -1,
      173, 196, 156, -1,
      199, 198, 175, -1,
      175, 198, 176, -1,
      182, 158, 208, -1,
      208, 158, 197, -1,
      167, 166, 190, -1,
      190, 166, 184, -1,
      91, 101, 68, -1,
      68, 101, 72, -1,
      59, 62, 85, -1,
      85, 62, 88, -1,
      57, 56, 95, -1,
      95, 56, 89, -1,
      69, 80, 90, -1,
      90, 80, 110, -1,
      199, 175, 183, -1,
      199, 183, 206, -1,
      206, 183, 178, -1,
      206, 178, 209, -1,
      209, 178, 180, -1,
      209, 180, 210, -1,
      210, 180, 181, -1,
      210, 181, 211, -1,
      211, 181, 179, -1,
      211, 179, 207, -1,
      207, 179, 182, -1,
      207, 182, 208, -1,
      200, 173, 171, -1,
      200, 171, 201, -1,
      201, 171, 170, -1,
      201, 170, 202, -1,
      202, 170, 172, -1,
      202, 172, 203, -1,
      203, 172, 174, -1,
      203, 174, 204, -1,
      204, 174, 177, -1,
      204, 177, 205, -1,
      205, 177, 176, -1,
      205, 176, 198, -1,
      91, 68, 92, -1,
      92, 68, 66, -1,
      92, 66, 84, -1,
      84, 66, 58, -1,
      84, 58, 85, -1,
      85, 58, 59, -1,
      88, 62, 61, -1,
      88, 61, 97, -1,
      97, 61, 60, -1,
      97, 60, 96, -1,
      96, 60, 4, -1,
      96, 4, 6, -1,
      12, 14, 169, -1,
      12, 169, 192, -1,
      192, 169, 165, -1,
      192, 165, 191, -1,
      191, 165, 160, -1,
      191, 160, 189, -1,
      156, 196, 157, -1,
      157, 196, 194, -1,
      157, 194, 163, -1,
      163, 194, 193, -1,
      163, 193, 162, -1,
      162, 193, 187, -1,
      167, 190, 161, -1,
      161, 190, 188, -1,
      161, 188, 159, -1,
      159, 188, 195, -1,
      159, 195, 158, -1,
      158, 195, 197, -1,
      184, 166, 168, -1,
      184, 168, 185, -1,
      185, 168, 164, -1,
      185, 164, 186, -1,
      186, 164, 8, -1,
      186, 8, 10, -1,
      0, 2, 63, -1,
      0, 63, 93, -1,
      93, 63, 64, -1,
      93, 64, 94, -1,
      94, 64, 57, -1,
      94, 57, 95, -1,
      89, 56, 87, -1,
      87, 56, 65, -1,
      87, 65, 86, -1,
      86, 65, 67, -1,
      86, 67, 90, -1,
      90, 67, 69, -1,
      110, 80, 79, -1,
      110, 79, 107, -1,
      107, 79, 83, -1,
      107, 83, 109, -1,
      109, 83, 82, -1,
      109, 82, 108, -1,
      108, 82, 81, -1,
      108, 81, 106, -1,
      106, 81, 78, -1,
      106, 78, 111, -1,
      111, 78, 71, -1,
      111, 71, 103, -1,
      104, 70, 77, -1,
      104, 77, 105, -1,
      105, 77, 76, -1,
      105, 76, 102, -1,
      102, 76, 75, -1,
      102, 75, 100, -1,
      100, 75, 74, -1,
      100, 74, 98, -1,
      98, 74, 73, -1,
      98, 73, 99, -1,
      99, 73, 72, -1,
      99, 72, 101, -1,
      462, 463, 464, -1,
      464, 463, 465, -1,
      466, 467, 468, -1,
      468, 467, 469, -1,
      470, 471, 472, -1,
      472, 471, 473, -1,
      474, 475, 476, -1,
      476, 475, 477, -1,
      478, 479, 480, -1,
      480, 479, 481, -1,
      482, 483, 484, -1,
      484, 483, 485, -1,
      486, 487, 484, -1,
      488, 489, 479, -1,
      486, 484, 490, -1,
      487, 491, 484, -1,
      484, 491, 492, -1,
      484, 492, 493, -1,
      494, 495, 482, -1,
      482, 495, 496, -1,
      482, 496, 497, -1,
      489, 498, 479, -1,
      479, 498, 499, -1,
      479, 499, 500, -1,
      501, 502, 481, -1,
      503, 504, 481, -1,
      481, 504, 505, -1,
      481, 505, 484, -1,
      484, 505, 506, -1,
      484, 506, 490, -1,
      502, 507, 481, -1,
      481, 507, 508, -1,
      481, 508, 503, -1,
      497, 509, 482, -1,
      482, 509, 510, -1,
      482, 510, 479, -1,
      479, 510, 511, -1,
      479, 511, 488, -1,
      493, 512, 484, -1,
      484, 512, 513, -1,
      484, 513, 482, -1,
      482, 513, 514, -1,
      482, 514, 494, -1,
      500, 515, 479, -1,
      479, 515, 516, -1,
      479, 516, 481, -1,
      481, 516, 517, -1,
      481, 517, 501, -1,
      485, 483, 480, -1,
      480, 483, 478, -1,
      518, 519, 520, -1,
      520, 519, 521, -1,
      521, 519, 522, -1,
      521, 522, 523, -1,
      524, 525, 520, -1,
      520, 525, 526, -1,
      520, 526, 518, -1,
      465, 467, 464, -1,
      464, 467, 466, -1,
      464, 466, 527, -1,
      527, 528, 464, -1,
      464, 528, 529, -1,
      464, 529, 530, -1,
      523, 522, 529, -1,
      529, 522, 531, -1,
      529, 531, 530, -1,
      524, 532, 525, -1,
      525, 532, 533, -1,
      525, 533, 534, -1,
      524, 535, 532, -1,
      532, 535, 536, -1,
      532, 536, 537, -1,
      537, 538, 532, -1,
      532, 538, 539, -1,
      532, 539, 540, -1,
      533, 541, 534, -1,
      534, 541, 542, -1,
      534, 542, 543, -1,
      543, 542, 544, -1,
      543, 544, 545, -1,
      546, 547, 548, -1,
      548, 547, 549, -1,
      548, 549, 550, -1,
      551, 552, 549, -1,
      549, 552, 553, -1,
      549, 553, 550, -1,
      469, 463, 468, -1,
      468, 463, 462, -1,
      468, 462, 554, -1,
      555, 556, 546, -1,
      546, 556, 557, -1,
      546, 557, 547, -1,
      554, 558, 468, -1,
      468, 558, 556, -1,
      468, 556, 559, -1,
      559, 556, 555, -1,
      551, 560, 552, -1,
      552, 560, 561, -1,
      552, 561, 562, -1,
      563, 564, 565, -1,
      565, 564, 566, -1,
      551, 567, 560, -1,
      560, 567, 564, -1,
      560, 564, 568, -1,
      568, 564, 563, -1,
      569, 561, 570, -1,
      570, 561, 571, -1,
      569, 572, 561, -1,
      561, 572, 573, -1,
      561, 573, 562, -1,
      533, 532, 560, -1,
      560, 532, 561, -1,
      469, 467, 574, -1,
      574, 467, 575, -1,
      574, 575, 576, -1,
      576, 575, 577, -1,
      576, 577, 578, -1,
      578, 577, 579, -1,
      578, 579, 580, -1,
      580, 579, 581, -1,
      580, 581, 582, -1,
      582, 581, 583, -1,
      582, 583, 584, -1,
      584, 583, 585, -1,
      584, 585, 478, -1,
      478, 585, 479, -1,
      483, 482, 586, -1,
      586, 482, 587, -1,
      586, 587, 588, -1,
      588, 587, 589, -1,
      588, 589, 590, -1,
      590, 589, 591, -1,
      590, 591, 592, -1,
      592, 591, 593, -1,
      592, 593, 594, -1,
      594, 593, 595, -1,
      594, 595, 596, -1,
      596, 595, 597, -1,
      596, 597, 463, -1,
      463, 597, 465, -1,
      467, 465, 597, -1,
      467, 597, 575, -1,
      575, 597, 595, -1,
      575, 595, 577, -1,
      577, 595, 593, -1,
      577, 593, 579, -1,
      579, 593, 591, -1,
      579, 591, 581, -1,
      581, 591, 589, -1,
      581, 589, 583, -1,
      583, 589, 587, -1,
      583, 587, 585, -1,
      585, 587, 482, -1,
      585, 482, 479, -1,
      478, 483, 584, -1,
      584, 483, 586, -1,
      584, 586, 582, -1,
      582, 586, 588, -1,
      582, 588, 580, -1,
      580, 588, 590, -1,
      580, 590, 578, -1,
      578, 590, 592, -1,
      578, 592, 576, -1,
      576, 592, 594, -1,
      576, 594, 574, -1,
      574, 594, 596, -1,
      574, 596, 469, -1,
      469, 596, 463, -1,
      480, 481, 598, -1,
      598, 481, 599, -1,
      598, 599, 600, -1,
      600, 599, 601, -1,
      600, 601, 602, -1,
      602, 601, 603, -1,
      602, 603, 604, -1,
      604, 603, 605, -1,
      604, 605, 606, -1,
      606, 605, 607, -1,
      606, 607, 475, -1,
      475, 607, 477, -1,
      473, 471, 608, -1,
      608, 471, 609, -1,
      608, 609, 610, -1,
      610, 609, 611, -1,
      610, 611, 612, -1,
      612, 611, 613, -1,
      612, 613, 614, -1,
      614, 613, 615, -1,
      614, 615, 616, -1,
      616, 615, 617, -1,
      616, 617, 485, -1,
      485, 617, 484, -1,
      481, 484, 617, -1,
      481, 617, 599, -1,
      599, 617, 615, -1,
      599, 615, 601, -1,
      601, 615, 613, -1,
      601, 613, 603, -1,
      603, 613, 611, -1,
      603, 611, 605, -1,
      605, 611, 609, -1,
      605, 609, 607, -1,
      607, 609, 471, -1,
      607, 471, 477, -1,
      475, 473, 606, -1,
      606, 473, 608, -1,
      606, 608, 604, -1,
      604, 608, 610, -1,
      604, 610, 602, -1,
      602, 610, 612, -1,
      602, 612, 600, -1,
      600, 612, 614, -1,
      600, 614, 598, -1,
      598, 614, 616, -1,
      598, 616, 480, -1,
      480, 616, 485, -1,
      470, 618, 619, -1,
      620, 621, 622, -1,
      477, 471, 476, -1,
      476, 471, 470, -1,
      476, 470, 623, -1,
      623, 470, 619, -1,
      624, 625, 626, -1,
      626, 625, 627, -1,
      626, 627, 628, -1,
      628, 627, 618, -1,
      628, 618, 629, -1,
      629, 618, 470, -1,
      624, 630, 625, -1,
      625, 630, 631, -1,
      625, 631, 632, -1,
      632, 631, 633, -1,
      632, 633, 621, -1,
      621, 633, 634, -1,
      621, 634, 622, -1,
      635, 636, 637, -1,
      637, 636, 638, -1,
      633, 639, 634, -1,
      634, 639, 636, -1,
      634, 636, 640, -1,
      640, 636, 635, -1,
      641, 622, 642, -1,
      642, 622, 643, -1,
      641, 644, 622, -1,
      622, 644, 645, -1,
      622, 645, 620, -1,
      646, 647, 648, -1,
      648, 647, 649, -1,
      649, 647, 650, -1,
      649, 650, 651, -1,
      652, 653, 648, -1,
      648, 653, 654, -1,
      648, 654, 646, -1,
      473, 475, 472, -1,
      472, 475, 474, -1,
      472, 474, 655, -1,
      655, 656, 472, -1,
      472, 656, 657, -1,
      472, 657, 658, -1,
      651, 650, 657, -1,
      657, 650, 659, -1,
      657, 659, 658, -1,
      652, 660, 653, -1,
      653, 660, 661, -1,
      653, 661, 662, -1,
      652, 663, 660, -1,
      660, 663, 664, -1,
      660, 664, 665, -1,
      665, 666, 660, -1,
      660, 666, 667, -1,
      660, 667, 668, -1,
      661, 669, 662, -1,
      662, 669, 670, -1,
      662, 670, 671, -1,
      671, 670, 672, -1,
      671, 672, 673, -1,
      674, 675, 676, -1,
      677, 678, 679, -1,
      679, 678, 674, -1,
      679, 674, 680, -1,
      680, 674, 676, -1,
      681, 682, 674, -1,
      674, 682, 683, -1,
      674, 683, 675, -1,
      684, 685, 686, -1,
      677, 687, 678, -1,
      678, 687, 688, -1,
      678, 688, 689, -1,
      690, 691, 678, -1,
      678, 691, 692, -1,
      678, 692, 693, -1,
      693, 692, 694, -1,
      693, 694, 695, -1,
      681, 696, 682, -1,
      682, 696, 684, -1,
      682, 684, 697, -1,
      697, 684, 686, -1,
      689, 698, 678, -1,
      678, 698, 699, -1,
      678, 699, 690, -1,
      700, 701, 702, -1,
      700, 702, 703, -1,
      703, 702, 704, -1,
      703, 704, 705, -1,
      705, 704, 706, -1,
      705, 706, 707, -1,
      707, 706, 517, -1,
      707, 517, 516, -1,
      708, 709, 710, -1,
      711, 712, 713, -1,
      714, 715, 716, -1,
      717, 718, 719, -1,
      720, 721, 722, -1,
      723, 724, 725, -1,
      726, 498, 489, -1,
      727, 499, 498, -1,
      500, 499, 728, -1,
      728, 499, 727, -1,
      728, 727, 729, -1,
      726, 489, 730, -1,
      730, 489, 488, -1,
      730, 488, 731, -1,
      731, 488, 511, -1,
      731, 511, 732, -1,
      515, 500, 733, -1,
      733, 500, 728, -1,
      733, 728, 734, -1,
      734, 728, 729, -1,
      734, 729, 725, -1,
      735, 726, 736, -1,
      736, 726, 730, -1,
      736, 730, 737, -1,
      737, 730, 731, -1,
      737, 731, 738, -1,
      738, 731, 732, -1,
      738, 732, 739, -1,
      722, 735, 740, -1,
      740, 735, 736, -1,
      740, 736, 741, -1,
      741, 736, 737, -1,
      741, 737, 742, -1,
      742, 737, 738, -1,
      742, 738, 743, -1,
      743, 738, 739, -1,
      743, 739, 719, -1,
      496, 495, 744, -1,
      744, 495, 745, -1,
      744, 745, 746, -1,
      746, 745, 747, -1,
      746, 747, 748, -1,
      748, 747, 713, -1,
      516, 515, 707, -1,
      707, 515, 733, -1,
      707, 733, 705, -1,
      705, 733, 734, -1,
      705, 734, 703, -1,
      703, 734, 725, -1,
      703, 725, 700, -1,
      700, 725, 724, -1,
      498, 726, 727, -1,
      727, 726, 735, -1,
      727, 735, 729, -1,
      729, 735, 722, -1,
      729, 722, 725, -1,
      725, 722, 721, -1,
      725, 721, 723, -1,
      720, 722, 749, -1,
      749, 722, 740, -1,
      749, 740, 750, -1,
      750, 740, 741, -1,
      750, 741, 751, -1,
      751, 741, 742, -1,
      751, 742, 752, -1,
      752, 742, 743, -1,
      752, 743, 753, -1,
      719, 718, 743, -1,
      743, 718, 754, -1,
      743, 754, 753, -1,
      715, 717, 716, -1,
      716, 717, 719, -1,
      716, 719, 755, -1,
      755, 719, 739, -1,
      755, 739, 756, -1,
      756, 739, 732, -1,
      756, 732, 510, -1,
      510, 732, 511, -1,
      757, 714, 758, -1,
      758, 714, 716, -1,
      758, 716, 759, -1,
      759, 716, 755, -1,
      759, 755, 760, -1,
      760, 755, 756, -1,
      760, 756, 509, -1,
      509, 756, 510, -1,
      509, 497, 760, -1,
      760, 497, 761, -1,
      760, 761, 759, -1,
      759, 761, 762, -1,
      759, 762, 758, -1,
      758, 762, 763, -1,
      758, 763, 757, -1,
      757, 763, 764, -1,
      497, 496, 761, -1,
      761, 496, 744, -1,
      761, 744, 762, -1,
      762, 744, 746, -1,
      762, 746, 763, -1,
      763, 746, 748, -1,
      763, 748, 764, -1,
      764, 748, 765, -1,
      713, 712, 748, -1,
      748, 712, 766, -1,
      748, 766, 765, -1,
      709, 711, 710, -1,
      710, 711, 713, -1,
      710, 713, 767, -1,
      767, 713, 747, -1,
      767, 747, 768, -1,
      768, 747, 745, -1,
      768, 745, 494, -1,
      494, 745, 495, -1,
      769, 708, 770, -1,
      770, 708, 710, -1,
      770, 710, 771, -1,
      771, 710, 767, -1,
      771, 767, 772, -1,
      772, 767, 768, -1,
      772, 768, 514, -1,
      514, 768, 494, -1,
      514, 513, 772, -1,
      772, 513, 773, -1,
      772, 773, 771, -1,
      771, 773, 774, -1,
      771, 774, 770, -1,
      770, 774, 775, -1,
      770, 775, 769, -1,
      769, 775, 776, -1,
      777, 778, 779, -1,
      780, 781, 782, -1,
      783, 784, 785, -1,
      786, 787, 788, -1,
      789, 487, 486, -1,
      790, 491, 487, -1,
      492, 491, 791, -1,
      791, 491, 790, -1,
      791, 790, 792, -1,
      789, 486, 793, -1,
      793, 486, 490, -1,
      793, 490, 794, -1,
      794, 490, 506, -1,
      794, 506, 795, -1,
      493, 492, 796, -1,
      796, 492, 791, -1,
      796, 791, 797, -1,
      797, 791, 792, -1,
      797, 792, 788, -1,
      798, 789, 799, -1,
      799, 789, 793, -1,
      799, 793, 800, -1,
      800, 793, 794, -1,
      800, 794, 801, -1,
      801, 794, 795, -1,
      801, 795, 802, -1,
      785, 798, 803, -1,
      803, 798, 799, -1,
      803, 799, 804, -1,
      804, 799, 800, -1,
      804, 800, 805, -1,
      805, 800, 801, -1,
      805, 801, 806, -1,
      806, 801, 802, -1,
      806, 802, 782, -1,
      508, 507, 807, -1,
      807, 507, 808, -1,
      807, 808, 809, -1,
      809, 808, 810, -1,
      809, 810, 811, -1,
      811, 810, 812, -1,
      512, 493, 813, -1,
      813, 493, 796, -1,
      813, 796, 814, -1,
      814, 796, 797, -1,
      814, 797, 815, -1,
      815, 797, 788, -1,
      815, 788, 816, -1,
      816, 788, 787, -1,
      487, 789, 790, -1,
      790, 789, 798, -1,
      790, 798, 792, -1,
      792, 798, 785, -1,
      792, 785, 788, -1,
      788, 785, 784, -1,
      788, 784, 786, -1,
      783, 785, 817, -1,
      817, 785, 803, -1,
      817, 803, 818, -1,
      818, 803, 804, -1,
      818, 804, 819, -1,
      819, 804, 805, -1,
      819, 805, 820, -1,
      820, 805, 806, -1,
      820, 806, 821, -1,
      782, 781, 806, -1,
      806, 781, 822, -1,
      806, 822, 821, -1,
      778, 780, 779, -1,
      779, 780, 782, -1,
      779, 782, 823, -1,
      823, 782, 802, -1,
      823, 802, 824, -1,
      824, 802, 795, -1,
      824, 795, 505, -1,
      505, 795, 506, -1,
      825, 777, 826, -1,
      826, 777, 779, -1,
      826, 779, 827, -1,
      827, 779, 823, -1,
      827, 823, 828, -1,
      828, 823, 824, -1,
      828, 824, 504, -1,
      504, 824, 505, -1,
      504, 503, 828, -1,
      828, 503, 829, -1,
      828, 829, 827, -1,
      827, 829, 830, -1,
      827, 830, 826, -1,
      826, 830, 831, -1,
      826, 831, 825, -1,
      825, 831, 832, -1,
      503, 508, 829, -1,
      829, 508, 807, -1,
      829, 807, 830, -1,
      830, 807, 809, -1,
      830, 809, 831, -1,
      831, 809, 811, -1,
      831, 811, 832, -1,
      832, 811, 833, -1,
      834, 835, 836, -1,
      836, 835, 812, -1,
      836, 812, 837, -1,
      837, 812, 810, -1,
      837, 810, 838, -1,
      838, 810, 808, -1,
      838, 808, 502, -1,
      502, 808, 507, -1,
      835, 839, 812, -1,
      812, 839, 840, -1,
      812, 840, 811, -1,
      811, 840, 841, -1,
      811, 841, 833, -1,
      842, 834, 843, -1,
      843, 834, 836, -1,
      843, 836, 844, -1,
      844, 836, 837, -1,
      844, 837, 845, -1,
      845, 837, 838, -1,
      845, 838, 501, -1,
      501, 838, 502, -1,
      501, 517, 845, -1,
      845, 517, 706, -1,
      845, 706, 844, -1,
      844, 706, 704, -1,
      844, 704, 843, -1,
      843, 704, 702, -1,
      843, 702, 842, -1,
      842, 702, 701, -1,
      816, 776, 775, -1,
      816, 775, 815, -1,
      815, 775, 774, -1,
      815, 774, 814, -1,
      814, 774, 773, -1,
      814, 773, 813, -1,
      813, 773, 513, -1,
      813, 513, 512, -1,
      674, 678, 846, -1,
      846, 678, 847, -1,
      846, 847, 848, -1,
      848, 847, 849, -1,
      848, 849, 850, -1,
      850, 849, 851, -1,
      850, 851, 700, -1,
      700, 851, 701, -1,
      721, 852, 723, -1,
      723, 852, 853, -1,
      723, 853, 724, -1,
      724, 853, 850, -1,
      724, 850, 700, -1,
      721, 720, 852, -1,
      852, 720, 749, -1,
      852, 749, 854, -1,
      749, 750, 854, -1,
      854, 750, 751, -1,
      854, 751, 855, -1,
      751, 752, 855, -1,
      855, 752, 753, -1,
      855, 753, 856, -1,
      856, 753, 754, -1,
      856, 754, 857, -1,
      857, 754, 718, -1,
      718, 717, 857, -1,
      857, 717, 715, -1,
      857, 715, 858, -1,
      715, 714, 858, -1,
      858, 714, 757, -1,
      858, 757, 859, -1,
      757, 764, 859, -1,
      859, 764, 765, -1,
      859, 765, 860, -1,
      860, 765, 766, -1,
      860, 766, 861, -1,
      861, 766, 712, -1,
      712, 711, 861, -1,
      861, 711, 709, -1,
      861, 709, 862, -1,
      776, 863, 769, -1,
      769, 863, 862, -1,
      769, 862, 708, -1,
      708, 862, 709, -1,
      863, 864, 862, -1,
      862, 864, 865, -1,
      862, 865, 861, -1,
      861, 865, 866, -1,
      861, 866, 860, -1,
      860, 866, 867, -1,
      860, 867, 859, -1,
      859, 867, 868, -1,
      859, 868, 858, -1,
      858, 868, 869, -1,
      858, 869, 857, -1,
      857, 869, 870, -1,
      857, 870, 856, -1,
      856, 870, 871, -1,
      856, 871, 855, -1,
      855, 871, 872, -1,
      855, 872, 854, -1,
      854, 872, 873, -1,
      854, 873, 852, -1,
      852, 873, 874, -1,
      852, 874, 853, -1,
      853, 874, 875, -1,
      853, 875, 850, -1,
      850, 875, 848, -1,
      864, 876, 865, -1,
      865, 876, 877, -1,
      865, 877, 866, -1,
      866, 877, 878, -1,
      866, 878, 867, -1,
      867, 878, 879, -1,
      867, 879, 868, -1,
      868, 879, 880, -1,
      868, 880, 869, -1,
      869, 880, 881, -1,
      869, 881, 870, -1,
      870, 881, 882, -1,
      870, 882, 871, -1,
      871, 882, 883, -1,
      871, 883, 872, -1,
      872, 883, 884, -1,
      872, 884, 873, -1,
      873, 884, 885, -1,
      873, 885, 874, -1,
      874, 885, 886, -1,
      874, 886, 875, -1,
      875, 886, 887, -1,
      875, 887, 848, -1,
      848, 887, 846, -1,
      876, 679, 877, -1,
      877, 679, 680, -1,
      877, 680, 878, -1,
      878, 680, 676, -1,
      878, 676, 879, -1,
      879, 676, 675, -1,
      879, 675, 880, -1,
      880, 675, 683, -1,
      880, 683, 881, -1,
      881, 683, 682, -1,
      881, 682, 882, -1,
      882, 682, 697, -1,
      882, 697, 883, -1,
      883, 697, 686, -1,
      883, 686, 884, -1,
      884, 686, 685, -1,
      884, 685, 885, -1,
      885, 685, 684, -1,
      885, 684, 886, -1,
      886, 684, 696, -1,
      886, 696, 887, -1,
      887, 696, 681, -1,
      887, 681, 846, -1,
      846, 681, 674, -1,
      784, 888, 786, -1,
      786, 888, 889, -1,
      786, 889, 787, -1,
      787, 889, 890, -1,
      787, 890, 816, -1,
      784, 783, 888, -1,
      888, 783, 817, -1,
      888, 817, 891, -1,
      817, 818, 891, -1,
      891, 818, 819, -1,
      891, 819, 892, -1,
      819, 820, 892, -1,
      892, 820, 821, -1,
      892, 821, 893, -1,
      893, 821, 822, -1,
      893, 822, 894, -1,
      894, 822, 781, -1,
      781, 780, 894, -1,
      894, 780, 778, -1,
      894, 778, 895, -1,
      778, 777, 895, -1,
      895, 777, 825, -1,
      895, 825, 896, -1,
      825, 832, 896, -1,
      896, 832, 833, -1,
      896, 833, 897, -1,
      897, 833, 841, -1,
      897, 841, 898, -1,
      898, 841, 840, -1,
      840, 839, 898, -1,
      898, 839, 835, -1,
      898, 835, 899, -1,
      701, 851, 842, -1,
      842, 851, 899, -1,
      842, 899, 834, -1,
      834, 899, 835, -1,
      851, 849, 899, -1,
      899, 849, 900, -1,
      899, 900, 898, -1,
      898, 900, 901, -1,
      898, 901, 897, -1,
      897, 901, 902, -1,
      897, 902, 896, -1,
      896, 902, 903, -1,
      896, 903, 895, -1,
      895, 903, 904, -1,
      895, 904, 894, -1,
      894, 904, 905, -1,
      894, 905, 893, -1,
      893, 905, 906, -1,
      893, 906, 892, -1,
      892, 906, 907, -1,
      892, 907, 891, -1,
      891, 907, 908, -1,
      891, 908, 888, -1,
      888, 908, 909, -1,
      888, 909, 889, -1,
      889, 909, 910, -1,
      889, 910, 890, -1,
      890, 910, 911, -1,
      849, 847, 900, -1,
      900, 847, 912, -1,
      900, 912, 901, -1,
      901, 912, 913, -1,
      901, 913, 902, -1,
      902, 913, 914, -1,
      902, 914, 903, -1,
      903, 914, 915, -1,
      903, 915, 904, -1,
      904, 915, 916, -1,
      904, 916, 905, -1,
      905, 916, 917, -1,
      905, 917, 906, -1,
      906, 917, 918, -1,
      906, 918, 907, -1,
      907, 918, 919, -1,
      907, 919, 908, -1,
      908, 919, 920, -1,
      908, 920, 909, -1,
      909, 920, 921, -1,
      909, 921, 910, -1,
      910, 921, 922, -1,
      910, 922, 911, -1,
      911, 922, 923, -1,
      847, 678, 912, -1,
      912, 678, 693, -1,
      912, 693, 913, -1,
      913, 693, 695, -1,
      913, 695, 914, -1,
      914, 695, 694, -1,
      914, 694, 915, -1,
      915, 694, 692, -1,
      915, 692, 916, -1,
      916, 692, 691, -1,
      916, 691, 917, -1,
      917, 691, 690, -1,
      917, 690, 918, -1,
      918, 690, 699, -1,
      918, 699, 919, -1,
      919, 699, 698, -1,
      919, 698, 920, -1,
      920, 698, 689, -1,
      920, 689, 921, -1,
      921, 689, 688, -1,
      921, 688, 922, -1,
      922, 688, 687, -1,
      922, 687, 923, -1,
      923, 687, 677, -1,
      677, 679, 923, -1,
      923, 679, 876, -1,
      923, 876, 911, -1,
      911, 876, 864, -1,
      911, 864, 890, -1,
      890, 864, 863, -1,
      890, 863, 816, -1,
      816, 863, 776, -1,
      618, 627, 657, -1,
      657, 627, 651, -1,
      663, 652, 620, -1,
      620, 652, 621, -1,
      661, 660, 634, -1,
      634, 660, 622, -1,
      639, 633, 662, -1,
      662, 633, 653, -1,
      624, 626, 647, -1,
      647, 626, 650, -1,
      552, 562, 524, -1,
      524, 562, 535, -1,
      523, 529, 548, -1,
      548, 529, 546, -1,
      522, 519, 556, -1,
      556, 519, 557, -1,
      525, 534, 551, -1,
      551, 534, 567, -1,
      661, 634, 640, -1,
      661, 640, 669, -1,
      669, 640, 635, -1,
      669, 635, 670, -1,
      670, 635, 637, -1,
      670, 637, 672, -1,
      672, 637, 638, -1,
      672, 638, 673, -1,
      673, 638, 636, -1,
      673, 636, 671, -1,
      671, 636, 639, -1,
      671, 639, 662, -1,
      663, 620, 645, -1,
      663, 645, 664, -1,
      664, 645, 644, -1,
      664, 644, 665, -1,
      665, 644, 641, -1,
      665, 641, 666, -1,
      666, 641, 642, -1,
      666, 642, 667, -1,
      667, 642, 643, -1,
      667, 643, 668, -1,
      668, 643, 622, -1,
      668, 622, 660, -1,
      552, 524, 553, -1,
      553, 524, 520, -1,
      553, 520, 550, -1,
      550, 520, 521, -1,
      550, 521, 548, -1,
      548, 521, 523, -1,
      546, 529, 528, -1,
      546, 528, 555, -1,
      555, 528, 527, -1,
      555, 527, 559, -1,
      559, 527, 466, -1,
      559, 466, 468, -1,
      474, 476, 623, -1,
      474, 623, 655, -1,
      655, 623, 619, -1,
      655, 619, 656, -1,
      656, 619, 618, -1,
      656, 618, 657, -1,
      621, 652, 632, -1,
      632, 652, 648, -1,
      632, 648, 625, -1,
      625, 648, 649, -1,
      625, 649, 627, -1,
      627, 649, 651, -1,
      624, 647, 630, -1,
      630, 647, 646, -1,
      630, 646, 631, -1,
      631, 646, 654, -1,
      631, 654, 633, -1,
      633, 654, 653, -1,
      650, 626, 628, -1,
      650, 628, 659, -1,
      659, 628, 629, -1,
      659, 629, 658, -1,
      658, 629, 470, -1,
      658, 470, 472, -1,
      462, 464, 530, -1,
      462, 530, 554, -1,
      554, 530, 531, -1,
      554, 531, 558, -1,
      558, 531, 522, -1,
      558, 522, 556, -1,
      557, 519, 547, -1,
      547, 519, 518, -1,
      547, 518, 549, -1,
      549, 518, 526, -1,
      549, 526, 551, -1,
      551, 526, 525, -1,
      567, 534, 543, -1,
      567, 543, 564, -1,
      564, 543, 545, -1,
      564, 545, 566, -1,
      566, 545, 544, -1,
      566, 544, 565, -1,
      565, 544, 542, -1,
      565, 542, 563, -1,
      563, 542, 541, -1,
      563, 541, 568, -1,
      568, 541, 533, -1,
      568, 533, 560, -1,
      561, 532, 540, -1,
      561, 540, 571, -1,
      571, 540, 539, -1,
      571, 539, 570, -1,
      570, 539, 538, -1,
      570, 538, 569, -1,
      569, 538, 537, -1,
      569, 537, 572, -1,
      572, 537, 536, -1,
      572, 536, 573, -1,
      573, 536, 535, -1,
      573, 535, 562, -1,
      924, 925, 926, -1,
      926, 925, 927, -1,
      928, 929, 930, -1,
      930, 929, 931, -1,
      932, 933, 934, -1,
      934, 933, 935, -1,
      936, 937, 938, -1,
      938, 937, 939, -1,
      940, 941, 942, -1,
      942, 941, 943, -1,
      944, 945, 946, -1,
      946, 945, 947, -1,
      948, 949, 943, -1,
      949, 950, 943, -1,
      943, 950, 951, -1,
      943, 951, 952, -1,
      941, 953, 954, -1,
      952, 955, 943, -1,
      943, 955, 956, -1,
      943, 956, 946, -1,
      946, 956, 957, -1,
      958, 959, 944, -1,
      944, 959, 960, -1,
      944, 960, 961, -1,
      961, 962, 944, -1,
      944, 962, 963, -1,
      944, 963, 941, -1,
      941, 963, 964, -1,
      941, 964, 953, -1,
      954, 965, 941, -1,
      941, 965, 966, -1,
      941, 966, 967, -1,
      967, 968, 941, -1,
      941, 968, 969, -1,
      941, 969, 943, -1,
      943, 969, 970, -1,
      943, 970, 948, -1,
      957, 971, 946, -1,
      946, 971, 972, -1,
      946, 972, 973, -1,
      973, 974, 946, -1,
      946, 974, 975, -1,
      946, 975, 976, -1,
      976, 977, 946, -1,
      946, 977, 978, -1,
      946, 978, 944, -1,
      944, 978, 979, -1,
      944, 979, 958, -1,
      947, 945, 942, -1,
      942, 945, 940, -1,
      980, 981, 982, -1,
      982, 981, 983, -1,
      982, 983, 984, -1,
      927, 929, 926, -1,
      926, 929, 928, -1,
      926, 928, 985, -1,
      986, 987, 980, -1,
      980, 987, 988, -1,
      980, 988, 981, -1,
      985, 989, 926, -1,
      926, 989, 987, -1,
      926, 987, 990, -1,
      990, 987, 986, -1,
      991, 992, 993, -1,
      993, 992, 994, -1,
      993, 994, 983, -1,
      983, 994, 995, -1,
      983, 995, 984, -1,
      996, 997, 998, -1,
      998, 997, 991, -1,
      999, 1000, 992, -1,
      996, 1001, 997, -1,
      997, 1001, 1002, -1,
      997, 1002, 1003, -1,
      991, 997, 992, -1,
      992, 997, 1004, -1,
      992, 1004, 999, -1,
      1000, 1005, 992, -1,
      992, 1005, 1006, -1,
      992, 1006, 1007, -1,
      1008, 1009, 1010, -1,
      1010, 1009, 1011, -1,
      1010, 1011, 1012, -1,
      1013, 1014, 1015, -1,
      1015, 1014, 1016, -1,
      1015, 1016, 1011, -1,
      1011, 1016, 1017, -1,
      1011, 1017, 1012, -1,
      931, 925, 930, -1,
      930, 925, 924, -1,
      930, 924, 1018, -1,
      1019, 1020, 1008, -1,
      1008, 1020, 1021, -1,
      1008, 1021, 1009, -1,
      1018, 1022, 930, -1,
      930, 1022, 1020, -1,
      930, 1020, 1023, -1,
      1023, 1020, 1019, -1,
      1024, 1025, 1014, -1,
      1013, 1026, 1027, -1,
      1027, 1026, 1028, -1,
      1027, 1028, 1029, -1,
      1027, 1030, 1013, -1,
      1013, 1030, 1031, -1,
      1013, 1031, 1014, -1,
      1014, 1031, 1032, -1,
      1014, 1032, 1024, -1,
      1025, 1033, 1014, -1,
      1014, 1033, 1034, -1,
      1014, 1034, 1035, -1,
      1004, 997, 1031, -1,
      1031, 997, 1032, -1,
      931, 929, 1036, -1,
      1036, 929, 1037, -1,
      1036, 1037, 1038, -1,
      1038, 1037, 1039, -1,
      1038, 1039, 1040, -1,
      1040, 1039, 1041, -1,
      1040, 1041, 1042, -1,
      1042, 1041, 1043, -1,
      1042, 1043, 1044, -1,
      1044, 1043, 1045, -1,
      1044, 1045, 1046, -1,
      1046, 1045, 1047, -1,
      1046, 1047, 940, -1,
      940, 1047, 941, -1,
      945, 944, 1048, -1,
      1048, 944, 1049, -1,
      1048, 1049, 1050, -1,
      1050, 1049, 1051, -1,
      1050, 1051, 1052, -1,
      1052, 1051, 1053, -1,
      1052, 1053, 1054, -1,
      1054, 1053, 1055, -1,
      1054, 1055, 1056, -1,
      1056, 1055, 1057, -1,
      1056, 1057, 1058, -1,
      1058, 1057, 1059, -1,
      1058, 1059, 925, -1,
      925, 1059, 927, -1,
      929, 927, 1059, -1,
      929, 1059, 1037, -1,
      1037, 1059, 1057, -1,
      1037, 1057, 1039, -1,
      1039, 1057, 1055, -1,
      1039, 1055, 1041, -1,
      1041, 1055, 1053, -1,
      1041, 1053, 1043, -1,
      1043, 1053, 1051, -1,
      1043, 1051, 1045, -1,
      1045, 1051, 1049, -1,
      1045, 1049, 1047, -1,
      1047, 1049, 944, -1,
      1047, 944, 941, -1,
      940, 945, 1046, -1,
      1046, 945, 1048, -1,
      1046, 1048, 1044, -1,
      1044, 1048, 1050, -1,
      1044, 1050, 1042, -1,
      1042, 1050, 1052, -1,
      1042, 1052, 1040, -1,
      1040, 1052, 1054, -1,
      1040, 1054, 1038, -1,
      1038, 1054, 1056, -1,
      1038, 1056, 1036, -1,
      1036, 1056, 1058, -1,
      1036, 1058, 931, -1,
      931, 1058, 925, -1,
      942, 943, 1060, -1,
      1060, 943, 1061, -1,
      1060, 1061, 1062, -1,
      1062, 1061, 1063, -1,
      1062, 1063, 1064, -1,
      1064, 1063, 1065, -1,
      1064, 1065, 1066, -1,
      1066, 1065, 1067, -1,
      1066, 1067, 1068, -1,
      1068, 1067, 1069, -1,
      1068, 1069, 937, -1,
      937, 1069, 939, -1,
      935, 933, 1070, -1,
      1070, 933, 1071, -1,
      1070, 1071, 1072, -1,
      1072, 1071, 1073, -1,
      1072, 1073, 1074, -1,
      1074, 1073, 1075, -1,
      1074, 1075, 1076, -1,
      1076, 1075, 1077, -1,
      1076, 1077, 1078, -1,
      1078, 1077, 1079, -1,
      1078, 1079, 947, -1,
      947, 1079, 946, -1,
      943, 946, 1079, -1,
      943, 1079, 1061, -1,
      1061, 1079, 1077, -1,
      1061, 1077, 1063, -1,
      1063, 1077, 1075, -1,
      1063, 1075, 1065, -1,
      1065, 1075, 1073, -1,
      1065, 1073, 1067, -1,
      1067, 1073, 1071, -1,
      1067, 1071, 1069, -1,
      1069, 1071, 933, -1,
      1069, 933, 939, -1,
      937, 935, 1068, -1,
      1068, 935, 1070, -1,
      1068, 1070, 1066, -1,
      1066, 1070, 1072, -1,
      1066, 1072, 1064, -1,
      1064, 1072, 1074, -1,
      1064, 1074, 1062, -1,
      1062, 1074, 1076, -1,
      1062, 1076, 1060, -1,
      1060, 1076, 1078, -1,
      1060, 1078, 942, -1,
      942, 1078, 947, -1,
      932, 1080, 1081, -1,
      1082, 1083, 1084, -1,
      1084, 1083, 1085, -1,
      1084, 1085, 1086, -1,
      1086, 1085, 1087, -1,
      1086, 1087, 1088, -1,
      939, 933, 938, -1,
      938, 933, 932, -1,
      938, 932, 1089, -1,
      1089, 932, 1081, -1,
      932, 1090, 1080, -1,
      1080, 1090, 1091, -1,
      1080, 1091, 1092, -1,
      1092, 1091, 1093, -1,
      1092, 1093, 1087, -1,
      1087, 1093, 1094, -1,
      1087, 1094, 1088, -1,
      1095, 1096, 1097, -1,
      1082, 1084, 1097, -1,
      1097, 1084, 1098, -1,
      1097, 1098, 1095, -1,
      1096, 1099, 1097, -1,
      1097, 1099, 1100, -1,
      1097, 1100, 1101, -1,
      1102, 1103, 1104, -1,
      1104, 1103, 1105, -1,
      1097, 1106, 1082, -1,
      1082, 1106, 1103, -1,
      1082, 1103, 1107, -1,
      1107, 1103, 1102, -1,
      1108, 1109, 1110, -1,
      1110, 1109, 1111, -1,
      1110, 1111, 1112, -1,
      1113, 1114, 1115, -1,
      1115, 1114, 1116, -1,
      1115, 1116, 1111, -1,
      1111, 1116, 1117, -1,
      1111, 1117, 1112, -1,
      935, 937, 934, -1,
      934, 937, 936, -1,
      934, 936, 1118, -1,
      1119, 1120, 1108, -1,
      1108, 1120, 1121, -1,
      1108, 1121, 1109, -1,
      1118, 1122, 934, -1,
      934, 1122, 1120, -1,
      934, 1120, 1123, -1,
      1123, 1120, 1119, -1,
      1124, 1125, 1114, -1,
      1125, 1126, 1114, -1,
      1114, 1126, 1127, -1,
      1114, 1127, 1128, -1,
      1129, 1130, 1113, -1,
      1113, 1130, 1131, -1,
      1113, 1131, 1114, -1,
      1114, 1131, 1132, -1,
      1114, 1132, 1124, -1,
      1129, 1133, 1130, -1,
      1130, 1133, 1134, -1,
      1130, 1134, 1135, -1,
      1136, 1137, 1138, -1,
      1139, 1140, 1141, -1,
      1141, 1140, 1142, -1,
      1141, 1142, 1143, -1,
      1138, 1144, 1145, -1,
      1145, 1144, 1141, -1,
      1145, 1141, 1146, -1,
      1146, 1141, 1143, -1,
      1137, 1147, 1138, -1,
      1138, 1147, 1148, -1,
      1138, 1148, 1144, -1,
      1149, 1150, 1151, -1,
      1152, 1153, 1138, -1,
      1151, 1154, 1149, -1,
      1149, 1154, 1155, -1,
      1149, 1155, 1141, -1,
      1141, 1155, 1156, -1,
      1141, 1156, 1139, -1,
      1153, 1157, 1138, -1,
      1138, 1157, 1158, -1,
      1138, 1158, 1136, -1,
      1159, 1160, 1138, -1,
      1138, 1160, 1161, -1,
      1138, 1161, 1152, -1,
      1162, 1163, 1164, -1,
      1162, 1164, 1165, -1,
      1165, 1164, 1166, -1,
      1165, 1166, 1167, -1,
      1167, 1166, 1168, -1,
      1167, 1168, 1169, -1,
      1169, 1168, 970, -1,
      1169, 970, 969, -1,
      1170, 1171, 1172, -1,
      1173, 1174, 1175, -1,
      1176, 1177, 1178, -1,
      1179, 1180, 1181, -1,
      1182, 1183, 1184, -1,
      1185, 1186, 1187, -1,
      1188, 965, 954, -1,
      1189, 966, 965, -1,
      967, 966, 1190, -1,
      1190, 966, 1189, -1,
      1190, 1189, 1191, -1,
      1188, 954, 1192, -1,
      1192, 954, 953, -1,
      1192, 953, 1193, -1,
      1193, 953, 964, -1,
      1193, 964, 1194, -1,
      968, 967, 1195, -1,
      1195, 967, 1190, -1,
      1195, 1190, 1196, -1,
      1196, 1190, 1191, -1,
      1196, 1191, 1187, -1,
      1197, 1188, 1198, -1,
      1198, 1188, 1192, -1,
      1198, 1192, 1199, -1,
      1199, 1192, 1193, -1,
      1199, 1193, 1200, -1,
      1200, 1193, 1194, -1,
      1200, 1194, 1201, -1,
      1184, 1197, 1202, -1,
      1202, 1197, 1198, -1,
      1202, 1198, 1203, -1,
      1203, 1198, 1199, -1,
      1203, 1199, 1204, -1,
      1204, 1199, 1200, -1,
      1204, 1200, 1205, -1,
      1205, 1200, 1201, -1,
      1205, 1201, 1181, -1,
      960, 959, 1206, -1,
      1206, 959, 1207, -1,
      1206, 1207, 1208, -1,
      1208, 1207, 1209, -1,
      1208, 1209, 1210, -1,
      1210, 1209, 1175, -1,
      969, 968, 1169, -1,
      1169, 968, 1195, -1,
      1169, 1195, 1167, -1,
      1167, 1195, 1196, -1,
      1167, 1196, 1165, -1,
      1165, 1196, 1187, -1,
      1165, 1187, 1162, -1,
      1162, 1187, 1186, -1,
      965, 1188, 1189, -1,
      1189, 1188, 1197, -1,
      1189, 1197, 1191, -1,
      1191, 1197, 1184, -1,
      1191, 1184, 1187, -1,
      1187, 1184, 1183, -1,
      1187, 1183, 1185, -1,
      1182, 1184, 1211, -1,
      1211, 1184, 1202, -1,
      1211, 1202, 1212, -1,
      1212, 1202, 1203, -1,
      1212, 1203, 1213, -1,
      1213, 1203, 1204, -1,
      1213, 1204, 1214, -1,
      1214, 1204, 1205, -1,
      1214, 1205, 1215, -1,
      1181, 1180, 1205, -1,
      1205, 1180, 1216, -1,
      1205, 1216, 1215, -1,
      1177, 1179, 1178, -1,
      1178, 1179, 1181, -1,
      1178, 1181, 1217, -1,
      1217, 1181, 1201, -1,
      1217, 1201, 1218, -1,
      1218, 1201, 1194, -1,
      1218, 1194, 963, -1,
      963, 1194, 964, -1,
      1219, 1176, 1220, -1,
      1220, 1176, 1178, -1,
      1220, 1178, 1221, -1,
      1221, 1178, 1217, -1,
      1221, 1217, 1222, -1,
      1222, 1217, 1218, -1,
      1222, 1218, 962, -1,
      962, 1218, 963, -1,
      962, 961, 1222, -1,
      1222, 961, 1223, -1,
      1222, 1223, 1221, -1,
      1221, 1223, 1224, -1,
      1221, 1224, 1220, -1,
      1220, 1224, 1225, -1,
      1220, 1225, 1219, -1,
      1219, 1225, 1226, -1,
      961, 960, 1223, -1,
      1223, 960, 1206, -1,
      1223, 1206, 1224, -1,
      1224, 1206, 1208, -1,
      1224, 1208, 1225, -1,
      1225, 1208, 1210, -1,
      1225, 1210, 1226, -1,
      1226, 1210, 1227, -1,
      1175, 1174, 1210, -1,
      1210, 1174, 1228, -1,
      1210, 1228, 1227, -1,
      1171, 1173, 1172, -1,
      1172, 1173, 1175, -1,
      1172, 1175, 1229, -1,
      1229, 1175, 1209, -1,
      1229, 1209, 1230, -1,
      1230, 1209, 1207, -1,
      1230, 1207, 958, -1,
      958, 1207, 959, -1,
      1231, 1170, 1232, -1,
      1232, 1170, 1172, -1,
      1232, 1172, 1233, -1,
      1233, 1172, 1229, -1,
      1233, 1229, 1234, -1,
      1234, 1229, 1230, -1,
      1234, 1230, 979, -1,
      979, 1230, 958, -1,
      979, 978, 1234, -1,
      1234, 978, 1235, -1,
      1234, 1235, 1233, -1,
      1233, 1235, 1236, -1,
      1233, 1236, 1232, -1,
      1232, 1236, 1237, -1,
      1232, 1237, 1231, -1,
      1231, 1237, 1238, -1,
      1239, 1240, 1241, -1,
      1242, 1243, 1244, -1,
      1245, 1246, 1247, -1,
      1248, 1249, 1250, -1,
      1251, 973, 972, -1,
      1252, 974, 973, -1,
      975, 974, 1253, -1,
      1253, 974, 1252, -1,
      1253, 1252, 1254, -1,
      1251, 972, 1255, -1,
      1255, 972, 971, -1,
      1255, 971, 1256, -1,
      1256, 971, 957, -1,
      1256, 957, 1257, -1,
      976, 975, 1258, -1,
      1258, 975, 1253, -1,
      1258, 1253, 1259, -1,
      1259, 1253, 1254, -1,
      1259, 1254, 1250, -1,
      1260, 1251, 1261, -1,
      1261, 1251, 1255, -1,
      1261, 1255, 1262, -1,
      1262, 1255, 1256, -1,
      1262, 1256, 1263, -1,
      1263, 1256, 1257, -1,
      1263, 1257, 1264, -1,
      1247, 1260, 1265, -1,
      1265, 1260, 1261, -1,
      1265, 1261, 1266, -1,
      1266, 1261, 1262, -1,
      1266, 1262, 1267, -1,
      1267, 1262, 1263, -1,
      1267, 1263, 1268, -1,
      1268, 1263, 1264, -1,
      1268, 1264, 1244, -1,
      951, 950, 1269, -1,
      1269, 950, 1270, -1,
      1269, 1270, 1271, -1,
      1271, 1270, 1272, -1,
      1271, 1272, 1273, -1,
      1273, 1272, 1274, -1,
      977, 976, 1275, -1,
      1275, 976, 1258, -1,
      1275, 1258, 1276, -1,
      1276, 1258, 1259, -1,
      1276, 1259, 1277, -1,
      1277, 1259, 1250, -1,
      1277, 1250, 1278, -1,
      1278, 1250, 1249, -1,
      973, 1251, 1252, -1,
      1252, 1251, 1260, -1,
      1252, 1260, 1254, -1,
      1254, 1260, 1247, -1,
      1254, 1247, 1250, -1,
      1250, 1247, 1246, -1,
      1250, 1246, 1248, -1,
      1245, 1247, 1279, -1,
      1279, 1247, 1265, -1,
      1279, 1265, 1280, -1,
      1280, 1265, 1266, -1,
      1280, 1266, 1281, -1,
      1281, 1266, 1267, -1,
      1281, 1267, 1282, -1,
      1282, 1267, 1268, -1,
      1282, 1268, 1283, -1,
      1244, 1243, 1268, -1,
      1268, 1243, 1284, -1,
      1268, 1284, 1283, -1,
      1240, 1242, 1241, -1,
      1241, 1242, 1244, -1,
      1241, 1244, 1285, -1,
      1285, 1244, 1264, -1,
      1285, 1264, 1286, -1,
      1286, 1264, 1257, -1,
      1286, 1257, 956, -1,
      956, 1257, 957, -1,
      1287, 1239, 1288, -1,
      1288, 1239, 1241, -1,
      1288, 1241, 1289, -1,
      1289, 1241, 1285, -1,
      1289, 1285, 1290, -1,
      1290, 1285, 1286, -1,
      1290, 1286, 955, -1,
      955, 1286, 956, -1,
      955, 952, 1290, -1,
      1290, 952, 1291, -1,
      1290, 1291, 1289, -1,
      1289, 1291, 1292, -1,
      1289, 1292, 1288, -1,
      1288, 1292, 1293, -1,
      1288, 1293, 1287, -1,
      1287, 1293, 1294, -1,
      952, 951, 1291, -1,
      1291, 951, 1269, -1,
      1291, 1269, 1292, -1,
      1292, 1269, 1271, -1,
      1292, 1271, 1293, -1,
      1293, 1271, 1273, -1,
      1293, 1273, 1294, -1,
      1294, 1273, 1295, -1,
      1296, 1297, 1298, -1,
      1298, 1297, 1274, -1,
      1298, 1274, 1299, -1,
      1299, 1274, 1272, -1,
      1299, 1272, 1300, -1,
      1300, 1272, 1270, -1,
      1300, 1270, 949, -1,
      949, 1270, 950, -1,
      1297, 1301, 1274, -1,
      1274, 1301, 1302, -1,
      1274, 1302, 1273, -1,
      1273, 1302, 1303, -1,
      1273, 1303, 1295, -1,
      1304, 1296, 1305, -1,
      1305, 1296, 1298, -1,
      1305, 1298, 1306, -1,
      1306, 1298, 1299, -1,
      1306, 1299, 1307, -1,
      1307, 1299, 1300, -1,
      1307, 1300, 948, -1,
      948, 1300, 949, -1,
      948, 970, 1307, -1,
      1307, 970, 1168, -1,
      1307, 1168, 1306, -1,
      1306, 1168, 1166, -1,
      1306, 1166, 1305, -1,
      1305, 1166, 1164, -1,
      1305, 1164, 1304, -1,
      1304, 1164, 1163, -1,
      1278, 1238, 1237, -1,
      1278, 1237, 1277, -1,
      1277, 1237, 1236, -1,
      1277, 1236, 1276, -1,
      1276, 1236, 1235, -1,
      1276, 1235, 1275, -1,
      1275, 1235, 978, -1,
      1275, 978, 977, -1,
      1138, 1145, 1308, -1,
      1308, 1145, 1309, -1,
      1308, 1309, 1310, -1,
      1310, 1309, 1311, -1,
      1310, 1311, 1312, -1,
      1312, 1311, 1313, -1,
      1312, 1313, 1162, -1,
      1162, 1313, 1163, -1,
      1183, 1314, 1185, -1,
      1185, 1314, 1315, -1,
      1185, 1315, 1186, -1,
      1186, 1315, 1312, -1,
      1186, 1312, 1162, -1,
      1183, 1182, 1314, -1,
      1314, 1182, 1211, -1,
      1314, 1211, 1316, -1,
      1211, 1212, 1316, -1,
      1316, 1212, 1213, -1,
      1316, 1213, 1317, -1,
      1213, 1214, 1317, -1,
      1317, 1214, 1215, -1,
      1317, 1215, 1318, -1,
      1318, 1215, 1216, -1,
      1318, 1216, 1319, -1,
      1319, 1216, 1180, -1,
      1180, 1179, 1319, -1,
      1319, 1179, 1177, -1,
      1319, 1177, 1320, -1,
      1177, 1176, 1320, -1,
      1320, 1176, 1219, -1,
      1320, 1219, 1321, -1,
      1219, 1226, 1321, -1,
      1321, 1226, 1227, -1,
      1321, 1227, 1322, -1,
      1322, 1227, 1228, -1,
      1322, 1228, 1323, -1,
      1323, 1228, 1174, -1,
      1174, 1173, 1323, -1,
      1323, 1173, 1171, -1,
      1323, 1171, 1324, -1,
      1238, 1325, 1231, -1,
      1231, 1325, 1324, -1,
      1231, 1324, 1170, -1,
      1170, 1324, 1171, -1,
      1325, 1326, 1324, -1,
      1324, 1326, 1327, -1,
      1324, 1327, 1323, -1,
      1323, 1327, 1328, -1,
      1323, 1328, 1322, -1,
      1322, 1328, 1329, -1,
      1322, 1329, 1321, -1,
      1321, 1329, 1330, -1,
      1321, 1330, 1320, -1,
      1320, 1330, 1331, -1,
      1320, 1331, 1319, -1,
      1319, 1331, 1332, -1,
      1319, 1332, 1318, -1,
      1318, 1332, 1333, -1,
      1318, 1333, 1317, -1,
      1317, 1333, 1334, -1,
      1317, 1334, 1316, -1,
      1316, 1334, 1335, -1,
      1316, 1335, 1314, -1,
      1314, 1335, 1336, -1,
      1314, 1336, 1315, -1,
      1315, 1336, 1337, -1,
      1315, 1337, 1312, -1,
      1312, 1337, 1310, -1,
      1326, 1338, 1327, -1,
      1327, 1338, 1339, -1,
      1327, 1339, 1328, -1,
      1328, 1339, 1340, -1,
      1328, 1340, 1329, -1,
      1329, 1340, 1341, -1,
      1329, 1341, 1330, -1,
      1330, 1341, 1342, -1,
      1330, 1342, 1331, -1,
      1331, 1342, 1343, -1,
      1331, 1343, 1332, -1,
      1332, 1343, 1344, -1,
      1332, 1344, 1333, -1,
      1333, 1344, 1345, -1,
      1333, 1345, 1334, -1,
      1334, 1345, 1346, -1,
      1334, 1346, 1335, -1,
      1335, 1346, 1347, -1,
      1335, 1347, 1336, -1,
      1336, 1347, 1348, -1,
      1336, 1348, 1337, -1,
      1337, 1348, 1349, -1,
      1337, 1349, 1310, -1,
      1310, 1349, 1308, -1,
      1338, 1144, 1339, -1,
      1339, 1144, 1148, -1,
      1339, 1148, 1340, -1,
      1340, 1148, 1147, -1,
      1340, 1147, 1341, -1,
      1341, 1147, 1137, -1,
      1341, 1137, 1342, -1,
      1342, 1137, 1136, -1,
      1342, 1136, 1343, -1,
      1343, 1136, 1158, -1,
      1343, 1158, 1344, -1,
      1344, 1158, 1157, -1,
      1344, 1157, 1345, -1,
      1345, 1157, 1153, -1,
      1345, 1153, 1346, -1,
      1346, 1153, 1152, -1,
      1346, 1152, 1347, -1,
      1347, 1152, 1161, -1,
      1347, 1161, 1348, -1,
      1348, 1161, 1160, -1,
      1348, 1160, 1349, -1,
      1349, 1160, 1159, -1,
      1349, 1159, 1308, -1,
      1308, 1159, 1138, -1,
      1246, 1350, 1248, -1,
      1248, 1350, 1351, -1,
      1248, 1351, 1249, -1,
      1249, 1351, 1352, -1,
      1249, 1352, 1278, -1,
      1246, 1245, 1350, -1,
      1350, 1245, 1279, -1,
      1350, 1279, 1353, -1,
      1279, 1280, 1353, -1,
      1353, 1280, 1281, -1,
      1353, 1281, 1354, -1,
      1281, 1282, 1354, -1,
      1354, 1282, 1283, -1,
      1354, 1283, 1355, -1,
      1355, 1283, 1284, -1,
      1355, 1284, 1356, -1,
      1356, 1284, 1243, -1,
      1243, 1242, 1356, -1,
      1356, 1242, 1240, -1,
      1356, 1240, 1357, -1,
      1240, 1239, 1357, -1,
      1357, 1239, 1287, -1,
      1357, 1287, 1358, -1,
      1287, 1294, 1358, -1,
      1358, 1294, 1295, -1,
      1358, 1295, 1359, -1,
      1359, 1295, 1303, -1,
      1359, 1303, 1360, -1,
      1360, 1303, 1302, -1,
      1302, 1301, 1360, -1,
      1360, 1301, 1297, -1,
      1360, 1297, 1361, -1,
      1163, 1313, 1304, -1,
      1304, 1313, 1361, -1,
      1304, 1361, 1296, -1,
      1296, 1361, 1297, -1,
      1313, 1311, 1361, -1,
      1361, 1311, 1362, -1,
      1361, 1362, 1360, -1,
      1360, 1362, 1363, -1,
      1360, 1363, 1359, -1,
      1359, 1363, 1364, -1,
      1359, 1364, 1358, -1,
      1358, 1364, 1365, -1,
      1358, 1365, 1357, -1,
      1357, 1365, 1366, -1,
      1357, 1366, 1356, -1,
      1356, 1366, 1367, -1,
      1356, 1367, 1355, -1,
      1355, 1367, 1368, -1,
      1355, 1368, 1354, -1,
      1354, 1368, 1369, -1,
      1354, 1369, 1353, -1,
      1353, 1369, 1370, -1,
      1353, 1370, 1350, -1,
      1350, 1370, 1371, -1,
      1350, 1371, 1351, -1,
      1351, 1371, 1372, -1,
      1351, 1372, 1352, -1,
      1352, 1372, 1373, -1,
      1311, 1309, 1362, -1,
      1362, 1309, 1374, -1,
      1362, 1374, 1363, -1,
      1363, 1374, 1375, -1,
      1363, 1375, 1364, -1,
      1364, 1375, 1376, -1,
      1364, 1376, 1365, -1,
      1365, 1376, 1377, -1,
      1365, 1377, 1366, -1,
      1366, 1377, 1378, -1,
      1366, 1378, 1367, -1,
      1367, 1378, 1379, -1,
      1367, 1379, 1368, -1,
      1368, 1379, 1380, -1,
      1368, 1380, 1369, -1,
      1369, 1380, 1381, -1,
      1369, 1381, 1370, -1,
      1370, 1381, 1382, -1,
      1370, 1382, 1371, -1,
      1371, 1382, 1383, -1,
      1371, 1383, 1372, -1,
      1372, 1383, 1384, -1,
      1372, 1384, 1373, -1,
      1373, 1384, 1385, -1,
      1309, 1145, 1374, -1,
      1374, 1145, 1146, -1,
      1374, 1146, 1375, -1,
      1375, 1146, 1143, -1,
      1375, 1143, 1376, -1,
      1376, 1143, 1142, -1,
      1376, 1142, 1377, -1,
      1377, 1142, 1140, -1,
      1377, 1140, 1378, -1,
      1378, 1140, 1139, -1,
      1378, 1139, 1379, -1,
      1379, 1139, 1156, -1,
      1379, 1156, 1380, -1,
      1380, 1156, 1155, -1,
      1380, 1155, 1381, -1,
      1381, 1155, 1154, -1,
      1381, 1154, 1382, -1,
      1382, 1154, 1151, -1,
      1382, 1151, 1383, -1,
      1383, 1151, 1150, -1,
      1383, 1150, 1384, -1,
      1384, 1150, 1149, -1,
      1384, 1149, 1385, -1,
      1385, 1149, 1141, -1,
      1141, 1144, 1385, -1,
      1385, 1144, 1338, -1,
      1385, 1338, 1373, -1,
      1373, 1338, 1326, -1,
      1373, 1326, 1352, -1,
      1352, 1326, 1325, -1,
      1352, 1325, 1278, -1,
      1278, 1325, 1238, -1,
      1080, 1092, 1120, -1,
      1120, 1092, 1121, -1,
      1113, 1115, 1082, -1,
      1082, 1115, 1083, -1,
      1132, 1131, 1097, -1,
      1097, 1131, 1106, -1,
      1098, 1084, 1114, -1,
      1114, 1084, 1116, -1,
      1094, 1093, 1110, -1,
      1110, 1093, 1108, -1,
      1016, 1014, 993, -1,
      993, 1014, 991, -1,
      988, 987, 1010, -1,
      1010, 987, 1008, -1,
      980, 982, 1020, -1,
      1020, 982, 1021, -1,
      994, 992, 1015, -1,
      1015, 992, 1013, -1,
      1132, 1097, 1101, -1,
      1132, 1101, 1124, -1,
      1124, 1101, 1100, -1,
      1124, 1100, 1125, -1,
      1125, 1100, 1099, -1,
      1125, 1099, 1126, -1,
      1126, 1099, 1096, -1,
      1126, 1096, 1127, -1,
      1127, 1096, 1095, -1,
      1127, 1095, 1128, -1,
      1128, 1095, 1098, -1,
      1128, 1098, 1114, -1,
      1113, 1082, 1107, -1,
      1113, 1107, 1129, -1,
      1129, 1107, 1102, -1,
      1129, 1102, 1133, -1,
      1133, 1102, 1104, -1,
      1133, 1104, 1134, -1,
      1134, 1104, 1105, -1,
      1134, 1105, 1135, -1,
      1135, 1105, 1103, -1,
      1135, 1103, 1130, -1,
      1130, 1103, 1106, -1,
      1130, 1106, 1131, -1,
      1016, 993, 1017, -1,
      1017, 993, 983, -1,
      1017, 983, 1012, -1,
      1012, 983, 981, -1,
      1012, 981, 1010, -1,
      1010, 981, 988, -1,
      1008, 987, 989, -1,
      1008, 989, 1019, -1,
      1019, 989, 985, -1,
      1019, 985, 1023, -1,
      1023, 985, 928, -1,
      1023, 928, 930, -1,
      936, 938, 1089, -1,
      936, 1089, 1118, -1,
      1118, 1089, 1081, -1,
      1118, 1081, 1122, -1,
      1122, 1081, 1080, -1,
      1122, 1080, 1120, -1,
      1083, 1115, 1085, -1,
      1085, 1115, 1111, -1,
      1085, 1111, 1087, -1,
      1087, 1111, 1109, -1,
      1087, 1109, 1092, -1,
      1092, 1109, 1121, -1,
      1094, 1110, 1088, -1,
      1088, 1110, 1112, -1,
      1088, 1112, 1086, -1,
      1086, 1112, 1117, -1,
      1086, 1117, 1084, -1,
      1084, 1117, 1116, -1,
      1108, 1093, 1091, -1,
      1108, 1091, 1119, -1,
      1119, 1091, 1090, -1,
      1119, 1090, 1123, -1,
      1123, 1090, 932, -1,
      1123, 932, 934, -1,
      924, 926, 990, -1,
      924, 990, 1018, -1,
      1018, 990, 986, -1,
      1018, 986, 1022, -1,
      1022, 986, 980, -1,
      1022, 980, 1020, -1,
      1021, 982, 1009, -1,
      1009, 982, 984, -1,
      1009, 984, 1011, -1,
      1011, 984, 995, -1,
      1011, 995, 1015, -1,
      1015, 995, 994, -1,
      1013, 992, 1007, -1,
      1013, 1007, 1026, -1,
      1026, 1007, 1006, -1,
      1026, 1006, 1028, -1,
      1028, 1006, 1005, -1,
      1028, 1005, 1029, -1,
      1029, 1005, 1000, -1,
      1029, 1000, 1027, -1,
      1027, 1000, 999, -1,
      1027, 999, 1030, -1,
      1030, 999, 1004, -1,
      1030, 1004, 1031, -1,
      1032, 997, 1003, -1,
      1032, 1003, 1024, -1,
      1024, 1003, 1002, -1,
      1024, 1002, 1025, -1,
      1025, 1002, 1001, -1,
      1025, 1001, 1033, -1,
      1033, 1001, 996, -1,
      1033, 996, 1034, -1,
      1034, 996, 998, -1,
      1034, 998, 1035, -1,
      1035, 998, 991, -1,
      1035, 991, 1014, -1,
    ]
  }
}

Shape {
  appearance Appearance {
    material Material {
      diffuseColor 0.0000 0.0000 0.0000
      specularColor 0.0000 0.0000 0.0000
      ambientIntensity 0.2
      transparency 0.0000
      shininess 0.5
    }
  }
  geometry IndexedFaceSet {
    ccw TRUE
    solid FALSE
    coord DEF co Coordinate {
      point [
        11.801429 -2.257769 8.470388,
        11.799269 -2.306092 8.411675,
        11.759865 -2.303352 8.409288,
        12.326788 -5.143546 11.571158,
        12.327700 -5.169237 11.552955,
        12.367084 -5.170344 11.554435,
        12.384434 -6.182561 9.954085,
        12.385572 -6.184023 9.913415,
        12.424953 -6.185050 9.913245,
        12.393539 -6.194265 9.628481,
        12.396813 -6.181053 9.514580,
        12.434824 -6.190498 9.560242,
        12.441628 -5.529731 8.151241,
        12.443194 -5.487163 8.116193,
        12.482542 -5.487602 8.115231,
        12.483558 -5.462145 8.089092,
        12.460772 -4.989001 7.772015,
        12.466483 -4.810435 7.700503,
        12.503239 -4.894293 7.728075,
        13.114280 -5.146180 11.569577,
        13.115104 -5.169346 11.553114,
        13.154473 -5.168484 11.551101,
        13.123874 -5.416369 11.377561,
        13.126570 -5.485819 11.310259,
        13.165971 -5.489361 11.313910,
        13.132947 -5.650086 11.151073,
        13.137861 -5.753566 11.014828,
        13.175207 -5.716116 11.073041,
        13.171923 -6.182895 9.951077,
        13.172976 -6.184196 9.913424,
        13.212329 -6.181901 9.912878,
        13.711298 -3.986274 7.548817,
        13.710058 -4.030425 7.551295,
        13.670953 -4.021673 7.548381,
        13.728235 -2.305329 8.405193,
        13.728367 -2.302888 8.408986,
        13.767768 -2.305520 8.411239,
        13.769480 -2.266823 8.457578,
        13.985670 -6.088670 9.040616,
        13.985670 -6.113283 9.121140,
        13.983193 -6.109912 9.122020,
        13.977925 -6.155147 9.295370,
        13.985670 -6.186707 9.513923,
        13.971614 -6.181197 9.514578,
        13.968508 -6.194021 9.622497,
        13.985670 -6.186707 9.913511,
        13.960379 -6.184373 9.913434,
        13.985670 -6.113283 10.306295,
        13.948785 -6.111109 10.305527,
        13.949761 -6.122069 10.274494,
        13.959410 -6.183225 9.948068,
        13.985670 -6.088670 10.386819,
        13.984324 -6.074112 10.429801,
        13.939814 -6.010354 10.590809,
        13.976300 -5.964920 10.677127,
        13.936943 -5.964232 10.676364,
        13.974217 -5.936587 10.741304,
        13.929923 -5.851465 10.885543,
        13.964589 -5.758049 11.018293,
        13.925263 -5.753554 11.014829,
        13.964346 -5.753570 11.025243,
        13.920433 -5.652078 11.148824,
        13.955046 -5.533343 11.272720,
        13.913973 -5.485880 11.310332,
        13.953338 -5.486961 11.311005,
        13.911361 -5.418687 11.375628,
        13.945589 -5.276455 11.484757,
        13.902505 -5.169459 11.553276,
        13.941861 -5.167332 11.549388,
        13.901772 -5.148811 11.567994,
        13.935628 -4.984911 11.657433,
        13.891842 -4.849173 11.718382,
        13.930054 -4.810359 11.726683,
        13.890687 -4.811989 11.730302,
        13.925518 -4.668378 11.783013,
        13.881925 -4.530039 11.820684,
        13.918291 -4.427333 11.837127,
        13.878932 -4.427624 11.836817,
        13.915627 -4.338538 11.857062,
        13.872367 -4.203035 11.872195,
        13.906943 -4.030481 11.877440,
        13.867561 -4.030562 11.872974,
        13.906299 -4.007648 11.878951,
        13.863302 -3.877661 11.873665,
        13.896876 -3.676224 11.849879,
        13.856189 -3.633408 11.837470,
        13.895580 -3.633429 11.839285,
        13.853778 -3.550562 11.825194,
        13.886934 -3.347502 11.768505,
        13.844435 -3.248786 11.731522,
        13.883810 -3.250602 11.727575,
        13.843873 -3.230625 11.725885,
        13.833933 -2.929515 11.578226,
        13.876820 -3.033789 11.635995,
        13.832621 -2.892398 11.552278,
        13.872002 -2.894170 11.549126,
        13.824313 -2.657616 11.388143,
        13.866911 -2.746568 11.457291,
        13.821153 -2.575640 11.309910,
        13.860537 -2.575418 11.309737,
        13.815231 -2.422098 11.163378,
        13.857547 -2.495123 11.240512,
        13.809854 -2.307485 11.014864,
        13.849250 -2.304594 11.016935,
        13.805778 -2.220564 10.902231,
        13.848161 -2.279594 10.987600,
        13.798178 -2.096269 10.676681,
        13.838236 -2.102488 10.699204,
        13.837563 -2.093785 10.678258,
        13.795901 -2.059039 10.609121,
        13.786331 -1.948806 10.305964,
        13.828123 -1.971822 10.384714,
        13.825723 -1.952620 10.305155,
        13.785946 -1.944377 10.293783,
        13.776269 -1.880173 9.967628,
        13.818194 -1.892406 10.055670,
        13.774750 -1.877883 9.913367,
        13.814147 -1.880716 9.913000,
        13.767151 -1.866425 9.641933,
        13.808796 -1.865261 9.724379,
        13.763498 -1.880389 9.514573,
        13.802862 -1.880365 9.514348,
        13.757772 -1.902283 9.314882,
        13.799445 -1.889066 9.393349,
        13.751913 -1.953910 9.122756,
        13.791289 -1.951648 9.122005,
        13.747929 -1.989031 8.992053,
        13.789539 -1.965076 9.063785,
        13.740077 -2.096226 8.750302,
        13.779445 -2.092289 8.748554,
        13.779427 -2.092519 8.747982,
        13.737964 -2.125086 8.685215,
        13.719057 -2.521796 8.160559,
        13.760047 -2.480147 8.202133,
        13.717114 -2.574435 8.116663,
        13.756467 -2.575771 8.118016,
        13.709757 -2.773776 7.950431,
        13.750725 -2.729064 7.983171,
        13.705640 -2.893917 7.878074,
        13.745005 -2.894135 7.878129,
        13.699955 -3.059750 7.778199,
        13.740841 -3.014213 7.801718,
        13.693831 -3.250706 7.700302,
        13.733197 -3.250345 7.699122,
        13.689986 -3.370580 7.651402,
        13.730731 -3.326537 7.666019,
        13.682062 -3.633619 7.589081,
        13.721421 -3.633115 7.586812,
        13.720766 -3.654656 7.581246,
        13.680207 -3.695152 7.574502,
        13.214720 -6.192805 9.830255,
        13.181022 -6.194146 9.625490,
        13.223548 -6.185689 9.513947,
        13.184214 -6.181122 9.514579,
        13.223935 -6.185376 9.500054,
        13.190435 -6.155736 9.298371,
        13.233698 -6.126228 9.168689,
        13.195802 -6.107100 9.122853,
        13.235154 -6.110152 9.122223,
        13.200291 -6.066427 8.976069,
        13.243782 -6.014978 8.847138,
        13.207637 -5.964339 8.750617,
        13.246994 -5.963811 8.751271,
        13.210252 -5.927989 8.670341,
        13.253823 -5.855005 8.547413,
        13.219344 -5.757302 8.409637,
        13.258673 -5.753396 8.412709,
        13.219961 -5.745706 8.391926,
        13.263456 -5.653196 8.279873,
        13.229112 -5.527578 8.149177,
        13.269965 -5.485740 8.117249,
        13.230594 -5.487263 8.116079,
        13.272663 -5.416328 8.049839,
        13.238446 -5.273704 7.940747,
        13.281436 -5.169150 7.874602,
        13.242076 -5.167440 7.877871,
        13.282399 -5.141974 7.855336,
        13.248265 -4.986233 7.770652,
        13.292478 -4.837221 7.704214,
        13.253885 -4.810431 7.700537,
        13.293251 -4.812238 7.696399,
        13.258233 -4.674431 7.646297,
        13.302530 -4.512846 7.602750,
        13.265650 -4.427428 7.589801,
        13.305008 -4.427744 7.590143,
        13.267992 -4.349477 7.571973,
        13.312191 -4.181016 7.553595,
        13.277004 -4.030550 7.548910,
        13.316383 -4.030631 7.554614,
        13.277211 -4.023159 7.548376,
        13.321393 -3.850898 7.555832,
        13.286463 -3.696656 7.574267,
        13.327753 -3.633651 7.591057,
        13.288361 -3.633632 7.589152,
        13.331102 -3.519228 7.609610,
        13.296240 -3.372048 7.650933,
        13.339508 -3.249525 7.698094,
        13.300130 -3.250711 7.700329,
        13.341172 -3.196106 7.715619,
        13.306208 -3.061129 7.777508,
        13.351233 -2.893632 7.870869,
        13.311939 -2.893903 7.878060,
        13.351335 -2.890835 7.872911,
        13.316012 -2.775017 7.949547,
        13.360925 -2.622398 8.068799,
        13.323415 -2.574391 8.116613,
        13.362802 -2.574693 8.116401,
        13.325316 -2.522865 8.159521,
        13.370124 -2.388722 8.301970,
        13.334491 -2.306248 8.403983,
        13.374078 -2.307677 8.412522,
        13.334666 -2.302983 8.409047,
        13.379807 -2.190253 8.572700,
        13.344218 -2.125819 8.683860,
        13.385761 -2.097981 8.751497,
        13.346378 -2.096287 8.750332,
        13.389867 -2.034348 8.874802,
        13.354181 -1.989546 8.990598,
        13.397595 -1.952430 9.122639,
        13.358214 -1.953930 9.122766,
        13.399938 -1.927615 9.197716,
        13.364026 -1.902565 9.313381,
        13.409209 -1.875604 9.514109,
        13.369799 -1.880364 9.514574,
        13.409657 -1.873098 9.529350,
        13.373408 -1.866475 9.640439,
        13.418858 -1.870146 9.859476,
        13.381049 -1.877806 9.913373,
        13.420416 -1.877956 9.913003,
        13.382524 -1.879996 9.966122,
        13.428511 -1.918564 10.191323,
        13.392201 -1.943965 10.292300,
        13.432015 -1.953690 10.304496,
        13.392631 -1.948909 10.305927,
        13.438561 -2.019301 10.515888,
        13.402155 -2.058401 10.607716,
        13.443848 -2.098230 10.675946,
        13.404475 -2.096327 10.676653,
        13.448642 -2.169759 10.820997,
        13.412033 -2.219724 10.900952,
        13.455537 -2.307023 11.015513,
        13.416155 -2.307501 11.014858,
        13.458385 -2.363710 11.095843,
        13.421490 -2.421094 11.162263,
        13.466791 -2.573243 11.312538,
        13.427450 -2.575618 11.309938,
        13.467593 -2.593246 11.333225,
        13.430570 -2.656447 11.387185,
        13.477217 -2.860271 11.535561,
        13.438919 -2.892350 11.552350,
        13.478278 -2.891870 11.552516,
        13.440188 -2.928193 11.577445,
        13.487256 -3.159610 11.696179,
        13.450126 -3.229190 11.725314,
        13.490097 -3.250157 11.727731,
        13.450732 -3.248818 11.731421,
        13.497342 -3.480935 11.808148,
        13.460033 -3.549067 11.824854,
        13.501852 -3.633866 11.835791,
        13.462489 -3.633420 11.837413,
        13.507112 -3.812246 11.868035,
        13.469558 -3.876161 11.873557,
        13.513212 -4.030728 11.873424,
        13.473862 -4.030566 11.872967,
        13.516330 -4.142466 11.876180,
        13.478626 -4.201533 11.872314,
        13.524587 -4.428072 11.839117,
        13.485231 -4.427635 11.836861,
        13.525925 -4.474362 11.833111,
        13.488179 -4.528546 11.821038,
        13.535949 -4.800242 11.737672,
        13.496986 -4.812019 11.730389,
        13.536348 -4.812371 11.731932,
        13.498094 -4.847744 11.718965,
        13.546044 -5.107873 11.592073,
        13.508026 -5.147496 11.568786,
        13.548159 -5.167995 11.551064,
        13.508803 -5.169402 11.553194,
        13.555839 -5.386244 11.402196,
        13.517617 -5.417528 11.376594,
        13.559627 -5.485200 11.309474,
        13.520272 -5.485848 11.310295,
        13.565069 -5.627399 11.176235,
        13.526690 -5.651083 11.149948,
        13.570933 -5.753751 11.014855,
        13.531562 -5.753560 11.014829,
        13.574633 -5.833501 10.912996,
        13.536177 -5.850635 10.886830,
        13.582609 -5.965164 10.676797,
        13.543242 -5.964279 10.676384,
        13.584644 -5.998758 10.616530,
        13.546067 -6.009728 10.592220,
        13.594457 -6.112584 10.306039,
        13.555084 -6.111200 10.305558,
        13.594744 -6.115927 10.296921,
        13.556015 -6.121671 10.275980,
        13.604564 -6.181189 9.966063,
        13.565667 -6.183061 9.949573,
        13.606037 -6.183318 9.913375,
        13.566676 -6.184284 9.913430,
        13.613811 -6.194537 9.635659,
        13.574765 -6.194084 9.623993,
        13.617289 -6.180768 9.514599,
        13.577915 -6.181159 9.514579,
        13.623343 -6.156798 9.303840,
        13.584181 -6.155442 9.296870,
        13.628874 -6.106940 9.122887,
        13.589503 -6.107091 9.122861,
        13.633339 -6.066682 8.976775,
        13.594037 -6.065900 8.974618,
        13.640706 -5.964112 8.750725,
        13.601338 -5.964290 8.750644,
        13.643445 -5.926004 8.666739,
        13.603997 -5.927246 8.668992,
        13.652411 -5.756797 8.409975,
        13.613044 -5.757218 8.409693,
        13.653285 -5.740294 8.384932,
        13.613706 -5.744780 8.390723,
        13.662554 -5.517856 8.139934,
        13.622855 -5.526499 8.148146,
        13.663658 -5.487716 8.115558,
        13.624295 -5.487314 8.116021,
        13.672054 -5.258479 7.930169,
        13.632190 -5.272454 7.939871,
        13.675143 -5.167655 7.877616,
        13.635775 -5.167459 7.877846,
        13.682035 -4.964991 7.760348,
        13.642012 -4.984849 7.769971,
        13.686952 -4.810399 7.700836,
        13.647585 -4.810430 7.700553,
        13.692143 -4.647224 7.638020,
        13.651977 -4.672959 7.645839,
        13.698711 -4.427245 7.590971,
        13.659351 -4.427417 7.589861,
        13.702007 -4.316947 7.567381,
        13.661735 -4.347973 7.571749,
        13.670702 -4.030543 7.549017,
        13.200736 -6.106989 10.304437,
        13.161383 -6.111293 10.305589,
        13.162267 -6.121271 10.277463,
        13.205117 -6.149001 10.162152,
        13.188903 -5.963196 10.676167,
        13.149539 -5.964326 10.676407,
        13.152319 -6.009102 10.593631,
        13.195089 -6.052832 10.487858,
        13.142431 -5.849805 10.888117,
        13.184996 -5.906560 10.795150,
        13.177209 -5.755056 11.016220,
        13.165981 -5.489667 11.313671,
        13.156409 -5.225902 11.519261,
        13.142656 -4.810668 11.726980,
        13.103285 -4.812049 11.730478,
        13.104350 -4.846313 11.719548,
        13.146394 -4.929034 11.683884,
        13.094433 -4.527053 11.821389,
        13.136296 -4.609181 11.800339,
        13.091529 -4.427646 11.836905,
        13.130900 -4.427227 11.835815,
        13.084882 -4.200031 11.872432,
        13.126483 -4.278252 11.864862,
        13.080160 -4.030570 11.872962,
        13.119550 -4.030408 11.874336,
        13.075817 -3.874660 11.873450,
        13.117241 -3.947880 11.877492,
        13.068788 -3.633431 11.837358,
        13.108183 -3.632850 11.840969,
        13.066286 -3.547572 11.824513,
        13.107699 -3.616043 11.839020,
        13.057033 -3.248850 11.731322,
        13.097698 -3.289133 11.748170,
        13.096408 -3.249613 11.730133,
        13.056378 -3.227756 11.724742,
        13.046442 -2.926870 11.576662,
        13.087596 -2.979421 11.606811,
        13.045218 -2.892301 11.552423,
        13.084601 -2.893756 11.550089,
        13.036827 -2.655280 11.386226,
        13.077760 -2.698081 11.420522,
        13.033750 -2.575596 11.309967,
        13.073137 -2.576063 11.309257,
        13.027747 -2.420091 11.161148,
        13.068498 -2.453617 11.197603,
        13.022453 -2.307516 11.014852,
        13.061827 -2.306800 11.015253,
        13.018287 -2.218885 10.899671,
        13.058988 -2.244350 10.937689,
        13.010776 -2.096383 10.676626,
        13.050152 -2.094590 10.677549,
        13.008407 -2.057764 10.606309,
        13.049004 -2.075153 10.643785,
        12.998930 -1.949011 10.305891,
        13.038896 -1.953532 10.325757,
        13.038306 -1.949349 10.305987,
        12.998455 -1.943554 10.290818,
        12.988781 -1.879820 9.964618,
        13.029039 -1.883634 9.995392,
        12.987347 -1.877729 9.913378,
        13.026731 -1.879201 9.913255,
        12.979667 -1.866526 9.638945,
        13.019752 -1.865789 9.664761,
        12.976097 -1.880338 9.514575,
        13.015462 -1.880806 9.514557,
        12.970280 -1.902847 9.311880,
        13.010277 -1.898948 9.333109,
        12.964511 -1.953950 9.122776,
        13.003881 -1.953809 9.122682,
        12.960435 -1.990062 8.989144,
        13.000308 -1.984457 9.005127,
        12.952677 -2.096347 8.750362,
        12.992045 -2.095916 8.750141,
        12.950472 -2.126552 8.682506,
        12.990199 -2.120845 8.693111,
        12.940967 -2.303077 8.409108,
        12.980332 -2.302631 8.408820,
        12.980320 -2.302889 8.408417,
        12.940746 -2.307167 8.402773,
        12.971006 -2.522327 8.160043,
        12.931574 -2.523935 8.158484,
        12.929714 -2.574346 8.116565,
        12.969083 -2.574458 8.116699,
        12.922267 -2.776260 7.948663,
        12.961563 -2.778317 7.947203,
        12.918238 -2.893889 7.878046,
        12.957609 -2.893936 7.878153,
        12.912462 -3.062508 7.776819,
        12.951612 -3.069153 7.773512,
        12.906429 -3.250717 7.700354,
        12.945800 -3.250813 7.700669,
        12.902493 -3.373517 7.650464,
        12.941500 -3.385232 7.646770,
        12.894661 -3.633646 7.589222,
        12.934036 -3.633799 7.590017,
        12.892719 -3.698161 7.574033,
        12.931600 -3.714902 7.571498,
        12.883470 -4.024646 7.548371,
        12.922687 -4.030667 7.549478,
        12.883304 -4.030557 7.548803,
        12.922257 -4.045878 7.548417,
        12.874247 -4.350982 7.572197,
        12.912851 -4.377221 7.576288,
        12.871950 -4.427437 7.589741,
        12.911326 -4.427657 7.588579,
        12.864485 -4.675902 7.646756,
        12.902916 -4.706146 7.656443,
        12.860183 -4.810433 7.700521,
        12.899557 -4.810510 7.700075,
        12.854518 -4.987618 7.771333,
        12.892803 -5.020345 7.787804,
        12.848374 -5.167421 7.877894,
        12.887750 -5.167026 7.878328,
        12.844700 -5.274953 7.941623,
        12.882885 -5.308300 7.965514,
        12.836895 -5.487213 8.116136,
        12.876282 -5.485920 8.117543,
        12.835369 -5.528655 8.150208,
        12.873507 -5.560659 8.181514,
        12.826217 -5.746632 8.393128,
        12.865000 -5.756953 8.410196,
        12.825643 -5.757387 8.409580,
        12.864134 -5.776967 8.433513,
        12.816506 -5.928730 8.671690,
        12.854219 -5.955070 8.721178,
        12.813935 -5.964389 8.750591,
        12.853310 -5.966911 8.749385,
        12.806545 -6.066952 8.977520,
        12.844105 -6.086885 9.035185,
        12.802102 -6.107110 9.122846,
        12.841471 -6.108264 9.122371,
        12.796689 -6.156028 9.299872,
        12.834167 -6.167522 9.364031,
        12.790515 -6.181088 9.514580,
        12.829895 -6.180389 9.514464,
        12.787280 -6.194206 9.626985,
        12.824756 -6.195866 9.695407,
        12.779273 -6.184109 9.913420,
        12.818613 -6.180992 9.913121,
        12.778178 -6.182729 9.952582,
        12.815417 -6.173256 10.026348,
        12.768522 -6.120870 10.278949,
        12.807040 -6.109934 10.305535,
        12.767683 -6.111386 10.305620,
        12.805521 -6.098468 10.356086,
        12.758573 -6.008474 10.595042,
        12.795411 -5.972185 10.672346,
        12.755840 -5.964374 10.676428,
        12.795196 -5.968454 10.678613,
        12.748685 -5.848974 10.889403,
        12.785455 -5.798894 10.963461,
        12.744160 -5.753574 11.014828,
        12.783519 -5.755363 11.015968,
        12.739204 -5.649089 11.152195,
        12.776007 -5.586370 11.219807,
        12.732869 -5.485789 11.310224,
        12.772213 -5.485313 11.309345,
        12.730131 -5.415208 11.378527,
        12.766698 -5.338351 11.439556,
        12.721401 -5.169292 11.553034,
        12.760751 -5.167087 11.549415,
        12.720535 -5.144863 11.570368,
        12.756824 -5.053954 11.621984,
        12.710603 -4.844883 11.720129,
        12.748945 -4.810951 11.728625,
        12.709583 -4.812079 11.730567,
        12.746715 -4.742141 11.758822,
        12.700688 -4.525560 11.821741,
        12.737165 -4.428197 11.841154,
        12.697828 -4.427656 11.836952,
        12.736741 -4.414249 11.844812,
        12.691139 -4.198530 11.872549,
        12.727261 -4.082575 11.878448,
        12.686459 -4.030574 11.872958,
        12.725806 -4.030765 11.875725,
        12.682074 -3.873159 11.873341,
        12.717978 -3.751972 11.861072,
        12.675085 -3.633443 11.837304,
        12.714458 -3.633951 11.836278,
        12.672540 -3.546078 11.824169,
        12.708125 -3.421551 11.791657,
        12.663331 -3.248882 11.731224,
        12.702700 -3.250745 11.726620,
        12.662631 -3.226322 11.724169,
        12.698019 -3.103353 11.670498,
        12.652694 -2.925548 11.575878,
        12.690889 -2.893383 11.550023,
        12.651516 -2.892252 11.552496,
        12.688030 -2.809178 11.501709,
        12.643083 -2.654114 11.385266,
        12.679402 -2.573163 11.312235,
        12.640049 -2.575573 11.309997,
        12.678516 -2.548916 11.292769,
        12.634004 -2.419089 11.160032,
        12.669257 -2.325681 11.048652,
        12.628754 -2.307530 11.014846,
        12.668156 -2.304781 11.017185,
        12.624541 -2.218047 10.898390,
        12.659426 -2.139015 10.767619,
        12.617074 -2.096439 10.676599,
        12.656454 -2.097304 10.676580,
        12.614662 -2.057128 10.604903,
        12.649323 -1.997211 10.458119,
        12.605230 -1.949112 10.305856,
        12.644620 -1.954285 10.304509,
        12.604709 -1.943145 10.289335,
        12.639320 -1.905884 10.131312,
        12.595038 -1.879645 9.963114,
        12.633034 -1.880240 9.912834,
        12.593646 -1.877650 9.913384,
        12.629773 -1.866933 9.799464,
        12.585924 -1.866579 9.637450,
        12.621789 -1.877441 9.514033,
        12.582397 -1.880311 9.514576,
        12.620534 -1.879095 9.469111,
        12.576536 -1.903131 9.310378,
        12.610725 -1.943135 9.138137,
        12.570811 -1.953969 9.122785,
        12.610203 -1.949133 9.121589,
        12.566689 -1.990579 8.987690,
        12.600628 -2.059124 8.818126,
        12.558976 -2.096406 8.750392,
        12.598358 -2.096334 8.750796,
        12.556726 -2.127285 8.681151,
        12.590612 -2.223332 8.520997,
        12.547266 -2.303169 8.409169,
        12.586681 -2.307542 8.412641,
        12.547000 -2.308086 8.401566,
        12.581033 -2.428586 8.256891,
        12.537832 -2.525006 8.157447,
        12.575377 -2.575910 8.117856,
        12.536014 -2.574301 8.116513,
        12.571809 -2.668876 8.030122,
        12.528522 -2.777503 7.947780,
        12.563910 -2.892990 7.876061,
        12.524537 -2.893874 7.878030,
        12.562025 -2.946453 7.839309,
        12.518715 -3.063888 7.776129,
        12.552097 -3.248557 7.694970,
        12.512730 -3.250722 7.700379,
        12.551933 -3.253521 7.692598,
        12.508748 -3.374986 7.649997,
        12.541902 -3.579113 7.595953,
        12.500961 -3.633659 7.589291,
        12.540337 -3.633174 7.588739,
        12.498974 -3.699665 7.573800,
        12.532294 -3.911009 7.551667,
        12.489728 -4.026132 7.548368,
        12.517600 -4.427348 7.591582,
        12.478249 -4.427448 7.589680,
        12.480502 -4.352487 7.572423,
        12.489604 -4.030565 7.548694,
        12.528961 -4.030467 7.554187,
        12.523081 -4.241199 7.558630,
        12.470739 -4.677373 7.647215,
        12.513324 -4.572596 7.617295,
        12.505847 -4.811134 7.699438,
        12.454674 -5.167402 7.877916,
        12.494024 -5.169553 7.874481,
        12.493196 -5.194270 7.887628,
        12.450956 -5.276201 7.942500,
        12.471283 -5.753977 8.412073,
        12.431944 -5.757473 8.409523,
        12.432473 -5.747557 8.394331,
        12.474353 -5.692504 8.325625,
        12.459596 -5.962946 8.751516,
        12.420235 -5.964441 8.750563,
        12.422759 -5.929470 8.673039,
        12.464620 -5.887368 8.599657,
        12.412798 -6.067476 8.978972,
        12.454544 -6.038922 8.904176,
        12.408401 -6.107122 9.122838,
        12.447763 -6.107686 9.122900,
        12.402944 -6.156320 9.301372,
        12.444491 -6.140862 9.228425,
        12.436160 -6.183638 9.514383,
        12.425624 -6.188727 9.890358,
        12.413343 -6.108443 10.304715,
        12.373981 -6.111480 10.305652,
        12.374776 -6.120468 10.280433,
        12.415917 -6.135431 10.222048,
        12.364827 -6.007845 10.596452,
        12.405850 -6.029894 10.545306,
        12.362139 -5.964424 10.676450,
        12.401507 -5.963096 10.675912,
        12.354940 -5.848142 10.890690,
        12.395786 -5.875072 10.848021,
        12.350459 -5.753582 11.014829,
        12.389824 -5.753585 11.015002,
        12.345461 -5.648091 11.153317,
        12.386090 -5.677496 11.119583,
        12.339168 -5.485761 11.310190,
        12.378553 -5.486733 11.311300,
        12.336387 -5.414048 11.379492,
        12.376891 -5.444654 11.353590,
        12.367213 -5.174254 11.552410,
        12.355256 -4.811514 11.728962,
        12.315883 -4.812109 11.730657,
        12.316856 -4.843452 11.720708,
        12.357156 -4.872395 11.708743,
        12.306941 -4.524066 11.822091,
        12.347083 -4.549619 11.815947,
        12.304128 -4.427667 11.836998,
        12.343501 -4.427477 11.836204,
        12.297394 -4.197028 11.872666,
        12.337361 -4.218008 11.870946,
        12.292757 -4.030579 11.872955,
        12.332134 -4.030526 11.872886,
        12.288330 -3.871658 11.873231,
        12.328157 -3.887878 11.874363,
        12.281385 -3.633454 11.837250,
        12.320757 -3.633372 11.837600,
        12.278795 -3.544583 11.823825,
        12.318508 -3.556022 11.826427,
        12.269630 -3.248914 11.731127,
        12.309002 -3.248774 11.731552,
        12.268885 -3.224888 11.723594,
        12.308462 -3.231333 11.726166,
        12.258950 -2.924228 11.575094,
        12.298380 -2.925992 11.576142,
        12.257815 -2.892202 11.552570,
        12.297187 -2.892297 11.552436,
        12.249339 -2.652948 11.384306,
        12.288631 -2.650826 11.382553,
        12.246347 -2.575549 11.310027,
        12.285716 -2.575587 11.310005,
        12.240261 -2.418087 11.158915,
        12.279421 -2.413108 11.153340,
        12.235052 -2.307543 11.014841,
        12.274422 -2.307756 11.014716,
        12.230796 -2.217210 10.897109,
        12.269802 -2.210430 10.886653,
        12.223374 -2.096494 10.676572,
        12.262743 -2.097146 10.676259,
        12.220914 -2.056494 10.603495,
        12.259767 -2.049391 10.587568,
        12.211528 -1.949213 10.305821,
        12.250902 -1.950593 10.305351,
        12.210962 -1.942737 10.287852,
        12.249678 -1.936954 10.266392,
        12.201293 -1.879471 9.961609,
        12.239903 -1.876583 9.935116,
        12.199944 -1.877570 9.913389,
        12.239299 -1.876019 9.913471,
        12.192182 -1.866632 9.635956,
        12.230684 -1.867972 9.604883,
        12.188697 -1.880283 9.514577,
        12.228074 -1.879561 9.514577,
        12.182791 -1.903417 9.308877,
        12.221095 -1.910562 9.272989,
        12.177111 -1.953986 9.122795,
        12.216483 -1.954255 9.122993,
        12.172942 -1.991097 8.986236,
        12.211072 -2.005522 8.946997,
        12.165276 -2.096464 8.750421,
        12.204651 -2.097854 8.751181,
        12.162980 -2.128020 8.679798,
        12.200977 -2.150682 8.639145,
        12.153565 -2.303262 8.409229,
        12.192955 -2.305826 8.410994,
        12.153257 -2.309007 8.400358,
        12.191178 -2.340188 8.360461,
        12.144090 -2.526077 8.156411,
        12.181944 -2.565830 8.118964,
        12.142314 -2.574255 8.116462,
        12.181713 -2.572176 8.113980,
        12.134777 -2.778747 7.946898,
        12.172386 -2.828724 7.912529,
        12.130837 -2.893859 7.878014,
        12.170219 -2.892885 7.876643,
        12.124969 -3.065268 7.775441,
        12.162378 -3.124928 7.746858,
        12.119028 -3.250727 7.700402,
        12.158404 -3.250583 7.700587,
        12.115000 -3.376455 7.649530,
        12.152277 -3.444376 7.629223,
        12.107260 -3.633672 7.589358,
        12.146648 -3.633961 7.591546,
        12.105230 -3.701170 7.573567,
        12.142454 -3.775188 7.563478,
        12.095987 -4.027618 7.548365,
        12.135298 -4.030774 7.552792,
        12.095904 -4.030573 7.548585,
        12.133203 -4.105612 7.549663,
        12.086757 -4.353991 7.572650,
        12.123935 -4.428396 7.585911,
        12.084550 -4.427460 7.589617,
        12.123676 -4.437419 7.586924,
        12.076992 -4.678844 7.647676,
        12.113682 -4.764583 7.676560,
        12.072782 -4.810438 7.700485,
        12.112157 -4.811390 7.697716,
        12.067025 -4.990384 7.772699,
        12.103577 -5.074830 7.816794,
        12.060973 -5.167385 7.877938,
        12.100350 -5.167313 7.877550,
        12.057210 -5.277448 7.943378,
        12.093732 -5.356941 8.002124,
        12.049493 -5.487114 8.116249,
        12.088887 -5.485138 8.118186,
        12.047885 -5.530807 8.152274,
        12.084459 -5.602289 8.224247,
        12.038729 -5.748481 8.395535,
        12.077576 -5.754595 8.412031,
        12.038244 -5.757560 8.409464,
        12.074965 -5.812378 8.483274,
        12.029013 -5.930210 8.674389,
        12.065900 -5.967021 8.749647,
        12.026535 -5.964494 8.750535,
        12.064987 -5.982605 8.776489,
        12.019052 -6.068000 8.980424,
        12.054879 -6.105394 9.094086,
        12.014700 -6.107133 9.122830,
        12.054057 -6.111313 9.121565,
        12.009199 -6.156611 9.302874,
        12.045011 -6.176515 9.424304,
        12.003113 -6.181019 9.514579,
        12.042483 -6.181690 9.514213,
        11.999796 -6.194324 9.629976,
        12.035713 -6.195550 9.755005,
        11.991870 -6.183938 9.913410,
        12.031208 -6.180335 9.912897,
        11.990691 -6.182393 9.955590,
        12.026253 -6.163596 10.086598,
        11.981030 -6.120065 10.281917,
        12.019629 -6.107551 10.304823,
        11.980281 -6.111576 10.305685,
        12.016291 -6.079305 10.414807,
        11.971080 -6.007215 10.597862,
        12.007794 -5.965633 10.677470,
        11.968438 -5.964474 10.676474,
        12.006180 -5.944055 10.727329,
        11.961194 -5.847309 10.891974,
        11.996292 -5.762990 11.012774,
        11.956759 -5.753591 11.014830,
        11.996086 -5.758167 11.018272,
        11.951719 -5.647093 11.154438,
        11.986965 -5.544338 11.262047,
        11.945466 -5.485733 11.310156,
        11.984828 -5.486496 11.310491,
        11.942643 -5.412886 11.380456,
        11.977540 -5.289250 11.475685,
        11.933998 -5.169184 11.552876,
        11.973355 -5.167167 11.549201,
        11.933042 -5.142229 11.571947,
        11.967595 -4.999127 11.650389,
        11.923109 -4.842020 11.721288,
        11.961548 -4.810384 11.726874,
        11.922181 -4.812140 11.730749,
        11.957483 -4.683508 11.778289,
        11.913196 -4.522572 11.822441,
        11.949783 -4.427436 11.837737,
        11.910426 -4.427679 11.837047,
        11.947574 -4.354014 11.854781,
        11.903652 -4.195526 11.872781,
        11.938431 -4.030548 11.878501,
        11.899056 -4.030583 11.872952,
        11.938216 -4.022948 11.879058,
        11.894587 -3.870157 11.873120,
        11.928825 -3.691693 11.852387,
        11.887685 -3.633466 11.837198,
        11.927073 -3.633606 11.838456,
        11.885049 -3.543089 11.823481,
        11.918898 -3.362570 11.773453,
        11.875929 -3.248945 11.731031,
        11.915304 -3.250723 11.727172,
        11.875138 -3.223456 11.723019,
        11.908786 -3.047892 11.643242,
        11.865204 -2.922907 11.574309,
        11.903498 -2.894121 11.549113,
        11.864114 -2.892151 11.552646,
        11.898858 -2.759210 11.466530,
        11.855596 -2.651783 11.383344,
        11.892029 -2.575084 11.310068,
        11.852646 -2.575524 11.310059,
        11.889465 -2.505937 11.251311,
        11.846519 -2.417086 11.157796,
        11.880754 -2.303840 11.017563,
        11.841351 -2.307556 11.014838,
        11.880109 -2.288850 11.000226,
        11.837051 -2.216374 10.895826,
        11.870201 -2.109756 10.713296,
        11.829674 -2.096548 10.676547,
        11.869058 -2.094722 10.677848,
        11.827168 -2.055859 10.602087,
        11.860089 -1.976793 10.399777,
        11.817828 -1.949312 10.305786,
        11.857220 -1.953181 10.304979,
        11.817217 -1.942330 10.286369,
        11.807549 -1.879298 9.960104,
        11.850143 -1.894937 10.071137,
        11.806242 -1.877489 9.913394,
        11.845643 -1.880835 9.912944,
        11.798439 -1.866686 9.634461,
        11.840715 -1.865391 9.739682,
        11.794996 -1.880254 9.514578,
        11.834362 -1.879981 9.514281,
        11.789045 -1.903703 9.307376,
        11.831390 -1.886807 9.408825,
        11.783410 -1.954002 9.122804,
        11.822788 -1.950814 9.121791,
        11.779196 -1.991616 8.984782,
        11.821504 -1.960374 9.078920,
        11.771574 -2.096520 8.750451,
        11.811393 -2.085495 8.762209,
        11.810946 -2.093225 8.749116,
        11.769233 -2.128756 8.678445,
        11.791967 -2.469487 8.213145,
        11.787963 -2.575942 8.118143,
        11.750348 -2.527150 8.155376,
        11.748617 -2.574052 8.116197,
        11.759513 -2.309928 8.399151,
        11.741574 -2.764743 7.956905,
        11.782671 -2.716611 7.992608,
        11.741574 -2.890677 7.872696,
        11.741574 -4.030590 7.548363,
        11.741574 -3.632707 7.585232,
        11.743221 -3.970929 7.549185,
        11.752717 -3.639204 7.584028,
        11.741574 -3.248373 7.694585,
        11.762697 -3.311548 7.671234,
        11.752911 -3.632837 7.585723,
        11.776500 -2.894033 7.877887,
        11.772805 -3.000251 7.809206,
        11.764692 -3.250095 7.698470,
        15.166771 -2.501339 9.796631,
        15.166771 -2.201534 9.993918,
        15.166771 -2.554917 10.123436,
        15.166771 -2.295379 10.356369,
        15.166771 -2.677494 10.431083,
        15.166771 -2.460263 10.692509,
        15.166771 -2.863341 10.705187,
        15.166771 -2.689437 10.988578,
        15.166771 -3.103767 10.932931,
        15.166771 -2.973518 11.232453,
        15.166771 -3.387531 11.103665,
        15.166771 -3.300876 11.414151,
        15.166771 -3.701363 11.209408,
        15.166771 -3.658108 11.526234,
        15.166771 -4.030590 11.245213,
        15.166771 -4.030590 11.564111,
        15.166771 -4.359816 11.209408,
        15.166771 -4.403071 11.526234,
        15.166771 -4.673648 11.103665,
        15.166771 -4.760303 11.414151,
        15.166771 -4.957411 10.932931,
        15.166771 -5.087661 11.232453,
        15.166771 -5.197837 10.705187,
        15.166771 -5.371741 10.988578,
        15.166771 -5.383685 10.431083,
        15.166771 -5.600915 10.692509,
        15.166771 -5.506263 10.123436,
        15.166771 -5.765800 10.356369,
        15.166771 -5.559839 9.796631,
        15.166771 -5.859645 9.993918,
        15.166771 -5.878608 9.619997,
        15.166771 -5.541910 9.465949,
        15.166771 -5.821913 9.249912,
        15.166771 -5.453314 9.146853,
        15.166771 -5.691881 8.898815,
        15.166771 -5.298192 8.854262,
        15.166771 -5.493836 8.581080,
        15.166771 -5.083798 8.601858,
        15.166771 -5.235885 8.309717,
        15.166771 -4.820158 8.401444,
        15.166771 -4.928589 8.095831,
        15.166771 -4.519598 8.262390,
        15.166771 -4.584529 7.948184,
        15.166771 -4.196173 8.191199,
        15.166771 -4.217791 7.872817,
        15.166771 -3.865006 8.191199,
        15.166771 -3.843388 7.872817,
        15.166771 -3.541580 8.262390,
        15.166771 -3.476650 7.948184,
        15.166771 -3.241020 8.401444,
        15.166771 -3.132590 8.095831,
        15.166771 -2.977380 8.601858,
        15.166771 -2.825294 8.309717,
        15.166771 -2.762987 8.854262,
        15.166771 -2.567343 8.581080,
        15.166771 -2.607865 9.146853,
        15.166771 -2.369297 8.898815,
        15.166771 -2.519269 9.465949,
        15.166771 -2.239266 9.249912,
        15.166771 -2.182570 9.619997,
      ]
    }
    coordIndex [
      0, 1, 2, -1,
      3, 4, 5, -1,
      6, 7, 8, -1,
      9, 10, 11, -1,
      12, 13, 14, -1,
      14, 13, 15, -1,
      16, 17, 18, -1,
      19, 20, 21, -1,
      22, 23, 24, -1,
      25, 26, 27, -1,
      28, 29, 30, -1,
      31, 32, 33, -1,
      34, 35, 36, -1,
      36, 35, 37, -1,
      38, 39, 40, -1,
      40, 39, 41, -1,
      41, 39, 42, -1,
      41, 42, 43, -1,
      43, 42, 44, -1,
      44, 42, 45, -1,
      44, 45, 46, -1,
      47, 48, 49, -1,
      47, 49, 45, -1,
      45, 49, 50, -1,
      45, 50, 46, -1,
      47, 51, 48, -1,
      48, 51, 52, -1,
      48, 52, 53, -1,
      53, 52, 54, -1,
      53, 54, 55, -1,
      55, 54, 56, -1,
      55, 56, 57, -1,
      57, 56, 58, -1,
      57, 58, 59, -1,
      59, 58, 60, -1,
      59, 60, 61, -1,
      61, 60, 62, -1,
      61, 62, 63, -1,
      63, 62, 64, -1,
      63, 64, 65, -1,
      65, 64, 66, -1,
      65, 66, 67, -1,
      67, 66, 68, -1,
      67, 68, 69, -1,
      69, 68, 70, -1,
      69, 70, 71, -1,
      71, 70, 72, -1,
      71, 72, 73, -1,
      73, 72, 74, -1,
      73, 74, 75, -1,
      75, 74, 76, -1,
      75, 76, 77, -1,
      77, 76, 78, -1,
      77, 78, 79, -1,
      79, 78, 80, -1,
      79, 80, 81, -1,
      81, 80, 82, -1,
      81, 82, 83, -1,
      83, 82, 84, -1,
      83, 84, 85, -1,
      85, 84, 86, -1,
      85, 86, 87, -1,
      87, 86, 88, -1,
      87, 88, 89, -1,
      89, 88, 90, -1,
      89, 90, 91, -1,
      91, 90, 92, -1,
      92, 90, 93, -1,
      92, 93, 94, -1,
      94, 93, 95, -1,
      94, 95, 96, -1,
      96, 95, 97, -1,
      96, 97, 98, -1,
      98, 97, 99, -1,
      98, 99, 100, -1,
      100, 99, 101, -1,
      100, 101, 102, -1,
      102, 101, 103, -1,
      102, 103, 104, -1,
      104, 103, 105, -1,
      104, 105, 106, -1,
      105, 107, 106, -1,
      106, 107, 108, -1,
      106, 108, 109, -1,
      109, 108, 110, -1,
      108, 111, 110, -1,
      110, 111, 112, -1,
      110, 112, 113, -1,
      113, 112, 114, -1,
      114, 112, 115, -1,
      114, 115, 116, -1,
      116, 115, 117, -1,
      116, 117, 118, -1,
      118, 117, 119, -1,
      118, 119, 120, -1,
      120, 119, 121, -1,
      120, 121, 122, -1,
      122, 121, 123, -1,
      122, 123, 124, -1,
      124, 123, 125, -1,
      124, 125, 126, -1,
      126, 125, 127, -1,
      126, 127, 128, -1,
      128, 127, 129, -1,
      128, 129, 130, -1,
      37, 35, 130, -1,
      130, 35, 131, -1,
      130, 131, 128, -1,
      34, 36, 132, -1,
      132, 36, 133, -1,
      132, 133, 134, -1,
      134, 133, 135, -1,
      134, 135, 136, -1,
      136, 135, 137, -1,
      136, 137, 138, -1,
      138, 137, 139, -1,
      138, 139, 140, -1,
      140, 139, 141, -1,
      140, 141, 142, -1,
      142, 141, 143, -1,
      142, 143, 144, -1,
      144, 143, 145, -1,
      144, 145, 146, -1,
      146, 145, 147, -1,
      146, 147, 148, -1,
      31, 33, 148, -1,
      148, 33, 149, -1,
      148, 149, 146, -1,
      30, 29, 150, -1,
      150, 29, 151, -1,
      150, 151, 152, -1,
      152, 151, 153, -1,
      152, 153, 154, -1,
      154, 153, 155, -1,
      154, 155, 156, -1,
      156, 155, 157, -1,
      156, 157, 158, -1,
      158, 157, 159, -1,
      158, 159, 160, -1,
      160, 159, 161, -1,
      160, 161, 162, -1,
      162, 161, 163, -1,
      162, 163, 164, -1,
      164, 163, 165, -1,
      164, 165, 166, -1,
      166, 165, 167, -1,
      166, 167, 168, -1,
      168, 167, 169, -1,
      168, 169, 170, -1,
      170, 169, 171, -1,
      170, 171, 172, -1,
      172, 171, 173, -1,
      172, 173, 174, -1,
      174, 173, 175, -1,
      174, 175, 176, -1,
      176, 175, 177, -1,
      176, 177, 178, -1,
      178, 177, 179, -1,
      178, 179, 180, -1,
      180, 179, 181, -1,
      180, 181, 182, -1,
      182, 181, 183, -1,
      182, 183, 184, -1,
      184, 183, 185, -1,
      184, 185, 186, -1,
      186, 185, 187, -1,
      186, 187, 188, -1,
      188, 187, 189, -1,
      188, 189, 190, -1,
      190, 189, 191, -1,
      190, 191, 192, -1,
      192, 191, 193, -1,
      192, 193, 194, -1,
      194, 193, 195, -1,
      194, 195, 196, -1,
      196, 195, 197, -1,
      196, 197, 198, -1,
      198, 197, 199, -1,
      198, 199, 200, -1,
      200, 199, 201, -1,
      200, 201, 202, -1,
      202, 201, 203, -1,
      202, 203, 204, -1,
      204, 203, 205, -1,
      204, 205, 206, -1,
      206, 205, 207, -1,
      206, 207, 208, -1,
      208, 207, 209, -1,
      208, 209, 210, -1,
      210, 209, 211, -1,
      210, 211, 212, -1,
      212, 211, 213, -1,
      212, 213, 214, -1,
      214, 213, 215, -1,
      214, 215, 216, -1,
      216, 215, 217, -1,
      216, 217, 218, -1,
      218, 217, 219, -1,
      218, 219, 220, -1,
      220, 219, 221, -1,
      220, 221, 222, -1,
      222, 221, 223, -1,
      222, 223, 224, -1,
      224, 223, 225, -1,
      224, 225, 226, -1,
      226, 225, 227, -1,
      226, 227, 228, -1,
      228, 227, 229, -1,
      228, 229, 230, -1,
      230, 229, 231, -1,
      230, 231, 232, -1,
      232, 231, 233, -1,
      232, 233, 234, -1,
      234, 233, 235, -1,
      234, 235, 236, -1,
      236, 235, 237, -1,
      236, 237, 238, -1,
      238, 237, 239, -1,
      238, 239, 240, -1,
      240, 239, 241, -1,
      240, 241, 242, -1,
      242, 241, 243, -1,
      242, 243, 244, -1,
      244, 243, 245, -1,
      244, 245, 246, -1,
      246, 245, 247, -1,
      246, 247, 248, -1,
      248, 247, 249, -1,
      248, 249, 250, -1,
      250, 249, 251, -1,
      250, 251, 252, -1,
      252, 251, 253, -1,
      252, 253, 254, -1,
      254, 253, 255, -1,
      254, 255, 256, -1,
      256, 255, 257, -1,
      256, 257, 258, -1,
      258, 257, 259, -1,
      258, 259, 260, -1,
      260, 259, 261, -1,
      260, 261, 262, -1,
      262, 261, 263, -1,
      262, 263, 264, -1,
      264, 263, 265, -1,
      264, 265, 266, -1,
      266, 265, 267, -1,
      266, 267, 268, -1,
      268, 267, 269, -1,
      268, 269, 270, -1,
      270, 269, 271, -1,
      270, 271, 272, -1,
      272, 271, 273, -1,
      272, 273, 274, -1,
      274, 273, 275, -1,
      274, 275, 276, -1,
      276, 275, 277, -1,
      276, 277, 278, -1,
      278, 277, 279, -1,
      278, 279, 280, -1,
      280, 279, 281, -1,
      280, 281, 282, -1,
      282, 281, 283, -1,
      282, 283, 284, -1,
      284, 283, 285, -1,
      284, 285, 286, -1,
      286, 285, 287, -1,
      286, 287, 288, -1,
      288, 287, 289, -1,
      288, 289, 290, -1,
      290, 289, 291, -1,
      290, 291, 292, -1,
      292, 291, 293, -1,
      292, 293, 294, -1,
      294, 293, 295, -1,
      294, 295, 296, -1,
      296, 295, 297, -1,
      296, 297, 298, -1,
      298, 297, 299, -1,
      298, 299, 300, -1,
      300, 299, 301, -1,
      300, 301, 302, -1,
      302, 301, 303, -1,
      302, 303, 304, -1,
      304, 303, 305, -1,
      304, 305, 306, -1,
      306, 305, 307, -1,
      306, 307, 308, -1,
      308, 307, 309, -1,
      308, 309, 310, -1,
      310, 309, 311, -1,
      310, 311, 312, -1,
      312, 311, 313, -1,
      312, 313, 314, -1,
      314, 313, 315, -1,
      314, 315, 316, -1,
      316, 315, 317, -1,
      316, 317, 318, -1,
      318, 317, 319, -1,
      318, 319, 320, -1,
      320, 319, 321, -1,
      320, 321, 322, -1,
      322, 321, 323, -1,
      322, 323, 324, -1,
      324, 323, 325, -1,
      324, 325, 326, -1,
      326, 325, 327, -1,
      326, 327, 328, -1,
      328, 327, 329, -1,
      328, 329, 330, -1,
      330, 329, 331, -1,
      330, 331, 332, -1,
      332, 331, 333, -1,
      332, 333, 334, -1,
      334, 333, 335, -1,
      334, 335, 32, -1,
      32, 335, 336, -1,
      32, 336, 33, -1,
      337, 338, 339, -1,
      28, 30, 339, -1,
      339, 30, 340, -1,
      339, 340, 337, -1,
      341, 342, 343, -1,
      338, 337, 343, -1,
      343, 337, 344, -1,
      343, 344, 341, -1,
      342, 341, 345, -1,
      345, 341, 346, -1,
      345, 346, 26, -1,
      26, 346, 347, -1,
      26, 347, 27, -1,
      25, 27, 23, -1,
      23, 27, 348, -1,
      23, 348, 24, -1,
      22, 24, 20, -1,
      20, 24, 349, -1,
      20, 349, 21, -1,
      350, 351, 352, -1,
      19, 21, 352, -1,
      352, 21, 353, -1,
      352, 353, 350, -1,
      351, 350, 354, -1,
      354, 350, 355, -1,
      354, 355, 356, -1,
      356, 355, 357, -1,
      356, 357, 358, -1,
      358, 357, 359, -1,
      358, 359, 360, -1,
      360, 359, 361, -1,
      360, 361, 362, -1,
      362, 361, 363, -1,
      362, 363, 364, -1,
      364, 363, 365, -1,
      364, 365, 366, -1,
      366, 365, 367, -1,
      366, 367, 368, -1,
      367, 369, 368, -1,
      368, 369, 370, -1,
      368, 370, 371, -1,
      371, 370, 372, -1,
      372, 370, 373, -1,
      372, 373, 374, -1,
      374, 373, 375, -1,
      374, 375, 376, -1,
      376, 375, 377, -1,
      376, 377, 378, -1,
      378, 377, 379, -1,
      378, 379, 380, -1,
      380, 379, 381, -1,
      380, 381, 382, -1,
      382, 381, 383, -1,
      382, 383, 384, -1,
      384, 383, 385, -1,
      384, 385, 386, -1,
      386, 385, 387, -1,
      386, 387, 388, -1,
      388, 387, 389, -1,
      388, 389, 390, -1,
      389, 391, 390, -1,
      390, 391, 392, -1,
      390, 392, 393, -1,
      393, 392, 394, -1,
      394, 392, 395, -1,
      394, 395, 396, -1,
      396, 395, 397, -1,
      396, 397, 398, -1,
      398, 397, 399, -1,
      398, 399, 400, -1,
      400, 399, 401, -1,
      400, 401, 402, -1,
      402, 401, 403, -1,
      402, 403, 404, -1,
      404, 403, 405, -1,
      404, 405, 406, -1,
      406, 405, 407, -1,
      406, 407, 408, -1,
      408, 407, 409, -1,
      408, 409, 410, -1,
      410, 409, 411, -1,
      410, 411, 412, -1,
      411, 413, 412, -1,
      412, 413, 414, -1,
      412, 414, 415, -1,
      415, 414, 416, -1,
      415, 416, 417, -1,
      417, 416, 418, -1,
      418, 416, 419, -1,
      418, 419, 420, -1,
      420, 419, 421, -1,
      420, 421, 422, -1,
      422, 421, 423, -1,
      422, 423, 424, -1,
      424, 423, 425, -1,
      424, 425, 426, -1,
      426, 425, 427, -1,
      426, 427, 428, -1,
      428, 427, 429, -1,
      428, 429, 430, -1,
      430, 429, 431, -1,
      430, 431, 432, -1,
      432, 431, 433, -1,
      432, 433, 434, -1,
      434, 433, 435, -1,
      434, 435, 436, -1,
      436, 435, 437, -1,
      436, 437, 438, -1,
      438, 437, 439, -1,
      438, 439, 440, -1,
      440, 439, 441, -1,
      440, 441, 442, -1,
      442, 441, 443, -1,
      442, 443, 444, -1,
      444, 443, 445, -1,
      444, 445, 446, -1,
      446, 445, 447, -1,
      446, 447, 448, -1,
      448, 447, 449, -1,
      448, 449, 450, -1,
      450, 449, 451, -1,
      450, 451, 452, -1,
      452, 451, 453, -1,
      452, 453, 454, -1,
      454, 453, 455, -1,
      454, 455, 456, -1,
      456, 455, 457, -1,
      456, 457, 458, -1,
      458, 457, 459, -1,
      458, 459, 460, -1,
      460, 459, 461, -1,
      460, 461, 462, -1,
      462, 461, 463, -1,
      462, 463, 464, -1,
      464, 463, 465, -1,
      464, 465, 466, -1,
      466, 465, 467, -1,
      466, 467, 468, -1,
      468, 467, 469, -1,
      468, 469, 470, -1,
      470, 469, 471, -1,
      470, 471, 472, -1,
      472, 471, 473, -1,
      472, 473, 474, -1,
      474, 473, 475, -1,
      474, 475, 476, -1,
      476, 475, 477, -1,
      476, 477, 478, -1,
      478, 477, 479, -1,
      478, 479, 480, -1,
      480, 479, 481, -1,
      480, 481, 482, -1,
      482, 481, 483, -1,
      482, 483, 484, -1,
      484, 483, 485, -1,
      484, 485, 486, -1,
      486, 485, 487, -1,
      486, 487, 488, -1,
      488, 487, 489, -1,
      488, 489, 490, -1,
      490, 489, 491, -1,
      490, 491, 492, -1,
      492, 491, 493, -1,
      492, 493, 494, -1,
      494, 493, 495, -1,
      494, 495, 496, -1,
      496, 495, 497, -1,
      496, 497, 498, -1,
      498, 497, 499, -1,
      498, 499, 500, -1,
      500, 499, 501, -1,
      500, 501, 502, -1,
      502, 501, 503, -1,
      502, 503, 504, -1,
      504, 503, 505, -1,
      504, 505, 506, -1,
      506, 505, 507, -1,
      506, 507, 508, -1,
      508, 507, 509, -1,
      508, 509, 510, -1,
      510, 509, 511, -1,
      510, 511, 512, -1,
      512, 511, 513, -1,
      512, 513, 514, -1,
      514, 513, 515, -1,
      514, 515, 516, -1,
      516, 515, 517, -1,
      516, 517, 518, -1,
      518, 517, 519, -1,
      518, 519, 520, -1,
      520, 519, 521, -1,
      520, 521, 522, -1,
      522, 521, 523, -1,
      522, 523, 524, -1,
      524, 523, 525, -1,
      524, 525, 526, -1,
      526, 525, 527, -1,
      526, 527, 528, -1,
      528, 527, 529, -1,
      528, 529, 530, -1,
      530, 529, 531, -1,
      530, 531, 532, -1,
      532, 531, 533, -1,
      532, 533, 534, -1,
      534, 533, 535, -1,
      534, 535, 536, -1,
      536, 535, 537, -1,
      536, 537, 538, -1,
      538, 537, 539, -1,
      538, 539, 540, -1,
      540, 539, 541, -1,
      540, 541, 542, -1,
      542, 541, 543, -1,
      542, 543, 544, -1,
      544, 543, 545, -1,
      544, 545, 546, -1,
      546, 545, 547, -1,
      546, 547, 548, -1,
      548, 547, 549, -1,
      548, 549, 550, -1,
      550, 549, 551, -1,
      550, 551, 552, -1,
      552, 551, 553, -1,
      552, 553, 554, -1,
      554, 553, 555, -1,
      554, 555, 556, -1,
      556, 555, 557, -1,
      556, 557, 558, -1,
      558, 557, 559, -1,
      558, 559, 560, -1,
      560, 559, 561, -1,
      560, 561, 562, -1,
      562, 561, 563, -1,
      562, 563, 564, -1,
      564, 563, 565, -1,
      564, 565, 566, -1,
      566, 565, 567, -1,
      566, 567, 568, -1,
      568, 567, 569, -1,
      568, 569, 570, -1,
      570, 569, 571, -1,
      570, 571, 572, -1,
      572, 571, 573, -1,
      572, 573, 574, -1,
      574, 573, 575, -1,
      574, 575, 576, -1,
      576, 575, 577, -1,
      576, 577, 578, -1,
      578, 577, 579, -1,
      578, 579, 580, -1,
      580, 579, 581, -1,
      580, 581, 582, -1,
      582, 581, 583, -1,
      582, 583, 584, -1,
      585, 586, 587, -1,
      584, 583, 588, -1,
      588, 583, 589, -1,
      588, 589, 587, -1,
      587, 589, 590, -1,
      587, 590, 585, -1,
      586, 585, 591, -1,
      591, 585, 592, -1,
      591, 592, 17, -1,
      17, 592, 593, -1,
      17, 593, 18, -1,
      16, 18, 594, -1,
      594, 18, 595, -1,
      594, 595, 596, -1,
      15, 13, 596, -1,
      596, 13, 597, -1,
      596, 597, 594, -1,
      598, 599, 600, -1,
      12, 14, 600, -1,
      600, 14, 601, -1,
      600, 601, 598, -1,
      602, 603, 604, -1,
      599, 598, 604, -1,
      604, 598, 605, -1,
      604, 605, 602, -1,
      603, 602, 606, -1,
      606, 602, 607, -1,
      606, 607, 608, -1,
      608, 607, 609, -1,
      608, 609, 610, -1,
      610, 609, 611, -1,
      610, 611, 10, -1,
      10, 611, 612, -1,
      10, 612, 11, -1,
      9, 11, 7, -1,
      7, 11, 613, -1,
      7, 613, 8, -1,
      614, 615, 616, -1,
      6, 8, 616, -1,
      616, 8, 617, -1,
      616, 617, 614, -1,
      615, 614, 618, -1,
      618, 614, 619, -1,
      618, 619, 620, -1,
      620, 619, 621, -1,
      620, 621, 622, -1,
      622, 621, 623, -1,
      622, 623, 624, -1,
      624, 623, 625, -1,
      624, 625, 626, -1,
      626, 625, 627, -1,
      626, 627, 628, -1,
      628, 627, 629, -1,
      628, 629, 630, -1,
      630, 629, 631, -1,
      630, 631, 4, -1,
      4, 631, 632, -1,
      4, 632, 5, -1,
      633, 634, 635, -1,
      3, 5, 635, -1,
      635, 5, 636, -1,
      635, 636, 633, -1,
      634, 633, 637, -1,
      637, 633, 638, -1,
      637, 638, 639, -1,
      639, 638, 640, -1,
      639, 640, 641, -1,
      641, 640, 642, -1,
      641, 642, 643, -1,
      643, 642, 644, -1,
      643, 644, 645, -1,
      645, 644, 646, -1,
      645, 646, 647, -1,
      647, 646, 648, -1,
      647, 648, 649, -1,
      649, 648, 650, -1,
      649, 650, 651, -1,
      651, 650, 652, -1,
      651, 652, 653, -1,
      653, 652, 654, -1,
      653, 654, 655, -1,
      655, 654, 656, -1,
      655, 656, 657, -1,
      657, 656, 658, -1,
      657, 658, 659, -1,
      659, 658, 660, -1,
      659, 660, 661, -1,
      661, 660, 662, -1,
      661, 662, 663, -1,
      663, 662, 664, -1,
      663, 664, 665, -1,
      665, 664, 666, -1,
      665, 666, 667, -1,
      667, 666, 668, -1,
      667, 668, 669, -1,
      669, 668, 670, -1,
      669, 670, 671, -1,
      671, 670, 672, -1,
      671, 672, 673, -1,
      673, 672, 674, -1,
      673, 674, 675, -1,
      675, 674, 676, -1,
      675, 676, 677, -1,
      677, 676, 678, -1,
      677, 678, 679, -1,
      679, 678, 680, -1,
      679, 680, 681, -1,
      681, 680, 682, -1,
      681, 682, 683, -1,
      683, 682, 684, -1,
      683, 684, 685, -1,
      685, 684, 686, -1,
      685, 686, 687, -1,
      687, 686, 688, -1,
      687, 688, 689, -1,
      689, 688, 690, -1,
      689, 690, 691, -1,
      691, 690, 692, -1,
      691, 692, 693, -1,
      693, 692, 694, -1,
      693, 694, 695, -1,
      695, 694, 696, -1,
      695, 696, 697, -1,
      697, 696, 698, -1,
      697, 698, 699, -1,
      699, 698, 700, -1,
      699, 700, 701, -1,
      701, 700, 702, -1,
      701, 702, 703, -1,
      703, 702, 704, -1,
      703, 704, 705, -1,
      705, 704, 706, -1,
      705, 706, 707, -1,
      707, 706, 708, -1,
      707, 708, 709, -1,
      709, 708, 710, -1,
      709, 710, 711, -1,
      711, 710, 712, -1,
      711, 712, 713, -1,
      713, 712, 714, -1,
      713, 714, 715, -1,
      715, 714, 716, -1,
      715, 716, 717, -1,
      717, 716, 718, -1,
      717, 718, 719, -1,
      719, 718, 720, -1,
      719, 720, 721, -1,
      721, 720, 722, -1,
      721, 722, 723, -1,
      723, 722, 724, -1,
      723, 724, 725, -1,
      725, 724, 726, -1,
      725, 726, 727, -1,
      727, 726, 728, -1,
      727, 728, 729, -1,
      729, 728, 730, -1,
      729, 730, 731, -1,
      731, 730, 732, -1,
      731, 732, 733, -1,
      733, 732, 734, -1,
      733, 734, 735, -1,
      735, 734, 736, -1,
      735, 736, 737, -1,
      737, 736, 738, -1,
      737, 738, 739, -1,
      739, 738, 740, -1,
      739, 740, 741, -1,
      741, 740, 742, -1,
      741, 742, 743, -1,
      743, 742, 744, -1,
      743, 744, 745, -1,
      745, 744, 746, -1,
      745, 746, 747, -1,
      747, 746, 748, -1,
      747, 748, 749, -1,
      749, 748, 750, -1,
      749, 750, 751, -1,
      751, 750, 752, -1,
      751, 752, 753, -1,
      753, 752, 754, -1,
      753, 754, 755, -1,
      755, 754, 756, -1,
      755, 756, 757, -1,
      757, 756, 758, -1,
      757, 758, 759, -1,
      759, 758, 760, -1,
      759, 760, 761, -1,
      761, 760, 762, -1,
      761, 762, 763, -1,
      763, 762, 764, -1,
      763, 764, 765, -1,
      765, 764, 766, -1,
      765, 766, 767, -1,
      767, 766, 768, -1,
      767, 768, 769, -1,
      769, 768, 770, -1,
      769, 770, 771, -1,
      771, 770, 772, -1,
      771, 772, 773, -1,
      773, 772, 774, -1,
      773, 774, 775, -1,
      775, 774, 776, -1,
      775, 776, 777, -1,
      777, 776, 778, -1,
      777, 778, 779, -1,
      779, 778, 780, -1,
      779, 780, 781, -1,
      781, 780, 782, -1,
      781, 782, 783, -1,
      783, 782, 784, -1,
      783, 784, 785, -1,
      785, 784, 786, -1,
      785, 786, 787, -1,
      787, 786, 788, -1,
      787, 788, 789, -1,
      789, 788, 790, -1,
      789, 790, 791, -1,
      791, 790, 792, -1,
      791, 792, 793, -1,
      793, 792, 794, -1,
      793, 794, 795, -1,
      795, 794, 796, -1,
      795, 796, 797, -1,
      797, 796, 798, -1,
      797, 798, 799, -1,
      799, 798, 800, -1,
      799, 800, 801, -1,
      801, 800, 802, -1,
      801, 802, 803, -1,
      803, 802, 804, -1,
      803, 804, 805, -1,
      805, 804, 806, -1,
      805, 806, 807, -1,
      807, 806, 808, -1,
      807, 808, 809, -1,
      809, 808, 810, -1,
      809, 810, 811, -1,
      811, 810, 812, -1,
      811, 812, 813, -1,
      813, 812, 814, -1,
      813, 814, 815, -1,
      815, 814, 816, -1,
      815, 816, 817, -1,
      817, 816, 818, -1,
      817, 818, 819, -1,
      819, 818, 820, -1,
      819, 820, 821, -1,
      821, 820, 822, -1,
      821, 822, 823, -1,
      823, 822, 824, -1,
      823, 824, 825, -1,
      825, 824, 826, -1,
      826, 824, 827, -1,
      826, 827, 828, -1,
      828, 827, 829, -1,
      828, 829, 830, -1,
      830, 829, 831, -1,
      830, 831, 832, -1,
      832, 831, 833, -1,
      832, 833, 834, -1,
      834, 833, 835, -1,
      834, 835, 836, -1,
      836, 835, 837, -1,
      836, 837, 838, -1,
      838, 837, 839, -1,
      838, 839, 840, -1,
      840, 839, 841, -1,
      840, 841, 842, -1,
      0, 2, 842, -1,
      842, 2, 843, -1,
      842, 843, 840, -1,
      844, 845, 846, -1,
      846, 845, 847, -1,
      844, 846, 1, -1,
      1, 846, 848, -1,
      1, 848, 2, -1,
      847, 845, 849, -1,
      849, 845, 850, -1,
      849, 850, 851, -1,
      852, 853, 854, -1,
      854, 853, 855, -1,
      856, 857, 853, -1,
      853, 857, 858, -1,
      853, 858, 855, -1,
      850, 859, 851, -1,
      851, 859, 860, -1,
      851, 860, 856, -1,
      856, 860, 861, -1,
      856, 861, 857, -1,
      862, 863, 864, -1,
      864, 863, 865, -1,
      864, 865, 866, -1,
      866, 865, 867, -1,
      866, 867, 868, -1,
      868, 867, 869, -1,
      868, 869, 870, -1,
      870, 869, 871, -1,
      870, 871, 872, -1,
      872, 871, 873, -1,
      872, 873, 874, -1,
      874, 873, 875, -1,
      874, 875, 876, -1,
      876, 875, 877, -1,
      876, 877, 878, -1,
      878, 877, 879, -1,
      878, 879, 880, -1,
      880, 879, 881, -1,
      880, 881, 882, -1,
      882, 881, 883, -1,
      882, 883, 884, -1,
      884, 883, 885, -1,
      884, 885, 886, -1,
      886, 885, 887, -1,
      886, 887, 888, -1,
      888, 887, 889, -1,
      888, 889, 890, -1,
      889, 891, 890, -1,
      890, 891, 892, -1,
      890, 892, 893, -1,
      893, 892, 894, -1,
      893, 894, 895, -1,
      895, 894, 896, -1,
      895, 896, 897, -1,
      897, 896, 898, -1,
      897, 898, 899, -1,
      899, 898, 900, -1,
      899, 900, 901, -1,
      901, 900, 902, -1,
      901, 902, 903, -1,
      903, 902, 904, -1,
      903, 904, 905, -1,
      905, 904, 906, -1,
      905, 906, 907, -1,
      907, 906, 908, -1,
      907, 908, 909, -1,
      909, 908, 910, -1,
      909, 910, 911, -1,
      911, 910, 912, -1,
      911, 912, 913, -1,
      913, 912, 914, -1,
      913, 914, 915, -1,
      915, 914, 916, -1,
      915, 916, 917, -1,
      917, 916, 918, -1,
      917, 918, 919, -1,
      919, 918, 920, -1,
      919, 920, 862, -1,
      862, 920, 921, -1,
      862, 921, 863, -1,
    ]
  }
}

Shape {
  appearance Appearance {
    material Material {
      diffuseColor 0.0824 0.0824 0.0824
      specularColor 0.0706 0.0706 0.0706
      ambientIntensity 0.2
      transparency 0.0000
      shininess 0.5
    }
  }
  geometry IndexedFaceSet {
    ccw TRUE
    solid FALSE
    coord DEF co Coordinate {
      point [
        11.801429 -2.257769 8.470388,
        11.799269 -2.306092 8.411675,
        11.759865 -2.303352 8.409288,
        12.326788 -5.143546 11.571158,
        12.327700 -5.169237 11.552955,
        12.367084 -5.170344 11.554435,
        12.384434 -6.182561 9.954085,
        12.385572 -6.184023 9.913415,
        12.424953 -6.185050 9.913245,
        12.393539 -6.194265 9.628481,
        12.396813 -6.181053 9.514580,
        12.434824 -6.190498 9.560242,
        12.441628 -5.529731 8.151241,
        12.443194 -5.487163 8.116193,
        12.482542 -5.487602 8.115231,
        12.483558 -5.462145 8.089092,
        12.460772 -4.989001 7.772015,
        12.466483 -4.810435 7.700503,
        12.503239 -4.894293 7.728075,
        13.114280 -5.146180 11.569577,
        13.115104 -5.169346 11.553114,
        13.154473 -5.168484 11.551101,
        13.123874 -5.416369 11.377561,
        13.126570 -5.485819 11.310259,
        13.165971 -5.489361 11.313910,
        13.132947 -5.650086 11.151073,
        13.137861 -5.753566 11.014828,
        13.175207 -5.716116 11.073041,
        13.171923 -6.182895 9.951077,
        13.172976 -6.184196 9.913424,
        13.212329 -6.181901 9.912878,
        13.711298 -3.986274 7.548817,
        13.710058 -4.030425 7.551295,
        13.670953 -4.021673 7.548381,
        13.728235 -2.305329 8.405193,
        13.728367 -2.302888 8.408986,
        13.767768 -2.305520 8.411239,
        13.769480 -2.266823 8.457578,
        13.985670 -6.088670 9.040616,
        13.983193 -6.109912 9.122020,
        13.977925 -6.155147 9.295370,
        13.971614 -6.181197 9.514578,
        13.968508 -6.194021 9.622497,
        13.960379 -6.184373 9.913434,
        13.948785 -6.111109 10.305527,
        13.949761 -6.122069 10.274494,
        13.959410 -6.183225 9.948068,
        13.985670 -6.088670 10.386819,
        13.984324 -6.074112 10.429801,
        13.939814 -6.010354 10.590809,
        13.976300 -5.964920 10.677127,
        13.936943 -5.964232 10.676364,
        13.974217 -5.936587 10.741304,
        13.929923 -5.851465 10.885543,
        13.964589 -5.758049 11.018293,
        13.925263 -5.753554 11.014829,
        13.964346 -5.753570 11.025243,
        13.920433 -5.652078 11.148824,
        13.955046 -5.533343 11.272720,
        13.913973 -5.485880 11.310332,
        13.953338 -5.486961 11.311005,
        13.911361 -5.418687 11.375628,
        13.945589 -5.276455 11.484757,
        13.902505 -5.169459 11.553276,
        13.941861 -5.167332 11.549388,
        13.901772 -5.148811 11.567994,
        13.935628 -4.984911 11.657433,
        13.891842 -4.849173 11.718382,
        13.930054 -4.810359 11.726683,
        13.890687 -4.811989 11.730302,
        13.925518 -4.668378 11.783013,
        13.881925 -4.530039 11.820684,
        13.918291 -4.427333 11.837127,
        13.878932 -4.427624 11.836817,
        13.915627 -4.338538 11.857062,
        13.872367 -4.203035 11.872195,
        13.906943 -4.030481 11.877440,
        13.867561 -4.030562 11.872974,
        13.906299 -4.007648 11.878951,
        13.863302 -3.877661 11.873665,
        13.896876 -3.676224 11.849879,
        13.856189 -3.633408 11.837470,
        13.895580 -3.633429 11.839285,
        13.853778 -3.550562 11.825194,
        13.886934 -3.347502 11.768505,
        13.844435 -3.248786 11.731522,
        13.883810 -3.250602 11.727575,
        13.843873 -3.230625 11.725885,
        13.833933 -2.929515 11.578226,
        13.876820 -3.033789 11.635995,
        13.832621 -2.892398 11.552278,
        13.872002 -2.894170 11.549126,
        13.824313 -2.657616 11.388143,
        13.866911 -2.746568 11.457291,
        13.821153 -2.575640 11.309910,
        13.860537 -2.575418 11.309737,
        13.815231 -2.422098 11.163378,
        13.857547 -2.495123 11.240512,
        13.809854 -2.307485 11.014864,
        13.849250 -2.304594 11.016935,
        13.805778 -2.220564 10.902231,
        13.848161 -2.279594 10.987600,
        13.798178 -2.096269 10.676681,
        13.838236 -2.102488 10.699204,
        13.837563 -2.093785 10.678258,
        13.795901 -2.059039 10.609121,
        13.786331 -1.948806 10.305964,
        13.828123 -1.971822 10.384714,
        13.825723 -1.952620 10.305155,
        13.785946 -1.944377 10.293783,
        13.776269 -1.880173 9.967628,
        13.818194 -1.892406 10.055670,
        13.774750 -1.877883 9.913367,
        13.814147 -1.880716 9.913000,
        13.767151 -1.866425 9.641933,
        13.808796 -1.865261 9.724379,
        13.763498 -1.880389 9.514573,
        13.802862 -1.880365 9.514348,
        13.757772 -1.902283 9.314882,
        13.799445 -1.889066 9.393349,
        13.751913 -1.953910 9.122756,
        13.791289 -1.951648 9.122005,
        13.747929 -1.989031 8.992053,
        13.789539 -1.965076 9.063785,
        13.740077 -2.096226 8.750302,
        13.779445 -2.092289 8.748554,
        13.779427 -2.092519 8.747982,
        13.737964 -2.125086 8.685215,
        13.719057 -2.521796 8.160559,
        13.760047 -2.480147 8.202133,
        13.717114 -2.574435 8.116663,
        13.756467 -2.575771 8.118016,
        13.709757 -2.773776 7.950431,
        13.750725 -2.729064 7.983171,
        13.705640 -2.893917 7.878074,
        13.745005 -2.894135 7.878129,
        13.699955 -3.059750 7.778199,
        13.740841 -3.014213 7.801718,
        13.693831 -3.250706 7.700302,
        13.733197 -3.250345 7.699122,
        13.689986 -3.370580 7.651402,
        13.730731 -3.326537 7.666019,
        13.682062 -3.633619 7.589081,
        13.721421 -3.633115 7.586812,
        13.720766 -3.654656 7.581246,
        13.680207 -3.695152 7.574502,
        13.214720 -6.192805 9.830255,
        13.181022 -6.194146 9.625490,
        13.223548 -6.185689 9.513947,
        13.184214 -6.181122 9.514579,
        13.223935 -6.185376 9.500054,
        13.190435 -6.155736 9.298371,
        13.233698 -6.126228 9.168689,
        13.195802 -6.107100 9.122853,
        13.235154 -6.110152 9.122223,
        13.200291 -6.066427 8.976069,
        13.243782 -6.014978 8.847138,
        13.207637 -5.964339 8.750617,
        13.246994 -5.963811 8.751271,
        13.210252 -5.927989 8.670341,
        13.253823 -5.855005 8.547413,
        13.219344 -5.757302 8.409637,
        13.258673 -5.753396 8.412709,
        13.219961 -5.745706 8.391926,
        13.263456 -5.653196 8.279873,
        13.229112 -5.527578 8.149177,
        13.269965 -5.485740 8.117249,
        13.230594 -5.487263 8.116079,
        13.272663 -5.416328 8.049839,
        13.238446 -5.273704 7.940747,
        13.281436 -5.169150 7.874602,
        13.242076 -5.167440 7.877871,
        13.282399 -5.141974 7.855336,
        13.248265 -4.986233 7.770652,
        13.292478 -4.837221 7.704214,
        13.253885 -4.810431 7.700537,
        13.293251 -4.812238 7.696399,
        13.258233 -4.674431 7.646297,
        13.302530 -4.512846 7.602750,
        13.265650 -4.427428 7.589801,
        13.305008 -4.427744 7.590143,
        13.267992 -4.349477 7.571973,
        13.312191 -4.181016 7.553595,
        13.277004 -4.030550 7.548910,
        13.316383 -4.030631 7.554614,
        13.277211 -4.023159 7.548376,
        13.321393 -3.850898 7.555832,
        13.286463 -3.696656 7.574267,
        13.327753 -3.633651 7.591057,
        13.288361 -3.633632 7.589152,
        13.331102 -3.519228 7.609610,
        13.296240 -3.372048 7.650933,
        13.339508 -3.249525 7.698094,
        13.300130 -3.250711 7.700329,
        13.341172 -3.196106 7.715619,
        13.306208 -3.061129 7.777508,
        13.351233 -2.893632 7.870869,
        13.311939 -2.893903 7.878060,
        13.351335 -2.890835 7.872911,
        13.316012 -2.775017 7.949547,
        13.360925 -2.622398 8.068799,
        13.323415 -2.574391 8.116613,
        13.362802 -2.574693 8.116401,
        13.325316 -2.522865 8.159521,
        13.370124 -2.388722 8.301970,
        13.334491 -2.306248 8.403983,
        13.374078 -2.307677 8.412522,
        13.334666 -2.302983 8.409047,
        13.379807 -2.190253 8.572700,
        13.344218 -2.125819 8.683860,
        13.385761 -2.097981 8.751497,
        13.346378 -2.096287 8.750332,
        13.389867 -2.034348 8.874802,
        13.354181 -1.989546 8.990598,
        13.397595 -1.952430 9.122639,
        13.358214 -1.953930 9.122766,
        13.399938 -1.927615 9.197716,
        13.364026 -1.902565 9.313381,
        13.409209 -1.875604 9.514109,
        13.369799 -1.880364 9.514574,
        13.409657 -1.873098 9.529350,
        13.373408 -1.866475 9.640439,
        13.418858 -1.870146 9.859476,
        13.381049 -1.877806 9.913373,
        13.420416 -1.877956 9.913003,
        13.382524 -1.879996 9.966122,
        13.428511 -1.918564 10.191323,
        13.392201 -1.943965 10.292300,
        13.432015 -1.953690 10.304496,
        13.392631 -1.948909 10.305927,
        13.438561 -2.019301 10.515888,
        13.402155 -2.058401 10.607716,
        13.443848 -2.098230 10.675946,
        13.404475 -2.096327 10.676653,
        13.448642 -2.169759 10.820997,
        13.412033 -2.219724 10.900952,
        13.455537 -2.307023 11.015513,
        13.416155 -2.307501 11.014858,
        13.458385 -2.363710 11.095843,
        13.421490 -2.421094 11.162263,
        13.466791 -2.573243 11.312538,
        13.427450 -2.575618 11.309938,
        13.467593 -2.593246 11.333225,
        13.430570 -2.656447 11.387185,
        13.477217 -2.860271 11.535561,
        13.438919 -2.892350 11.552350,
        13.478278 -2.891870 11.552516,
        13.440188 -2.928193 11.577445,
        13.487256 -3.159610 11.696179,
        13.450126 -3.229190 11.725314,
        13.490097 -3.250157 11.727731,
        13.450732 -3.248818 11.731421,
        13.497342 -3.480935 11.808148,
        13.460033 -3.549067 11.824854,
        13.501852 -3.633866 11.835791,
        13.462489 -3.633420 11.837413,
        13.507112 -3.812246 11.868035,
        13.469558 -3.876161 11.873557,
        13.513212 -4.030728 11.873424,
        13.473862 -4.030566 11.872967,
        13.516330 -4.142466 11.876180,
        13.478626 -4.201533 11.872314,
        13.524587 -4.428072 11.839117,
        13.485231 -4.427635 11.836861,
        13.525925 -4.474362 11.833111,
        13.488179 -4.528546 11.821038,
        13.535949 -4.800242 11.737672,
        13.496986 -4.812019 11.730389,
        13.536348 -4.812371 11.731932,
        13.498094 -4.847744 11.718965,
        13.546044 -5.107873 11.592073,
        13.508026 -5.147496 11.568786,
        13.548159 -5.167995 11.551064,
        13.508803 -5.169402 11.553194,
        13.555839 -5.386244 11.402196,
        13.517617 -5.417528 11.376594,
        13.559627 -5.485200 11.309474,
        13.520272 -5.485848 11.310295,
        13.565069 -5.627399 11.176235,
        13.526690 -5.651083 11.149948,
        13.570933 -5.753751 11.014855,
        13.531562 -5.753560 11.014829,
        13.574633 -5.833501 10.912996,
        13.536177 -5.850635 10.886830,
        13.582609 -5.965164 10.676797,
        13.543242 -5.964279 10.676384,
        13.584644 -5.998758 10.616530,
        13.546067 -6.009728 10.592220,
        13.594457 -6.112584 10.306039,
        13.555084 -6.111200 10.305558,
        13.594744 -6.115927 10.296921,
        13.556015 -6.121671 10.275980,
        13.604564 -6.181189 9.966063,
        13.565667 -6.183061 9.949573,
        13.606037 -6.183318 9.913375,
        13.566676 -6.184284 9.913430,
        13.613811 -6.194537 9.635659,
        13.574765 -6.194084 9.623993,
        13.617289 -6.180768 9.514599,
        13.577915 -6.181159 9.514579,
        13.623343 -6.156798 9.303840,
        13.584181 -6.155442 9.296870,
        13.628874 -6.106940 9.122887,
        13.589503 -6.107091 9.122861,
        13.633339 -6.066682 8.976775,
        13.594037 -6.065900 8.974618,
        13.640706 -5.964112 8.750725,
        13.601338 -5.964290 8.750644,
        13.643445 -5.926004 8.666739,
        13.603997 -5.927246 8.668992,
        13.652411 -5.756797 8.409975,
        13.613044 -5.757218 8.409693,
        13.653285 -5.740294 8.384932,
        13.613706 -5.744780 8.390723,
        13.662554 -5.517856 8.139934,
        13.622855 -5.526499 8.148146,
        13.663658 -5.487716 8.115558,
        13.624295 -5.487314 8.116021,
        13.672054 -5.258479 7.930169,
        13.632190 -5.272454 7.939871,
        13.675143 -5.167655 7.877616,
        13.635775 -5.167459 7.877846,
        13.682035 -4.964991 7.760348,
        13.642012 -4.984849 7.769971,
        13.686952 -4.810399 7.700836,
        13.647585 -4.810430 7.700553,
        13.692143 -4.647224 7.638020,
        13.651977 -4.672959 7.645839,
        13.698711 -4.427245 7.590971,
        13.659351 -4.427417 7.589861,
        13.702007 -4.316947 7.567381,
        13.661735 -4.347973 7.571749,
        13.670702 -4.030543 7.549017,
        13.200736 -6.106989 10.304437,
        13.161383 -6.111293 10.305589,
        13.162267 -6.121271 10.277463,
        13.205117 -6.149001 10.162152,
        13.188903 -5.963196 10.676167,
        13.149539 -5.964326 10.676407,
        13.152319 -6.009102 10.593631,
        13.195089 -6.052832 10.487858,
        13.142431 -5.849805 10.888117,
        13.184996 -5.906560 10.795150,
        13.177209 -5.755056 11.016220,
        13.165981 -5.489667 11.313671,
        13.156409 -5.225902 11.519261,
        13.142656 -4.810668 11.726980,
        13.103285 -4.812049 11.730478,
        13.104350 -4.846313 11.719548,
        13.146394 -4.929034 11.683884,
        13.094433 -4.527053 11.821389,
        13.136296 -4.609181 11.800339,
        13.091529 -4.427646 11.836905,
        13.130900 -4.427227 11.835815,
        13.084882 -4.200031 11.872432,
        13.126483 -4.278252 11.864862,
        13.080160 -4.030570 11.872962,
        13.119550 -4.030408 11.874336,
        13.075817 -3.874660 11.873450,
        13.117241 -3.947880 11.877492,
        13.068788 -3.633431 11.837358,
        13.108183 -3.632850 11.840969,
        13.066286 -3.547572 11.824513,
        13.107699 -3.616043 11.839020,
        13.057033 -3.248850 11.731322,
        13.097698 -3.289133 11.748170,
        13.096408 -3.249613 11.730133,
        13.056378 -3.227756 11.724742,
        13.046442 -2.926870 11.576662,
        13.087596 -2.979421 11.606811,
        13.045218 -2.892301 11.552423,
        13.084601 -2.893756 11.550089,
        13.036827 -2.655280 11.386226,
        13.077760 -2.698081 11.420522,
        13.033750 -2.575596 11.309967,
        13.073137 -2.576063 11.309257,
        13.027747 -2.420091 11.161148,
        13.068498 -2.453617 11.197603,
        13.022453 -2.307516 11.014852,
        13.061827 -2.306800 11.015253,
        13.018287 -2.218885 10.899671,
        13.058988 -2.244350 10.937689,
        13.010776 -2.096383 10.676626,
        13.050152 -2.094590 10.677549,
        13.008407 -2.057764 10.606309,
        13.049004 -2.075153 10.643785,
        12.998930 -1.949011 10.305891,
        13.038896 -1.953532 10.325757,
        13.038306 -1.949349 10.305987,
        12.998455 -1.943554 10.290818,
        12.988781 -1.879820 9.964618,
        13.029039 -1.883634 9.995392,
        12.987347 -1.877729 9.913378,
        13.026731 -1.879201 9.913255,
        12.979667 -1.866526 9.638945,
        13.019752 -1.865789 9.664761,
        12.976097 -1.880338 9.514575,
        13.015462 -1.880806 9.514557,
        12.970280 -1.902847 9.311880,
        13.010277 -1.898948 9.333109,
        12.964511 -1.953950 9.122776,
        13.003881 -1.953809 9.122682,
        12.960435 -1.990062 8.989144,
        13.000308 -1.984457 9.005127,
        12.952677 -2.096347 8.750362,
        12.992045 -2.095916 8.750141,
        12.950472 -2.126552 8.682506,
        12.990199 -2.120845 8.693111,
        12.940967 -2.303077 8.409108,
        12.980332 -2.302631 8.408820,
        12.980320 -2.302889 8.408417,
        12.940746 -2.307167 8.402773,
        12.971006 -2.522327 8.160043,
        12.931574 -2.523935 8.158484,
        12.929714 -2.574346 8.116565,
        12.969083 -2.574458 8.116699,
        12.922267 -2.776260 7.948663,
        12.961563 -2.778317 7.947203,
        12.918238 -2.893889 7.878046,
        12.957609 -2.893936 7.878153,
        12.912462 -3.062508 7.776819,
        12.951612 -3.069153 7.773512,
        12.906429 -3.250717 7.700354,
        12.945800 -3.250813 7.700669,
        12.902493 -3.373517 7.650464,
        12.941500 -3.385232 7.646770,
        12.894661 -3.633646 7.589222,
        12.934036 -3.633799 7.590017,
        12.892719 -3.698161 7.574033,
        12.931600 -3.714902 7.571498,
        12.883470 -4.024646 7.548371,
        12.922687 -4.030667 7.549478,
        12.883304 -4.030557 7.548803,
        12.922257 -4.045878 7.548417,
        12.874247 -4.350982 7.572197,
        12.912851 -4.377221 7.576288,
        12.871950 -4.427437 7.589741,
        12.911326 -4.427657 7.588579,
        12.864485 -4.675902 7.646756,
        12.902916 -4.706146 7.656443,
        12.860183 -4.810433 7.700521,
        12.899557 -4.810510 7.700075,
        12.854518 -4.987618 7.771333,
        12.892803 -5.020345 7.787804,
        12.848374 -5.167421 7.877894,
        12.887750 -5.167026 7.878328,
        12.844700 -5.274953 7.941623,
        12.882885 -5.308300 7.965514,
        12.836895 -5.487213 8.116136,
        12.876282 -5.485920 8.117543,
        12.835369 -5.528655 8.150208,
        12.873507 -5.560659 8.181514,
        12.826217 -5.746632 8.393128,
        12.865000 -5.756953 8.410196,
        12.825643 -5.757387 8.409580,
        12.864134 -5.776967 8.433513,
        12.816506 -5.928730 8.671690,
        12.854219 -5.955070 8.721178,
        12.813935 -5.964389 8.750591,
        12.853310 -5.966911 8.749385,
        12.806545 -6.066952 8.977520,
        12.844105 -6.086885 9.035185,
        12.802102 -6.107110 9.122846,
        12.841471 -6.108264 9.122371,
        12.796689 -6.156028 9.299872,
        12.834167 -6.167522 9.364031,
        12.790515 -6.181088 9.514580,
        12.829895 -6.180389 9.514464,
        12.787280 -6.194206 9.626985,
        12.824756 -6.195866 9.695407,
        12.779273 -6.184109 9.913420,
        12.818613 -6.180992 9.913121,
        12.778178 -6.182729 9.952582,
        12.815417 -6.173256 10.026348,
        12.768522 -6.120870 10.278949,
        12.807040 -6.109934 10.305535,
        12.767683 -6.111386 10.305620,
        12.805521 -6.098468 10.356086,
        12.758573 -6.008474 10.595042,
        12.795411 -5.972185 10.672346,
        12.755840 -5.964374 10.676428,
        12.795196 -5.968454 10.678613,
        12.748685 -5.848974 10.889403,
        12.785455 -5.798894 10.963461,
        12.744160 -5.753574 11.014828,
        12.783519 -5.755363 11.015968,
        12.739204 -5.649089 11.152195,
        12.776007 -5.586370 11.219807,
        12.732869 -5.485789 11.310224,
        12.772213 -5.485313 11.309345,
        12.730131 -5.415208 11.378527,
        12.766698 -5.338351 11.439556,
        12.721401 -5.169292 11.553034,
        12.760751 -5.167087 11.549415,
        12.720535 -5.144863 11.570368,
        12.756824 -5.053954 11.621984,
        12.710603 -4.844883 11.720129,
        12.748945 -4.810951 11.728625,
        12.709583 -4.812079 11.730567,
        12.746715 -4.742141 11.758822,
        12.700688 -4.525560 11.821741,
        12.737165 -4.428197 11.841154,
        12.697828 -4.427656 11.836952,
        12.736741 -4.414249 11.844812,
        12.691139 -4.198530 11.872549,
        12.727261 -4.082575 11.878448,
        12.686459 -4.030574 11.872958,
        12.725806 -4.030765 11.875725,
        12.682074 -3.873159 11.873341,
        12.717978 -3.751972 11.861072,
        12.675085 -3.633443 11.837304,
        12.714458 -3.633951 11.836278,
        12.672540 -3.546078 11.824169,
        12.708125 -3.421551 11.791657,
        12.663331 -3.248882 11.731224,
        12.702700 -3.250745 11.726620,
        12.662631 -3.226322 11.724169,
        12.698019 -3.103353 11.670498,
        12.652694 -2.925548 11.575878,
        12.690889 -2.893383 11.550023,
        12.651516 -2.892252 11.552496,
        12.688030 -2.809178 11.501709,
        12.643083 -2.654114 11.385266,
        12.679402 -2.573163 11.312235,
        12.640049 -2.575573 11.309997,
        12.678516 -2.548916 11.292769,
        12.634004 -2.419089 11.160032,
        12.669257 -2.325681 11.048652,
        12.628754 -2.307530 11.014846,
        12.668156 -2.304781 11.017185,
        12.624541 -2.218047 10.898390,
        12.659426 -2.139015 10.767619,
        12.617074 -2.096439 10.676599,
        12.656454 -2.097304 10.676580,
        12.614662 -2.057128 10.604903,
        12.649323 -1.997211 10.458119,
        12.605230 -1.949112 10.305856,
        12.644620 -1.954285 10.304509,
        12.604709 -1.943145 10.289335,
        12.639320 -1.905884 10.131312,
        12.595038 -1.879645 9.963114,
        12.633034 -1.880240 9.912834,
        12.593646 -1.877650 9.913384,
        12.629773 -1.866933 9.799464,
        12.585924 -1.866579 9.637450,
        12.621789 -1.877441 9.514033,
        12.582397 -1.880311 9.514576,
        12.620534 -1.879095 9.469111,
        12.576536 -1.903131 9.310378,
        12.610725 -1.943135 9.138137,
        12.570811 -1.953969 9.122785,
        12.610203 -1.949133 9.121589,
        12.566689 -1.990579 8.987690,
        12.600628 -2.059124 8.818126,
        12.558976 -2.096406 8.750392,
        12.598358 -2.096334 8.750796,
        12.556726 -2.127285 8.681151,
        12.590612 -2.223332 8.520997,
        12.547266 -2.303169 8.409169,
        12.586681 -2.307542 8.412641,
        12.547000 -2.308086 8.401566,
        12.581033 -2.428586 8.256891,
        12.537832 -2.525006 8.157447,
        12.575377 -2.575910 8.117856,
        12.536014 -2.574301 8.116513,
        12.571809 -2.668876 8.030122,
        12.528522 -2.777503 7.947780,
        12.563910 -2.892990 7.876061,
        12.524537 -2.893874 7.878030,
        12.562025 -2.946453 7.839309,
        12.518715 -3.063888 7.776129,
        12.552097 -3.248557 7.694970,
        12.512730 -3.250722 7.700379,
        12.551933 -3.253521 7.692598,
        12.508748 -3.374986 7.649997,
        12.541902 -3.579113 7.595953,
        12.500961 -3.633659 7.589291,
        12.540337 -3.633174 7.588739,
        12.498974 -3.699665 7.573800,
        12.532294 -3.911009 7.551667,
        12.489728 -4.026132 7.548368,
        12.517600 -4.427348 7.591582,
        12.478249 -4.427448 7.589680,
        12.480502 -4.352487 7.572423,
        12.489604 -4.030565 7.548694,
        12.528961 -4.030467 7.554187,
        12.523081 -4.241199 7.558630,
        12.470739 -4.677373 7.647215,
        12.513324 -4.572596 7.617295,
        12.505847 -4.811134 7.699438,
        12.454674 -5.167402 7.877916,
        12.494024 -5.169553 7.874481,
        12.493196 -5.194270 7.887628,
        12.450956 -5.276201 7.942500,
        12.471283 -5.753977 8.412073,
        12.431944 -5.757473 8.409523,
        12.432473 -5.747557 8.394331,
        12.474353 -5.692504 8.325625,
        12.459596 -5.962946 8.751516,
        12.420235 -5.964441 8.750563,
        12.422759 -5.929470 8.673039,
        12.464620 -5.887368 8.599657,
        12.412798 -6.067476 8.978972,
        12.454544 -6.038922 8.904176,
        12.408401 -6.107122 9.122838,
        12.447763 -6.107686 9.122900,
        12.402944 -6.156320 9.301372,
        12.444491 -6.140862 9.228425,
        12.436160 -6.183638 9.514383,
        12.425624 -6.188727 9.890358,
        12.413343 -6.108443 10.304715,
        12.373981 -6.111480 10.305652,
        12.374776 -6.120468 10.280433,
        12.415917 -6.135431 10.222048,
        12.364827 -6.007845 10.596452,
        12.405850 -6.029894 10.545306,
        12.362139 -5.964424 10.676450,
        12.401507 -5.963096 10.675912,
        12.354940 -5.848142 10.890690,
        12.395786 -5.875072 10.848021,
        12.350459 -5.753582 11.014829,
        12.389824 -5.753585 11.015002,
        12.345461 -5.648091 11.153317,
        12.386090 -5.677496 11.119583,
        12.339168 -5.485761 11.310190,
        12.378553 -5.486733 11.311300,
        12.336387 -5.414048 11.379492,
        12.376891 -5.444654 11.353590,
        12.367213 -5.174254 11.552410,
        12.355256 -4.811514 11.728962,
        12.315883 -4.812109 11.730657,
        12.316856 -4.843452 11.720708,
        12.357156 -4.872395 11.708743,
        12.306941 -4.524066 11.822091,
        12.347083 -4.549619 11.815947,
        12.304128 -4.427667 11.836998,
        12.343501 -4.427477 11.836204,
        12.297394 -4.197028 11.872666,
        12.337361 -4.218008 11.870946,
        12.292757 -4.030579 11.872955,
        12.332134 -4.030526 11.872886,
        12.288330 -3.871658 11.873231,
        12.328157 -3.887878 11.874363,
        12.281385 -3.633454 11.837250,
        12.320757 -3.633372 11.837600,
        12.278795 -3.544583 11.823825,
        12.318508 -3.556022 11.826427,
        12.269630 -3.248914 11.731127,
        12.309002 -3.248774 11.731552,
        12.268885 -3.224888 11.723594,
        12.308462 -3.231333 11.726166,
        12.258950 -2.924228 11.575094,
        12.298380 -2.925992 11.576142,
        12.257815 -2.892202 11.552570,
        12.297187 -2.892297 11.552436,
        12.249339 -2.652948 11.384306,
        12.288631 -2.650826 11.382553,
        12.246347 -2.575549 11.310027,
        12.285716 -2.575587 11.310005,
        12.240261 -2.418087 11.158915,
        12.279421 -2.413108 11.153340,
        12.235052 -2.307543 11.014841,
        12.274422 -2.307756 11.014716,
        12.230796 -2.217210 10.897109,
        12.269802 -2.210430 10.886653,
        12.223374 -2.096494 10.676572,
        12.262743 -2.097146 10.676259,
        12.220914 -2.056494 10.603495,
        12.259767 -2.049391 10.587568,
        12.211528 -1.949213 10.305821,
        12.250902 -1.950593 10.305351,
        12.210962 -1.942737 10.287852,
        12.249678 -1.936954 10.266392,
        12.201293 -1.879471 9.961609,
        12.239903 -1.876583 9.935116,
        12.199944 -1.877570 9.913389,
        12.239299 -1.876019 9.913471,
        12.192182 -1.866632 9.635956,
        12.230684 -1.867972 9.604883,
        12.188697 -1.880283 9.514577,
        12.228074 -1.879561 9.514577,
        12.182791 -1.903417 9.308877,
        12.221095 -1.910562 9.272989,
        12.177111 -1.953986 9.122795,
        12.216483 -1.954255 9.122993,
        12.172942 -1.991097 8.986236,
        12.211072 -2.005522 8.946997,
        12.165276 -2.096464 8.750421,
        12.204651 -2.097854 8.751181,
        12.162980 -2.128020 8.679798,
        12.200977 -2.150682 8.639145,
        12.153565 -2.303262 8.409229,
        12.192955 -2.305826 8.410994,
        12.153257 -2.309007 8.400358,
        12.191178 -2.340188 8.360461,
        12.144090 -2.526077 8.156411,
        12.181944 -2.565830 8.118964,
        12.142314 -2.574255 8.116462,
        12.181713 -2.572176 8.113980,
        12.134777 -2.778747 7.946898,
        12.172386 -2.828724 7.912529,
        12.130837 -2.893859 7.878014,
        12.170219 -2.892885 7.876643,
        12.124969 -3.065268 7.775441,
        12.162378 -3.124928 7.746858,
        12.119028 -3.250727 7.700402,
        12.158404 -3.250583 7.700587,
        12.115000 -3.376455 7.649530,
        12.152277 -3.444376 7.629223,
        12.107260 -3.633672 7.589358,
        12.146648 -3.633961 7.591546,
        12.105230 -3.701170 7.573567,
        12.142454 -3.775188 7.563478,
        12.095987 -4.027618 7.548365,
        12.135298 -4.030774 7.552792,
        12.095904 -4.030573 7.548585,
        12.133203 -4.105612 7.549663,
        12.086757 -4.353991 7.572650,
        12.123935 -4.428396 7.585911,
        12.084550 -4.427460 7.589617,
        12.123676 -4.437419 7.586924,
        12.076992 -4.678844 7.647676,
        12.113682 -4.764583 7.676560,
        12.072782 -4.810438 7.700485,
        12.112157 -4.811390 7.697716,
        12.067025 -4.990384 7.772699,
        12.103577 -5.074830 7.816794,
        12.060973 -5.167385 7.877938,
        12.100350 -5.167313 7.877550,
        12.057210 -5.277448 7.943378,
        12.093732 -5.356941 8.002124,
        12.049493 -5.487114 8.116249,
        12.088887 -5.485138 8.118186,
        12.047885 -5.530807 8.152274,
        12.084459 -5.602289 8.224247,
        12.038729 -5.748481 8.395535,
        12.077576 -5.754595 8.412031,
        12.038244 -5.757560 8.409464,
        12.074965 -5.812378 8.483274,
        12.029013 -5.930210 8.674389,
        12.065900 -5.967021 8.749647,
        12.026535 -5.964494 8.750535,
        12.064987 -5.982605 8.776489,
        12.019052 -6.068000 8.980424,
        12.054879 -6.105394 9.094086,
        12.014700 -6.107133 9.122830,
        12.054057 -6.111313 9.121565,
        12.009199 -6.156611 9.302874,
        12.045011 -6.176515 9.424304,
        12.003113 -6.181019 9.514579,
        12.042483 -6.181690 9.514213,
        11.999796 -6.194324 9.629976,
        12.035713 -6.195550 9.755005,
        11.991870 -6.183938 9.913410,
        12.031208 -6.180335 9.912897,
        11.990691 -6.182393 9.955590,
        12.026253 -6.163596 10.086598,
        11.981030 -6.120065 10.281917,
        12.019629 -6.107551 10.304823,
        11.980281 -6.111576 10.305685,
        12.016291 -6.079305 10.414807,
        11.971080 -6.007215 10.597862,
        12.007794 -5.965633 10.677470,
        11.968438 -5.964474 10.676474,
        12.006180 -5.944055 10.727329,
        11.961194 -5.847309 10.891974,
        11.996292 -5.762990 11.012774,
        11.956759 -5.753591 11.014830,
        11.996086 -5.758167 11.018272,
        11.951719 -5.647093 11.154438,
        11.986965 -5.544338 11.262047,
        11.945466 -5.485733 11.310156,
        11.984828 -5.486496 11.310491,
        11.942643 -5.412886 11.380456,
        11.977540 -5.289250 11.475685,
        11.933998 -5.169184 11.552876,
        11.973355 -5.167167 11.549201,
        11.933042 -5.142229 11.571947,
        11.967595 -4.999127 11.650389,
        11.923109 -4.842020 11.721288,
        11.961548 -4.810384 11.726874,
        11.922181 -4.812140 11.730749,
        11.957483 -4.683508 11.778289,
        11.913196 -4.522572 11.822441,
        11.949783 -4.427436 11.837737,
        11.910426 -4.427679 11.837047,
        11.947574 -4.354014 11.854781,
        11.903652 -4.195526 11.872781,
        11.938431 -4.030548 11.878501,
        11.899056 -4.030583 11.872952,
        11.938216 -4.022948 11.879058,
        11.894587 -3.870157 11.873120,
        11.928825 -3.691693 11.852387,
        11.887685 -3.633466 11.837198,
        11.927073 -3.633606 11.838456,
        11.885049 -3.543089 11.823481,
        11.918898 -3.362570 11.773453,
        11.875929 -3.248945 11.731031,
        11.915304 -3.250723 11.727172,
        11.875138 -3.223456 11.723019,
        11.908786 -3.047892 11.643242,
        11.865204 -2.922907 11.574309,
        11.903498 -2.894121 11.549113,
        11.864114 -2.892151 11.552646,
        11.898858 -2.759210 11.466530,
        11.855596 -2.651783 11.383344,
        11.892029 -2.575084 11.310068,
        11.852646 -2.575524 11.310059,
        11.889465 -2.505937 11.251311,
        11.846519 -2.417086 11.157796,
        11.880754 -2.303840 11.017563,
        11.841351 -2.307556 11.014838,
        11.880109 -2.288850 11.000226,
        11.837051 -2.216374 10.895826,
        11.870201 -2.109756 10.713296,
        11.829674 -2.096548 10.676547,
        11.869058 -2.094722 10.677848,
        11.827168 -2.055859 10.602087,
        11.860089 -1.976793 10.399777,
        11.817828 -1.949312 10.305786,
        11.857220 -1.953181 10.304979,
        11.817217 -1.942330 10.286369,
        11.807549 -1.879298 9.960104,
        11.850143 -1.894937 10.071137,
        11.806242 -1.877489 9.913394,
        11.845643 -1.880835 9.912944,
        11.798439 -1.866686 9.634461,
        11.840715 -1.865391 9.739682,
        11.794996 -1.880254 9.514578,
        11.834362 -1.879981 9.514281,
        11.789045 -1.903703 9.307376,
        11.831390 -1.886807 9.408825,
        11.783410 -1.954002 9.122804,
        11.822788 -1.950814 9.121791,
        11.779196 -1.991616 8.984782,
        11.821504 -1.960374 9.078920,
        11.771574 -2.096520 8.750451,
        11.811393 -2.085495 8.762209,
        11.810946 -2.093225 8.749116,
        11.769233 -2.128756 8.678445,
        11.791967 -2.469487 8.213145,
        11.787963 -2.575942 8.118143,
        11.750348 -2.527150 8.155376,
        11.748617 -2.574052 8.116197,
        11.759513 -2.309928 8.399151,
        11.741574 -2.764743 7.956905,
        11.782671 -2.716611 7.992608,
        11.741574 -4.030590 7.548363,
        11.743221 -3.970929 7.549185,
        11.752717 -3.639204 7.584028,
        11.762697 -3.311548 7.671234,
        11.752911 -3.632837 7.585723,
        11.776500 -2.894033 7.877887,
        11.772805 -3.000251 7.809206,
        11.764692 -3.250095 7.698470,
        13.781720 -5.875313 9.930093,
        13.782246 -5.878168 9.914857,
        13.870828 -6.030696 9.931463,
        13.771907 -5.819050 10.213794,
        13.772595 -5.825679 10.195025,
        13.861177 -5.973874 10.234759,
        13.761816 -5.718333 10.487776,
        13.762648 -5.729796 10.466513,
        13.851230 -5.870075 10.528661,
        13.751815 -5.576461 10.741875,
        13.752757 -5.593423 10.719479,
        13.841339 -5.722444 10.802510,
        13.742241 -5.399639 10.967464,
        13.743267 -5.422292 10.945451,
        13.831850 -5.537185 11.047138,
        13.732985 -5.192733 11.160956,
        13.734196 -5.221975 11.140113,
        13.822779 -5.320331 11.257871,
        13.723202 -4.953992 11.323463,
        13.724606 -4.990344 11.305217,
        13.813189 -5.069578 11.436605,
        13.713123 -4.690272 11.448046,
        13.714676 -4.733169 11.434294,
        13.803260 -4.791172 11.576338,
        13.703115 -4.410991 11.529702,
        13.704759 -4.459261 11.522099,
        13.793342 -4.494650 11.671391,
        13.693515 -4.126596 11.566544,
        13.695203 -4.178597 11.566309,
        13.783785 -4.190816 11.719252,
        13.684250 -3.843694 11.559327,
        13.686137 -3.899333 11.567572,
        13.774720 -3.888498 11.720618,
        13.674496 -3.559938 11.507764,
        13.676613 -3.618589 11.525970,
        13.765195 -3.584575 11.675581,
        13.664429 -3.284775 11.411695,
        13.666707 -3.343991 11.440734,
        13.755289 -3.287308 11.583309,
        13.654413 -3.028434 11.274070,
        13.656768 -3.085552 11.314002,
        13.745350 -3.007533 11.446113,
        13.644792 -2.799728 11.100794,
        13.647148 -2.852184 11.150855,
        13.735731 -2.754900 11.269499,
        13.635511 -2.603302 10.897376,
        13.638067 -2.650043 10.957942,
        13.726649 -2.536070 11.060660,
        13.625789 -2.437439 10.661891,
        13.628613 -2.477069 10.733804,
        13.717195 -2.348816 10.818018,
        13.615734 -2.308752 10.400601,
        13.618737 -2.338434 10.482231,
        13.707319 -2.198737 10.545676,
        13.108778 -3.759729 7.876207,
        13.109299 -3.743979 7.877456,
        13.197881 -3.720318 7.725861,
        13.099409 -4.043612 7.856636,
        13.100046 -4.024213 7.855233,
        13.188630 -4.023686 7.701805,
        13.090006 -4.327720 7.880845,
        13.090826 -4.304287 7.875487,
        13.179408 -4.326882 7.723730,
        13.080079 -4.609672 7.949839,
        13.081067 -4.583190 7.939278,
        13.169649 -4.628811 7.792787,
        13.069979 -4.878943 8.062659,
        13.071099 -4.850806 8.046011,
        13.159681 -4.918520 7.908331,
        13.060073 -5.125701 8.215122,
        13.061280 -5.097538 8.192000,
        13.149862 -5.185621 8.066373,
        13.050653 -5.341917 8.400365,
        13.051946 -5.315435 8.370893,
        13.140528 -5.421506 8.260035,
        13.041280 -5.527059 8.616520,
        13.042795 -5.502651 8.579241,
        13.131379 -5.624179 8.485583,
        13.031381 -5.679453 8.863143,
        13.033086 -5.659102 8.818201,
        13.121670 -5.793546 8.744270,
        13.021286 -5.792231 9.132243,
        13.023127 -5.777922 9.080603,
        13.111709 -5.922174 9.028336,
        13.011366 -5.861239 9.413993,
        13.013269 -5.854574 9.357231,
        13.101851 -6.005155 9.327802,
        13.001909 -5.885472 9.697879,
        13.003857 -5.887541 9.637993,
        13.092441 -6.040843 9.631741,
        12.992556 -5.865822 9.981328,
        12.994757 -5.877885 9.917440,
        13.083339 -6.030390 9.934258,
        12.982680 -5.801542 10.263677,
        12.985102 -5.824994 10.197573,
        13.073685 -5.973132 10.237519,
        12.972590 -5.693275 10.534462,
        12.975154 -5.728720 10.468937,
        13.063737 -5.868911 10.531283,
        12.962658 -5.544864 10.783747,
        12.965265 -5.591998 10.721689,
        13.053849 -5.720901 10.804903,
        12.953172 -5.362897 11.003281,
        12.955783 -5.420582 10.947380,
        13.044363 -5.535334 11.049226,
        12.943830 -5.150370 11.191246,
        12.946709 -5.219985 11.141772,
        13.035291 -5.318177 11.259666,
        12.417087 -2.183496 9.903674,
        12.417872 -2.184462 9.927770,
        12.506455 -2.032054 9.945442,
        12.407830 -2.176348 9.620519,
        12.408759 -2.173248 9.648259,
        12.497342 -2.019913 9.642854,
        12.398250 -2.213158 9.336031,
        12.399371 -2.204620 9.367537,
        12.487954 -2.053876 9.338957,
        12.388240 -2.294795 9.056674,
        12.389523 -2.279676 9.090578,
        12.478106 -2.135127 9.039133,
        12.378160 -2.419370 8.792900,
        12.379561 -2.397009 8.827479,
        12.468144 -2.262147 8.754316,
        12.368374 -2.581862 8.554119,
        12.369835 -2.552188 8.587515,
        12.458418 -2.430137 8.494540,
        12.359078 -2.775339 8.347291,
        12.360667 -2.738367 8.377991,
        12.449250 -2.631686 8.267720,
        12.349534 -3.000767 8.170655,
        12.351357 -2.955082 8.198037,
        12.439939 -2.866293 8.072909,
        12.339543 -3.254624 8.028922,
        12.341550 -3.200882 8.050711,
        12.430132 -3.132385 7.913420,
        12.329463 -3.528308 7.928275,
        12.331582 -3.467894 7.942453,
        12.420165 -3.421439 7.796225,
        12.319659 -3.811679 7.871981,
        12.321809 -3.746561 7.877055,
        12.410391 -3.723113 7.725427,
        12.310326 -4.094692 7.860233,
        12.312563 -4.026764 7.855226,
        12.401145 -4.026448 7.701797,
        12.300818 -4.378817 7.892436,
        12.303336 -4.306870 7.875873,
        12.391919 -4.329678 7.724148,
        12.290846 -4.658913 7.969380,
        12.293574 -4.585715 7.940066,
        12.382157 -4.631544 7.793641,
        12.280765 -4.924523 8.089530,
        12.283606 -4.853181 8.047180,
        12.372189 -4.921091 7.909598,
        12.270943 -5.166095 8.248186,
        12.273789 -5.099681 8.193505,
        12.362373 -5.187941 8.068003,
        11.764934 -5.203838 11.153566,
        11.765478 -5.216996 11.144257,
        11.854061 -5.314941 11.262356,
        11.755168 -4.966297 11.317764,
        11.755876 -4.984694 11.308611,
        11.844459 -5.063462 11.440280,
        11.745088 -4.703362 11.444283,
        11.745944 -4.727030 11.436788,
        11.834526 -4.784525 11.579038,
        11.735062 -4.424393 11.527987,
        11.736030 -4.452852 11.523606,
        11.824613 -4.487712 11.673023,
        11.725437 -4.139836 11.566847,
        11.726486 -4.172152 11.566813,
        11.815069 -4.183839 11.719797,
        11.716195 -3.856828 11.561630,
        11.717421 -3.892892 11.567104,
        11.806004 -3.881524 11.720112,
        11.706461 -3.572784 11.512120,
        11.707884 -3.612174 11.524499,
        11.796466 -3.577631 11.673991,
        11.696395 -3.296862 11.418000,
        11.697973 -3.337837 11.438274,
        11.786556 -3.280646 11.580648,
        11.686364 -3.039338 11.282082,
        11.688038 -3.079880 11.310638,
        11.776621 -3.001394 11.442474,
        11.676715 -2.809123 11.110165,
        11.678430 -2.847178 11.146736,
        11.767013 -2.749481 11.265040,
        11.667455 -2.611220 10.908095,
        11.669354 -2.645741 10.953152,
        11.757935 -2.531413 11.055474,
        11.657752 -2.443743 10.673902,
        11.659885 -2.473472 10.728306,
        11.748468 -2.344923 10.812066,
        11.647700 -2.313163 10.413508,
        11.650003 -2.335705 10.476194,
        11.738586 -2.195782 10.539141,
        11.637663 -2.224903 10.136059,
        11.640051 -2.238263 10.205216,
        11.728634 -2.090296 10.245792,
        11.627995 -2.181327 9.851909,
        11.630383 -2.184165 9.925187,
        11.718966 -2.031731 9.942646,
        11.618715 -2.181994 9.569219,
        11.621273 -2.173340 9.645693,
        11.709856 -2.020013 9.640076,
        11.609043 -2.226845 9.285208,
        11.611879 -2.205111 9.364959,
        11.700462 -2.054407 9.336168,
        13.553429 -4.917233 7.907698,
        13.245907 -2.428428 8.496787,
        13.236734 -2.629697 8.269646,
        12.602555 -4.186630 11.719582,
        12.314361 -6.005698 9.330589,
        11.670930 -2.431849 8.492296,
        13.899202 -5.921195 9.025641,
        13.889341 -6.004608 9.325013,
        13.985670 -5.907098 8.678464,
        13.985670 -5.928746 8.711533,
        13.909161 -5.792165 8.741765,
        13.985670 -6.015386 8.872010,
        13.985670 -6.060221 8.975163,
        13.918866 -5.622456 8.483350,
        13.985670 -5.713763 8.412815,
        13.985670 -5.719302 8.418801,
        13.985670 -5.829116 8.559342,
        13.985670 -5.323002 8.056908,
        13.985670 -5.464416 8.165420,
        13.928012 -5.419501 8.258120,
        13.985670 -5.487694 8.186688,
        13.985670 -5.596497 8.286093,
        13.947174 -4.915946 7.907067,
        13.985670 -5.003287 7.872928,
        13.937352 -5.183298 8.064747,
        13.985670 -5.163423 7.955581,
        13.985670 -5.230118 7.997930,
        13.985670 -4.667868 7.751780,
        13.985670 -4.837970 7.805032,
        13.985670 -4.944614 7.848832,
        13.985670 -4.147228 7.682123,
        13.985670 -4.323222 7.690631,
        13.966898 -4.324086 7.723315,
        13.985670 -4.328798 7.691383,
        13.957142 -4.626076 7.791938,
        13.985670 -4.499774 7.714426,
        13.985670 -4.640489 7.745696,
        13.985670 -3.717849 7.727709,
        13.985670 -3.805087 7.709159,
        13.976114 -4.020923 7.701816,
        13.985670 -3.972350 7.688557,
        13.985670 -4.020900 7.686771,
        13.985670 -3.421568 7.815007,
        13.906567 -3.462852 7.944063,
        13.907896 -3.427289 7.958599,
        13.917992 -3.159693 8.075072,
        13.985670 -3.142765 7.946696,
        13.916537 -3.196148 8.053082,
        13.985670 -3.158028 7.937189,
        13.985670 -3.303537 7.863009,
        13.935634 -2.734695 8.381553,
        13.985670 -2.739746 8.251874,
        13.927862 -2.915385 8.230661,
        13.985670 -2.869045 8.135360,
        13.926336 -2.950818 8.201072,
        13.985670 -2.891742 8.118266,
        13.985670 -3.008530 8.030307,
        13.944814 -2.549033 8.591667,
        13.985670 -2.532824 8.491528,
        13.937243 -2.702161 8.418372,
        13.985670 -2.640711 8.356681,
        13.985670 -2.675135 8.320251,
        13.956594 -2.370512 8.886319,
        13.985670 -2.347802 8.806891,
        13.954546 -2.394494 8.832131,
        13.985670 -2.357446 8.784608,
        13.946665 -2.519628 8.637424,
        13.985670 -2.438413 8.634312,
        13.985670 -2.494177 8.549976,
        13.966687 -2.261479 9.156878,
        13.985670 -2.241420 9.090107,
        13.964510 -2.277906 9.095571,
        13.985670 -2.243633 9.083478,
        13.985670 -2.296050 8.926476,
        13.985670 -2.172094 9.713717,
        13.985670 -2.171336 9.653256,
        13.983728 -2.173074 9.653388,
        13.985670 -2.170058 9.551400,
        13.976572 -2.196409 9.439171,
        13.985670 -2.178034 9.425732,
        13.974352 -2.203651 9.372692,
        13.985670 -2.186072 9.369333,
        13.985670 -2.202131 9.256653,
        11.317744 -3.704214 7.573563,
        11.229157 -3.727307 7.724783,
        11.317915 -3.698183 7.574030,
        11.238925 -3.425536 7.794928,
        11.327512 -3.379609 7.649505,
        11.327871 -3.367687 7.652330,
        11.337476 -3.068554 7.775341,
        11.248893 -3.136234 7.911506,
        11.338022 -3.051548 7.782335,
        11.258705 -2.869762 8.070452,
        11.347280 -2.782159 7.946648,
        11.347990 -2.761469 7.959267,
        11.356587 -2.529570 8.155931,
        11.268023 -2.634675 8.264834,
        11.357424 -2.506998 8.175073,
        11.277185 -2.432706 8.491176,
        11.365791 -2.312735 8.399575,
        11.366813 -2.289010 8.426993,
        11.375502 -2.131991 8.678651,
        11.286904 -2.264198 8.750544,
        11.376757 -2.109293 8.715030,
        11.296866 -2.136574 9.035082,
        11.385450 -1.995198 8.984625,
        11.386907 -1.976071 9.029822,
        11.395284 -1.907491 9.306743,
        11.306718 -2.054674 9.334773,
        11.396888 -1.894360 9.359766,
        11.316114 -2.020064 9.638688,
        11.404663 -1.870498 9.633294,
        11.406344 -1.865340 9.692419,
        11.413844 -1.883211 9.958324,
        11.325223 -2.031572 9.941248,
        11.415712 -1.887664 10.024572,
        11.334887 -2.089919 10.244414,
        11.423493 -1.946332 10.283887,
        11.425644 -1.962550 10.355567,
        11.433423 -2.059720 10.598885,
        11.344838 -2.195194 10.537832,
        11.435793 -2.089319 10.673002,
        11.354722 -2.344147 10.810874,
        11.443284 -2.219851 10.891973,
        11.445784 -2.263433 10.965083,
        11.452731 -2.419975 11.153447,
        11.364193 -2.530483 11.054435,
        11.455262 -2.477018 11.222085,
        11.373269 -2.748399 11.264145,
        11.461901 -2.654106 11.378430,
        11.464611 -2.726412 11.442266,
        11.471486 -2.924632 11.568750,
        11.382875 -3.000168 11.441743,
        11.474530 -3.012368 11.624734,
        11.392810 -3.279315 11.580112,
        11.481396 -3.224383 11.717020,
        11.484678 -3.325764 11.761150,
        11.491278 -3.543098 11.817319,
        11.402720 -3.576243 11.673669,
        11.494680 -3.655105 11.846268,
        11.412260 -3.880130 11.720009,
        11.500792 -3.869231 11.867100,
        11.504180 -3.987952 11.878652,
        11.509964 -4.193679 11.866880,
        11.421326 -4.182444 11.719904,
        11.513511 -4.319887 11.859659,
        11.430868 -4.486324 11.673347,
        11.529368 -4.838220 11.715756,
        11.523417 -4.651329 11.788191,
        11.519484 -4.519735 11.816566,
        11.533563 -4.970012 11.664678,
        11.440780 -4.783194 11.579576,
        11.539270 -5.137607 11.567063,
        11.450713 -5.062237 11.441011,
        11.543576 -5.264053 11.493416,
        11.548845 -5.407682 11.376454,
        11.553097 -5.523559 11.282093,
        11.460317 -5.313861 11.263252,
        11.558031 -5.641366 11.151303,
        11.469393 -5.531624 11.053395,
        11.562412 -5.745950 11.035193,
        11.567485 -5.840917 10.889634,
        11.582447 -6.070721 10.439405,
        11.577339 -6.000420 10.596513,
        11.488751 -5.866572 10.536524,
        11.572303 -5.931132 10.751357,
        11.478867 -5.717808 10.809681,
        11.587258 -6.113203 10.281661,
        11.498701 -5.971636 10.243035,
        11.592471 -6.159239 10.110721,
        11.508364 -6.029765 9.939849,
        11.596892 -6.175810 9.956404,
        11.602013 -6.194997 9.777728,
        11.606105 -6.188103 9.631769,
        11.517471 -6.041062 9.637299,
        11.611314 -6.179328 9.445978,
        11.526870 -6.006237 9.333378,
        11.615490 -6.150556 9.305676,
        11.621191 -6.111279 9.114142,
        11.625311 -6.062423 8.984169,
        11.536722 -5.924121 9.033733,
        11.631333 -5.991038 8.794261,
        11.546684 -5.796295 8.749289,
        11.635243 -5.925404 8.678894,
        11.641366 -5.822661 8.498301,
        11.644934 -5.744654 8.400528,
        11.556402 -5.627616 8.490056,
        11.650927 -5.613642 8.236320,
        11.565561 -5.425506 8.263873,
        11.670077 -5.087530 7.823840,
        11.663499 -5.275429 7.949156,
        11.574883 -5.190259 8.069635,
        11.660216 -5.369207 8.011700,
        11.654183 -5.527957 8.157581,
        11.673285 -4.989327 7.778690,
        11.584696 -4.923661 7.910869,
        11.680217 -4.777069 7.681101,
        11.594663 -4.634277 7.794498,
        11.683226 -4.678794 7.653561,
        11.690259 -4.449094 7.589191,
        11.692970 -4.354879 7.578119,
        11.604430 -4.332474 7.724570,
        11.699843 -4.116006 7.550049,
        11.613663 -4.029209 7.701793,
        11.702269 -4.029287 7.553279,
        11.709119 -3.784405 7.562403,
        11.711513 -3.703606 7.578124,
        11.622902 -3.725909 7.724996,
        11.718965 -3.452227 7.627032,
        11.632672 -3.424170 7.795360,
        11.721261 -3.379544 7.653511,
        11.729102 -3.131200 7.743983,
        11.731208 -3.068809 7.778643,
        11.642639 -3.134950 7.912143,
        11.739154 -2.833363 7.909443,
        11.652450 -2.868605 8.071270,
        11.741031 -2.780151 7.946247,
        11.661765 -2.633678 8.265795,
        11.680650 -2.263513 8.751801,
        11.690614 -2.136091 9.036432,
        11.863135 -5.532553 11.052354,
        11.872611 -5.718582 10.808487,
        11.882496 -5.867158 10.535214,
        11.892447 -5.972012 10.241657,
        11.911213 -6.041009 9.635909,
        11.902109 -6.029923 9.938452,
        11.930469 -5.923635 9.032383,
        11.920616 -6.005968 9.331984,
        11.940430 -5.795609 8.748033,
        11.950146 -5.626758 8.488937,
        11.959304 -5.424507 8.262912,
        11.968628 -5.189100 8.068819,
        11.988409 -4.632911 7.794069,
        11.978442 -4.922376 7.910233,
        11.998174 -4.331076 7.724359,
        12.007404 -4.027828 7.701795,
        12.016647 -3.724511 7.725212,
        12.026418 -3.422805 7.795792,
        12.046194 -2.867448 8.072089,
        12.036386 -3.133668 7.912781,
        12.055507 -2.632682 8.266757,
        12.064674 -2.430993 8.493418,
        12.074397 -2.262830 8.753058,
        12.084360 -2.135609 9.037782,
        12.103599 -2.019963 9.641466,
        12.094208 -2.054141 9.337563,
        12.112711 -2.031892 9.944044,
        12.122380 -2.090675 10.247170,
        12.132331 -2.196372 10.540448,
        12.142214 -2.345700 10.813258,
        12.160756 -2.750563 11.265933,
        12.151678 -2.532343 11.056513,
        12.170367 -3.002621 11.443203,
        12.180302 -3.281978 11.581181,
        12.190213 -3.579020 11.674310,
        12.199746 -3.882919 11.720216,
        12.218359 -4.489100 11.672700,
        12.208812 -4.185235 11.719690,
        12.228273 -4.785855 11.578500,
        12.238206 -5.064686 11.439546,
        12.247804 -5.316020 11.261460,
        12.256878 -5.533480 11.051312,
        12.266357 -5.719356 10.807293,
        12.276244 -5.867743 10.533904,
        12.286194 -5.972387 10.240278,
        12.295852 -6.030080 9.937054,
        12.304956 -6.040955 9.634520,
        12.324215 -5.923150 9.031034,
        12.334176 -5.794922 8.746779,
        12.343890 -5.625899 8.487818,
        12.353045 -5.423507 8.261953,
        12.516126 -2.091054 10.248548,
        12.526079 -2.196961 10.541756,
        12.535958 -2.346478 10.814449,
        12.545421 -2.533274 11.057551,
        12.554500 -2.751646 11.266826,
        12.564112 -3.003848 11.443932,
        12.583957 -3.580408 11.674630,
        12.574049 -3.283310 11.581715,
        12.593491 -3.884314 11.720318,
        12.612106 -4.490488 11.672374,
        12.622019 -4.787185 11.577961,
        12.641548 -5.317099 11.260564,
        12.631952 -5.065910 11.438813,
        12.650620 -5.534407 11.050270,
        12.660103 -5.720129 10.806099,
        12.669991 -5.868328 10.532594,
        12.679940 -5.972760 10.238898,
        12.689595 -6.030235 9.935656,
        12.698698 -6.040899 9.633130,
        12.717962 -5.922662 9.029685,
        12.708107 -6.005427 9.329195,
        12.727924 -5.794234 8.745525,
        12.737635 -5.625039 8.486700,
        12.746787 -5.422507 8.260994,
        12.756117 -5.186781 8.067187,
        12.775902 -4.630178 7.793213,
        12.765935 -4.919806 7.908964,
        12.785664 -4.328280 7.723938,
        12.794888 -4.025067 7.701800,
        12.804137 -3.721715 7.725644,
        12.813911 -3.420075 7.796659,
        12.833685 -2.865137 8.073729,
        12.823880 -3.131103 7.914060,
        12.842991 -2.630691 8.268682,
        12.852164 -2.429283 8.495663,
        12.861889 -2.261465 8.755574,
        12.871854 -2.134647 9.040485,
        12.891085 -2.019865 9.644243,
        12.881698 -2.053612 9.340352,
        12.900199 -2.032217 9.946840,
        12.909871 -2.091435 10.249926,
        12.919824 -2.197552 10.543063,
        12.929703 -2.347256 10.815639,
        12.948243 -2.752730 11.267718,
        12.939163 -2.534206 11.058588,
        12.957860 -3.005076 11.444660,
        12.967796 -3.284642 11.582247,
        12.977702 -3.581797 11.674948,
        12.987233 -3.885709 11.720419,
        13.005852 -4.491875 11.672047,
        12.996298 -4.188025 11.719473,
        13.015767 -4.788514 11.577422,
        13.025697 -5.067133 11.438078,
        13.227430 -2.863983 8.074550,
        13.217626 -3.129821 7.914702,
        13.207658 -3.418710 7.797094,
        13.255636 -2.260784 8.756831,
        13.265599 -2.134168 9.041836,
        13.284826 -2.019817 9.645631,
        13.275443 -2.053349 9.341748,
        13.293944 -2.032380 9.948238,
        13.303617 -2.091816 10.251304,
        13.313571 -2.198144 10.544370,
        13.323449 -2.348036 10.816829,
        13.341988 -2.753815 11.268609,
        13.332906 -2.535138 11.059624,
        13.351604 -3.006305 11.445388,
        13.361543 -3.285975 11.582779,
        13.371450 -3.583186 11.675266,
        13.380976 -3.887103 11.720519,
        13.399596 -4.493263 11.671720,
        13.390043 -4.189421 11.719363,
        13.409513 -4.789843 11.576880,
        13.419443 -5.068356 11.437343,
        13.429035 -5.319254 11.258769,
        13.438107 -5.536260 11.048183,
        13.447593 -5.721673 10.803707,
        13.457483 -5.869493 10.529973,
        13.467431 -5.973504 10.236139,
        13.477083 -6.030543 9.932860,
        13.486183 -6.040786 9.630351,
        13.495597 -6.004882 9.326407,
        13.505455 -5.921685 9.026989,
        13.515415 -5.792856 8.743017,
        13.525123 -5.623318 8.484467,
        13.534271 -5.420504 8.259077,
        13.543607 -5.184460 8.065560,
        13.563395 -4.627443 7.792362,
        13.573152 -4.325484 7.723522,
        13.582371 -4.022305 7.701810,
        13.591625 -3.718920 7.726080,
        13.601404 -3.417346 7.797530,
        13.621176 -2.862829 8.075372,
        13.611372 -3.128540 7.915344,
        13.630475 -2.628704 8.270610,
        13.639651 -2.427575 8.497911,
        13.649382 -2.260104 8.758091,
        13.659346 -2.133689 9.043187,
        13.678567 -2.019771 9.647019,
        13.669188 -2.053087 9.343143,
        13.687687 -2.032544 9.949636,
        13.697365 -2.092199 10.252681,
        13.879926 -6.040728 9.628961,
        11.131339 -4.030590 7.855222,
        11.219921 -4.030590 7.701793,
        11.308503 -4.030590 7.548363,
        11.150342 -3.471677 7.941256,
        11.140715 -3.746429 7.877391,
        11.140575 -3.750435 7.876460,
        11.150630 -3.463949 7.944370,
        11.170122 -2.958287 8.195767,
        11.160739 -3.193698 8.055348,
        11.160311 -3.204438 8.048942,
        11.170667 -2.945583 8.206273,
        11.188603 -2.554560 8.584407,
        11.180099 -2.727724 8.390347,
        11.179441 -2.741128 8.375326,
        11.189441 -2.541132 8.605076,
        11.208284 -2.281012 9.086835,
        11.199330 -2.386972 8.850598,
        11.198322 -2.398903 8.823996,
        11.209430 -2.272213 9.119030,
        11.227531 -2.173387 9.644409,
        11.219370 -2.201153 9.400592,
        11.218135 -2.205357 9.363672,
        11.228846 -2.174922 9.684759,
        11.246304 -2.237915 10.203943,
        11.238169 -2.192546 9.968207,
        11.236640 -2.184017 9.923896,
        11.248031 -2.254787 10.250968,
        11.266139 -2.472755 10.727204,
        11.258123 -2.361153 10.522629,
        11.256256 -2.335162 10.474985,
        11.268076 -2.507938 10.773192,
        11.284686 -2.846179 11.145910,
        11.277583 -2.688643 10.994305,
        11.275610 -2.644882 10.952191,
        11.286898 -2.899731 11.183685,
        11.304227 -3.336607 11.437780,
        11.296734 -3.142129 11.341380,
        11.294292 -3.078748 11.309964,
        11.306817 -3.408319 11.460376,
        11.323678 -3.891604 11.567008,
        11.316782 -3.688698 11.536067,
        11.314137 -3.610892 11.524204,
        11.326313 -3.972792 11.566980,
        11.342285 -4.451570 11.523905,
        11.335628 -4.255743 11.553907,
        11.332743 -4.170864 11.566911,
        11.345438 -4.538807 11.496349,
        11.362131 -4.983563 11.309287,
        11.355514 -4.811883 11.394539,
        11.352197 -4.725800 11.437285,
        11.365490 -5.064879 11.251842,
        11.380811 -5.417155 10.951231,
        11.375040 -5.289254 11.074489,
        11.371735 -5.215998 11.145083,
        11.384359 -5.481578 10.866900,
        11.400168 -5.726559 10.473776,
        11.394143 -5.642798 10.627577,
        11.390283 -5.589140 10.726102,
        11.404213 -5.766005 10.363589,
        11.419781 -5.877308 9.922605,
        11.414200 -5.846294 10.084365,
        11.410119 -5.823612 10.202670,
        11.423767 -5.881874 9.800325,
        11.438288 -5.855574 9.362384,
        11.433089 -5.873367 9.517662,
        11.428889 -5.887743 9.643126,
        11.442848 -5.820464 9.234265,
        11.458101 -5.661642 8.822836,
        11.452910 -5.723174 8.959761,
        11.448140 -5.779720 9.085588,
        11.462911 -5.584528 8.704324,
        11.467819 -5.505826 8.583372,
        11.472496 -5.410496 8.476688,
        11.476978 -5.319129 8.374438,
        11.481819 -5.206277 8.281259,
        11.486300 -5.101822 8.195013,
        11.491552 -4.969994 8.116506,
        11.496113 -4.855555 8.048354,
        11.501609 -4.708178 7.989089,
        11.506081 -4.588239 7.940858,
        11.511622 -4.430078 7.904212,
        11.515847 -4.309452 7.876263,
        11.521233 -4.146067 7.863992,
        11.525081 -4.029314 7.855222,
        11.530549 -3.863491 7.867909,
        11.534319 -3.749144 7.876657,
        11.540257 -3.579731 7.916163,
        11.544089 -3.470416 7.941654,
        11.550306 -3.303769 8.008943,
        11.554056 -3.203252 8.049531,
        11.560333 -3.045872 8.143557,
        11.563867 -2.957218 8.196524,
        11.569974 -2.814974 8.314306,
        11.573183 -2.740207 8.376214,
        11.579274 -2.616284 8.515284,
        11.582347 -2.553769 8.585443,
        11.588961 -2.447971 8.748539,
        11.592068 -2.398271 8.825157,
        11.599004 -2.316324 9.008206,
        11.602031 -2.280565 9.088081,
        11.774165 -5.409412 10.958569,
        11.822631 -5.887694 9.641843,
        11.813526 -5.877454 9.921313,
        11.803864 -5.823959 10.201396,
        11.793914 -5.727101 10.472567,
        11.784029 -5.589856 10.725000,
        11.783759 -5.584969 10.731406,
        11.774553 -5.418013 10.950269,
        11.822907 -5.886743 9.633591,
        11.841886 -5.779272 9.084342,
        11.832466 -5.851981 9.348928,
        11.832033 -5.855325 9.361095,
        11.842472 -5.772329 9.068922,
        11.861563 -5.505033 8.582338,
        11.852563 -5.649528 8.804060,
        11.851848 -5.661009 8.821677,
        11.862374 -5.488481 8.563841,
        11.880045 -5.100752 8.194259,
        11.871663 -5.296233 8.355433,
        11.870720 -5.318207 8.373551,
        11.881183 -5.072173 8.177267,
        11.899827 -4.586978 7.940462,
        11.891166 -4.819313 8.033698,
        11.889859 -4.854368 8.047767,
        11.901256 -4.546173 7.931037,
        11.918821 -4.028039 7.855224,
        11.911084 -4.262867 7.872697,
        11.909591 -4.308161 7.876067,
        11.920419 -3.979619 7.858963,
        11.937836 -3.469155 7.942053,
        11.929902 -3.695437 7.889117,
        11.928064 -3.747853 7.876855,
        11.939863 -3.414807 7.964043,
        11.957612 -2.956150 8.197280,
        11.949952 -3.148208 8.082351,
        11.947803 -3.202067 8.050120,
        11.959798 -2.905270 8.239470,
        11.976091 -2.552978 8.586478,
        11.969170 -2.693642 8.428398,
        11.966925 -2.739287 8.377102,
        11.978621 -2.512557 8.648887,
        11.995778 -2.280120 9.089330,
        11.988563 -2.365220 8.898873,
        11.985814 -2.397639 8.826318,
        11.998649 -2.258175 9.170082,
        12.015016 -2.173293 9.646975,
        12.008512 -2.195160 9.452546,
        12.005625 -2.204865 9.366248,
        12.017912 -2.176796 9.735822,
        12.033797 -2.238613 10.206490,
        12.027342 -2.202363 10.019558,
        12.024128 -2.184313 9.926479,
        12.037263 -2.272614 10.300833,
        12.053631 -2.474190 10.729407,
        12.047348 -2.386481 10.569170,
        12.043750 -2.336249 10.477402,
        12.057228 -2.539719 10.814812,
        12.072174 -2.848178 11.147561,
        12.066647 -2.725469 11.029800,
        12.063096 -2.646600 10.954111,
        12.076063 -2.942406 11.213831,
        12.091719 -3.339067 11.438769,
        12.085963 -3.189562 11.364926,
        12.081784 -3.081014 11.311313,
        12.096047 -3.458878 11.476332,
        12.111164 -3.894180 11.567199,
        12.105946 -3.740524 11.543989,
        12.101630 -3.613457 11.524796,
        12.115379 -4.024022 11.566974,
        12.129776 -4.454133 11.523307,
        12.124784 -4.307350 11.546006,
        12.120230 -4.173441 11.566714,
        12.134665 -4.589295 11.480402,
        12.139690 -4.728258 11.436291,
        12.144747 -4.859385 11.370945,
        12.149623 -4.985826 11.307934,
        12.154663 -5.107737 11.221552,
        12.159221 -5.217993 11.143429,
        12.164109 -5.326190 11.038871,
        12.168296 -5.418869 10.949307,
        12.173505 -5.513225 10.825437,
        12.177774 -5.590570 10.723897,
        12.183365 -5.668087 10.581080,
        12.187661 -5.727641 10.471357,
        12.193447 -5.783854 10.313627,
        12.197611 -5.824305 10.200122,
        12.203382 -5.856146 10.032770,
        12.207269 -5.877598 9.920022,
        12.212841 -5.883747 9.748973,
        12.216373 -5.887644 9.640559,
        12.222224 -5.867383 9.465902,
        12.225779 -5.855076 9.359807,
        12.232066 -5.806424 9.183258,
        12.235633 -5.778822 9.083095,
        12.242147 -5.701365 8.911388,
        12.245594 -5.660374 8.820517,
        12.252100 -5.555801 8.660302,
        12.255307 -5.504240 8.581305,
        12.261579 -5.376159 8.438369,
        12.264462 -5.317283 8.372665,
        12.426852 -2.235076 10.187793,
        12.427543 -2.238964 10.207763,
        12.436934 -2.331274 10.463327,
        12.437496 -2.336794 10.478610,
        12.446964 -2.469150 10.720004,
        12.447375 -2.474908 10.730507,
        12.495374 -3.614739 11.525090,
        12.485466 -3.340297 11.439260,
        12.475530 -3.082148 11.311985,
        12.465917 -2.849178 11.148385,
        12.456838 -2.647459 10.955069,
        12.456581 -2.642779 10.948979,
        12.495668 -3.623371 11.526388,
        12.513973 -4.174730 11.566614,
        12.505317 -3.908100 11.567263,
        12.504908 -3.895469 11.567294,
        12.514535 -4.191263 11.564045,
        12.533437 -4.729487 11.435793,
        12.524253 -4.475604 11.516582,
        12.523523 -4.455416 11.523006,
        12.534317 -4.752295 11.424407,
        12.552966 -5.218990 11.142601,
        12.544364 -5.011008 11.290189,
        12.543369 -4.986956 11.307256,
        12.554039 -5.242737 11.119620,
        12.571520 -5.591284 10.722793,
        12.563278 -5.442149 10.918865,
        12.562039 -5.419726 10.948343,
        12.572962 -5.611245 10.685954,
        12.591357 -5.824649 10.198848,
        12.583010 -5.743720 10.426447,
        12.581409 -5.728181 10.470147,
        12.593061 -5.834019 10.149418,
        12.610116 -5.887593 9.639276,
        12.602757 -5.879629 9.865209,
        12.601013 -5.877742 9.918731,
        12.612021 -5.880954 9.582396,
        12.629380 -5.778373 9.081850,
        12.621672 -5.838159 9.298206,
        12.619523 -5.854826 9.358519,
        12.631706 -5.750667 9.020548,
        12.649051 -5.503446 8.580272,
        12.641759 -5.620794 8.759784,
        12.639342 -5.659738 8.819359,
        12.651475 -5.453924 8.525084,
        12.667534 -5.098610 8.192752,
        12.660765 -5.256567 8.322619,
        12.658205 -5.316359 8.371779,
        12.670383 -5.027036 8.150333,
        12.687320 -4.584453 7.939671,
        12.680402 -4.770132 8.013878,
        12.677352 -4.851994 8.046595,
        12.690461 -4.494709 7.919079,
        12.706305 -4.025488 7.855229,
        12.700195 -4.211006 7.868774,
        12.697081 -4.305578 7.875680,
        12.709511 -3.928335 7.862865,
        12.725327 -3.466633 7.942854,
        12.719097 -3.644263 7.901035,
        12.715554 -3.745270 7.877254,
        12.729100 -3.365622 7.983892,
        12.745102 -2.954015 8.198795,
        12.739163 -3.102809 8.109469,
        12.735296 -3.199698 8.051303,
        12.748920 -2.865154 8.272687,
        12.763581 -2.551398 8.588552,
        12.758252 -2.659468 8.466762,
        12.754409 -2.737448 8.378881,
        12.767810 -2.483989 8.692954,
        12.783271 -2.279232 9.091826,
        12.777798 -2.343564 8.947295,
        12.773307 -2.396379 8.828641,
        12.787867 -2.244285 9.221146,
        12.802501 -2.173203 9.649541,
        12.797647 -2.189324 9.504369,
        12.793115 -2.204377 9.368825,
        12.806987 -2.178818 9.787096,
        12.811617 -2.184613 9.929061,
        12.816522 -2.212361 10.071081,
        12.821289 -2.239315 10.209035,
        12.826498 -2.290609 10.350730,
        12.831242 -2.337340 10.479817,
        12.836570 -2.411919 10.615608,
        12.841121 -2.475628 10.731606,
        12.846374 -2.571519 10.856221,
        12.850581 -2.648320 10.956028,
        12.855716 -2.762461 11.065261,
        12.859661 -2.850180 11.149210,
        12.865236 -2.985322 11.243970,
        12.869276 -3.083282 11.312658,
        12.875196 -3.237128 11.388373,
        12.879213 -3.341528 11.439753,
        12.885272 -3.509436 11.492134,
        12.889120 -3.616022 11.525385,
        12.895100 -3.792208 11.551744,
        12.898651 -3.896757 11.567387,
        12.904442 -4.075193 11.566829,
        12.907716 -4.176019 11.566513,
        12.913947 -4.359118 11.537935,
        12.917268 -4.456698 11.522705,
        12.923894 -4.639802 11.464295,
        12.927185 -4.730715 11.435295,
        12.933978 -4.906772 11.347244,
        12.937115 -4.988086 11.306577,
        13.118670 -3.476889 7.940536,
        13.157325 -2.550609 8.589590,
        13.148152 -2.736530 8.379772,
        13.138846 -2.952949 8.199553,
        13.129044 -3.198514 8.051896,
        13.128778 -3.205620 8.049002,
        13.119074 -3.465372 7.943256,
        13.157485 -2.548030 8.593591,
        13.177016 -2.278789 9.093074,
        13.167365 -2.392100 8.838020,
        13.167054 -2.395750 8.829804,
        13.177469 -2.275360 9.105796,
        13.196244 -2.173159 9.650824,
        13.187431 -2.202250 9.387181,
        13.186860 -2.204134 9.370115,
        13.196921 -2.174023 9.671639,
        13.215035 -2.239668 10.210307,
        13.206216 -2.189624 9.955133,
        13.205360 -2.184764 9.930354,
        13.216065 -2.249829 10.238315,
        13.234867 -2.476348 10.732705,
        13.226161 -2.354301 10.510862,
        13.224989 -2.337886 10.481024,
        13.236133 -2.499469 10.762707,
        13.253406 -2.851181 11.150032,
        13.245661 -2.678920 10.985407,
        13.244324 -2.649181 10.956985,
        13.254948 -2.888604 11.176233,
        13.272960 -3.342759 11.440244,
        13.264769 -3.129812 11.335630,
        13.263022 -3.084417 11.313330,
        13.274854 -3.395231 11.456572,
        13.292394 -3.898045 11.567480,
        13.284835 -3.675315 11.534315,
        13.282867 -3.617306 11.525678,
        13.294393 -3.959587 11.567245,
        13.311014 -4.457979 11.522402,
        13.303680 -4.242553 11.556181,
        13.301460 -4.177308 11.566412,
        13.313474 -4.525920 11.500677,
        13.330861 -4.989215 11.305898,
        13.323548 -4.799772 11.400811,
        13.320930 -4.731943 11.434794,
        13.333540 -5.053965 11.259813,
        13.349526 -5.421437 10.946416,
        13.343117 -5.279859 11.083806,
        13.340453 -5.220981 11.140943,
        13.352414 -5.473601 10.877636,
        13.368901 -5.729258 10.467724,
        13.362177 -5.636446 10.639594,
        13.359011 -5.592710 10.720585,
        13.372246 -5.761554 10.376488,
        13.388502 -5.878027 9.916148,
        13.382248 -5.843885 10.097678,
        13.378849 -5.825337 10.196299,
        13.391840 -5.881500 9.813572,
        13.407015 -5.854322 9.355943,
        13.401147 -5.874993 9.530927,
        13.397600 -5.887488 9.636709,
        13.410885 -5.824147 9.247345,
        13.426832 -5.658465 8.817043,
        13.420941 -5.728844 8.972176,
        13.416872 -5.777470 9.079358,
        13.430954 -5.591970 8.715637,
        13.445689 -5.314509 8.370009,
        13.440568 -5.419378 8.486551,
        13.436540 -5.501856 8.578209,
        13.449881 -5.216592 8.289732,
        13.464846 -4.849618 8.045426,
        13.459592 -4.981674 8.123437,
        13.455024 -5.096466 8.191248,
        13.469641 -4.720846 7.994174,
        13.474811 -4.581928 7.938885,
        13.479662 -4.443278 7.907276,
        13.484570 -4.302995 7.875294,
        13.489300 -4.159318 7.865006,
        13.493787 -4.022937 7.855238,
        13.498614 -3.876788 7.866929,
        13.503042 -3.742689 7.877657,
        13.508298 -3.592961 7.913131,
        13.512822 -3.464112 7.943659,
        13.518338 -3.316451 8.003895,
        13.522789 -3.197331 8.052488,
        13.528372 -3.057551 8.136672,
        13.532592 -2.951883 8.200312,
        13.538036 -2.825278 8.305890,
        13.541893 -2.735612 8.380661,
        13.547344 -2.625222 8.505417,
        13.551069 -2.549821 8.590628,
        13.557005 -2.455457 8.737231,
        13.560798 -2.395122 8.830967,
        13.567037 -2.322028 8.995810,
        13.570763 -2.278347 9.094322,
        13.577080 -2.230559 9.272164,
        13.580606 -2.203892 9.371402,
        13.586774 -2.183652 9.556007,
        13.589985 -2.173116 9.652106,
        13.596070 -2.180989 9.838621,
        13.599104 -2.184916 9.931645,
        13.605709 -2.222529 10.122720,
        13.608782 -2.240020 10.211580,
        13.790976 -5.887061 9.646694,
        13.791343 -5.887434 9.635424,
        13.800515 -5.854941 9.361989,
        13.800759 -5.854069 9.354656,
        13.810619 -5.777017 9.078113,
        13.820579 -5.657827 8.815886,
        13.839430 -5.313582 8.369124,
        13.830446 -5.497731 8.573485,
        13.830284 -5.501060 8.577179,
        13.839726 -5.306674 8.363469,
        13.858593 -4.848429 8.044843,
        13.849224 -5.083974 8.183763,
        13.848770 -5.095392 8.190498,
        13.859201 -4.832101 8.038358,
        13.878315 -4.301704 7.875104,
        13.869299 -4.559495 7.933683,
        13.868559 -4.580664 7.938493,
        13.879153 -4.276241 7.873298,
        13.985670 -3.465197 7.797263,
        13.985670 -3.632459 7.745865,
        13.897944 -3.708465 7.885688,
        13.985670 -3.709091 7.729570,
        13.896787 -3.741397 7.877861,
        13.888487 -3.992713 7.857580,
        13.887530 -4.021661 7.855244,
        11.725086 -6.030440 9.933804,
        11.715289 -5.972075 10.241425,
        13.888027 -2.040807 9.416048,
        13.897379 -2.018689 9.723624,
        13.906778 -2.043911 10.031440,
        13.985670 -2.170393 9.886223,
        13.985670 -2.172004 9.722875,
        13.985670 -2.213204 10.225078,
        13.985670 -2.184182 10.056783,
        13.985670 -2.180379 10.009739,
        13.926819 -2.239107 10.629376,
        13.985670 -2.331622 10.582206,
        13.985670 -2.299718 10.510403,
        13.916706 -2.117700 10.337170,
        13.985670 -2.244213 10.347061,
        13.985670 -2.232227 10.299912,
        13.936744 -2.403664 10.897337,
        13.985670 -2.452320 10.816002,
        13.985670 -2.369204 10.666788,
        13.985670 -2.629457 11.057812,
        13.985670 -2.521948 10.920814,
        13.985670 -2.472913 10.847001,
        13.985670 -2.972096 11.371517,
        13.955493 -2.837550 11.333747,
        13.985670 -3.119625 11.468063,
        13.965404 -3.104419 11.499789,
        13.985670 -3.273899 11.550527,
        13.985670 -2.879537 11.300667,
        13.985670 -2.868926 11.291232,
        13.946131 -2.603920 11.132328,
        13.985670 -2.749023 11.184630,
        13.985670 -2.653385 11.083191,
        13.985670 -3.708533 11.698784,
        13.985670 -3.701670 11.697052,
        13.985007 -3.701469 11.698128,
        13.985670 -3.560404 11.661406,
        13.975516 -3.395903 11.622909,
        13.985670 -3.434520 11.618957,
        13.985670 -3.401938 11.605076,
        13.985670 -3.731720 11.704635,
        13.985670 -3.905058 11.732322,
        13.985670 -4.221187 11.743567,
        13.985670 -4.080584 11.744619,
        13.985670 -4.009233 11.739621,
        13.985670 -4.576604 11.697758,
        13.985670 -4.400567 11.728285,
        13.985670 -4.321123 11.735053,
        13.985670 -5.045553 11.534390,
        13.985670 -4.945960 11.577910,
        13.985670 -4.880470 11.606529,
        13.985670 -4.749014 11.652259,
        13.985670 -4.637244 11.681754,
        13.985670 -5.351150 11.350440,
        13.985670 -5.235774 11.426865,
        13.985670 -5.202502 11.448904,
        13.985670 -5.477289 11.251136,
        13.985670 -5.611334 11.126457,
        13.985670 -5.495887 11.233837,
        13.985670 -5.844219 10.846748,
        13.985670 -5.733814 10.991385,
        13.985670 -5.723752 11.002482,
        13.985670 -6.070518 10.428423,
        13.985670 -6.012759 10.560807,
        13.985670 -5.925575 10.721206,
        13.985670 -5.918792 10.731673,
        11.062048 -3.416916 7.797669,
        11.052130 -3.722893 7.725461,
        11.072160 -3.124094 7.917580,
        11.082097 -2.855195 8.080840,
        11.091507 -2.619024 8.280078,
        11.100847 -2.416593 8.512528,
        11.110745 -2.249271 8.778440,
        11.120857 -2.124666 9.069283,
        11.130811 -2.047478 9.374440,
        11.140256 -2.018907 9.682476,
        11.149566 -2.037699 9.989816,
        11.159443 -2.104917 10.296493,
        11.169552 -2.220091 10.591177,
        11.179524 -2.379209 10.862971,
        11.189003 -2.575171 11.102817,
        11.198286 -2.803957 11.308463,
        11.208141 -3.066792 11.479768,
        11.218248 -3.355546 11.609017,
        11.228235 -3.659761 11.691172,
        11.237747 -3.968021 11.724670,
        11.247008 -4.275084 11.710731,
        11.256841 -4.582341 11.648507,
        11.266943 -4.878773 11.538115,
        11.276946 -5.153365 11.383214,
        11.286489 -5.396820 11.190625,
        11.295731 -5.605726 10.965431,
        11.305541 -5.780929 10.705762,
        11.315638 -5.914767 10.419207,
        11.325654 -6.001874 10.116056,
        11.335230 -6.040319 9.807686,
        11.344456 -6.031218 9.500820,
        11.354241 -5.973989 9.193104,
        11.364333 -5.868417 8.895041,
        11.374363 -5.717804 8.617748,
        11.393182 -5.307016 8.158540,
        11.383969 -5.528684 8.370753,
        11.402943 -5.050597 7.979524,
        11.413028 -4.766351 7.841154,
        11.423070 -4.464382 7.749115,
        11.432706 -4.156022 7.705707,
        11.441910 -3.849269 7.709980,
        11.451645 -3.541215 7.762217,
        11.461723 -3.241638 7.862935,
        11.471775 -2.961746 8.009191,
        11.481440 -2.711283 8.194747,
        11.490640 -2.495712 8.412951,
        11.500348 -2.312971 8.666041,
        11.510417 -2.170127 8.947871,
        11.520480 -2.073181 9.248536,
        11.530173 -2.024796 9.556770,
        11.539373 -2.024247 9.863491,
        11.549052 -2.071499 10.171763,
        11.559111 -2.167331 10.472735,
        11.569184 -2.309162 10.755125,
        11.578904 -2.491064 11.008978,
        11.588106 -2.705866 11.227967,
        11.597758 -2.955546 11.414342,
        11.607806 -3.234856 11.561595,
        11.617887 -3.534099 11.663420,
        11.627633 -3.842087 11.716792,
        11.636842 -4.148858 11.722163,
        11.646464 -4.457231 11.679886,
        11.656500 -4.759479 11.588967,
        11.666589 -5.044260 11.451622,
        11.676361 -5.301426 11.273466,
        11.685580 -5.523890 11.062011,
        11.695171 -5.713807 10.815814,
        11.705195 -5.865402 10.539128,
        11.734318 -6.040640 9.626900,
        11.743880 -6.003323 9.318545,
        11.753889 -5.917341 9.015141,
        11.763990 -5.784543 8.728076,
        11.773810 -5.610219 8.467679,
        11.783060 -5.402059 8.241674,
        11.792589 -5.159419 8.048309,
        11.802585 -4.885455 7.892442,
        11.812689 -4.589410 7.780958,
        11.822533 -4.282274 7.717597,
        11.831803 -3.975156 7.702557,
        11.841300 -3.666936 7.734931,
        11.851280 -3.362497 7.815957,
        11.861388 -3.073257 7.944154,
        11.871254 -2.809715 8.114559,
        11.880550 -2.580101 8.319471,
        11.890012 -2.383385 8.558487,
        11.899976 -2.223318 8.829630,
        11.910086 -2.107063 9.123900,
        11.919973 -2.038709 9.430429,
        11.929297 -2.018809 9.737842,
        11.938726 -2.046262 10.045811,
        11.948672 -2.122318 10.351165,
        11.958784 -2.245859 10.642469,
        11.968691 -2.412264 10.909069,
        11.978046 -2.613969 11.142363,
        11.987441 -2.849295 11.342332,
        11.997369 -3.117523 11.506523,
        12.007481 -3.409904 11.627507,
        12.017407 -3.715706 11.700848,
        12.026798 -4.023489 11.725630,
        12.036157 -4.331097 11.703073,
        12.046066 -4.637245 11.632000,
        12.056177 -4.930500 11.513162,
        12.066122 -5.200066 11.350838,
        12.084874 -5.640238 10.920727,
        12.075548 -5.437079 11.152338,
        12.094763 -5.808473 10.655508,
        12.114836 -6.012459 10.060178,
        12.104874 -5.934140 10.365130,
        12.124296 -6.042148 9.752080,
        12.143462 -5.958381 9.137990,
        12.153570 -5.844291 8.842898,
        12.133594 -6.024463 9.444811,
        12.163548 -5.686126 8.570459,
        12.173041 -5.490923 8.329786,
        12.182315 -5.262960 8.123402,
        12.202265 -4.712575 7.820906,
        12.212259 -4.408592 7.737622,
        12.192160 -5.000838 7.951203,
        12.221785 -4.100296 7.703001,
        12.240860 -3.485913 7.776924,
        12.231037 -3.793285 7.715837,
        12.250960 -3.189100 7.886224,
        12.270527 -2.669618 8.231963,
        12.260969 -2.913885 8.040155,
        12.279761 -2.459964 8.456348,
        12.299655 -2.149011 9.001324,
        12.289559 -2.283886 8.715285,
        12.309678 -2.060780 9.304217,
        12.328486 -2.029209 9.919428,
        12.338261 -2.085302 10.227232,
        12.319267 -2.021208 9.612595,
        12.348348 -2.189772 10.525649,
        12.358385 -2.339400 10.803543,
        12.368005 -2.527717 11.051333,
        12.407091 -3.589648 11.676728,
        12.397044 -3.287966 11.583571,
        12.386963 -3.004260 11.444177,
        12.377214 -2.748591 11.264305,
        12.416741 -3.897990 11.721268,
        12.425943 -4.204728 11.718092,
        12.435666 -4.512843 11.666989,
        12.445739 -4.812748 11.567381,
        12.455795 -5.093217 11.422126,
        12.465474 -5.344458 11.237394,
        12.474673 -5.560802 11.019968,
        12.484369 -5.744378 10.767648,
        12.494433 -5.888230 10.486382,
        12.504500 -5.986289 10.186030,
        12.514206 -6.035809 9.877842,
        12.523406 -6.037454 9.571117,
        12.533074 -5.991335 9.262810,
        12.543127 -5.896619 8.961538,
        12.553203 -5.755803 8.678595,
        12.562936 -5.574746 8.423981,
        12.572141 -5.360710 8.204208,
        12.581780 -5.111817 8.017017,
        12.591822 -4.833094 7.868770,
        12.601906 -4.534191 7.765840,
        12.611664 -4.226276 7.711331,
        12.620878 -3.919482 7.704863,
        12.630485 -3.611103 7.746010,
        12.640516 -3.308581 7.835808,
        12.650608 -3.023271 7.972122,
        12.660391 -2.765363 8.149415,
        12.669616 -2.542099 8.360116,
        12.679194 -2.351389 8.605509,
        12.689212 -2.198815 8.881585,
        12.699307 -2.091045 9.178921,
        12.709117 -2.031543 9.486443,
        12.718356 -2.020243 9.793388,
        12.727903 -2.056433 10.101723,
        12.737905 -2.141290 10.405373,
        12.757839 -2.446485 10.954062,
        12.767098 -2.653902 11.180882,
        12.748008 -2.273046 10.692942,
        12.776612 -2.895724 11.375019,
        12.796708 -3.464705 11.644420,
        12.806561 -3.771714 11.708917,
        12.786601 -3.169054 11.531847,
        12.815843 -4.078892 11.725062,
        12.825324 -4.387065 11.693810,
        12.835297 -4.691722 11.613913,
        12.855282 -5.245687 11.317269,
        12.845407 -4.981442 11.486771,
        12.864589 -5.476133 11.113091,
        12.883993 -5.834609 10.604420,
        12.874037 -5.673597 10.874908,
        12.894103 -5.951945 10.310570,
        12.913337 -6.042442 9.696704,
        12.903999 -6.021434 10.004196,
        12.922751 -6.016106 9.388809,
        12.942801 -5.818707 8.791506,
        12.952717 -5.653224 8.524223,
        12.932689 -5.941183 9.083263,
        12.962089 -5.452243 8.290081,
        12.981386 -4.950215 7.924268,
        12.991498 -4.658279 7.802214,
        12.971467 -5.217765 8.089385,
        13.001433 -4.352660 7.727739,
        13.010841 -4.044795 7.701843,
        13.020183 -3.737271 7.723289,
        13.040194 -3.137277 7.910988,
        13.030082 -3.430960 7.793227,
        13.068902 -2.425308 8.500906,
        13.059589 -2.629197 8.270131,
        13.050147 -2.867049 8.072372,
        13.078781 -2.256163 8.765428,
        13.088892 -2.129439 9.055335,
        13.098859 -2.049989 9.360078,
        13.108336 -2.019179 9.668231,
        13.117620 -2.035760 9.975433,
        13.127479 -2.100706 10.282390,
        13.137586 -2.213708 10.577884,
        13.147572 -2.370917 10.850963,
        13.157080 -2.565356 11.092459,
        13.166344 -2.792499 11.299584,
        13.176179 -3.053903 11.472674,
        13.186281 -3.341670 11.604017,
        13.196281 -3.645416 11.688428,
        13.205822 -3.953740 11.724173,
        13.215065 -4.260704 11.712439,
        13.224878 -4.568184 11.652489,
        13.234976 -4.865373 11.544285,
        13.244991 -5.141206 11.391326,
        13.254564 -5.386281 11.200304,
        13.263791 -5.596685 10.976723,
        13.273579 -5.773635 10.718523,
        13.283671 -5.909543 10.433006,
        13.293700 -5.998897 10.130377,
        13.303302 -6.039598 9.821997,
        13.312517 -6.032696 9.515193,
        13.322281 -5.977739 9.207308,
        13.332365 -5.874371 8.908541,
        13.342405 -5.725733 8.630053,
        13.352038 -5.538223 8.381471,
        13.361244 -5.318139 8.167736,
        13.370983 -5.063226 7.987014,
        13.381061 -4.780066 7.846600,
        13.391112 -4.478675 7.752326,
        13.409976 -3.863630 7.708732,
        13.419685 -3.555461 7.758699,
        13.400775 -4.170358 7.706654,
        13.429756 -3.255235 7.857197,
        13.439817 -2.974193 8.001448,
        13.449508 -2.722178 8.185352,
        13.468389 -2.320653 8.653548,
        13.458707 -2.505059 8.402002,
        13.478449 -2.175794 8.934245,
        13.498239 -2.025971 9.542414,
        13.488520 -2.076624 9.234278,
        13.507441 -2.023228 9.849147,
        13.527143 -2.161814 10.459049,
        13.517094 -2.068215 10.157481,
        13.537224 -2.301611 10.742540,
        13.556176 -2.695092 11.218473,
        13.565799 -2.943196 11.406471,
        13.546968 -2.481819 10.997910,
        13.575838 -3.221324 11.555709,
        13.595695 -3.827717 11.715387,
        13.604912 -4.134538 11.722954,
        13.585926 -3.519881 11.659744,
        13.614507 -4.442918 11.682937,
        13.624532 -4.745707 11.594262,
        13.634628 -5.031540 11.458979,
        13.653653 -5.514254 11.072606,
        13.644421 -5.290187 11.282556,
        13.663217 -5.705752 10.828020,
        13.683327 -5.968167 10.255597,
        13.673228 -5.859301 10.552560,
        13.693146 -6.028806 9.948181,
        13.702394 -6.041207 9.641191,
        13.711925 -6.006141 9.332883,
        13.721922 -5.922412 9.028993,
        13.732027 -5.791701 8.740924,
        13.741869 -5.619150 8.479085,
        13.751138 -5.412474 8.251447,
        13.760637 -5.171475 8.056544,
        13.770617 -4.898782 7.898757,
        13.780726 -4.603531 7.785096,
        13.790589 -4.296656 7.719463,
        13.799882 -3.989414 7.702215,
        13.809348 -3.681294 7.732346,
        13.819313 -3.376424 7.811111,
        13.829425 -3.086230 7.937196,
        13.839309 -2.821286 8.105792,
        13.848631 -2.590006 8.309239,
        13.858062 -2.391798 8.546584,
        13.868009 -2.229844 8.816411,
        13.878121 -2.111431 9.109837,
        10.954173 -4.030590 7.548363,
        11.042756 -4.030590 7.701793,
        10.993515 -2.765559 7.956316,
        10.983578 -3.054965 7.780607,
        10.973465 -3.370117 7.651550,
        10.963584 -3.698205 7.574124,
        10.963547 -3.699428 7.573837,
        10.993656 -2.761715 7.959559,
        11.012264 -2.293509 8.420925,
        11.003096 -2.507347 8.175376,
        11.002924 -2.511378 8.170747,
        11.012485 -2.289498 8.427300,
        11.032274 -1.979320 9.020139,
        11.022427 -2.109921 8.715299,
        11.022162 -2.113427 8.707115,
        11.032573 -1.976822 9.030012,
        11.051673 -1.865496 9.680093,
        11.042550 -1.895200 9.359845,
        11.042228 -1.896245 9.348567,
        11.052018 -1.866246 9.692363,
        11.070861 -1.958065 10.340936,
        11.061386 -1.888676 10.024350,
        11.060983 -1.885721 10.010871,
        11.071313 -1.963620 10.355148,
        11.090941 -2.253274 10.950613,
        11.081457 -2.090385 10.672378,
        11.080970 -2.082022 10.658092,
        11.091443 -2.264431 10.964267,
        11.109704 -2.710415 11.430080,
        11.100937 -2.477911 11.221092,
        11.100420 -2.464180 11.208750,
        11.110289 -2.727218 11.441031,
        11.129665 -3.304067 11.753552,
        11.120201 -3.013020 11.623278,
        11.119559 -2.993292 11.614447,
        11.130341 -3.326202 11.759530,
        11.149164 -3.963250 11.878024,
        11.140335 -3.655291 11.844561,
        11.139653 -3.631481 11.841973,
        11.149854 -3.987873 11.876907,
        11.168258 -4.624417 11.796055,
        11.159192 -4.319511 11.857802,
        11.158425 -4.293729 11.863024,
        11.169088 -4.650623 11.786296,
        11.188363 -5.238988 11.510529,
        11.179224 -4.968979 11.662845,
        11.178361 -4.943455 11.677243,
        11.189228 -5.262733 11.491746,
        11.207148 -5.725846 11.060887,
        11.198769 -5.521990 11.280637,
        11.197906 -5.501009 11.303254,
        11.208096 -5.744048 11.033911,
        11.227056 -6.058454 10.473007,
        11.217976 -5.928930 10.750329,
        11.216958 -5.914410 10.781416,
        11.228109 -6.068309 10.438712,
        11.246647 -6.193580 9.814852,
        11.238121 -6.156734 10.110408,
        11.237072 -6.152205 10.146738,
        11.247682 -6.192482 9.777803,
        11.265659 -6.122193 9.153402,
        11.257000 -6.176697 9.446467,
        11.255873 -6.183786 9.484584,
        11.266864 -6.108621 9.115083,
        11.285780 -5.846471 8.534169,
        11.276993 -5.988492 8.795644,
        11.275750 -6.008569 8.832609,
        11.287012 -5.820357 8.500064,
        11.304599 -5.404357 8.039943,
        11.296594 -5.611653 8.238397,
        11.295386 -5.642929 8.268338,
        11.305904 -5.367470 8.014191,
        11.324445 -4.822460 7.698351,
        11.315753 -5.086134 7.826708,
        11.314360 -5.128383 7.847274,
        11.325877 -4.776117 7.684226,
        11.344123 -4.165587 7.552575,
        11.335905 -4.448639 7.592420,
        11.334487 -4.497464 7.599294,
        11.345504 -4.116050 7.553266,
        11.363063 -3.503896 7.613395,
        11.354810 -3.784970 7.565733,
        11.353328 -3.835442 7.557174,
        11.364642 -3.453355 7.630387,
        11.383193 -2.880235 7.879202,
        11.374762 -3.132874 7.747188,
        11.373140 -3.181472 7.721794,
        11.384796 -2.835507 7.912339,
        11.402057 -2.378662 8.313755,
        11.394413 -2.571456 8.118606,
        11.392857 -2.610673 8.078909,
        11.403715 -2.345069 8.360280,
        11.421833 -2.028248 8.889467,
        11.413532 -2.155019 8.639347,
        11.411765 -2.181985 8.586144,
        11.423646 -2.009462 8.947731,
        11.441591 -1.871833 9.544800,
        11.433689 -1.914289 9.274342,
        11.431898 -1.923909 9.213061,
        11.443320 -1.871723 9.606874,
        11.460470 -1.922098 10.206694,
        11.452623 -1.880874 9.937745,
        11.450790 -1.871243 9.874912,
        11.462422 -1.942113 10.269551,
        11.480601 -2.177886 10.834543,
        11.472531 -2.055581 10.591030,
        11.470528 -2.025239 10.530618,
        11.482579 -2.217730 10.890146,
        11.499523 -2.604843 11.343443,
        11.492227 -2.421527 11.156556,
        11.490321 -2.373659 11.107756,
        11.501530 -2.660726 11.385158,
        11.519223 -3.174173 11.702514,
        11.511312 -2.937501 11.577740,
        11.509175 -2.873563 11.544031,
        11.521415 -3.244217 11.726348,
        11.539050 -3.827711 11.869547,
        11.531470 -3.569923 11.824874,
        11.529304 -3.496237 11.812104,
        11.541132 -3.902355 11.870854,
        11.557881 -4.489767 11.829826,
        11.550439 -4.233065 11.865020,
        11.548259 -4.157877 11.875327,
        11.560203 -4.565020 11.807189,
        11.578006 -5.121563 11.584155,
        11.570300 -4.887457 11.697059,
        11.567917 -4.815064 11.731974,
        11.580361 -5.188285 11.537932,
        11.596996 -5.637769 11.164831,
        11.590037 -5.457024 11.336633,
        11.587778 -5.398340 11.392413,
        11.599348 -5.687874 11.099878,
        11.616612 -6.005326 10.602073,
        11.609094 -5.882956 10.825419,
        11.606589 -5.842170 10.899861,
        11.619186 -6.034590 10.520403,
        11.636504 -6.182949 9.950587,
        11.629252 -6.136455 10.195642,
        11.626707 -6.120133 10.281669,
        11.638942 -6.185848 9.863351,
        11.655297 -6.153765 9.288409,
        11.648258 -6.183335 9.532756,
        11.645735 -6.193927 9.620278,
        11.657986 -6.128906 9.200689,
        11.675407 -5.918299 8.652911,
        11.668071 -6.022120 8.877337,
        11.665307 -6.061225 8.961867,
        11.678143 -5.866031 8.574835,
        11.694478 -5.506647 8.129416,
        11.687846 -5.667259 8.303797,
        11.685227 -5.730681 8.372656,
        11.697168 -5.432920 8.070661,
        11.714003 -4.950647 7.753551,
        11.706878 -5.160798 7.873113,
        11.704006 -5.245504 7.921304,
        11.716955 -4.857516 7.718480,
        11.733950 -4.301468 7.565373,
        11.727033 -4.533739 7.613289,
        11.724107 -4.632026 7.633565,
        11.736760 -4.201643 7.559105,
      ]
    }
    coordIndex [
      855, 856, 857, -1,
      858, 859, 860, -1,
      861, 862, 863, -1,
      864, 865, 866, -1,
      867, 868, 869, -1,
      870, 871, 872, -1,
      873, 874, 875, -1,
      876, 877, 878, -1,
      879, 880, 881, -1,
      882, 883, 884, -1,
      885, 886, 887, -1,
      888, 889, 890, -1,
      891, 892, 893, -1,
      894, 895, 896, -1,
      897, 898, 899, -1,
      900, 901, 902, -1,
      903, 904, 905, -1,
      906, 907, 908, -1,
      909, 910, 911, -1,
      912, 913, 914, -1,
      915, 916, 917, -1,
      918, 919, 920, -1,
      921, 922, 923, -1,
      924, 925, 926, -1,
      927, 928, 929, -1,
      930, 931, 932, -1,
      933, 934, 935, -1,
      936, 937, 938, -1,
      939, 940, 941, -1,
      942, 943, 944, -1,
      945, 946, 947, -1,
      948, 949, 950, -1,
      951, 952, 953, -1,
      954, 955, 956, -1,
      957, 958, 959, -1,
      960, 961, 962, -1,
      963, 964, 965, -1,
      966, 967, 968, -1,
      969, 970, 971, -1,
      972, 973, 974, -1,
      975, 976, 977, -1,
      978, 979, 980, -1,
      981, 982, 983, -1,
      984, 985, 986, -1,
      987, 988, 989, -1,
      990, 991, 992, -1,
      993, 994, 995, -1,
      996, 997, 998, -1,
      999, 1000, 1001, -1,
      1002, 1003, 1004, -1,
      1005, 1006, 1007, -1,
      1008, 1009, 1010, -1,
      1011, 1012, 1013, -1,
      1014, 1015, 1016, -1,
      1017, 1018, 1019, -1,
      1020, 1021, 1022, -1,
      1023, 1024, 1025, -1,
      1026, 1027, 1028, -1,
      1029, 1030, 1031, -1,
      1032, 1033, 1034, -1,
      1035, 1036, 1037, -1,
      1038, 1039, 1040, -1,
      1041, 1042, 1043, -1,
      1044, 1045, 1046, -1,
      1047, 1048, 1049, -1,
      1050, 1051, 1052, -1,
      1053, 1054, 1055, -1,
      1056, 1057, 1058, -1,
      1059, 1060, 1061, -1,
      44, 49, 863, -1,
      51, 53, 866, -1,
      55, 57, 869, -1,
      59, 61, 872, -1,
      69, 71, 881, -1,
      77, 79, 887, -1,
      81, 83, 890, -1,
      90, 92, 899, -1,
      98, 100, 905, -1,
      102, 105, 908, -1,
      325, 323, 1062, -1,
      207, 205, 1063, -1,
      1063, 205, 1064, -1,
      183, 181, 917, -1,
      179, 177, 920, -1,
      171, 169, 926, -1,
      161, 159, 935, -1,
      157, 155, 938, -1,
      149, 147, 944, -1,
      334, 339, 953, -1,
      338, 341, 956, -1,
      26, 25, 959, -1,
      23, 22, 962, -1,
      502, 504, 1065, -1,
      542, 544, 968, -1,
      550, 552, 974, -1,
      554, 556, 977, -1,
      564, 566, 986, -1,
      572, 574, 992, -1,
      584, 583, 1001, -1,
      582, 587, 1004, -1,
      590, 593, 1010, -1,
      604, 606, 1066, -1,
      771, 773, 1013, -1,
      781, 783, 1022, -1,
      785, 787, 1025, -1,
      789, 791, 1028, -1,
      793, 795, 1031, -1,
      803, 805, 1040, -1,
      811, 813, 1046, -1,
      815, 817, 1049, -1,
      824, 826, 1058, -1,
      2, 844, 1067, -1,
      38, 39, 1068, -1,
      1068, 39, 1069, -1,
      1070, 1071, 1072, -1,
      1072, 1071, 1073, -1,
      1072, 1073, 1068, -1,
      1068, 1073, 1074, -1,
      1068, 1074, 38, -1,
      1075, 1076, 1077, -1,
      1075, 1077, 1072, -1,
      1072, 1077, 1078, -1,
      1072, 1078, 1070, -1,
      1079, 1080, 1081, -1,
      1081, 1080, 1082, -1,
      1081, 1082, 1075, -1,
      1075, 1082, 1083, -1,
      1075, 1083, 1076, -1,
      1084, 1085, 1086, -1,
      1086, 1085, 1087, -1,
      1086, 1087, 1088, -1,
      1089, 1090, 1084, -1,
      1084, 1090, 1091, -1,
      1084, 1091, 1085, -1,
      1092, 1093, 1094, -1,
      1094, 1093, 1095, -1,
      1094, 1095, 1096, -1,
      1096, 1095, 1097, -1,
      1096, 1097, 1098, -1,
      1099, 1100, 1101, -1,
      1101, 1100, 1102, -1,
      1101, 1102, 1103, -1,
      1104, 1105, 1106, -1,
      1107, 1108, 1109, -1,
      1109, 1108, 1110, -1,
      1109, 1110, 1106, -1,
      1106, 1110, 1111, -1,
      1106, 1111, 1104, -1,
      1112, 1113, 1114, -1,
      1114, 1113, 1115, -1,
      1114, 1115, 1116, -1,
      1116, 1115, 1117, -1,
      1116, 1117, 1107, -1,
      1107, 1117, 1118, -1,
      1107, 1118, 1108, -1,
      1119, 1120, 1121, -1,
      1121, 1120, 1122, -1,
      1121, 1122, 1112, -1,
      1112, 1122, 1123, -1,
      1112, 1123, 1113, -1,
      1124, 1125, 1126, -1,
      1126, 1125, 1127, -1,
      1126, 1127, 1128, -1,
      1128, 1127, 1129, -1,
      1128, 1129, 1119, -1,
      1119, 1129, 1130, -1,
      1119, 1130, 1120, -1,
      1131, 1132, 1133, -1,
      1133, 1132, 1134, -1,
      1133, 1134, 1124, -1,
      1124, 1134, 1135, -1,
      1124, 1135, 1125, -1,
      1136, 1137, 1138, -1,
      1138, 1137, 1139, -1,
      1138, 1139, 1140, -1,
      1140, 1139, 1141, -1,
      1140, 1141, 1142, -1,
      1142, 1141, 1143, -1,
      1142, 1143, 1131, -1,
      1131, 1143, 1144, -1,
      1131, 1144, 1132, -1,
      1145, 1146, 1147, -1,
      1147, 1146, 1148, -1,
      1147, 1148, 1149, -1,
      1149, 1148, 1150, -1,
      1151, 1152, 1153, -1,
      1153, 1152, 1154, -1,
      1153, 1154, 1155, -1,
      1155, 1154, 1156, -1,
      1157, 1158, 1159, -1,
      1159, 1158, 1160, -1,
      1159, 1160, 1161, -1,
      1161, 1160, 1162, -1,
      1163, 1164, 1165, -1,
      1165, 1164, 1166, -1,
      1165, 1166, 1167, -1,
      1167, 1166, 1168, -1,
      1169, 1170, 1171, -1,
      1171, 1170, 1172, -1,
      1171, 1172, 1173, -1,
      1173, 1172, 1174, -1,
      1175, 1176, 1177, -1,
      1177, 1176, 1178, -1,
      1177, 1178, 1179, -1,
      1179, 1178, 1180, -1,
      1181, 1182, 1183, -1,
      1183, 1182, 1184, -1,
      1183, 1184, 1185, -1,
      1185, 1184, 1186, -1,
      1187, 1188, 1189, -1,
      1189, 1188, 1190, -1,
      1189, 1190, 1191, -1,
      1191, 1190, 1192, -1,
      1193, 1194, 1195, -1,
      1195, 1194, 1196, -1,
      1195, 1196, 1197, -1,
      1197, 1196, 1198, -1,
      1199, 1200, 1201, -1,
      1201, 1200, 1202, -1,
      1201, 1202, 1203, -1,
      1203, 1202, 1204, -1,
      1205, 1206, 1207, -1,
      1207, 1206, 1208, -1,
      1209, 1210, 1208, -1,
      1208, 1210, 1211, -1,
      1208, 1211, 1207, -1,
      1212, 1213, 1214, -1,
      1214, 1213, 1215, -1,
      1214, 1215, 1216, -1,
      1216, 1215, 1217, -1,
      1218, 1219, 1220, -1,
      1220, 1219, 1221, -1,
      1220, 1221, 1222, -1,
      1222, 1221, 1223, -1,
      1224, 1225, 1226, -1,
      1226, 1225, 1227, -1,
      1226, 1227, 1228, -1,
      1229, 1230, 1231, -1,
      1231, 1230, 1232, -1,
      1231, 1232, 1233, -1,
      1233, 1232, 1234, -1,
      1235, 1236, 1237, -1,
      1237, 1236, 1238, -1,
      1237, 1238, 1239, -1,
      1239, 1238, 1240, -1,
      1241, 1242, 1243, -1,
      1243, 1242, 1244, -1,
      1243, 1244, 1245, -1,
      1245, 1244, 1246, -1,
      1247, 1248, 1249, -1,
      1249, 1248, 1250, -1,
      1251, 1252, 1253, -1,
      1253, 1252, 1254, -1,
      1253, 1254, 1250, -1,
      1250, 1254, 1255, -1,
      1250, 1255, 1249, -1,
      1256, 1257, 1258, -1,
      1258, 1257, 1259, -1,
      1258, 1259, 1260, -1,
      1260, 1259, 1261, -1,
      1262, 1263, 1264, -1,
      1264, 1263, 1265, -1,
      1264, 1265, 1266, -1,
      1266, 1265, 1267, -1,
      1268, 1269, 1270, -1,
      1270, 1269, 1271, -1,
      1270, 1271, 1272, -1,
      1272, 1271, 1273, -1,
      1274, 1275, 1276, -1,
      1276, 1275, 1277, -1,
      1276, 1277, 1278, -1,
      1278, 1277, 845, -1,
      1067, 844, 1279, -1,
      1279, 844, 842, -1,
      1279, 842, 843, -1,
      839, 1280, 836, -1,
      836, 1280, 1281, -1,
      830, 832, 1281, -1,
      1281, 832, 834, -1,
      1281, 834, 836, -1,
      821, 822, 1055, -1,
      811, 1046, 809, -1,
      799, 801, 1037, -1,
      777, 779, 1019, -1,
      769, 1282, 767, -1,
      767, 1282, 1283, -1,
      1284, 763, 1283, -1,
      1283, 763, 765, -1,
      1283, 765, 767, -1,
      1285, 759, 1284, -1,
      1284, 759, 761, -1,
      1284, 761, 763, -1,
      1286, 753, 1287, -1,
      1287, 753, 755, -1,
      1287, 755, 1285, -1,
      1285, 755, 757, -1,
      1285, 757, 759, -1,
      747, 749, 1286, -1,
      1286, 749, 751, -1,
      1286, 751, 753, -1,
      741, 743, 1288, -1,
      1288, 743, 745, -1,
      1288, 745, 1289, -1,
      739, 1290, 737, -1,
      737, 1290, 1291, -1,
      737, 1291, 735, -1,
      735, 1291, 733, -1,
      731, 1292, 1293, -1,
      725, 727, 1293, -1,
      1293, 727, 729, -1,
      1293, 729, 731, -1,
      719, 721, 1294, -1,
      1294, 721, 723, -1,
      1294, 723, 1295, -1,
      717, 1296, 715, -1,
      715, 1296, 1297, -1,
      715, 1297, 713, -1,
      713, 1297, 711, -1,
      709, 1298, 1299, -1,
      703, 705, 1299, -1,
      1299, 705, 707, -1,
      1299, 707, 709, -1,
      697, 699, 1300, -1,
      1300, 699, 701, -1,
      1300, 701, 1301, -1,
      695, 1302, 693, -1,
      693, 1302, 1303, -1,
      693, 1303, 691, -1,
      689, 1304, 687, -1,
      687, 1304, 1305, -1,
      681, 683, 1305, -1,
      1305, 683, 685, -1,
      1305, 685, 687, -1,
      675, 677, 1306, -1,
      1306, 677, 679, -1,
      1306, 679, 1307, -1,
      673, 1308, 671, -1,
      671, 1308, 1309, -1,
      671, 1309, 669, -1,
      667, 1310, 665, -1,
      665, 1310, 1311, -1,
      659, 661, 1311, -1,
      1311, 661, 663, -1,
      1311, 663, 665, -1,
      653, 655, 1312, -1,
      1312, 655, 657, -1,
      1312, 657, 1313, -1,
      651, 1314, 649, -1,
      649, 1314, 1315, -1,
      649, 1315, 647, -1,
      645, 1316, 643, -1,
      643, 1316, 1317, -1,
      637, 639, 1317, -1,
      1317, 639, 641, -1,
      1317, 641, 643, -1,
      630, 633, 1318, -1,
      1318, 633, 635, -1,
      1318, 635, 1319, -1,
      631, 1320, 3, -1,
      3, 1320, 1321, -1,
      3, 1321, 4, -1,
      4, 1321, 1322, -1,
      620, 622, 1323, -1,
      1323, 622, 624, -1,
      1323, 624, 1322, -1,
      1322, 624, 626, -1,
      1322, 626, 4, -1,
      618, 1324, 616, -1,
      616, 1324, 1325, -1,
      616, 1325, 614, -1,
      614, 1325, 611, -1,
      612, 1326, 6, -1,
      6, 1326, 1327, -1,
      6, 1327, 7, -1,
      1066, 606, 1328, -1,
      1328, 606, 10, -1,
      1328, 10, 9, -1,
      602, 1329, 599, -1,
      599, 1329, 1330, -1,
      599, 1330, 600, -1,
      600, 1330, 595, -1,
      596, 1331, 12, -1,
      12, 1331, 1332, -1,
      12, 1332, 13, -1,
      590, 1010, 16, -1,
      578, 580, 998, -1,
      572, 992, 570, -1,
      560, 562, 983, -1,
      550, 974, 548, -1,
      538, 540, 965, -1,
      536, 1333, 1334, -1,
      1335, 532, 1334, -1,
      1334, 532, 534, -1,
      1334, 534, 536, -1,
      526, 528, 1335, -1,
      1335, 528, 530, -1,
      1335, 530, 532, -1,
      1336, 1337, 524, -1,
      1338, 520, 1337, -1,
      1337, 520, 522, -1,
      1337, 522, 524, -1,
      510, 512, 1339, -1,
      1339, 512, 514, -1,
      1339, 514, 1340, -1,
      1340, 514, 516, -1,
      1340, 516, 1338, -1,
      1338, 516, 518, -1,
      1338, 518, 520, -1,
      1065, 504, 1341, -1,
      1341, 504, 506, -1,
      1341, 506, 508, -1,
      500, 1342, 498, -1,
      498, 1342, 1343, -1,
      498, 1343, 496, -1,
      496, 1343, 494, -1,
      488, 490, 1344, -1,
      1344, 490, 492, -1,
      1344, 492, 1345, -1,
      486, 1346, 484, -1,
      484, 1346, 1347, -1,
      484, 1347, 482, -1,
      482, 1347, 480, -1,
      478, 1348, 476, -1,
      476, 1348, 1349, -1,
      476, 1349, 474, -1,
      474, 1349, 472, -1,
      470, 1350, 1351, -1,
      464, 466, 1351, -1,
      1351, 466, 468, -1,
      1351, 468, 470, -1,
      458, 460, 1352, -1,
      1352, 460, 462, -1,
      1352, 462, 1353, -1,
      456, 1354, 454, -1,
      454, 1354, 1355, -1,
      454, 1355, 452, -1,
      452, 1355, 450, -1,
      448, 1356, 1357, -1,
      442, 444, 1357, -1,
      1357, 444, 446, -1,
      1357, 446, 448, -1,
      436, 438, 1358, -1,
      1358, 438, 440, -1,
      1358, 440, 1359, -1,
      434, 1360, 432, -1,
      432, 1360, 1361, -1,
      432, 1361, 430, -1,
      430, 1361, 428, -1,
      426, 1362, 1363, -1,
      420, 422, 1363, -1,
      1363, 422, 424, -1,
      1363, 424, 426, -1,
      414, 416, 1364, -1,
      1364, 416, 418, -1,
      1364, 418, 1365, -1,
      413, 1366, 411, -1,
      411, 1366, 1367, -1,
      411, 1367, 408, -1,
      406, 1368, 404, -1,
      404, 1368, 1369, -1,
      398, 400, 1369, -1,
      1369, 400, 402, -1,
      1369, 402, 404, -1,
      392, 394, 1370, -1,
      1370, 394, 396, -1,
      1370, 396, 1371, -1,
      390, 1372, 389, -1,
      389, 1372, 1373, -1,
      389, 1373, 386, -1,
      386, 1373, 1374, -1,
      1375, 382, 1374, -1,
      1374, 382, 384, -1,
      1374, 384, 386, -1,
      376, 378, 1375, -1,
      1375, 378, 380, -1,
      1375, 380, 382, -1,
      370, 372, 1376, -1,
      1376, 372, 374, -1,
      1376, 374, 1377, -1,
      368, 1378, 367, -1,
      367, 1378, 1379, -1,
      367, 1379, 364, -1,
      362, 1380, 360, -1,
      360, 1380, 1381, -1,
      354, 356, 1381, -1,
      1381, 356, 358, -1,
      1381, 358, 360, -1,
      347, 350, 1382, -1,
      1382, 350, 352, -1,
      1382, 352, 1383, -1,
      348, 1384, 19, -1,
      19, 1384, 1385, -1,
      19, 1385, 20, -1,
      28, 335, 950, -1,
      149, 944, 151, -1,
      165, 163, 932, -1,
      171, 926, 173, -1,
      187, 185, 914, -1,
      1386, 197, 1387, -1,
      1387, 197, 195, -1,
      1387, 195, 1388, -1,
      1388, 195, 193, -1,
      1388, 193, 191, -1,
      205, 203, 1064, -1,
      1064, 203, 201, -1,
      1064, 201, 1386, -1,
      1386, 201, 199, -1,
      1386, 199, 197, -1,
      209, 1389, 211, -1,
      211, 1389, 1390, -1,
      217, 215, 1390, -1,
      1390, 215, 213, -1,
      1390, 213, 211, -1,
      223, 221, 1391, -1,
      1391, 221, 219, -1,
      1391, 219, 1392, -1,
      225, 1393, 227, -1,
      227, 1393, 1394, -1,
      227, 1394, 229, -1,
      231, 1395, 233, -1,
      233, 1395, 1396, -1,
      239, 237, 1396, -1,
      1396, 237, 235, -1,
      1396, 235, 233, -1,
      245, 243, 1397, -1,
      1397, 243, 241, -1,
      1397, 241, 1398, -1,
      247, 1399, 249, -1,
      249, 1399, 1400, -1,
      249, 1400, 251, -1,
      253, 1401, 255, -1,
      255, 1401, 1402, -1,
      261, 259, 1402, -1,
      1402, 259, 257, -1,
      1402, 257, 255, -1,
      267, 265, 1403, -1,
      1403, 265, 263, -1,
      1403, 263, 1404, -1,
      269, 1405, 271, -1,
      271, 1405, 1406, -1,
      271, 1406, 273, -1,
      275, 1407, 277, -1,
      277, 1407, 1408, -1,
      277, 1408, 279, -1,
      279, 1408, 281, -1,
      283, 1409, 285, -1,
      285, 1409, 1410, -1,
      285, 1410, 287, -1,
      287, 1410, 289, -1,
      291, 1411, 293, -1,
      293, 1411, 1412, -1,
      293, 1412, 295, -1,
      297, 1413, 299, -1,
      299, 1413, 1414, -1,
      299, 1414, 301, -1,
      301, 1414, 303, -1,
      305, 1415, 307, -1,
      307, 1415, 1416, -1,
      307, 1416, 309, -1,
      309, 1416, 311, -1,
      313, 1417, 315, -1,
      315, 1417, 1418, -1,
      315, 1418, 317, -1,
      1062, 323, 1419, -1,
      1419, 323, 321, -1,
      1419, 321, 319, -1,
      327, 1420, 329, -1,
      329, 1420, 1421, -1,
      145, 33, 1422, -1,
      1422, 33, 332, -1,
      1422, 332, 1421, -1,
      1421, 332, 331, -1,
      1421, 331, 329, -1,
      142, 1423, 1424, -1,
      136, 138, 1424, -1,
      1424, 138, 140, -1,
      1424, 140, 142, -1,
      130, 132, 1425, -1,
      1425, 132, 134, -1,
      1425, 134, 1426, -1,
      128, 1427, 34, -1,
      34, 1427, 1428, -1,
      34, 1428, 35, -1,
      127, 1429, 124, -1,
      124, 1429, 1430, -1,
      118, 120, 1430, -1,
      1430, 120, 122, -1,
      1430, 122, 124, -1,
      112, 114, 1431, -1,
      1431, 114, 116, -1,
      1431, 116, 1432, -1,
      110, 1433, 109, -1,
      109, 1433, 1434, -1,
      109, 1434, 106, -1,
      98, 905, 96, -1,
      87, 88, 896, -1,
      77, 887, 75, -1,
      65, 67, 878, -1,
      46, 45, 860, -1,
      42, 1435, 41, -1,
      41, 1435, 1069, -1,
      41, 1069, 40, -1,
      40, 1069, 39, -1,
      1436, 1146, 1437, -1,
      1437, 1146, 1145, -1,
      1437, 1145, 1438, -1,
      1439, 1148, 1440, -1,
      1440, 1148, 1146, -1,
      1440, 1146, 1441, -1,
      1441, 1146, 1436, -1,
      1439, 1442, 1148, -1,
      1148, 1442, 1152, -1,
      1148, 1152, 1150, -1,
      1150, 1152, 1151, -1,
      1443, 1154, 1444, -1,
      1444, 1154, 1152, -1,
      1444, 1152, 1445, -1,
      1445, 1152, 1442, -1,
      1443, 1446, 1154, -1,
      1154, 1446, 1158, -1,
      1154, 1158, 1156, -1,
      1156, 1158, 1157, -1,
      1447, 1160, 1448, -1,
      1448, 1160, 1158, -1,
      1448, 1158, 1449, -1,
      1449, 1158, 1446, -1,
      1447, 1450, 1160, -1,
      1160, 1450, 1164, -1,
      1160, 1164, 1162, -1,
      1162, 1164, 1163, -1,
      1451, 1166, 1452, -1,
      1452, 1166, 1164, -1,
      1452, 1164, 1453, -1,
      1453, 1164, 1450, -1,
      1451, 1454, 1166, -1,
      1166, 1454, 1170, -1,
      1166, 1170, 1168, -1,
      1168, 1170, 1169, -1,
      1455, 1172, 1456, -1,
      1456, 1172, 1170, -1,
      1456, 1170, 1457, -1,
      1457, 1170, 1454, -1,
      1455, 1458, 1172, -1,
      1172, 1458, 1176, -1,
      1172, 1176, 1174, -1,
      1174, 1176, 1175, -1,
      1459, 1178, 1460, -1,
      1460, 1178, 1176, -1,
      1460, 1176, 1461, -1,
      1461, 1176, 1458, -1,
      1459, 1462, 1178, -1,
      1178, 1462, 1182, -1,
      1178, 1182, 1180, -1,
      1180, 1182, 1181, -1,
      1463, 1184, 1464, -1,
      1464, 1184, 1182, -1,
      1464, 1182, 1465, -1,
      1465, 1182, 1462, -1,
      1463, 1466, 1184, -1,
      1184, 1466, 1188, -1,
      1184, 1188, 1186, -1,
      1186, 1188, 1187, -1,
      1467, 1190, 1468, -1,
      1468, 1190, 1188, -1,
      1468, 1188, 1469, -1,
      1469, 1188, 1466, -1,
      1467, 1470, 1190, -1,
      1190, 1470, 1194, -1,
      1190, 1194, 1192, -1,
      1192, 1194, 1193, -1,
      1471, 1196, 1472, -1,
      1472, 1196, 1194, -1,
      1472, 1194, 1473, -1,
      1473, 1194, 1470, -1,
      1471, 1474, 1196, -1,
      1196, 1474, 1200, -1,
      1196, 1200, 1198, -1,
      1198, 1200, 1199, -1,
      1475, 1202, 1476, -1,
      1476, 1202, 1200, -1,
      1476, 1200, 1477, -1,
      1477, 1200, 1474, -1,
      1475, 1478, 1202, -1,
      1202, 1478, 1206, -1,
      1202, 1206, 1204, -1,
      1204, 1206, 1205, -1,
      1479, 1208, 1480, -1,
      1480, 1208, 1206, -1,
      1480, 1206, 1481, -1,
      1481, 1206, 1478, -1,
      1479, 1482, 1208, -1,
      1208, 1482, 1213, -1,
      1208, 1213, 1209, -1,
      1209, 1213, 1212, -1,
      1483, 1215, 1484, -1,
      1484, 1215, 1213, -1,
      1484, 1213, 1485, -1,
      1485, 1213, 1482, -1,
      1483, 1486, 1215, -1,
      1215, 1486, 1219, -1,
      1215, 1219, 1217, -1,
      1217, 1219, 1218, -1,
      1487, 1221, 1488, -1,
      1488, 1221, 1219, -1,
      1488, 1219, 1489, -1,
      1489, 1219, 1486, -1,
      1487, 1490, 1221, -1,
      1221, 1490, 1228, -1,
      1221, 1228, 1223, -1,
      1223, 1228, 1227, -1,
      1491, 1226, 1492, -1,
      1492, 1226, 1228, -1,
      1492, 1228, 1493, -1,
      1493, 1228, 1490, -1,
      1491, 1494, 1226, -1,
      1226, 1494, 1230, -1,
      1226, 1230, 1224, -1,
      1224, 1230, 1229, -1,
      1495, 1232, 1496, -1,
      1496, 1232, 1230, -1,
      1496, 1230, 1497, -1,
      1497, 1230, 1494, -1,
      1495, 1498, 1232, -1,
      1232, 1498, 1236, -1,
      1232, 1236, 1234, -1,
      1234, 1236, 1235, -1,
      1499, 1238, 1500, -1,
      1500, 1238, 1236, -1,
      1500, 1236, 1501, -1,
      1501, 1236, 1498, -1,
      1499, 1502, 1238, -1,
      1238, 1502, 1242, -1,
      1238, 1242, 1240, -1,
      1240, 1242, 1241, -1,
      1503, 1244, 1504, -1,
      1504, 1244, 1242, -1,
      1504, 1242, 1505, -1,
      1505, 1242, 1502, -1,
      1503, 1506, 1244, -1,
      1244, 1506, 1248, -1,
      1244, 1248, 1246, -1,
      1246, 1248, 1247, -1,
      1506, 1507, 1248, -1,
      1248, 1507, 1508, -1,
      1248, 1508, 1250, -1,
      1250, 1508, 1509, -1,
      1250, 1509, 1253, -1,
      1253, 1509, 1510, -1,
      1510, 1511, 1253, -1,
      1253, 1511, 1257, -1,
      1253, 1257, 1251, -1,
      1251, 1257, 1256, -1,
      1511, 1512, 1257, -1,
      1257, 1512, 1513, -1,
      1257, 1513, 1259, -1,
      1259, 1513, 1514, -1,
      1514, 1515, 1259, -1,
      1259, 1515, 1263, -1,
      1259, 1263, 1261, -1,
      1261, 1263, 1262, -1,
      1515, 1516, 1263, -1,
      1263, 1516, 1517, -1,
      1263, 1517, 1265, -1,
      1265, 1517, 1518, -1,
      1518, 1519, 1265, -1,
      1265, 1519, 1269, -1,
      1265, 1269, 1267, -1,
      1267, 1269, 1268, -1,
      1519, 1520, 1269, -1,
      1269, 1520, 1521, -1,
      1269, 1521, 1271, -1,
      1271, 1521, 1522, -1,
      1522, 1523, 1271, -1,
      1271, 1523, 1275, -1,
      1271, 1275, 1273, -1,
      1273, 1275, 1274, -1,
      1523, 1524, 1275, -1,
      1275, 1524, 1525, -1,
      1275, 1525, 1277, -1,
      1277, 1525, 1526, -1,
      1526, 1527, 1277, -1,
      1277, 1527, 1279, -1,
      1277, 1279, 845, -1,
      845, 1279, 843, -1,
      1527, 1528, 1279, -1,
      1279, 1528, 1529, -1,
      1279, 1529, 1067, -1,
      1067, 1529, 1530, -1,
      1530, 1531, 1067, -1,
      1067, 1531, 1280, -1,
      1067, 1280, 2, -1,
      2, 1280, 839, -1,
      1531, 1532, 1280, -1,
      1280, 1532, 1533, -1,
      1280, 1533, 1281, -1,
      1281, 1533, 1534, -1,
      1281, 1534, 1535, -1,
      1535, 1059, 1281, -1,
      1281, 1059, 1061, -1,
      1281, 1061, 830, -1,
      830, 1061, 828, -1,
      1060, 1056, 1061, -1,
      1061, 1056, 1058, -1,
      1061, 1058, 828, -1,
      828, 1058, 826, -1,
      1057, 1053, 1058, -1,
      1058, 1053, 1055, -1,
      1058, 1055, 824, -1,
      824, 1055, 822, -1,
      1054, 1050, 1055, -1,
      1055, 1050, 1052, -1,
      1055, 1052, 821, -1,
      821, 1052, 819, -1,
      1051, 1047, 1052, -1,
      1052, 1047, 1049, -1,
      1052, 1049, 819, -1,
      819, 1049, 817, -1,
      1048, 1044, 1049, -1,
      1049, 1044, 1046, -1,
      1049, 1046, 815, -1,
      815, 1046, 813, -1,
      1045, 1041, 1046, -1,
      1046, 1041, 1043, -1,
      1046, 1043, 809, -1,
      809, 1043, 807, -1,
      1042, 1038, 1043, -1,
      1043, 1038, 1040, -1,
      1043, 1040, 807, -1,
      807, 1040, 805, -1,
      1039, 1035, 1040, -1,
      1040, 1035, 1037, -1,
      1040, 1037, 803, -1,
      803, 1037, 801, -1,
      1036, 1032, 1037, -1,
      1037, 1032, 1034, -1,
      1037, 1034, 799, -1,
      799, 1034, 797, -1,
      1033, 1029, 1034, -1,
      1034, 1029, 1031, -1,
      1034, 1031, 797, -1,
      797, 1031, 795, -1,
      1030, 1026, 1031, -1,
      1031, 1026, 1028, -1,
      1031, 1028, 793, -1,
      793, 1028, 791, -1,
      1027, 1023, 1028, -1,
      1028, 1023, 1025, -1,
      1028, 1025, 789, -1,
      789, 1025, 787, -1,
      1024, 1020, 1025, -1,
      1025, 1020, 1022, -1,
      1025, 1022, 785, -1,
      785, 1022, 783, -1,
      1021, 1017, 1022, -1,
      1022, 1017, 1019, -1,
      1022, 1019, 781, -1,
      781, 1019, 779, -1,
      1018, 1014, 1019, -1,
      1019, 1014, 1016, -1,
      1019, 1016, 777, -1,
      777, 1016, 775, -1,
      1015, 1011, 1016, -1,
      1016, 1011, 1013, -1,
      1016, 1013, 775, -1,
      775, 1013, 773, -1,
      1012, 1536, 1013, -1,
      1013, 1536, 1282, -1,
      1013, 1282, 771, -1,
      771, 1282, 769, -1,
      1537, 1286, 1538, -1,
      1538, 1286, 1287, -1,
      1538, 1287, 1539, -1,
      1539, 1287, 1285, -1,
      1539, 1285, 1540, -1,
      1540, 1285, 1284, -1,
      1540, 1284, 1541, -1,
      1541, 1284, 1283, -1,
      1541, 1283, 1542, -1,
      1542, 1283, 1282, -1,
      1542, 1282, 1543, -1,
      1543, 1282, 1536, -1,
      1537, 1544, 1286, -1,
      1286, 1544, 1289, -1,
      1286, 1289, 747, -1,
      747, 1289, 745, -1,
      1545, 1288, 1546, -1,
      1546, 1288, 1289, -1,
      1546, 1289, 1547, -1,
      1547, 1289, 1544, -1,
      1545, 1548, 1288, -1,
      1288, 1548, 1290, -1,
      1288, 1290, 741, -1,
      741, 1290, 739, -1,
      1549, 1291, 1550, -1,
      1550, 1291, 1290, -1,
      1550, 1290, 1551, -1,
      1551, 1290, 1548, -1,
      1549, 1552, 1291, -1,
      1291, 1552, 1292, -1,
      1291, 1292, 733, -1,
      733, 1292, 731, -1,
      1553, 1293, 1554, -1,
      1554, 1293, 1292, -1,
      1554, 1292, 1555, -1,
      1555, 1292, 1552, -1,
      1553, 1556, 1293, -1,
      1293, 1556, 1295, -1,
      1293, 1295, 725, -1,
      725, 1295, 723, -1,
      1557, 1294, 1558, -1,
      1558, 1294, 1295, -1,
      1558, 1295, 1559, -1,
      1559, 1295, 1556, -1,
      1557, 1560, 1294, -1,
      1294, 1560, 1296, -1,
      1294, 1296, 719, -1,
      719, 1296, 717, -1,
      1561, 1297, 1562, -1,
      1562, 1297, 1296, -1,
      1562, 1296, 1563, -1,
      1563, 1296, 1560, -1,
      1561, 1564, 1297, -1,
      1297, 1564, 1298, -1,
      1297, 1298, 711, -1,
      711, 1298, 709, -1,
      1565, 1299, 1566, -1,
      1566, 1299, 1298, -1,
      1566, 1298, 1567, -1,
      1567, 1298, 1564, -1,
      1565, 1568, 1299, -1,
      1299, 1568, 1301, -1,
      1299, 1301, 703, -1,
      703, 1301, 701, -1,
      1569, 1300, 1570, -1,
      1570, 1300, 1301, -1,
      1570, 1301, 1571, -1,
      1571, 1301, 1568, -1,
      1569, 1572, 1300, -1,
      1300, 1572, 1302, -1,
      1300, 1302, 697, -1,
      697, 1302, 695, -1,
      1573, 1303, 1574, -1,
      1574, 1303, 1302, -1,
      1574, 1302, 1575, -1,
      1575, 1302, 1572, -1,
      1573, 1576, 1303, -1,
      1303, 1576, 1304, -1,
      1303, 1304, 691, -1,
      691, 1304, 689, -1,
      1577, 1305, 1578, -1,
      1578, 1305, 1304, -1,
      1578, 1304, 1579, -1,
      1579, 1304, 1576, -1,
      1577, 1580, 1305, -1,
      1305, 1580, 1307, -1,
      1305, 1307, 681, -1,
      681, 1307, 679, -1,
      1581, 1306, 1582, -1,
      1582, 1306, 1307, -1,
      1582, 1307, 1583, -1,
      1583, 1307, 1580, -1,
      1581, 1584, 1306, -1,
      1306, 1584, 1308, -1,
      1306, 1308, 675, -1,
      675, 1308, 673, -1,
      1585, 1309, 1586, -1,
      1586, 1309, 1308, -1,
      1586, 1308, 1587, -1,
      1587, 1308, 1584, -1,
      1585, 1588, 1309, -1,
      1309, 1588, 1310, -1,
      1309, 1310, 669, -1,
      669, 1310, 667, -1,
      1589, 1311, 1590, -1,
      1590, 1311, 1310, -1,
      1590, 1310, 1591, -1,
      1591, 1310, 1588, -1,
      1589, 1592, 1311, -1,
      1311, 1592, 1313, -1,
      1311, 1313, 659, -1,
      659, 1313, 657, -1,
      1593, 1312, 1594, -1,
      1594, 1312, 1313, -1,
      1594, 1313, 1595, -1,
      1595, 1313, 1592, -1,
      1593, 1596, 1312, -1,
      1312, 1596, 1314, -1,
      1312, 1314, 653, -1,
      653, 1314, 651, -1,
      1597, 1315, 1598, -1,
      1598, 1315, 1314, -1,
      1598, 1314, 1599, -1,
      1599, 1314, 1596, -1,
      1597, 1600, 1315, -1,
      1315, 1600, 1316, -1,
      1315, 1316, 647, -1,
      647, 1316, 645, -1,
      1601, 1317, 1602, -1,
      1602, 1317, 1316, -1,
      1602, 1316, 1603, -1,
      1603, 1316, 1600, -1,
      1601, 1604, 1317, -1,
      1317, 1604, 1319, -1,
      1317, 1319, 637, -1,
      637, 1319, 635, -1,
      1605, 1318, 1606, -1,
      1606, 1318, 1319, -1,
      1606, 1319, 1607, -1,
      1607, 1319, 1604, -1,
      1605, 1608, 1318, -1,
      1318, 1608, 1320, -1,
      1318, 1320, 630, -1,
      630, 1320, 631, -1,
      1608, 1609, 1320, -1,
      1320, 1609, 1610, -1,
      1320, 1610, 1321, -1,
      1321, 1610, 1611, -1,
      1321, 1611, 1322, -1,
      1611, 1612, 1322, -1,
      1322, 1612, 1613, -1,
      1322, 1613, 1323, -1,
      1323, 1613, 1614, -1,
      1614, 1615, 1323, -1,
      1323, 1615, 1324, -1,
      1323, 1324, 620, -1,
      620, 1324, 618, -1,
      1615, 1616, 1324, -1,
      1324, 1616, 1617, -1,
      1324, 1617, 1325, -1,
      1325, 1617, 1618, -1,
      1618, 1619, 1325, -1,
      1325, 1619, 1326, -1,
      1325, 1326, 611, -1,
      611, 1326, 612, -1,
      1619, 1620, 1326, -1,
      1326, 1620, 1621, -1,
      1326, 1621, 1327, -1,
      1327, 1621, 1622, -1,
      1622, 1623, 1327, -1,
      1327, 1623, 1328, -1,
      1327, 1328, 7, -1,
      7, 1328, 9, -1,
      1623, 1624, 1328, -1,
      1328, 1624, 1625, -1,
      1328, 1625, 1066, -1,
      1066, 1625, 1626, -1,
      1626, 1627, 1066, -1,
      1066, 1627, 1329, -1,
      1066, 1329, 604, -1,
      604, 1329, 602, -1,
      1627, 1628, 1329, -1,
      1329, 1628, 1629, -1,
      1329, 1629, 1330, -1,
      1330, 1629, 1630, -1,
      1630, 1631, 1330, -1,
      1330, 1631, 1331, -1,
      1330, 1331, 595, -1,
      595, 1331, 596, -1,
      1631, 1632, 1331, -1,
      1331, 1632, 1633, -1,
      1331, 1633, 1332, -1,
      1332, 1633, 1634, -1,
      1332, 1634, 1635, -1,
      1635, 1008, 1332, -1,
      1332, 1008, 1010, -1,
      1332, 1010, 13, -1,
      13, 1010, 593, -1,
      1009, 1005, 1010, -1,
      1010, 1005, 1007, -1,
      1010, 1007, 16, -1,
      16, 1007, 17, -1,
      1006, 1002, 1007, -1,
      1007, 1002, 1004, -1,
      1007, 1004, 17, -1,
      17, 1004, 587, -1,
      1003, 999, 1004, -1,
      1004, 999, 1001, -1,
      1004, 1001, 582, -1,
      582, 1001, 583, -1,
      1000, 996, 1001, -1,
      1001, 996, 998, -1,
      1001, 998, 584, -1,
      584, 998, 580, -1,
      997, 993, 998, -1,
      998, 993, 995, -1,
      998, 995, 578, -1,
      578, 995, 576, -1,
      994, 990, 995, -1,
      995, 990, 992, -1,
      995, 992, 576, -1,
      576, 992, 574, -1,
      991, 987, 992, -1,
      992, 987, 989, -1,
      992, 989, 570, -1,
      570, 989, 568, -1,
      988, 984, 989, -1,
      989, 984, 986, -1,
      989, 986, 568, -1,
      568, 986, 566, -1,
      985, 981, 986, -1,
      986, 981, 983, -1,
      986, 983, 564, -1,
      564, 983, 562, -1,
      982, 978, 983, -1,
      983, 978, 980, -1,
      983, 980, 560, -1,
      560, 980, 558, -1,
      979, 975, 980, -1,
      980, 975, 977, -1,
      980, 977, 558, -1,
      558, 977, 556, -1,
      976, 972, 977, -1,
      977, 972, 974, -1,
      977, 974, 554, -1,
      554, 974, 552, -1,
      973, 969, 974, -1,
      974, 969, 971, -1,
      974, 971, 548, -1,
      548, 971, 546, -1,
      970, 966, 971, -1,
      971, 966, 968, -1,
      971, 968, 546, -1,
      546, 968, 544, -1,
      967, 963, 968, -1,
      968, 963, 965, -1,
      968, 965, 542, -1,
      542, 965, 540, -1,
      964, 1636, 965, -1,
      965, 1636, 1333, -1,
      965, 1333, 538, -1,
      538, 1333, 536, -1,
      1636, 1637, 1333, -1,
      1333, 1637, 1638, -1,
      1333, 1638, 1334, -1,
      1334, 1638, 1639, -1,
      1334, 1639, 1335, -1,
      1335, 1639, 1640, -1,
      1640, 1641, 1335, -1,
      1335, 1641, 1336, -1,
      1335, 1336, 526, -1,
      526, 1336, 524, -1,
      1642, 1339, 1643, -1,
      1643, 1339, 1340, -1,
      1643, 1340, 1644, -1,
      1644, 1340, 1338, -1,
      1644, 1338, 1645, -1,
      1645, 1338, 1337, -1,
      1645, 1337, 1646, -1,
      1646, 1337, 1336, -1,
      1646, 1336, 1647, -1,
      1647, 1336, 1641, -1,
      1642, 1648, 1339, -1,
      1339, 1648, 1341, -1,
      1339, 1341, 510, -1,
      510, 1341, 508, -1,
      1649, 1065, 1650, -1,
      1650, 1065, 1341, -1,
      1650, 1341, 1651, -1,
      1651, 1341, 1648, -1,
      1649, 1652, 1065, -1,
      1065, 1652, 1342, -1,
      1065, 1342, 502, -1,
      502, 1342, 500, -1,
      1653, 1343, 1654, -1,
      1654, 1343, 1342, -1,
      1654, 1342, 1655, -1,
      1655, 1342, 1652, -1,
      1653, 1656, 1343, -1,
      1343, 1656, 1345, -1,
      1343, 1345, 494, -1,
      494, 1345, 492, -1,
      1657, 1344, 1658, -1,
      1658, 1344, 1345, -1,
      1658, 1345, 1659, -1,
      1659, 1345, 1656, -1,
      1657, 1660, 1344, -1,
      1344, 1660, 1346, -1,
      1344, 1346, 488, -1,
      488, 1346, 486, -1,
      1661, 1347, 1662, -1,
      1662, 1347, 1346, -1,
      1662, 1346, 1663, -1,
      1663, 1346, 1660, -1,
      1661, 1664, 1347, -1,
      1347, 1664, 1348, -1,
      1347, 1348, 480, -1,
      480, 1348, 478, -1,
      1665, 1349, 1666, -1,
      1666, 1349, 1348, -1,
      1666, 1348, 1667, -1,
      1667, 1348, 1664, -1,
      1665, 1668, 1349, -1,
      1349, 1668, 1350, -1,
      1349, 1350, 472, -1,
      472, 1350, 470, -1,
      1669, 1351, 1670, -1,
      1670, 1351, 1350, -1,
      1670, 1350, 1671, -1,
      1671, 1350, 1668, -1,
      1669, 1672, 1351, -1,
      1351, 1672, 1353, -1,
      1351, 1353, 464, -1,
      464, 1353, 462, -1,
      1673, 1352, 1674, -1,
      1674, 1352, 1353, -1,
      1674, 1353, 1675, -1,
      1675, 1353, 1672, -1,
      1673, 1676, 1352, -1,
      1352, 1676, 1354, -1,
      1352, 1354, 458, -1,
      458, 1354, 456, -1,
      1677, 1355, 1678, -1,
      1678, 1355, 1354, -1,
      1678, 1354, 1679, -1,
      1679, 1354, 1676, -1,
      1677, 1680, 1355, -1,
      1355, 1680, 1356, -1,
      1355, 1356, 450, -1,
      450, 1356, 448, -1,
      1681, 1357, 1682, -1,
      1682, 1357, 1356, -1,
      1682, 1356, 1683, -1,
      1683, 1356, 1680, -1,
      1681, 1684, 1357, -1,
      1357, 1684, 1359, -1,
      1357, 1359, 442, -1,
      442, 1359, 440, -1,
      1685, 1358, 1686, -1,
      1686, 1358, 1359, -1,
      1686, 1359, 1687, -1,
      1687, 1359, 1684, -1,
      1685, 1688, 1358, -1,
      1358, 1688, 1360, -1,
      1358, 1360, 436, -1,
      436, 1360, 434, -1,
      1689, 1361, 1690, -1,
      1690, 1361, 1360, -1,
      1690, 1360, 1691, -1,
      1691, 1360, 1688, -1,
      1689, 1692, 1361, -1,
      1361, 1692, 1362, -1,
      1361, 1362, 428, -1,
      428, 1362, 426, -1,
      1693, 1363, 1694, -1,
      1694, 1363, 1362, -1,
      1694, 1362, 1695, -1,
      1695, 1362, 1692, -1,
      1693, 1696, 1363, -1,
      1363, 1696, 1365, -1,
      1363, 1365, 420, -1,
      420, 1365, 418, -1,
      1697, 1364, 1698, -1,
      1698, 1364, 1365, -1,
      1698, 1365, 1699, -1,
      1699, 1365, 1696, -1,
      1697, 1700, 1364, -1,
      1364, 1700, 1366, -1,
      1364, 1366, 414, -1,
      414, 1366, 413, -1,
      1701, 1367, 1702, -1,
      1702, 1367, 1366, -1,
      1702, 1366, 1703, -1,
      1703, 1366, 1700, -1,
      1701, 1704, 1367, -1,
      1367, 1704, 1368, -1,
      1367, 1368, 408, -1,
      408, 1368, 406, -1,
      1705, 1369, 1706, -1,
      1706, 1369, 1368, -1,
      1706, 1368, 1707, -1,
      1707, 1368, 1704, -1,
      1705, 1708, 1369, -1,
      1369, 1708, 1371, -1,
      1369, 1371, 398, -1,
      398, 1371, 396, -1,
      1709, 1370, 1710, -1,
      1710, 1370, 1371, -1,
      1710, 1371, 1711, -1,
      1711, 1371, 1708, -1,
      1709, 1712, 1370, -1,
      1370, 1712, 1372, -1,
      1370, 1372, 392, -1,
      392, 1372, 390, -1,
      1712, 1713, 1372, -1,
      1372, 1713, 1714, -1,
      1372, 1714, 1373, -1,
      1373, 1714, 1715, -1,
      1373, 1715, 1374, -1,
      1715, 1716, 1374, -1,
      1374, 1716, 1717, -1,
      1374, 1717, 1375, -1,
      1375, 1717, 1718, -1,
      1718, 1719, 1375, -1,
      1375, 1719, 1377, -1,
      1375, 1377, 376, -1,
      376, 1377, 374, -1,
      1719, 1720, 1377, -1,
      1377, 1720, 1721, -1,
      1377, 1721, 1376, -1,
      1376, 1721, 1722, -1,
      1722, 1723, 1376, -1,
      1376, 1723, 1378, -1,
      1376, 1378, 370, -1,
      370, 1378, 368, -1,
      1723, 1724, 1378, -1,
      1378, 1724, 1725, -1,
      1378, 1725, 1379, -1,
      1379, 1725, 1726, -1,
      1726, 1727, 1379, -1,
      1379, 1727, 1380, -1,
      1379, 1380, 364, -1,
      364, 1380, 362, -1,
      1727, 1728, 1380, -1,
      1380, 1728, 1729, -1,
      1380, 1729, 1381, -1,
      1381, 1729, 1730, -1,
      1730, 1731, 1381, -1,
      1381, 1731, 1383, -1,
      1381, 1383, 354, -1,
      354, 1383, 352, -1,
      1731, 1732, 1383, -1,
      1383, 1732, 1733, -1,
      1383, 1733, 1382, -1,
      1382, 1733, 1734, -1,
      1734, 1735, 1382, -1,
      1382, 1735, 1384, -1,
      1382, 1384, 347, -1,
      347, 1384, 348, -1,
      1735, 1736, 1384, -1,
      1384, 1736, 1737, -1,
      1384, 1737, 1385, -1,
      1385, 1737, 1738, -1,
      1385, 1738, 1739, -1,
      1739, 960, 1385, -1,
      1385, 960, 962, -1,
      1385, 962, 20, -1,
      20, 962, 22, -1,
      961, 957, 962, -1,
      962, 957, 959, -1,
      962, 959, 23, -1,
      23, 959, 25, -1,
      958, 954, 959, -1,
      959, 954, 956, -1,
      959, 956, 26, -1,
      26, 956, 341, -1,
      955, 951, 956, -1,
      956, 951, 953, -1,
      956, 953, 338, -1,
      338, 953, 339, -1,
      952, 948, 953, -1,
      953, 948, 950, -1,
      953, 950, 334, -1,
      334, 950, 335, -1,
      949, 945, 950, -1,
      950, 945, 947, -1,
      950, 947, 28, -1,
      28, 947, 29, -1,
      946, 942, 947, -1,
      947, 942, 944, -1,
      947, 944, 29, -1,
      29, 944, 147, -1,
      943, 939, 944, -1,
      944, 939, 941, -1,
      944, 941, 151, -1,
      151, 941, 153, -1,
      940, 936, 941, -1,
      941, 936, 938, -1,
      941, 938, 153, -1,
      153, 938, 155, -1,
      937, 933, 938, -1,
      938, 933, 935, -1,
      938, 935, 157, -1,
      157, 935, 159, -1,
      934, 930, 935, -1,
      935, 930, 932, -1,
      935, 932, 161, -1,
      161, 932, 163, -1,
      931, 927, 932, -1,
      932, 927, 929, -1,
      932, 929, 165, -1,
      165, 929, 167, -1,
      928, 924, 929, -1,
      929, 924, 926, -1,
      929, 926, 167, -1,
      167, 926, 169, -1,
      925, 921, 926, -1,
      926, 921, 923, -1,
      926, 923, 173, -1,
      173, 923, 175, -1,
      922, 918, 923, -1,
      923, 918, 920, -1,
      923, 920, 175, -1,
      175, 920, 177, -1,
      919, 915, 920, -1,
      920, 915, 917, -1,
      920, 917, 179, -1,
      179, 917, 181, -1,
      916, 912, 917, -1,
      917, 912, 914, -1,
      917, 914, 183, -1,
      183, 914, 185, -1,
      913, 909, 914, -1,
      914, 909, 911, -1,
      914, 911, 187, -1,
      187, 911, 189, -1,
      910, 1740, 911, -1,
      911, 1740, 1388, -1,
      911, 1388, 189, -1,
      189, 1388, 191, -1,
      1741, 1063, 1742, -1,
      1742, 1063, 1064, -1,
      1742, 1064, 1743, -1,
      1743, 1064, 1386, -1,
      1743, 1386, 1744, -1,
      1744, 1386, 1387, -1,
      1744, 1387, 1745, -1,
      1745, 1387, 1388, -1,
      1745, 1388, 1746, -1,
      1746, 1388, 1740, -1,
      1741, 1747, 1063, -1,
      1063, 1747, 1389, -1,
      1063, 1389, 207, -1,
      207, 1389, 209, -1,
      1748, 1390, 1749, -1,
      1749, 1390, 1389, -1,
      1749, 1389, 1750, -1,
      1750, 1389, 1747, -1,
      1748, 1751, 1390, -1,
      1390, 1751, 1392, -1,
      1390, 1392, 217, -1,
      217, 1392, 219, -1,
      1752, 1391, 1753, -1,
      1753, 1391, 1392, -1,
      1753, 1392, 1754, -1,
      1754, 1392, 1751, -1,
      1752, 1755, 1391, -1,
      1391, 1755, 1393, -1,
      1391, 1393, 223, -1,
      223, 1393, 225, -1,
      1756, 1394, 1757, -1,
      1757, 1394, 1393, -1,
      1757, 1393, 1758, -1,
      1758, 1393, 1755, -1,
      1756, 1759, 1394, -1,
      1394, 1759, 1395, -1,
      1394, 1395, 229, -1,
      229, 1395, 231, -1,
      1760, 1396, 1761, -1,
      1761, 1396, 1395, -1,
      1761, 1395, 1762, -1,
      1762, 1395, 1759, -1,
      1760, 1763, 1396, -1,
      1396, 1763, 1398, -1,
      1396, 1398, 239, -1,
      239, 1398, 241, -1,
      1764, 1397, 1765, -1,
      1765, 1397, 1398, -1,
      1765, 1398, 1766, -1,
      1766, 1398, 1763, -1,
      1764, 1767, 1397, -1,
      1397, 1767, 1399, -1,
      1397, 1399, 245, -1,
      245, 1399, 247, -1,
      1768, 1400, 1769, -1,
      1769, 1400, 1399, -1,
      1769, 1399, 1770, -1,
      1770, 1399, 1767, -1,
      1768, 1771, 1400, -1,
      1400, 1771, 1401, -1,
      1400, 1401, 251, -1,
      251, 1401, 253, -1,
      1772, 1402, 1773, -1,
      1773, 1402, 1401, -1,
      1773, 1401, 1774, -1,
      1774, 1401, 1771, -1,
      1772, 1775, 1402, -1,
      1402, 1775, 1404, -1,
      1402, 1404, 261, -1,
      261, 1404, 263, -1,
      1776, 1403, 1777, -1,
      1777, 1403, 1404, -1,
      1777, 1404, 1778, -1,
      1778, 1404, 1775, -1,
      1776, 1779, 1403, -1,
      1403, 1779, 1405, -1,
      1403, 1405, 267, -1,
      267, 1405, 269, -1,
      1780, 1406, 1781, -1,
      1781, 1406, 1405, -1,
      1781, 1405, 1782, -1,
      1782, 1405, 1779, -1,
      1780, 1783, 1406, -1,
      1406, 1783, 1407, -1,
      1406, 1407, 273, -1,
      273, 1407, 275, -1,
      1784, 1408, 1785, -1,
      1785, 1408, 1407, -1,
      1785, 1407, 1786, -1,
      1786, 1407, 1783, -1,
      1784, 1787, 1408, -1,
      1408, 1787, 1409, -1,
      1408, 1409, 281, -1,
      281, 1409, 283, -1,
      1788, 1410, 1789, -1,
      1789, 1410, 1409, -1,
      1789, 1409, 1790, -1,
      1790, 1409, 1787, -1,
      1788, 1791, 1410, -1,
      1410, 1791, 1411, -1,
      1410, 1411, 289, -1,
      289, 1411, 291, -1,
      1792, 1412, 1793, -1,
      1793, 1412, 1411, -1,
      1793, 1411, 1794, -1,
      1794, 1411, 1791, -1,
      1792, 1795, 1412, -1,
      1412, 1795, 1413, -1,
      1412, 1413, 295, -1,
      295, 1413, 297, -1,
      1796, 1414, 1797, -1,
      1797, 1414, 1413, -1,
      1797, 1413, 1798, -1,
      1798, 1413, 1795, -1,
      1796, 1799, 1414, -1,
      1414, 1799, 1415, -1,
      1414, 1415, 303, -1,
      303, 1415, 305, -1,
      1800, 1416, 1801, -1,
      1801, 1416, 1415, -1,
      1801, 1415, 1802, -1,
      1802, 1415, 1799, -1,
      1800, 1803, 1416, -1,
      1416, 1803, 1417, -1,
      1416, 1417, 311, -1,
      311, 1417, 313, -1,
      1804, 1418, 1805, -1,
      1805, 1418, 1417, -1,
      1805, 1417, 1806, -1,
      1806, 1417, 1803, -1,
      1804, 1807, 1418, -1,
      1418, 1807, 1419, -1,
      1418, 1419, 317, -1,
      317, 1419, 319, -1,
      1808, 1062, 1809, -1,
      1809, 1062, 1419, -1,
      1809, 1419, 1810, -1,
      1810, 1419, 1807, -1,
      1808, 1811, 1062, -1,
      1062, 1811, 1420, -1,
      1062, 1420, 325, -1,
      325, 1420, 327, -1,
      1811, 1812, 1420, -1,
      1420, 1812, 1813, -1,
      1420, 1813, 1421, -1,
      1421, 1813, 1814, -1,
      1421, 1814, 1422, -1,
      1422, 1814, 1815, -1,
      1815, 1816, 1422, -1,
      1422, 1816, 1423, -1,
      1422, 1423, 145, -1,
      145, 1423, 142, -1,
      1816, 1817, 1423, -1,
      1423, 1817, 1818, -1,
      1423, 1818, 1424, -1,
      1424, 1818, 1819, -1,
      1819, 1820, 1424, -1,
      1424, 1820, 1426, -1,
      1424, 1426, 136, -1,
      136, 1426, 134, -1,
      1820, 1821, 1426, -1,
      1426, 1821, 1822, -1,
      1426, 1822, 1425, -1,
      1425, 1822, 1823, -1,
      1823, 1824, 1425, -1,
      1425, 1824, 1427, -1,
      1425, 1427, 130, -1,
      130, 1427, 128, -1,
      1824, 1825, 1427, -1,
      1427, 1825, 1826, -1,
      1427, 1826, 1428, -1,
      1428, 1826, 1827, -1,
      1827, 1828, 1428, -1,
      1428, 1828, 1429, -1,
      1428, 1429, 35, -1,
      35, 1429, 127, -1,
      1828, 1829, 1429, -1,
      1429, 1829, 1830, -1,
      1429, 1830, 1430, -1,
      1430, 1830, 1831, -1,
      1831, 1832, 1430, -1,
      1430, 1832, 1432, -1,
      1430, 1432, 118, -1,
      118, 1432, 116, -1,
      1832, 1833, 1432, -1,
      1432, 1833, 1834, -1,
      1432, 1834, 1431, -1,
      1431, 1834, 1835, -1,
      1835, 1836, 1431, -1,
      1431, 1836, 1433, -1,
      1431, 1433, 112, -1,
      112, 1433, 110, -1,
      1836, 1837, 1433, -1,
      1433, 1837, 1838, -1,
      1433, 1838, 1434, -1,
      1434, 1838, 1839, -1,
      1434, 1839, 1840, -1,
      1840, 906, 1434, -1,
      1434, 906, 908, -1,
      1434, 908, 106, -1,
      106, 908, 105, -1,
      907, 903, 908, -1,
      908, 903, 905, -1,
      908, 905, 102, -1,
      102, 905, 100, -1,
      904, 900, 905, -1,
      905, 900, 902, -1,
      905, 902, 96, -1,
      96, 902, 94, -1,
      901, 897, 902, -1,
      902, 897, 899, -1,
      902, 899, 94, -1,
      94, 899, 92, -1,
      898, 894, 899, -1,
      899, 894, 896, -1,
      899, 896, 90, -1,
      90, 896, 88, -1,
      895, 891, 896, -1,
      896, 891, 893, -1,
      896, 893, 87, -1,
      87, 893, 85, -1,
      892, 888, 893, -1,
      893, 888, 890, -1,
      893, 890, 85, -1,
      85, 890, 83, -1,
      889, 885, 890, -1,
      890, 885, 887, -1,
      890, 887, 81, -1,
      81, 887, 79, -1,
      886, 882, 887, -1,
      887, 882, 884, -1,
      887, 884, 75, -1,
      75, 884, 73, -1,
      883, 879, 884, -1,
      884, 879, 881, -1,
      884, 881, 73, -1,
      73, 881, 71, -1,
      880, 876, 881, -1,
      881, 876, 878, -1,
      881, 878, 69, -1,
      69, 878, 67, -1,
      877, 873, 878, -1,
      878, 873, 875, -1,
      878, 875, 65, -1,
      65, 875, 63, -1,
      874, 870, 875, -1,
      875, 870, 872, -1,
      875, 872, 63, -1,
      63, 872, 61, -1,
      871, 867, 872, -1,
      872, 867, 869, -1,
      872, 869, 59, -1,
      59, 869, 57, -1,
      868, 864, 869, -1,
      869, 864, 866, -1,
      869, 866, 55, -1,
      55, 866, 53, -1,
      865, 861, 866, -1,
      866, 861, 863, -1,
      866, 863, 51, -1,
      51, 863, 49, -1,
      862, 858, 863, -1,
      863, 858, 860, -1,
      863, 860, 44, -1,
      44, 860, 45, -1,
      859, 855, 860, -1,
      860, 855, 857, -1,
      860, 857, 46, -1,
      46, 857, 43, -1,
      856, 1841, 857, -1,
      857, 1841, 1435, -1,
      857, 1435, 43, -1,
      43, 1435, 42, -1,
      1841, 1842, 1435, -1,
      1435, 1842, 1843, -1,
      1435, 1843, 1069, -1,
      1069, 1843, 1844, -1,
      1069, 1844, 1068, -1,
      1068, 1844, 1845, -1,
      1068, 1845, 1072, -1,
      1072, 1845, 1846, -1,
      1072, 1846, 1075, -1,
      1847, 1081, 1848, -1,
      1848, 1081, 1075, -1,
      1848, 1075, 1849, -1,
      1849, 1075, 1846, -1,
      1847, 1850, 1081, -1,
      1081, 1850, 1086, -1,
      1081, 1086, 1079, -1,
      1079, 1086, 1088, -1,
      1851, 1084, 1852, -1,
      1852, 1084, 1086, -1,
      1852, 1086, 1853, -1,
      1853, 1086, 1850, -1,
      1851, 1854, 1084, -1,
      1084, 1854, 1096, -1,
      1084, 1096, 1089, -1,
      1089, 1096, 1098, -1,
      1855, 1094, 1856, -1,
      1856, 1094, 1096, -1,
      1856, 1096, 1857, -1,
      1857, 1096, 1854, -1,
      1855, 1858, 1094, -1,
      1094, 1858, 1101, -1,
      1094, 1101, 1092, -1,
      1092, 1101, 1103, -1,
      1104, 1859, 1105, -1,
      1105, 1859, 1860, -1,
      1105, 1860, 1861, -1,
      1861, 1860, 1862, -1,
      1861, 1862, 1863, -1,
      1863, 1862, 1099, -1,
      1863, 1099, 1864, -1,
      1864, 1099, 1101, -1,
      1864, 1101, 1865, -1,
      1865, 1101, 1858, -1,
      1537, 1538, 1866, -1,
      1866, 1538, 1867, -1,
      1140, 1868, 1138, -1,
      1138, 1868, 1869, -1,
      1138, 1869, 1136, -1,
      1870, 1871, 1869, -1,
      1869, 1871, 1872, -1,
      1869, 1872, 1136, -1,
      1873, 1874, 1870, -1,
      1870, 1874, 1875, -1,
      1870, 1875, 1871, -1,
      1876, 1877, 1878, -1,
      1876, 1878, 1879, -1,
      1879, 1878, 1880, -1,
      1879, 1880, 1881, -1,
      1882, 1883, 1876, -1,
      1876, 1883, 1884, -1,
      1876, 1884, 1877, -1,
      1885, 1886, 1882, -1,
      1882, 1886, 1887, -1,
      1882, 1887, 1883, -1,
      1888, 1889, 1890, -1,
      1890, 1889, 1891, -1,
      1890, 1891, 1892, -1,
      1888, 1893, 1889, -1,
      1889, 1893, 1894, -1,
      1889, 1894, 1895, -1,
      1895, 1894, 1896, -1,
      1895, 1896, 1897, -1,
      1898, 1899, 1900, -1,
      1900, 1899, 1901, -1,
      1900, 1901, 1902, -1,
      1902, 1901, 1903, -1,
      1902, 1903, 1904, -1,
      1905, 80, 1906, -1,
      1906, 80, 78, -1,
      74, 1907, 76, -1,
      76, 1907, 1908, -1,
      76, 1908, 78, -1,
      78, 1908, 1909, -1,
      78, 1909, 1906, -1,
      70, 1910, 72, -1,
      72, 1910, 1911, -1,
      72, 1911, 74, -1,
      74, 1911, 1912, -1,
      74, 1912, 1907, -1,
      1913, 1914, 66, -1,
      66, 1914, 1915, -1,
      66, 1915, 68, -1,
      68, 1915, 1916, -1,
      68, 1916, 70, -1,
      70, 1916, 1917, -1,
      70, 1917, 1910, -1,
      1918, 1919, 62, -1,
      62, 1919, 1920, -1,
      1913, 66, 1920, -1,
      1920, 66, 64, -1,
      1920, 64, 62, -1,
      1918, 62, 1921, -1,
      1921, 62, 60, -1,
      1921, 60, 58, -1,
      56, 1922, 58, -1,
      58, 1922, 1923, -1,
      58, 1923, 1921, -1,
      52, 1924, 54, -1,
      54, 1924, 1925, -1,
      54, 1925, 56, -1,
      56, 1925, 1926, -1,
      56, 1926, 1922, -1,
      47, 1927, 48, -1,
      48, 1927, 1928, -1,
      48, 1928, 50, -1,
      50, 1928, 1929, -1,
      50, 1929, 52, -1,
      52, 1929, 1930, -1,
      52, 1930, 1924, -1,
      1931, 1439, 1932, -1,
      1932, 1439, 1440, -1,
      1932, 1440, 1441, -1,
      1933, 1445, 1931, -1,
      1931, 1445, 1442, -1,
      1931, 1442, 1439, -1,
      1449, 1446, 1934, -1,
      1934, 1446, 1443, -1,
      1934, 1443, 1933, -1,
      1933, 1443, 1444, -1,
      1933, 1444, 1445, -1,
      1448, 1935, 1447, -1,
      1447, 1935, 1936, -1,
      1447, 1936, 1450, -1,
      1450, 1936, 1453, -1,
      1452, 1937, 1451, -1,
      1451, 1937, 1938, -1,
      1451, 1938, 1454, -1,
      1454, 1938, 1457, -1,
      1456, 1939, 1455, -1,
      1455, 1939, 1940, -1,
      1455, 1940, 1458, -1,
      1458, 1940, 1461, -1,
      1460, 1941, 1459, -1,
      1459, 1941, 1942, -1,
      1459, 1942, 1462, -1,
      1462, 1942, 1465, -1,
      1464, 1943, 1463, -1,
      1463, 1943, 1944, -1,
      1463, 1944, 1466, -1,
      1466, 1944, 1469, -1,
      1468, 1945, 1467, -1,
      1467, 1945, 1946, -1,
      1467, 1946, 1470, -1,
      1470, 1946, 1473, -1,
      1472, 1947, 1471, -1,
      1471, 1947, 1948, -1,
      1471, 1948, 1474, -1,
      1474, 1948, 1477, -1,
      1476, 1949, 1475, -1,
      1475, 1949, 1950, -1,
      1475, 1950, 1478, -1,
      1478, 1950, 1481, -1,
      1480, 1951, 1479, -1,
      1479, 1951, 1952, -1,
      1479, 1952, 1482, -1,
      1482, 1952, 1485, -1,
      1484, 1953, 1483, -1,
      1483, 1953, 1954, -1,
      1483, 1954, 1486, -1,
      1486, 1954, 1489, -1,
      1488, 1955, 1487, -1,
      1487, 1955, 1956, -1,
      1487, 1956, 1490, -1,
      1490, 1956, 1493, -1,
      1492, 1957, 1491, -1,
      1491, 1957, 1958, -1,
      1491, 1958, 1494, -1,
      1494, 1958, 1497, -1,
      1496, 1959, 1495, -1,
      1495, 1959, 1960, -1,
      1495, 1960, 1498, -1,
      1498, 1960, 1501, -1,
      1500, 1961, 1499, -1,
      1499, 1961, 1962, -1,
      1499, 1962, 1502, -1,
      1502, 1962, 1505, -1,
      1504, 1963, 1503, -1,
      1503, 1963, 1964, -1,
      1503, 1964, 1506, -1,
      1506, 1964, 1507, -1,
      1512, 1511, 1965, -1,
      1965, 1511, 1510, -1,
      1965, 1510, 1966, -1,
      1966, 1510, 1509, -1,
      1966, 1509, 1508, -1,
      1513, 1967, 1514, -1,
      1514, 1967, 1968, -1,
      1514, 1968, 1515, -1,
      1515, 1968, 1516, -1,
      1517, 1969, 1518, -1,
      1518, 1969, 1970, -1,
      1518, 1970, 1519, -1,
      1519, 1970, 1520, -1,
      1521, 1971, 1522, -1,
      1522, 1971, 1972, -1,
      1522, 1972, 1523, -1,
      1523, 1972, 1524, -1,
      1525, 1973, 1526, -1,
      1526, 1973, 1974, -1,
      1526, 1974, 1527, -1,
      1527, 1974, 1528, -1,
      1529, 1975, 1530, -1,
      1530, 1975, 1976, -1,
      1530, 1976, 1531, -1,
      1531, 1976, 1532, -1,
      1533, 1977, 1534, -1,
      1534, 1977, 1978, -1,
      1534, 1978, 1535, -1,
      1535, 1978, 1059, -1,
      1060, 1979, 1056, -1,
      1056, 1979, 1980, -1,
      1056, 1980, 1057, -1,
      1057, 1980, 1053, -1,
      1054, 1981, 1050, -1,
      1050, 1981, 1982, -1,
      1050, 1982, 1051, -1,
      1051, 1982, 1047, -1,
      1048, 1983, 1044, -1,
      1044, 1983, 1984, -1,
      1044, 1984, 1045, -1,
      1045, 1984, 1041, -1,
      1042, 1985, 1038, -1,
      1038, 1985, 1986, -1,
      1038, 1986, 1039, -1,
      1039, 1986, 1035, -1,
      1036, 1987, 1032, -1,
      1032, 1987, 1988, -1,
      1032, 1988, 1033, -1,
      1033, 1988, 1029, -1,
      1030, 1989, 1026, -1,
      1026, 1989, 1990, -1,
      1026, 1990, 1027, -1,
      1027, 1990, 1023, -1,
      1024, 1991, 1020, -1,
      1020, 1991, 1992, -1,
      1020, 1992, 1021, -1,
      1021, 1992, 1017, -1,
      1018, 1993, 1014, -1,
      1014, 1993, 1994, -1,
      1014, 1994, 1015, -1,
      1015, 1994, 1011, -1,
      1012, 1995, 1536, -1,
      1536, 1995, 1996, -1,
      1536, 1996, 1543, -1,
      1543, 1996, 1542, -1,
      1541, 1997, 1540, -1,
      1540, 1997, 1998, -1,
      1540, 1998, 1539, -1,
      1544, 1999, 1547, -1,
      1547, 1999, 2000, -1,
      1547, 2000, 1546, -1,
      1546, 2000, 1545, -1,
      1548, 2001, 1551, -1,
      1551, 2001, 2002, -1,
      1551, 2002, 1550, -1,
      1550, 2002, 1549, -1,
      1552, 2003, 1555, -1,
      1555, 2003, 2004, -1,
      1555, 2004, 1554, -1,
      1554, 2004, 1553, -1,
      1556, 2005, 1559, -1,
      1559, 2005, 2006, -1,
      1559, 2006, 1558, -1,
      1558, 2006, 1557, -1,
      1560, 2007, 1563, -1,
      1563, 2007, 2008, -1,
      2009, 1561, 2008, -1,
      2008, 1561, 1562, -1,
      2008, 1562, 1563, -1,
      2010, 1567, 2009, -1,
      2009, 1567, 1564, -1,
      2009, 1564, 1561, -1,
      1571, 1568, 2011, -1,
      2011, 1568, 1565, -1,
      2011, 1565, 2010, -1,
      2010, 1565, 1566, -1,
      2010, 1566, 1567, -1,
      1570, 2012, 1569, -1,
      1569, 2012, 2013, -1,
      1573, 1574, 2014, -1,
      2014, 1574, 1575, -1,
      2014, 1575, 2013, -1,
      2013, 1575, 1572, -1,
      2013, 1572, 1569, -1,
      1576, 2015, 1579, -1,
      1579, 2015, 2016, -1,
      1583, 1580, 2017, -1,
      2017, 1580, 1577, -1,
      2017, 1577, 2016, -1,
      2016, 1577, 1578, -1,
      2016, 1578, 1579, -1,
      1582, 2018, 1581, -1,
      1581, 2018, 2019, -1,
      1585, 1586, 2020, -1,
      2020, 1586, 1587, -1,
      2020, 1587, 2019, -1,
      2019, 1587, 1584, -1,
      2019, 1584, 1581, -1,
      1588, 2021, 1591, -1,
      1591, 2021, 2022, -1,
      2023, 1589, 2022, -1,
      2022, 1589, 1590, -1,
      2022, 1590, 1591, -1,
      1593, 1594, 2024, -1,
      2024, 1594, 1595, -1,
      2024, 1595, 2023, -1,
      2023, 1595, 1592, -1,
      2023, 1592, 1589, -1,
      1596, 2025, 1599, -1,
      1599, 2025, 2026, -1,
      2027, 1597, 2026, -1,
      2026, 1597, 1598, -1,
      2026, 1598, 1599, -1,
      2028, 1603, 2027, -1,
      2027, 1603, 1600, -1,
      2027, 1600, 1597, -1,
      2029, 1601, 2028, -1,
      2028, 1601, 1602, -1,
      2028, 1602, 1603, -1,
      1605, 1606, 2030, -1,
      2030, 1606, 1607, -1,
      2030, 1607, 2029, -1,
      2029, 1607, 1604, -1,
      2029, 1604, 1601, -1,
      1608, 2031, 1609, -1,
      1609, 2031, 2032, -1,
      1609, 2032, 1610, -1,
      1614, 1613, 2033, -1,
      2033, 1613, 1612, -1,
      2033, 1612, 2032, -1,
      2032, 1612, 1611, -1,
      2032, 1611, 1610, -1,
      2034, 1616, 2035, -1,
      2035, 1616, 1615, -1,
      1620, 1619, 2036, -1,
      2036, 1619, 1618, -1,
      2036, 1618, 2034, -1,
      2034, 1618, 1617, -1,
      2034, 1617, 1616, -1,
      2037, 1622, 2038, -1,
      2038, 1622, 1621, -1,
      1626, 1625, 2039, -1,
      2039, 1625, 1624, -1,
      2039, 1624, 2037, -1,
      2037, 1624, 1623, -1,
      2037, 1623, 1622, -1,
      2040, 2041, 1630, -1,
      1627, 2042, 1628, -1,
      1628, 2042, 2040, -1,
      1628, 2040, 1629, -1,
      1629, 2040, 1630, -1,
      1634, 1633, 2043, -1,
      2043, 1633, 1632, -1,
      2043, 1632, 2041, -1,
      2041, 1632, 1631, -1,
      2041, 1631, 1630, -1,
      1635, 2044, 1008, -1,
      1008, 2044, 2045, -1,
      1008, 2045, 1009, -1,
      1009, 2045, 1005, -1,
      2046, 2047, 999, -1,
      1006, 2048, 1002, -1,
      1002, 2048, 2046, -1,
      1002, 2046, 1003, -1,
      1003, 2046, 999, -1,
      993, 997, 2049, -1,
      2049, 997, 996, -1,
      2049, 996, 2047, -1,
      2047, 996, 1000, -1,
      2047, 1000, 999, -1,
      2050, 990, 2051, -1,
      2051, 990, 994, -1,
      984, 988, 2052, -1,
      2052, 988, 987, -1,
      2052, 987, 2050, -1,
      2050, 987, 991, -1,
      2050, 991, 990, -1,
      2053, 981, 2054, -1,
      2054, 981, 985, -1,
      975, 979, 2055, -1,
      2055, 979, 978, -1,
      2055, 978, 2053, -1,
      2053, 978, 982, -1,
      2053, 982, 981, -1,
      2056, 972, 2057, -1,
      2057, 972, 976, -1,
      966, 970, 2058, -1,
      2058, 970, 969, -1,
      2058, 969, 2056, -1,
      2056, 969, 973, -1,
      2056, 973, 972, -1,
      2059, 2060, 1636, -1,
      967, 2061, 963, -1,
      963, 2061, 2059, -1,
      963, 2059, 964, -1,
      964, 2059, 1636, -1,
      1640, 1639, 2062, -1,
      2062, 1639, 1638, -1,
      2062, 1638, 2060, -1,
      2060, 1638, 1637, -1,
      2060, 1637, 1636, -1,
      1641, 2063, 1647, -1,
      1647, 2063, 2064, -1,
      1647, 2064, 1646, -1,
      1646, 2064, 1645, -1,
      1651, 1648, 2065, -1,
      2065, 1648, 1642, -1,
      2065, 1642, 2066, -1,
      2066, 1642, 1643, -1,
      2066, 1643, 2067, -1,
      2067, 1643, 1644, -1,
      2067, 1644, 2068, -1,
      1650, 2069, 1649, -1,
      1649, 2069, 2070, -1,
      1653, 1654, 2071, -1,
      2071, 1654, 1655, -1,
      2071, 1655, 2070, -1,
      2070, 1655, 1652, -1,
      2070, 1652, 1649, -1,
      1656, 2072, 1659, -1,
      1659, 2072, 2073, -1,
      1663, 1660, 2074, -1,
      2074, 1660, 1657, -1,
      2074, 1657, 2073, -1,
      2073, 1657, 1658, -1,
      2073, 1658, 1659, -1,
      1662, 2075, 1661, -1,
      1661, 2075, 2076, -1,
      1665, 1666, 2077, -1,
      2077, 1666, 1667, -1,
      2077, 1667, 2076, -1,
      2076, 1667, 1664, -1,
      2076, 1664, 1661, -1,
      1668, 2078, 1671, -1,
      1671, 2078, 2079, -1,
      2080, 1669, 2079, -1,
      2079, 1669, 1670, -1,
      2079, 1670, 1671, -1,
      1673, 1674, 2081, -1,
      2081, 1674, 1675, -1,
      2081, 1675, 2080, -1,
      2080, 1675, 1672, -1,
      2080, 1672, 1669, -1,
      1676, 2082, 1679, -1,
      1679, 2082, 2083, -1,
      1679, 2083, 1678, -1,
      1678, 2083, 1677, -1,
      1680, 2084, 1683, -1,
      1683, 2084, 2085, -1,
      2086, 1681, 2085, -1,
      2085, 1681, 1682, -1,
      2085, 1682, 1683, -1,
      1685, 1686, 2087, -1,
      2087, 1686, 1687, -1,
      2087, 1687, 2086, -1,
      2086, 1687, 1684, -1,
      2086, 1684, 1681, -1,
      1688, 2088, 1691, -1,
      1691, 2088, 2089, -1,
      2090, 1689, 2089, -1,
      2089, 1689, 1690, -1,
      2089, 1690, 1691, -1,
      2091, 1695, 2090, -1,
      2090, 1695, 1692, -1,
      2090, 1692, 1689, -1,
      2092, 1693, 2091, -1,
      2091, 1693, 1694, -1,
      2091, 1694, 1695, -1,
      1697, 1698, 2093, -1,
      2093, 1698, 1699, -1,
      2093, 1699, 2092, -1,
      2092, 1699, 1696, -1,
      2092, 1696, 1693, -1,
      1700, 2094, 1703, -1,
      1703, 2094, 2095, -1,
      1707, 1704, 2096, -1,
      2096, 1704, 1701, -1,
      2096, 1701, 2095, -1,
      2095, 1701, 1702, -1,
      2095, 1702, 1703, -1,
      1706, 2097, 1705, -1,
      1705, 2097, 2098, -1,
      1709, 1710, 2099, -1,
      2099, 1710, 1711, -1,
      2099, 1711, 2098, -1,
      2098, 1711, 1708, -1,
      2098, 1708, 1705, -1,
      1712, 2100, 1713, -1,
      1713, 2100, 2101, -1,
      1713, 2101, 1714, -1,
      1718, 1717, 2102, -1,
      2102, 1717, 1716, -1,
      2102, 1716, 2101, -1,
      2101, 1716, 1715, -1,
      2101, 1715, 1714, -1,
      2103, 2104, 1722, -1,
      1719, 2105, 1720, -1,
      1720, 2105, 2103, -1,
      1720, 2103, 1721, -1,
      1721, 2103, 1722, -1,
      1726, 1725, 2106, -1,
      2106, 1725, 1724, -1,
      2106, 1724, 2104, -1,
      2104, 1724, 1723, -1,
      2104, 1723, 1722, -1,
      2107, 2108, 1730, -1,
      1727, 2109, 1728, -1,
      1728, 2109, 2107, -1,
      1728, 2107, 1729, -1,
      1729, 2107, 1730, -1,
      2110, 2111, 1734, -1,
      1734, 1733, 2110, -1,
      2110, 1733, 1732, -1,
      2110, 1732, 2108, -1,
      2108, 1732, 1731, -1,
      2108, 1731, 1730, -1,
      1738, 1737, 2112, -1,
      2112, 1737, 1736, -1,
      2112, 1736, 2111, -1,
      2111, 1736, 1735, -1,
      2111, 1735, 1734, -1,
      2113, 960, 2114, -1,
      2114, 960, 1739, -1,
      954, 958, 2115, -1,
      2115, 958, 957, -1,
      2115, 957, 2113, -1,
      2113, 957, 961, -1,
      2113, 961, 960, -1,
      2116, 951, 2117, -1,
      2117, 951, 955, -1,
      945, 949, 2118, -1,
      2118, 949, 948, -1,
      2118, 948, 2116, -1,
      2116, 948, 952, -1,
      2116, 952, 951, -1,
      2119, 942, 2120, -1,
      2120, 942, 946, -1,
      936, 940, 2121, -1,
      2121, 940, 939, -1,
      2121, 939, 2119, -1,
      2119, 939, 943, -1,
      2119, 943, 942, -1,
      2122, 2123, 930, -1,
      937, 2124, 933, -1,
      933, 2124, 2122, -1,
      933, 2122, 934, -1,
      934, 2122, 930, -1,
      924, 928, 2125, -1,
      2125, 928, 927, -1,
      2125, 927, 2123, -1,
      2123, 927, 931, -1,
      2123, 931, 930, -1,
      2126, 2127, 918, -1,
      925, 2128, 921, -1,
      921, 2128, 2126, -1,
      921, 2126, 922, -1,
      922, 2126, 918, -1,
      2129, 2130, 912, -1,
      912, 916, 2129, -1,
      2129, 916, 915, -1,
      2129, 915, 2127, -1,
      2127, 915, 919, -1,
      2127, 919, 918, -1,
      1740, 910, 2131, -1,
      2131, 910, 909, -1,
      2131, 909, 2130, -1,
      2130, 909, 913, -1,
      2130, 913, 912, -1,
      2132, 1745, 2133, -1,
      2133, 1745, 1746, -1,
      2134, 1741, 2135, -1,
      2135, 1741, 1742, -1,
      2135, 1742, 2136, -1,
      2136, 1742, 1743, -1,
      2136, 1743, 2132, -1,
      2132, 1743, 1744, -1,
      2132, 1744, 1745, -1,
      1748, 1749, 2137, -1,
      2137, 1749, 1750, -1,
      2137, 1750, 2134, -1,
      2134, 1750, 1747, -1,
      2134, 1747, 1741, -1,
      1751, 2138, 1754, -1,
      1754, 2138, 2139, -1,
      1758, 1755, 2140, -1,
      2140, 1755, 1752, -1,
      2140, 1752, 2139, -1,
      2139, 1752, 1753, -1,
      2139, 1753, 1754, -1,
      1757, 2141, 1756, -1,
      1756, 2141, 2142, -1,
      2143, 1762, 2142, -1,
      2142, 1762, 1759, -1,
      2142, 1759, 1756, -1,
      1766, 1763, 2144, -1,
      2144, 1763, 1760, -1,
      2144, 1760, 2143, -1,
      2143, 1760, 1761, -1,
      2143, 1761, 1762, -1,
      1765, 2145, 1764, -1,
      1764, 2145, 2146, -1,
      1764, 2146, 1767, -1,
      1767, 2146, 1770, -1,
      1769, 2147, 1768, -1,
      1768, 2147, 2148, -1,
      2149, 1774, 2148, -1,
      2148, 1774, 1771, -1,
      2148, 1771, 1768, -1,
      1778, 1775, 2150, -1,
      2150, 1775, 1772, -1,
      2150, 1772, 2149, -1,
      2149, 1772, 1773, -1,
      2149, 1773, 1774, -1,
      1777, 2151, 1776, -1,
      1776, 2151, 2152, -1,
      1780, 1781, 2153, -1,
      2153, 1781, 1782, -1,
      2153, 1782, 2152, -1,
      2152, 1782, 1779, -1,
      2152, 1779, 1776, -1,
      1783, 2154, 1786, -1,
      1786, 2154, 2155, -1,
      1790, 1787, 2156, -1,
      2156, 1787, 1784, -1,
      2156, 1784, 2155, -1,
      2155, 1784, 1785, -1,
      2155, 1785, 1786, -1,
      1789, 2157, 1788, -1,
      1788, 2157, 2158, -1,
      1792, 1793, 2159, -1,
      2159, 1793, 1794, -1,
      2159, 1794, 2158, -1,
      2158, 1794, 1791, -1,
      2158, 1791, 1788, -1,
      1795, 2160, 1798, -1,
      1798, 2160, 2161, -1,
      2162, 1796, 2161, -1,
      2161, 1796, 1797, -1,
      2161, 1797, 1798, -1,
      1800, 1801, 2163, -1,
      2163, 1801, 1802, -1,
      2163, 1802, 2162, -1,
      2162, 1802, 1799, -1,
      2162, 1799, 1796, -1,
      1803, 2164, 1806, -1,
      1806, 2164, 2165, -1,
      1806, 2165, 1805, -1,
      1805, 2165, 1804, -1,
      1807, 2166, 1810, -1,
      1810, 2166, 2167, -1,
      2168, 1808, 2167, -1,
      2167, 1808, 1809, -1,
      2167, 1809, 1810, -1,
      1814, 1813, 2169, -1,
      2169, 1813, 1812, -1,
      2169, 1812, 2168, -1,
      2168, 1812, 1811, -1,
      2168, 1811, 1808, -1,
      2170, 2171, 1819, -1,
      1819, 1818, 2170, -1,
      2170, 1818, 1817, -1,
      2170, 1817, 2172, -1,
      2172, 1817, 1816, -1,
      2172, 1816, 1815, -1,
      2173, 2174, 1823, -1,
      1823, 1822, 2173, -1,
      2173, 1822, 1821, -1,
      2173, 1821, 2171, -1,
      2171, 1821, 1820, -1,
      2171, 1820, 1819, -1,
      1827, 1826, 2175, -1,
      2175, 1826, 1825, -1,
      2175, 1825, 2174, -1,
      2174, 1825, 1824, -1,
      2174, 1824, 1823, -1,
      2176, 1829, 2177, -1,
      2177, 1829, 1828, -1,
      1833, 1832, 2178, -1,
      2178, 1832, 1831, -1,
      2178, 1831, 2176, -1,
      2176, 1831, 1830, -1,
      2176, 1830, 1829, -1,
      2179, 1835, 2180, -1,
      2180, 1835, 1834, -1,
      1839, 1838, 2181, -1,
      2181, 1838, 1837, -1,
      2181, 1837, 2179, -1,
      2179, 1837, 1836, -1,
      2179, 1836, 1835, -1,
      2182, 906, 2183, -1,
      2183, 906, 1840, -1,
      900, 904, 2184, -1,
      2184, 904, 903, -1,
      2184, 903, 2182, -1,
      2182, 903, 907, -1,
      2182, 907, 906, -1,
      2185, 2186, 894, -1,
      901, 2187, 897, -1,
      897, 2187, 2185, -1,
      897, 2185, 898, -1,
      898, 2185, 894, -1,
      888, 892, 2188, -1,
      2188, 892, 891, -1,
      2188, 891, 2186, -1,
      2186, 891, 895, -1,
      2186, 895, 894, -1,
      2189, 2190, 882, -1,
      889, 2191, 885, -1,
      885, 2191, 2189, -1,
      885, 2189, 886, -1,
      886, 2189, 882, -1,
      2192, 2193, 876, -1,
      876, 880, 2192, -1,
      2192, 880, 879, -1,
      2192, 879, 2190, -1,
      2190, 879, 883, -1,
      2190, 883, 882, -1,
      870, 874, 2194, -1,
      2194, 874, 873, -1,
      2194, 873, 2193, -1,
      2193, 873, 877, -1,
      2193, 877, 876, -1,
      2195, 867, 2196, -1,
      2196, 867, 871, -1,
      861, 865, 2197, -1,
      2197, 865, 864, -1,
      2197, 864, 2195, -1,
      2195, 864, 868, -1,
      2195, 868, 867, -1,
      2198, 858, 2199, -1,
      2199, 858, 862, -1,
      1841, 856, 2200, -1,
      2200, 856, 855, -1,
      2200, 855, 2198, -1,
      2198, 855, 859, -1,
      2198, 859, 858, -1,
      1842, 2201, 1843, -1,
      1843, 2201, 2202, -1,
      1843, 2202, 1844, -1,
      1844, 2202, 1845, -1,
      1845, 2202, 2203, -1,
      1845, 2203, 1846, -1,
      2204, 2205, 1849, -1,
      2206, 1847, 2205, -1,
      2205, 1847, 1848, -1,
      2205, 1848, 1849, -1,
      1851, 1852, 2207, -1,
      2207, 1852, 1853, -1,
      2207, 1853, 2206, -1,
      2206, 1853, 1850, -1,
      2206, 1850, 1847, -1,
      1854, 2208, 1857, -1,
      1857, 2208, 2209, -1,
      2210, 1855, 2209, -1,
      2209, 1855, 1856, -1,
      2209, 1856, 1857, -1,
      2211, 1865, 2210, -1,
      2210, 1865, 1858, -1,
      2210, 1858, 1855, -1,
      2212, 1863, 2211, -1,
      2211, 1863, 1864, -1,
      2211, 1864, 1865, -1,
      1109, 1106, 2213, -1,
      2213, 1106, 1105, -1,
      2213, 1105, 2212, -1,
      2212, 1105, 1861, -1,
      2212, 1861, 1863, -1,
      1107, 2214, 1116, -1,
      1116, 2214, 2215, -1,
      2216, 1112, 2215, -1,
      2215, 1112, 1114, -1,
      2215, 1114, 1116, -1,
      2217, 1119, 2216, -1,
      2216, 1119, 1121, -1,
      2216, 1121, 1112, -1,
      2218, 1126, 2217, -1,
      2217, 1126, 1128, -1,
      2217, 1128, 1119, -1,
      1142, 1131, 2219, -1,
      2219, 1131, 1133, -1,
      2219, 1133, 2218, -1,
      2218, 1133, 1124, -1,
      2218, 1124, 1126, -1,
      2220, 1932, 2221, -1,
      2221, 1932, 1441, -1,
      2221, 1441, 1436, -1,
      2222, 1934, 2223, -1,
      2223, 1934, 1933, -1,
      2223, 1933, 2224, -1,
      2224, 1933, 1931, -1,
      2224, 1931, 2225, -1,
      2225, 1931, 1932, -1,
      2225, 1932, 2226, -1,
      2226, 1932, 2220, -1,
      2222, 2227, 1934, -1,
      1934, 2227, 1935, -1,
      1934, 1935, 1449, -1,
      1449, 1935, 1448, -1,
      2228, 1936, 2229, -1,
      2229, 1936, 1935, -1,
      2229, 1935, 2230, -1,
      2230, 1935, 2227, -1,
      2228, 2231, 1936, -1,
      1936, 2231, 1937, -1,
      1936, 1937, 1453, -1,
      1453, 1937, 1452, -1,
      2232, 1938, 2233, -1,
      2233, 1938, 1937, -1,
      2233, 1937, 2234, -1,
      2234, 1937, 2231, -1,
      2232, 2235, 1938, -1,
      1938, 2235, 1939, -1,
      1938, 1939, 1457, -1,
      1457, 1939, 1456, -1,
      2236, 1940, 2237, -1,
      2237, 1940, 1939, -1,
      2237, 1939, 2238, -1,
      2238, 1939, 2235, -1,
      2236, 2239, 1940, -1,
      1940, 2239, 1941, -1,
      1940, 1941, 1461, -1,
      1461, 1941, 1460, -1,
      2240, 1942, 2241, -1,
      2241, 1942, 1941, -1,
      2241, 1941, 2242, -1,
      2242, 1941, 2239, -1,
      2240, 2243, 1942, -1,
      1942, 2243, 1943, -1,
      1942, 1943, 1465, -1,
      1465, 1943, 1464, -1,
      2244, 1944, 2245, -1,
      2245, 1944, 1943, -1,
      2245, 1943, 2246, -1,
      2246, 1943, 2243, -1,
      2244, 2247, 1944, -1,
      1944, 2247, 1945, -1,
      1944, 1945, 1469, -1,
      1469, 1945, 1468, -1,
      2248, 1946, 2249, -1,
      2249, 1946, 1945, -1,
      2249, 1945, 2250, -1,
      2250, 1945, 2247, -1,
      2248, 2251, 1946, -1,
      1946, 2251, 1947, -1,
      1946, 1947, 1473, -1,
      1473, 1947, 1472, -1,
      2252, 1948, 2253, -1,
      2253, 1948, 1947, -1,
      2253, 1947, 2254, -1,
      2254, 1947, 2251, -1,
      2252, 2255, 1948, -1,
      1948, 2255, 1949, -1,
      1948, 1949, 1477, -1,
      1477, 1949, 1476, -1,
      2256, 1950, 2257, -1,
      2257, 1950, 1949, -1,
      2257, 1949, 2258, -1,
      2258, 1949, 2255, -1,
      2256, 2259, 1950, -1,
      1950, 2259, 1951, -1,
      1950, 1951, 1481, -1,
      1481, 1951, 1480, -1,
      2260, 1952, 2261, -1,
      2261, 1952, 1951, -1,
      2261, 1951, 2262, -1,
      2262, 1951, 2259, -1,
      2260, 2263, 1952, -1,
      1952, 2263, 1953, -1,
      1952, 1953, 1485, -1,
      1485, 1953, 1484, -1,
      2264, 1954, 2265, -1,
      2265, 1954, 1953, -1,
      2265, 1953, 2266, -1,
      2266, 1953, 2263, -1,
      2264, 2267, 1954, -1,
      1954, 2267, 1955, -1,
      1954, 1955, 1489, -1,
      1489, 1955, 1488, -1,
      2268, 1956, 2269, -1,
      2269, 1956, 1955, -1,
      2269, 1955, 2270, -1,
      2270, 1955, 2267, -1,
      2268, 2271, 1956, -1,
      1956, 2271, 1957, -1,
      1956, 1957, 1493, -1,
      1493, 1957, 1492, -1,
      2272, 1958, 2273, -1,
      2273, 1958, 1957, -1,
      2273, 1957, 2274, -1,
      2274, 1957, 2271, -1,
      2272, 2275, 1958, -1,
      1958, 2275, 1959, -1,
      1958, 1959, 1497, -1,
      1497, 1959, 1496, -1,
      2276, 1960, 2277, -1,
      2277, 1960, 1959, -1,
      2277, 1959, 2278, -1,
      2278, 1959, 2275, -1,
      2276, 2279, 1960, -1,
      1960, 2279, 1961, -1,
      1960, 1961, 1501, -1,
      1501, 1961, 1500, -1,
      2280, 1962, 2281, -1,
      2281, 1962, 1961, -1,
      2281, 1961, 2282, -1,
      2282, 1961, 2279, -1,
      2280, 2283, 1962, -1,
      1962, 2283, 1963, -1,
      1962, 1963, 1505, -1,
      1505, 1963, 1504, -1,
      2284, 1964, 2285, -1,
      2285, 1964, 1963, -1,
      2285, 1963, 2286, -1,
      2286, 1963, 2283, -1,
      2284, 2287, 1964, -1,
      1964, 2287, 1966, -1,
      1964, 1966, 1507, -1,
      1507, 1966, 1508, -1,
      2288, 1965, 2289, -1,
      2289, 1965, 1966, -1,
      2289, 1966, 2290, -1,
      2290, 1966, 2287, -1,
      2288, 2291, 1965, -1,
      1965, 2291, 1967, -1,
      1965, 1967, 1512, -1,
      1512, 1967, 1513, -1,
      2292, 1968, 2293, -1,
      2293, 1968, 1967, -1,
      2293, 1967, 2294, -1,
      2294, 1967, 2291, -1,
      2292, 2295, 1968, -1,
      1968, 2295, 1969, -1,
      1968, 1969, 1516, -1,
      1516, 1969, 1517, -1,
      2296, 1970, 2297, -1,
      2297, 1970, 1969, -1,
      2297, 1969, 2298, -1,
      2298, 1969, 2295, -1,
      2296, 2299, 1970, -1,
      1970, 2299, 1971, -1,
      1970, 1971, 1520, -1,
      1520, 1971, 1521, -1,
      2300, 1972, 2301, -1,
      2301, 1972, 1971, -1,
      2301, 1971, 2302, -1,
      2302, 1971, 2299, -1,
      2300, 2303, 1972, -1,
      1972, 2303, 1973, -1,
      1972, 1973, 1524, -1,
      1524, 1973, 1525, -1,
      2304, 1974, 2305, -1,
      2305, 1974, 1973, -1,
      2305, 1973, 2306, -1,
      2306, 1973, 2303, -1,
      2304, 2307, 1974, -1,
      1974, 2307, 1975, -1,
      1974, 1975, 1528, -1,
      1528, 1975, 1529, -1,
      2308, 1976, 2309, -1,
      2309, 1976, 1975, -1,
      2309, 1975, 2310, -1,
      2310, 1975, 2307, -1,
      2308, 2311, 1976, -1,
      1976, 2311, 1977, -1,
      1976, 1977, 1532, -1,
      1532, 1977, 1533, -1,
      2312, 1978, 2313, -1,
      2313, 1978, 1977, -1,
      2313, 1977, 2314, -1,
      2314, 1977, 2311, -1,
      2312, 2315, 1978, -1,
      1978, 2315, 1979, -1,
      1978, 1979, 1059, -1,
      1059, 1979, 1060, -1,
      2316, 1980, 2317, -1,
      2317, 1980, 1979, -1,
      2317, 1979, 2318, -1,
      2318, 1979, 2315, -1,
      2316, 2319, 1980, -1,
      1980, 2319, 1981, -1,
      1980, 1981, 1053, -1,
      1053, 1981, 1054, -1,
      2320, 1982, 2321, -1,
      2321, 1982, 1981, -1,
      2321, 1981, 2322, -1,
      2322, 1981, 2319, -1,
      2320, 2323, 1982, -1,
      1982, 2323, 1983, -1,
      1982, 1983, 1047, -1,
      1047, 1983, 1048, -1,
      2324, 1984, 2325, -1,
      2325, 1984, 1983, -1,
      2325, 1983, 2326, -1,
      2326, 1983, 2323, -1,
      2324, 2327, 1984, -1,
      1984, 2327, 1985, -1,
      1984, 1985, 1041, -1,
      1041, 1985, 1042, -1,
      2328, 1986, 2329, -1,
      2329, 1986, 1985, -1,
      2329, 1985, 2330, -1,
      2330, 1985, 2327, -1,
      2328, 2331, 1986, -1,
      1986, 2331, 1987, -1,
      1986, 1987, 1035, -1,
      1035, 1987, 1036, -1,
      2332, 1988, 2333, -1,
      2333, 1988, 1987, -1,
      2333, 1987, 2334, -1,
      2334, 1987, 2331, -1,
      2332, 2335, 1988, -1,
      1988, 2335, 1989, -1,
      1988, 1989, 1029, -1,
      1029, 1989, 1030, -1,
      2336, 1990, 2337, -1,
      2337, 1990, 1989, -1,
      2337, 1989, 2338, -1,
      2338, 1989, 2335, -1,
      2336, 2339, 1990, -1,
      1990, 2339, 1991, -1,
      1990, 1991, 1023, -1,
      1023, 1991, 1024, -1,
      2340, 1992, 2341, -1,
      2341, 1992, 1991, -1,
      2341, 1991, 2342, -1,
      2342, 1991, 2339, -1,
      2340, 2343, 1992, -1,
      1992, 2343, 1993, -1,
      1992, 1993, 1017, -1,
      1017, 1993, 1018, -1,
      2344, 1994, 2345, -1,
      2345, 1994, 1993, -1,
      2345, 1993, 2346, -1,
      2346, 1993, 2343, -1,
      2344, 2347, 1994, -1,
      1994, 2347, 1995, -1,
      1994, 1995, 1011, -1,
      1011, 1995, 1012, -1,
      2348, 1996, 2349, -1,
      2349, 1996, 1995, -1,
      2349, 1995, 2350, -1,
      2350, 1995, 2347, -1,
      2348, 2351, 1996, -1,
      1996, 2351, 1997, -1,
      1996, 1997, 1542, -1,
      1542, 1997, 1541, -1,
      2352, 1998, 2353, -1,
      2353, 1998, 1997, -1,
      2353, 1997, 2354, -1,
      2354, 1997, 2351, -1,
      2352, 2355, 1998, -1,
      1998, 2355, 1867, -1,
      1998, 1867, 1539, -1,
      1539, 1867, 1538, -1,
      2356, 1866, 2357, -1,
      2357, 1866, 1867, -1,
      2357, 1867, 2358, -1,
      2358, 1867, 2355, -1,
      2356, 2359, 1866, -1,
      1866, 2359, 1999, -1,
      1866, 1999, 1537, -1,
      1537, 1999, 1544, -1,
      2360, 2000, 2361, -1,
      2361, 2000, 1999, -1,
      2361, 1999, 2362, -1,
      2362, 1999, 2359, -1,
      2360, 2363, 2000, -1,
      2000, 2363, 2001, -1,
      2000, 2001, 1545, -1,
      1545, 2001, 1548, -1,
      2364, 2002, 2365, -1,
      2365, 2002, 2001, -1,
      2365, 2001, 2366, -1,
      2366, 2001, 2363, -1,
      2364, 2367, 2002, -1,
      2002, 2367, 2003, -1,
      2002, 2003, 1549, -1,
      1549, 2003, 1552, -1,
      2368, 2004, 2369, -1,
      2369, 2004, 2003, -1,
      2369, 2003, 2370, -1,
      2370, 2003, 2367, -1,
      2368, 2371, 2004, -1,
      2004, 2371, 2005, -1,
      2004, 2005, 1553, -1,
      1553, 2005, 1556, -1,
      2372, 2006, 2373, -1,
      2373, 2006, 2005, -1,
      2373, 2005, 2374, -1,
      2374, 2005, 2371, -1,
      2372, 2375, 2006, -1,
      2006, 2375, 2007, -1,
      2006, 2007, 1557, -1,
      1557, 2007, 1560, -1,
      2376, 2008, 2377, -1,
      2377, 2008, 2007, -1,
      2377, 2007, 2378, -1,
      2378, 2007, 2375, -1,
      2376, 2379, 2008, -1,
      2008, 2379, 847, -1,
      2008, 847, 2009, -1,
      2009, 847, 848, -1,
      2009, 848, 2010, -1,
      850, 2011, 851, -1,
      851, 2011, 2010, -1,
      851, 2010, 849, -1,
      849, 2010, 848, -1,
      850, 854, 2011, -1,
      2011, 854, 2012, -1,
      2011, 2012, 1571, -1,
      1571, 2012, 1570, -1,
      854, 853, 2012, -1,
      2012, 853, 852, -1,
      2012, 852, 2013, -1,
      2013, 852, 846, -1,
      2013, 846, 2014, -1,
      2014, 846, 841, -1,
      2014, 841, 840, -1,
      840, 1, 2014, -1,
      2014, 1, 2015, -1,
      2014, 2015, 1573, -1,
      1573, 2015, 1576, -1,
      835, 2017, 837, -1,
      837, 2017, 2016, -1,
      837, 2016, 838, -1,
      838, 2016, 2015, -1,
      838, 2015, 0, -1,
      0, 2015, 1, -1,
      835, 833, 2017, -1,
      2017, 833, 2018, -1,
      2017, 2018, 1583, -1,
      1583, 2018, 1582, -1,
      833, 831, 2018, -1,
      2018, 831, 829, -1,
      2018, 829, 2019, -1,
      2019, 829, 827, -1,
      2019, 827, 2020, -1,
      2020, 827, 825, -1,
      2020, 825, 823, -1,
      823, 820, 2020, -1,
      2020, 820, 2021, -1,
      2020, 2021, 1585, -1,
      1585, 2021, 1588, -1,
      820, 818, 2021, -1,
      2021, 818, 816, -1,
      2021, 816, 2022, -1,
      2022, 816, 814, -1,
      2022, 814, 2023, -1,
      808, 2024, 810, -1,
      810, 2024, 2023, -1,
      810, 2023, 812, -1,
      812, 2023, 814, -1,
      808, 806, 2024, -1,
      2024, 806, 2025, -1,
      2024, 2025, 1593, -1,
      1593, 2025, 1596, -1,
      806, 804, 2025, -1,
      2025, 804, 802, -1,
      2025, 802, 2026, -1,
      2026, 802, 800, -1,
      2026, 800, 2027, -1,
      2027, 800, 798, -1,
      798, 796, 2027, -1,
      2027, 796, 794, -1,
      2027, 794, 2028, -1,
      2028, 794, 792, -1,
      2028, 792, 2029, -1,
      786, 2030, 788, -1,
      788, 2030, 2029, -1,
      788, 2029, 790, -1,
      790, 2029, 792, -1,
      786, 784, 2030, -1,
      2030, 784, 2031, -1,
      2030, 2031, 1605, -1,
      1605, 2031, 1608, -1,
      784, 782, 2031, -1,
      2031, 782, 780, -1,
      2031, 780, 2032, -1,
      2032, 780, 778, -1,
      2032, 778, 2033, -1,
      2033, 778, 776, -1,
      2033, 776, 774, -1,
      774, 772, 2033, -1,
      2033, 772, 2035, -1,
      2033, 2035, 1614, -1,
      1614, 2035, 1615, -1,
      764, 2036, 766, -1,
      766, 2036, 2034, -1,
      766, 2034, 768, -1,
      768, 2034, 2035, -1,
      768, 2035, 770, -1,
      770, 2035, 772, -1,
      764, 762, 2036, -1,
      2036, 762, 2038, -1,
      2036, 2038, 1620, -1,
      1620, 2038, 1621, -1,
      762, 760, 2038, -1,
      2038, 760, 758, -1,
      2038, 758, 2037, -1,
      2037, 758, 756, -1,
      2037, 756, 2039, -1,
      2039, 756, 754, -1,
      2039, 754, 752, -1,
      752, 750, 2039, -1,
      2039, 750, 2042, -1,
      2039, 2042, 1626, -1,
      1626, 2042, 1627, -1,
      750, 748, 2042, -1,
      2042, 748, 746, -1,
      2042, 746, 2040, -1,
      2040, 746, 744, -1,
      2040, 744, 2041, -1,
      738, 2043, 740, -1,
      740, 2043, 2041, -1,
      740, 2041, 742, -1,
      742, 2041, 744, -1,
      738, 736, 2043, -1,
      2043, 736, 2044, -1,
      2043, 2044, 1634, -1,
      1634, 2044, 1635, -1,
      730, 2045, 732, -1,
      732, 2045, 2044, -1,
      732, 2044, 734, -1,
      734, 2044, 736, -1,
      730, 728, 2045, -1,
      2045, 728, 2048, -1,
      2045, 2048, 1005, -1,
      1005, 2048, 1006, -1,
      728, 726, 2048, -1,
      2048, 726, 724, -1,
      2048, 724, 2046, -1,
      2046, 724, 722, -1,
      2046, 722, 2047, -1,
      716, 2049, 718, -1,
      718, 2049, 2047, -1,
      718, 2047, 720, -1,
      720, 2047, 722, -1,
      716, 714, 2049, -1,
      2049, 714, 2051, -1,
      2049, 2051, 993, -1,
      993, 2051, 994, -1,
      714, 712, 2051, -1,
      2051, 712, 710, -1,
      2051, 710, 2050, -1,
      2050, 710, 708, -1,
      2050, 708, 2052, -1,
      2052, 708, 706, -1,
      2052, 706, 704, -1,
      704, 702, 2052, -1,
      2052, 702, 2054, -1,
      2052, 2054, 984, -1,
      984, 2054, 985, -1,
      694, 2055, 696, -1,
      696, 2055, 2053, -1,
      696, 2053, 698, -1,
      698, 2053, 2054, -1,
      698, 2054, 700, -1,
      700, 2054, 702, -1,
      694, 692, 2055, -1,
      2055, 692, 2057, -1,
      2055, 2057, 975, -1,
      975, 2057, 976, -1,
      692, 690, 2057, -1,
      2057, 690, 688, -1,
      2057, 688, 2056, -1,
      2056, 688, 686, -1,
      2056, 686, 2058, -1,
      2058, 686, 684, -1,
      2058, 684, 682, -1,
      682, 680, 2058, -1,
      2058, 680, 2061, -1,
      2058, 2061, 966, -1,
      966, 2061, 967, -1,
      680, 678, 2061, -1,
      2061, 678, 676, -1,
      2061, 676, 2059, -1,
      2059, 676, 674, -1,
      2059, 674, 2060, -1,
      668, 2062, 670, -1,
      670, 2062, 2060, -1,
      670, 2060, 672, -1,
      672, 2060, 674, -1,
      668, 666, 2062, -1,
      2062, 666, 2063, -1,
      2062, 2063, 1640, -1,
      1640, 2063, 1641, -1,
      660, 2064, 662, -1,
      662, 2064, 2063, -1,
      662, 2063, 664, -1,
      664, 2063, 666, -1,
      660, 658, 2064, -1,
      2064, 658, 2068, -1,
      2064, 2068, 1645, -1,
      1645, 2068, 1644, -1,
      658, 656, 2068, -1,
      2068, 656, 654, -1,
      2068, 654, 2067, -1,
      2067, 654, 652, -1,
      2067, 652, 2066, -1,
      646, 2065, 648, -1,
      648, 2065, 2066, -1,
      648, 2066, 650, -1,
      650, 2066, 652, -1,
      646, 644, 2065, -1,
      2065, 644, 2069, -1,
      2065, 2069, 1651, -1,
      1651, 2069, 1650, -1,
      644, 642, 2069, -1,
      2069, 642, 640, -1,
      2069, 640, 2070, -1,
      2070, 640, 638, -1,
      2070, 638, 2071, -1,
      2071, 638, 636, -1,
      2071, 636, 634, -1,
      634, 629, 2071, -1,
      2071, 629, 2072, -1,
      2071, 2072, 1653, -1,
      1653, 2072, 1656, -1,
      627, 2074, 628, -1,
      628, 2074, 2073, -1,
      628, 2073, 5, -1,
      5, 2073, 2072, -1,
      5, 2072, 632, -1,
      632, 2072, 629, -1,
      627, 625, 2074, -1,
      2074, 625, 2075, -1,
      2074, 2075, 1663, -1,
      1663, 2075, 1662, -1,
      625, 623, 2075, -1,
      2075, 623, 621, -1,
      2075, 621, 2076, -1,
      2076, 621, 619, -1,
      2076, 619, 2077, -1,
      2077, 619, 617, -1,
      2077, 617, 615, -1,
      615, 610, 2077, -1,
      2077, 610, 2078, -1,
      2077, 2078, 1665, -1,
      1665, 2078, 1668, -1,
      610, 613, 2078, -1,
      2078, 613, 8, -1,
      2078, 8, 2079, -1,
      2079, 8, 609, -1,
      2079, 609, 2080, -1,
      607, 2081, 608, -1,
      608, 2081, 2080, -1,
      608, 2080, 11, -1,
      11, 2080, 609, -1,
      607, 605, 2081, -1,
      2081, 605, 2082, -1,
      2081, 2082, 1673, -1,
      1673, 2082, 1676, -1,
      601, 2083, 598, -1,
      598, 2083, 2082, -1,
      598, 2082, 603, -1,
      603, 2082, 605, -1,
      601, 594, 2083, -1,
      2083, 594, 2084, -1,
      2083, 2084, 1677, -1,
      1677, 2084, 1680, -1,
      594, 597, 2084, -1,
      2084, 597, 14, -1,
      2084, 14, 2085, -1,
      2085, 14, 15, -1,
      2085, 15, 2086, -1,
      18, 2087, 591, -1,
      591, 2087, 2086, -1,
      591, 2086, 592, -1,
      592, 2086, 15, -1,
      18, 589, 2087, -1,
      2087, 589, 2088, -1,
      2087, 2088, 1685, -1,
      1685, 2088, 1688, -1,
      589, 588, 2088, -1,
      2088, 588, 581, -1,
      2088, 581, 2089, -1,
      2089, 581, 586, -1,
      2089, 586, 2090, -1,
      2090, 586, 585, -1,
      585, 579, 2090, -1,
      2090, 579, 577, -1,
      2090, 577, 2091, -1,
      2091, 577, 575, -1,
      2091, 575, 2092, -1,
      569, 2093, 571, -1,
      571, 2093, 2092, -1,
      571, 2092, 573, -1,
      573, 2092, 575, -1,
      569, 567, 2093, -1,
      2093, 567, 2094, -1,
      2093, 2094, 1697, -1,
      1697, 2094, 1700, -1,
      567, 565, 2094, -1,
      2094, 565, 563, -1,
      2094, 563, 2095, -1,
      2095, 563, 561, -1,
      2095, 561, 2096, -1,
      2096, 561, 559, -1,
      2096, 559, 557, -1,
      557, 555, 2096, -1,
      2096, 555, 2097, -1,
      2096, 2097, 1707, -1,
      1707, 2097, 1706, -1,
      547, 2099, 549, -1,
      549, 2099, 2098, -1,
      549, 2098, 551, -1,
      551, 2098, 2097, -1,
      551, 2097, 553, -1,
      553, 2097, 555, -1,
      547, 545, 2099, -1,
      2099, 545, 2100, -1,
      2099, 2100, 1709, -1,
      1709, 2100, 1712, -1,
      545, 543, 2100, -1,
      2100, 543, 541, -1,
      2100, 541, 2101, -1,
      2101, 541, 539, -1,
      2101, 539, 2102, -1,
      2102, 539, 537, -1,
      2102, 537, 535, -1,
      535, 533, 2102, -1,
      2102, 533, 2105, -1,
      2102, 2105, 1718, -1,
      1718, 2105, 1719, -1,
      533, 531, 2105, -1,
      2105, 531, 529, -1,
      2105, 529, 2103, -1,
      2103, 529, 527, -1,
      2103, 527, 2104, -1,
      521, 2106, 523, -1,
      523, 2106, 2104, -1,
      523, 2104, 525, -1,
      525, 2104, 527, -1,
      521, 519, 2106, -1,
      2106, 519, 2109, -1,
      2106, 2109, 1726, -1,
      1726, 2109, 1727, -1,
      519, 517, 2109, -1,
      2109, 517, 515, -1,
      2109, 515, 2107, -1,
      2107, 515, 513, -1,
      2107, 513, 2108, -1,
      2108, 513, 511, -1,
      511, 509, 2108, -1,
      2108, 509, 507, -1,
      2108, 507, 2110, -1,
      2110, 507, 505, -1,
      2110, 505, 2111, -1,
      499, 2112, 501, -1,
      501, 2112, 2111, -1,
      501, 2111, 503, -1,
      503, 2111, 505, -1,
      499, 497, 2112, -1,
      2112, 497, 2114, -1,
      2112, 2114, 1738, -1,
      1738, 2114, 1739, -1,
      497, 495, 2114, -1,
      2114, 495, 493, -1,
      2114, 493, 2113, -1,
      2113, 493, 491, -1,
      2113, 491, 2115, -1,
      2115, 491, 489, -1,
      2115, 489, 487, -1,
      487, 485, 2115, -1,
      2115, 485, 2117, -1,
      2115, 2117, 954, -1,
      954, 2117, 955, -1,
      477, 2118, 479, -1,
      479, 2118, 2116, -1,
      479, 2116, 481, -1,
      481, 2116, 2117, -1,
      481, 2117, 483, -1,
      483, 2117, 485, -1,
      477, 475, 2118, -1,
      2118, 475, 2120, -1,
      2118, 2120, 945, -1,
      945, 2120, 946, -1,
      475, 473, 2120, -1,
      2120, 473, 471, -1,
      2120, 471, 2119, -1,
      2119, 471, 469, -1,
      2119, 469, 2121, -1,
      2121, 469, 467, -1,
      2121, 467, 465, -1,
      465, 463, 2121, -1,
      2121, 463, 2124, -1,
      2121, 2124, 936, -1,
      936, 2124, 937, -1,
      463, 461, 2124, -1,
      2124, 461, 459, -1,
      2124, 459, 2122, -1,
      2122, 459, 457, -1,
      2122, 457, 2123, -1,
      451, 2125, 453, -1,
      453, 2125, 2123, -1,
      453, 2123, 455, -1,
      455, 2123, 457, -1,
      451, 449, 2125, -1,
      2125, 449, 2128, -1,
      2125, 2128, 924, -1,
      924, 2128, 925, -1,
      449, 447, 2128, -1,
      2128, 447, 445, -1,
      2128, 445, 2126, -1,
      2126, 445, 443, -1,
      2126, 443, 2127, -1,
      2127, 443, 441, -1,
      441, 439, 2127, -1,
      2127, 439, 437, -1,
      2127, 437, 2129, -1,
      2129, 437, 435, -1,
      2129, 435, 2130, -1,
      429, 2131, 431, -1,
      431, 2131, 2130, -1,
      431, 2130, 433, -1,
      433, 2130, 435, -1,
      429, 427, 2131, -1,
      2131, 427, 2133, -1,
      2131, 2133, 1740, -1,
      1740, 2133, 1746, -1,
      427, 425, 2133, -1,
      2133, 425, 423, -1,
      2133, 423, 2132, -1,
      2132, 423, 421, -1,
      2132, 421, 2136, -1,
      2136, 421, 419, -1,
      419, 417, 2136, -1,
      2136, 417, 415, -1,
      2136, 415, 2135, -1,
      2135, 415, 412, -1,
      2135, 412, 2134, -1,
      2134, 412, 410, -1,
      2134, 410, 2137, -1,
      2137, 410, 409, -1,
      2137, 409, 407, -1,
      407, 405, 2137, -1,
      2137, 405, 2138, -1,
      2137, 2138, 1748, -1,
      1748, 2138, 1751, -1,
      405, 403, 2138, -1,
      2138, 403, 401, -1,
      2138, 401, 2139, -1,
      2139, 401, 399, -1,
      2139, 399, 2140, -1,
      2140, 399, 397, -1,
      2140, 397, 395, -1,
      395, 393, 2140, -1,
      2140, 393, 2141, -1,
      2140, 2141, 1758, -1,
      1758, 2141, 1757, -1,
      393, 391, 2141, -1,
      2141, 391, 388, -1,
      2141, 388, 2142, -1,
      2142, 388, 387, -1,
      2142, 387, 2143, -1,
      381, 2144, 383, -1,
      383, 2144, 2143, -1,
      383, 2143, 385, -1,
      385, 2143, 387, -1,
      381, 379, 2144, -1,
      2144, 379, 2145, -1,
      2144, 2145, 1766, -1,
      1766, 2145, 1765, -1,
      373, 2146, 375, -1,
      375, 2146, 2145, -1,
      375, 2145, 377, -1,
      377, 2145, 379, -1,
      373, 371, 2146, -1,
      2146, 371, 2147, -1,
      2146, 2147, 1770, -1,
      1770, 2147, 1769, -1,
      371, 369, 2147, -1,
      2147, 369, 366, -1,
      2147, 366, 2148, -1,
      2148, 366, 365, -1,
      2148, 365, 2149, -1,
      359, 2150, 361, -1,
      361, 2150, 2149, -1,
      361, 2149, 363, -1,
      363, 2149, 365, -1,
      359, 357, 2150, -1,
      2150, 357, 2151, -1,
      2150, 2151, 1778, -1,
      1778, 2151, 1777, -1,
      357, 355, 2151, -1,
      2151, 355, 353, -1,
      2151, 353, 2152, -1,
      2152, 353, 351, -1,
      2152, 351, 2153, -1,
      2153, 351, 346, -1,
      2153, 346, 349, -1,
      349, 21, 2153, -1,
      2153, 21, 2154, -1,
      2153, 2154, 1780, -1,
      1780, 2154, 1783, -1,
      27, 2156, 344, -1,
      344, 2156, 2155, -1,
      344, 2155, 24, -1,
      24, 2155, 2154, -1,
      24, 2154, 345, -1,
      345, 2154, 21, -1,
      27, 343, 2156, -1,
      2156, 343, 2157, -1,
      2156, 2157, 1790, -1,
      1790, 2157, 1789, -1,
      343, 342, 2157, -1,
      2157, 342, 337, -1,
      2157, 337, 2158, -1,
      2158, 337, 340, -1,
      2158, 340, 2159, -1,
      2159, 340, 333, -1,
      2159, 333, 336, -1,
      336, 30, 2159, -1,
      2159, 30, 2160, -1,
      2159, 2160, 1792, -1,
      1792, 2160, 1795, -1,
      30, 146, 2160, -1,
      2160, 146, 148, -1,
      2160, 148, 2161, -1,
      2161, 148, 150, -1,
      2161, 150, 2162, -1,
      156, 2163, 154, -1,
      154, 2163, 2162, -1,
      154, 2162, 152, -1,
      152, 2162, 150, -1,
      156, 158, 2163, -1,
      2163, 158, 2164, -1,
      2163, 2164, 1800, -1,
      1800, 2164, 1803, -1,
      164, 2165, 162, -1,
      162, 2165, 2164, -1,
      162, 2164, 160, -1,
      160, 2164, 158, -1,
      164, 166, 2165, -1,
      2165, 166, 2166, -1,
      2165, 2166, 1804, -1,
      1804, 2166, 1807, -1,
      166, 168, 2166, -1,
      2166, 168, 170, -1,
      2166, 170, 2167, -1,
      2167, 170, 172, -1,
      2167, 172, 2168, -1,
      178, 2169, 176, -1,
      176, 2169, 2168, -1,
      176, 2168, 174, -1,
      174, 2168, 172, -1,
      178, 180, 2169, -1,
      2169, 180, 2172, -1,
      2169, 2172, 1814, -1,
      1814, 2172, 1815, -1,
      180, 182, 2172, -1,
      2172, 182, 184, -1,
      2172, 184, 2170, -1,
      2170, 184, 186, -1,
      2170, 186, 2171, -1,
      2171, 186, 188, -1,
      188, 190, 2171, -1,
      2171, 190, 192, -1,
      2171, 192, 2173, -1,
      2173, 192, 194, -1,
      2173, 194, 2174, -1,
      200, 2175, 198, -1,
      198, 2175, 2174, -1,
      198, 2174, 196, -1,
      196, 2174, 194, -1,
      200, 202, 2175, -1,
      2175, 202, 2177, -1,
      2175, 2177, 1827, -1,
      1827, 2177, 1828, -1,
      202, 204, 2177, -1,
      2177, 204, 206, -1,
      2177, 206, 2176, -1,
      2176, 206, 208, -1,
      2176, 208, 2178, -1,
      2178, 208, 210, -1,
      2178, 210, 212, -1,
      212, 214, 2178, -1,
      2178, 214, 2180, -1,
      2178, 2180, 1833, -1,
      1833, 2180, 1834, -1,
      222, 2181, 220, -1,
      220, 2181, 2179, -1,
      220, 2179, 218, -1,
      218, 2179, 2180, -1,
      218, 2180, 216, -1,
      216, 2180, 214, -1,
      222, 224, 2181, -1,
      2181, 224, 2183, -1,
      2181, 2183, 1839, -1,
      1839, 2183, 1840, -1,
      224, 226, 2183, -1,
      2183, 226, 228, -1,
      2183, 228, 2182, -1,
      2182, 228, 230, -1,
      2182, 230, 2184, -1,
      2184, 230, 232, -1,
      2184, 232, 234, -1,
      234, 236, 2184, -1,
      2184, 236, 2187, -1,
      2184, 2187, 900, -1,
      900, 2187, 901, -1,
      236, 238, 2187, -1,
      2187, 238, 240, -1,
      2187, 240, 2185, -1,
      2185, 240, 242, -1,
      2185, 242, 2186, -1,
      248, 2188, 246, -1,
      246, 2188, 2186, -1,
      246, 2186, 244, -1,
      244, 2186, 242, -1,
      248, 250, 2188, -1,
      2188, 250, 2191, -1,
      2188, 2191, 888, -1,
      888, 2191, 889, -1,
      250, 252, 2191, -1,
      2191, 252, 254, -1,
      2191, 254, 2189, -1,
      2189, 254, 256, -1,
      2189, 256, 2190, -1,
      2190, 256, 258, -1,
      258, 260, 2190, -1,
      2190, 260, 262, -1,
      2190, 262, 2192, -1,
      2192, 262, 264, -1,
      2192, 264, 2193, -1,
      270, 2194, 268, -1,
      268, 2194, 2193, -1,
      268, 2193, 266, -1,
      266, 2193, 264, -1,
      270, 272, 2194, -1,
      2194, 272, 2196, -1,
      2194, 2196, 870, -1,
      870, 2196, 871, -1,
      272, 274, 2196, -1,
      2196, 274, 276, -1,
      2196, 276, 2195, -1,
      2195, 276, 278, -1,
      2195, 278, 2197, -1,
      2197, 278, 280, -1,
      2197, 280, 282, -1,
      282, 284, 2197, -1,
      2197, 284, 2199, -1,
      2197, 2199, 861, -1,
      861, 2199, 862, -1,
      292, 2200, 290, -1,
      290, 2200, 2198, -1,
      290, 2198, 288, -1,
      288, 2198, 2199, -1,
      288, 2199, 286, -1,
      286, 2199, 284, -1,
      292, 294, 2200, -1,
      2200, 294, 2201, -1,
      2200, 2201, 1841, -1,
      1841, 2201, 1842, -1,
      294, 296, 2201, -1,
      2201, 296, 298, -1,
      2201, 298, 2202, -1,
      2202, 298, 300, -1,
      2202, 300, 2203, -1,
      2203, 300, 302, -1,
      2203, 302, 304, -1,
      304, 306, 2203, -1,
      2203, 306, 2204, -1,
      2203, 2204, 1846, -1,
      1846, 2204, 1849, -1,
      306, 308, 2204, -1,
      2204, 308, 310, -1,
      2204, 310, 2205, -1,
      2205, 310, 312, -1,
      2205, 312, 2206, -1,
      318, 2207, 316, -1,
      316, 2207, 2206, -1,
      316, 2206, 314, -1,
      314, 2206, 312, -1,
      318, 320, 2207, -1,
      2207, 320, 2208, -1,
      2207, 2208, 1851, -1,
      1851, 2208, 1854, -1,
      320, 322, 2208, -1,
      2208, 322, 324, -1,
      2208, 324, 2209, -1,
      2209, 324, 326, -1,
      2209, 326, 2210, -1,
      2210, 326, 328, -1,
      328, 330, 2210, -1,
      2210, 330, 32, -1,
      2210, 32, 2211, -1,
      2211, 32, 31, -1,
      2211, 31, 2212, -1,
      141, 2213, 143, -1,
      143, 2213, 2212, -1,
      143, 2212, 144, -1,
      144, 2212, 31, -1,
      141, 139, 2213, -1,
      2213, 139, 2214, -1,
      2213, 2214, 1109, -1,
      1109, 2214, 1107, -1,
      139, 137, 2214, -1,
      2214, 137, 135, -1,
      2214, 135, 2215, -1,
      2215, 135, 133, -1,
      2215, 133, 2216, -1,
      2216, 133, 131, -1,
      131, 129, 2216, -1,
      2216, 129, 36, -1,
      2216, 36, 2217, -1,
      2217, 36, 37, -1,
      2217, 37, 2218, -1,
      2218, 37, 126, -1,
      2218, 126, 2219, -1,
      2219, 126, 125, -1,
      2219, 125, 123, -1,
      123, 121, 2219, -1,
      2219, 121, 1868, -1,
      2219, 1868, 1142, -1,
      1142, 1868, 1140, -1,
      121, 119, 1868, -1,
      1868, 119, 117, -1,
      1868, 117, 1869, -1,
      1869, 117, 115, -1,
      1869, 115, 1870, -1,
      1870, 115, 113, -1,
      1870, 113, 111, -1,
      111, 108, 1870, -1,
      1870, 108, 1879, -1,
      1870, 1879, 1873, -1,
      1873, 1879, 1881, -1,
      101, 1882, 103, -1,
      103, 1882, 1876, -1,
      103, 1876, 104, -1,
      104, 1876, 1879, -1,
      104, 1879, 107, -1,
      107, 1879, 108, -1,
      101, 99, 1882, -1,
      1882, 99, 1895, -1,
      1882, 1895, 1885, -1,
      1885, 1895, 1897, -1,
      99, 97, 1895, -1,
      1895, 97, 95, -1,
      1895, 95, 1889, -1,
      1889, 95, 93, -1,
      1889, 93, 1891, -1,
      1891, 93, 91, -1,
      1891, 91, 89, -1,
      89, 86, 1891, -1,
      1891, 86, 1902, -1,
      1891, 1902, 1892, -1,
      1892, 1902, 1904, -1,
      1905, 1898, 80, -1,
      80, 1898, 1900, -1,
      80, 1900, 82, -1,
      82, 1900, 1902, -1,
      82, 1902, 84, -1,
      84, 1902, 86, -1,
    ]
  }
}

Shape {
  appearance Appearance {
    material Material {
      diffuseColor 0.0000 0.0000 0.0000
      specularColor 0.0000 0.0000 0.0000
      ambientIntensity 0.2
      transparency 0.0000
      shininess 0.5
    }
  }
  geometry IndexedFaceSet {
    ccw TRUE
    solid FALSE
    coord DEF co Coordinate {
      point [
        8.909706 -1.598598 7.233403,
        8.977679 -1.570443 7.233403,
        8.977679 -2.438069 7.233403,
        8.909706 -5.968676 7.233403,
        8.977679 -5.940521 7.233403,
        8.977679 -6.589645 7.233403,
        3.434488 -0.369172 7.233403,
        4.374275 -0.369172 7.233403,
        4.374275 -0.674290 7.233403,
        6.748881 -0.369172 7.233403,
        6.854590 -0.369172 7.233403,
        6.854590 -0.674290 7.233403,
        10.801788 -0.369172 7.233403,
        11.741574 -0.369172 7.233403,
        11.741574 -0.674290 7.233403,
        11.741574 -6.589645 7.233403,
        10.801788 -6.589645 7.233403,
        11.741574 -4.610625 7.233403,
        10.801788 -6.195944 7.233403,
        9.334904 -6.589645 7.233403,
        8.985670 -5.937211 7.233403,
        9.334904 -6.195944 7.233403,
        9.050900 -5.887158 7.233403,
        9.871496 -6.195944 7.233403,
        9.100953 -5.506967 7.233403,
        9.050900 -5.441737 7.233403,
        8.977679 -4.610625 7.233403,
        8.985670 -5.391684 7.233403,
        8.977679 -5.388374 7.233403,
        9.100953 -5.821928 7.233403,
        9.132418 -5.745965 7.233403,
        9.871496 -5.684132 7.233403,
        9.143149 -5.664448 7.233403,
        9.132418 -5.582930 7.233403,
        10.343938 -5.684132 7.233403,
        10.343938 -6.195944 7.233403,
        10.343938 -1.274684 7.233403,
        11.741574 -2.438069 7.233403,
        9.871496 -1.274684 7.233403,
        10.343938 -0.762873 7.233403,
        10.801788 -0.762873 7.233403,
        10.801788 -0.674290 7.233403,
        8.985670 -1.567133 7.233403,
        9.050900 -1.517080 7.233403,
        9.100953 -1.451849 7.233403,
        9.132418 -1.375887 7.233403,
        9.143149 -1.294369 7.233403,
        9.871496 -0.762873 7.233403,
        8.977679 -1.018295 7.233403,
        8.977679 -0.674290 7.233403,
        8.985670 -1.021605 7.233403,
        9.334904 -0.674290 7.233403,
        9.050900 -1.071658 7.233403,
        9.334904 -0.762873 7.233403,
        9.100953 -1.136889 7.233403,
        9.132418 -1.212851 7.233403,
        8.321474 -0.674290 7.233403,
        8.396251 -0.674290 7.233403,
        8.321474 -0.762873 7.233403,
        8.396251 -2.438069 7.233403,
        8.257667 -0.762873 7.233403,
        8.257667 -2.438069 7.233403,
        7.271014 -0.762873 7.233403,
        7.351811 -0.762873 7.233403,
        7.351811 -1.274684 7.233403,
        7.824252 -0.762873 7.233403,
        7.824252 -1.274684 7.233403,
        7.703126 -1.274684 7.233403,
        7.703126 -2.438069 7.233403,
        7.271014 -2.438069 7.233403,
        6.854590 -0.762873 7.233403,
        6.748881 -0.674290 7.233403,
        5.841158 -0.369172 7.233403,
        5.841158 -0.674290 7.233403,
        5.316867 -1.274684 7.233403,
        5.316867 -0.762873 7.233403,
        5.841158 -0.762873 7.233403,
        6.748881 -2.438069 7.233403,
        4.819826 -0.762873 7.233403,
        4.819826 -1.274684 7.233403,
        4.374275 -0.762873 7.233403,
        3.434488 -2.438069 7.233403,
        3.434488 -0.674290 7.233403,
        4.819826 -5.684132 7.233403,
        4.819826 -6.195944 7.233403,
        4.374275 -6.195944 7.233403,
        5.316867 -5.684132 7.233403,
        3.434488 -4.610625 7.233403,
        3.434488 -6.589645 7.233403,
        4.374275 -6.589645 7.233403,
        5.841158 -6.589645 7.233403,
        5.841158 -6.195944 7.233403,
        6.748881 -4.610625 7.233403,
        5.316867 -6.195944 7.233403,
        7.271014 -6.195944 7.233403,
        6.854590 -6.195944 7.233403,
        6.748881 -6.589645 7.233403,
        6.854590 -6.589645 7.233403,
        7.351811 -5.684132 7.233403,
        7.271014 -4.610625 7.233403,
        7.703126 -5.684132 7.233403,
        7.703126 -4.610625 7.233403,
        7.824252 -5.684132 7.233403,
        8.257667 -4.610625 7.233403,
        7.824252 -6.195944 7.233403,
        8.257667 -6.195944 7.233403,
        8.396251 -6.589645 7.233403,
        8.321474 -6.589645 7.233403,
        8.321474 -6.195944 7.233403,
        8.396251 -4.610625 7.233403,
        8.581750 -3.864562 7.233403,
        8.812209 -3.274011 7.233403,
        8.977679 -3.270410 7.233403,
        8.725787 -3.274011 7.233403,
        8.396251 -3.270410 7.233403,
        8.422072 -3.439653 7.233403,
        8.396251 -3.363787 7.233403,
        8.666034 -3.439653 7.233403,
        8.365694 -3.274011 7.233403,
        8.257667 -3.270410 7.233403,
        8.279273 -3.274011 7.233403,
        8.257667 -3.868163 7.233403,
        8.396251 -3.583436 7.233403,
        8.396251 -3.868163 7.233403,
        7.271014 -3.868163 7.233403,
        7.127638 -3.868163 7.233403,
        7.145164 -3.866977 7.233403,
        7.213400 -3.848357 7.233403,
        7.213400 -3.769137 7.233403,
        7.271014 -3.270410 7.233403,
        7.146696 -3.797604 7.233403,
        7.075102 -3.806947 7.233403,
        7.045804 -3.798563 7.233403,
        7.213400 -3.369435 7.233403,
        7.213400 -3.304619 7.233403,
        7.134437 -3.275171 7.233403,
        7.140337 -3.340318 7.233403,
        7.061823 -3.331626 7.233403,
        6.913276 -3.736526 7.233403,
        6.892412 -3.712372 7.233403,
        6.995712 -3.347010 7.233403,
        6.876528 -3.681088 7.233403,
        6.863776 -3.635376 7.233403,
        6.853307 -3.562985 7.233403,
        6.867174 -3.491287 7.233403,
        6.954145 -3.362407 7.233403,
        6.948847 -3.761513 7.233403,
        6.888074 -3.429181 7.233403,
        6.907947 -3.397509 7.233403,
        6.926224 -3.379547 7.233403,
        7.057765 -3.868163 7.233403,
        7.074427 -3.871764 7.233403,
        6.892532 -3.319731 7.233403,
        6.849807 -3.348842 7.233403,
        6.748881 -3.270410 7.233403,
        6.824224 -3.377680 7.233403,
        6.804449 -3.415365 7.233403,
        6.822458 -3.727224 7.233403,
        6.852406 -3.776998 7.233403,
        6.748881 -3.868163 7.233403,
        6.882381 -3.806869 7.233403,
        6.921993 -3.830630 7.233403,
        6.980709 -3.851510 7.233403,
        7.351811 -6.195944 7.233403,
        6.788155 -3.470641 7.233403,
        6.774087 -3.558146 7.233403,
        6.781344 -3.591783 7.233403,
        7.086875 -3.270410 7.233403,
        7.050908 -3.266809 7.233403,
        7.037089 -3.270410 7.233403,
        7.004022 -3.279026 7.233403,
        8.670709 -5.391684 7.233403,
        8.605478 -5.441737 7.233403,
        8.555425 -5.506967 7.233403,
        8.555425 -5.821928 7.233403,
        8.605478 -5.887158 7.233403,
        8.909706 -5.360219 7.233403,
        8.828189 -5.349487 7.233403,
        8.746671 -5.360219 7.233403,
        8.670709 -5.937211 7.233403,
        8.746671 -5.968676 7.233403,
        8.828189 -5.979408 7.233403,
        8.523961 -5.582930 7.233403,
        8.513228 -5.664448 7.233403,
        8.523961 -5.745965 7.233403,
        8.555425 -1.451849 7.233403,
        8.605478 -1.517080 7.233403,
        8.670709 -1.021605 7.233403,
        8.605478 -1.071658 7.233403,
        8.555425 -1.136889 7.233403,
        8.670709 -1.567133 7.233403,
        8.746671 -1.598598 7.233403,
        8.828189 -1.609330 7.233403,
        8.909706 -0.990140 7.233403,
        8.828189 -0.979408 7.233403,
        8.746671 -0.990140 7.233403,
        8.523961 -1.212851 7.233403,
        8.513228 -1.294369 7.233403,
        8.523961 -1.375887 7.233403,
        9.334904 -0.369172 7.233403,
        8.977679 -0.369172 7.233403,
        8.396251 -0.369172 7.233403,
        8.321474 -0.369172 7.233403,
        11.741574 -3.270410 7.233403,
        7.703126 -3.270410 7.233403,
        6.500418 -3.864562 7.233403,
        6.500418 -3.338827 7.233403,
        6.723674 -3.338827 7.233403,
        6.723674 -3.274011 7.233403,
        6.421197 -3.274011 7.233403,
        6.421197 -3.864562 7.233403,
        3.434488 -3.868163 7.233403,
        3.434488 -3.270410 7.233403,
        7.407850 -3.799745 7.233403,
        7.407850 -3.605296 7.233403,
        7.631107 -3.799745 7.233403,
        7.616703 -3.605296 7.233403,
        7.407850 -3.540479 7.233403,
        7.407850 -3.338827 7.233403,
        7.616703 -3.540479 7.233403,
        7.645510 -3.338827 7.233403,
        7.645510 -3.274011 7.233403,
        7.328630 -3.274011 7.233403,
        7.328630 -3.864562 7.233403,
        7.631107 -3.864562 7.233403,
        7.703126 -3.868163 7.233403,
        7.927395 -3.864562 7.233403,
        7.967950 -3.856409 7.233403,
        8.094721 -3.819107 7.233403,
        8.142622 -3.790810 7.233403,
        8.171715 -3.762046 7.233403,
        8.195007 -3.723856 7.233403,
        8.207556 -3.437647 7.233403,
        8.175177 -3.384787 7.233403,
        8.137898 -3.346974 7.233403,
        8.089665 -3.316429 7.233403,
        8.215687 -3.667144 7.233403,
        8.236062 -3.576713 7.233403,
        8.225434 -3.495037 7.233403,
        8.024096 -3.293144 7.233403,
        7.921319 -3.274011 7.233403,
        7.760739 -3.274011 7.233403,
        7.760739 -3.864562 7.233403,
        11.741574 -3.868163 7.233403,
        8.977679 -3.868163 7.233403,
        8.502530 -3.864562 7.233403,
        11.741574 -6.589645 12.194032,
        10.801788 -6.589645 12.194032,
        9.334904 -6.589645 12.194032,
        8.321474 -6.589645 12.194032,
        6.854590 -6.589645 12.194032,
        5.841158 -6.589645 12.194032,
        4.374275 -6.589645 12.194032,
        3.434488 -6.589645 12.194032,
      ]
    }
    coordIndex [
      0, 1, 2, -1,
      3, 4, 5, -1,
      6, 7, 8, -1,
      9, 10, 11, -1,
      12, 13, 14, -1,
      15, 16, 17, -1,
      17, 16, 18, -1,
      5, 4, 19, -1,
      19, 4, 20, -1,
      19, 20, 21, -1,
      21, 20, 22, -1,
      21, 22, 23, -1,
      24, 25, 26, -1,
      26, 25, 27, -1,
      26, 27, 28, -1,
      22, 29, 23, -1,
      23, 29, 30, -1,
      23, 30, 31, -1,
      31, 30, 32, -1,
      31, 32, 33, -1,
      33, 24, 31, -1,
      31, 24, 26, -1,
      31, 26, 34, -1,
      34, 26, 17, -1,
      34, 17, 35, -1,
      35, 17, 18, -1,
      36, 37, 38, -1,
      38, 37, 2, -1,
      36, 39, 37, -1,
      37, 39, 40, -1,
      37, 40, 14, -1,
      14, 40, 41, -1,
      14, 41, 12, -1,
      1, 42, 2, -1,
      2, 42, 43, -1,
      2, 43, 38, -1,
      38, 43, 44, -1,
      44, 45, 38, -1,
      38, 45, 46, -1,
      38, 46, 47, -1,
      48, 49, 50, -1,
      50, 49, 51, -1,
      50, 51, 52, -1,
      52, 51, 53, -1,
      52, 53, 54, -1,
      54, 53, 47, -1,
      54, 47, 55, -1,
      55, 47, 46, -1,
      56, 57, 58, -1,
      58, 57, 59, -1,
      58, 59, 60, -1,
      60, 59, 61, -1,
      62, 63, 64, -1,
      65, 60, 66, -1,
      66, 60, 61, -1,
      66, 61, 67, -1,
      67, 61, 68, -1,
      67, 68, 64, -1,
      64, 68, 69, -1,
      64, 69, 62, -1,
      62, 69, 70, -1,
      9, 71, 72, -1,
      72, 71, 73, -1,
      74, 75, 76, -1,
      73, 71, 76, -1,
      76, 71, 77, -1,
      76, 77, 74, -1,
      78, 79, 80, -1,
      80, 79, 81, -1,
      80, 81, 8, -1,
      8, 81, 82, -1,
      8, 82, 6, -1,
      83, 84, 85, -1,
      86, 83, 87, -1,
      87, 83, 85, -1,
      87, 85, 88, -1,
      88, 85, 89, -1,
      90, 91, 92, -1,
      92, 91, 93, -1,
      92, 93, 86, -1,
      94, 95, 92, -1,
      90, 92, 96, -1,
      96, 92, 95, -1,
      96, 95, 97, -1,
      98, 99, 100, -1,
      100, 99, 101, -1,
      100, 101, 102, -1,
      102, 101, 103, -1,
      102, 103, 104, -1,
      104, 103, 105, -1,
      106, 107, 108, -1,
      105, 103, 108, -1,
      108, 103, 109, -1,
      108, 109, 106, -1,
      110, 111, 112, -1,
      112, 111, 113, -1,
      112, 113, 114, -1,
      115, 116, 117, -1,
      117, 116, 113, -1,
      113, 116, 114, -1,
      114, 116, 118, -1,
      114, 118, 119, -1,
      119, 118, 120, -1,
      119, 120, 121, -1,
      121, 120, 122, -1,
      121, 122, 123, -1,
      124, 125, 126, -1,
      126, 127, 124, -1,
      124, 127, 128, -1,
      124, 128, 129, -1,
      130, 131, 132, -1,
      128, 133, 129, -1,
      129, 133, 134, -1,
      129, 134, 135, -1,
      128, 130, 133, -1,
      133, 130, 132, -1,
      133, 132, 136, -1,
      136, 132, 137, -1,
      138, 139, 140, -1,
      140, 139, 141, -1,
      140, 141, 142, -1,
      142, 143, 140, -1,
      140, 143, 144, -1,
      140, 144, 145, -1,
      137, 132, 140, -1,
      140, 132, 146, -1,
      140, 146, 138, -1,
      147, 148, 144, -1,
      144, 148, 149, -1,
      144, 149, 145, -1,
      150, 151, 99, -1,
      152, 153, 154, -1,
      154, 153, 155, -1,
      154, 155, 156, -1,
      157, 158, 159, -1,
      159, 158, 160, -1,
      159, 160, 161, -1,
      161, 162, 159, -1,
      159, 162, 150, -1,
      159, 150, 92, -1,
      92, 150, 99, -1,
      92, 99, 94, -1,
      94, 99, 98, -1,
      94, 98, 163, -1,
      156, 164, 154, -1,
      154, 164, 165, -1,
      154, 165, 159, -1,
      159, 165, 166, -1,
      159, 166, 157, -1,
      167, 168, 77, -1,
      77, 168, 169, -1,
      77, 169, 154, -1,
      154, 169, 170, -1,
      154, 170, 152, -1,
      9, 11, 71, -1,
      71, 11, 70, -1,
      71, 70, 77, -1,
      77, 70, 69, -1,
      77, 69, 167, -1,
      171, 172, 109, -1,
      109, 172, 173, -1,
      106, 174, 175, -1,
      28, 176, 26, -1,
      26, 176, 177, -1,
      26, 177, 109, -1,
      109, 177, 178, -1,
      109, 178, 171, -1,
      175, 179, 106, -1,
      106, 179, 180, -1,
      106, 180, 5, -1,
      5, 180, 181, -1,
      5, 181, 3, -1,
      173, 182, 109, -1,
      109, 182, 183, -1,
      109, 183, 106, -1,
      106, 183, 184, -1,
      106, 184, 174, -1,
      185, 186, 59, -1,
      187, 188, 57, -1,
      57, 188, 189, -1,
      186, 190, 59, -1,
      59, 190, 191, -1,
      59, 191, 2, -1,
      2, 191, 192, -1,
      2, 192, 0, -1,
      48, 193, 49, -1,
      49, 193, 194, -1,
      49, 194, 57, -1,
      57, 194, 195, -1,
      57, 195, 187, -1,
      189, 196, 57, -1,
      57, 196, 197, -1,
      57, 197, 59, -1,
      59, 197, 198, -1,
      59, 198, 185, -1,
      199, 51, 200, -1,
      200, 51, 49, -1,
      200, 49, 201, -1,
      201, 49, 57, -1,
      201, 57, 202, -1,
      202, 57, 56, -1,
      37, 203, 2, -1,
      2, 203, 112, -1,
      2, 112, 59, -1,
      59, 112, 114, -1,
      59, 114, 61, -1,
      61, 114, 119, -1,
      61, 119, 68, -1,
      68, 119, 204, -1,
      68, 204, 69, -1,
      69, 204, 129, -1,
      69, 129, 167, -1,
      167, 129, 135, -1,
      205, 206, 159, -1,
      159, 206, 207, -1,
      159, 207, 154, -1,
      154, 207, 208, -1,
      154, 208, 209, -1,
      210, 211, 209, -1,
      209, 211, 212, -1,
      209, 212, 154, -1,
      154, 212, 81, -1,
      154, 81, 77, -1,
      77, 81, 79, -1,
      77, 79, 74, -1,
      213, 214, 215, -1,
      215, 214, 216, -1,
      217, 218, 219, -1,
      219, 218, 220, -1,
      219, 220, 204, -1,
      204, 220, 221, -1,
      204, 221, 129, -1,
      129, 221, 222, -1,
      129, 222, 124, -1,
      222, 223, 124, -1,
      124, 223, 224, -1,
      124, 224, 225, -1,
      225, 224, 215, -1,
      225, 215, 204, -1,
      204, 215, 216, -1,
      204, 216, 219, -1,
      225, 226, 121, -1,
      121, 226, 227, -1,
      121, 227, 228, -1,
      228, 229, 121, -1,
      121, 229, 230, -1,
      121, 230, 231, -1,
      232, 233, 119, -1,
      119, 233, 234, -1,
      119, 234, 235, -1,
      231, 236, 121, -1,
      121, 236, 237, -1,
      121, 237, 119, -1,
      119, 237, 238, -1,
      119, 238, 232, -1,
      235, 239, 119, -1,
      119, 239, 240, -1,
      119, 240, 204, -1,
      204, 240, 241, -1,
      204, 241, 225, -1,
      225, 241, 242, -1,
      225, 242, 226, -1,
      203, 243, 112, -1,
      112, 243, 244, -1,
      112, 244, 110, -1,
      110, 244, 123, -1,
      110, 123, 245, -1,
      245, 123, 122, -1,
      86, 87, 92, -1,
      92, 87, 211, -1,
      92, 211, 159, -1,
      159, 211, 210, -1,
      159, 210, 205, -1,
      243, 17, 244, -1,
      244, 17, 26, -1,
      244, 26, 123, -1,
      123, 26, 109, -1,
      123, 109, 121, -1,
      121, 109, 103, -1,
      121, 103, 225, -1,
      225, 103, 101, -1,
      225, 101, 124, -1,
      124, 101, 99, -1,
      124, 99, 125, -1,
      125, 99, 151, -1,
      15, 246, 16, -1,
      16, 246, 247, -1,
      19, 248, 5, -1,
      5, 248, 249, -1,
      5, 249, 106, -1,
      106, 249, 107, -1,
      97, 250, 96, -1,
      96, 250, 251, -1,
      96, 251, 90, -1,
      252, 253, 89, -1,
      89, 253, 88, -1,
    ]
  }
}

Shape {
  appearance Appearance {
    material Material {
      diffuseColor 0.0824 0.0824 0.0824
      specularColor 0.0706 0.0706 0.0706
      ambientIntensity 0.2
      transparency 0.0000
      shininess 0.5
    }
  }
  geometry IndexedFaceSet {
    ccw TRUE
    solid FALSE
    coord DEF co Coordinate {
      point [
        9.871496 -6.195944 7.233403,
        9.871496 -5.684132 7.233403,
        10.343938 -5.684132 7.233403,
        10.343938 -6.195944 7.233403,
        4.819826 -5.684132 7.233403,
        4.819826 -6.195944 7.233403,
        5.316867 -5.684132 7.233403,
        5.316867 -6.195944 7.233403,
        7.351811 -5.684132 7.233403,
        7.824252 -5.684132 7.233403,
        7.824252 -6.195944 7.233403,
        7.351811 -6.195944 7.233403,
        8.321474 -5.197665 9.142852,
        6.854590 -5.197665 9.142852,
        8.321474 -6.195944 9.142852,
        6.854590 -6.195944 9.142852,
        5.841158 -5.197665 9.142852,
        4.374275 -5.197665 9.142852,
        5.841158 -6.195944 9.142852,
        4.374275 -6.195944 9.142852,
        10.801788 -5.197665 9.142852,
        9.334904 -5.197665 9.142852,
        10.801788 -6.195944 9.142852,
        9.334904 -6.195944 9.142852,
        4.819826 -6.195944 8.407169,
        4.819826 -5.684132 8.407169,
        5.316867 -6.195944 8.407169,
        5.316867 -5.684132 8.407169,
        7.351811 -6.195944 8.407169,
        7.351811 -5.684132 8.407169,
        7.824252 -6.195944 8.407169,
        7.824252 -5.684132 8.407169,
        9.871496 -6.195944 8.407169,
        9.871496 -5.684132 8.407169,
        10.343938 -6.195944 8.407169,
        10.343938 -5.684132 8.407169,
      ]
    }
    coordIndex [
      12, 13, 14, -1,
      14, 13, 15, -1,
      16, 17, 18, -1,
      18, 17, 19, -1,
      20, 21, 22, -1,
      22, 21, 23, -1,
      5, 4, 24, -1,
      24, 4, 25, -1,
      24, 25, 26, -1,
      26, 25, 27, -1,
      26, 27, 7, -1,
      7, 27, 6, -1,
      11, 8, 28, -1,
      28, 8, 29, -1,
      28, 29, 30, -1,
      30, 29, 31, -1,
      30, 31, 10, -1,
      10, 31, 9, -1,
      0, 1, 32, -1,
      32, 1, 33, -1,
      32, 33, 34, -1,
      34, 33, 35, -1,
      34, 35, 3, -1,
      3, 35, 2, -1,
    ]
  }
}

Shape {
  appearance Appearance {
    material Material {
      diffuseColor 0.0000 0.0000 0.0000
      specularColor 0.0000 0.0000 0.0000
      ambientIntensity 0.2
      transparency 0.0000
      shininess 0.5
    }
  }
  geometry IndexedFaceSet {
    ccw TRUE
    solid FALSE
    coord DEF co Coordinate {
      point [
        6.748881 -0.369172 7.233403,
        6.854590 -0.369172 7.233403,
        10.801788 -0.369172 7.233403,
        11.741574 -0.369172 7.233403,
        5.841158 -0.369172 7.233403,
        9.334904 -0.369172 7.233403,
        8.977679 -0.369172 7.233403,
        8.396251 -0.369172 7.233403,
        8.321474 -0.369172 7.233403,
        10.801788 -0.369172 12.194032,
        11.741574 -0.369172 12.194032,
        8.321474 -0.369172 12.194032,
        9.334904 -0.369172 12.194032,
        5.841158 -0.369172 12.194032,
        6.854590 -0.369172 12.194032,
      ]
    }
    coordIndex [
      9, 10, 2, -1,
      2, 10, 3, -1,
      8, 11, 7, -1,
      7, 11, 12, -1,
      7, 12, 6, -1,
      6, 12, 5, -1,
      4, 13, 0, -1,
      0, 13, 14, -1,
      0, 14, 1, -1,
    ]
  }
}

Shape {
  appearance Appearance {
    material Material {
      diffuseColor 0.0824 0.0824 0.0824
      specularColor 0.0706 0.0706 0.0706
      ambientIntensity 0.2
      transparency 0.0000
      shininess 0.5
    }
  }
  geometry IndexedFaceSet {
    ccw TRUE
    solid FALSE
    coord DEF co Coordinate {
      point [
        10.343938 -1.274684 7.233403,
        9.871496 -1.274684 7.233403,
        10.343938 -0.762873 7.233403,
        9.871496 -0.762873 7.233403,
        7.351811 -0.762873 7.233403,
        7.351811 -1.274684 7.233403,
        7.824252 -0.762873 7.233403,
        7.824252 -1.274684 7.233403,
        5.316867 -1.274684 7.233403,
        5.316867 -0.762873 7.233403,
        4.819826 -0.762873 7.233403,
        4.819826 -1.274684 7.233403,
        6.854590 -2.863514 9.142852,
        8.321474 -2.863514 9.142852,
        6.854590 -0.762873 9.142852,
        8.321474 -0.762873 9.142852,
        4.374275 -2.863514 9.142852,
        5.841158 -2.863514 9.142852,
        4.374275 -0.762873 9.142852,
        5.841158 -0.762873 9.142852,
        9.334904 -2.863514 9.142852,
        10.801788 -2.863514 9.142852,
        9.334904 -0.762873 9.142852,
        10.801788 -0.762873 9.142852,
        4.819826 -1.274684 8.407169,
        4.819826 -0.762873 8.407169,
        5.316867 -1.274684 8.407169,
        5.316867 -0.762873 8.407169,
        7.351811 -1.274684 8.407169,
        7.351811 -0.762873 8.407169,
        7.824252 -1.274684 8.407169,
        7.824252 -0.762873 8.407169,
        9.871496 -1.274684 8.407169,
        9.871496 -0.762873 8.407169,
        10.343938 -1.274684 8.407169,
        10.343938 -0.762873 8.407169,
      ]
    }
    coordIndex [
      12, 13, 14, -1,
      14, 13, 15, -1,
      16, 17, 18, -1,
      18, 17, 19, -1,
      20, 21, 22, -1,
      22, 21, 23, -1,
      24, 11, 25, -1,
      25, 11, 10, -1,
      8, 26, 9, -1,
      9, 26, 27, -1,
      26, 24, 27, -1,
      27, 24, 25, -1,
      28, 5, 29, -1,
      29, 5, 4, -1,
      7, 30, 6, -1,
      6, 30, 31, -1,
      30, 28, 31, -1,
      31, 28, 29, -1,
      32, 1, 33, -1,
      33, 1, 3, -1,
      0, 34, 2, -1,
      2, 34, 35, -1,
      34, 32, 35, -1,
      35, 32, 33, -1,
    ]
  }
}

Shape {
  appearance Appearance {
    material Material {
      diffuseColor 0.0000 0.0000 0.0000
      specularColor 0.0000 0.0000 0.0000
      ambientIntensity 0.2
      transparency 0.0000
      shininess 0.5
    }
  }
  geometry IndexedFaceSet {
    ccw TRUE
    solid FALSE
    coord DEF co Coordinate {
      point [
        11.741574 -2.764743 7.956905,
        11.741574 -2.890677 7.872696,
        11.741574 -4.030590 7.548363,
        11.741574 -3.632707 7.585232,
        11.741574 -3.248373 7.694585,
        3.434488 -0.369172 7.233403,
        4.374275 -0.369172 7.233403,
        11.741574 -0.369172 7.233403,
        11.741574 -0.674290 7.233403,
        11.741574 -6.589645 7.233403,
        11.741574 -4.610625 7.233403,
        11.741574 -2.438069 7.233403,
        3.434488 -2.438069 7.233403,
        3.434488 -0.674290 7.233403,
        3.434488 -4.610625 7.233403,
        3.434488 -6.589645 7.233403,
        11.741574 -3.270410 7.233403,
        3.434488 -3.868163 7.233403,
        3.434488 -3.270410 7.233403,
        11.741574 -3.868163 7.233403,
        11.741574 -6.589645 12.194032,
        10.801788 -6.589645 12.194032,
        9.334904 -6.589645 12.194032,
        8.321474 -6.589645 12.194032,
        6.854590 -6.589645 12.194032,
        5.841158 -6.589645 12.194032,
        4.374275 -6.589645 12.194032,
        3.434488 -6.589645 12.194032,
        8.321474 -5.197665 9.142852,
        6.854590 -5.197665 9.142852,
        5.841158 -5.197665 9.142852,
        4.374275 -5.197665 9.142852,
        10.801788 -5.197665 9.142852,
        9.334904 -5.197665 9.142852,
        10.801788 -0.369172 12.194032,
        11.741574 -0.369172 12.194032,
        8.321474 -0.369172 12.194032,
        9.334904 -0.369172 12.194032,
        5.841158 -0.369172 12.194032,
        6.854590 -0.369172 12.194032,
        6.854590 -2.863514 9.142852,
        8.321474 -2.863514 9.142852,
        4.374275 -2.863514 9.142852,
        5.841158 -2.863514 9.142852,
        9.334904 -2.863514 9.142852,
        10.801788 -2.863514 9.142852,
        3.434488 -0.369172 12.194032,
        4.374275 -0.369172 12.194032,
        12.017165 -5.099820 8.975681,
        6.854590 -5.245374 9.253010,
        5.841158 -5.245374 9.253010,
        6.854590 -5.320330 9.557115,
        5.841158 -5.320330 9.557115,
        6.854590 -5.320330 9.870320,
        5.841158 -5.320330 9.870320,
        6.854590 -5.245374 10.174425,
        5.841158 -5.245374 10.174425,
        6.854590 -5.099820 10.451755,
        5.841158 -5.099820 10.451755,
        6.854590 -4.892127 10.686192,
        5.841158 -4.892127 10.686192,
        6.854590 -4.634363 10.864113,
        5.841158 -4.634363 10.864113,
        6.854590 -4.341511 10.975178,
        5.841158 -4.341511 10.975178,
        6.854590 -4.030590 11.012930,
        5.841158 -4.030590 11.012930,
        6.854590 -3.719667 10.975178,
        5.841158 -3.719667 10.975178,
        6.854590 -3.426815 10.864113,
        5.841158 -3.426815 10.864113,
        6.854590 -3.169052 10.686192,
        5.841158 -3.169052 10.686192,
        6.854590 -2.961359 10.451755,
        5.841158 -2.961359 10.451755,
        6.854590 -2.815804 10.174425,
        5.841158 -2.815804 10.174425,
        6.854590 -2.740850 9.870320,
        5.841158 -2.740850 9.870320,
        6.854590 -2.740850 9.557115,
        5.841158 -2.740850 9.557115,
        6.854590 -2.815804 9.253010,
        5.841158 -2.815804 9.253010,
        3.434488 -5.099820 8.975681,
        4.374275 -5.245374 9.253010,
        3.434488 -5.245374 9.253010,
        4.374275 -5.320330 9.557115,
        3.434488 -5.320330 9.557115,
        4.374275 -5.320330 9.870320,
        3.434488 -5.320330 9.870320,
        4.374275 -5.245374 10.174425,
        3.434488 -5.245374 10.174425,
        4.374275 -5.099820 10.451755,
        3.434488 -5.099820 10.451755,
        4.374275 -4.892127 10.686192,
        3.434488 -4.892127 10.686192,
        4.374275 -4.634363 10.864113,
        3.434488 -4.634363 10.864113,
        4.374275 -4.341511 10.975178,
        3.434488 -4.341511 10.975178,
        4.374275 -4.030590 11.012930,
        3.434488 -4.030590 11.012930,
        4.374275 -3.719667 10.975178,
        3.434488 -3.719667 10.975178,
        4.374275 -3.426815 10.864113,
        3.434488 -3.426815 10.864113,
        4.374275 -3.169052 10.686192,
        3.434488 -3.169052 10.686192,
        4.374275 -2.961359 10.451755,
        3.434488 -2.961359 10.451755,
        4.374275 -2.815804 10.174425,
        3.434488 -2.815804 10.174425,
        4.374275 -2.740850 9.870320,
        3.434488 -2.740850 9.870320,
        4.374275 -2.740850 9.557115,
        3.434488 -2.740850 9.557115,
        4.374275 -2.815804 9.253010,
        3.434488 -2.815804 9.253010,
        3.434488 -2.961359 8.975681,
        12.017165 -2.961359 8.975681,
        10.801788 -2.815804 9.253010,
        12.017165 -2.815804 9.253010,
        10.801788 -2.740850 9.557115,
        12.017165 -2.740850 9.557115,
        10.801788 -2.740850 9.870320,
        12.017165 -2.740850 9.870320,
        10.801788 -2.815804 10.174425,
        12.017165 -2.815804 10.174425,
        10.801788 -2.961359 10.451755,
        12.017165 -2.961359 10.451755,
        10.801788 -3.169052 10.686192,
        12.017165 -3.169052 10.686192,
        10.801788 -3.426815 10.864113,
        12.017165 -3.426815 10.864113,
        10.801788 -3.719667 10.975178,
        12.017165 -3.719667 10.975178,
        10.801788 -4.030590 11.012930,
        12.017165 -4.030590 11.012930,
        10.801788 -4.341511 10.975178,
        12.017165 -4.341511 10.975178,
        10.801788 -4.634363 10.864113,
        12.017165 -4.634363 10.864113,
        10.801788 -4.892127 10.686192,
        12.017165 -4.892127 10.686192,
        10.801788 -5.099820 10.451755,
        12.017165 -5.099820 10.451755,
        10.801788 -5.245374 10.174425,
        12.017165 -5.245374 10.174425,
        10.801788 -5.320330 9.870320,
        12.017165 -5.320330 9.870320,
        10.801788 -5.320330 9.557115,
        12.017165 -5.320330 9.557115,
        10.801788 -5.245374 9.253010,
        12.017165 -5.245374 9.253010,
        9.334904 -5.245374 9.253010,
        8.321474 -5.245374 9.253010,
        9.334904 -5.320330 9.557115,
        8.321474 -5.320330 9.557115,
        9.334904 -5.320330 9.870320,
        8.321474 -5.320330 9.870320,
        9.334904 -5.245374 10.174425,
        8.321474 -5.245374 10.174425,
        9.334904 -5.099820 10.451755,
        8.321474 -5.099820 10.451755,
        9.334904 -4.892127 10.686192,
        8.321474 -4.892127 10.686192,
        9.334904 -4.634363 10.864113,
        8.321474 -4.634363 10.864113,
        9.334904 -4.341511 10.975178,
        8.321474 -4.341511 10.975178,
        9.334904 -4.030590 11.012930,
        8.321474 -4.030590 11.012930,
        9.334904 -3.719667 10.975178,
        8.321474 -3.719667 10.975178,
        9.334904 -3.426815 10.864113,
        8.321474 -3.426815 10.864113,
        9.334904 -3.169052 10.686192,
        8.321474 -3.169052 10.686192,
        9.334904 -2.961359 10.451755,
        8.321474 -2.961359 10.451755,
        9.334904 -2.815804 10.174425,
        8.321474 -2.815804 10.174425,
        9.334904 -2.740850 9.870320,
        8.321474 -2.740850 9.870320,
        9.334904 -2.740850 9.557115,
        8.321474 -2.740850 9.557115,
        9.334904 -2.815804 9.253010,
        8.321474 -2.815804 9.253010,
        3.434488 -4.892127 8.741243,
        12.017165 -4.892127 8.741243,
        3.434488 -4.634363 8.563322,
        12.017165 -4.634363 8.563322,
        3.434488 -4.341511 8.452258,
        12.017165 -4.341511 8.452258,
        3.434488 -4.030590 8.414504,
        12.017165 -4.030590 8.414504,
        3.434488 -3.719667 8.452258,
        12.017165 -3.719667 8.452258,
        3.434488 -3.426815 8.563322,
        12.017165 -3.426815 8.563322,
        3.434488 -3.169052 8.741243,
        12.017165 -3.169052 8.741243,
        3.434488 -2.387677 10.322185,
        3.434488 -2.543791 10.640445,
        3.434488 -2.760775 10.920766,
        3.434488 -3.029745 11.151669,
        3.434488 -3.339691 11.323703,
        3.434488 -4.721488 11.323703,
        3.434488 -5.031433 11.151669,
        3.434488 -5.603515 8.942160,
        3.434488 -5.416004 8.641327,
        3.434488 -2.457664 8.942160,
        3.434488 -2.645175 8.641327,
        3.434488 -2.889406 8.384398,
        3.434488 -3.677921 11.429823,
        3.434488 -4.030590 11.465686,
        3.434488 -4.383258 11.429823,
        3.434488 -5.300404 10.920766,
        3.434488 -5.517387 10.640445,
        3.434488 -5.673502 10.322185,
        3.434488 -5.762355 9.979015,
        3.434488 -5.780309 9.624982,
        3.434488 -5.726630 9.274583,
        3.434488 -4.207833 7.970737,
        3.434488 -3.853346 7.970737,
        3.434488 -3.506115 8.042096,
        3.434488 -3.180356 8.181890,
        3.434488 -5.171774 8.384398,
        3.434488 -4.880823 8.181890,
        3.434488 -4.555064 8.042096,
        3.434488 -2.334549 9.274583,
        3.434488 -2.280869 9.624982,
        3.434488 -2.298824 9.979015,
        11.741574 -1.870676 9.607219,
        11.741574 -1.912540 9.274001,
        11.741574 -1.915669 9.249098,
        11.741574 -2.011212 8.948268,
        11.741574 -2.035150 8.872896,
        11.741574 -2.158657 8.641380,
        11.741574 -2.220938 8.524633,
        11.741574 -2.349106 8.363721,
        11.741574 -5.992302 10.630476,
        11.741574 -6.032274 10.519559,
        11.741574 -6.126128 10.259134,
        11.741574 -3.719496 11.856609,
        11.741574 -3.571143 11.821020,
        11.741574 -2.649267 11.381263,
        11.741574 -2.422478 11.155530,
        11.741574 -2.369507 11.102806,
        11.741574 -2.220924 10.888021,
        11.741574 -1.883593 9.937968,
        11.741574 -1.866465 9.640739,
        11.741574 -2.466859 8.215882,
        11.741574 -2.574394 8.122393,
        11.741574 -5.879694 10.823356,
        11.741574 -5.793289 10.971354,
        11.741574 -5.685015 11.097074,
        11.741574 -3.335665 11.764532,
        11.741574 -3.245494 11.724483,
        11.741574 -2.974927 11.604308,
        11.741574 -2.144944 10.778190,
        11.741574 -2.059971 10.589255,
        11.741574 -1.983040 10.418202,
        11.741574 -1.946457 10.268781,
        11.741574 -1.889174 10.034806,
        11.741574 -4.201085 7.563968,
        11.741574 -4.423667 7.584340,
        11.741574 -4.532856 7.615007,
        11.741574 -4.803682 7.691074,
        11.741574 -4.857424 7.717456,
        11.741574 -5.158008 7.865019,
        11.741574 -5.163149 7.868838,
        11.741574 -5.433746 8.069846,
        11.741574 -5.474871 8.100395,
        11.741574 -5.665593 8.305384,
        11.741574 -5.743742 8.389380,
        11.741574 -5.862941 8.576658,
        11.741574 -5.955685 8.722372,
        11.741574 -6.018781 8.878406,
        11.741574 -6.103660 9.088306,
        11.741574 -6.126656 9.200752,
        11.741574 -6.182747 9.475022,
        11.741574 -6.183845 9.532238,
        11.741574 -6.190203 9.863526,
        11.741574 -6.190320 9.869669,
        11.741574 -6.136569 10.195786,
        11.741574 -5.535703 11.270442,
        11.741574 -5.455898 11.334619,
        11.741574 -5.228104 11.517801,
        11.741574 -4.505071 11.826448,
        11.741574 -4.232697 11.861959,
        11.741574 -4.113664 11.877478,
        11.741574 -3.902751 11.866311,
        11.741574 -2.937489 11.578668,
        11.741574 -2.658739 11.387751,
        11.741574 -5.189317 11.538726,
        11.741574 -4.889150 11.700660,
        11.741574 -4.880712 11.705211,
        11.741574 -4.699906 11.763565,
        11.741574 -4.564904 11.807137,
      ]
    }
    coordIndex [
      36, 23, 37, -1,
      37, 23, 22, -1,
      46, 27, 47, -1,
      47, 27, 26, -1,
      24, 39, 25, -1,
      25, 39, 38, -1,
      28, 48, 29, -1,
      29, 48, 30, -1,
      29, 30, 49, -1,
      49, 30, 50, -1,
      49, 50, 51, -1,
      51, 50, 52, -1,
      51, 52, 53, -1,
      53, 52, 54, -1,
      53, 54, 55, -1,
      55, 54, 56, -1,
      55, 56, 57, -1,
      57, 56, 58, -1,
      57, 58, 59, -1,
      59, 58, 60, -1,
      59, 60, 61, -1,
      61, 60, 62, -1,
      61, 62, 63, -1,
      63, 62, 64, -1,
      63, 64, 65, -1,
      65, 64, 66, -1,
      65, 66, 67, -1,
      67, 66, 68, -1,
      67, 68, 69, -1,
      69, 68, 70, -1,
      69, 70, 71, -1,
      71, 70, 72, -1,
      71, 72, 73, -1,
      73, 72, 74, -1,
      73, 74, 75, -1,
      75, 74, 76, -1,
      75, 76, 77, -1,
      77, 76, 78, -1,
      77, 78, 79, -1,
      79, 78, 80, -1,
      79, 80, 81, -1,
      81, 80, 82, -1,
      81, 82, 40, -1,
      31, 83, 84, -1,
      84, 83, 85, -1,
      84, 85, 86, -1,
      86, 85, 87, -1,
      86, 87, 88, -1,
      88, 87, 89, -1,
      88, 89, 90, -1,
      90, 89, 91, -1,
      90, 91, 92, -1,
      92, 91, 93, -1,
      92, 93, 94, -1,
      94, 93, 95, -1,
      94, 95, 96, -1,
      96, 95, 97, -1,
      96, 97, 98, -1,
      98, 97, 99, -1,
      98, 99, 100, -1,
      100, 99, 101, -1,
      100, 101, 102, -1,
      102, 101, 103, -1,
      102, 103, 104, -1,
      104, 103, 105, -1,
      104, 105, 106, -1,
      106, 105, 107, -1,
      106, 107, 108, -1,
      108, 107, 109, -1,
      108, 109, 110, -1,
      110, 109, 111, -1,
      110, 111, 112, -1,
      112, 111, 113, -1,
      112, 113, 114, -1,
      114, 113, 115, -1,
      114, 115, 116, -1,
      116, 115, 117, -1,
      116, 117, 42, -1,
      42, 117, 118, -1,
      42, 118, 43, -1,
      45, 119, 120, -1,
      120, 119, 121, -1,
      120, 121, 122, -1,
      122, 121, 123, -1,
      122, 123, 124, -1,
      124, 123, 125, -1,
      124, 125, 126, -1,
      126, 125, 127, -1,
      126, 127, 128, -1,
      128, 127, 129, -1,
      128, 129, 130, -1,
      130, 129, 131, -1,
      130, 131, 132, -1,
      132, 131, 133, -1,
      132, 133, 134, -1,
      134, 133, 135, -1,
      134, 135, 136, -1,
      136, 135, 137, -1,
      136, 137, 138, -1,
      138, 137, 139, -1,
      138, 139, 140, -1,
      140, 139, 141, -1,
      140, 141, 142, -1,
      142, 141, 143, -1,
      142, 143, 144, -1,
      144, 143, 145, -1,
      144, 145, 146, -1,
      146, 145, 147, -1,
      146, 147, 148, -1,
      148, 147, 149, -1,
      148, 149, 150, -1,
      150, 149, 151, -1,
      150, 151, 152, -1,
      152, 151, 153, -1,
      152, 153, 32, -1,
      32, 153, 48, -1,
      32, 48, 33, -1,
      33, 48, 28, -1,
      33, 28, 154, -1,
      154, 28, 155, -1,
      154, 155, 156, -1,
      156, 155, 157, -1,
      156, 157, 158, -1,
      158, 157, 159, -1,
      158, 159, 160, -1,
      160, 159, 161, -1,
      160, 161, 162, -1,
      162, 161, 163, -1,
      162, 163, 164, -1,
      164, 163, 165, -1,
      164, 165, 166, -1,
      166, 165, 167, -1,
      166, 167, 168, -1,
      168, 167, 169, -1,
      168, 169, 170, -1,
      170, 169, 171, -1,
      170, 171, 172, -1,
      172, 171, 173, -1,
      172, 173, 174, -1,
      174, 173, 175, -1,
      174, 175, 176, -1,
      176, 175, 177, -1,
      176, 177, 178, -1,
      178, 177, 179, -1,
      178, 179, 180, -1,
      180, 179, 181, -1,
      180, 181, 182, -1,
      182, 181, 183, -1,
      182, 183, 184, -1,
      184, 183, 185, -1,
      184, 185, 186, -1,
      186, 185, 187, -1,
      186, 187, 44, -1,
      44, 187, 41, -1,
      44, 41, 118, -1,
      118, 41, 40, -1,
      118, 40, 43, -1,
      43, 40, 82, -1,
      31, 30, 83, -1,
      83, 30, 48, -1,
      83, 48, 188, -1,
      188, 48, 189, -1,
      188, 189, 190, -1,
      190, 189, 191, -1,
      190, 191, 192, -1,
      192, 191, 193, -1,
      192, 193, 194, -1,
      194, 193, 195, -1,
      194, 195, 196, -1,
      196, 195, 197, -1,
      196, 197, 198, -1,
      198, 197, 199, -1,
      198, 199, 200, -1,
      200, 199, 201, -1,
      200, 201, 118, -1,
      118, 201, 119, -1,
      118, 119, 44, -1,
      44, 119, 45, -1,
      5, 46, 6, -1,
      6, 46, 47, -1,
      202, 203, 46, -1,
      203, 204, 46, -1,
      46, 204, 205, -1,
      46, 205, 206, -1,
      207, 208, 27, -1,
      209, 210, 15, -1,
      211, 5, 212, -1,
      212, 5, 13, -1,
      212, 13, 213, -1,
      213, 13, 12, -1,
      206, 214, 46, -1,
      46, 214, 215, -1,
      46, 215, 27, -1,
      27, 215, 216, -1,
      27, 216, 207, -1,
      208, 217, 27, -1,
      27, 217, 218, -1,
      27, 218, 219, -1,
      219, 220, 27, -1,
      27, 220, 221, -1,
      27, 221, 15, -1,
      15, 221, 222, -1,
      15, 222, 209, -1,
      14, 223, 17, -1,
      17, 223, 224, -1,
      17, 224, 18, -1,
      18, 224, 225, -1,
      18, 225, 12, -1,
      12, 225, 226, -1,
      12, 226, 213, -1,
      210, 227, 15, -1,
      15, 227, 228, -1,
      15, 228, 14, -1,
      14, 228, 229, -1,
      14, 229, 223, -1,
      211, 230, 5, -1,
      5, 230, 231, -1,
      5, 231, 46, -1,
      46, 231, 232, -1,
      46, 232, 202, -1,
      233, 234, 7, -1,
      234, 235, 7, -1,
      7, 235, 236, -1,
      7, 236, 237, -1,
      237, 238, 7, -1,
      7, 238, 239, -1,
      7, 239, 8, -1,
      8, 239, 240, -1,
      16, 11, 1, -1,
      241, 20, 242, -1,
      242, 20, 243, -1,
      35, 244, 245, -1,
      246, 247, 35, -1,
      35, 247, 248, -1,
      35, 248, 249, -1,
      35, 250, 7, -1,
      7, 250, 251, -1,
      7, 251, 233, -1,
      240, 252, 8, -1,
      8, 252, 253, -1,
      8, 253, 11, -1,
      11, 253, 0, -1,
      11, 0, 1, -1,
      241, 254, 20, -1,
      20, 254, 255, -1,
      20, 255, 256, -1,
      245, 257, 35, -1,
      35, 257, 258, -1,
      35, 258, 259, -1,
      249, 260, 35, -1,
      35, 260, 261, -1,
      35, 261, 262, -1,
      262, 263, 35, -1,
      35, 263, 264, -1,
      35, 264, 250, -1,
      1, 4, 16, -1,
      16, 4, 3, -1,
      16, 3, 19, -1,
      19, 3, 2, -1,
      19, 2, 10, -1,
      10, 2, 265, -1,
      10, 265, 266, -1,
      266, 267, 10, -1,
      10, 267, 268, -1,
      10, 268, 9, -1,
      9, 268, 269, -1,
      9, 269, 270, -1,
      270, 271, 9, -1,
      9, 271, 272, -1,
      9, 272, 273, -1,
      273, 274, 9, -1,
      9, 274, 275, -1,
      9, 275, 276, -1,
      276, 277, 9, -1,
      9, 277, 278, -1,
      9, 278, 279, -1,
      279, 280, 9, -1,
      9, 280, 281, -1,
      9, 281, 282, -1,
      282, 283, 9, -1,
      9, 283, 284, -1,
      9, 284, 20, -1,
      20, 284, 285, -1,
      20, 285, 243, -1,
      256, 286, 20, -1,
      20, 286, 287, -1,
      20, 287, 288, -1,
      289, 290, 20, -1,
      20, 290, 291, -1,
      20, 291, 35, -1,
      35, 291, 292, -1,
      35, 292, 244, -1,
      259, 293, 35, -1,
      35, 293, 294, -1,
      35, 294, 246, -1,
      288, 295, 20, -1,
      20, 295, 296, -1,
      20, 296, 297, -1,
      297, 298, 20, -1,
      20, 298, 299, -1,
      20, 299, 289, -1,
      20, 35, 21, -1,
      21, 35, 34, -1,
    ]
  }
}

Shape {
  appearance Appearance {
    material Material {
      diffuseColor 0.8235 0.8235 0.8235
      specularColor 0.4118 0.4118 0.4118
      ambientIntensity 0.2
      transparency 0.0000
      shininess 0.5
    }
  }
  geometry IndexedFaceSet {
    ccw TRUE
    solid FALSE
    coord DEF co Coordinate {
      point [
        15.166771 -2.501339 9.796631,
        15.166771 -2.554917 10.123436,
        15.166771 -2.677494 10.431083,
        15.166771 -2.863341 10.705187,
        15.166771 -3.103767 10.932931,
        15.166771 -3.387531 11.103665,
        15.166771 -3.701363 11.209408,
        15.166771 -4.030590 11.245213,
        15.166771 -4.359816 11.209408,
        15.166771 -4.673648 11.103665,
        15.166771 -4.957411 10.932931,
        15.166771 -5.197837 10.705187,
        15.166771 -5.383685 10.431083,
        15.166771 -5.506263 10.123436,
        15.166771 -5.559839 9.796631,
        15.166771 -5.541910 9.465949,
        15.166771 -5.453314 9.146853,
        15.166771 -5.298192 8.854262,
        15.166771 -5.083798 8.601858,
        15.166771 -4.820158 8.401444,
        15.166771 -4.519598 8.262390,
        15.166771 -4.196173 8.191199,
        15.166771 -3.865006 8.191199,
        15.166771 -3.541580 8.262390,
        15.166771 -3.241020 8.401444,
        15.166771 -2.977380 8.601858,
        15.166771 -2.762987 8.854262,
        15.166771 -2.607865 9.146853,
        15.166771 -2.519269 9.465949,
        12.017165 -5.099820 8.975681,
        12.017165 -2.961359 8.975681,
        12.017165 -2.815804 9.253010,
        12.017165 -2.740850 9.557115,
        12.017165 -2.740850 9.870320,
        12.017165 -2.815804 10.174425,
        12.017165 -2.961359 10.451755,
        12.017165 -3.169052 10.686192,
        12.017165 -3.426815 10.864113,
        12.017165 -3.719667 10.975178,
        12.017165 -4.030590 11.012930,
        12.017165 -4.341511 10.975178,
        12.017165 -4.634363 10.864113,
        12.017165 -4.892127 10.686192,
        12.017165 -5.099820 10.451755,
        12.017165 -5.245374 10.174425,
        12.017165 -5.320330 9.870320,
        12.017165 -5.320330 9.557115,
        12.017165 -5.245374 9.253010,
        12.017165 -4.892127 8.741243,
        12.017165 -4.634363 8.563322,
        12.017165 -4.341511 8.452258,
        12.017165 -4.030590 8.414504,
        12.017165 -3.719667 8.452258,
        12.017165 -3.426815 8.563322,
        12.017165 -3.169052 8.741243,
        12.017165 -3.428645 10.860627,
        12.017165 -3.171663 10.683245,
        12.017165 -2.964598 10.449518,
        12.017165 -2.819485 10.173029,
        12.017165 -2.744758 9.869846,
        12.017165 -2.744758 9.557590,
        12.017165 -2.819485 9.254407,
        12.017165 -2.964598 8.977917,
        12.017165 -3.171663 8.744189,
        12.017165 -3.428645 8.566808,
        12.017165 -3.720609 8.456081,
        12.017165 -4.030590 8.418442,
        12.017165 -4.340569 8.456081,
        12.017165 -4.632534 8.566808,
        12.017165 -4.889516 8.744189,
        12.017165 -5.096580 8.977917,
        12.017165 -5.241693 9.254407,
        12.017165 -5.316421 9.557590,
        12.017165 -5.316421 9.869846,
        12.017165 -5.241693 10.173029,
        12.017165 -5.096580 10.449518,
        12.017165 -4.889516 10.683245,
        12.017165 -4.632534 10.860627,
        12.017165 -4.340569 10.971355,
        12.017165 -4.030590 11.008993,
        12.017165 -3.720609 10.971355,
        14.930551 -4.309035 10.978710,
        14.930551 -4.339580 10.968419,
        14.930551 -4.574461 10.889278,
        14.930551 -4.629756 10.856008,
        14.930551 -4.814457 10.744877,
        14.930551 -4.884789 10.678255,
        14.930551 -5.017799 10.552261,
        14.930551 -5.090333 10.445282,
        14.930551 -5.174981 10.320436,
        14.930551 -5.234807 10.170285,
        14.930551 -5.278652 10.060241,
        14.930551 -5.310037 9.868799,
        14.930551 -5.323965 9.783843,
        14.930551 -5.239617 9.254983,
        14.930551 -5.308802 9.504165,
        14.930551 -5.311712 9.557845,
        14.930551 -5.233870 9.234287,
        14.930551 -5.102674 8.986826,
        14.930551 -5.095725 8.978643,
        14.930551 -4.921350 8.773353,
        14.930551 -4.887124 8.747336,
        14.930551 -4.698374 8.603852,
        14.930551 -4.630025 8.572230,
        14.930551 -4.444173 8.486246,
        14.930551 -4.339024 8.463100,
        14.930551 -4.170633 8.426035,
        14.930551 -4.030590 8.426035,
        14.930551 -3.890546 8.426035,
        14.930551 -3.722155 8.463100,
        14.930551 -3.617006 8.486246,
        14.930551 -3.431154 8.572230,
        14.930551 -3.362805 8.603852,
        14.930551 -3.174055 8.747336,
        14.930551 -3.139829 8.773353,
        14.930551 -2.965454 8.978643,
        14.930551 -2.958504 8.986826,
        14.930551 -2.827309 9.234287,
        14.930551 -2.821562 9.254983,
        14.930551 -2.752377 9.504165,
        14.930551 -2.749467 9.557845,
        14.930551 -2.737213 9.783843,
        14.930551 -2.751141 9.868799,
        14.930551 -2.782526 10.060241,
        14.930551 -2.826372 10.170285,
        14.930551 -2.886198 10.320436,
        14.930551 -2.970846 10.445282,
        14.930551 -3.043380 10.552261,
        14.930551 -3.176389 10.678255,
        14.930551 -3.246722 10.744877,
        14.930551 -3.431424 10.856008,
        14.930551 -3.486717 10.889278,
        14.930551 -3.721599 10.968419,
        14.930551 -3.752144 10.978710,
        14.930551 -4.030590 11.008993,
      ]
    }
    coordIndex [
      55, 37, 56, -1,
      56, 37, 36, -1,
      56, 36, 57, -1,
      57, 36, 35, -1,
      57, 35, 58, -1,
      58, 35, 34, -1,
      58, 34, 59, -1,
      59, 34, 33, -1,
      59, 33, 60, -1,
      60, 33, 32, -1,
      60, 32, 61, -1,
      61, 32, 31, -1,
      61, 31, 62, -1,
      62, 31, 30, -1,
      62, 30, 63, -1,
      63, 30, 54, -1,
      63, 54, 64, -1,
      64, 54, 53, -1,
      64, 53, 65, -1,
      65, 53, 52, -1,
      65, 52, 66, -1,
      66, 52, 51, -1,
      66, 51, 67, -1,
      67, 51, 50, -1,
      67, 50, 68, -1,
      68, 50, 49, -1,
      68, 49, 69, -1,
      69, 49, 48, -1,
      69, 48, 70, -1,
      70, 48, 29, -1,
      70, 29, 71, -1,
      71, 29, 47, -1,
      71, 47, 72, -1,
      72, 47, 46, -1,
      72, 46, 73, -1,
      73, 46, 45, -1,
      73, 45, 74, -1,
      74, 45, 44, -1,
      74, 44, 75, -1,
      75, 44, 43, -1,
      75, 43, 76, -1,
      76, 43, 42, -1,
      76, 42, 77, -1,
      77, 42, 41, -1,
      77, 41, 78, -1,
      78, 41, 40, -1,
      78, 40, 79, -1,
      79, 40, 39, -1,
      79, 39, 80, -1,
      80, 39, 38, -1,
      80, 38, 55, -1,
      55, 38, 37, -1,
      81, 78, 79, -1,
      81, 82, 78, -1,
      78, 82, 83, -1,
      78, 83, 77, -1,
      83, 84, 77, -1,
      77, 84, 85, -1,
      77, 85, 76, -1,
      85, 86, 76, -1,
      76, 86, 87, -1,
      76, 87, 75, -1,
      87, 88, 75, -1,
      75, 88, 89, -1,
      75, 89, 74, -1,
      89, 90, 74, -1,
      74, 90, 91, -1,
      74, 91, 73, -1,
      91, 92, 73, -1,
      73, 92, 93, -1,
      73, 93, 72, -1,
      94, 71, 95, -1,
      95, 71, 72, -1,
      95, 72, 96, -1,
      96, 72, 93, -1,
      94, 97, 71, -1,
      71, 97, 98, -1,
      71, 98, 70, -1,
      98, 99, 70, -1,
      70, 99, 100, -1,
      70, 100, 69, -1,
      100, 101, 69, -1,
      69, 101, 102, -1,
      69, 102, 68, -1,
      102, 103, 68, -1,
      68, 103, 104, -1,
      68, 104, 67, -1,
      104, 105, 67, -1,
      67, 105, 106, -1,
      67, 106, 66, -1,
      106, 107, 66, -1,
      66, 107, 108, -1,
      66, 108, 65, -1,
      108, 109, 65, -1,
      65, 109, 110, -1,
      65, 110, 64, -1,
      110, 111, 64, -1,
      64, 111, 112, -1,
      64, 112, 63, -1,
      112, 113, 63, -1,
      63, 113, 114, -1,
      63, 114, 62, -1,
      62, 114, 115, -1,
      62, 115, 61, -1,
      61, 115, 116, -1,
      61, 116, 117, -1,
      117, 118, 61, -1,
      61, 118, 119, -1,
      61, 119, 60, -1,
      119, 120, 60, -1,
      60, 120, 121, -1,
      60, 121, 59, -1,
      121, 122, 59, -1,
      59, 122, 123, -1,
      59, 123, 58, -1,
      123, 124, 58, -1,
      58, 124, 125, -1,
      58, 125, 57, -1,
      125, 126, 57, -1,
      57, 126, 127, -1,
      57, 127, 56, -1,
      127, 128, 56, -1,
      56, 128, 129, -1,
      56, 129, 55, -1,
      129, 130, 55, -1,
      55, 130, 131, -1,
      55, 131, 80, -1,
      131, 132, 80, -1,
      80, 132, 133, -1,
      80, 133, 79, -1,
      79, 133, 134, -1,
      79, 134, 81, -1,
      5, 6, 132, -1,
      132, 131, 5, -1,
      5, 131, 130, -1,
      5, 130, 4, -1,
      130, 129, 4, -1,
      4, 129, 128, -1,
      4, 128, 3, -1,
      128, 127, 3, -1,
      3, 127, 126, -1,
      3, 126, 2, -1,
      126, 125, 2, -1,
      2, 125, 124, -1,
      2, 124, 1, -1,
      124, 123, 1, -1,
      1, 123, 122, -1,
      1, 122, 0, -1,
      122, 121, 0, -1,
      0, 121, 120, -1,
      0, 120, 28, -1,
      120, 119, 28, -1,
      28, 119, 118, -1,
      28, 118, 27, -1,
      27, 118, 117, -1,
      27, 117, 26, -1,
      117, 116, 26, -1,
      26, 116, 115, -1,
      26, 115, 25, -1,
      115, 114, 25, -1,
      25, 114, 113, -1,
      25, 113, 24, -1,
      113, 112, 24, -1,
      24, 112, 111, -1,
      24, 111, 23, -1,
      111, 110, 23, -1,
      23, 110, 109, -1,
      23, 109, 22, -1,
      109, 108, 22, -1,
      22, 108, 107, -1,
      22, 107, 21, -1,
      107, 106, 21, -1,
      21, 106, 105, -1,
      21, 105, 20, -1,
      105, 104, 20, -1,
      20, 104, 103, -1,
      20, 103, 19, -1,
      103, 102, 19, -1,
      19, 102, 101, -1,
      19, 101, 18, -1,
      101, 100, 18, -1,
      18, 100, 99, -1,
      18, 99, 17, -1,
      17, 99, 98, -1,
      17, 98, 16, -1,
      98, 97, 16, -1,
      16, 97, 94, -1,
      16, 94, 15, -1,
      94, 95, 15, -1,
      15, 95, 96, -1,
      15, 96, 14, -1,
      96, 93, 14, -1,
      14, 93, 92, -1,
      14, 92, 13, -1,
      92, 91, 13, -1,
      13, 91, 90, -1,
      13, 90, 12, -1,
      90, 89, 12, -1,
      12, 89, 88, -1,
      12, 88, 11, -1,
      88, 87, 11, -1,
      11, 87, 86, -1,
      11, 86, 10, -1,
      86, 85, 10, -1,
      10, 85, 84, -1,
      10, 84, 9, -1,
      84, 83, 9, -1,
      9, 83, 82, -1,
      9, 82, 8, -1,
      8, 82, 81, -1,
      8, 81, 7, -1,
      7, 81, 134, -1,
      7, 134, 6, -1,
      6, 134, 133, -1,
      6, 133, 132, -1,
    ]
  }
}

Shape {
  appearance Appearance {
    material Material {
      diffuseColor 0.6980 0.6980 0.6980
      specularColor 0.3490 0.3490 0.3490
      ambientIntensity 0.2
      transparency 0.0000
      shininess 0.5
    }
  }
  geometry IndexedFaceSet {
    ccw TRUE
    solid FALSE
    coord DEF co Coordinate {
      point [
        8.581750 -3.864562 7.233403,
        8.812209 -3.274011 7.233403,
        8.725787 -3.274011 7.233403,
        8.422072 -3.439653 7.233403,
        8.396251 -3.363787 7.233403,
        8.666034 -3.439653 7.233403,
        8.365694 -3.274011 7.233403,
        8.279273 -3.274011 7.233403,
        8.396251 -3.583436 7.233403,
        7.127638 -3.868163 7.233403,
        7.145164 -3.866977 7.233403,
        7.213400 -3.848357 7.233403,
        7.213400 -3.769137 7.233403,
        7.146696 -3.797604 7.233403,
        7.075102 -3.806947 7.233403,
        7.045804 -3.798563 7.233403,
        7.213400 -3.369435 7.233403,
        7.213400 -3.304619 7.233403,
        7.134437 -3.275171 7.233403,
        7.140337 -3.340318 7.233403,
        7.061823 -3.331626 7.233403,
        6.913276 -3.736526 7.233403,
        6.892412 -3.712372 7.233403,
        6.995712 -3.347010 7.233403,
        6.876528 -3.681088 7.233403,
        6.863776 -3.635376 7.233403,
        6.853307 -3.562985 7.233403,
        6.867174 -3.491287 7.233403,
        6.954145 -3.362407 7.233403,
        6.948847 -3.761513 7.233403,
        6.888074 -3.429181 7.233403,
        6.907947 -3.397509 7.233403,
        6.926224 -3.379547 7.233403,
        7.057765 -3.868163 7.233403,
        7.074427 -3.871764 7.233403,
        6.892532 -3.319731 7.233403,
        6.849807 -3.348842 7.233403,
        6.824224 -3.377680 7.233403,
        6.804449 -3.415365 7.233403,
        6.822458 -3.727224 7.233403,
        6.852406 -3.776998 7.233403,
        6.882381 -3.806869 7.233403,
        6.921993 -3.830630 7.233403,
        6.980709 -3.851510 7.233403,
        6.788155 -3.470641 7.233403,
        6.774087 -3.558146 7.233403,
        6.781344 -3.591783 7.233403,
        7.086875 -3.270410 7.233403,
        7.050908 -3.266809 7.233403,
        7.037089 -3.270410 7.233403,
        7.004022 -3.279026 7.233403,
        6.500418 -3.864562 7.233403,
        6.500418 -3.338827 7.233403,
        6.723674 -3.338827 7.233403,
        6.723674 -3.274011 7.233403,
        6.421197 -3.274011 7.233403,
        6.421197 -3.864562 7.233403,
        7.407850 -3.799745 7.233403,
        7.407850 -3.605296 7.233403,
        7.631107 -3.799745 7.233403,
        7.616703 -3.605296 7.233403,
        7.407850 -3.540479 7.233403,
        7.407850 -3.338827 7.233403,
        7.616703 -3.540479 7.233403,
        7.645510 -3.338827 7.233403,
        7.645510 -3.274011 7.233403,
        7.328630 -3.274011 7.233403,
        7.328630 -3.864562 7.233403,
        7.631107 -3.864562 7.233403,
        7.927395 -3.864562 7.233403,
        7.967950 -3.856409 7.233403,
        8.094721 -3.819107 7.233403,
        8.142622 -3.790810 7.233403,
        8.171715 -3.762046 7.233403,
        8.195007 -3.723856 7.233403,
        8.207556 -3.437647 7.233403,
        8.175177 -3.384787 7.233403,
        8.137898 -3.346974 7.233403,
        8.089665 -3.316429 7.233403,
        8.215687 -3.667144 7.233403,
        8.236062 -3.576713 7.233403,
        8.225434 -3.495037 7.233403,
        8.024096 -3.293144 7.233403,
        7.921319 -3.274011 7.233403,
        7.760739 -3.274011 7.233403,
        7.760739 -3.864562 7.233403,
        8.502530 -3.864562 7.233403,
        6.421197 -3.274011 7.272773,
        6.421197 -3.864562 7.272773,
        6.723674 -3.274011 7.272773,
        6.723674 -3.338827 7.272773,
        6.500418 -3.338827 7.272773,
        6.500418 -3.864562 7.272773,
        7.213400 -3.769137 7.272773,
        7.146696 -3.797604 7.272773,
        7.075102 -3.806947 7.272773,
        7.213400 -3.848357 7.272773,
        7.074427 -3.871764 7.272773,
        7.145164 -3.866977 7.272773,
        6.774087 -3.558146 7.272773,
        6.781344 -3.591783 7.272773,
        6.822458 -3.727224 7.272773,
        6.852406 -3.776998 7.272773,
        6.882381 -3.806869 7.272773,
        6.921993 -3.830630 7.272773,
        6.980709 -3.851510 7.272773,
        7.050908 -3.266809 7.272773,
        7.004022 -3.279026 7.272773,
        6.892532 -3.319731 7.272773,
        6.849807 -3.348842 7.272773,
        6.824224 -3.377680 7.272773,
        6.804449 -3.415365 7.272773,
        6.788155 -3.470641 7.272773,
        7.134437 -3.275171 7.272773,
        7.213400 -3.304619 7.272773,
        7.213400 -3.369435 7.272773,
        7.061823 -3.331626 7.272773,
        7.140337 -3.340318 7.272773,
        6.853307 -3.562985 7.272773,
        6.867174 -3.491287 7.272773,
        6.888074 -3.429181 7.272773,
        6.907947 -3.397509 7.272773,
        6.926224 -3.379547 7.272773,
        6.954145 -3.362407 7.272773,
        6.995712 -3.347010 7.272773,
        7.045804 -3.798563 7.272773,
        6.948847 -3.761513 7.272773,
        6.913276 -3.736526 7.272773,
        6.892412 -3.712372 7.272773,
        6.876528 -3.681088 7.272773,
        6.863776 -3.635376 7.272773,
        7.616703 -3.605296 7.272773,
        7.616703 -3.540479 7.272773,
        7.407850 -3.605296 7.272773,
        7.407850 -3.799745 7.272773,
        7.631107 -3.799745 7.272773,
        7.631107 -3.864562 7.272773,
        7.328630 -3.864562 7.272773,
        7.328630 -3.274011 7.272773,
        7.645510 -3.274011 7.272773,
        7.645510 -3.338827 7.272773,
        7.407850 -3.338827 7.272773,
        7.407850 -3.540479 7.272773,
        7.760739 -3.274011 7.272773,
        7.760739 -3.864562 7.272773,
        7.921319 -3.274011 7.272773,
        8.236062 -3.576713 7.272773,
        8.225434 -3.495037 7.272773,
        8.207556 -3.437647 7.272773,
        8.175177 -3.384787 7.272773,
        8.137898 -3.346974 7.272773,
        8.089665 -3.316429 7.272773,
        8.024096 -3.293144 7.272773,
        7.927395 -3.864562 7.272773,
        7.967950 -3.856409 7.272773,
        8.094721 -3.819107 7.272773,
        8.142622 -3.790810 7.272773,
        8.171715 -3.762046 7.272773,
        8.195007 -3.723856 7.272773,
        8.215687 -3.667144 7.272773,
        8.137074 -3.654884 7.272773,
        8.113110 -3.713539 7.272773,
        8.091495 -3.743502 7.272773,
        8.069938 -3.761682 7.272773,
        8.040006 -3.776767 7.272773,
        7.996068 -3.789168 7.272773,
        7.927058 -3.799745 7.272773,
        7.839960 -3.799745 7.272773,
        7.839960 -3.338827 7.272773,
        7.923794 -3.338827 7.272773,
        8.006602 -3.358853 7.272773,
        8.067280 -3.383274 7.272773,
        8.098295 -3.405401 7.272773,
        8.117436 -3.427956 7.272773,
        8.133005 -3.458780 7.272773,
        8.145838 -3.504031 7.272773,
        8.156841 -3.575025 7.272773,
        8.156841 -3.575025 7.233403,
        8.137074 -3.654884 7.233403,
        8.113110 -3.713539 7.233403,
        8.091495 -3.743502 7.233403,
        8.069938 -3.761682 7.233403,
        8.040006 -3.776767 7.233403,
        7.996068 -3.789168 7.233403,
        7.927058 -3.799745 7.233403,
        7.839960 -3.799745 7.233403,
        7.839960 -3.338827 7.233403,
        7.923794 -3.338827 7.233403,
        8.006602 -3.358853 7.233403,
        8.067280 -3.383274 7.233403,
        8.098295 -3.405401 7.233403,
        8.117436 -3.427956 7.233403,
        8.133005 -3.458780 7.233403,
        8.145838 -3.504031 7.233403,
        8.365694 -3.274011 7.272773,
        8.422072 -3.439653 7.272773,
        8.666034 -3.439653 7.272773,
        8.725787 -3.274011 7.272773,
        8.812209 -3.274011 7.272773,
        8.581750 -3.864562 7.272773,
        8.502530 -3.864562 7.272773,
        8.279273 -3.274011 7.272773,
        8.441989 -3.504470 7.272773,
        8.530099 -3.751133 7.272773,
        8.535812 -3.771607 7.272773,
        8.539552 -3.792543 7.272773,
        8.545430 -3.771936 7.272773,
        8.639477 -3.504470 7.272773,
        8.550580 -3.751133 7.272773,
        8.441989 -3.504470 7.233403,
        8.530099 -3.751133 7.233403,
        8.639477 -3.504470 7.233403,
        8.550580 -3.751133 7.233403,
        8.545430 -3.771936 7.233403,
        8.539552 -3.792543 7.233403,
        8.535812 -3.771607 7.233403,
      ]
    }
    coordIndex [
      55, 87, 56, -1,
      56, 87, 88, -1,
      54, 89, 55, -1,
      55, 89, 87, -1,
      53, 90, 54, -1,
      54, 90, 89, -1,
      52, 91, 53, -1,
      53, 91, 90, -1,
      51, 92, 52, -1,
      52, 92, 91, -1,
      51, 56, 92, -1,
      92, 56, 88, -1,
      92, 88, 91, -1,
      91, 88, 87, -1,
      91, 87, 90, -1,
      90, 87, 89, -1,
      12, 93, 94, -1,
      12, 94, 13, -1,
      13, 94, 95, -1,
      13, 95, 14, -1,
      11, 96, 12, -1,
      12, 96, 93, -1,
      34, 97, 9, -1,
      9, 97, 98, -1,
      9, 98, 10, -1,
      10, 98, 96, -1,
      10, 96, 11, -1,
      45, 99, 100, -1,
      45, 100, 46, -1,
      46, 100, 101, -1,
      46, 101, 39, -1,
      39, 101, 102, -1,
      39, 102, 40, -1,
      40, 102, 103, -1,
      40, 103, 41, -1,
      41, 103, 104, -1,
      41, 104, 42, -1,
      42, 104, 105, -1,
      42, 105, 43, -1,
      43, 105, 33, -1,
      33, 105, 97, -1,
      33, 97, 34, -1,
      48, 106, 49, -1,
      49, 106, 107, -1,
      49, 107, 50, -1,
      50, 107, 108, -1,
      50, 108, 35, -1,
      35, 108, 109, -1,
      35, 109, 36, -1,
      36, 109, 110, -1,
      36, 110, 37, -1,
      37, 110, 111, -1,
      37, 111, 38, -1,
      38, 111, 112, -1,
      38, 112, 44, -1,
      44, 112, 99, -1,
      44, 99, 45, -1,
      18, 17, 113, -1,
      113, 17, 114, -1,
      18, 113, 47, -1,
      47, 113, 106, -1,
      47, 106, 48, -1,
      16, 115, 17, -1,
      17, 115, 114, -1,
      20, 116, 117, -1,
      20, 117, 19, -1,
      19, 117, 115, -1,
      19, 115, 16, -1,
      26, 118, 119, -1,
      26, 119, 27, -1,
      27, 119, 120, -1,
      27, 120, 30, -1,
      30, 120, 121, -1,
      30, 121, 31, -1,
      31, 121, 122, -1,
      31, 122, 32, -1,
      32, 122, 123, -1,
      32, 123, 28, -1,
      28, 123, 124, -1,
      28, 124, 23, -1,
      23, 124, 116, -1,
      23, 116, 20, -1,
      14, 95, 125, -1,
      14, 125, 15, -1,
      15, 125, 126, -1,
      15, 126, 29, -1,
      29, 126, 127, -1,
      29, 127, 21, -1,
      21, 127, 128, -1,
      21, 128, 22, -1,
      22, 128, 129, -1,
      22, 129, 24, -1,
      24, 129, 130, -1,
      24, 130, 25, -1,
      25, 130, 118, -1,
      25, 118, 26, -1,
      93, 96, 94, -1,
      94, 96, 98, -1,
      94, 98, 95, -1,
      95, 98, 97, -1,
      95, 97, 125, -1,
      125, 97, 105, -1,
      125, 105, 126, -1,
      119, 111, 120, -1,
      120, 111, 110, -1,
      120, 110, 121, -1,
      121, 110, 109, -1,
      121, 109, 122, -1,
      122, 109, 108, -1,
      105, 104, 126, -1,
      126, 104, 103, -1,
      126, 103, 127, -1,
      127, 103, 102, -1,
      127, 102, 128, -1,
      128, 102, 101, -1,
      128, 101, 129, -1,
      114, 115, 113, -1,
      113, 115, 117, -1,
      113, 117, 106, -1,
      106, 117, 116, -1,
      106, 116, 107, -1,
      107, 116, 124, -1,
      107, 124, 108, -1,
      108, 124, 123, -1,
      108, 123, 122, -1,
      129, 101, 130, -1,
      130, 101, 100, -1,
      130, 100, 118, -1,
      118, 100, 99, -1,
      118, 99, 119, -1,
      119, 99, 112, -1,
      119, 112, 111, -1,
      60, 131, 63, -1,
      63, 131, 132, -1,
      58, 133, 60, -1,
      60, 133, 131, -1,
      57, 134, 58, -1,
      58, 134, 133, -1,
      59, 135, 57, -1,
      57, 135, 134, -1,
      68, 136, 59, -1,
      59, 136, 135, -1,
      67, 137, 68, -1,
      68, 137, 136, -1,
      66, 138, 67, -1,
      67, 138, 137, -1,
      65, 139, 66, -1,
      66, 139, 138, -1,
      64, 140, 65, -1,
      65, 140, 139, -1,
      62, 141, 64, -1,
      64, 141, 140, -1,
      61, 142, 62, -1,
      62, 142, 141, -1,
      61, 63, 142, -1,
      142, 63, 132, -1,
      138, 139, 140, -1,
      140, 141, 138, -1,
      138, 141, 142, -1,
      138, 142, 137, -1,
      135, 136, 134, -1,
      134, 136, 137, -1,
      134, 137, 133, -1,
      133, 137, 142, -1,
      133, 142, 131, -1,
      131, 142, 132, -1,
      84, 143, 85, -1,
      85, 143, 144, -1,
      83, 145, 84, -1,
      84, 145, 143, -1,
      80, 146, 147, -1,
      80, 147, 81, -1,
      81, 147, 148, -1,
      81, 148, 75, -1,
      75, 148, 149, -1,
      75, 149, 76, -1,
      76, 149, 150, -1,
      76, 150, 77, -1,
      77, 150, 151, -1,
      77, 151, 78, -1,
      78, 151, 152, -1,
      78, 152, 82, -1,
      82, 152, 145, -1,
      82, 145, 83, -1,
      69, 153, 154, -1,
      69, 154, 70, -1,
      70, 154, 155, -1,
      70, 155, 71, -1,
      71, 155, 156, -1,
      71, 156, 72, -1,
      72, 156, 157, -1,
      72, 157, 73, -1,
      73, 157, 158, -1,
      73, 158, 74, -1,
      74, 158, 159, -1,
      74, 159, 79, -1,
      79, 159, 146, -1,
      79, 146, 80, -1,
      69, 85, 153, -1,
      153, 85, 144, -1,
      160, 158, 161, -1,
      161, 158, 157, -1,
      161, 157, 162, -1,
      162, 157, 156, -1,
      162, 156, 163, -1,
      163, 156, 155, -1,
      163, 155, 164, -1,
      164, 155, 165, -1,
      165, 155, 154, -1,
      165, 154, 166, -1,
      166, 154, 153, -1,
      166, 153, 167, -1,
      167, 153, 144, -1,
      167, 144, 168, -1,
      168, 144, 143, -1,
      168, 143, 169, -1,
      169, 143, 145, -1,
      169, 145, 170, -1,
      170, 145, 152, -1,
      170, 152, 171, -1,
      171, 152, 151, -1,
      171, 151, 172, -1,
      172, 151, 150, -1,
      172, 150, 173, -1,
      173, 150, 149, -1,
      173, 149, 174, -1,
      174, 149, 148, -1,
      174, 148, 175, -1,
      175, 148, 147, -1,
      175, 147, 176, -1,
      176, 147, 146, -1,
      176, 146, 160, -1,
      160, 146, 159, -1,
      160, 159, 158, -1,
      177, 176, 160, -1,
      177, 160, 178, -1,
      178, 160, 161, -1,
      178, 161, 179, -1,
      179, 161, 162, -1,
      179, 162, 180, -1,
      180, 162, 163, -1,
      180, 163, 181, -1,
      181, 163, 164, -1,
      181, 164, 182, -1,
      182, 164, 165, -1,
      182, 165, 183, -1,
      183, 165, 166, -1,
      183, 166, 184, -1,
      167, 185, 166, -1,
      166, 185, 184, -1,
      168, 186, 167, -1,
      167, 186, 185, -1,
      169, 187, 168, -1,
      168, 187, 186, -1,
      187, 169, 170, -1,
      187, 170, 188, -1,
      188, 170, 171, -1,
      188, 171, 189, -1,
      189, 171, 172, -1,
      189, 172, 190, -1,
      190, 172, 173, -1,
      190, 173, 191, -1,
      191, 173, 174, -1,
      191, 174, 192, -1,
      192, 174, 175, -1,
      192, 175, 193, -1,
      193, 175, 176, -1,
      193, 176, 177, -1,
      194, 6, 195, -1,
      195, 6, 4, -1,
      195, 4, 3, -1,
      5, 196, 3, -1,
      3, 196, 195, -1,
      2, 197, 5, -1,
      5, 197, 196, -1,
      1, 198, 2, -1,
      2, 198, 197, -1,
      0, 199, 1, -1,
      1, 199, 198, -1,
      86, 200, 0, -1,
      0, 200, 199, -1,
      7, 201, 8, -1,
      8, 201, 200, -1,
      8, 200, 86, -1,
      7, 6, 201, -1,
      201, 6, 194, -1,
      202, 203, 200, -1,
      203, 204, 200, -1,
      200, 204, 205, -1,
      200, 205, 199, -1,
      199, 205, 206, -1,
      201, 194, 195, -1,
      200, 201, 202, -1,
      202, 201, 195, -1,
      202, 195, 207, -1,
      207, 195, 196, -1,
      206, 208, 199, -1,
      199, 208, 207, -1,
      199, 207, 198, -1,
      198, 207, 196, -1,
      198, 196, 197, -1,
      202, 209, 203, -1,
      203, 209, 210, -1,
      207, 211, 202, -1,
      202, 211, 209, -1,
      208, 212, 207, -1,
      207, 212, 211, -1,
      212, 208, 206, -1,
      212, 206, 213, -1,
      213, 206, 205, -1,
      213, 205, 214, -1,
      214, 205, 204, -1,
      214, 204, 215, -1,
      215, 204, 203, -1,
      215, 203, 210, -1,
    ]
  }
}

Shape {
  appearance Appearance {
    material Material {
      diffuseColor 0.0000 0.0000 0.0000
      specularColor 0.0000 0.0000 0.0000
      ambientIntensity 0.2
      transparency 0.0000
      shininess 0.5
    }
  }
  geometry IndexedFaceSet {
    ccw TRUE
    solid FALSE
    coord DEF co Coordinate {
      point [
        8.156841 -3.575025 7.233403,
        8.137074 -3.654884 7.233403,
        8.113110 -3.713539 7.233403,
        8.091495 -3.743502 7.233403,
        8.069938 -3.761682 7.233403,
        8.040006 -3.776767 7.233403,
        7.996068 -3.789168 7.233403,
        7.927058 -3.799745 7.233403,
        7.839960 -3.799745 7.233403,
        7.839960 -3.338827 7.233403,
        7.923794 -3.338827 7.233403,
        8.006602 -3.358853 7.233403,
        8.067280 -3.383274 7.233403,
        8.098295 -3.405401 7.233403,
        8.117436 -3.427956 7.233403,
        8.133005 -3.458780 7.233403,
        8.145838 -3.504031 7.233403,
        8.441989 -3.504470 7.233403,
        8.530099 -3.751133 7.233403,
        8.639477 -3.504470 7.233403,
        8.550580 -3.751133 7.233403,
        8.545430 -3.771936 7.233403,
        8.539552 -3.792543 7.233403,
        8.535812 -3.771607 7.233403,
      ]
    }
    coordIndex [
      7, 8, 16, -1,
      16, 8, 15, -1,
      5, 6, 1, -1,
      7, 16, 6, -1,
      6, 16, 0, -1,
      6, 0, 1, -1,
      9, 10, 8, -1,
      8, 10, 11, -1,
      8, 11, 12, -1,
      12, 13, 8, -1,
      8, 13, 14, -1,
      8, 14, 15, -1,
      5, 1, 4, -1,
      4, 1, 2, -1,
      4, 2, 3, -1,
      17, 19, 18, -1,
      18, 19, 20, -1,
      18, 20, 23, -1,
      23, 20, 21, -1,
      23, 21, 22, -1,
    ]
  }
}

Shape {
  appearance Appearance {
    material Material {
      diffuseColor 0.0824 0.0824 0.0824
      specularColor 0.0706 0.0706 0.0706
      ambientIntensity 0.2
      transparency 0.0000
      shininess 0.5
    }
  }
  geometry IndexedFaceSet {
    ccw TRUE
    solid FALSE
    coord DEF co Coordinate {
      point [
        13.985670 -6.088670 9.040616,
        13.985670 -6.113283 9.121140,
        13.985670 -6.186707 9.513923,
        13.985670 -6.186707 9.913511,
        13.985670 -6.113283 10.306295,
        13.985670 -6.088670 10.386819,
        11.741574 -2.764743 7.956905,
        11.741574 -4.030590 7.548363,
        15.166771 -2.201534 9.993918,
        15.166771 -2.295379 10.356369,
        15.166771 -2.460263 10.692509,
        15.166771 -2.689437 10.988578,
        15.166771 -2.973518 11.232453,
        15.166771 -3.300876 11.414151,
        15.166771 -3.658108 11.526234,
        15.166771 -4.030590 11.564111,
        15.166771 -4.403071 11.526234,
        15.166771 -4.760303 11.414151,
        15.166771 -5.087661 11.232453,
        15.166771 -5.371741 10.988578,
        15.166771 -5.600915 10.692509,
        15.166771 -5.765800 10.356369,
        15.166771 -5.859645 9.993918,
        15.166771 -5.878608 9.619997,
        15.166771 -5.821913 9.249912,
        15.166771 -5.691881 8.898815,
        15.166771 -5.493836 8.581080,
        15.166771 -5.235885 8.309717,
        15.166771 -4.928589 8.095831,
        15.166771 -4.584529 7.948184,
        15.166771 -4.217791 7.872817,
        15.166771 -3.843388 7.872817,
        15.166771 -3.476650 7.948184,
        15.166771 -3.132590 8.095831,
        15.166771 -2.825294 8.309717,
        15.166771 -2.567343 8.581080,
        15.166771 -2.369297 8.898815,
        15.166771 -2.239266 9.249912,
        15.166771 -2.182570 9.619997,
        13.985670 -5.907098 8.678464,
        13.985670 -5.928746 8.711533,
        13.985670 -6.015386 8.872010,
        13.985670 -6.060221 8.975163,
        13.985670 -5.713763 8.412815,
        13.985670 -5.719302 8.418801,
        13.985670 -5.829116 8.559342,
        13.985670 -5.323002 8.056908,
        13.985670 -5.464416 8.165420,
        13.985670 -5.487694 8.186688,
        13.985670 -5.596497 8.286093,
        13.985670 -5.003287 7.872928,
        13.985670 -5.163423 7.955581,
        13.985670 -5.230118 7.997930,
        13.985670 -4.667868 7.751780,
        13.985670 -4.837970 7.805032,
        13.985670 -4.944614 7.848832,
        13.985670 -4.147228 7.682123,
        13.985670 -4.323222 7.690631,
        13.985670 -4.328798 7.691383,
        13.985670 -4.499774 7.714426,
        13.985670 -4.640489 7.745696,
        13.985670 -3.717849 7.727709,
        13.985670 -3.805087 7.709159,
        13.985670 -3.972350 7.688557,
        13.985670 -4.020900 7.686771,
        13.985670 -3.421568 7.815007,
        13.985670 -3.142765 7.946696,
        13.985670 -3.158028 7.937189,
        13.985670 -3.303537 7.863009,
        13.985670 -2.739746 8.251874,
        13.985670 -2.869045 8.135360,
        13.985670 -2.891742 8.118266,
        13.985670 -3.008530 8.030307,
        13.985670 -2.532824 8.491528,
        13.985670 -2.640711 8.356681,
        13.985670 -2.675135 8.320251,
        13.985670 -2.347802 8.806891,
        13.985670 -2.357446 8.784608,
        13.985670 -2.438413 8.634312,
        13.985670 -2.494177 8.549976,
        13.985670 -2.241420 9.090107,
        13.985670 -2.243633 9.083478,
        13.985670 -2.296050 8.926476,
        13.985670 -2.172094 9.713717,
        13.985670 -2.171336 9.653256,
        13.985670 -2.170058 9.551400,
        13.985670 -2.178034 9.425732,
        13.985670 -2.186072 9.369333,
        13.985670 -2.202131 9.256653,
        11.317744 -3.704214 7.573563,
        11.317915 -3.698183 7.574030,
        11.327512 -3.379609 7.649505,
        11.327871 -3.367687 7.652330,
        11.337476 -3.068554 7.775341,
        11.338022 -3.051548 7.782335,
        11.347280 -2.782159 7.946648,
        11.347990 -2.761469 7.959267,
        11.356587 -2.529570 8.155931,
        11.357424 -2.506998 8.175073,
        11.365791 -2.312735 8.399575,
        11.366813 -2.289010 8.426993,
        11.375502 -2.131991 8.678651,
        11.376757 -2.109293 8.715030,
        11.385450 -1.995198 8.984625,
        11.386907 -1.976071 9.029822,
        11.395284 -1.907491 9.306743,
        11.396888 -1.894360 9.359766,
        11.404663 -1.870498 9.633294,
        11.406344 -1.865340 9.692419,
        11.413844 -1.883211 9.958324,
        11.415712 -1.887664 10.024572,
        11.423493 -1.946332 10.283887,
        11.425644 -1.962550 10.355567,
        11.433423 -2.059720 10.598885,
        11.435793 -2.089319 10.673002,
        11.443284 -2.219851 10.891973,
        11.445784 -2.263433 10.965083,
        11.452731 -2.419975 11.153447,
        11.455262 -2.477018 11.222085,
        11.461901 -2.654106 11.378430,
        11.464611 -2.726412 11.442266,
        11.471486 -2.924632 11.568750,
        11.474530 -3.012368 11.624734,
        11.481396 -3.224383 11.717020,
        11.484678 -3.325764 11.761150,
        11.491278 -3.543098 11.817319,
        11.494680 -3.655105 11.846268,
        11.500792 -3.869231 11.867100,
        11.504180 -3.987952 11.878652,
        11.509964 -4.193679 11.866880,
        11.513511 -4.319887 11.859659,
        11.529368 -4.838220 11.715756,
        11.523417 -4.651329 11.788191,
        11.519484 -4.519735 11.816566,
        11.533563 -4.970012 11.664678,
        11.539270 -5.137607 11.567063,
        11.543576 -5.264053 11.493416,
        11.548845 -5.407682 11.376454,
        11.553097 -5.523559 11.282093,
        11.558031 -5.641366 11.151303,
        11.562412 -5.745950 11.035193,
        11.567485 -5.840917 10.889634,
        11.582447 -6.070721 10.439405,
        11.577339 -6.000420 10.596513,
        11.572303 -5.931132 10.751357,
        11.587258 -6.113203 10.281661,
        11.592471 -6.159239 10.110721,
        11.596892 -6.175810 9.956404,
        11.602013 -6.194997 9.777728,
        11.606105 -6.188103 9.631769,
        11.611314 -6.179328 9.445978,
        11.615490 -6.150556 9.305676,
        11.621191 -6.111279 9.114142,
        11.625311 -6.062423 8.984169,
        11.631333 -5.991038 8.794261,
        11.635243 -5.925404 8.678894,
        11.641366 -5.822661 8.498301,
        11.644934 -5.744654 8.400528,
        11.650927 -5.613642 8.236320,
        11.670077 -5.087530 7.823840,
        11.663499 -5.275429 7.949156,
        11.660216 -5.369207 8.011700,
        11.654183 -5.527957 8.157581,
        11.673285 -4.989327 7.778690,
        11.680217 -4.777069 7.681101,
        11.683226 -4.678794 7.653561,
        11.690259 -4.449094 7.589191,
        11.692970 -4.354879 7.578119,
        11.699843 -4.116006 7.550049,
        11.702269 -4.029287 7.553279,
        11.709119 -3.784405 7.562403,
        11.711513 -3.703606 7.578124,
        11.718965 -3.452227 7.627032,
        11.721261 -3.379544 7.653511,
        11.729102 -3.131200 7.743983,
        11.731208 -3.068809 7.778643,
        11.739154 -2.833363 7.909443,
        11.741031 -2.780151 7.946247,
        11.131339 -4.030590 7.855222,
        11.219921 -4.030590 7.701793,
        11.308503 -4.030590 7.548363,
        13.985670 -3.465197 7.797263,
        13.985670 -3.632459 7.745865,
        13.985670 -3.709091 7.729570,
        13.985670 -2.170393 9.886223,
        13.985670 -2.172004 9.722875,
        13.985670 -2.213204 10.225078,
        13.985670 -2.184182 10.056783,
        13.985670 -2.180379 10.009739,
        13.985670 -2.331622 10.582206,
        13.985670 -2.299718 10.510403,
        13.985670 -2.244213 10.347061,
        13.985670 -2.232227 10.299912,
        13.985670 -2.452320 10.816002,
        13.985670 -2.369204 10.666788,
        13.985670 -2.629457 11.057812,
        13.985670 -2.521948 10.920814,
        13.985670 -2.472913 10.847001,
        13.985670 -2.972096 11.371517,
        13.985670 -3.119625 11.468063,
        13.985670 -3.273899 11.550527,
        13.985670 -2.879537 11.300667,
        13.985670 -2.868926 11.291232,
        13.985670 -2.749023 11.184630,
        13.985670 -2.653385 11.083191,
        13.985670 -3.708533 11.698784,
        13.985670 -3.701670 11.697052,
        13.985670 -3.560404 11.661406,
        13.985670 -3.434520 11.618957,
        13.985670 -3.401938 11.605076,
        13.985670 -3.731720 11.704635,
        13.985670 -3.905058 11.732322,
        13.985670 -4.221187 11.743567,
        13.985670 -4.080584 11.744619,
        13.985670 -4.009233 11.739621,
        13.985670 -4.576604 11.697758,
        13.985670 -4.400567 11.728285,
        13.985670 -4.321123 11.735053,
        13.985670 -5.045553 11.534390,
        13.985670 -4.945960 11.577910,
        13.985670 -4.880470 11.606529,
        13.985670 -4.749014 11.652259,
        13.985670 -4.637244 11.681754,
        13.985670 -5.351150 11.350440,
        13.985670 -5.235774 11.426865,
        13.985670 -5.202502 11.448904,
        13.985670 -5.477289 11.251136,
        13.985670 -5.611334 11.126457,
        13.985670 -5.495887 11.233837,
        13.985670 -5.844219 10.846748,
        13.985670 -5.733814 10.991385,
        13.985670 -5.723752 11.002482,
        13.985670 -6.070518 10.428423,
        13.985670 -6.012759 10.560807,
        13.985670 -5.925575 10.721206,
        13.985670 -5.918792 10.731673,
        10.954173 -4.030590 7.548363,
        11.042756 -4.030590 7.701793,
        10.993515 -2.765559 7.956316,
        10.983578 -3.054965 7.780607,
        10.973465 -3.370117 7.651550,
        10.963584 -3.698205 7.574124,
        10.963547 -3.699428 7.573837,
        10.993656 -2.761715 7.959559,
        11.012264 -2.293509 8.420925,
        11.003096 -2.507347 8.175376,
        11.002924 -2.511378 8.170747,
        11.012485 -2.289498 8.427300,
        11.032274 -1.979320 9.020139,
        11.022427 -2.109921 8.715299,
        11.022162 -2.113427 8.707115,
        11.032573 -1.976822 9.030012,
        11.051673 -1.865496 9.680093,
        11.042550 -1.895200 9.359845,
        11.042228 -1.896245 9.348567,
        11.052018 -1.866246 9.692363,
        11.070861 -1.958065 10.340936,
        11.061386 -1.888676 10.024350,
        11.060983 -1.885721 10.010871,
        11.071313 -1.963620 10.355148,
        11.090941 -2.253274 10.950613,
        11.081457 -2.090385 10.672378,
        11.080970 -2.082022 10.658092,
        11.091443 -2.264431 10.964267,
        11.109704 -2.710415 11.430080,
        11.100937 -2.477911 11.221092,
        11.100420 -2.464180 11.208750,
        11.110289 -2.727218 11.441031,
        11.129665 -3.304067 11.753552,
        11.120201 -3.013020 11.623278,
        11.119559 -2.993292 11.614447,
        11.130341 -3.326202 11.759530,
        11.149164 -3.963250 11.878024,
        11.140335 -3.655291 11.844561,
        11.139653 -3.631481 11.841973,
        11.149854 -3.987873 11.876907,
        11.168258 -4.624417 11.796055,
        11.159192 -4.319511 11.857802,
        11.158425 -4.293729 11.863024,
        11.169088 -4.650623 11.786296,
        11.188363 -5.238988 11.510529,
        11.179224 -4.968979 11.662845,
        11.178361 -4.943455 11.677243,
        11.189228 -5.262733 11.491746,
        11.207148 -5.725846 11.060887,
        11.198769 -5.521990 11.280637,
        11.197906 -5.501009 11.303254,
        11.208096 -5.744048 11.033911,
        11.227056 -6.058454 10.473007,
        11.217976 -5.928930 10.750329,
        11.216958 -5.914410 10.781416,
        11.228109 -6.068309 10.438712,
        11.246647 -6.193580 9.814852,
        11.238121 -6.156734 10.110408,
        11.237072 -6.152205 10.146738,
        11.247682 -6.192482 9.777803,
        11.265659 -6.122193 9.153402,
        11.257000 -6.176697 9.446467,
        11.255873 -6.183786 9.484584,
        11.266864 -6.108621 9.115083,
        11.285780 -5.846471 8.534169,
        11.276993 -5.988492 8.795644,
        11.275750 -6.008569 8.832609,
        11.287012 -5.820357 8.500064,
        11.304599 -5.404357 8.039943,
        11.296594 -5.611653 8.238397,
        11.295386 -5.642929 8.268338,
        11.305904 -5.367470 8.014191,
        11.324445 -4.822460 7.698351,
        11.315753 -5.086134 7.826708,
        11.314360 -5.128383 7.847274,
        11.325877 -4.776117 7.684226,
        11.344123 -4.165587 7.552575,
        11.335905 -4.448639 7.592420,
        11.334487 -4.497464 7.599294,
        11.345504 -4.116050 7.553266,
        11.363063 -3.503896 7.613395,
        11.354810 -3.784970 7.565733,
        11.353328 -3.835442 7.557174,
        11.364642 -3.453355 7.630387,
        11.383193 -2.880235 7.879202,
        11.374762 -3.132874 7.747188,
        11.373140 -3.181472 7.721794,
        11.384796 -2.835507 7.912339,
        11.402057 -2.378662 8.313755,
        11.394413 -2.571456 8.118606,
        11.392857 -2.610673 8.078909,
        11.403715 -2.345069 8.360280,
        11.421833 -2.028248 8.889467,
        11.413532 -2.155019 8.639347,
        11.411765 -2.181985 8.586144,
        11.423646 -2.009462 8.947731,
        11.441591 -1.871833 9.544800,
        11.433689 -1.914289 9.274342,
        11.431898 -1.923909 9.213061,
        11.443320 -1.871723 9.606874,
        11.460470 -1.922098 10.206694,
        11.452623 -1.880874 9.937745,
        11.450790 -1.871243 9.874912,
        11.462422 -1.942113 10.269551,
        11.480601 -2.177886 10.834543,
        11.472531 -2.055581 10.591030,
        11.470528 -2.025239 10.530618,
        11.482579 -2.217730 10.890146,
        11.499523 -2.604843 11.343443,
        11.492227 -2.421527 11.156556,
        11.490321 -2.373659 11.107756,
        11.501530 -2.660726 11.385158,
        11.519223 -3.174173 11.702514,
        11.511312 -2.937501 11.577740,
        11.509175 -2.873563 11.544031,
        11.521415 -3.244217 11.726348,
        11.539050 -3.827711 11.869547,
        11.531470 -3.569923 11.824874,
        11.529304 -3.496237 11.812104,
        11.541132 -3.902355 11.870854,
        11.557881 -4.489767 11.829826,
        11.550439 -4.233065 11.865020,
        11.548259 -4.157877 11.875327,
        11.560203 -4.565020 11.807189,
        11.578006 -5.121563 11.584155,
        11.570300 -4.887457 11.697059,
        11.567917 -4.815064 11.731974,
        11.580361 -5.188285 11.537932,
        11.596996 -5.637769 11.164831,
        11.590037 -5.457024 11.336633,
        11.587778 -5.398340 11.392413,
        11.599348 -5.687874 11.099878,
        11.616612 -6.005326 10.602073,
        11.609094 -5.882956 10.825419,
        11.606589 -5.842170 10.899861,
        11.619186 -6.034590 10.520403,
        11.636504 -6.182949 9.950587,
        11.629252 -6.136455 10.195642,
        11.626707 -6.120133 10.281669,
        11.638942 -6.185848 9.863351,
        11.655297 -6.153765 9.288409,
        11.648258 -6.183335 9.532756,
        11.645735 -6.193927 9.620278,
        11.657986 -6.128906 9.200689,
        11.675407 -5.918299 8.652911,
        11.668071 -6.022120 8.877337,
        11.665307 -6.061225 8.961867,
        11.678143 -5.866031 8.574835,
        11.694478 -5.506647 8.129416,
        11.687846 -5.667259 8.303797,
        11.685227 -5.730681 8.372656,
        11.697168 -5.432920 8.070661,
        11.714003 -4.950647 7.753551,
        11.706878 -5.160798 7.873113,
        11.704006 -5.245504 7.921304,
        11.716955 -4.857516 7.718480,
        11.733950 -4.301468 7.565373,
        11.727033 -4.533739 7.613289,
        11.724107 -4.632026 7.633565,
        11.736760 -4.201643 7.559105,
        8.909706 -1.598598 7.233403,
        8.977679 -1.570443 7.233403,
        8.909706 -5.968676 7.233403,
        8.977679 -5.940521 7.233403,
        4.374275 -0.369172 7.233403,
        4.374275 -0.674290 7.233403,
        6.854590 -0.369172 7.233403,
        6.854590 -0.674290 7.233403,
        10.801788 -0.369172 7.233403,
        10.801788 -6.589645 7.233403,
        10.801788 -6.195944 7.233403,
        9.334904 -6.589645 7.233403,
        8.985670 -5.937211 7.233403,
        9.334904 -6.195944 7.233403,
        9.050900 -5.887158 7.233403,
        9.871496 -6.195944 7.233403,
        9.100953 -5.506967 7.233403,
        9.050900 -5.441737 7.233403,
        8.985670 -5.391684 7.233403,
        8.977679 -5.388374 7.233403,
        9.100953 -5.821928 7.233403,
        9.132418 -5.745965 7.233403,
        9.871496 -5.684132 7.233403,
        9.143149 -5.664448 7.233403,
        9.132418 -5.582930 7.233403,
        10.343938 -5.684132 7.233403,
        10.343938 -6.195944 7.233403,
        10.343938 -1.274684 7.233403,
        9.871496 -1.274684 7.233403,
        10.343938 -0.762873 7.233403,
        10.801788 -0.762873 7.233403,
        10.801788 -0.674290 7.233403,
        8.985670 -1.567133 7.233403,
        9.050900 -1.517080 7.233403,
        9.100953 -1.451849 7.233403,
        9.132418 -1.375887 7.233403,
        9.143149 -1.294369 7.233403,
        9.871496 -0.762873 7.233403,
        8.977679 -1.018295 7.233403,
        8.985670 -1.021605 7.233403,
        9.334904 -0.674290 7.233403,
        9.050900 -1.071658 7.233403,
        9.334904 -0.762873 7.233403,
        9.100953 -1.136889 7.233403,
        9.132418 -1.212851 7.233403,
        8.321474 -0.674290 7.233403,
        8.321474 -0.762873 7.233403,
        8.257667 -0.762873 7.233403,
        7.271014 -0.762873 7.233403,
        7.351811 -0.762873 7.233403,
        7.351811 -1.274684 7.233403,
        7.824252 -0.762873 7.233403,
        7.824252 -1.274684 7.233403,
        7.703126 -1.274684 7.233403,
        6.854590 -0.762873 7.233403,
        5.841158 -0.369172 7.233403,
        5.841158 -0.674290 7.233403,
        5.316867 -1.274684 7.233403,
        5.316867 -0.762873 7.233403,
        5.841158 -0.762873 7.233403,
        4.819826 -0.762873 7.233403,
        4.819826 -1.274684 7.233403,
        4.374275 -0.762873 7.233403,
        4.819826 -5.684132 7.233403,
        4.819826 -6.195944 7.233403,
        4.374275 -6.195944 7.233403,
        5.316867 -5.684132 7.233403,
        4.374275 -6.589645 7.233403,
        5.841158 -6.589645 7.233403,
        5.841158 -6.195944 7.233403,
        5.316867 -6.195944 7.233403,
        7.271014 -6.195944 7.233403,
        6.854590 -6.195944 7.233403,
        6.854590 -6.589645 7.233403,
        7.351811 -5.684132 7.233403,
        7.703126 -5.684132 7.233403,
        7.824252 -5.684132 7.233403,
        7.824252 -6.195944 7.233403,
        8.257667 -6.195944 7.233403,
        8.321474 -6.589645 7.233403,
        8.321474 -6.195944 7.233403,
        7.351811 -6.195944 7.233403,
        8.670709 -5.391684 7.233403,
        8.605478 -5.441737 7.233403,
        8.555425 -5.506967 7.233403,
        8.555425 -5.821928 7.233403,
        8.605478 -5.887158 7.233403,
        8.909706 -5.360219 7.233403,
        8.828189 -5.349487 7.233403,
        8.746671 -5.360219 7.233403,
        8.670709 -5.937211 7.233403,
        8.746671 -5.968676 7.233403,
        8.828189 -5.979408 7.233403,
        8.523961 -5.582930 7.233403,
        8.513228 -5.664448 7.233403,
        8.523961 -5.745965 7.233403,
        8.555425 -1.451849 7.233403,
        8.605478 -1.517080 7.233403,
        8.670709 -1.021605 7.233403,
        8.605478 -1.071658 7.233403,
        8.555425 -1.136889 7.233403,
        8.670709 -1.567133 7.233403,
        8.746671 -1.598598 7.233403,
        8.828189 -1.609330 7.233403,
        8.909706 -0.990140 7.233403,
        8.828189 -0.979408 7.233403,
        8.746671 -0.990140 7.233403,
        8.523961 -1.212851 7.233403,
        8.513228 -1.294369 7.233403,
        8.523961 -1.375887 7.233403,
        9.334904 -0.369172 7.233403,
        8.321474 -0.369172 7.233403,
        10.801788 -6.589645 12.194032,
        9.334904 -6.589645 12.194032,
        8.321474 -6.589645 12.194032,
        6.854590 -6.589645 12.194032,
        5.841158 -6.589645 12.194032,
        4.374275 -6.589645 12.194032,
        8.321474 -5.197665 9.142852,
        6.854590 -5.197665 9.142852,
        8.321474 -6.195944 9.142852,
        6.854590 -6.195944 9.142852,
        5.841158 -5.197665 9.142852,
        4.374275 -5.197665 9.142852,
        5.841158 -6.195944 9.142852,
        4.374275 -6.195944 9.142852,
        10.801788 -5.197665 9.142852,
        9.334904 -5.197665 9.142852,
        10.801788 -6.195944 9.142852,
        9.334904 -6.195944 9.142852,
        4.819826 -6.195944 8.407169,
        4.819826 -5.684132 8.407169,
        5.316867 -6.195944 8.407169,
        5.316867 -5.684132 8.407169,
        7.351811 -6.195944 8.407169,
        7.351811 -5.684132 8.407169,
        7.824252 -6.195944 8.407169,
        7.824252 -5.684132 8.407169,
        9.871496 -6.195944 8.407169,
        9.871496 -5.684132 8.407169,
        10.343938 -6.195944 8.407169,
        10.343938 -5.684132 8.407169,
        10.801788 -0.369172 12.194032,
        8.321474 -0.369172 12.194032,
        9.334904 -0.369172 12.194032,
        5.841158 -0.369172 12.194032,
        6.854590 -0.369172 12.194032,
        6.854590 -2.863514 9.142852,
        8.321474 -2.863514 9.142852,
        6.854590 -0.762873 9.142852,
        8.321474 -0.762873 9.142852,
        4.374275 -2.863514 9.142852,
        5.841158 -2.863514 9.142852,
        4.374275 -0.762873 9.142852,
        5.841158 -0.762873 9.142852,
        9.334904 -2.863514 9.142852,
        10.801788 -2.863514 9.142852,
        9.334904 -0.762873 9.142852,
        10.801788 -0.762873 9.142852,
        4.819826 -1.274684 8.407169,
        4.819826 -0.762873 8.407169,
        5.316867 -1.274684 8.407169,
        5.316867 -0.762873 8.407169,
        7.351811 -1.274684 8.407169,
        7.351811 -0.762873 8.407169,
        7.824252 -1.274684 8.407169,
        7.824252 -0.762873 8.407169,
        9.871496 -1.274684 8.407169,
        9.871496 -0.762873 8.407169,
        10.343938 -1.274684 8.407169,
        10.343938 -0.762873 8.407169,
        4.374275 -0.369172 12.194032,
        6.854590 -5.245374 9.253010,
        5.841158 -5.245374 9.253010,
        6.854590 -5.320330 9.557115,
        5.841158 -5.320330 9.557115,
        6.854590 -5.320330 9.870320,
        5.841158 -5.320330 9.870320,
        6.854590 -5.245374 10.174425,
        5.841158 -5.245374 10.174425,
        6.854590 -5.099820 10.451755,
        5.841158 -5.099820 10.451755,
        6.854590 -4.892127 10.686192,
        5.841158 -4.892127 10.686192,
        6.854590 -4.634363 10.864113,
        5.841158 -4.634363 10.864113,
        6.854590 -4.341511 10.975178,
        5.841158 -4.341511 10.975178,
        6.854590 -4.030590 11.012930,
        5.841158 -4.030590 11.012930,
        6.854590 -3.719667 10.975178,
        5.841158 -3.719667 10.975178,
        6.854590 -3.426815 10.864113,
        5.841158 -3.426815 10.864113,
        6.854590 -3.169052 10.686192,
        5.841158 -3.169052 10.686192,
        6.854590 -2.961359 10.451755,
        5.841158 -2.961359 10.451755,
        6.854590 -2.815804 10.174425,
        5.841158 -2.815804 10.174425,
        6.854590 -2.740850 9.870320,
        5.841158 -2.740850 9.870320,
        6.854590 -2.740850 9.557115,
        5.841158 -2.740850 9.557115,
        6.854590 -2.815804 9.253010,
        5.841158 -2.815804 9.253010,
        3.434488 -5.099820 8.975681,
        4.374275 -5.245374 9.253010,
        3.434488 -5.245374 9.253010,
        4.374275 -5.320330 9.557115,
        3.434488 -5.320330 9.557115,
        4.374275 -5.320330 9.870320,
        3.434488 -5.320330 9.870320,
        4.374275 -5.245374 10.174425,
        3.434488 -5.245374 10.174425,
        4.374275 -5.099820 10.451755,
        3.434488 -5.099820 10.451755,
        4.374275 -4.892127 10.686192,
        3.434488 -4.892127 10.686192,
        4.374275 -4.634363 10.864113,
        3.434488 -4.634363 10.864113,
        4.374275 -4.341511 10.975178,
        3.434488 -4.341511 10.975178,
        4.374275 -4.030590 11.012930,
        3.434488 -4.030590 11.012930,
        4.374275 -3.719667 10.975178,
        3.434488 -3.719667 10.975178,
        4.374275 -3.426815 10.864113,
        3.434488 -3.426815 10.864113,
        4.374275 -3.169052 10.686192,
        3.434488 -3.169052 10.686192,
        4.374275 -2.961359 10.451755,
        3.434488 -2.961359 10.451755,
        4.374275 -2.815804 10.174425,
        3.434488 -2.815804 10.174425,
        4.374275 -2.740850 9.870320,
        3.434488 -2.740850 9.870320,
        4.374275 -2.740850 9.557115,
        3.434488 -2.740850 9.557115,
        4.374275 -2.815804 9.253010,
        3.434488 -2.815804 9.253010,
        3.434488 -2.961359 8.975681,
        10.801788 -2.815804 9.253010,
        10.801788 -2.740850 9.557115,
        10.801788 -2.740850 9.870320,
        10.801788 -2.815804 10.174425,
        10.801788 -2.961359 10.451755,
        10.801788 -3.169052 10.686192,
        10.801788 -3.426815 10.864113,
        10.801788 -3.719667 10.975178,
        10.801788 -4.030590 11.012930,
        10.801788 -4.341511 10.975178,
        10.801788 -4.634363 10.864113,
        10.801788 -4.892127 10.686192,
        10.801788 -5.099820 10.451755,
        10.801788 -5.245374 10.174425,
        10.801788 -5.320330 9.870320,
        10.801788 -5.320330 9.557115,
        10.801788 -5.245374 9.253010,
        9.334904 -5.245374 9.253010,
        8.321474 -5.245374 9.253010,
        9.334904 -5.320330 9.557115,
        8.321474 -5.320330 9.557115,
        9.334904 -5.320330 9.870320,
        8.321474 -5.320330 9.870320,
        9.334904 -5.245374 10.174425,
        8.321474 -5.245374 10.174425,
        9.334904 -5.099820 10.451755,
        8.321474 -5.099820 10.451755,
        9.334904 -4.892127 10.686192,
        8.321474 -4.892127 10.686192,
        9.334904 -4.634363 10.864113,
        8.321474 -4.634363 10.864113,
        9.334904 -4.341511 10.975178,
        8.321474 -4.341511 10.975178,
        9.334904 -4.030590 11.012930,
        8.321474 -4.030590 11.012930,
        9.334904 -3.719667 10.975178,
        8.321474 -3.719667 10.975178,
        9.334904 -3.426815 10.864113,
        8.321474 -3.426815 10.864113,
        9.334904 -3.169052 10.686192,
        8.321474 -3.169052 10.686192,
        9.334904 -2.961359 10.451755,
        8.321474 -2.961359 10.451755,
        9.334904 -2.815804 10.174425,
        8.321474 -2.815804 10.174425,
        9.334904 -2.740850 9.870320,
        8.321474 -2.740850 9.870320,
        9.334904 -2.740850 9.557115,
        8.321474 -2.740850 9.557115,
        9.334904 -2.815804 9.253010,
        8.321474 -2.815804 9.253010,
        3.434488 -4.892127 8.741243,
        3.434488 -4.634363 8.563322,
        3.434488 -4.341511 8.452258,
        3.434488 -4.030590 8.414504,
        3.434488 -3.719667 8.452258,
        3.434488 -3.426815 8.563322,
        3.434488 -3.169052 8.741243,
        3.434488 -2.387677 10.322185,
        3.434488 -2.543791 10.640445,
        3.434488 -2.760775 10.920766,
        3.434488 -3.029745 11.151669,
        3.434488 -3.339691 11.323703,
        3.434488 -4.721488 11.323703,
        3.434488 -5.031433 11.151669,
        3.434488 -5.603515 8.942160,
        3.434488 -5.416004 8.641327,
        3.434488 -2.457664 8.942160,
        3.434488 -2.645175 8.641327,
        3.434488 -2.889406 8.384398,
        3.434488 -3.677921 11.429823,
        3.434488 -4.030590 11.465686,
        3.434488 -4.383258 11.429823,
        3.434488 -5.300404 10.920766,
        3.434488 -5.517387 10.640445,
        3.434488 -5.673502 10.322185,
        3.434488 -5.762355 9.979015,
        3.434488 -5.780309 9.624982,
        3.434488 -5.726630 9.274583,
        3.434488 -4.207833 7.970737,
        3.434488 -3.853346 7.970737,
        3.434488 -3.506115 8.042096,
        3.434488 -3.180356 8.181890,
        3.434488 -5.171774 8.384398,
        3.434488 -4.880823 8.181890,
        3.434488 -4.555064 8.042096,
        3.434488 -2.334549 9.274583,
        3.434488 -2.280869 9.624982,
        3.434488 -2.298824 9.979015,
        11.741574 -1.870676 9.607219,
        11.741574 -1.912540 9.274001,
        11.741574 -1.915669 9.249098,
        11.741574 -2.011212 8.948268,
        11.741574 -2.035150 8.872896,
        11.741574 -2.158657 8.641380,
        11.741574 -2.220938 8.524633,
        11.741574 -2.349106 8.363721,
        11.741574 -5.992302 10.630476,
        11.741574 -6.032274 10.519559,
        11.741574 -6.126128 10.259134,
        11.741574 -3.719496 11.856609,
        11.741574 -3.571143 11.821020,
        11.741574 -2.649267 11.381263,
        11.741574 -2.422478 11.155530,
        11.741574 -2.369507 11.102806,
        11.741574 -2.220924 10.888021,
        11.741574 -1.883593 9.937968,
        11.741574 -1.866465 9.640739,
        11.741574 -2.466859 8.215882,
        11.741574 -2.574394 8.122393,
        11.741574 -5.879694 10.823356,
        11.741574 -5.793289 10.971354,
        11.741574 -5.685015 11.097074,
        11.741574 -3.335665 11.764532,
        11.741574 -3.245494 11.724483,
        11.741574 -2.974927 11.604308,
        11.741574 -2.144944 10.778190,
        11.741574 -2.059971 10.589255,
        11.741574 -1.983040 10.418202,
        11.741574 -1.946457 10.268781,
        11.741574 -1.889174 10.034806,
        11.741574 -4.201085 7.563968,
        11.741574 -4.423667 7.584340,
        11.741574 -4.532856 7.615007,
        11.741574 -4.803682 7.691074,
        11.741574 -4.857424 7.717456,
        11.741574 -5.158008 7.865019,
        11.741574 -5.163149 7.868838,
        11.741574 -5.433746 8.069846,
        11.741574 -5.474871 8.100395,
        11.741574 -5.665593 8.305384,
        11.741574 -5.743742 8.389380,
        11.741574 -5.862941 8.576658,
        11.741574 -5.955685 8.722372,
        11.741574 -6.018781 8.878406,
        11.741574 -6.103660 9.088306,
        11.741574 -6.126656 9.200752,
        11.741574 -6.182747 9.475022,
        11.741574 -6.183845 9.532238,
        11.741574 -6.190203 9.863526,
        11.741574 -6.190320 9.869669,
        11.741574 -6.136569 10.195786,
        11.741574 -5.535703 11.270442,
        11.741574 -5.455898 11.334619,
        11.741574 -5.228104 11.517801,
        11.741574 -4.505071 11.826448,
        11.741574 -4.232697 11.861959,
        11.741574 -4.113664 11.877478,
        11.741574 -3.902751 11.866311,
        11.741574 -2.937489 11.578668,
        11.741574 -2.658739 11.387751,
        11.741574 -5.189317 11.538726,
        11.741574 -4.889150 11.700660,
        11.741574 -4.880712 11.705211,
        11.741574 -4.699906 11.763565,
        11.741574 -4.564904 11.807137,
        2.253386 -4.030590 7.961749,
        2.253386 -4.207833 7.970737,
        2.253386 -4.030590 9.713717,
        2.253386 -3.853346 7.970737,
        2.253386 -2.889406 8.384398,
        2.253386 -3.180356 8.181890,
        2.253386 -3.506115 8.042096,
        2.253386 -2.334549 9.274583,
        2.253386 -2.457664 8.942160,
        2.253386 -2.645175 8.641327,
        2.253386 -2.387677 10.322185,
        2.253386 -2.298824 9.979015,
        2.253386 -2.280869 9.624982,
        2.253386 -3.029745 11.151669,
        2.253386 -2.760775 10.920766,
        2.253386 -2.543791 10.640445,
        2.253386 -4.030590 11.465686,
        2.253386 -3.677921 11.429823,
        2.253386 -3.339691 11.323703,
        2.253386 -5.031433 11.151669,
        2.253386 -4.721488 11.323703,
        2.253386 -4.383258 11.429823,
        2.253386 -5.673502 10.322185,
        2.253386 -5.517387 10.640445,
        2.253386 -5.300404 10.920766,
        2.253386 -5.726630 9.274583,
        2.253386 -5.780309 9.624982,
        2.253386 -5.762355 9.979015,
        2.253386 -5.171774 8.384398,
        2.253386 -5.416004 8.641327,
        2.253386 -5.603515 8.942160,
        2.253386 -4.555064 8.042096,
        2.253386 -4.880823 8.181890,
        3.434488 -4.030590 9.713717,
        11.131339 -4.030590 7.548363,
        11.278097 -2.477018 11.222085,
        11.268619 -2.263433 10.965083,
        11.258628 -2.089319 10.673002,
        11.248478 -1.962550 10.355567,
        11.238546 -1.887664 10.024572,
        11.229179 -1.865340 9.692419,
        11.219722 -1.894360 9.359766,
        11.209743 -1.976071 9.029822,
        11.199592 -2.109293 8.715030,
        11.189648 -2.289010 8.426993,
        11.180259 -2.506998 8.175073,
        11.170826 -2.761469 7.959267,
        11.160857 -3.051548 7.782335,
        11.150706 -3.367687 7.652330,
        11.140750 -3.698183 7.574030,
        11.735366 -4.564735 11.806426,
        11.727570 -4.233683 11.869527,
        11.718326 -3.902276 11.875267,
        11.708665 -3.569149 11.829333,
        11.698589 -3.242749 11.730663,
        11.688465 -2.935415 11.581698,
        11.678665 -2.658163 11.388593,
        11.669416 -2.418570 11.159454,
        11.659773 -2.214285 10.892614,
        11.639576 -1.938128 10.270819,
        11.649705 -2.051771 10.592943,
        11.629760 -1.876919 9.938352,
        11.610880 -1.910407 9.273733,
        11.620504 -1.867873 9.606866,
        11.600821 -2.005703 8.946519,
        11.590689 -2.151567 8.637598,
        11.580856 -2.342069 8.358116,
        11.571591 -2.568937 8.116116,
        11.561988 -2.833363 7.909443,
        11.287446 -2.726412 11.442266,
        11.297364 -3.012368 11.624734,
        11.307512 -3.325764 11.761150,
        11.317515 -3.655105 11.846268,
        11.327015 -3.987952 11.878652,
        11.336347 -4.319887 11.859659,
        11.346251 -4.651329 11.788191,
        11.356398 -4.970012 11.664678,
        11.366411 -5.264053 11.493416,
        11.375931 -5.523559 11.282093,
        11.385247 -5.745950 11.035193,
        11.395138 -5.931132 10.751357,
        11.405283 -6.070721 10.439405,
        11.415306 -6.159239 10.110721,
        11.424847 -6.194997 9.777728,
        11.434148 -6.179328 9.445978,
        11.444025 -6.111279 9.114142,
        11.454167 -5.991038 8.794261,
        11.464200 -5.822661 8.498301,
        11.473763 -5.613642 8.236320,
        11.483050 -5.369207 8.011700,
        11.492913 -5.087530 7.823840,
        11.503052 -4.777069 7.681101,
        11.513094 -4.449094 7.589191,
        11.522677 -4.116006 7.550049,
        11.531953 -3.784405 7.562403,
        11.541800 -3.452227 7.627032,
        11.551936 -3.131200 7.743983,
        8.888287 -5.888737 6.446001,
        8.828189 -5.896649 6.446001,
        8.768091 -5.888737 6.446001,
        8.712088 -5.865540 6.446001,
        8.663998 -5.828639 6.446001,
        8.627097 -5.780548 6.446001,
        8.603900 -5.724546 6.446001,
        8.595988 -5.664448 6.446001,
        8.603900 -5.604349 6.446001,
        8.627097 -5.548347 6.446001,
        8.663998 -5.500257 6.446001,
        8.712088 -5.463356 6.446001,
        8.768091 -5.440159 6.446001,
        8.828189 -5.432246 6.446001,
        8.888287 -5.440159 6.446001,
        8.944290 -5.463356 6.446001,
        8.992380 -5.500257 6.446001,
        9.029281 -5.548347 6.446001,
        9.052478 -5.604349 6.446001,
        9.060390 -5.664448 6.446001,
        9.052478 -5.724546 6.446001,
        9.029281 -5.780548 6.446001,
        8.992380 -5.828639 6.446001,
        8.944290 -5.865540 6.446001,
        8.828189 -5.664448 6.446001,
        8.944290 -1.093277 6.446001,
        8.992380 -1.130178 6.446001,
        9.029281 -1.178268 6.446001,
        9.052478 -1.234271 6.446001,
        9.060390 -1.294369 6.446001,
        9.052478 -1.354467 6.446001,
        9.029281 -1.410470 6.446001,
        8.992380 -1.458560 6.446001,
        8.944290 -1.495461 6.446001,
        8.888287 -1.518658 6.446001,
        8.828189 -1.526570 6.446001,
        8.768091 -1.518658 6.446001,
        8.712088 -1.495461 6.446001,
        8.663998 -1.458560 6.446001,
        8.627097 -1.410470 6.446001,
        8.603900 -1.354467 6.446001,
        8.595988 -1.294369 6.446001,
        8.603900 -1.234271 6.446001,
        8.627097 -1.178268 6.446001,
        8.663998 -1.130178 6.446001,
        8.712088 -1.093277 6.446001,
        8.768091 -1.070080 6.446001,
        8.828189 -1.062168 6.446001,
        8.888287 -1.070080 6.446001,
        8.828189 -1.294369 6.446001,
        13.985670 -2.295379 10.356369,
        13.985670 -2.460263 10.692509,
        13.985670 -2.239266 9.249912,
        13.985670 -2.369297 8.898815,
        13.985670 -4.217791 7.872817,
        13.985670 -5.087661 11.232453,
        13.985670 -3.300876 11.414151,
        13.985670 -3.658108 11.526234,
        13.985670 -2.689437 10.988578,
        13.985670 -2.182570 9.619997,
        13.985670 -2.201534 9.993918,
        13.985670 -2.825294 8.309717,
        13.985670 -5.235885 8.309717,
        13.985670 -2.973518 11.232453,
        13.985670 -5.765800 10.356369,
        13.985670 -4.030590 11.564111,
        13.985670 -2.567343 8.581080,
        13.985670 -4.403071 11.526234,
        13.985670 -4.760303 11.414151,
        13.985670 -3.132590 8.095831,
        13.985670 -3.476650 7.948184,
        13.985670 -5.371741 10.988578,
        13.985670 -5.600915 10.692509,
        13.985670 -3.843388 7.872817,
        13.985670 -5.493836 8.581080,
        13.985670 -5.859645 9.993918,
        13.985670 -5.878608 9.619997,
        13.985670 -5.821913 9.249912,
        13.985670 -5.691881 8.898815,
        13.985670 -4.584529 7.948184,
        13.985670 -4.928589 8.095831,
      ]
    }
    coordIndex [
      511, 469, 517, -1,
      517, 469, 468, -1,
      450, 403, 545, -1,
      545, 403, 402, -1,
      545, 402, 542, -1,
      517, 515, 568, -1,
      542, 588, 590, -1,
      543, 545, 600, -1,
      600, 545, 598, -1,
      574, 511, 572, -1,
      572, 511, 517, -1,
      572, 517, 570, -1,
      570, 517, 568, -1,
      574, 576, 511, -1,
      511, 576, 578, -1,
      511, 578, 580, -1,
      580, 582, 511, -1,
      511, 582, 584, -1,
      511, 584, 542, -1,
      542, 584, 586, -1,
      542, 586, 588, -1,
      590, 592, 542, -1,
      542, 592, 594, -1,
      542, 594, 545, -1,
      545, 594, 596, -1,
      545, 596, 598, -1,
      476, 475, 516, -1,
      516, 475, 510, -1,
      539, 507, 546, -1,
      546, 507, 441, -1,
      546, 441, 442, -1,
      678, 676, 539, -1,
      514, 516, 656, -1,
      656, 516, 658, -1,
      546, 544, 688, -1,
      678, 539, 680, -1,
      510, 662, 516, -1,
      516, 662, 660, -1,
      516, 660, 658, -1,
      688, 686, 546, -1,
      546, 686, 684, -1,
      546, 684, 539, -1,
      539, 684, 682, -1,
      539, 682, 680, -1,
      676, 674, 539, -1,
      539, 674, 672, -1,
      539, 672, 510, -1,
      510, 672, 670, -1,
      510, 670, 668, -1,
      668, 666, 510, -1,
      510, 666, 664, -1,
      510, 664, 662, -1,
      513, 463, 521, -1,
      521, 463, 461, -1,
      458, 401, 549, -1,
      549, 401, 400, -1,
      549, 400, 567, -1,
      521, 519, 603, -1,
      603, 605, 521, -1,
      521, 605, 607, -1,
      521, 607, 513, -1,
      567, 623, 625, -1,
      513, 619, 567, -1,
      567, 619, 621, -1,
      567, 621, 623, -1,
      625, 627, 567, -1,
      567, 627, 629, -1,
      567, 629, 549, -1,
      549, 629, 631, -1,
      607, 609, 513, -1,
      513, 609, 611, -1,
      513, 611, 613, -1,
      631, 633, 549, -1,
      549, 633, 635, -1,
      549, 635, 547, -1,
      613, 615, 513, -1,
      513, 615, 617, -1,
      513, 617, 619, -1,
      465, 464, 520, -1,
      520, 464, 512, -1,
      541, 451, 550, -1,
      550, 451, 452, -1,
      550, 452, 455, -1,
      518, 520, 569, -1,
      569, 520, 571, -1,
      550, 548, 601, -1,
      591, 589, 541, -1,
      591, 541, 593, -1,
      512, 575, 520, -1,
      520, 575, 573, -1,
      520, 573, 571, -1,
      601, 599, 550, -1,
      550, 599, 597, -1,
      550, 597, 541, -1,
      541, 597, 595, -1,
      541, 595, 593, -1,
      581, 579, 512, -1,
      512, 579, 577, -1,
      512, 577, 575, -1,
      589, 587, 541, -1,
      541, 587, 585, -1,
      541, 585, 512, -1,
      512, 585, 583, -1,
      512, 583, 581, -1,
      509, 407, 525, -1,
      525, 407, 409, -1,
      438, 436, 553, -1,
      553, 436, 506, -1,
      553, 506, 540, -1,
      525, 523, 655, -1,
      655, 657, 525, -1,
      525, 657, 659, -1,
      525, 659, 509, -1,
      551, 553, 687, -1,
      687, 553, 685, -1,
      540, 675, 677, -1,
      659, 661, 509, -1,
      509, 661, 663, -1,
      509, 663, 665, -1,
      509, 671, 540, -1,
      540, 671, 673, -1,
      540, 673, 675, -1,
      677, 679, 540, -1,
      540, 679, 681, -1,
      540, 681, 553, -1,
      553, 681, 683, -1,
      553, 683, 685, -1,
      665, 667, 509, -1,
      509, 667, 669, -1,
      509, 669, 671, -1,
      406, 405, 524, -1,
      524, 405, 508, -1,
      538, 404, 554, -1,
      554, 404, 427, -1,
      554, 427, 426, -1,
      522, 524, 654, -1,
      654, 524, 653, -1,
      554, 552, 638, -1,
      644, 538, 643, -1,
      643, 538, 642, -1,
      508, 651, 524, -1,
      524, 651, 652, -1,
      524, 652, 653, -1,
      638, 639, 554, -1,
      554, 639, 640, -1,
      554, 640, 538, -1,
      538, 640, 641, -1,
      538, 641, 642, -1,
      644, 645, 538, -1,
      538, 645, 646, -1,
      538, 646, 508, -1,
      508, 646, 647, -1,
      508, 647, 648, -1,
      648, 649, 508, -1,
      508, 649, 650, -1,
      508, 650, 651, -1,
      794, 795, 796, -1,
      794, 796, 797, -1,
      798, 799, 796, -1,
      796, 799, 800, -1,
      796, 800, 797, -1,
      801, 802, 796, -1,
      796, 802, 803, -1,
      796, 803, 798, -1,
      804, 805, 796, -1,
      796, 805, 806, -1,
      796, 806, 801, -1,
      807, 808, 796, -1,
      796, 808, 809, -1,
      796, 809, 804, -1,
      810, 811, 796, -1,
      796, 811, 812, -1,
      796, 812, 807, -1,
      813, 814, 796, -1,
      796, 814, 815, -1,
      796, 815, 810, -1,
      816, 817, 796, -1,
      796, 817, 818, -1,
      796, 818, 813, -1,
      819, 820, 796, -1,
      796, 820, 821, -1,
      796, 821, 816, -1,
      822, 823, 796, -1,
      796, 823, 824, -1,
      796, 824, 819, -1,
      795, 825, 796, -1,
      796, 825, 826, -1,
      796, 826, 822, -1,
      794, 797, 718, -1,
      718, 797, 800, -1,
      718, 800, 719, -1,
      719, 800, 799, -1,
      719, 799, 720, -1,
      720, 799, 798, -1,
      720, 798, 707, -1,
      707, 798, 803, -1,
      707, 803, 706, -1,
      706, 803, 802, -1,
      706, 802, 705, -1,
      705, 802, 801, -1,
      705, 801, 724, -1,
      724, 801, 806, -1,
      724, 806, 725, -1,
      725, 806, 805, -1,
      725, 805, 726, -1,
      726, 805, 804, -1,
      726, 804, 696, -1,
      696, 804, 809, -1,
      696, 809, 697, -1,
      697, 809, 808, -1,
      697, 808, 698, -1,
      698, 808, 807, -1,
      698, 807, 699, -1,
      699, 807, 812, -1,
      699, 812, 700, -1,
      700, 812, 811, -1,
      700, 811, 708, -1,
      708, 811, 810, -1,
      708, 810, 709, -1,
      709, 810, 815, -1,
      709, 815, 710, -1,
      710, 815, 814, -1,
      710, 814, 701, -1,
      701, 814, 813, -1,
      701, 813, 702, -1,
      702, 813, 818, -1,
      702, 818, 711, -1,
      711, 818, 817, -1,
      711, 817, 712, -1,
      712, 817, 816, -1,
      712, 816, 713, -1,
      713, 816, 821, -1,
      713, 821, 714, -1,
      714, 821, 820, -1,
      714, 820, 715, -1,
      715, 820, 819, -1,
      715, 819, 716, -1,
      716, 819, 824, -1,
      716, 824, 703, -1,
      703, 824, 823, -1,
      703, 823, 704, -1,
      704, 823, 822, -1,
      704, 822, 721, -1,
      721, 822, 826, -1,
      721, 826, 722, -1,
      722, 826, 825, -1,
      722, 825, 723, -1,
      723, 825, 795, -1,
      723, 795, 717, -1,
      717, 795, 794, -1,
      717, 794, 718, -1,
      620, 618, 827, -1,
      620, 827, 622, -1,
      628, 626, 827, -1,
      827, 626, 624, -1,
      827, 624, 622, -1,
      634, 632, 827, -1,
      827, 632, 630, -1,
      827, 630, 628, -1,
      695, 637, 827, -1,
      827, 637, 636, -1,
      827, 636, 634, -1,
      692, 693, 827, -1,
      827, 693, 694, -1,
      827, 694, 695, -1,
      689, 690, 827, -1,
      827, 690, 691, -1,
      827, 691, 692, -1,
      606, 604, 827, -1,
      827, 604, 602, -1,
      827, 602, 689, -1,
      612, 610, 827, -1,
      827, 610, 608, -1,
      827, 608, 606, -1,
      618, 616, 827, -1,
      827, 616, 614, -1,
      827, 614, 612, -1,
      179, 180, 828, -1,
      236, 237, 828, -1,
      828, 237, 178, -1,
      828, 178, 179, -1,
      117, 118, 829, -1,
      115, 116, 830, -1,
      113, 114, 831, -1,
      111, 112, 832, -1,
      109, 110, 833, -1,
      107, 108, 834, -1,
      105, 106, 835, -1,
      103, 104, 836, -1,
      101, 102, 837, -1,
      99, 100, 838, -1,
      97, 98, 839, -1,
      95, 96, 840, -1,
      93, 94, 841, -1,
      91, 92, 842, -1,
      89, 90, 843, -1,
      264, 265, 829, -1,
      266, 263, 830, -1,
      260, 261, 831, -1,
      262, 259, 832, -1,
      256, 257, 833, -1,
      258, 255, 834, -1,
      252, 253, 835, -1,
      254, 251, 836, -1,
      248, 249, 837, -1,
      250, 247, 838, -1,
      244, 245, 839, -1,
      246, 243, 840, -1,
      242, 236, 828, -1,
      7, 395, 759, -1,
      759, 395, 392, -1,
      759, 392, 760, -1,
      760, 392, 761, -1,
      392, 393, 761, -1,
      761, 393, 394, -1,
      761, 394, 762, -1,
      762, 394, 391, -1,
      762, 391, 763, -1,
      763, 391, 388, -1,
      763, 388, 764, -1,
      764, 388, 389, -1,
      764, 389, 765, -1,
      765, 389, 390, -1,
      765, 390, 766, -1,
      766, 390, 387, -1,
      766, 387, 767, -1,
      767, 387, 384, -1,
      767, 384, 768, -1,
      768, 384, 385, -1,
      768, 385, 769, -1,
      769, 385, 386, -1,
      769, 386, 770, -1,
      770, 386, 383, -1,
      770, 383, 771, -1,
      771, 383, 380, -1,
      771, 380, 772, -1,
      380, 381, 772, -1,
      772, 381, 382, -1,
      772, 382, 773, -1,
      773, 382, 379, -1,
      773, 379, 774, -1,
      774, 379, 376, -1,
      774, 376, 775, -1,
      775, 376, 377, -1,
      775, 377, 776, -1,
      776, 377, 378, -1,
      776, 378, 777, -1,
      777, 378, 375, -1,
      777, 375, 778, -1,
      778, 375, 372, -1,
      778, 372, 779, -1,
      779, 372, 373, -1,
      779, 373, 737, -1,
      737, 373, 374, -1,
      737, 374, 736, -1,
      736, 374, 371, -1,
      736, 371, 735, -1,
      735, 371, 368, -1,
      735, 368, 748, -1,
      748, 368, 369, -1,
      748, 369, 749, -1,
      749, 369, 370, -1,
      749, 370, 750, -1,
      370, 367, 750, -1,
      750, 367, 364, -1,
      750, 364, 780, -1,
      780, 364, 365, -1,
      780, 365, 781, -1,
      781, 365, 366, -1,
      781, 366, 782, -1,
      782, 366, 363, -1,
      782, 363, 789, -1,
      789, 363, 360, -1,
      789, 360, 790, -1,
      790, 360, 361, -1,
      790, 361, 791, -1,
      791, 361, 362, -1,
      791, 362, 792, -1,
      792, 362, 844, -1,
      785, 784, 845, -1,
      845, 784, 783, -1,
      845, 783, 844, -1,
      844, 783, 793, -1,
      844, 793, 792, -1,
      846, 786, 785, -1,
      786, 846, 738, -1,
      738, 846, 847, -1,
      738, 847, 739, -1,
      739, 847, 751, -1,
      751, 847, 848, -1,
      751, 848, 752, -1,
      752, 848, 753, -1,
      753, 848, 849, -1,
      753, 849, 787, -1,
      787, 849, 850, -1,
      787, 850, 788, -1,
      788, 850, 740, -1,
      740, 850, 851, -1,
      740, 851, 741, -1,
      852, 743, 851, -1,
      851, 743, 742, -1,
      851, 742, 741, -1,
      853, 756, 854, -1,
      854, 756, 755, -1,
      854, 755, 852, -1,
      852, 755, 754, -1,
      852, 754, 743, -1,
      855, 758, 853, -1,
      853, 758, 757, -1,
      853, 757, 756, -1,
      856, 727, 857, -1,
      857, 727, 745, -1,
      857, 745, 855, -1,
      855, 745, 744, -1,
      855, 744, 758, -1,
      858, 729, 856, -1,
      856, 729, 728, -1,
      856, 728, 727, -1,
      733, 732, 859, -1,
      859, 732, 731, -1,
      859, 731, 858, -1,
      858, 731, 730, -1,
      858, 730, 729, -1,
      733, 859, 734, -1,
      734, 859, 860, -1,
      734, 860, 746, -1,
      746, 860, 861, -1,
      746, 861, 747, -1,
      747, 861, 6, -1,
      6, 861, 862, -1,
      6, 862, 177, -1,
      240, 241, 843, -1,
      267, 863, 270, -1,
      270, 863, 864, -1,
      274, 271, 865, -1,
      865, 271, 268, -1,
      865, 268, 864, -1,
      864, 268, 269, -1,
      864, 269, 270, -1,
      273, 866, 272, -1,
      272, 866, 867, -1,
      272, 867, 275, -1,
      275, 867, 278, -1,
      277, 868, 276, -1,
      276, 868, 869, -1,
      276, 869, 279, -1,
      279, 869, 282, -1,
      281, 870, 280, -1,
      280, 870, 871, -1,
      280, 871, 283, -1,
      283, 871, 286, -1,
      285, 872, 284, -1,
      284, 872, 873, -1,
      284, 873, 287, -1,
      287, 873, 290, -1,
      289, 874, 288, -1,
      288, 874, 875, -1,
      288, 875, 291, -1,
      291, 875, 294, -1,
      293, 876, 292, -1,
      292, 876, 877, -1,
      292, 877, 295, -1,
      295, 877, 298, -1,
      297, 878, 296, -1,
      296, 878, 879, -1,
      296, 879, 299, -1,
      299, 879, 302, -1,
      301, 880, 300, -1,
      300, 880, 881, -1,
      300, 881, 303, -1,
      303, 881, 306, -1,
      305, 882, 304, -1,
      304, 882, 883, -1,
      304, 883, 307, -1,
      307, 883, 310, -1,
      309, 884, 308, -1,
      308, 884, 885, -1,
      308, 885, 311, -1,
      311, 885, 314, -1,
      313, 886, 312, -1,
      312, 886, 887, -1,
      312, 887, 315, -1,
      315, 887, 318, -1,
      317, 888, 316, -1,
      316, 888, 889, -1,
      316, 889, 319, -1,
      319, 889, 322, -1,
      321, 890, 320, -1,
      320, 890, 862, -1,
      320, 862, 323, -1,
      323, 862, 326, -1,
      326, 862, 861, -1,
      326, 861, 325, -1,
      325, 861, 324, -1,
      324, 861, 860, -1,
      324, 860, 327, -1,
      327, 860, 330, -1,
      330, 860, 859, -1,
      330, 859, 329, -1,
      329, 859, 328, -1,
      328, 859, 858, -1,
      328, 858, 331, -1,
      331, 858, 334, -1,
      334, 858, 856, -1,
      334, 856, 333, -1,
      333, 856, 332, -1,
      332, 856, 857, -1,
      332, 857, 335, -1,
      335, 857, 338, -1,
      338, 857, 855, -1,
      338, 855, 337, -1,
      337, 855, 336, -1,
      336, 855, 853, -1,
      336, 853, 339, -1,
      339, 853, 342, -1,
      342, 853, 854, -1,
      342, 854, 341, -1,
      341, 854, 340, -1,
      340, 854, 852, -1,
      340, 852, 343, -1,
      343, 852, 346, -1,
      346, 852, 851, -1,
      346, 851, 345, -1,
      345, 851, 344, -1,
      344, 851, 850, -1,
      344, 850, 347, -1,
      347, 850, 350, -1,
      350, 850, 849, -1,
      350, 849, 349, -1,
      349, 849, 348, -1,
      348, 849, 848, -1,
      348, 848, 351, -1,
      351, 848, 354, -1,
      354, 848, 847, -1,
      354, 847, 353, -1,
      353, 847, 352, -1,
      352, 847, 846, -1,
      352, 846, 355, -1,
      785, 845, 846, -1,
      846, 845, 358, -1,
      846, 358, 355, -1,
      362, 359, 844, -1,
      844, 359, 356, -1,
      844, 356, 845, -1,
      845, 356, 357, -1,
      845, 357, 358, -1,
      180, 89, 828, -1,
      828, 89, 843, -1,
      828, 843, 242, -1,
      242, 843, 241, -1,
      90, 91, 843, -1,
      843, 91, 842, -1,
      843, 842, 240, -1,
      240, 842, 239, -1,
      92, 93, 842, -1,
      842, 93, 841, -1,
      842, 841, 239, -1,
      239, 841, 238, -1,
      94, 95, 841, -1,
      841, 95, 840, -1,
      841, 840, 238, -1,
      238, 840, 243, -1,
      96, 97, 840, -1,
      840, 97, 839, -1,
      840, 839, 246, -1,
      246, 839, 245, -1,
      98, 99, 839, -1,
      839, 99, 838, -1,
      839, 838, 244, -1,
      244, 838, 247, -1,
      100, 101, 838, -1,
      838, 101, 837, -1,
      838, 837, 250, -1,
      250, 837, 249, -1,
      102, 103, 837, -1,
      837, 103, 836, -1,
      837, 836, 248, -1,
      248, 836, 251, -1,
      104, 105, 836, -1,
      836, 105, 835, -1,
      836, 835, 254, -1,
      254, 835, 253, -1,
      106, 107, 835, -1,
      835, 107, 834, -1,
      835, 834, 252, -1,
      252, 834, 255, -1,
      108, 109, 834, -1,
      834, 109, 833, -1,
      834, 833, 258, -1,
      258, 833, 257, -1,
      110, 111, 833, -1,
      833, 111, 832, -1,
      833, 832, 256, -1,
      256, 832, 259, -1,
      112, 113, 832, -1,
      832, 113, 831, -1,
      832, 831, 262, -1,
      262, 831, 261, -1,
      114, 115, 831, -1,
      831, 115, 830, -1,
      831, 830, 260, -1,
      260, 830, 263, -1,
      116, 117, 830, -1,
      830, 117, 829, -1,
      830, 829, 266, -1,
      266, 829, 265, -1,
      118, 119, 829, -1,
      829, 119, 863, -1,
      829, 863, 264, -1,
      264, 863, 267, -1,
      119, 120, 863, -1,
      863, 120, 121, -1,
      863, 121, 864, -1,
      864, 121, 122, -1,
      864, 122, 865, -1,
      865, 122, 123, -1,
      123, 124, 865, -1,
      865, 124, 866, -1,
      865, 866, 274, -1,
      274, 866, 273, -1,
      124, 125, 866, -1,
      866, 125, 126, -1,
      866, 126, 867, -1,
      867, 126, 127, -1,
      127, 128, 867, -1,
      867, 128, 868, -1,
      867, 868, 278, -1,
      278, 868, 277, -1,
      128, 129, 868, -1,
      868, 129, 130, -1,
      868, 130, 869, -1,
      869, 130, 133, -1,
      133, 132, 869, -1,
      869, 132, 870, -1,
      869, 870, 282, -1,
      282, 870, 281, -1,
      132, 131, 870, -1,
      870, 131, 134, -1,
      870, 134, 871, -1,
      871, 134, 135, -1,
      135, 136, 871, -1,
      871, 136, 872, -1,
      871, 872, 286, -1,
      286, 872, 285, -1,
      136, 137, 872, -1,
      872, 137, 138, -1,
      872, 138, 873, -1,
      873, 138, 139, -1,
      139, 140, 873, -1,
      873, 140, 874, -1,
      873, 874, 290, -1,
      290, 874, 289, -1,
      140, 141, 874, -1,
      874, 141, 144, -1,
      874, 144, 875, -1,
      875, 144, 143, -1,
      875, 143, 142, -1,
      142, 145, 875, -1,
      875, 145, 876, -1,
      875, 876, 294, -1,
      294, 876, 293, -1,
      148, 877, 147, -1,
      147, 877, 876, -1,
      147, 876, 146, -1,
      146, 876, 145, -1,
      148, 149, 877, -1,
      877, 149, 878, -1,
      877, 878, 298, -1,
      298, 878, 297, -1,
      152, 879, 151, -1,
      151, 879, 878, -1,
      151, 878, 150, -1,
      150, 878, 149, -1,
      152, 153, 879, -1,
      879, 153, 880, -1,
      879, 880, 302, -1,
      302, 880, 301, -1,
      156, 881, 155, -1,
      155, 881, 880, -1,
      155, 880, 154, -1,
      154, 880, 153, -1,
      156, 157, 881, -1,
      881, 157, 882, -1,
      881, 882, 306, -1,
      306, 882, 305, -1,
      161, 883, 162, -1,
      162, 883, 882, -1,
      162, 882, 158, -1,
      158, 882, 157, -1,
      161, 160, 883, -1,
      883, 160, 884, -1,
      883, 884, 310, -1,
      310, 884, 309, -1,
      164, 885, 163, -1,
      163, 885, 884, -1,
      163, 884, 159, -1,
      159, 884, 160, -1,
      164, 165, 885, -1,
      885, 165, 886, -1,
      885, 886, 314, -1,
      314, 886, 313, -1,
      168, 887, 167, -1,
      167, 887, 886, -1,
      167, 886, 166, -1,
      166, 886, 165, -1,
      168, 169, 887, -1,
      887, 169, 888, -1,
      887, 888, 318, -1,
      318, 888, 317, -1,
      172, 889, 171, -1,
      171, 889, 888, -1,
      171, 888, 170, -1,
      170, 888, 169, -1,
      172, 173, 889, -1,
      889, 173, 890, -1,
      889, 890, 322, -1,
      322, 890, 321, -1,
      173, 174, 890, -1,
      890, 174, 175, -1,
      890, 175, 862, -1,
      862, 175, 176, -1,
      862, 176, 177, -1,
      557, 453, 555, -1,
      555, 453, 457, -1,
      446, 559, 449, -1,
      449, 559, 561, -1,
      449, 561, 448, -1,
      565, 423, 563, -1,
      563, 423, 424, -1,
      433, 438, 564, -1,
      564, 438, 553, -1,
      564, 553, 566, -1,
      566, 553, 554, -1,
      566, 554, 425, -1,
      425, 554, 426, -1,
      444, 450, 545, -1,
      443, 447, 562, -1,
      442, 443, 546, -1,
      546, 443, 562, -1,
      546, 562, 545, -1,
      545, 562, 560, -1,
      545, 560, 444, -1,
      444, 560, 445, -1,
      456, 458, 556, -1,
      556, 458, 549, -1,
      556, 549, 558, -1,
      558, 549, 550, -1,
      558, 550, 454, -1,
      454, 550, 455, -1,
      462, 529, 459, -1,
      459, 529, 527, -1,
      472, 533, 471, -1,
      471, 533, 531, -1,
      471, 531, 470, -1,
      421, 537, 418, -1,
      418, 537, 535, -1,
      422, 406, 536, -1,
      536, 406, 524, -1,
      536, 524, 534, -1,
      534, 524, 525, -1,
      534, 525, 411, -1,
      411, 525, 409, -1,
      532, 516, 530, -1,
      530, 516, 517, -1,
      532, 473, 516, -1,
      516, 473, 474, -1,
      516, 474, 476, -1,
      517, 468, 530, -1,
      530, 468, 467, -1,
      530, 467, 477, -1,
      466, 465, 528, -1,
      528, 465, 520, -1,
      528, 520, 526, -1,
      526, 520, 521, -1,
      526, 521, 460, -1,
      460, 521, 461, -1,
      891, 488, 892, -1,
      892, 488, 487, -1,
      892, 487, 893, -1,
      893, 487, 486, -1,
      893, 486, 894, -1,
      894, 486, 482, -1,
      894, 482, 895, -1,
      895, 482, 481, -1,
      895, 481, 896, -1,
      896, 481, 491, -1,
      896, 491, 897, -1,
      897, 491, 490, -1,
      897, 490, 898, -1,
      898, 490, 489, -1,
      898, 489, 899, -1,
      899, 489, 480, -1,
      899, 480, 900, -1,
      900, 480, 479, -1,
      900, 479, 901, -1,
      901, 479, 478, -1,
      901, 478, 902, -1,
      902, 478, 485, -1,
      902, 485, 903, -1,
      903, 485, 484, -1,
      903, 484, 904, -1,
      904, 484, 483, -1,
      904, 483, 905, -1,
      905, 483, 415, -1,
      905, 415, 906, -1,
      415, 414, 906, -1,
      906, 414, 413, -1,
      906, 413, 907, -1,
      907, 413, 412, -1,
      907, 412, 908, -1,
      908, 412, 420, -1,
      908, 420, 909, -1,
      909, 420, 419, -1,
      909, 419, 910, -1,
      910, 419, 417, -1,
      910, 417, 911, -1,
      911, 417, 416, -1,
      911, 416, 912, -1,
      912, 416, 410, -1,
      912, 410, 913, -1,
      913, 410, 408, -1,
      913, 408, 914, -1,
      914, 408, 399, -1,
      914, 399, 891, -1,
      891, 399, 398, -1,
      891, 398, 488, -1,
      908, 909, 915, -1,
      915, 909, 910, -1,
      915, 910, 911, -1,
      905, 906, 915, -1,
      915, 906, 907, -1,
      915, 907, 908, -1,
      902, 903, 915, -1,
      915, 903, 904, -1,
      915, 904, 905, -1,
      899, 900, 915, -1,
      915, 900, 901, -1,
      915, 901, 902, -1,
      896, 897, 915, -1,
      915, 897, 898, -1,
      915, 898, 899, -1,
      893, 894, 915, -1,
      915, 894, 895, -1,
      915, 895, 896, -1,
      914, 891, 915, -1,
      915, 891, 892, -1,
      915, 892, 893, -1,
      911, 912, 915, -1,
      915, 912, 913, -1,
      915, 913, 914, -1,
      916, 437, 917, -1,
      917, 437, 439, -1,
      917, 439, 918, -1,
      918, 439, 440, -1,
      918, 440, 919, -1,
      919, 440, 432, -1,
      919, 432, 920, -1,
      920, 432, 431, -1,
      920, 431, 921, -1,
      921, 431, 430, -1,
      921, 430, 922, -1,
      922, 430, 429, -1,
      922, 429, 923, -1,
      923, 429, 428, -1,
      923, 428, 924, -1,
      924, 428, 397, -1,
      924, 397, 925, -1,
      397, 396, 925, -1,
      925, 396, 499, -1,
      925, 499, 926, -1,
      926, 499, 498, -1,
      926, 498, 927, -1,
      927, 498, 497, -1,
      927, 497, 928, -1,
      928, 497, 493, -1,
      928, 493, 929, -1,
      929, 493, 492, -1,
      929, 492, 930, -1,
      930, 492, 505, -1,
      930, 505, 931, -1,
      931, 505, 504, -1,
      931, 504, 932, -1,
      932, 504, 503, -1,
      932, 503, 933, -1,
      933, 503, 496, -1,
      933, 496, 934, -1,
      934, 496, 495, -1,
      934, 495, 935, -1,
      935, 495, 494, -1,
      935, 494, 936, -1,
      936, 494, 502, -1,
      936, 502, 937, -1,
      937, 502, 501, -1,
      937, 501, 938, -1,
      938, 501, 500, -1,
      938, 500, 939, -1,
      939, 500, 434, -1,
      939, 434, 916, -1,
      916, 434, 435, -1,
      916, 435, 437, -1,
      930, 931, 940, -1,
      940, 931, 932, -1,
      940, 932, 933, -1,
      927, 928, 940, -1,
      940, 928, 929, -1,
      940, 929, 930, -1,
      924, 925, 940, -1,
      940, 925, 926, -1,
      940, 926, 927, -1,
      921, 922, 940, -1,
      940, 922, 923, -1,
      940, 923, 924, -1,
      918, 919, 940, -1,
      940, 919, 920, -1,
      940, 920, 921, -1,
      939, 916, 940, -1,
      940, 916, 917, -1,
      940, 917, 918, -1,
      936, 937, 940, -1,
      940, 937, 938, -1,
      940, 938, 939, -1,
      933, 934, 940, -1,
      940, 934, 935, -1,
      940, 935, 936, -1,
      192, 191, 941, -1,
      189, 194, 942, -1,
      81, 943, 944, -1,
      81, 80, 943, -1,
      943, 80, 88, -1,
      943, 88, 87, -1,
      77, 76, 944, -1,
      944, 76, 82, -1,
      944, 82, 81, -1,
      58, 57, 945, -1,
      225, 224, 946, -1,
      947, 200, 948, -1,
      948, 200, 209, -1,
      194, 193, 942, -1,
      942, 193, 197, -1,
      942, 197, 949, -1,
      949, 197, 196, -1,
      950, 83, 951, -1,
      951, 83, 185, -1,
      951, 185, 184, -1,
      87, 86, 943, -1,
      943, 86, 85, -1,
      943, 85, 950, -1,
      950, 85, 84, -1,
      950, 84, 83, -1,
      952, 75, 74, -1,
      48, 47, 953, -1,
      202, 201, 954, -1,
      954, 201, 198, -1,
      954, 198, 947, -1,
      947, 198, 199, -1,
      947, 199, 200, -1,
      196, 195, 949, -1,
      949, 195, 204, -1,
      949, 204, 954, -1,
      954, 204, 203, -1,
      954, 203, 202, -1,
      941, 191, 942, -1,
      942, 191, 190, -1,
      942, 190, 189, -1,
      5, 4, 955, -1,
      956, 214, 213, -1,
      209, 208, 948, -1,
      948, 208, 207, -1,
      948, 207, 206, -1,
      184, 188, 951, -1,
      951, 188, 187, -1,
      951, 187, 941, -1,
      941, 187, 186, -1,
      941, 186, 192, -1,
      77, 944, 78, -1,
      78, 944, 957, -1,
      78, 957, 79, -1,
      952, 74, 957, -1,
      957, 74, 73, -1,
      957, 73, 79, -1,
      71, 70, 952, -1,
      952, 70, 69, -1,
      952, 69, 75, -1,
      217, 216, 958, -1,
      958, 216, 215, -1,
      958, 215, 959, -1,
      959, 215, 222, -1,
      959, 222, 221, -1,
      71, 952, 72, -1,
      72, 952, 960, -1,
      72, 960, 66, -1,
      961, 65, 68, -1,
      962, 227, 963, -1,
      963, 227, 231, -1,
      231, 230, 963, -1,
      963, 230, 229, -1,
      963, 229, 235, -1,
      224, 223, 946, -1,
      946, 223, 226, -1,
      946, 226, 962, -1,
      962, 226, 228, -1,
      962, 228, 227, -1,
      956, 213, 958, -1,
      958, 213, 212, -1,
      958, 212, 217, -1,
      206, 205, 948, -1,
      948, 205, 210, -1,
      948, 210, 956, -1,
      956, 210, 211, -1,
      956, 211, 214, -1,
      964, 62, 61, -1,
      48, 953, 49, -1,
      49, 953, 965, -1,
      49, 965, 43, -1,
      955, 4, 966, -1,
      966, 4, 3, -1,
      966, 3, 967, -1,
      967, 3, 2, -1,
      967, 2, 968, -1,
      968, 2, 1, -1,
      968, 1, 0, -1,
      40, 969, 41, -1,
      41, 969, 968, -1,
      41, 968, 42, -1,
      42, 968, 0, -1,
      235, 234, 963, -1,
      963, 234, 233, -1,
      963, 233, 955, -1,
      955, 233, 232, -1,
      955, 232, 5, -1,
      221, 220, 959, -1,
      959, 220, 219, -1,
      959, 219, 946, -1,
      946, 219, 218, -1,
      946, 218, 225, -1,
      961, 68, 960, -1,
      960, 68, 67, -1,
      960, 67, 66, -1,
      57, 56, 945, -1,
      945, 56, 64, -1,
      945, 64, 964, -1,
      964, 64, 63, -1,
      964, 63, 62, -1,
      58, 945, 59, -1,
      59, 945, 970, -1,
      59, 970, 60, -1,
      47, 46, 953, -1,
      953, 46, 52, -1,
      953, 52, 971, -1,
      971, 52, 51, -1,
      971, 51, 50, -1,
      40, 39, 969, -1,
      969, 39, 45, -1,
      969, 45, 965, -1,
      965, 45, 44, -1,
      965, 44, 43, -1,
      61, 183, 964, -1,
      964, 183, 182, -1,
      964, 182, 961, -1,
      961, 182, 181, -1,
      961, 181, 65, -1,
      50, 55, 971, -1,
      971, 55, 54, -1,
      971, 54, 970, -1,
      970, 54, 53, -1,
      970, 53, 60, -1,
      15, 958, 16, -1,
      16, 958, 959, -1,
      16, 959, 17, -1,
      17, 959, 946, -1,
      17, 946, 18, -1,
      18, 946, 962, -1,
      18, 962, 19, -1,
      19, 962, 963, -1,
      19, 963, 20, -1,
      20, 963, 955, -1,
      20, 955, 21, -1,
      21, 955, 966, -1,
      21, 966, 22, -1,
      22, 966, 967, -1,
      22, 967, 23, -1,
      23, 967, 968, -1,
      23, 968, 24, -1,
      24, 968, 969, -1,
      24, 969, 25, -1,
      25, 969, 965, -1,
      25, 965, 26, -1,
      26, 965, 953, -1,
      26, 953, 27, -1,
      27, 953, 971, -1,
      27, 971, 28, -1,
      28, 971, 970, -1,
      28, 970, 29, -1,
      29, 970, 945, -1,
      29, 945, 30, -1,
      30, 945, 964, -1,
      30, 964, 31, -1,
      31, 964, 961, -1,
      31, 961, 32, -1,
      32, 961, 960, -1,
      32, 960, 33, -1,
      33, 960, 952, -1,
      33, 952, 34, -1,
      34, 952, 957, -1,
      34, 957, 35, -1,
      35, 957, 944, -1,
      35, 944, 36, -1,
      36, 944, 943, -1,
      36, 943, 37, -1,
      37, 943, 950, -1,
      37, 950, 38, -1,
      38, 950, 951, -1,
      38, 951, 8, -1,
      8, 951, 941, -1,
      8, 941, 9, -1,
      9, 941, 942, -1,
      9, 942, 10, -1,
      10, 942, 949, -1,
      10, 949, 11, -1,
      11, 949, 954, -1,
      11, 954, 12, -1,
      12, 954, 947, -1,
      12, 947, 13, -1,
      13, 947, 948, -1,
      13, 948, 14, -1,
      14, 948, 956, -1,
      14, 956, 15, -1,
      15, 956, 958, -1,
    ]
  }
}
