#VRML V2.0 utf8

Shape {
  appearance Appearance {
    material Material {
      diffuseColor 1.0000 1.0000 1.0000
      specularColor 0.5020 0.5020 0.5020
      ambientIntensity 0.2
      transparency 0.0000
      shininess 0.5
    }
  }
  geometry IndexedFaceSet {
    ccw TRUE
    solid FALSE
    coord DEF co Coordinate {
      point [
        -0.539370 0.688976 -0.358268,
        -0.539370 0.570866 -0.358268,
        -0.539370 0.688976 -0.354331,
        -0.539370 0.570866 -0.354331,
        -0.444882 0.688976 -0.358268,
        -0.444882 0.688976 -0.354331,
        -0.444882 0.570866 -0.358268,
        -0.444882 0.570866 -0.354331,
        -0.445283 0.565263 -0.354331,
        -0.445283 0.565263 -0.358268,
        -0.446477 0.559774 -0.354331,
        -0.446477 0.559774 -0.358268,
        -0.448440 0.554511 -0.354331,
        -0.448440 0.554511 -0.358268,
        -0.451132 0.549581 -0.354331,
        -0.451132 0.549581 -0.358268,
        -0.454498 0.545084 -0.354331,
        -0.454498 0.545084 -0.358268,
        -0.458470 0.541112 -0.354331,
        -0.458470 0.541112 -0.358268,
        -0.462967 0.537746 -0.354331,
        -0.462967 0.537746 -0.358268,
        -0.467897 0.535054 -0.354331,
        -0.467897 0.535054 -0.358268,
        -0.473160 0.533091 -0.354331,
        -0.473160 0.533091 -0.358268,
        -0.478649 0.531897 -0.354331,
        -0.478649 0.531897 -0.358268,
        -0.484252 0.531496 -0.354331,
        -0.484252 0.531496 -0.358268,
        -0.500000 0.531496 -0.358268,
        -0.500000 0.531496 -0.354331,
        -0.505603 0.531897 -0.354331,
        -0.505603 0.531897 -0.358268,
        -0.511092 0.533091 -0.354331,
        -0.511092 0.533091 -0.358268,
        -0.516355 0.535054 -0.354331,
        -0.516355 0.535054 -0.358268,
        -0.521285 0.537746 -0.354331,
        -0.521285 0.537746 -0.358268,
        -0.525782 0.541112 -0.354331,
        -0.525782 0.541112 -0.358268,
        -0.529754 0.545084 -0.354331,
        -0.529754 0.545084 -0.358268,
        -0.533120 0.549581 -0.354331,
        -0.533120 0.549581 -0.358268,
        -0.535812 0.554511 -0.354331,
        -0.535812 0.554511 -0.358268,
        -0.537775 0.559774 -0.354331,
        -0.537775 0.559774 -0.358268,
        -0.538969 0.565263 -0.354331,
        -0.538969 0.565263 -0.358268,
        -0.539370 -0.570866 -0.358268,
        -0.539370 -0.570866 -0.354331,
        -0.538969 -0.565263 -0.354331,
        -0.538969 -0.565263 -0.358268,
        -0.537775 -0.559774 -0.354331,
        -0.537775 -0.559774 -0.358268,
        -0.535812 -0.554511 -0.354331,
        -0.535812 -0.554511 -0.358268,
        -0.533120 -0.549581 -0.354331,
        -0.533120 -0.549581 -0.358268,
        -0.529754 -0.545084 -0.354331,
        -0.529754 -0.545084 -0.358268,
        -0.525782 -0.541112 -0.354331,
        -0.525782 -0.541112 -0.358268,
        -0.521285 -0.537746 -0.354331,
        -0.521285 -0.537746 -0.358268,
        -0.516355 -0.535054 -0.354331,
        -0.516355 -0.535054 -0.358268,
        -0.511092 -0.533091 -0.354331,
        -0.511092 -0.533091 -0.358268,
        -0.505603 -0.531897 -0.354331,
        -0.505603 -0.531897 -0.358268,
        -0.500000 -0.531496 -0.354331,
        -0.500000 -0.531496 -0.358268,
        -0.484252 -0.531496 -0.358268,
        -0.484252 -0.531496 -0.354331,
        -0.478649 -0.531897 -0.354331,
        -0.478649 -0.531897 -0.358268,
        -0.473160 -0.533091 -0.354331,
        -0.473160 -0.533091 -0.358268,
        -0.467897 -0.535054 -0.354331,
        -0.467897 -0.535054 -0.358268,
        -0.462967 -0.537746 -0.354331,
        -0.462967 -0.537746 -0.358268,
        -0.458470 -0.541112 -0.354331,
        -0.458470 -0.541112 -0.358268,
        -0.454498 -0.545084 -0.354331,
        -0.454498 -0.545084 -0.358268,
        -0.451132 -0.549581 -0.354331,
        -0.451132 -0.549581 -0.358268,
        -0.448440 -0.554511 -0.354331,
        -0.448440 -0.554511 -0.358268,
        -0.446477 -0.559774 -0.354331,
        -0.446477 -0.559774 -0.358268,
        -0.445283 -0.565263 -0.354331,
        -0.445283 -0.565263 -0.358268,
        -0.444882 -0.570866 -0.354331,
        -0.444882 -0.570866 -0.358268,
        -0.444882 -0.688976 -0.358268,
        -0.444882 -0.688976 -0.354331,
        -0.539370 -0.688976 -0.358268,
        -0.539370 -0.688976 -0.354331,
        -0.248031 0.688976 -0.358268,
        -0.342520 0.688976 -0.358268,
        -0.248031 0.688976 -0.354331,
        -0.342520 0.688976 -0.354331,
        -0.248031 0.570866 -0.358268,
        -0.248031 0.570866 -0.354331,
        -0.248432 0.565263 -0.354331,
        -0.248432 0.565263 -0.358268,
        -0.249626 0.559774 -0.354331,
        -0.249626 0.559774 -0.358268,
        -0.251589 0.554511 -0.354331,
        -0.251589 0.554511 -0.358268,
        -0.254281 0.549581 -0.354331,
        -0.254281 0.549581 -0.358268,
        -0.257648 0.545084 -0.354331,
        -0.257648 0.545084 -0.358268,
        -0.261620 0.541112 -0.354331,
        -0.261620 0.541112 -0.358268,
        -0.266117 0.537746 -0.354331,
        -0.266117 0.537746 -0.358268,
        -0.271047 0.535054 -0.354331,
        -0.271047 0.535054 -0.358268,
        -0.276310 0.533091 -0.354331,
        -0.276310 0.533091 -0.358268,
        -0.281799 0.531897 -0.354331,
        -0.281799 0.531897 -0.358268,
        -0.287402 0.531496 -0.354331,
        -0.287402 0.531496 -0.358268,
        -0.303150 0.531496 -0.358268,
        -0.303150 0.531496 -0.354331,
        -0.308752 0.531897 -0.354331,
        -0.308752 0.531897 -0.358268,
        -0.314241 0.533091 -0.354331,
        -0.314241 0.533091 -0.358268,
        -0.319504 0.535054 -0.354331,
        -0.319504 0.535054 -0.358268,
        -0.324435 0.537746 -0.354331,
        -0.324435 0.537746 -0.358268,
        -0.328931 0.541112 -0.354331,
        -0.328931 0.541112 -0.358268,
        -0.332904 0.545084 -0.354331,
        -0.332904 0.545084 -0.358268,
        -0.336270 0.549581 -0.354331,
        -0.336270 0.549581 -0.358268,
        -0.338962 0.554511 -0.354331,
        -0.338962 0.554511 -0.358268,
        -0.340925 0.559774 -0.354331,
        -0.340925 0.559774 -0.358268,
        -0.342119 0.565263 -0.354331,
        -0.342119 0.565263 -0.358268,
        -0.342520 0.570866 -0.354331,
        -0.342520 0.570866 -0.358268,
        -0.787402 0.342520 -0.358268,
        -0.787402 0.248031 -0.358268,
        -0.787402 0.342520 -0.354331,
        -0.787402 0.248031 -0.354331,
        -0.669291 0.342520 -0.358268,
        -0.669291 0.342520 -0.354331,
        -0.663688 0.342119 -0.354331,
        -0.663688 0.342119 -0.358268,
        -0.658200 0.340925 -0.354331,
        -0.658200 0.340925 -0.358268,
        -0.652936 0.338962 -0.354331,
        -0.652936 0.338962 -0.358268,
        -0.648006 0.336270 -0.354331,
        -0.648006 0.336270 -0.358268,
        -0.643509 0.332904 -0.354331,
        -0.643509 0.332904 -0.358268,
        -0.639537 0.328931 -0.354331,
        -0.639537 0.328931 -0.358268,
        -0.636171 0.324435 -0.354331,
        -0.636171 0.324435 -0.358268,
        -0.633479 0.319504 -0.354331,
        -0.633479 0.319504 -0.358268,
        -0.631516 0.314241 -0.354331,
        -0.631516 0.314241 -0.358268,
        -0.630322 0.308752 -0.354331,
        -0.630322 0.308752 -0.358268,
        -0.629921 0.303150 -0.354331,
        -0.629921 0.303150 -0.358268,
        -0.629921 0.287402 -0.358268,
        -0.629921 0.287402 -0.354331,
        -0.630322 0.281799 -0.354331,
        -0.630322 0.281799 -0.358268,
        -0.631516 0.276310 -0.354331,
        -0.631516 0.276310 -0.358268,
        -0.633479 0.271047 -0.354331,
        -0.633479 0.271047 -0.358268,
        -0.636171 0.266117 -0.354331,
        -0.636171 0.266117 -0.358268,
        -0.639537 0.261620 -0.354331,
        -0.639537 0.261620 -0.358268,
        -0.643509 0.257648 -0.354331,
        -0.643509 0.257648 -0.358268,
        -0.648006 0.254281 -0.354331,
        -0.648006 0.254281 -0.358268,
        -0.652936 0.251589 -0.354331,
        -0.652936 0.251589 -0.358268,
        -0.658200 0.249626 -0.354331,
        -0.658200 0.249626 -0.358268,
        -0.663688 0.248432 -0.354331,
        -0.663688 0.248432 -0.358268,
        -0.669291 0.248031 -0.354331,
        -0.669291 0.248031 -0.358268,
        -0.342520 -0.570866 -0.358268,
        -0.342520 -0.570866 -0.354331,
        -0.342119 -0.565263 -0.354331,
        -0.342119 -0.565263 -0.358268,
        -0.340925 -0.559774 -0.354331,
        -0.340925 -0.559774 -0.358268,
        -0.338962 -0.554511 -0.354331,
        -0.338962 -0.554511 -0.358268,
        -0.336270 -0.549581 -0.354331,
        -0.336270 -0.549581 -0.358268,
        -0.332904 -0.545084 -0.354331,
        -0.332904 -0.545084 -0.358268,
        -0.328931 -0.541112 -0.354331,
        -0.328931 -0.541112 -0.358268,
        -0.324435 -0.537746 -0.354331,
        -0.324435 -0.537746 -0.358268,
        -0.319504 -0.535054 -0.354331,
        -0.319504 -0.535054 -0.358268,
        -0.314241 -0.533091 -0.354331,
        -0.314241 -0.533091 -0.358268,
        -0.308752 -0.531897 -0.354331,
        -0.308752 -0.531897 -0.358268,
        -0.303150 -0.531496 -0.354331,
        -0.303150 -0.531496 -0.358268,
        -0.287402 -0.531496 -0.358268,
        -0.287402 -0.531496 -0.354331,
        -0.281799 -0.531897 -0.354331,
        -0.281799 -0.531897 -0.358268,
        -0.276310 -0.533091 -0.354331,
        -0.276310 -0.533091 -0.358268,
        -0.271047 -0.535054 -0.354331,
        -0.271047 -0.535054 -0.358268,
        -0.266117 -0.537746 -0.354331,
        -0.266117 -0.537746 -0.358268,
        -0.261620 -0.541112 -0.354331,
        -0.261620 -0.541112 -0.358268,
        -0.257648 -0.545084 -0.354331,
        -0.257648 -0.545084 -0.358268,
        -0.254281 -0.549581 -0.354331,
        -0.254281 -0.549581 -0.358268,
        -0.251589 -0.554511 -0.354331,
        -0.251589 -0.554511 -0.358268,
        -0.249626 -0.559774 -0.354331,
        -0.249626 -0.559774 -0.358268,
        -0.248432 -0.565263 -0.354331,
        -0.248432 -0.565263 -0.358268,
        -0.248031 -0.570866 -0.354331,
        -0.248031 -0.570866 -0.358268,
        -0.248031 -0.688976 -0.358268,
        -0.248031 -0.688976 -0.354331,
        -0.342520 -0.688976 -0.358268,
        -0.342520 -0.688976 -0.354331,
        -0.051181 0.688976 -0.358268,
        -0.145669 0.688976 -0.358268,
        -0.051181 0.688976 -0.354331,
        -0.145669 0.688976 -0.354331,
        -0.051181 0.570866 -0.358268,
        -0.051181 0.570866 -0.354331,
        -0.051582 0.565263 -0.354331,
        -0.051582 0.565263 -0.358268,
        -0.052776 0.559774 -0.354331,
        -0.052776 0.559774 -0.358268,
        -0.054739 0.554511 -0.354331,
        -0.054739 0.554511 -0.358268,
        -0.057431 0.549581 -0.354331,
        -0.057431 0.549581 -0.358268,
        -0.060797 0.545084 -0.354331,
        -0.060797 0.545084 -0.358268,
        -0.064769 0.541112 -0.354331,
        -0.064769 0.541112 -0.358268,
        -0.069266 0.537746 -0.354331,
        -0.069266 0.537746 -0.358268,
        -0.074196 0.535054 -0.354331,
        -0.074196 0.535054 -0.358268,
        -0.079459 0.533091 -0.354331,
        -0.079459 0.533091 -0.358268,
        -0.084948 0.531897 -0.354331,
        -0.084948 0.531897 -0.358268,
        -0.090551 0.531496 -0.354331,
        -0.090551 0.531496 -0.358268,
        -0.106299 0.531496 -0.358268,
        -0.106299 0.531496 -0.354331,
        -0.111902 0.531897 -0.354331,
        -0.111902 0.531897 -0.358268,
        -0.117391 0.533091 -0.354331,
        -0.117391 0.533091 -0.358268,
        -0.122654 0.535054 -0.354331,
        -0.122654 0.535054 -0.358268,
        -0.127584 0.537746 -0.354331,
        -0.127584 0.537746 -0.358268,
        -0.132081 0.541112 -0.354331,
        -0.132081 0.541112 -0.358268,
        -0.136053 0.545084 -0.354331,
        -0.136053 0.545084 -0.358268,
        -0.139419 0.549581 -0.354331,
        -0.139419 0.549581 -0.358268,
        -0.142111 0.554511 -0.354331,
        -0.142111 0.554511 -0.358268,
        -0.144074 0.559774 -0.354331,
        -0.144074 0.559774 -0.358268,
        -0.145269 0.565263 -0.354331,
        -0.145269 0.565263 -0.358268,
        -0.145669 0.570866 -0.354331,
        -0.145669 0.570866 -0.358268,
        -0.145669 -0.570866 -0.358268,
        -0.145669 -0.570866 -0.354331,
        -0.145269 -0.565263 -0.354331,
        -0.145269 -0.565263 -0.358268,
        -0.144074 -0.559774 -0.354331,
        -0.144074 -0.559774 -0.358268,
        -0.142111 -0.554511 -0.354331,
        -0.142111 -0.554511 -0.358268,
        -0.139419 -0.549581 -0.354331,
        -0.139419 -0.549581 -0.358268,
        -0.136053 -0.545084 -0.354331,
        -0.136053 -0.545084 -0.358268,
        -0.132081 -0.541112 -0.354331,
        -0.132081 -0.541112 -0.358268,
        -0.127584 -0.537746 -0.354331,
        -0.127584 -0.537746 -0.358268,
        -0.122654 -0.535054 -0.354331,
        -0.122654 -0.535054 -0.358268,
        -0.117391 -0.533091 -0.354331,
        -0.117391 -0.533091 -0.358268,
        -0.111902 -0.531897 -0.354331,
        -0.111902 -0.531897 -0.358268,
        -0.106299 -0.531496 -0.354331,
        -0.106299 -0.531496 -0.358268,
        -0.090551 -0.531496 -0.358268,
        -0.090551 -0.531496 -0.354331,
        -0.084948 -0.531897 -0.354331,
        -0.084948 -0.531897 -0.358268,
        -0.079459 -0.533091 -0.354331,
        -0.079459 -0.533091 -0.358268,
        -0.074196 -0.535054 -0.354331,
        -0.074196 -0.535054 -0.358268,
        -0.069266 -0.537746 -0.354331,
        -0.069266 -0.537746 -0.358268,
        -0.064769 -0.541112 -0.354331,
        -0.064769 -0.541112 -0.358268,
        -0.060797 -0.545084 -0.354331,
        -0.060797 -0.545084 -0.358268,
        -0.057431 -0.549581 -0.354331,
        -0.057431 -0.549581 -0.358268,
        -0.054739 -0.554511 -0.354331,
        -0.054739 -0.554511 -0.358268,
        -0.052776 -0.559774 -0.354331,
        -0.052776 -0.559774 -0.358268,
        -0.051582 -0.565263 -0.354331,
        -0.051582 -0.565263 -0.358268,
        -0.051181 -0.570866 -0.354331,
        -0.051181 -0.570866 -0.358268,
        -0.051181 -0.688976 -0.358268,
        -0.051181 -0.688976 -0.354331,
        -0.145669 -0.688976 -0.358268,
        -0.145669 -0.688976 -0.354331,
        0.145669 0.688976 -0.358268,
        0.051181 0.688976 -0.358268,
        0.145669 0.688976 -0.354331,
        0.051181 0.688976 -0.354331,
        0.145669 0.570866 -0.358268,
        0.145669 0.570866 -0.354331,
        0.145269 0.565263 -0.354331,
        0.145269 0.565263 -0.358268,
        0.144074 0.559774 -0.354331,
        0.144074 0.559774 -0.358268,
        0.142111 0.554511 -0.354331,
        0.142111 0.554511 -0.358268,
        0.139419 0.549581 -0.354331,
        0.139419 0.549581 -0.358268,
        0.136053 0.545084 -0.354331,
        0.136053 0.545084 -0.358268,
        0.132081 0.541112 -0.354331,
        0.132081 0.541112 -0.358268,
        0.127584 0.537746 -0.354331,
        0.127584 0.537746 -0.358268,
        0.122654 0.535054 -0.354331,
        0.122654 0.535054 -0.358268,
        0.117391 0.533091 -0.354331,
        0.117391 0.533091 -0.358268,
        0.111902 0.531897 -0.354331,
        0.111902 0.531897 -0.358268,
        0.106299 0.531496 -0.354331,
        0.106299 0.531496 -0.358268,
        0.090551 0.531496 -0.358268,
        0.090551 0.531496 -0.354331,
        0.084948 0.531897 -0.354331,
        0.084948 0.531897 -0.358268,
        0.079459 0.533091 -0.354331,
        0.079459 0.533091 -0.358268,
        0.074196 0.535054 -0.354331,
        0.074196 0.535054 -0.358268,
        0.069266 0.537746 -0.354331,
        0.069266 0.537746 -0.358268,
        0.064769 0.541112 -0.354331,
        0.064769 0.541112 -0.358268,
        0.060797 0.545084 -0.354331,
        0.060797 0.545084 -0.358268,
        0.057431 0.549581 -0.354331,
        0.057431 0.549581 -0.358268,
        0.054739 0.554511 -0.354331,
        0.054739 0.554511 -0.358268,
        0.052776 0.559774 -0.354331,
        0.052776 0.559774 -0.358268,
        0.051582 0.565263 -0.354331,
        0.051582 0.565263 -0.358268,
        0.051181 0.570866 -0.354331,
        0.051181 0.570866 -0.358268,
        0.051181 -0.570866 -0.358268,
        0.051181 -0.570866 -0.354331,
        0.051582 -0.565263 -0.354331,
        0.051582 -0.565263 -0.358268,
        0.052776 -0.559774 -0.354331,
        0.052776 -0.559774 -0.358268,
        0.054739 -0.554511 -0.354331,
        0.054739 -0.554511 -0.358268,
        0.057431 -0.549581 -0.354331,
        0.057431 -0.549581 -0.358268,
        0.060797 -0.545084 -0.354331,
        0.060797 -0.545084 -0.358268,
        0.064769 -0.541112 -0.354331,
        0.064769 -0.541112 -0.358268,
        0.069266 -0.537746 -0.354331,
        0.069266 -0.537746 -0.358268,
        0.074196 -0.535054 -0.354331,
        0.074196 -0.535054 -0.358268,
        0.079459 -0.533091 -0.354331,
        0.079459 -0.533091 -0.358268,
        0.084948 -0.531897 -0.354331,
        0.084948 -0.531897 -0.358268,
        0.090551 -0.531496 -0.354331,
        0.090551 -0.531496 -0.358268,
        0.106299 -0.531496 -0.358268,
        0.106299 -0.531496 -0.354331,
        0.111902 -0.531897 -0.354331,
        0.111902 -0.531897 -0.358268,
        0.117391 -0.533091 -0.354331,
        0.117391 -0.533091 -0.358268,
        0.122654 -0.535054 -0.354331,
        0.122654 -0.535054 -0.358268,
        0.127584 -0.537746 -0.354331,
        0.127584 -0.537746 -0.358268,
        0.132081 -0.541112 -0.354331,
        0.132081 -0.541112 -0.358268,
        0.136053 -0.545084 -0.354331,
        0.136053 -0.545084 -0.358268,
        0.139419 -0.549581 -0.354331,
        0.139419 -0.549581 -0.358268,
        0.142111 -0.554511 -0.354331,
        0.142111 -0.554511 -0.358268,
        0.144074 -0.559774 -0.354331,
        0.144074 -0.559774 -0.358268,
        0.145269 -0.565263 -0.354331,
        0.145269 -0.565263 -0.358268,
        0.145669 -0.570866 -0.354331,
        0.145669 -0.570866 -0.358268,
        0.145669 -0.688976 -0.358268,
        0.145669 -0.688976 -0.354331,
        0.051181 -0.688976 -0.358268,
        0.051181 -0.688976 -0.354331,
        0.342520 0.688976 -0.358268,
        0.248031 0.688976 -0.358268,
        0.342520 0.688976 -0.354331,
        0.248031 0.688976 -0.354331,
        0.342520 0.570866 -0.358268,
        0.342520 0.570866 -0.354331,
        0.342119 0.565263 -0.354331,
        0.342119 0.565263 -0.358268,
        0.340925 0.559774 -0.354331,
        0.340925 0.559774 -0.358268,
        0.338962 0.554511 -0.354331,
        0.338962 0.554511 -0.358268,
        0.336270 0.549581 -0.354331,
        0.336270 0.549581 -0.358268,
        0.332904 0.545084 -0.354331,
        0.332904 0.545084 -0.358268,
        0.328931 0.541112 -0.354331,
        0.328931 0.541112 -0.358268,
        0.324435 0.537746 -0.354331,
        0.324435 0.537746 -0.358268,
        0.319504 0.535054 -0.354331,
        0.319504 0.535054 -0.358268,
        0.314241 0.533091 -0.354331,
        0.314241 0.533091 -0.358268,
        0.308752 0.531897 -0.354331,
        0.308752 0.531897 -0.358268,
        0.303150 0.531496 -0.354331,
        0.303150 0.531496 -0.358268,
        0.287402 0.531496 -0.358268,
        0.287402 0.531496 -0.354331,
        0.281799 0.531897 -0.354331,
        0.281799 0.531897 -0.358268,
        0.276310 0.533091 -0.354331,
        0.276310 0.533091 -0.358268,
        0.271047 0.535054 -0.354331,
        0.271047 0.535054 -0.358268,
        0.266117 0.537746 -0.354331,
        0.266117 0.537746 -0.358268,
        0.261620 0.541112 -0.354331,
        0.261620 0.541112 -0.358268,
        0.257648 0.545084 -0.354331,
        0.257648 0.545084 -0.358268,
        0.254281 0.549581 -0.354331,
        0.254281 0.549581 -0.358268,
        0.251589 0.554511 -0.354331,
        0.251589 0.554511 -0.358268,
        0.249626 0.559774 -0.354331,
        0.249626 0.559774 -0.358268,
        0.248432 0.565263 -0.354331,
        0.248432 0.565263 -0.358268,
        0.248031 0.570866 -0.354331,
        0.248031 0.570866 -0.358268,
        0.248031 -0.570866 -0.358268,
        0.248031 -0.570866 -0.354331,
        0.248432 -0.565263 -0.354331,
        0.248432 -0.565263 -0.358268,
        0.249626 -0.559774 -0.354331,
        0.249626 -0.559774 -0.358268,
        0.251589 -0.554511 -0.354331,
        0.251589 -0.554511 -0.358268,
        0.254281 -0.549581 -0.354331,
        0.254281 -0.549581 -0.358268,
        0.257648 -0.545084 -0.354331,
        0.257648 -0.545084 -0.358268,
        0.261620 -0.541112 -0.354331,
        0.261620 -0.541112 -0.358268,
        0.266117 -0.537746 -0.354331,
        0.266117 -0.537746 -0.358268,
        0.271047 -0.535054 -0.354331,
        0.271047 -0.535054 -0.358268,
        0.276310 -0.533091 -0.354331,
        0.276310 -0.533091 -0.358268,
        0.281799 -0.531897 -0.354331,
        0.281799 -0.531897 -0.358268,
        0.287402 -0.531496 -0.354331,
        0.287402 -0.531496 -0.358268,
        0.303150 -0.531496 -0.358268,
        0.303150 -0.531496 -0.354331,
        0.308752 -0.531897 -0.354331,
        0.308752 -0.531897 -0.358268,
        0.314241 -0.533091 -0.354331,
        0.314241 -0.533091 -0.358268,
        0.319504 -0.535054 -0.354331,
        0.319504 -0.535054 -0.358268,
        0.324435 -0.537746 -0.354331,
        0.324435 -0.537746 -0.358268,
        0.328931 -0.541112 -0.354331,
        0.328931 -0.541112 -0.358268,
        0.332904 -0.545084 -0.354331,
        0.332904 -0.545084 -0.358268,
        0.336270 -0.549581 -0.354331,
        0.336270 -0.549581 -0.358268,
        0.338962 -0.554511 -0.354331,
        0.338962 -0.554511 -0.358268,
        0.340925 -0.559774 -0.354331,
        0.340925 -0.559774 -0.358268,
        0.342119 -0.565263 -0.354331,
        0.342119 -0.565263 -0.358268,
        0.342520 -0.570866 -0.354331,
        0.342520 -0.570866 -0.358268,
        0.342520 -0.688976 -0.358268,
        0.342520 -0.688976 -0.354331,
        0.248031 -0.688976 -0.358268,
        0.248031 -0.688976 -0.354331,
        0.539370 0.688976 -0.358268,
        0.444882 0.688976 -0.358268,
        0.539370 0.688976 -0.354331,
        0.444882 0.688976 -0.354331,
        0.539370 0.570866 -0.358268,
        0.539370 0.570866 -0.354331,
        0.538969 0.565263 -0.354331,
        0.538969 0.565263 -0.358268,
        0.537775 0.559774 -0.354331,
        0.537775 0.559774 -0.358268,
        0.535812 0.554511 -0.354331,
        0.535812 0.554511 -0.358268,
        0.533120 0.549581 -0.354331,
        0.533120 0.549581 -0.358268,
        0.529754 0.545084 -0.354331,
        0.529754 0.545084 -0.358268,
        0.525782 0.541112 -0.354331,
        0.525782 0.541112 -0.358268,
        0.521285 0.537746 -0.354331,
        0.521285 0.537746 -0.358268,
        0.516355 0.535054 -0.354331,
        0.516355 0.535054 -0.358268,
        0.511092 0.533091 -0.354331,
        0.511092 0.533091 -0.358268,
        0.505603 0.531897 -0.354331,
        0.505603 0.531897 -0.358268,
        0.500000 0.531496 -0.354331,
        0.500000 0.531496 -0.358268,
        0.484252 0.531496 -0.358268,
        0.484252 0.531496 -0.354331,
        0.478649 0.531897 -0.354331,
        0.478649 0.531897 -0.358268,
        0.473160 0.533091 -0.354331,
        0.473160 0.533091 -0.358268,
        0.467897 0.535054 -0.354331,
        0.467897 0.535054 -0.358268,
        0.462967 0.537746 -0.354331,
        0.462967 0.537746 -0.358268,
        0.458470 0.541112 -0.354331,
        0.458470 0.541112 -0.358268,
        0.454498 0.545084 -0.354331,
        0.454498 0.545084 -0.358268,
        0.451132 0.549581 -0.354331,
        0.451132 0.549581 -0.358268,
        0.448440 0.554511 -0.354331,
        0.448440 0.554511 -0.358268,
        0.446477 0.559774 -0.354331,
        0.446477 0.559774 -0.358268,
        0.445283 0.565263 -0.354331,
        0.445283 0.565263 -0.358268,
        0.444882 0.570866 -0.354331,
        0.444882 0.570866 -0.358268,
        0.444882 -0.570866 -0.358268,
        0.444882 -0.570866 -0.354331,
        0.445283 -0.565263 -0.354331,
        0.445283 -0.565263 -0.358268,
        0.446477 -0.559774 -0.354331,
        0.446477 -0.559774 -0.358268,
        0.448440 -0.554511 -0.354331,
        0.448440 -0.554511 -0.358268,
        0.451132 -0.549581 -0.354331,
        0.451132 -0.549581 -0.358268,
        0.454498 -0.545084 -0.354331,
        0.454498 -0.545084 -0.358268,
        0.458470 -0.541112 -0.354331,
        0.458470 -0.541112 -0.358268,
        0.462967 -0.537746 -0.354331,
        0.462967 -0.537746 -0.358268,
        0.467897 -0.535054 -0.354331,
        0.467897 -0.535054 -0.358268,
        0.473160 -0.533091 -0.354331,
        0.473160 -0.533091 -0.358268,
        0.478649 -0.531897 -0.354331,
        0.478649 -0.531897 -0.358268,
        0.484252 -0.531496 -0.354331,
        0.484252 -0.531496 -0.358268,
        0.500000 -0.531496 -0.358268,
        0.500000 -0.531496 -0.354331,
        0.505603 -0.531897 -0.354331,
        0.505603 -0.531897 -0.358268,
        0.511092 -0.533091 -0.354331,
        0.511092 -0.533091 -0.358268,
        0.516355 -0.535054 -0.354331,
        0.516355 -0.535054 -0.358268,
        0.521285 -0.537746 -0.354331,
        0.521285 -0.537746 -0.358268,
        0.525782 -0.541112 -0.354331,
        0.525782 -0.541112 -0.358268,
        0.529754 -0.545084 -0.354331,
        0.529754 -0.545084 -0.358268,
        0.533120 -0.549581 -0.354331,
        0.533120 -0.549581 -0.358268,
        0.535812 -0.554511 -0.354331,
        0.535812 -0.554511 -0.358268,
        0.537775 -0.559774 -0.354331,
        0.537775 -0.559774 -0.358268,
        0.538969 -0.565263 -0.354331,
        0.538969 -0.565263 -0.358268,
        0.539370 -0.570866 -0.354331,
        0.539370 -0.570866 -0.358268,
        0.539370 -0.688976 -0.358268,
        0.539370 -0.688976 -0.354331,
        0.444882 -0.688976 -0.358268,
        0.444882 -0.688976 -0.354331,
        -0.629921 -0.303150 -0.358268,
        -0.629921 -0.303150 -0.354331,
        -0.630322 -0.308752 -0.354331,
        -0.630322 -0.308752 -0.358268,
        -0.631516 -0.314241 -0.354331,
        -0.631516 -0.314241 -0.358268,
        -0.633479 -0.319504 -0.354331,
        -0.633479 -0.319504 -0.358268,
        -0.636171 -0.324435 -0.354331,
        -0.636171 -0.324435 -0.358268,
        -0.639537 -0.328931 -0.354331,
        -0.639537 -0.328931 -0.358268,
        -0.643509 -0.332904 -0.354331,
        -0.643509 -0.332904 -0.358268,
        -0.648006 -0.336270 -0.354331,
        -0.648006 -0.336270 -0.358268,
        -0.652936 -0.338962 -0.354331,
        -0.652936 -0.338962 -0.358268,
        -0.658200 -0.340925 -0.354331,
        -0.658200 -0.340925 -0.358268,
        -0.663688 -0.342119 -0.354331,
        -0.663688 -0.342119 -0.358268,
        -0.669291 -0.342520 -0.354331,
        -0.669291 -0.342520 -0.358268,
        -0.787402 -0.342520 -0.358268,
        -0.787402 -0.342520 -0.354331,
        -0.787402 -0.248031 -0.358268,
        -0.787402 -0.248031 -0.354331,
        -0.669291 -0.248031 -0.358268,
        -0.669291 -0.248031 -0.354331,
        -0.663688 -0.248432 -0.354331,
        -0.663688 -0.248432 -0.358268,
        -0.658200 -0.249626 -0.354331,
        -0.658200 -0.249626 -0.358268,
        -0.652936 -0.251589 -0.354331,
        -0.652936 -0.251589 -0.358268,
        -0.648006 -0.254281 -0.354331,
        -0.648006 -0.254281 -0.358268,
        -0.643509 -0.257648 -0.354331,
        -0.643509 -0.257648 -0.358268,
        -0.639537 -0.261620 -0.354331,
        -0.639537 -0.261620 -0.358268,
        -0.636171 -0.266117 -0.354331,
        -0.636171 -0.266117 -0.358268,
        -0.633479 -0.271047 -0.354331,
        -0.633479 -0.271047 -0.358268,
        -0.631516 -0.276310 -0.354331,
        -0.631516 -0.276310 -0.358268,
        -0.630322 -0.281799 -0.354331,
        -0.630322 -0.281799 -0.358268,
        -0.629921 -0.287402 -0.354331,
        -0.629921 -0.287402 -0.358268,
        0.629921 -0.287402 -0.358268,
        0.629921 -0.287402 -0.354331,
        0.630322 -0.281799 -0.354331,
        0.630322 -0.281799 -0.358268,
        0.631516 -0.276310 -0.354331,
        0.631516 -0.276310 -0.358268,
        0.633479 -0.271047 -0.354331,
        0.633479 -0.271047 -0.358268,
        0.636171 -0.266117 -0.354331,
        0.636171 -0.266117 -0.358268,
        0.639537 -0.261620 -0.354331,
        0.639537 -0.261620 -0.358268,
        0.643509 -0.257648 -0.354331,
        0.643509 -0.257648 -0.358268,
        0.648006 -0.254281 -0.354331,
        0.648006 -0.254281 -0.358268,
        0.652936 -0.251589 -0.354331,
        0.652936 -0.251589 -0.358268,
        0.658200 -0.249626 -0.354331,
        0.658200 -0.249626 -0.358268,
        0.663688 -0.248432 -0.354331,
        0.663688 -0.248432 -0.358268,
        0.669291 -0.248031 -0.354331,
        0.669291 -0.248031 -0.358268,
        0.787402 -0.248031 -0.358268,
        0.787402 -0.248031 -0.354331,
        0.787402 -0.342520 -0.358268,
        0.787402 -0.342520 -0.354331,
        0.669291 -0.342520 -0.358268,
        0.669291 -0.342520 -0.354331,
        0.663688 -0.342119 -0.354331,
        0.663688 -0.342119 -0.358268,
        0.658200 -0.340925 -0.354331,
        0.658200 -0.340925 -0.358268,
        0.652936 -0.338962 -0.354331,
        0.652936 -0.338962 -0.358268,
        0.648006 -0.336270 -0.354331,
        0.648006 -0.336270 -0.358268,
        0.643509 -0.332904 -0.354331,
        0.643509 -0.332904 -0.358268,
        0.639537 -0.328931 -0.354331,
        0.639537 -0.328931 -0.358268,
        0.636171 -0.324435 -0.354331,
        0.636171 -0.324435 -0.358268,
        0.633479 -0.319504 -0.354331,
        0.633479 -0.319504 -0.358268,
        0.631516 -0.314241 -0.354331,
        0.631516 -0.314241 -0.358268,
        0.630322 -0.308752 -0.354331,
        0.630322 -0.308752 -0.358268,
        0.629921 -0.303150 -0.354331,
        0.629921 -0.303150 -0.358268,
        0.629921 0.303150 -0.358268,
        0.629921 0.303150 -0.354331,
        0.630322 0.308752 -0.354331,
        0.630322 0.308752 -0.358268,
        0.631516 0.314241 -0.354331,
        0.631516 0.314241 -0.358268,
        0.633479 0.319504 -0.354331,
        0.633479 0.319504 -0.358268,
        0.636171 0.324435 -0.354331,
        0.636171 0.324435 -0.358268,
        0.639537 0.328931 -0.354331,
        0.639537 0.328931 -0.358268,
        0.643509 0.332904 -0.354331,
        0.643509 0.332904 -0.358268,
        0.648006 0.336270 -0.354331,
        0.648006 0.336270 -0.358268,
        0.652936 0.338962 -0.354331,
        0.652936 0.338962 -0.358268,
        0.658200 0.340925 -0.354331,
        0.658200 0.340925 -0.358268,
        0.663688 0.342119 -0.354331,
        0.663688 0.342119 -0.358268,
        0.669291 0.342520 -0.354331,
        0.669291 0.342520 -0.358268,
        0.787402 0.342520 -0.358268,
        0.787402 0.342520 -0.354331,
        0.787402 0.248031 -0.358268,
        0.787402 0.248031 -0.354331,
        0.669291 0.248031 -0.358268,
        0.669291 0.248031 -0.354331,
        0.663688 0.248432 -0.354331,
        0.663688 0.248432 -0.358268,
        0.658200 0.249626 -0.354331,
        0.658200 0.249626 -0.358268,
        0.652936 0.251589 -0.354331,
        0.652936 0.251589 -0.358268,
        0.648006 0.254281 -0.354331,
        0.648006 0.254281 -0.358268,
        0.643509 0.257648 -0.354331,
        0.643509 0.257648 -0.358268,
        0.639537 0.261620 -0.354331,
        0.639537 0.261620 -0.358268,
        0.636171 0.266117 -0.354331,
        0.636171 0.266117 -0.358268,
        0.633479 0.271047 -0.354331,
        0.633479 0.271047 -0.358268,
        0.631516 0.276310 -0.354331,
        0.631516 0.276310 -0.358268,
        0.630322 0.281799 -0.354331,
        0.630322 0.281799 -0.358268,
        0.629921 0.287402 -0.354331,
        0.629921 0.287402 -0.358268,
        0.501969 -0.403543 -0.358268,
        0.501969 0.403543 -0.358268,
        0.501969 -0.403543 -0.354331,
        0.501969 0.403543 -0.354331,
        -0.501969 -0.403543 -0.358268,
        -0.501969 -0.403543 -0.354331,
        -0.501969 0.403543 -0.358268,
        -0.501969 0.403543 -0.354331,
      ]
    }
    coordIndex [
      0, 1, 2, -1,
      2, 1, 3, -1,
      4, 0, 5, -1,
      5, 0, 2, -1,
      6, 4, 7, -1,
      7, 4, 5, -1,
      6, 7, 8, -1,
      6, 8, 9, -1,
      9, 8, 10, -1,
      9, 10, 11, -1,
      11, 10, 12, -1,
      11, 12, 13, -1,
      13, 12, 14, -1,
      13, 14, 15, -1,
      15, 14, 16, -1,
      15, 16, 17, -1,
      17, 16, 18, -1,
      17, 18, 19, -1,
      19, 18, 20, -1,
      19, 20, 21, -1,
      21, 20, 22, -1,
      21, 22, 23, -1,
      23, 22, 24, -1,
      23, 24, 25, -1,
      25, 24, 26, -1,
      25, 26, 27, -1,
      27, 26, 28, -1,
      27, 28, 29, -1,
      30, 29, 31, -1,
      31, 29, 28, -1,
      30, 31, 32, -1,
      30, 32, 33, -1,
      33, 32, 34, -1,
      33, 34, 35, -1,
      35, 34, 36, -1,
      35, 36, 37, -1,
      37, 36, 38, -1,
      37, 38, 39, -1,
      39, 38, 40, -1,
      39, 40, 41, -1,
      41, 40, 42, -1,
      41, 42, 43, -1,
      43, 42, 44, -1,
      43, 44, 45, -1,
      45, 44, 46, -1,
      45, 46, 47, -1,
      47, 46, 48, -1,
      47, 48, 49, -1,
      49, 48, 50, -1,
      49, 50, 51, -1,
      51, 50, 3, -1,
      51, 3, 1, -1,
      27, 29, 17, -1,
      29, 30, 1, -1,
      0, 4, 1, -1,
      1, 4, 6, -1,
      1, 6, 29, -1,
      29, 6, 9, -1,
      29, 9, 11, -1,
      17, 19, 21, -1,
      11, 13, 29, -1,
      29, 13, 15, -1,
      29, 15, 17, -1,
      21, 23, 17, -1,
      17, 23, 25, -1,
      17, 25, 27, -1,
      30, 33, 1, -1,
      1, 33, 35, -1,
      1, 35, 51, -1,
      51, 35, 49, -1,
      43, 45, 41, -1,
      41, 45, 39, -1,
      35, 37, 49, -1,
      49, 37, 39, -1,
      49, 39, 47, -1,
      47, 39, 45, -1,
      28, 5, 31, -1,
      31, 5, 2, -1,
      31, 2, 3, -1,
      3, 50, 31, -1,
      31, 50, 48, -1,
      31, 48, 32, -1,
      32, 48, 34, -1,
      26, 24, 16, -1,
      12, 10, 28, -1,
      10, 8, 28, -1,
      28, 8, 7, -1,
      28, 7, 5, -1,
      40, 38, 42, -1,
      42, 38, 44, -1,
      48, 46, 34, -1,
      34, 46, 44, -1,
      34, 44, 36, -1,
      36, 44, 38, -1,
      24, 22, 16, -1,
      16, 22, 20, -1,
      16, 20, 18, -1,
      26, 16, 28, -1,
      28, 16, 14, -1,
      28, 14, 12, -1,
      52, 53, 54, -1,
      52, 54, 55, -1,
      55, 54, 56, -1,
      55, 56, 57, -1,
      57, 56, 58, -1,
      57, 58, 59, -1,
      59, 58, 60, -1,
      59, 60, 61, -1,
      61, 60, 62, -1,
      61, 62, 63, -1,
      63, 62, 64, -1,
      63, 64, 65, -1,
      65, 64, 66, -1,
      65, 66, 67, -1,
      67, 66, 68, -1,
      67, 68, 69, -1,
      69, 68, 70, -1,
      69, 70, 71, -1,
      71, 70, 72, -1,
      71, 72, 73, -1,
      73, 72, 74, -1,
      73, 74, 75, -1,
      76, 75, 77, -1,
      77, 75, 74, -1,
      76, 77, 78, -1,
      76, 78, 79, -1,
      79, 78, 80, -1,
      79, 80, 81, -1,
      81, 80, 82, -1,
      81, 82, 83, -1,
      83, 82, 84, -1,
      83, 84, 85, -1,
      85, 84, 86, -1,
      85, 86, 87, -1,
      87, 86, 88, -1,
      87, 88, 89, -1,
      89, 88, 90, -1,
      89, 90, 91, -1,
      91, 90, 92, -1,
      91, 92, 93, -1,
      93, 92, 94, -1,
      93, 94, 95, -1,
      95, 94, 96, -1,
      95, 96, 97, -1,
      97, 96, 98, -1,
      97, 98, 99, -1,
      100, 99, 101, -1,
      101, 99, 98, -1,
      102, 100, 103, -1,
      103, 100, 101, -1,
      52, 102, 53, -1,
      53, 102, 103, -1,
      73, 75, 63, -1,
      97, 99, 87, -1,
      102, 52, 75, -1,
      75, 52, 55, -1,
      75, 55, 57, -1,
      63, 65, 67, -1,
      57, 59, 75, -1,
      75, 59, 61, -1,
      75, 61, 63, -1,
      67, 69, 63, -1,
      63, 69, 71, -1,
      63, 71, 73, -1,
      102, 75, 100, -1,
      100, 75, 76, -1,
      100, 76, 99, -1,
      99, 76, 79, -1,
      99, 79, 81, -1,
      87, 89, 91, -1,
      81, 83, 99, -1,
      99, 83, 85, -1,
      99, 85, 87, -1,
      91, 93, 87, -1,
      87, 93, 95, -1,
      87, 95, 97, -1,
      77, 74, 103, -1,
      96, 94, 86, -1,
      82, 80, 98, -1,
      103, 101, 77, -1,
      77, 101, 98, -1,
      77, 98, 78, -1,
      78, 98, 80, -1,
      72, 70, 62, -1,
      58, 56, 74, -1,
      94, 92, 86, -1,
      86, 92, 90, -1,
      86, 90, 88, -1,
      96, 86, 98, -1,
      98, 86, 84, -1,
      98, 84, 82, -1,
      56, 54, 74, -1,
      74, 54, 53, -1,
      74, 53, 103, -1,
      70, 68, 62, -1,
      62, 68, 66, -1,
      62, 66, 64, -1,
      72, 62, 74, -1,
      74, 62, 60, -1,
      74, 60, 58, -1,
      104, 105, 106, -1,
      106, 105, 107, -1,
      108, 104, 109, -1,
      109, 104, 106, -1,
      108, 109, 110, -1,
      108, 110, 111, -1,
      111, 110, 112, -1,
      111, 112, 113, -1,
      113, 112, 114, -1,
      113, 114, 115, -1,
      115, 114, 116, -1,
      115, 116, 117, -1,
      117, 116, 118, -1,
      117, 118, 119, -1,
      119, 118, 120, -1,
      119, 120, 121, -1,
      121, 120, 122, -1,
      121, 122, 123, -1,
      123, 122, 124, -1,
      123, 124, 125, -1,
      125, 124, 126, -1,
      125, 126, 127, -1,
      127, 126, 128, -1,
      127, 128, 129, -1,
      129, 128, 130, -1,
      129, 130, 131, -1,
      132, 131, 133, -1,
      133, 131, 130, -1,
      132, 133, 134, -1,
      132, 134, 135, -1,
      135, 134, 136, -1,
      135, 136, 137, -1,
      137, 136, 138, -1,
      137, 138, 139, -1,
      139, 138, 140, -1,
      139, 140, 141, -1,
      141, 140, 142, -1,
      141, 142, 143, -1,
      143, 142, 144, -1,
      143, 144, 145, -1,
      145, 144, 146, -1,
      145, 146, 147, -1,
      147, 146, 148, -1,
      147, 148, 149, -1,
      149, 148, 150, -1,
      149, 150, 151, -1,
      151, 150, 152, -1,
      151, 152, 153, -1,
      153, 152, 154, -1,
      153, 154, 155, -1,
      105, 155, 107, -1,
      107, 155, 154, -1,
      131, 132, 155, -1,
      125, 127, 115, -1,
      129, 131, 108, -1,
      108, 131, 155, -1,
      108, 155, 104, -1,
      104, 155, 105, -1,
      115, 127, 113, -1,
      132, 135, 155, -1,
      155, 135, 137, -1,
      155, 137, 139, -1,
      139, 141, 155, -1,
      155, 141, 143, -1,
      155, 143, 145, -1,
      145, 147, 155, -1,
      155, 147, 149, -1,
      155, 149, 153, -1,
      153, 149, 151, -1,
      129, 108, 127, -1,
      127, 108, 111, -1,
      127, 111, 113, -1,
      115, 117, 119, -1,
      119, 121, 115, -1,
      115, 121, 123, -1,
      115, 123, 125, -1,
      134, 133, 154, -1,
      154, 133, 107, -1,
      107, 133, 106, -1,
      106, 133, 130, -1,
      106, 130, 109, -1,
      146, 154, 148, -1,
      148, 154, 152, -1,
      148, 152, 150, -1,
      146, 144, 154, -1,
      154, 144, 142, -1,
      154, 142, 140, -1,
      140, 138, 154, -1,
      154, 138, 136, -1,
      154, 136, 134, -1,
      112, 126, 114, -1,
      114, 126, 124, -1,
      114, 124, 122, -1,
      130, 128, 109, -1,
      109, 128, 126, -1,
      109, 126, 110, -1,
      110, 126, 112, -1,
      122, 120, 114, -1,
      114, 120, 118, -1,
      114, 118, 116, -1,
      156, 157, 158, -1,
      158, 157, 159, -1,
      160, 156, 161, -1,
      161, 156, 158, -1,
      160, 161, 162, -1,
      160, 162, 163, -1,
      163, 162, 164, -1,
      163, 164, 165, -1,
      165, 164, 166, -1,
      165, 166, 167, -1,
      167, 166, 168, -1,
      167, 168, 169, -1,
      169, 168, 170, -1,
      169, 170, 171, -1,
      171, 170, 172, -1,
      171, 172, 173, -1,
      173, 172, 174, -1,
      173, 174, 175, -1,
      175, 174, 176, -1,
      175, 176, 177, -1,
      177, 176, 178, -1,
      177, 178, 179, -1,
      179, 178, 180, -1,
      179, 180, 181, -1,
      181, 180, 182, -1,
      181, 182, 183, -1,
      184, 183, 185, -1,
      185, 183, 182, -1,
      184, 185, 186, -1,
      184, 186, 187, -1,
      187, 186, 188, -1,
      187, 188, 189, -1,
      189, 188, 190, -1,
      189, 190, 191, -1,
      191, 190, 192, -1,
      191, 192, 193, -1,
      193, 192, 194, -1,
      193, 194, 195, -1,
      195, 194, 196, -1,
      195, 196, 197, -1,
      197, 196, 198, -1,
      197, 198, 199, -1,
      199, 198, 200, -1,
      199, 200, 201, -1,
      201, 200, 202, -1,
      201, 202, 203, -1,
      203, 202, 204, -1,
      203, 204, 205, -1,
      205, 204, 206, -1,
      205, 206, 207, -1,
      157, 207, 159, -1,
      159, 207, 206, -1,
      157, 156, 207, -1,
      207, 156, 160, -1,
      175, 177, 160, -1,
      160, 177, 179, -1,
      189, 191, 207, -1,
      189, 207, 187, -1,
      163, 165, 171, -1,
      171, 165, 167, -1,
      171, 167, 169, -1,
      163, 171, 160, -1,
      160, 171, 173, -1,
      160, 173, 175, -1,
      179, 181, 160, -1,
      160, 181, 183, -1,
      160, 183, 207, -1,
      207, 183, 184, -1,
      207, 184, 187, -1,
      191, 193, 207, -1,
      207, 193, 195, -1,
      207, 195, 205, -1,
      199, 201, 203, -1,
      205, 195, 203, -1,
      203, 195, 197, -1,
      203, 197, 199, -1,
      190, 206, 192, -1,
      192, 206, 194, -1,
      190, 188, 206, -1,
      206, 188, 186, -1,
      206, 186, 185, -1,
      202, 200, 198, -1,
      180, 161, 182, -1,
      182, 161, 158, -1,
      182, 158, 185, -1,
      185, 158, 159, -1,
      185, 159, 206, -1,
      206, 204, 194, -1,
      194, 204, 202, -1,
      194, 202, 196, -1,
      196, 202, 198, -1,
      180, 178, 161, -1,
      161, 178, 176, -1,
      161, 176, 174, -1,
      164, 170, 166, -1,
      166, 170, 168, -1,
      174, 172, 161, -1,
      161, 172, 170, -1,
      161, 170, 162, -1,
      162, 170, 164, -1,
      208, 209, 210, -1,
      208, 210, 211, -1,
      211, 210, 212, -1,
      211, 212, 213, -1,
      213, 212, 214, -1,
      213, 214, 215, -1,
      215, 214, 216, -1,
      215, 216, 217, -1,
      217, 216, 218, -1,
      217, 218, 219, -1,
      219, 218, 220, -1,
      219, 220, 221, -1,
      221, 220, 222, -1,
      221, 222, 223, -1,
      223, 222, 224, -1,
      223, 224, 225, -1,
      225, 224, 226, -1,
      225, 226, 227, -1,
      227, 226, 228, -1,
      227, 228, 229, -1,
      229, 228, 230, -1,
      229, 230, 231, -1,
      232, 231, 233, -1,
      233, 231, 230, -1,
      232, 233, 234, -1,
      232, 234, 235, -1,
      235, 234, 236, -1,
      235, 236, 237, -1,
      237, 236, 238, -1,
      237, 238, 239, -1,
      239, 238, 240, -1,
      239, 240, 241, -1,
      241, 240, 242, -1,
      241, 242, 243, -1,
      243, 242, 244, -1,
      243, 244, 245, -1,
      245, 244, 246, -1,
      245, 246, 247, -1,
      247, 246, 248, -1,
      247, 248, 249, -1,
      249, 248, 250, -1,
      249, 250, 251, -1,
      251, 250, 252, -1,
      251, 252, 253, -1,
      253, 252, 254, -1,
      253, 254, 255, -1,
      256, 255, 257, -1,
      257, 255, 254, -1,
      258, 256, 259, -1,
      259, 256, 257, -1,
      208, 258, 209, -1,
      209, 258, 259, -1,
      231, 232, 256, -1,
      253, 255, 243, -1,
      256, 232, 255, -1,
      255, 232, 235, -1,
      255, 235, 237, -1,
      256, 258, 231, -1,
      231, 258, 208, -1,
      231, 208, 229, -1,
      229, 208, 227, -1,
      245, 247, 249, -1,
      237, 239, 255, -1,
      255, 239, 241, -1,
      255, 241, 243, -1,
      215, 217, 219, -1,
      245, 249, 243, -1,
      243, 249, 251, -1,
      243, 251, 253, -1,
      211, 223, 208, -1,
      208, 223, 225, -1,
      208, 225, 227, -1,
      211, 213, 223, -1,
      223, 213, 215, -1,
      223, 215, 221, -1,
      221, 215, 219, -1,
      234, 233, 254, -1,
      254, 233, 257, -1,
      257, 233, 259, -1,
      259, 233, 230, -1,
      259, 230, 209, -1,
      209, 230, 228, -1,
      209, 228, 226, -1,
      240, 254, 242, -1,
      242, 254, 252, -1,
      240, 238, 254, -1,
      254, 238, 236, -1,
      254, 236, 234, -1,
      246, 244, 248, -1,
      248, 244, 242, -1,
      248, 242, 250, -1,
      250, 242, 252, -1,
      222, 214, 212, -1,
      222, 220, 214, -1,
      214, 220, 218, -1,
      214, 218, 216, -1,
      226, 224, 209, -1,
      209, 224, 222, -1,
      209, 222, 210, -1,
      210, 222, 212, -1,
      260, 261, 262, -1,
      262, 261, 263, -1,
      264, 260, 265, -1,
      265, 260, 262, -1,
      264, 265, 266, -1,
      264, 266, 267, -1,
      267, 266, 268, -1,
      267, 268, 269, -1,
      269, 268, 270, -1,
      269, 270, 271, -1,
      271, 270, 272, -1,
      271, 272, 273, -1,
      273, 272, 274, -1,
      273, 274, 275, -1,
      275, 274, 276, -1,
      275, 276, 277, -1,
      277, 276, 278, -1,
      277, 278, 279, -1,
      279, 278, 280, -1,
      279, 280, 281, -1,
      281, 280, 282, -1,
      281, 282, 283, -1,
      283, 282, 284, -1,
      283, 284, 285, -1,
      285, 284, 286, -1,
      285, 286, 287, -1,
      288, 287, 289, -1,
      289, 287, 286, -1,
      288, 289, 290, -1,
      288, 290, 291, -1,
      291, 290, 292, -1,
      291, 292, 293, -1,
      293, 292, 294, -1,
      293, 294, 295, -1,
      295, 294, 296, -1,
      295, 296, 297, -1,
      297, 296, 298, -1,
      297, 298, 299, -1,
      299, 298, 300, -1,
      299, 300, 301, -1,
      301, 300, 302, -1,
      301, 302, 303, -1,
      303, 302, 304, -1,
      303, 304, 305, -1,
      305, 304, 306, -1,
      305, 306, 307, -1,
      307, 306, 308, -1,
      307, 308, 309, -1,
      309, 308, 310, -1,
      309, 310, 311, -1,
      261, 311, 263, -1,
      263, 311, 310, -1,
      260, 264, 288, -1,
      281, 283, 264, -1,
      291, 311, 288, -1,
      288, 311, 261, -1,
      288, 261, 260, -1,
      283, 285, 264, -1,
      264, 285, 287, -1,
      264, 287, 288, -1,
      291, 293, 311, -1,
      311, 293, 295, -1,
      311, 295, 297, -1,
      269, 271, 279, -1,
      299, 301, 297, -1,
      297, 301, 303, -1,
      297, 303, 305, -1,
      281, 264, 279, -1,
      279, 264, 267, -1,
      279, 267, 269, -1,
      271, 273, 279, -1,
      279, 273, 275, -1,
      279, 275, 277, -1,
      305, 307, 297, -1,
      297, 307, 309, -1,
      297, 309, 311, -1,
      294, 292, 310, -1,
      310, 292, 290, -1,
      310, 290, 289, -1,
      284, 265, 286, -1,
      286, 265, 262, -1,
      286, 262, 289, -1,
      289, 262, 263, -1,
      289, 263, 310, -1,
      284, 282, 265, -1,
      265, 282, 280, -1,
      265, 280, 278, -1,
      306, 304, 296, -1,
      304, 302, 296, -1,
      296, 302, 300, -1,
      296, 300, 298, -1,
      294, 310, 296, -1,
      296, 310, 308, -1,
      296, 308, 306, -1,
      276, 274, 278, -1,
      278, 274, 272, -1,
      278, 272, 270, -1,
      270, 268, 278, -1,
      278, 268, 266, -1,
      278, 266, 265, -1,
      312, 313, 314, -1,
      312, 314, 315, -1,
      315, 314, 316, -1,
      315, 316, 317, -1,
      317, 316, 318, -1,
      317, 318, 319, -1,
      319, 318, 320, -1,
      319, 320, 321, -1,
      321, 320, 322, -1,
      321, 322, 323, -1,
      323, 322, 324, -1,
      323, 324, 325, -1,
      325, 324, 326, -1,
      325, 326, 327, -1,
      327, 326, 328, -1,
      327, 328, 329, -1,
      329, 328, 330, -1,
      329, 330, 331, -1,
      331, 330, 332, -1,
      331, 332, 333, -1,
      333, 332, 334, -1,
      333, 334, 335, -1,
      336, 335, 337, -1,
      337, 335, 334, -1,
      336, 337, 338, -1,
      336, 338, 339, -1,
      339, 338, 340, -1,
      339, 340, 341, -1,
      341, 340, 342, -1,
      341, 342, 343, -1,
      343, 342, 344, -1,
      343, 344, 345, -1,
      345, 344, 346, -1,
      345, 346, 347, -1,
      347, 346, 348, -1,
      347, 348, 349, -1,
      349, 348, 350, -1,
      349, 350, 351, -1,
      351, 350, 352, -1,
      351, 352, 353, -1,
      353, 352, 354, -1,
      353, 354, 355, -1,
      355, 354, 356, -1,
      355, 356, 357, -1,
      357, 356, 358, -1,
      357, 358, 359, -1,
      360, 359, 361, -1,
      361, 359, 358, -1,
      362, 360, 363, -1,
      363, 360, 361, -1,
      312, 362, 313, -1,
      313, 362, 363, -1,
      331, 333, 312, -1,
      312, 333, 335, -1,
      312, 335, 362, -1,
      362, 335, 360, -1,
      360, 335, 336, -1,
      360, 336, 359, -1,
      359, 336, 339, -1,
      359, 339, 341, -1,
      315, 327, 312, -1,
      312, 327, 329, -1,
      312, 329, 331, -1,
      319, 321, 323, -1,
      315, 317, 327, -1,
      327, 317, 319, -1,
      327, 319, 325, -1,
      325, 319, 323, -1,
      341, 343, 359, -1,
      359, 343, 345, -1,
      359, 345, 357, -1,
      357, 345, 347, -1,
      347, 349, 357, -1,
      357, 349, 351, -1,
      357, 351, 355, -1,
      355, 351, 353, -1,
      340, 338, 358, -1,
      358, 338, 337, -1,
      358, 337, 361, -1,
      361, 337, 363, -1,
      363, 337, 334, -1,
      363, 334, 313, -1,
      313, 334, 332, -1,
      313, 332, 330, -1,
      330, 328, 313, -1,
      313, 328, 326, -1,
      313, 326, 314, -1,
      322, 320, 318, -1,
      348, 346, 356, -1,
      356, 346, 344, -1,
      356, 344, 358, -1,
      358, 344, 342, -1,
      358, 342, 340, -1,
      322, 318, 324, -1,
      348, 356, 350, -1,
      350, 356, 354, -1,
      350, 354, 352, -1,
      324, 318, 326, -1,
      326, 318, 316, -1,
      326, 316, 314, -1,
      364, 365, 366, -1,
      366, 365, 367, -1,
      368, 364, 369, -1,
      369, 364, 366, -1,
      368, 369, 370, -1,
      368, 370, 371, -1,
      371, 370, 372, -1,
      371, 372, 373, -1,
      373, 372, 374, -1,
      373, 374, 375, -1,
      375, 374, 376, -1,
      375, 376, 377, -1,
      377, 376, 378, -1,
      377, 378, 379, -1,
      379, 378, 380, -1,
      379, 380, 381, -1,
      381, 380, 382, -1,
      381, 382, 383, -1,
      383, 382, 384, -1,
      383, 384, 385, -1,
      385, 384, 386, -1,
      385, 386, 387, -1,
      387, 386, 388, -1,
      387, 388, 389, -1,
      389, 388, 390, -1,
      389, 390, 391, -1,
      392, 391, 393, -1,
      393, 391, 390, -1,
      392, 393, 394, -1,
      392, 394, 395, -1,
      395, 394, 396, -1,
      395, 396, 397, -1,
      397, 396, 398, -1,
      397, 398, 399, -1,
      399, 398, 400, -1,
      399, 400, 401, -1,
      401, 400, 402, -1,
      401, 402, 403, -1,
      403, 402, 404, -1,
      403, 404, 405, -1,
      405, 404, 406, -1,
      405, 406, 407, -1,
      407, 406, 408, -1,
      407, 408, 409, -1,
      409, 408, 410, -1,
      409, 410, 411, -1,
      411, 410, 412, -1,
      411, 412, 413, -1,
      413, 412, 414, -1,
      413, 414, 415, -1,
      365, 415, 367, -1,
      367, 415, 414, -1,
      364, 368, 392, -1,
      385, 387, 368, -1,
      395, 415, 392, -1,
      392, 415, 365, -1,
      392, 365, 364, -1,
      387, 389, 368, -1,
      368, 389, 391, -1,
      368, 391, 392, -1,
      395, 397, 415, -1,
      415, 397, 399, -1,
      415, 399, 401, -1,
      373, 375, 383, -1,
      403, 405, 401, -1,
      401, 405, 407, -1,
      401, 407, 409, -1,
      385, 368, 383, -1,
      383, 368, 371, -1,
      383, 371, 373, -1,
      375, 377, 383, -1,
      383, 377, 379, -1,
      383, 379, 381, -1,
      409, 411, 401, -1,
      401, 411, 413, -1,
      401, 413, 415, -1,
      398, 396, 414, -1,
      414, 396, 394, -1,
      414, 394, 393, -1,
      388, 369, 390, -1,
      390, 369, 366, -1,
      390, 366, 393, -1,
      393, 366, 367, -1,
      393, 367, 414, -1,
      388, 386, 369, -1,
      369, 386, 384, -1,
      369, 384, 382, -1,
      410, 408, 400, -1,
      408, 406, 400, -1,
      400, 406, 404, -1,
      400, 404, 402, -1,
      398, 414, 400, -1,
      400, 414, 412, -1,
      400, 412, 410, -1,
      380, 378, 382, -1,
      382, 378, 376, -1,
      382, 376, 374, -1,
      374, 372, 382, -1,
      382, 372, 370, -1,
      382, 370, 369, -1,
      416, 417, 418, -1,
      416, 418, 419, -1,
      419, 418, 420, -1,
      419, 420, 421, -1,
      421, 420, 422, -1,
      421, 422, 423, -1,
      423, 422, 424, -1,
      423, 424, 425, -1,
      425, 424, 426, -1,
      425, 426, 427, -1,
      427, 426, 428, -1,
      427, 428, 429, -1,
      429, 428, 430, -1,
      429, 430, 431, -1,
      431, 430, 432, -1,
      431, 432, 433, -1,
      433, 432, 434, -1,
      433, 434, 435, -1,
      435, 434, 436, -1,
      435, 436, 437, -1,
      437, 436, 438, -1,
      437, 438, 439, -1,
      440, 439, 441, -1,
      441, 439, 438, -1,
      440, 441, 442, -1,
      440, 442, 443, -1,
      443, 442, 444, -1,
      443, 444, 445, -1,
      445, 444, 446, -1,
      445, 446, 447, -1,
      447, 446, 448, -1,
      447, 448, 449, -1,
      449, 448, 450, -1,
      449, 450, 451, -1,
      451, 450, 452, -1,
      451, 452, 453, -1,
      453, 452, 454, -1,
      453, 454, 455, -1,
      455, 454, 456, -1,
      455, 456, 457, -1,
      457, 456, 458, -1,
      457, 458, 459, -1,
      459, 458, 460, -1,
      459, 460, 461, -1,
      461, 460, 462, -1,
      461, 462, 463, -1,
      464, 463, 465, -1,
      465, 463, 462, -1,
      466, 464, 467, -1,
      467, 464, 465, -1,
      416, 466, 417, -1,
      417, 466, 467, -1,
      437, 439, 416, -1,
      416, 439, 466, -1,
      433, 435, 423, -1,
      466, 439, 464, -1,
      464, 439, 440, -1,
      464, 440, 463, -1,
      463, 440, 443, -1,
      463, 443, 445, -1,
      423, 435, 421, -1,
      445, 447, 463, -1,
      463, 447, 449, -1,
      463, 449, 461, -1,
      437, 416, 435, -1,
      435, 416, 419, -1,
      435, 419, 421, -1,
      423, 425, 427, -1,
      453, 455, 457, -1,
      427, 429, 423, -1,
      423, 429, 431, -1,
      423, 431, 433, -1,
      449, 451, 461, -1,
      461, 451, 453, -1,
      461, 453, 459, -1,
      459, 453, 457, -1,
      450, 448, 460, -1,
      444, 442, 462, -1,
      462, 442, 441, -1,
      462, 441, 465, -1,
      460, 448, 462, -1,
      462, 448, 446, -1,
      462, 446, 444, -1,
      465, 441, 467, -1,
      467, 441, 438, -1,
      467, 438, 417, -1,
      417, 438, 436, -1,
      417, 436, 434, -1,
      456, 454, 452, -1,
      434, 432, 417, -1,
      417, 432, 430, -1,
      417, 430, 418, -1,
      426, 424, 422, -1,
      426, 422, 428, -1,
      450, 460, 452, -1,
      452, 460, 458, -1,
      452, 458, 456, -1,
      428, 422, 430, -1,
      430, 422, 420, -1,
      430, 420, 418, -1,
      468, 469, 470, -1,
      470, 469, 471, -1,
      472, 468, 473, -1,
      473, 468, 470, -1,
      472, 473, 474, -1,
      472, 474, 475, -1,
      475, 474, 476, -1,
      475, 476, 477, -1,
      477, 476, 478, -1,
      477, 478, 479, -1,
      479, 478, 480, -1,
      479, 480, 481, -1,
      481, 480, 482, -1,
      481, 482, 483, -1,
      483, 482, 484, -1,
      483, 484, 485, -1,
      485, 484, 486, -1,
      485, 486, 487, -1,
      487, 486, 488, -1,
      487, 488, 489, -1,
      489, 488, 490, -1,
      489, 490, 491, -1,
      491, 490, 492, -1,
      491, 492, 493, -1,
      493, 492, 494, -1,
      493, 494, 495, -1,
      496, 495, 497, -1,
      497, 495, 494, -1,
      496, 497, 498, -1,
      496, 498, 499, -1,
      499, 498, 500, -1,
      499, 500, 501, -1,
      501, 500, 502, -1,
      501, 502, 503, -1,
      503, 502, 504, -1,
      503, 504, 505, -1,
      505, 504, 506, -1,
      505, 506, 507, -1,
      507, 506, 508, -1,
      507, 508, 509, -1,
      509, 508, 510, -1,
      509, 510, 511, -1,
      511, 510, 512, -1,
      511, 512, 513, -1,
      513, 512, 514, -1,
      513, 514, 515, -1,
      515, 514, 516, -1,
      515, 516, 517, -1,
      517, 516, 518, -1,
      517, 518, 519, -1,
      469, 519, 471, -1,
      471, 519, 518, -1,
      495, 496, 519, -1,
      489, 491, 479, -1,
      493, 495, 472, -1,
      472, 495, 519, -1,
      472, 519, 468, -1,
      468, 519, 469, -1,
      479, 491, 477, -1,
      496, 499, 519, -1,
      519, 499, 501, -1,
      519, 501, 503, -1,
      503, 505, 519, -1,
      519, 505, 507, -1,
      519, 507, 509, -1,
      509, 511, 519, -1,
      519, 511, 513, -1,
      519, 513, 517, -1,
      517, 513, 515, -1,
      493, 472, 491, -1,
      491, 472, 475, -1,
      491, 475, 477, -1,
      479, 481, 483, -1,
      483, 485, 479, -1,
      479, 485, 487, -1,
      479, 487, 489, -1,
      498, 497, 518, -1,
      518, 497, 471, -1,
      471, 497, 470, -1,
      470, 497, 494, -1,
      470, 494, 473, -1,
      510, 518, 512, -1,
      512, 518, 516, -1,
      512, 516, 514, -1,
      510, 508, 518, -1,
      518, 508, 506, -1,
      518, 506, 504, -1,
      504, 502, 518, -1,
      518, 502, 500, -1,
      518, 500, 498, -1,
      476, 490, 478, -1,
      478, 490, 488, -1,
      478, 488, 486, -1,
      494, 492, 473, -1,
      473, 492, 490, -1,
      473, 490, 474, -1,
      474, 490, 476, -1,
      486, 484, 478, -1,
      478, 484, 482, -1,
      478, 482, 480, -1,
      520, 521, 522, -1,
      520, 522, 523, -1,
      523, 522, 524, -1,
      523, 524, 525, -1,
      525, 524, 526, -1,
      525, 526, 527, -1,
      527, 526, 528, -1,
      527, 528, 529, -1,
      529, 528, 530, -1,
      529, 530, 531, -1,
      531, 530, 532, -1,
      531, 532, 533, -1,
      533, 532, 534, -1,
      533, 534, 535, -1,
      535, 534, 536, -1,
      535, 536, 537, -1,
      537, 536, 538, -1,
      537, 538, 539, -1,
      539, 538, 540, -1,
      539, 540, 541, -1,
      541, 540, 542, -1,
      541, 542, 543, -1,
      544, 543, 545, -1,
      545, 543, 542, -1,
      544, 545, 546, -1,
      544, 546, 547, -1,
      547, 546, 548, -1,
      547, 548, 549, -1,
      549, 548, 550, -1,
      549, 550, 551, -1,
      551, 550, 552, -1,
      551, 552, 553, -1,
      553, 552, 554, -1,
      553, 554, 555, -1,
      555, 554, 556, -1,
      555, 556, 557, -1,
      557, 556, 558, -1,
      557, 558, 559, -1,
      559, 558, 560, -1,
      559, 560, 561, -1,
      561, 560, 562, -1,
      561, 562, 563, -1,
      563, 562, 564, -1,
      563, 564, 565, -1,
      565, 564, 566, -1,
      565, 566, 567, -1,
      568, 567, 569, -1,
      569, 567, 566, -1,
      570, 568, 571, -1,
      571, 568, 569, -1,
      520, 570, 521, -1,
      521, 570, 571, -1,
      543, 544, 568, -1,
      565, 567, 555, -1,
      568, 544, 567, -1,
      567, 544, 547, -1,
      567, 547, 549, -1,
      568, 570, 543, -1,
      543, 570, 520, -1,
      543, 520, 541, -1,
      541, 520, 539, -1,
      557, 559, 561, -1,
      549, 551, 567, -1,
      567, 551, 553, -1,
      567, 553, 555, -1,
      527, 529, 531, -1,
      557, 561, 555, -1,
      555, 561, 563, -1,
      555, 563, 565, -1,
      523, 535, 520, -1,
      520, 535, 537, -1,
      520, 537, 539, -1,
      523, 525, 535, -1,
      535, 525, 527, -1,
      535, 527, 533, -1,
      533, 527, 531, -1,
      546, 545, 566, -1,
      566, 545, 569, -1,
      569, 545, 571, -1,
      571, 545, 542, -1,
      571, 542, 521, -1,
      521, 542, 540, -1,
      521, 540, 538, -1,
      552, 566, 554, -1,
      554, 566, 564, -1,
      552, 550, 566, -1,
      566, 550, 548, -1,
      566, 548, 546, -1,
      558, 556, 560, -1,
      560, 556, 554, -1,
      560, 554, 562, -1,
      562, 554, 564, -1,
      534, 526, 524, -1,
      534, 532, 526, -1,
      526, 532, 530, -1,
      526, 530, 528, -1,
      538, 536, 521, -1,
      521, 536, 534, -1,
      521, 534, 522, -1,
      522, 534, 524, -1,
      572, 573, 574, -1,
      574, 573, 575, -1,
      576, 572, 577, -1,
      577, 572, 574, -1,
      576, 577, 578, -1,
      576, 578, 579, -1,
      579, 578, 580, -1,
      579, 580, 581, -1,
      581, 580, 582, -1,
      581, 582, 583, -1,
      583, 582, 584, -1,
      583, 584, 585, -1,
      585, 584, 586, -1,
      585, 586, 587, -1,
      587, 586, 588, -1,
      587, 588, 589, -1,
      589, 588, 590, -1,
      589, 590, 591, -1,
      591, 590, 592, -1,
      591, 592, 593, -1,
      593, 592, 594, -1,
      593, 594, 595, -1,
      595, 594, 596, -1,
      595, 596, 597, -1,
      597, 596, 598, -1,
      597, 598, 599, -1,
      600, 599, 601, -1,
      601, 599, 598, -1,
      600, 601, 602, -1,
      600, 602, 603, -1,
      603, 602, 604, -1,
      603, 604, 605, -1,
      605, 604, 606, -1,
      605, 606, 607, -1,
      607, 606, 608, -1,
      607, 608, 609, -1,
      609, 608, 610, -1,
      609, 610, 611, -1,
      611, 610, 612, -1,
      611, 612, 613, -1,
      613, 612, 614, -1,
      613, 614, 615, -1,
      615, 614, 616, -1,
      615, 616, 617, -1,
      617, 616, 618, -1,
      617, 618, 619, -1,
      619, 618, 620, -1,
      619, 620, 621, -1,
      621, 620, 622, -1,
      621, 622, 623, -1,
      573, 623, 575, -1,
      575, 623, 622, -1,
      597, 599, 587, -1,
      599, 600, 623, -1,
      573, 572, 623, -1,
      623, 572, 576, -1,
      623, 576, 599, -1,
      599, 576, 579, -1,
      599, 579, 581, -1,
      587, 589, 591, -1,
      581, 583, 599, -1,
      599, 583, 585, -1,
      599, 585, 587, -1,
      591, 593, 587, -1,
      587, 593, 595, -1,
      587, 595, 597, -1,
      600, 603, 623, -1,
      623, 603, 605, -1,
      623, 605, 621, -1,
      621, 605, 619, -1,
      613, 615, 611, -1,
      611, 615, 609, -1,
      605, 607, 619, -1,
      619, 607, 609, -1,
      619, 609, 617, -1,
      617, 609, 615, -1,
      598, 574, 601, -1,
      601, 574, 575, -1,
      601, 575, 622, -1,
      622, 620, 601, -1,
      601, 620, 618, -1,
      601, 618, 602, -1,
      602, 618, 604, -1,
      596, 594, 586, -1,
      582, 580, 598, -1,
      580, 578, 598, -1,
      598, 578, 577, -1,
      598, 577, 574, -1,
      610, 608, 612, -1,
      612, 608, 614, -1,
      618, 616, 604, -1,
      604, 616, 614, -1,
      604, 614, 606, -1,
      606, 614, 608, -1,
      594, 592, 586, -1,
      586, 592, 590, -1,
      586, 590, 588, -1,
      596, 586, 598, -1,
      598, 586, 584, -1,
      598, 584, 582, -1,
      624, 625, 626, -1,
      624, 626, 627, -1,
      627, 626, 628, -1,
      627, 628, 629, -1,
      629, 628, 630, -1,
      629, 630, 631, -1,
      631, 630, 632, -1,
      631, 632, 633, -1,
      633, 632, 634, -1,
      633, 634, 635, -1,
      635, 634, 636, -1,
      635, 636, 637, -1,
      637, 636, 638, -1,
      637, 638, 639, -1,
      639, 638, 640, -1,
      639, 640, 641, -1,
      641, 640, 642, -1,
      641, 642, 643, -1,
      643, 642, 644, -1,
      643, 644, 645, -1,
      645, 644, 646, -1,
      645, 646, 647, -1,
      648, 647, 649, -1,
      649, 647, 646, -1,
      648, 649, 650, -1,
      648, 650, 651, -1,
      651, 650, 652, -1,
      651, 652, 653, -1,
      653, 652, 654, -1,
      653, 654, 655, -1,
      655, 654, 656, -1,
      655, 656, 657, -1,
      657, 656, 658, -1,
      657, 658, 659, -1,
      659, 658, 660, -1,
      659, 660, 661, -1,
      661, 660, 662, -1,
      661, 662, 663, -1,
      663, 662, 664, -1,
      663, 664, 665, -1,
      665, 664, 666, -1,
      665, 666, 667, -1,
      667, 666, 668, -1,
      667, 668, 669, -1,
      669, 668, 670, -1,
      669, 670, 671, -1,
      672, 671, 673, -1,
      673, 671, 670, -1,
      674, 672, 675, -1,
      675, 672, 673, -1,
      624, 674, 625, -1,
      625, 674, 675, -1,
      645, 647, 635, -1,
      669, 671, 659, -1,
      674, 624, 647, -1,
      647, 624, 627, -1,
      647, 627, 629, -1,
      635, 637, 639, -1,
      629, 631, 647, -1,
      647, 631, 633, -1,
      647, 633, 635, -1,
      639, 641, 635, -1,
      635, 641, 643, -1,
      635, 643, 645, -1,
      674, 647, 672, -1,
      672, 647, 648, -1,
      672, 648, 671, -1,
      671, 648, 651, -1,
      671, 651, 653, -1,
      659, 661, 663, -1,
      653, 655, 671, -1,
      671, 655, 657, -1,
      671, 657, 659, -1,
      663, 665, 659, -1,
      659, 665, 667, -1,
      659, 667, 669, -1,
      649, 646, 675, -1,
      668, 666, 658, -1,
      654, 652, 670, -1,
      675, 673, 649, -1,
      649, 673, 670, -1,
      649, 670, 650, -1,
      650, 670, 652, -1,
      644, 642, 634, -1,
      630, 628, 646, -1,
      666, 664, 658, -1,
      658, 664, 662, -1,
      658, 662, 660, -1,
      668, 658, 670, -1,
      670, 658, 656, -1,
      670, 656, 654, -1,
      628, 626, 646, -1,
      646, 626, 625, -1,
      646, 625, 675, -1,
      642, 640, 634, -1,
      634, 640, 638, -1,
      634, 638, 636, -1,
      644, 634, 646, -1,
      646, 634, 632, -1,
      646, 632, 630, -1,
      676, 677, 678, -1,
      676, 678, 679, -1,
      679, 678, 680, -1,
      679, 680, 681, -1,
      681, 680, 682, -1,
      681, 682, 683, -1,
      683, 682, 684, -1,
      683, 684, 685, -1,
      685, 684, 686, -1,
      685, 686, 687, -1,
      687, 686, 688, -1,
      687, 688, 689, -1,
      689, 688, 690, -1,
      689, 690, 691, -1,
      691, 690, 692, -1,
      691, 692, 693, -1,
      693, 692, 694, -1,
      693, 694, 695, -1,
      695, 694, 696, -1,
      695, 696, 697, -1,
      697, 696, 698, -1,
      697, 698, 699, -1,
      700, 699, 701, -1,
      701, 699, 698, -1,
      702, 700, 703, -1,
      703, 700, 701, -1,
      704, 702, 705, -1,
      705, 702, 703, -1,
      704, 705, 706, -1,
      704, 706, 707, -1,
      707, 706, 708, -1,
      707, 708, 709, -1,
      709, 708, 710, -1,
      709, 710, 711, -1,
      711, 710, 712, -1,
      711, 712, 713, -1,
      713, 712, 714, -1,
      713, 714, 715, -1,
      715, 714, 716, -1,
      715, 716, 717, -1,
      717, 716, 718, -1,
      717, 718, 719, -1,
      719, 718, 720, -1,
      719, 720, 721, -1,
      721, 720, 722, -1,
      721, 722, 723, -1,
      723, 722, 724, -1,
      723, 724, 725, -1,
      725, 724, 726, -1,
      725, 726, 727, -1,
      676, 727, 677, -1,
      677, 727, 726, -1,
      704, 721, 723, -1,
      723, 725, 704, -1,
      704, 725, 727, -1,
      704, 727, 702, -1,
      717, 709, 715, -1,
      715, 709, 711, -1,
      715, 711, 713, -1,
      681, 683, 699, -1,
      699, 683, 685, -1,
      699, 685, 687, -1,
      691, 693, 695, -1,
      704, 707, 721, -1,
      721, 707, 709, -1,
      721, 709, 719, -1,
      719, 709, 717, -1,
      702, 727, 700, -1,
      700, 727, 676, -1,
      700, 676, 699, -1,
      699, 676, 679, -1,
      699, 679, 681, -1,
      687, 689, 699, -1,
      699, 689, 691, -1,
      699, 691, 697, -1,
      697, 691, 695, -1,
      688, 686, 698, -1,
      694, 692, 690, -1,
      722, 720, 705, -1,
      686, 684, 698, -1,
      698, 684, 682, -1,
      698, 682, 680, -1,
      688, 698, 690, -1,
      690, 698, 696, -1,
      690, 696, 694, -1,
      680, 678, 698, -1,
      698, 678, 677, -1,
      698, 677, 701, -1,
      701, 677, 703, -1,
      703, 677, 726, -1,
      703, 726, 705, -1,
      705, 726, 724, -1,
      705, 724, 722, -1,
      718, 708, 720, -1,
      720, 708, 706, -1,
      720, 706, 705, -1,
      718, 716, 708, -1,
      708, 716, 714, -1,
      708, 714, 710, -1,
      710, 714, 712, -1,
      728, 729, 730, -1,
      728, 730, 731, -1,
      731, 730, 732, -1,
      731, 732, 733, -1,
      733, 732, 734, -1,
      733, 734, 735, -1,
      735, 734, 736, -1,
      735, 736, 737, -1,
      737, 736, 738, -1,
      737, 738, 739, -1,
      739, 738, 740, -1,
      739, 740, 741, -1,
      741, 740, 742, -1,
      741, 742, 743, -1,
      743, 742, 744, -1,
      743, 744, 745, -1,
      745, 744, 746, -1,
      745, 746, 747, -1,
      747, 746, 748, -1,
      747, 748, 749, -1,
      749, 748, 750, -1,
      749, 750, 751, -1,
      752, 751, 753, -1,
      753, 751, 750, -1,
      754, 752, 755, -1,
      755, 752, 753, -1,
      756, 754, 757, -1,
      757, 754, 755, -1,
      756, 757, 758, -1,
      756, 758, 759, -1,
      759, 758, 760, -1,
      759, 760, 761, -1,
      761, 760, 762, -1,
      761, 762, 763, -1,
      763, 762, 764, -1,
      763, 764, 765, -1,
      765, 764, 766, -1,
      765, 766, 767, -1,
      767, 766, 768, -1,
      767, 768, 769, -1,
      769, 768, 770, -1,
      769, 770, 771, -1,
      771, 770, 772, -1,
      771, 772, 773, -1,
      773, 772, 774, -1,
      773, 774, 775, -1,
      775, 774, 776, -1,
      775, 776, 777, -1,
      777, 776, 778, -1,
      777, 778, 779, -1,
      728, 779, 729, -1,
      729, 779, 778, -1,
      752, 754, 751, -1,
      751, 754, 756, -1,
      771, 773, 756, -1,
      756, 773, 775, -1,
      731, 733, 751, -1,
      759, 761, 767, -1,
      767, 761, 763, -1,
      767, 763, 765, -1,
      759, 767, 756, -1,
      756, 767, 769, -1,
      756, 769, 771, -1,
      775, 777, 756, -1,
      756, 777, 779, -1,
      756, 779, 751, -1,
      751, 779, 728, -1,
      751, 728, 731, -1,
      733, 735, 751, -1,
      751, 735, 737, -1,
      751, 737, 739, -1,
      743, 745, 741, -1,
      741, 745, 747, -1,
      741, 747, 739, -1,
      739, 747, 749, -1,
      739, 749, 751, -1,
      734, 750, 736, -1,
      736, 750, 738, -1,
      734, 732, 750, -1,
      750, 732, 730, -1,
      750, 730, 729, -1,
      776, 757, 778, -1,
      778, 757, 755, -1,
      778, 755, 729, -1,
      729, 755, 753, -1,
      729, 753, 750, -1,
      750, 748, 738, -1,
      738, 748, 746, -1,
      738, 746, 740, -1,
      740, 746, 744, -1,
      740, 744, 742, -1,
      776, 774, 757, -1,
      757, 774, 772, -1,
      757, 772, 770, -1,
      760, 766, 762, -1,
      762, 766, 764, -1,
      770, 768, 757, -1,
      757, 768, 766, -1,
      757, 766, 758, -1,
      758, 766, 760, -1,
      780, 781, 782, -1,
      780, 782, 783, -1,
      783, 782, 784, -1,
      783, 784, 785, -1,
      785, 784, 786, -1,
      785, 786, 787, -1,
      787, 786, 788, -1,
      787, 788, 789, -1,
      789, 788, 790, -1,
      789, 790, 791, -1,
      791, 790, 792, -1,
      791, 792, 793, -1,
      793, 792, 794, -1,
      793, 794, 795, -1,
      795, 794, 796, -1,
      795, 796, 797, -1,
      797, 796, 798, -1,
      797, 798, 799, -1,
      799, 798, 800, -1,
      799, 800, 801, -1,
      801, 800, 802, -1,
      801, 802, 803, -1,
      804, 803, 805, -1,
      805, 803, 802, -1,
      806, 804, 807, -1,
      807, 804, 805, -1,
      808, 806, 809, -1,
      809, 806, 807, -1,
      808, 809, 810, -1,
      808, 810, 811, -1,
      811, 810, 812, -1,
      811, 812, 813, -1,
      813, 812, 814, -1,
      813, 814, 815, -1,
      815, 814, 816, -1,
      815, 816, 817, -1,
      817, 816, 818, -1,
      817, 818, 819, -1,
      819, 818, 820, -1,
      819, 820, 821, -1,
      821, 820, 822, -1,
      821, 822, 823, -1,
      823, 822, 824, -1,
      823, 824, 825, -1,
      825, 824, 826, -1,
      825, 826, 827, -1,
      827, 826, 828, -1,
      827, 828, 829, -1,
      829, 828, 830, -1,
      829, 830, 831, -1,
      780, 831, 781, -1,
      781, 831, 830, -1,
      808, 825, 827, -1,
      827, 829, 808, -1,
      808, 829, 831, -1,
      808, 831, 806, -1,
      821, 813, 819, -1,
      819, 813, 815, -1,
      819, 815, 817, -1,
      806, 831, 804, -1,
      804, 831, 780, -1,
      804, 780, 803, -1,
      803, 780, 783, -1,
      803, 783, 785, -1,
      785, 787, 803, -1,
      803, 787, 789, -1,
      803, 789, 791, -1,
      808, 811, 825, -1,
      825, 811, 813, -1,
      825, 813, 823, -1,
      823, 813, 821, -1,
      795, 797, 793, -1,
      793, 797, 799, -1,
      793, 799, 791, -1,
      791, 799, 801, -1,
      791, 801, 803, -1,
      826, 824, 809, -1,
      790, 788, 802, -1,
      802, 788, 786, -1,
      802, 786, 784, -1,
      784, 782, 802, -1,
      802, 782, 781, -1,
      802, 781, 805, -1,
      805, 781, 807, -1,
      807, 781, 830, -1,
      807, 830, 809, -1,
      809, 830, 828, -1,
      809, 828, 826, -1,
      802, 800, 790, -1,
      790, 800, 798, -1,
      790, 798, 792, -1,
      792, 798, 796, -1,
      792, 796, 794, -1,
      822, 812, 824, -1,
      824, 812, 810, -1,
      824, 810, 809, -1,
      822, 820, 812, -1,
      812, 820, 818, -1,
      812, 818, 814, -1,
      814, 818, 816, -1,
      832, 833, 834, -1,
      834, 833, 835, -1,
      836, 832, 837, -1,
      837, 832, 834, -1,
      838, 836, 839, -1,
      839, 836, 837, -1,
      833, 838, 835, -1,
      835, 838, 839, -1,
      836, 838, 832, -1,
      832, 838, 833, -1,
      839, 837, 835, -1,
      835, 837, 834, -1,
    ]
  }
}

Shape {
  appearance Appearance {
    material Material {
      diffuseColor 0.2510 0.2510 0.2510
      specularColor 0.1255 0.1255 0.1255
      ambientIntensity 0.2
      transparency 0.0000
      shininess 0.5
    }
  }
  geometry IndexedFaceSet {
    ccw TRUE
    solid FALSE
    coord DEF co Coordinate {
      point [
        -0.539370 0.688976 -0.354331,
        -0.539370 0.570866 -0.354331,
        -0.444882 0.688976 -0.354331,
        -0.444882 0.570866 -0.354331,
        -0.484252 0.531496 -0.354331,
        -0.500000 0.531496 -0.354331,
        -0.539370 -0.570866 -0.354331,
        -0.500000 -0.531496 -0.354331,
        -0.484252 -0.531496 -0.354331,
        -0.444882 -0.570866 -0.354331,
        -0.444882 -0.688976 -0.354331,
        -0.539370 -0.688976 -0.354331,
        -0.248031 0.688976 -0.354331,
        -0.342520 0.688976 -0.354331,
        -0.248031 0.570866 -0.354331,
        -0.287402 0.531496 -0.354331,
        -0.303150 0.531496 -0.354331,
        -0.342520 0.570866 -0.354331,
        -0.787402 0.342520 -0.354331,
        -0.787402 0.248031 -0.354331,
        -0.669291 0.342520 -0.354331,
        -0.629921 0.303150 -0.354331,
        -0.629921 0.287402 -0.354331,
        -0.669291 0.248031 -0.354331,
        -0.342520 -0.570866 -0.354331,
        -0.303150 -0.531496 -0.354331,
        -0.287402 -0.531496 -0.354331,
        -0.248031 -0.570866 -0.354331,
        -0.248031 -0.688976 -0.354331,
        -0.342520 -0.688976 -0.354331,
        -0.051181 0.688976 -0.354331,
        -0.145669 0.688976 -0.354331,
        -0.051181 0.570866 -0.354331,
        -0.090551 0.531496 -0.354331,
        -0.106299 0.531496 -0.354331,
        -0.145669 0.570866 -0.354331,
        -0.145669 -0.570866 -0.354331,
        -0.106299 -0.531496 -0.354331,
        -0.090551 -0.531496 -0.354331,
        -0.051181 -0.570866 -0.354331,
        -0.051181 -0.688976 -0.354331,
        -0.145669 -0.688976 -0.354331,
        0.145669 0.688976 -0.354331,
        0.051181 0.688976 -0.354331,
        0.145669 0.570866 -0.354331,
        0.106299 0.531496 -0.354331,
        0.090551 0.531496 -0.354331,
        0.051181 0.570866 -0.354331,
        0.051181 -0.570866 -0.354331,
        0.090551 -0.531496 -0.354331,
        0.106299 -0.531496 -0.354331,
        0.145669 -0.570866 -0.354331,
        0.145669 -0.688976 -0.354331,
        0.051181 -0.688976 -0.354331,
        0.342520 0.688976 -0.354331,
        0.248031 0.688976 -0.354331,
        0.342520 0.570866 -0.354331,
        0.303150 0.531496 -0.354331,
        0.287402 0.531496 -0.354331,
        0.248031 0.570866 -0.354331,
        0.248031 -0.570866 -0.354331,
        0.287402 -0.531496 -0.354331,
        0.303150 -0.531496 -0.354331,
        0.342520 -0.570866 -0.354331,
        0.342520 -0.688976 -0.354331,
        0.248031 -0.688976 -0.354331,
        0.539370 0.688976 -0.354331,
        0.444882 0.688976 -0.354331,
        0.539370 0.570866 -0.354331,
        0.500000 0.531496 -0.354331,
        0.484252 0.531496 -0.354331,
        0.444882 0.570866 -0.354331,
        0.444882 -0.570866 -0.354331,
        0.484252 -0.531496 -0.354331,
        0.500000 -0.531496 -0.354331,
        0.539370 -0.570866 -0.354331,
        0.539370 -0.688976 -0.354331,
        0.444882 -0.688976 -0.354331,
        -0.629921 -0.303150 -0.354331,
        -0.669291 -0.342520 -0.354331,
        -0.787402 -0.342520 -0.354331,
        -0.787402 -0.248031 -0.354331,
        -0.669291 -0.248031 -0.354331,
        -0.629921 -0.287402 -0.354331,
        0.629921 -0.287402 -0.354331,
        0.669291 -0.248031 -0.354331,
        0.787402 -0.248031 -0.354331,
        0.787402 -0.342520 -0.354331,
        0.669291 -0.342520 -0.354331,
        0.629921 -0.303150 -0.354331,
        0.629921 0.303150 -0.354331,
        0.669291 0.342520 -0.354331,
        0.787402 0.342520 -0.354331,
        0.787402 0.248031 -0.354331,
        0.669291 0.248031 -0.354331,
        0.629921 0.287402 -0.354331,
        0.501969 -0.403543 -0.354331,
        0.501969 0.403543 -0.354331,
        -0.501969 -0.403543 -0.354331,
        -0.501969 0.403543 -0.354331,
        0.025448 -0.688976 -0.354331,
        0.320363 0.403543 -0.354331,
        0.320363 0.421342 -0.354331,
        0.095066 0.531496 -0.354331,
        0.095066 0.519322 -0.354331,
        0.051570 0.511159 -0.354331,
        0.059324 0.510289 -0.354331,
        0.034541 0.452043 -0.354331,
        0.025448 0.439621 -0.354331,
        0.025448 0.519322 -0.354331,
        0.033130 0.452824 -0.354331,
        0.033130 0.444182 -0.354331,
        0.041524 0.440736 -0.354331,
        0.049480 0.439621 -0.354331,
        0.042000 0.509916 -0.354331,
        0.033130 0.506118 -0.354331,
        0.033130 0.516681 -0.354331,
        0.065217 0.508162 -0.354331,
        0.070667 0.504516 -0.354331,
        0.075422 0.499267 -0.354331,
        0.081143 0.478631 -0.354331,
        0.080345 0.470107 -0.354331,
        0.078206 0.463334 -0.354331,
        0.060685 0.448607 -0.354331,
        0.053341 0.447783 -0.354331,
        0.066422 0.450719 -0.354331,
        0.071255 0.453976 -0.354331,
        0.074950 0.457874 -0.354331,
        0.042889 0.448943 -0.354331,
        0.078668 0.493187 -0.354331,
        0.080767 0.484757 -0.354331,
        0.052168 0.562106 -0.354331,
        0.055080 0.553784 -0.354331,
        0.059770 0.546319 -0.354331,
        0.081791 0.532483 -0.354331,
        0.025448 0.688976 -0.354331,
        0.073469 0.535395 -0.354331,
        0.057541 0.519322 -0.354331,
        0.066004 0.540085 -0.354331,
        0.051660 0.519802 -0.354331,
        0.044702 0.519322 -0.354331,
        0.042234 0.519151 -0.354331,
        0.078465 0.446819 -0.354331,
        0.084380 0.453045 -0.354331,
        0.095066 0.439621 -0.354331,
        0.072131 0.442774 -0.354331,
        0.082935 0.505464 -0.354331,
        0.075826 0.512301 -0.354331,
        0.068347 0.516606 -0.354331,
        0.091705 0.477986 -0.354331,
        0.090572 0.489180 -0.354331,
        0.087550 0.498102 -0.354331,
        0.059569 0.519156 -0.354331,
        0.088574 0.460532 -0.354331,
        0.090944 0.468867 -0.354331,
        0.052643 0.439178 -0.354331,
        0.025448 0.421342 -0.354331,
        0.054796 0.439141 -0.354331,
        0.095066 0.421342 -0.354331,
        0.059426 0.439621 -0.354331,
        0.064500 0.440147 -0.354331,
        0.787402 -0.688976 -0.354331,
        0.787402 0.421342 -0.354331,
        0.459705 -0.540085 -0.354331,
        0.453471 -0.546319 -0.354331,
        0.320363 -0.403543 -0.354331,
        0.338621 -0.553784 -0.354331,
        0.333930 -0.546319 -0.354331,
        0.445869 -0.562106 -0.354331,
        0.327696 -0.540085 -0.354331,
        0.320363 -0.535478 -0.354331,
        0.659102 0.341178 -0.354331,
        0.649606 0.337245 -0.354331,
        0.649606 -0.253306 -0.354331,
        0.641452 -0.259563 -0.354331,
        0.659102 0.249373 -0.354331,
        0.448781 -0.553784 -0.354331,
        0.341533 -0.562106 -0.354331,
        0.538383 -0.562106 -0.354331,
        0.535471 -0.553784 -0.354331,
        0.530781 -0.546319 -0.354331,
        0.524547 -0.540085 -0.354331,
        0.517082 -0.535395 -0.354331,
        0.508761 -0.532483 -0.354331,
        0.641452 0.330989 -0.354331,
        0.635196 0.322835 -0.354331,
        0.631263 0.313339 -0.354331,
        0.475491 -0.532483 -0.354331,
        0.467170 -0.535395 -0.354331,
        0.631263 -0.277212 -0.354331,
        0.635196 -0.322835 -0.354331,
        0.641452 -0.330989 -0.354331,
        0.649606 -0.337245 -0.354331,
        0.659102 -0.341178 -0.354331,
        0.631263 0.277212 -0.354331,
        0.635196 0.267717 -0.354331,
        0.641452 0.259563 -0.354331,
        0.649606 0.253306 -0.354331,
        0.635196 -0.267717 -0.354331,
        0.631263 -0.313339 -0.354331,
        0.659102 -0.249373 -0.354331,
        0.320231 -0.535395 -0.354331,
        0.311910 -0.532483 -0.354331,
        0.278641 -0.532483 -0.354331,
        0.095066 -0.403543 -0.354331,
        0.270320 -0.535395 -0.354331,
        0.262855 -0.540085 -0.354331,
        0.115060 -0.532483 -0.354331,
        0.249019 -0.562106 -0.354331,
        0.144682 -0.562106 -0.354331,
        0.141770 -0.553784 -0.354331,
        0.137080 -0.546319 -0.354331,
        0.130846 -0.540085 -0.354331,
        0.123381 -0.535395 -0.354331,
        0.251930 -0.553784 -0.354331,
        0.256621 -0.546319 -0.354331,
        0.025448 -0.403543 -0.354331,
        0.052168 -0.562106 -0.354331,
        0.073469 -0.535395 -0.354331,
        0.066004 -0.540085 -0.354331,
        0.095066 -0.531496 -0.354331,
        0.081791 -0.532483 -0.354331,
        0.059770 -0.546319 -0.354331,
        0.055080 -0.553784 -0.354331,
        -0.032167 -0.688976 -0.354331,
        -0.032167 -0.403543 -0.354331,
        -0.073469 -0.535395 -0.354331,
        -0.081791 -0.532483 -0.354331,
        -0.052168 -0.562106 -0.354331,
        -0.055080 -0.553784 -0.354331,
        -0.106106 -0.403543 -0.354331,
        -0.059770 -0.546319 -0.354331,
        -0.066004 -0.540085 -0.354331,
        -0.787402 0.421342 -0.354331,
        -0.787402 -0.688976 -0.354331,
        -0.538383 -0.562106 -0.354331,
        -0.659102 -0.249373 -0.354331,
        -0.649606 -0.253306 -0.354331,
        -0.641452 -0.259563 -0.354331,
        -0.262855 -0.540085 -0.354331,
        -0.144682 -0.562106 -0.354331,
        -0.256621 -0.546319 -0.354331,
        -0.251930 -0.553784 -0.354331,
        -0.659102 -0.341178 -0.354331,
        -0.649606 -0.337245 -0.354331,
        -0.641452 -0.330989 -0.354331,
        -0.635196 0.322835 -0.354331,
        -0.641452 0.330989 -0.354331,
        -0.649606 0.337245 -0.354331,
        -0.659102 0.341178 -0.354331,
        -0.106106 -0.531496 -0.354331,
        -0.635196 -0.322835 -0.354331,
        -0.631263 -0.313339 -0.354331,
        -0.659102 0.249373 -0.354331,
        -0.649606 0.253306 -0.354331,
        -0.641452 0.259563 -0.354331,
        -0.635196 0.267717 -0.354331,
        -0.631263 0.277212 -0.354331,
        -0.631263 -0.277212 -0.354331,
        -0.635196 -0.267717 -0.354331,
        -0.631263 0.313339 -0.354331,
        -0.130846 -0.540085 -0.354331,
        -0.123381 -0.535395 -0.354331,
        -0.115060 -0.532483 -0.354331,
        -0.278641 -0.532483 -0.354331,
        -0.320231 -0.535395 -0.354331,
        -0.327696 -0.540085 -0.354331,
        -0.445869 -0.562106 -0.354331,
        -0.333930 -0.546319 -0.354331,
        -0.338621 -0.553784 -0.354331,
        -0.249019 -0.562106 -0.354331,
        -0.453471 -0.546319 -0.354331,
        -0.459705 -0.540085 -0.354331,
        -0.311910 -0.532483 -0.354331,
        -0.448781 -0.553784 -0.354331,
        -0.517082 -0.535395 -0.354331,
        -0.524547 -0.540085 -0.354331,
        -0.530781 -0.546319 -0.354331,
        -0.535471 -0.553784 -0.354331,
        -0.137080 -0.546319 -0.354331,
        -0.141770 -0.553784 -0.354331,
        -0.270320 -0.535395 -0.354331,
        -0.467170 -0.535395 -0.354331,
        -0.475491 -0.532483 -0.354331,
        -0.341533 -0.562106 -0.354331,
        -0.508761 -0.532483 -0.354331,
        -0.106106 0.421342 -0.354331,
        -0.106106 0.403543 -0.354331,
        -0.032167 0.421342 -0.354331,
        -0.032167 0.403543 -0.354331,
        0.025448 0.403543 -0.354331,
        0.095066 0.403543 -0.354331,
        0.333930 0.546319 -0.354331,
        0.338621 0.553784 -0.354331,
        0.445869 0.562106 -0.354331,
        0.508761 0.532483 -0.354331,
        0.787402 0.519322 -0.354331,
        0.517082 0.535395 -0.354331,
        0.448781 0.553784 -0.354331,
        0.320363 0.519322 -0.354331,
        0.453471 0.546319 -0.354331,
        0.459705 0.540085 -0.354331,
        0.524547 0.540085 -0.354331,
        0.530781 0.546319 -0.354331,
        0.535471 0.553784 -0.354331,
        0.341533 0.562106 -0.354331,
        0.467170 0.535395 -0.354331,
        0.475491 0.532483 -0.354331,
        0.787402 0.688976 -0.354331,
        0.538383 0.562106 -0.354331,
        0.311910 0.532483 -0.354331,
        0.320231 0.535395 -0.354331,
        0.320363 0.535478 -0.354331,
        0.327696 0.540085 -0.354331,
        0.262855 0.540085 -0.354331,
        0.144682 0.562106 -0.354331,
        0.256621 0.546319 -0.354331,
        0.251930 0.553784 -0.354331,
        0.270320 0.535395 -0.354331,
        0.278641 0.532483 -0.354331,
        0.115060 0.532483 -0.354331,
        0.123381 0.535395 -0.354331,
        0.130846 0.540085 -0.354331,
        0.137080 0.546319 -0.354331,
        0.141770 0.553784 -0.354331,
        0.249019 0.562106 -0.354331,
        -0.081791 0.532483 -0.354331,
        -0.032167 0.519322 -0.354331,
        -0.073469 0.535395 -0.354331,
        -0.066004 0.540085 -0.354331,
        -0.059770 0.546319 -0.354331,
        -0.055080 0.553784 -0.354331,
        -0.032167 0.688976 -0.354331,
        -0.052168 0.562106 -0.354331,
        -0.787402 0.688976 -0.354331,
        -0.787402 0.519322 -0.354331,
        -0.538383 0.562106 -0.354331,
        -0.535471 0.553784 -0.354331,
        -0.530781 0.546319 -0.354331,
        -0.524547 0.540085 -0.354331,
        -0.475491 0.532483 -0.354331,
        -0.106106 0.519322 -0.354331,
        -0.278641 0.532483 -0.354331,
        -0.517082 0.535395 -0.354331,
        -0.508761 0.532483 -0.354331,
        -0.106106 0.531496 -0.354331,
        -0.115060 0.532483 -0.354331,
        -0.338621 0.553784 -0.354331,
        -0.333930 0.546319 -0.354331,
        -0.445869 0.562106 -0.354331,
        -0.327696 0.540085 -0.354331,
        -0.448781 0.553784 -0.354331,
        -0.320231 0.535395 -0.354331,
        -0.311910 0.532483 -0.354331,
        -0.453471 0.546319 -0.354331,
        -0.459705 0.540085 -0.354331,
        -0.467170 0.535395 -0.354331,
        -0.251930 0.553784 -0.354331,
        -0.130846 0.540085 -0.354331,
        -0.256621 0.546319 -0.354331,
        -0.262855 0.540085 -0.354331,
        -0.123381 0.535395 -0.354331,
        -0.270320 0.535395 -0.354331,
        -0.341533 0.562106 -0.354331,
        -0.144682 0.562106 -0.354331,
        -0.249019 0.562106 -0.354331,
        -0.141770 0.553784 -0.354331,
        -0.137080 0.546319 -0.354331,
        -0.168521 0.440101 -0.354331,
        -0.106106 0.439621 -0.354331,
        -0.180044 0.440101 -0.354331,
        -0.787402 0.439621 -0.354331,
        -0.149317 0.518841 -0.354331,
        -0.160554 0.462187 -0.354331,
        -0.128026 0.462187 -0.354331,
        -0.120509 0.440101 -0.354331,
        -0.108986 0.440101 -0.354331,
        -0.138754 0.518841 -0.354331,
        -0.099293 0.461682 -0.354331,
        -0.094777 0.454639 -0.354331,
        -0.088296 0.448434 -0.354331,
        -0.080074 0.443656 -0.354331,
        -0.062069 0.518841 -0.354331,
        -0.073445 0.517625 -0.354331,
        -0.082657 0.514390 -0.354331,
        -0.091228 0.508647 -0.354331,
        -0.091310 0.508574 -0.354331,
        -0.096878 0.502400 -0.354331,
        -0.100537 0.495629 -0.354331,
        -0.071002 0.440952 -0.354331,
        -0.061259 0.440101 -0.354331,
        -0.032167 0.439621 -0.354331,
        -0.039848 0.440101 -0.354331,
        -0.039848 0.518841 -0.354331,
        -0.102652 0.487870 -0.354331,
        -0.103224 0.480461 -0.354331,
        -0.102120 0.469924 -0.354331,
        -0.022564 0.518841 -0.354331,
        -0.022564 0.510199 -0.354331,
        -0.024484 0.448743 -0.354331,
        -0.024484 0.440101 -0.354331,
        0.017767 0.440101 -0.354331,
        0.017767 0.518841 -0.354331,
        0.007204 0.475630 -0.354331,
        0.007204 0.448743 -0.354331,
        -0.020643 0.475630 -0.354331,
        -0.020643 0.484272 -0.354331,
        0.007204 0.484272 -0.354331,
        0.007204 0.510199 -0.354331,
        0.098427 0.448743 -0.354331,
        0.098427 0.440101 -0.354331,
        0.128194 0.448743 -0.354331,
        0.128194 0.518841 -0.354331,
        0.138757 0.518841 -0.354331,
        0.138757 0.440101 -0.354331,
        0.320363 0.439621 -0.354331,
        0.787402 0.439621 -0.354331,
        0.787402 -0.688976 0.000000,
        0.787402 -0.248031 -0.279528,
        0.787402 0.248031 -0.279528,
        0.787402 -0.342520 -0.279528,
        0.787402 0.688976 0.000000,
        0.787402 0.342520 -0.279528,
        -0.787402 -0.688976 0.000000,
        -0.248031 -0.688976 -0.279528,
        -0.145669 -0.688976 -0.279528,
        -0.051181 -0.688976 -0.279528,
        -0.539370 -0.688976 -0.279528,
        -0.444882 -0.688976 -0.279528,
        0.051181 -0.688976 -0.279528,
        -0.342520 -0.688976 -0.279528,
        0.145669 -0.688976 -0.279528,
        0.248031 -0.688976 -0.279528,
        0.342520 -0.688976 -0.279528,
        0.539370 -0.688976 -0.279528,
        0.444882 -0.688976 -0.279528,
        -0.787402 0.248031 -0.279528,
        -0.787402 -0.342520 -0.279528,
        -0.787402 -0.248031 -0.279528,
        -0.787402 0.688976 0.000000,
        -0.787402 0.342520 -0.279528,
        -0.051181 0.688976 -0.279528,
        -0.145669 0.688976 -0.279528,
        -0.342520 0.688976 -0.279528,
        -0.248031 0.688976 -0.279528,
        0.444882 0.688976 -0.279528,
        0.342520 0.688976 -0.279528,
        -0.539370 0.688976 -0.279528,
        -0.444882 0.688976 -0.279528,
        0.539370 0.688976 -0.279528,
        0.248031 0.688976 -0.279528,
        0.051181 0.688976 -0.279528,
        0.145669 0.688976 -0.279528,
        -0.555967 -0.538943 0.000000,
        -0.553191 -0.560026 0.000000,
        -0.555967 -0.581109 0.000000,
        -0.564104 -0.600756 0.000000,
        -0.577049 -0.617626 0.000000,
        -0.593920 -0.630571 0.000000,
        -0.613566 -0.638709 0.000000,
        -0.634649 -0.641485 0.000000,
        -0.655732 -0.638709 0.000000,
        -0.675378 -0.630571 0.000000,
        -0.564104 -0.519297 0.000000,
        -0.577049 -0.502427 0.000000,
        -0.692249 -0.617626 0.000000,
        -0.705194 -0.600756 0.000000,
        -0.713331 -0.581109 0.000000,
        -0.655732 -0.481344 0.000000,
        -0.675378 -0.489481 0.000000,
        -0.692249 -0.502427 0.000000,
        -0.716107 -0.560026 0.000000,
        -0.713331 -0.538943 0.000000,
        -0.705194 -0.519297 0.000000,
        -0.634649 -0.478568 0.000000,
        -0.613566 -0.481344 0.000000,
        -0.593920 -0.489481 0.000000,
      ]
    }
    coordIndex [
      48, 53, 100, -1,
      97, 101, 102, -1,
      46, 103, 104, -1,
      105, 106, 107, -1,
      108, 109, 110, -1,
      110, 111, 108, -1,
      108, 111, 112, -1,
      108, 112, 113, -1,
      105, 107, 114, -1,
      114, 107, 110, -1,
      114, 110, 115, -1,
      115, 110, 109, -1,
      115, 109, 116, -1,
      106, 117, 107, -1,
      107, 117, 118, -1,
      107, 118, 119, -1,
      120, 121, 107, -1,
      107, 121, 122, -1,
      123, 124, 125, -1,
      125, 124, 126, -1,
      122, 127, 107, -1,
      107, 127, 126, -1,
      107, 126, 128, -1,
      128, 126, 124, -1,
      119, 129, 107, -1,
      107, 129, 130, -1,
      107, 130, 120, -1,
      131, 132, 109, -1,
      109, 132, 133, -1,
      46, 104, 134, -1,
      135, 43, 109, -1,
      109, 43, 47, -1,
      109, 47, 131, -1,
      136, 137, 138, -1,
      138, 137, 139, -1,
      138, 139, 133, -1,
      133, 139, 140, -1,
      133, 140, 109, -1,
      109, 140, 141, -1,
      109, 141, 116, -1,
      142, 143, 144, -1,
      142, 144, 145, -1,
      146, 147, 104, -1,
      104, 147, 148, -1,
      149, 150, 104, -1,
      104, 150, 151, -1,
      104, 151, 146, -1,
      136, 134, 137, -1,
      137, 134, 104, -1,
      137, 104, 152, -1,
      152, 104, 148, -1,
      143, 153, 144, -1,
      144, 153, 154, -1,
      144, 154, 149, -1,
      113, 155, 156, -1,
      156, 155, 157, -1,
      156, 157, 158, -1,
      158, 157, 159, -1,
      158, 159, 144, -1,
      144, 159, 160, -1,
      144, 160, 145, -1,
      88, 87, 161, -1,
      161, 76, 75, -1,
      162, 92, 91, -1,
      163, 164, 165, -1,
      166, 167, 168, -1,
      168, 167, 169, -1,
      168, 169, 170, -1,
      97, 171, 172, -1,
      173, 174, 175, -1,
      165, 164, 170, -1,
      170, 164, 176, -1,
      170, 176, 168, -1,
      77, 64, 72, -1,
      72, 64, 63, -1,
      72, 63, 168, -1,
      168, 63, 177, -1,
      168, 177, 166, -1,
      75, 178, 161, -1,
      161, 178, 179, -1,
      161, 179, 96, -1,
      96, 179, 180, -1,
      96, 180, 181, -1,
      181, 182, 96, -1,
      96, 182, 183, -1,
      96, 183, 74, -1,
      172, 184, 97, -1,
      97, 184, 185, -1,
      97, 185, 186, -1,
      74, 73, 96, -1,
      96, 73, 187, -1,
      96, 187, 165, -1,
      165, 187, 188, -1,
      165, 188, 163, -1,
      96, 189, 84, -1,
      190, 191, 96, -1,
      96, 191, 192, -1,
      96, 192, 161, -1,
      161, 192, 193, -1,
      161, 193, 88, -1,
      186, 90, 97, -1,
      97, 90, 95, -1,
      97, 95, 194, -1,
      195, 196, 174, -1,
      174, 196, 197, -1,
      174, 197, 175, -1,
      189, 96, 198, -1,
      198, 96, 97, -1,
      198, 97, 174, -1,
      174, 97, 194, -1,
      174, 194, 195, -1,
      84, 89, 96, -1,
      96, 89, 199, -1,
      96, 199, 190, -1,
      93, 86, 94, -1,
      94, 86, 85, -1,
      94, 85, 175, -1,
      175, 85, 200, -1,
      175, 200, 173, -1,
      170, 201, 165, -1,
      165, 201, 202, -1,
      165, 202, 62, -1,
      62, 61, 165, -1,
      165, 61, 203, -1,
      165, 203, 204, -1,
      204, 203, 205, -1,
      204, 205, 206, -1,
      207, 50, 204, -1,
      65, 52, 60, -1,
      60, 52, 51, -1,
      60, 51, 208, -1,
      208, 51, 209, -1,
      209, 210, 208, -1,
      208, 210, 211, -1,
      208, 211, 212, -1,
      212, 213, 208, -1,
      208, 213, 207, -1,
      208, 207, 214, -1,
      214, 207, 204, -1,
      214, 204, 215, -1,
      215, 204, 206, -1,
      216, 217, 48, -1,
      218, 219, 216, -1,
      50, 220, 204, -1,
      204, 220, 49, -1,
      204, 49, 216, -1,
      216, 49, 221, -1,
      216, 221, 218, -1,
      219, 222, 216, -1,
      216, 222, 223, -1,
      216, 223, 217, -1,
      48, 100, 216, -1,
      216, 100, 224, -1,
      216, 224, 225, -1,
      226, 227, 225, -1,
      225, 228, 229, -1,
      225, 227, 230, -1,
      228, 225, 39, -1,
      39, 225, 224, -1,
      39, 224, 40, -1,
      229, 231, 225, -1,
      225, 231, 232, -1,
      225, 232, 226, -1,
      20, 18, 233, -1,
      11, 234, 6, -1,
      6, 234, 235, -1,
      236, 99, 237, -1,
      237, 99, 238, -1,
      239, 240, 241, -1,
      241, 240, 242, -1,
      80, 79, 234, -1,
      234, 79, 243, -1,
      234, 243, 98, -1,
      98, 243, 244, -1,
      98, 244, 245, -1,
      246, 247, 99, -1,
      99, 247, 248, -1,
      99, 248, 249, -1,
      227, 38, 230, -1,
      230, 38, 250, -1,
      230, 250, 37, -1,
      245, 251, 98, -1,
      98, 251, 252, -1,
      98, 252, 78, -1,
      81, 19, 82, -1,
      82, 19, 23, -1,
      82, 23, 236, -1,
      236, 23, 253, -1,
      236, 253, 254, -1,
      254, 255, 236, -1,
      236, 255, 256, -1,
      236, 256, 99, -1,
      99, 256, 257, -1,
      99, 257, 22, -1,
      20, 233, 249, -1,
      78, 83, 98, -1,
      98, 83, 258, -1,
      98, 258, 99, -1,
      99, 258, 259, -1,
      99, 259, 238, -1,
      22, 21, 99, -1,
      99, 21, 260, -1,
      99, 260, 246, -1,
      261, 98, 262, -1,
      262, 98, 230, -1,
      262, 230, 263, -1,
      263, 230, 37, -1,
      264, 26, 98, -1,
      265, 266, 267, -1,
      267, 266, 268, -1,
      267, 268, 269, -1,
      41, 28, 36, -1,
      36, 28, 27, -1,
      36, 27, 240, -1,
      240, 27, 270, -1,
      240, 270, 242, -1,
      271, 272, 273, -1,
      273, 272, 98, -1,
      273, 98, 25, -1,
      25, 98, 26, -1,
      265, 267, 273, -1,
      273, 267, 274, -1,
      273, 274, 271, -1,
      275, 276, 98, -1,
      98, 276, 277, -1,
      98, 277, 234, -1,
      234, 277, 278, -1,
      234, 278, 235, -1,
      261, 279, 98, -1,
      98, 279, 280, -1,
      98, 280, 264, -1,
      264, 280, 240, -1,
      264, 240, 281, -1,
      281, 240, 239, -1,
      24, 29, 10, -1,
      272, 282, 98, -1,
      98, 282, 283, -1,
      98, 283, 8, -1,
      269, 284, 267, -1,
      267, 284, 24, -1,
      267, 24, 9, -1,
      9, 24, 10, -1,
      8, 7, 98, -1,
      98, 7, 285, -1,
      98, 285, 275, -1,
      249, 233, 99, -1,
      99, 233, 286, -1,
      99, 286, 287, -1,
      287, 286, 288, -1,
      287, 288, 289, -1,
      289, 288, 156, -1,
      289, 156, 290, -1,
      290, 156, 158, -1,
      290, 158, 291, -1,
      292, 293, 294, -1,
      69, 295, 296, -1,
      296, 295, 297, -1,
      56, 54, 67, -1,
      294, 298, 299, -1,
      299, 298, 300, -1,
      299, 300, 301, -1,
      297, 302, 296, -1,
      296, 302, 303, -1,
      296, 303, 304, -1,
      293, 305, 294, -1,
      294, 305, 56, -1,
      294, 56, 71, -1,
      71, 56, 67, -1,
      301, 306, 299, -1,
      299, 306, 307, -1,
      299, 307, 70, -1,
      66, 308, 68, -1,
      68, 308, 296, -1,
      68, 296, 309, -1,
      309, 296, 304, -1,
      57, 310, 299, -1,
      310, 311, 299, -1,
      299, 311, 312, -1,
      299, 312, 294, -1,
      294, 312, 313, -1,
      294, 313, 292, -1,
      314, 315, 316, -1,
      316, 315, 317, -1,
      314, 318, 104, -1,
      104, 318, 319, -1,
      104, 319, 299, -1,
      299, 319, 58, -1,
      299, 58, 57, -1,
      103, 45, 104, -1,
      104, 45, 320, -1,
      104, 320, 314, -1,
      314, 320, 321, -1,
      314, 321, 322, -1,
      322, 323, 314, -1,
      314, 323, 324, -1,
      314, 324, 315, -1,
      42, 55, 44, -1,
      44, 55, 59, -1,
      44, 59, 315, -1,
      315, 59, 325, -1,
      315, 325, 317, -1,
      33, 326, 327, -1,
      327, 326, 328, -1,
      328, 329, 327, -1,
      327, 329, 330, -1,
      327, 330, 331, -1,
      30, 332, 32, -1,
      32, 332, 327, -1,
      32, 327, 333, -1,
      333, 327, 331, -1,
      334, 0, 335, -1,
      335, 0, 1, -1,
      335, 1, 336, -1,
      336, 337, 335, -1,
      335, 337, 338, -1,
      335, 338, 339, -1,
      4, 340, 341, -1,
      15, 342, 341, -1,
      339, 343, 335, -1,
      335, 343, 344, -1,
      335, 344, 5, -1,
      15, 341, 16, -1,
      345, 341, 34, -1,
      34, 341, 346, -1,
      347, 348, 349, -1,
      349, 348, 350, -1,
      349, 350, 351, -1,
      350, 352, 351, -1,
      351, 352, 353, -1,
      351, 353, 354, -1,
      354, 353, 16, -1,
      354, 16, 355, -1,
      355, 16, 341, -1,
      355, 341, 356, -1,
      356, 341, 340, -1,
      357, 358, 359, -1,
      359, 358, 360, -1,
      346, 341, 361, -1,
      361, 341, 342, -1,
      361, 342, 358, -1,
      358, 342, 362, -1,
      358, 362, 360, -1,
      2, 13, 3, -1,
      3, 13, 17, -1,
      3, 17, 349, -1,
      349, 17, 363, -1,
      349, 363, 347, -1,
      14, 12, 31, -1,
      31, 35, 14, -1,
      14, 35, 364, -1,
      14, 364, 365, -1,
      365, 364, 366, -1,
      365, 366, 357, -1,
      357, 366, 367, -1,
      357, 367, 358, -1,
      368, 369, 370, -1,
      370, 369, 371, -1,
      370, 371, 372, -1,
      372, 371, 335, -1,
      372, 335, 341, -1,
      341, 335, 5, -1,
      341, 5, 4, -1,
      373, 374, 368, -1,
      368, 374, 375, -1,
      368, 375, 369, -1,
      369, 375, 376, -1,
      369, 376, 341, -1,
      341, 376, 377, -1,
      341, 377, 372, -1,
      378, 379, 369, -1,
      369, 379, 380, -1,
      369, 380, 381, -1,
      345, 33, 341, -1,
      341, 33, 327, -1,
      341, 327, 382, -1,
      382, 383, 341, -1,
      341, 383, 384, -1,
      341, 384, 385, -1,
      385, 386, 341, -1,
      341, 386, 387, -1,
      341, 387, 388, -1,
      381, 389, 369, -1,
      369, 389, 390, -1,
      369, 390, 391, -1,
      391, 390, 392, -1,
      391, 392, 327, -1,
      327, 392, 393, -1,
      327, 393, 382, -1,
      388, 394, 341, -1,
      341, 394, 395, -1,
      341, 395, 369, -1,
      369, 395, 396, -1,
      369, 396, 378, -1,
      332, 135, 327, -1,
      327, 135, 109, -1,
      327, 109, 397, -1,
      397, 398, 327, -1,
      327, 398, 399, -1,
      327, 399, 391, -1,
      391, 399, 400, -1,
      391, 400, 108, -1,
      108, 400, 401, -1,
      108, 401, 109, -1,
      109, 401, 402, -1,
      109, 402, 397, -1,
      403, 404, 405, -1,
      405, 404, 399, -1,
      405, 399, 406, -1,
      406, 399, 398, -1,
      406, 398, 407, -1,
      407, 398, 408, -1,
      149, 104, 144, -1,
      144, 104, 409, -1,
      144, 409, 410, -1,
      411, 409, 412, -1,
      412, 409, 104, -1,
      412, 104, 413, -1,
      413, 104, 299, -1,
      413, 299, 414, -1,
      414, 299, 415, -1,
      113, 156, 108, -1,
      108, 156, 288, -1,
      108, 288, 391, -1,
      391, 288, 286, -1,
      391, 286, 369, -1,
      369, 286, 233, -1,
      369, 233, 371, -1,
      410, 414, 144, -1,
      144, 414, 415, -1,
      144, 415, 158, -1,
      158, 415, 102, -1,
      158, 102, 291, -1,
      291, 102, 101, -1,
      70, 69, 299, -1,
      299, 69, 296, -1,
      299, 296, 415, -1,
      415, 296, 416, -1,
      415, 416, 102, -1,
      102, 416, 162, -1,
      102, 162, 97, -1,
      97, 162, 91, -1,
      97, 91, 171, -1,
      417, 161, 87, -1,
      86, 93, 418, -1,
      418, 93, 419, -1,
      87, 420, 417, -1,
      417, 420, 418, -1,
      417, 418, 421, -1,
      421, 418, 419, -1,
      419, 422, 421, -1,
      421, 422, 92, -1,
      421, 92, 162, -1,
      162, 416, 421, -1,
      421, 416, 296, -1,
      421, 296, 308, -1,
      423, 234, 11, -1,
      424, 28, 41, -1,
      425, 426, 417, -1,
      11, 427, 423, -1,
      423, 427, 428, -1,
      423, 428, 417, -1,
      100, 53, 429, -1,
      41, 425, 424, -1,
      424, 425, 417, -1,
      424, 417, 430, -1,
      430, 417, 428, -1,
      430, 428, 29, -1,
      29, 428, 10, -1,
      426, 40, 224, -1,
      431, 52, 65, -1,
      432, 433, 417, -1,
      65, 432, 431, -1,
      431, 432, 417, -1,
      431, 417, 429, -1,
      429, 417, 426, -1,
      429, 426, 100, -1,
      100, 426, 224, -1,
      76, 161, 434, -1,
      434, 161, 417, -1,
      434, 417, 435, -1,
      435, 417, 433, -1,
      435, 433, 77, -1,
      77, 433, 64, -1,
      436, 19, 81, -1,
      80, 234, 437, -1,
      437, 234, 423, -1,
      437, 423, 438, -1,
      438, 423, 439, -1,
      334, 335, 439, -1,
      439, 335, 371, -1,
      439, 371, 233, -1,
      81, 438, 436, -1,
      436, 438, 439, -1,
      436, 439, 440, -1,
      440, 439, 233, -1,
      440, 233, 18, -1,
      441, 442, 439, -1,
      421, 308, 66, -1,
      443, 439, 444, -1,
      444, 439, 442, -1,
      444, 442, 12, -1,
      12, 442, 31, -1,
      67, 54, 445, -1,
      445, 54, 446, -1,
      0, 334, 447, -1,
      447, 334, 439, -1,
      447, 439, 448, -1,
      448, 439, 443, -1,
      448, 443, 2, -1,
      2, 443, 13, -1,
      66, 449, 421, -1,
      421, 449, 445, -1,
      421, 445, 439, -1,
      439, 445, 446, -1,
      439, 446, 450, -1,
      43, 135, 451, -1,
      451, 135, 332, -1,
      55, 42, 450, -1,
      450, 42, 452, -1,
      450, 452, 439, -1,
      439, 452, 451, -1,
      439, 451, 441, -1,
      441, 451, 332, -1,
      441, 332, 30, -1,
      453, 454, 417, -1,
      454, 455, 417, -1,
      417, 455, 456, -1,
      417, 456, 457, -1,
      457, 458, 417, -1,
      417, 458, 459, -1,
      417, 459, 423, -1,
      459, 460, 423, -1,
      423, 460, 461, -1,
      423, 461, 462, -1,
      453, 417, 463, -1,
      463, 417, 421, -1,
      463, 421, 464, -1,
      462, 465, 423, -1,
      423, 465, 466, -1,
      423, 466, 467, -1,
      468, 439, 469, -1,
      469, 439, 470, -1,
      467, 471, 423, -1,
      423, 471, 472, -1,
      423, 472, 439, -1,
      439, 472, 473, -1,
      439, 473, 470, -1,
      468, 474, 439, -1,
      439, 474, 475, -1,
      439, 475, 421, -1,
      421, 475, 476, -1,
      421, 476, 464, -1,
    ]
  }
}

Shape {
  appearance Appearance {
    material Material {
      diffuseColor 0.7529 0.7529 0.7529
      specularColor 0.3765 0.3765 0.3765
      ambientIntensity 0.2
      transparency 0.0000
      shininess 0.5
    }
  }
  geometry IndexedFaceSet {
    ccw TRUE
    solid FALSE
    coord DEF co Coordinate {
      point [
        -0.555967 -0.538943 0.000000,
        -0.553191 -0.560026 0.000000,
        -0.555967 -0.581109 0.000000,
        -0.564104 -0.600756 0.000000,
        -0.577049 -0.617626 0.000000,
        -0.593920 -0.630571 0.000000,
        -0.613566 -0.638709 0.000000,
        -0.634649 -0.641485 0.000000,
        -0.655732 -0.638709 0.000000,
        -0.675378 -0.630571 0.000000,
        -0.564104 -0.519297 0.000000,
        -0.577049 -0.502427 0.000000,
        -0.692249 -0.617626 0.000000,
        -0.705194 -0.600756 0.000000,
        -0.713331 -0.581109 0.000000,
        -0.655732 -0.481344 0.000000,
        -0.675378 -0.489481 0.000000,
        -0.692249 -0.502427 0.000000,
        -0.716107 -0.560026 0.000000,
        -0.713331 -0.538943 0.000000,
        -0.705194 -0.519297 0.000000,
        -0.634649 -0.478568 0.000000,
        -0.613566 -0.481344 0.000000,
        -0.593920 -0.489481 0.000000,
        -0.553191 -0.560026 -0.003937,
        -0.555967 -0.538943 -0.003937,
        -0.564104 -0.519297 -0.003937,
        -0.577049 -0.502427 -0.003937,
        -0.593920 -0.489481 -0.003937,
        -0.613566 -0.481344 -0.003937,
        -0.634649 -0.478568 -0.003937,
        -0.655732 -0.481344 -0.003937,
        -0.675378 -0.489481 -0.003937,
        -0.692249 -0.502427 -0.003937,
        -0.705194 -0.519297 -0.003937,
        -0.713331 -0.538943 -0.003937,
        -0.716107 -0.560026 -0.003937,
        -0.713331 -0.581109 -0.003937,
        -0.705194 -0.600756 -0.003937,
        -0.692249 -0.617626 -0.003937,
        -0.675378 -0.630571 -0.003937,
        -0.655732 -0.638709 -0.003937,
        -0.634649 -0.641485 -0.003937,
        -0.613566 -0.638709 -0.003937,
        -0.593920 -0.630571 -0.003937,
        -0.577049 -0.617626 -0.003937,
        -0.564104 -0.600756 -0.003937,
        -0.555967 -0.581109 -0.003937,
        -0.634649 -0.560026 -0.003937,
      ]
    }
    coordIndex [
      24, 1, 25, -1,
      25, 1, 0, -1,
      25, 0, 26, -1,
      26, 0, 10, -1,
      26, 10, 27, -1,
      27, 10, 11, -1,
      27, 11, 28, -1,
      28, 11, 23, -1,
      28, 23, 29, -1,
      29, 23, 22, -1,
      29, 22, 30, -1,
      30, 22, 21, -1,
      30, 21, 31, -1,
      31, 21, 15, -1,
      31, 15, 32, -1,
      32, 15, 16, -1,
      32, 16, 33, -1,
      33, 16, 17, -1,
      33, 17, 34, -1,
      34, 17, 20, -1,
      34, 20, 35, -1,
      35, 20, 19, -1,
      35, 19, 36, -1,
      36, 19, 18, -1,
      36, 18, 37, -1,
      37, 18, 14, -1,
      37, 14, 38, -1,
      38, 14, 13, -1,
      38, 13, 39, -1,
      39, 13, 12, -1,
      39, 12, 40, -1,
      40, 12, 9, -1,
      40, 9, 41, -1,
      41, 9, 8, -1,
      41, 8, 42, -1,
      42, 8, 7, -1,
      42, 7, 43, -1,
      43, 7, 6, -1,
      43, 6, 44, -1,
      44, 6, 5, -1,
      44, 5, 45, -1,
      45, 5, 4, -1,
      45, 4, 46, -1,
      46, 4, 3, -1,
      46, 3, 47, -1,
      47, 3, 2, -1,
      47, 2, 24, -1,
      24, 2, 1, -1,
      46, 47, 48, -1,
      48, 47, 24, -1,
      48, 24, 25, -1,
      43, 44, 48, -1,
      48, 44, 45, -1,
      48, 45, 46, -1,
      40, 41, 48, -1,
      48, 41, 42, -1,
      48, 42, 43, -1,
      37, 38, 48, -1,
      48, 38, 39, -1,
      48, 39, 40, -1,
      34, 35, 48, -1,
      48, 35, 36, -1,
      48, 36, 37, -1,
      31, 32, 48, -1,
      48, 32, 33, -1,
      48, 33, 34, -1,
      28, 29, 48, -1,
      48, 29, 30, -1,
      48, 30, 31, -1,
      25, 26, 48, -1,
      48, 26, 27, -1,
      48, 27, 28, -1,
    ]
  }
}

Shape {
  appearance Appearance {
    material Material {
      diffuseColor 0.5020 0.5020 0.5020
      specularColor 0.2510 0.2510 0.2510
      ambientIntensity 0.2
      transparency 0.0000
      shininess 0.5
    }
  }
  geometry IndexedFaceSet {
    ccw TRUE
    solid FALSE
    coord DEF co Coordinate {
      point [
        0.051570 0.511159 -0.354331,
        0.059324 0.510289 -0.354331,
        0.034541 0.452043 -0.354331,
        0.033130 0.452824 -0.354331,
        0.033130 0.444182 -0.354331,
        0.041524 0.440736 -0.354331,
        0.049480 0.439621 -0.354331,
        0.042000 0.509916 -0.354331,
        0.033130 0.506118 -0.354331,
        0.033130 0.516681 -0.354331,
        0.065217 0.508162 -0.354331,
        0.070667 0.504516 -0.354331,
        0.075422 0.499267 -0.354331,
        0.081143 0.478631 -0.354331,
        0.080345 0.470107 -0.354331,
        0.078206 0.463334 -0.354331,
        0.060685 0.448607 -0.354331,
        0.053341 0.447783 -0.354331,
        0.066422 0.450719 -0.354331,
        0.071255 0.453976 -0.354331,
        0.074950 0.457874 -0.354331,
        0.042889 0.448943 -0.354331,
        0.078668 0.493187 -0.354331,
        0.080767 0.484757 -0.354331,
        0.057541 0.519322 -0.354331,
        0.051660 0.519802 -0.354331,
        0.044702 0.519322 -0.354331,
        0.042234 0.519151 -0.354331,
        0.078465 0.446819 -0.354331,
        0.084380 0.453045 -0.354331,
        0.072131 0.442774 -0.354331,
        0.082935 0.505464 -0.354331,
        0.075826 0.512301 -0.354331,
        0.068347 0.516606 -0.354331,
        0.091705 0.477986 -0.354331,
        0.090572 0.489180 -0.354331,
        0.087550 0.498102 -0.354331,
        0.059569 0.519156 -0.354331,
        0.088574 0.460532 -0.354331,
        0.090944 0.468867 -0.354331,
        0.052643 0.439178 -0.354331,
        0.054796 0.439141 -0.354331,
        0.059426 0.439621 -0.354331,
        0.064500 0.440147 -0.354331,
        -0.168521 0.440101 -0.354331,
        -0.180044 0.440101 -0.354331,
        -0.149317 0.518841 -0.354331,
        -0.160554 0.462187 -0.354331,
        -0.128026 0.462187 -0.354331,
        -0.120509 0.440101 -0.354331,
        -0.108986 0.440101 -0.354331,
        -0.138754 0.518841 -0.354331,
        -0.099293 0.461682 -0.354331,
        -0.094777 0.454639 -0.354331,
        -0.088296 0.448434 -0.354331,
        -0.080074 0.443656 -0.354331,
        -0.062069 0.518841 -0.354331,
        -0.073445 0.517625 -0.354331,
        -0.082657 0.514390 -0.354331,
        -0.091228 0.508647 -0.354331,
        -0.091310 0.508574 -0.354331,
        -0.096878 0.502400 -0.354331,
        -0.100537 0.495629 -0.354331,
        -0.071002 0.440952 -0.354331,
        -0.061259 0.440101 -0.354331,
        -0.039848 0.440101 -0.354331,
        -0.039848 0.518841 -0.354331,
        -0.102652 0.487870 -0.354331,
        -0.103224 0.480461 -0.354331,
        -0.102120 0.469924 -0.354331,
        -0.022564 0.518841 -0.354331,
        -0.022564 0.510199 -0.354331,
        -0.024484 0.448743 -0.354331,
        -0.024484 0.440101 -0.354331,
        0.017767 0.440101 -0.354331,
        0.017767 0.518841 -0.354331,
        0.007204 0.475630 -0.354331,
        0.007204 0.448743 -0.354331,
        -0.020643 0.475630 -0.354331,
        -0.020643 0.484272 -0.354331,
        0.007204 0.484272 -0.354331,
        0.007204 0.510199 -0.354331,
        0.098427 0.448743 -0.354331,
        0.098427 0.440101 -0.354331,
        0.128194 0.448743 -0.354331,
        0.128194 0.518841 -0.354331,
        0.138757 0.518841 -0.354331,
        0.138757 0.440101 -0.354331,
        -0.149317 0.518841 -0.350394,
        -0.180044 0.440101 -0.350394,
        -0.168521 0.440101 -0.350394,
        -0.160554 0.462187 -0.350394,
        -0.128026 0.462187 -0.350394,
        -0.120509 0.440101 -0.350394,
        -0.108986 0.440101 -0.350394,
        -0.138754 0.518841 -0.350394,
        -0.130681 0.470829 -0.350394,
        -0.157013 0.470829 -0.350394,
        -0.142430 0.503717 -0.350394,
        -0.143187 0.506448 -0.350394,
        -0.143690 0.509239 -0.350394,
        -0.143945 0.509239 -0.350394,
        -0.144459 0.506457 -0.350394,
        -0.145160 0.503717 -0.350394,
        -0.130681 0.470829 -0.354331,
        -0.157013 0.470829 -0.354331,
        -0.142430 0.503717 -0.354331,
        -0.143187 0.506448 -0.354331,
        -0.143690 0.509239 -0.354331,
        -0.143945 0.509239 -0.354331,
        -0.144459 0.506457 -0.354331,
        -0.145160 0.503717 -0.354331,
        -0.061259 0.440101 -0.350394,
        -0.039848 0.440101 -0.350394,
        -0.039848 0.518841 -0.350394,
        -0.062069 0.518841 -0.350394,
        -0.103224 0.480461 -0.350394,
        -0.102652 0.487870 -0.350394,
        -0.100537 0.495629 -0.350394,
        -0.096878 0.502400 -0.350394,
        -0.091310 0.508574 -0.350394,
        -0.091228 0.508647 -0.350394,
        -0.082657 0.514390 -0.350394,
        -0.073445 0.517625 -0.350394,
        -0.071002 0.440952 -0.350394,
        -0.080074 0.443656 -0.350394,
        -0.088296 0.448434 -0.350394,
        -0.094777 0.454639 -0.350394,
        -0.099293 0.461682 -0.350394,
        -0.102120 0.469924 -0.350394,
        -0.087419 0.499157 -0.350394,
        -0.083595 0.503219 -0.350394,
        -0.077843 0.506934 -0.350394,
        -0.071344 0.509208 -0.350394,
        -0.062024 0.510199 -0.350394,
        -0.050411 0.510199 -0.350394,
        -0.050411 0.448743 -0.350394,
        -0.061589 0.448743 -0.350394,
        -0.069896 0.449517 -0.350394,
        -0.076522 0.451585 -0.350394,
        -0.081892 0.454774 -0.350394,
        -0.086308 0.459136 -0.350394,
        -0.089630 0.464565 -0.350394,
        -0.091939 0.471966 -0.350394,
        -0.092662 0.480237 -0.350394,
        -0.091993 0.488073 -0.350394,
        -0.090155 0.494301 -0.350394,
        -0.062024 0.510199 -0.354331,
        -0.050411 0.510199 -0.354331,
        -0.071344 0.509208 -0.354331,
        -0.077843 0.506934 -0.354331,
        -0.083595 0.503219 -0.354331,
        -0.087419 0.499157 -0.354331,
        -0.090155 0.494301 -0.354331,
        -0.091993 0.488073 -0.354331,
        -0.092662 0.480237 -0.354331,
        -0.091939 0.471966 -0.354331,
        -0.089630 0.464565 -0.354331,
        -0.086308 0.459136 -0.354331,
        -0.081892 0.454774 -0.354331,
        -0.076522 0.451585 -0.354331,
        -0.069896 0.449517 -0.354331,
        -0.061589 0.448743 -0.354331,
        -0.050411 0.448743 -0.354331,
        -0.024484 0.448743 -0.350394,
        -0.024484 0.440101 -0.350394,
        0.017767 0.440101 -0.350394,
        0.017767 0.518841 -0.350394,
        -0.022564 0.518841 -0.350394,
        -0.022564 0.510199 -0.350394,
        0.007204 0.510199 -0.350394,
        0.007204 0.484272 -0.350394,
        -0.020643 0.484272 -0.350394,
        -0.020643 0.475630 -0.350394,
        0.007204 0.475630 -0.350394,
        0.007204 0.448743 -0.350394,
        0.033130 0.452824 -0.350394,
        0.033130 0.444182 -0.350394,
        0.041524 0.440736 -0.350394,
        0.054796 0.439141 -0.350394,
        0.052643 0.439178 -0.350394,
        0.091705 0.477986 -0.350394,
        0.090944 0.468867 -0.350394,
        0.088574 0.460532 -0.350394,
        0.084380 0.453045 -0.350394,
        0.078465 0.446819 -0.350394,
        0.072131 0.442774 -0.350394,
        0.064500 0.440147 -0.350394,
        0.051660 0.519802 -0.350394,
        0.059569 0.519156 -0.350394,
        0.068347 0.516606 -0.350394,
        0.075826 0.512301 -0.350394,
        0.082935 0.505464 -0.350394,
        0.087550 0.498102 -0.350394,
        0.090572 0.489180 -0.350394,
        0.042234 0.519151 -0.350394,
        0.033130 0.516681 -0.350394,
        0.033130 0.506118 -0.350394,
        0.051570 0.511159 -0.350394,
        0.042000 0.509916 -0.350394,
        0.081143 0.478631 -0.350394,
        0.080767 0.484757 -0.350394,
        0.078668 0.493187 -0.350394,
        0.075422 0.499267 -0.350394,
        0.070667 0.504516 -0.350394,
        0.065217 0.508162 -0.350394,
        0.059324 0.510289 -0.350394,
        0.053341 0.447783 -0.350394,
        0.060685 0.448607 -0.350394,
        0.066422 0.450719 -0.350394,
        0.071255 0.453976 -0.350394,
        0.074950 0.457874 -0.350394,
        0.078206 0.463334 -0.350394,
        0.080345 0.470107 -0.350394,
        0.034541 0.452043 -0.350394,
        0.042889 0.448943 -0.350394,
        0.098427 0.448743 -0.350394,
        0.098427 0.440101 -0.350394,
        0.138757 0.440101 -0.350394,
        0.138757 0.518841 -0.350394,
        0.128194 0.518841 -0.350394,
        0.128194 0.448743 -0.350394,
      ]
    }
    coordIndex [
      88, 89, 46, -1,
      46, 89, 45, -1,
      89, 90, 45, -1,
      45, 90, 44, -1,
      90, 91, 44, -1,
      44, 91, 47, -1,
      91, 92, 47, -1,
      47, 92, 48, -1,
      92, 93, 48, -1,
      48, 93, 49, -1,
      93, 94, 49, -1,
      49, 94, 50, -1,
      94, 95, 50, -1,
      50, 95, 51, -1,
      95, 88, 51, -1,
      51, 88, 46, -1,
      96, 92, 97, -1,
      97, 92, 91, -1,
      98, 95, 96, -1,
      96, 95, 94, -1,
      96, 94, 92, -1,
      92, 94, 93, -1,
      98, 99, 95, -1,
      95, 99, 100, -1,
      95, 100, 88, -1,
      88, 100, 101, -1,
      88, 101, 102, -1,
      102, 103, 88, -1,
      88, 103, 97, -1,
      88, 97, 89, -1,
      89, 97, 91, -1,
      89, 91, 90, -1,
      96, 97, 104, -1,
      104, 97, 105, -1,
      98, 96, 106, -1,
      106, 96, 104, -1,
      98, 106, 107, -1,
      98, 107, 99, -1,
      99, 107, 108, -1,
      99, 108, 100, -1,
      101, 100, 109, -1,
      109, 100, 108, -1,
      101, 109, 110, -1,
      101, 110, 102, -1,
      102, 110, 111, -1,
      102, 111, 103, -1,
      97, 103, 105, -1,
      105, 103, 111, -1,
      112, 113, 64, -1,
      64, 113, 65, -1,
      113, 114, 65, -1,
      65, 114, 66, -1,
      114, 115, 66, -1,
      66, 115, 56, -1,
      116, 68, 67, -1,
      116, 67, 117, -1,
      117, 67, 62, -1,
      117, 62, 118, -1,
      118, 62, 61, -1,
      118, 61, 119, -1,
      119, 61, 60, -1,
      119, 60, 120, -1,
      120, 60, 59, -1,
      120, 59, 121, -1,
      121, 59, 58, -1,
      121, 58, 122, -1,
      122, 58, 57, -1,
      122, 57, 123, -1,
      123, 57, 56, -1,
      123, 56, 115, -1,
      112, 64, 63, -1,
      112, 63, 124, -1,
      124, 63, 55, -1,
      124, 55, 125, -1,
      125, 55, 54, -1,
      125, 54, 126, -1,
      126, 54, 53, -1,
      126, 53, 127, -1,
      127, 53, 52, -1,
      127, 52, 128, -1,
      128, 52, 69, -1,
      128, 69, 129, -1,
      129, 69, 68, -1,
      129, 68, 116, -1,
      118, 119, 130, -1,
      130, 119, 120, -1,
      130, 120, 131, -1,
      131, 120, 121, -1,
      131, 121, 132, -1,
      132, 121, 122, -1,
      132, 122, 133, -1,
      133, 122, 123, -1,
      133, 123, 134, -1,
      134, 123, 115, -1,
      134, 115, 135, -1,
      135, 115, 114, -1,
      135, 114, 136, -1,
      136, 114, 113, -1,
      136, 113, 137, -1,
      137, 113, 112, -1,
      137, 112, 138, -1,
      138, 112, 124, -1,
      138, 124, 139, -1,
      139, 124, 125, -1,
      139, 125, 140, -1,
      140, 125, 126, -1,
      140, 126, 141, -1,
      141, 126, 127, -1,
      141, 127, 142, -1,
      142, 127, 128, -1,
      142, 128, 143, -1,
      143, 128, 129, -1,
      143, 129, 144, -1,
      144, 129, 116, -1,
      144, 116, 145, -1,
      145, 116, 117, -1,
      145, 117, 146, -1,
      146, 117, 118, -1,
      146, 118, 130, -1,
      134, 135, 147, -1,
      147, 135, 148, -1,
      134, 147, 149, -1,
      134, 149, 133, -1,
      133, 149, 150, -1,
      133, 150, 132, -1,
      132, 150, 151, -1,
      132, 151, 131, -1,
      131, 151, 152, -1,
      131, 152, 130, -1,
      130, 152, 153, -1,
      130, 153, 146, -1,
      146, 153, 154, -1,
      146, 154, 145, -1,
      145, 154, 155, -1,
      145, 155, 144, -1,
      144, 155, 156, -1,
      144, 156, 143, -1,
      143, 156, 157, -1,
      143, 157, 142, -1,
      142, 157, 158, -1,
      142, 158, 141, -1,
      141, 158, 159, -1,
      141, 159, 140, -1,
      140, 159, 160, -1,
      140, 160, 139, -1,
      139, 160, 161, -1,
      139, 161, 138, -1,
      138, 161, 162, -1,
      138, 162, 137, -1,
      136, 137, 163, -1,
      163, 137, 162, -1,
      135, 136, 148, -1,
      148, 136, 163, -1,
      164, 165, 72, -1,
      72, 165, 73, -1,
      165, 166, 73, -1,
      73, 166, 74, -1,
      166, 167, 74, -1,
      74, 167, 75, -1,
      167, 168, 75, -1,
      75, 168, 70, -1,
      168, 169, 70, -1,
      70, 169, 71, -1,
      169, 170, 71, -1,
      71, 170, 81, -1,
      170, 171, 81, -1,
      81, 171, 80, -1,
      171, 172, 80, -1,
      80, 172, 79, -1,
      172, 173, 79, -1,
      79, 173, 78, -1,
      173, 174, 78, -1,
      78, 174, 76, -1,
      174, 175, 76, -1,
      76, 175, 77, -1,
      175, 164, 77, -1,
      77, 164, 72, -1,
      166, 165, 164, -1,
      164, 175, 166, -1,
      166, 175, 174, -1,
      166, 174, 167, -1,
      169, 168, 170, -1,
      170, 168, 167, -1,
      170, 167, 171, -1,
      171, 167, 174, -1,
      171, 174, 172, -1,
      172, 174, 173, -1,
      176, 177, 3, -1,
      3, 177, 4, -1,
      4, 177, 178, -1,
      179, 41, 40, -1,
      179, 40, 180, -1,
      180, 40, 6, -1,
      180, 6, 178, -1,
      178, 6, 5, -1,
      178, 5, 4, -1,
      181, 34, 39, -1,
      181, 39, 182, -1,
      182, 39, 38, -1,
      182, 38, 183, -1,
      183, 38, 29, -1,
      183, 29, 184, -1,
      184, 29, 28, -1,
      184, 28, 185, -1,
      185, 28, 30, -1,
      185, 30, 186, -1,
      186, 30, 43, -1,
      186, 43, 187, -1,
      187, 43, 179, -1,
      179, 43, 42, -1,
      179, 42, 41, -1,
      25, 24, 188, -1,
      188, 24, 189, -1,
      24, 37, 189, -1,
      189, 37, 33, -1,
      189, 33, 190, -1,
      190, 33, 32, -1,
      190, 32, 191, -1,
      191, 32, 31, -1,
      191, 31, 192, -1,
      192, 31, 36, -1,
      192, 36, 193, -1,
      193, 36, 35, -1,
      193, 35, 194, -1,
      194, 35, 34, -1,
      194, 34, 181, -1,
      25, 188, 26, -1,
      26, 188, 195, -1,
      26, 195, 27, -1,
      27, 195, 196, -1,
      27, 196, 9, -1,
      196, 197, 9, -1,
      9, 197, 8, -1,
      198, 0, 7, -1,
      198, 7, 199, -1,
      199, 7, 8, -1,
      199, 8, 197, -1,
      200, 13, 23, -1,
      200, 23, 201, -1,
      201, 23, 22, -1,
      201, 22, 202, -1,
      202, 22, 12, -1,
      202, 12, 203, -1,
      203, 12, 11, -1,
      203, 11, 204, -1,
      204, 11, 10, -1,
      204, 10, 205, -1,
      205, 10, 1, -1,
      205, 1, 206, -1,
      206, 1, 0, -1,
      206, 0, 198, -1,
      207, 17, 16, -1,
      207, 16, 208, -1,
      208, 16, 18, -1,
      208, 18, 209, -1,
      209, 18, 19, -1,
      209, 19, 210, -1,
      210, 19, 20, -1,
      210, 20, 211, -1,
      211, 20, 15, -1,
      211, 15, 212, -1,
      212, 15, 14, -1,
      212, 14, 213, -1,
      213, 14, 13, -1,
      213, 13, 200, -1,
      176, 3, 2, -1,
      176, 2, 214, -1,
      214, 2, 21, -1,
      214, 21, 215, -1,
      215, 21, 17, -1,
      215, 17, 207, -1,
      208, 179, 207, -1,
      207, 179, 180, -1,
      207, 180, 215, -1,
      215, 180, 178, -1,
      215, 178, 214, -1,
      214, 178, 177, -1,
      214, 177, 176, -1,
      197, 196, 199, -1,
      199, 196, 195, -1,
      199, 195, 198, -1,
      198, 195, 188, -1,
      198, 188, 206, -1,
      206, 188, 189, -1,
      206, 189, 205, -1,
      205, 189, 190, -1,
      205, 190, 204, -1,
      204, 190, 191, -1,
      204, 191, 203, -1,
      203, 191, 192, -1,
      203, 192, 202, -1,
      202, 192, 193, -1,
      202, 193, 201, -1,
      201, 193, 194, -1,
      201, 194, 200, -1,
      200, 194, 181, -1,
      200, 181, 213, -1,
      213, 181, 182, -1,
      213, 182, 212, -1,
      212, 182, 183, -1,
      212, 183, 211, -1,
      211, 183, 184, -1,
      211, 184, 210, -1,
      210, 184, 185, -1,
      210, 185, 209, -1,
      209, 185, 186, -1,
      209, 186, 208, -1,
      208, 186, 187, -1,
      208, 187, 179, -1,
      216, 217, 82, -1,
      82, 217, 83, -1,
      217, 218, 83, -1,
      83, 218, 87, -1,
      218, 219, 87, -1,
      87, 219, 86, -1,
      219, 220, 86, -1,
      86, 220, 85, -1,
      220, 221, 85, -1,
      85, 221, 84, -1,
      221, 216, 84, -1,
      84, 216, 82, -1,
      220, 219, 221, -1,
      221, 219, 218, -1,
      221, 218, 216, -1,
      216, 218, 217, -1,
    ]
  }
}

Shape {
  appearance Appearance {
    material Material {
      diffuseColor 0.2510 0.2510 0.2510
      specularColor 0.1255 0.1255 0.1255
      ambientIntensity 0.2
      transparency 0.0000
      shininess 0.5
    }
  }
  geometry IndexedFaceSet {
    ccw TRUE
    solid FALSE
    coord DEF co Coordinate {
      point [
        -0.130681 0.470829 -0.354331,
        -0.157013 0.470829 -0.354331,
        -0.142430 0.503717 -0.354331,
        -0.143187 0.506448 -0.354331,
        -0.143690 0.509239 -0.354331,
        -0.143945 0.509239 -0.354331,
        -0.144459 0.506457 -0.354331,
        -0.145160 0.503717 -0.354331,
        -0.062024 0.510199 -0.354331,
        -0.050411 0.510199 -0.354331,
        -0.071344 0.509208 -0.354331,
        -0.077843 0.506934 -0.354331,
        -0.083595 0.503219 -0.354331,
        -0.087419 0.499157 -0.354331,
        -0.090155 0.494301 -0.354331,
        -0.091993 0.488073 -0.354331,
        -0.092662 0.480237 -0.354331,
        -0.091939 0.471966 -0.354331,
        -0.089630 0.464565 -0.354331,
        -0.086308 0.459136 -0.354331,
        -0.081892 0.454774 -0.354331,
        -0.076522 0.451585 -0.354331,
        -0.069896 0.449517 -0.354331,
        -0.061589 0.448743 -0.354331,
        -0.050411 0.448743 -0.354331,
      ]
    }
    coordIndex [
      0, 1, 2, -1,
      2, 1, 7, -1,
      2, 7, 3, -1,
      3, 7, 6, -1,
      3, 6, 4, -1,
      4, 6, 5, -1,
      9, 24, 8, -1,
      8, 24, 23, -1,
      8, 23, 22, -1,
      16, 15, 8, -1,
      8, 15, 14, -1,
      8, 14, 10, -1,
      22, 21, 8, -1,
      8, 21, 20, -1,
      8, 20, 19, -1,
      19, 18, 8, -1,
      8, 18, 17, -1,
      8, 17, 16, -1,
      13, 12, 14, -1,
      14, 12, 11, -1,
      14, 11, 10, -1,
    ]
  }
}

Shape {
  appearance Appearance {
    material Material {
      diffuseColor 0.7922 0.8196 0.9333
      specularColor 0.3961 0.4118 0.4667
      ambientIntensity 0.2
      transparency 0.0000
      shininess 0.5
    }
  }
  geometry IndexedFaceSet {
    ccw TRUE
    solid FALSE
    coord DEF co Coordinate {
      point [
        -0.539370 0.688976 -0.354331,
        -0.539370 0.570866 -0.354331,
        -0.444882 0.688976 -0.354331,
        -0.444882 0.570866 -0.354331,
        -0.484252 0.531496 -0.354331,
        -0.500000 0.531496 -0.354331,
        -0.539370 -0.570866 -0.354331,
        -0.500000 -0.531496 -0.354331,
        -0.484252 -0.531496 -0.354331,
        -0.444882 -0.570866 -0.354331,
        -0.444882 -0.688976 -0.354331,
        -0.539370 -0.688976 -0.354331,
        -0.248031 0.688976 -0.354331,
        -0.342520 0.688976 -0.354331,
        -0.248031 0.570866 -0.354331,
        -0.287402 0.531496 -0.354331,
        -0.303150 0.531496 -0.354331,
        -0.342520 0.570866 -0.354331,
        -0.787402 0.342520 -0.354331,
        -0.787402 0.248031 -0.354331,
        -0.669291 0.342520 -0.354331,
        -0.629921 0.303150 -0.354331,
        -0.629921 0.287402 -0.354331,
        -0.669291 0.248031 -0.354331,
        -0.342520 -0.570866 -0.354331,
        -0.303150 -0.531496 -0.354331,
        -0.287402 -0.531496 -0.354331,
        -0.248031 -0.570866 -0.354331,
        -0.248031 -0.688976 -0.354331,
        -0.342520 -0.688976 -0.354331,
        -0.051181 0.688976 -0.354331,
        -0.145669 0.688976 -0.354331,
        -0.051181 0.570866 -0.354331,
        -0.090551 0.531496 -0.354331,
        -0.106299 0.531496 -0.354331,
        -0.145669 0.570866 -0.354331,
        -0.145669 -0.570866 -0.354331,
        -0.106299 -0.531496 -0.354331,
        -0.090551 -0.531496 -0.354331,
        -0.051181 -0.570866 -0.354331,
        -0.051181 -0.688976 -0.354331,
        -0.145669 -0.688976 -0.354331,
        0.145669 0.688976 -0.354331,
        0.051181 0.688976 -0.354331,
        0.145669 0.570866 -0.354331,
        0.106299 0.531496 -0.354331,
        0.090551 0.531496 -0.354331,
        0.051181 0.570866 -0.354331,
        0.051181 -0.570866 -0.354331,
        0.090551 -0.531496 -0.354331,
        0.106299 -0.531496 -0.354331,
        0.145669 -0.570866 -0.354331,
        0.145669 -0.688976 -0.354331,
        0.051181 -0.688976 -0.354331,
        0.342520 0.688976 -0.354331,
        0.248031 0.688976 -0.354331,
        0.342520 0.570866 -0.354331,
        0.303150 0.531496 -0.354331,
        0.287402 0.531496 -0.354331,
        0.248031 0.570866 -0.354331,
        0.248031 -0.570866 -0.354331,
        0.287402 -0.531496 -0.354331,
        0.303150 -0.531496 -0.354331,
        0.342520 -0.570866 -0.354331,
        0.342520 -0.688976 -0.354331,
        0.248031 -0.688976 -0.354331,
        0.539370 0.688976 -0.354331,
        0.444882 0.688976 -0.354331,
        0.539370 0.570866 -0.354331,
        0.500000 0.531496 -0.354331,
        0.484252 0.531496 -0.354331,
        0.444882 0.570866 -0.354331,
        0.444882 -0.570866 -0.354331,
        0.484252 -0.531496 -0.354331,
        0.500000 -0.531496 -0.354331,
        0.539370 -0.570866 -0.354331,
        0.539370 -0.688976 -0.354331,
        0.444882 -0.688976 -0.354331,
        -0.629921 -0.303150 -0.354331,
        -0.669291 -0.342520 -0.354331,
        -0.787402 -0.342520 -0.354331,
        -0.787402 -0.248031 -0.354331,
        -0.669291 -0.248031 -0.354331,
        -0.629921 -0.287402 -0.354331,
        0.629921 -0.287402 -0.354331,
        0.669291 -0.248031 -0.354331,
        0.787402 -0.248031 -0.354331,
        0.787402 -0.342520 -0.354331,
        0.669291 -0.342520 -0.354331,
        0.629921 -0.303150 -0.354331,
        0.629921 0.303150 -0.354331,
        0.669291 0.342520 -0.354331,
        0.787402 0.342520 -0.354331,
        0.787402 0.248031 -0.354331,
        0.669291 0.248031 -0.354331,
        0.629921 0.287402 -0.354331,
        0.501969 -0.403543 -0.354331,
        0.501969 0.403543 -0.354331,
        -0.501969 -0.403543 -0.354331,
        -0.501969 0.403543 -0.354331,
        0.320363 0.403543 -0.354331,
        0.095066 0.531496 -0.354331,
        0.052168 0.562106 -0.354331,
        0.055080 0.553784 -0.354331,
        0.059770 0.546319 -0.354331,
        0.081791 0.532483 -0.354331,
        0.073469 0.535395 -0.354331,
        0.066004 0.540085 -0.354331,
        0.459705 -0.540085 -0.354331,
        0.453471 -0.546319 -0.354331,
        0.320363 -0.403543 -0.354331,
        0.338621 -0.553784 -0.354331,
        0.333930 -0.546319 -0.354331,
        0.445869 -0.562106 -0.354331,
        0.327696 -0.540085 -0.354331,
        0.320363 -0.535478 -0.354331,
        0.659102 0.341178 -0.354331,
        0.649606 0.337245 -0.354331,
        0.649606 -0.253306 -0.354331,
        0.641452 -0.259563 -0.354331,
        0.659102 0.249373 -0.354331,
        0.448781 -0.553784 -0.354331,
        0.341533 -0.562106 -0.354331,
        0.538383 -0.562106 -0.354331,
        0.535471 -0.553784 -0.354331,
        0.530781 -0.546319 -0.354331,
        0.524547 -0.540085 -0.354331,
        0.517082 -0.535395 -0.354331,
        0.508761 -0.532483 -0.354331,
        0.641452 0.330989 -0.354331,
        0.635196 0.322835 -0.354331,
        0.631263 0.313339 -0.354331,
        0.475491 -0.532483 -0.354331,
        0.467170 -0.535395 -0.354331,
        0.631263 -0.277212 -0.354331,
        0.635196 -0.322835 -0.354331,
        0.641452 -0.330989 -0.354331,
        0.649606 -0.337245 -0.354331,
        0.659102 -0.341178 -0.354331,
        0.631263 0.277212 -0.354331,
        0.635196 0.267717 -0.354331,
        0.641452 0.259563 -0.354331,
        0.649606 0.253306 -0.354331,
        0.635196 -0.267717 -0.354331,
        0.631263 -0.313339 -0.354331,
        0.659102 -0.249373 -0.354331,
        0.320231 -0.535395 -0.354331,
        0.311910 -0.532483 -0.354331,
        0.278641 -0.532483 -0.354331,
        0.095066 -0.403543 -0.354331,
        0.270320 -0.535395 -0.354331,
        0.262855 -0.540085 -0.354331,
        0.115060 -0.532483 -0.354331,
        0.249019 -0.562106 -0.354331,
        0.144682 -0.562106 -0.354331,
        0.141770 -0.553784 -0.354331,
        0.137080 -0.546319 -0.354331,
        0.130846 -0.540085 -0.354331,
        0.123381 -0.535395 -0.354331,
        0.251930 -0.553784 -0.354331,
        0.256621 -0.546319 -0.354331,
        0.025448 -0.403543 -0.354331,
        0.052168 -0.562106 -0.354331,
        0.073469 -0.535395 -0.354331,
        0.066004 -0.540085 -0.354331,
        0.095066 -0.531496 -0.354331,
        0.081791 -0.532483 -0.354331,
        0.059770 -0.546319 -0.354331,
        0.055080 -0.553784 -0.354331,
        -0.032167 -0.403543 -0.354331,
        -0.073469 -0.535395 -0.354331,
        -0.081791 -0.532483 -0.354331,
        -0.052168 -0.562106 -0.354331,
        -0.055080 -0.553784 -0.354331,
        -0.106106 -0.403543 -0.354331,
        -0.059770 -0.546319 -0.354331,
        -0.066004 -0.540085 -0.354331,
        -0.538383 -0.562106 -0.354331,
        -0.659102 -0.249373 -0.354331,
        -0.649606 -0.253306 -0.354331,
        -0.641452 -0.259563 -0.354331,
        -0.262855 -0.540085 -0.354331,
        -0.144682 -0.562106 -0.354331,
        -0.256621 -0.546319 -0.354331,
        -0.251930 -0.553784 -0.354331,
        -0.659102 -0.341178 -0.354331,
        -0.649606 -0.337245 -0.354331,
        -0.641452 -0.330989 -0.354331,
        -0.635196 0.322835 -0.354331,
        -0.641452 0.330989 -0.354331,
        -0.649606 0.337245 -0.354331,
        -0.659102 0.341178 -0.354331,
        -0.106106 -0.531496 -0.354331,
        -0.635196 -0.322835 -0.354331,
        -0.631263 -0.313339 -0.354331,
        -0.659102 0.249373 -0.354331,
        -0.649606 0.253306 -0.354331,
        -0.641452 0.259563 -0.354331,
        -0.635196 0.267717 -0.354331,
        -0.631263 0.277212 -0.354331,
        -0.631263 -0.277212 -0.354331,
        -0.635196 -0.267717 -0.354331,
        -0.631263 0.313339 -0.354331,
        -0.130846 -0.540085 -0.354331,
        -0.123381 -0.535395 -0.354331,
        -0.115060 -0.532483 -0.354331,
        -0.278641 -0.532483 -0.354331,
        -0.320231 -0.535395 -0.354331,
        -0.327696 -0.540085 -0.354331,
        -0.445869 -0.562106 -0.354331,
        -0.333930 -0.546319 -0.354331,
        -0.338621 -0.553784 -0.354331,
        -0.249019 -0.562106 -0.354331,
        -0.453471 -0.546319 -0.354331,
        -0.459705 -0.540085 -0.354331,
        -0.311910 -0.532483 -0.354331,
        -0.448781 -0.553784 -0.354331,
        -0.517082 -0.535395 -0.354331,
        -0.524547 -0.540085 -0.354331,
        -0.530781 -0.546319 -0.354331,
        -0.535471 -0.553784 -0.354331,
        -0.137080 -0.546319 -0.354331,
        -0.141770 -0.553784 -0.354331,
        -0.270320 -0.535395 -0.354331,
        -0.467170 -0.535395 -0.354331,
        -0.475491 -0.532483 -0.354331,
        -0.341533 -0.562106 -0.354331,
        -0.508761 -0.532483 -0.354331,
        -0.106106 0.403543 -0.354331,
        -0.032167 0.403543 -0.354331,
        0.025448 0.403543 -0.354331,
        0.095066 0.403543 -0.354331,
        0.333930 0.546319 -0.354331,
        0.338621 0.553784 -0.354331,
        0.445869 0.562106 -0.354331,
        0.508761 0.532483 -0.354331,
        0.517082 0.535395 -0.354331,
        0.448781 0.553784 -0.354331,
        0.453471 0.546319 -0.354331,
        0.459705 0.540085 -0.354331,
        0.524547 0.540085 -0.354331,
        0.530781 0.546319 -0.354331,
        0.535471 0.553784 -0.354331,
        0.341533 0.562106 -0.354331,
        0.467170 0.535395 -0.354331,
        0.475491 0.532483 -0.354331,
        0.538383 0.562106 -0.354331,
        0.311910 0.532483 -0.354331,
        0.320231 0.535395 -0.354331,
        0.320363 0.535478 -0.354331,
        0.327696 0.540085 -0.354331,
        0.262855 0.540085 -0.354331,
        0.144682 0.562106 -0.354331,
        0.256621 0.546319 -0.354331,
        0.251930 0.553784 -0.354331,
        0.270320 0.535395 -0.354331,
        0.278641 0.532483 -0.354331,
        0.115060 0.532483 -0.354331,
        0.123381 0.535395 -0.354331,
        0.130846 0.540085 -0.354331,
        0.137080 0.546319 -0.354331,
        0.141770 0.553784 -0.354331,
        0.249019 0.562106 -0.354331,
        -0.081791 0.532483 -0.354331,
        -0.073469 0.535395 -0.354331,
        -0.066004 0.540085 -0.354331,
        -0.059770 0.546319 -0.354331,
        -0.055080 0.553784 -0.354331,
        -0.052168 0.562106 -0.354331,
        -0.538383 0.562106 -0.354331,
        -0.535471 0.553784 -0.354331,
        -0.530781 0.546319 -0.354331,
        -0.524547 0.540085 -0.354331,
        -0.475491 0.532483 -0.354331,
        -0.278641 0.532483 -0.354331,
        -0.517082 0.535395 -0.354331,
        -0.508761 0.532483 -0.354331,
        -0.106106 0.531496 -0.354331,
        -0.115060 0.532483 -0.354331,
        -0.338621 0.553784 -0.354331,
        -0.333930 0.546319 -0.354331,
        -0.445869 0.562106 -0.354331,
        -0.327696 0.540085 -0.354331,
        -0.448781 0.553784 -0.354331,
        -0.320231 0.535395 -0.354331,
        -0.311910 0.532483 -0.354331,
        -0.453471 0.546319 -0.354331,
        -0.459705 0.540085 -0.354331,
        -0.467170 0.535395 -0.354331,
        -0.251930 0.553784 -0.354331,
        -0.130846 0.540085 -0.354331,
        -0.256621 0.546319 -0.354331,
        -0.262855 0.540085 -0.354331,
        -0.123381 0.535395 -0.354331,
        -0.270320 0.535395 -0.354331,
        -0.341533 0.562106 -0.354331,
        -0.144682 0.562106 -0.354331,
        -0.249019 0.562106 -0.354331,
        -0.141770 0.553784 -0.354331,
        -0.137080 0.546319 -0.354331,
        0.787402 -0.248031 -0.279528,
        0.787402 0.248031 -0.279528,
        0.787402 -0.342520 -0.279528,
        0.787402 0.342520 -0.279528,
        -0.248031 -0.688976 -0.279528,
        -0.145669 -0.688976 -0.279528,
        -0.051181 -0.688976 -0.279528,
        -0.539370 -0.688976 -0.279528,
        -0.444882 -0.688976 -0.279528,
        0.051181 -0.688976 -0.279528,
        -0.342520 -0.688976 -0.279528,
        0.145669 -0.688976 -0.279528,
        0.248031 -0.688976 -0.279528,
        0.342520 -0.688976 -0.279528,
        0.539370 -0.688976 -0.279528,
        0.444882 -0.688976 -0.279528,
        -0.787402 0.248031 -0.279528,
        -0.787402 -0.342520 -0.279528,
        -0.787402 -0.248031 -0.279528,
        -0.787402 0.342520 -0.279528,
        -0.051181 0.688976 -0.279528,
        -0.145669 0.688976 -0.279528,
        -0.342520 0.688976 -0.279528,
        -0.248031 0.688976 -0.279528,
        0.444882 0.688976 -0.279528,
        0.342520 0.688976 -0.279528,
        -0.539370 0.688976 -0.279528,
        -0.444882 0.688976 -0.279528,
        0.539370 0.688976 -0.279528,
        0.248031 0.688976 -0.279528,
        0.051181 0.688976 -0.279528,
        0.145669 0.688976 -0.279528,
        -0.539370 0.570866 -0.279528,
        -0.500000 0.531496 -0.279528,
        -0.508761 0.532483 -0.279528,
        -0.517082 0.535395 -0.279528,
        -0.524547 0.540085 -0.279528,
        -0.530781 0.546319 -0.279528,
        -0.535471 0.553784 -0.279528,
        -0.538383 0.562106 -0.279528,
        -0.484252 0.531496 -0.279528,
        -0.444882 0.570866 -0.279528,
        -0.445869 0.562106 -0.279528,
        -0.448781 0.553784 -0.279528,
        -0.453471 0.546319 -0.279528,
        -0.459705 0.540085 -0.279528,
        -0.467170 0.535395 -0.279528,
        -0.475491 0.532483 -0.279528,
        0.248031 0.570866 -0.279528,
        0.287402 0.531496 -0.279528,
        0.278641 0.532483 -0.279528,
        0.270320 0.535395 -0.279528,
        0.262855 0.540085 -0.279528,
        0.256621 0.546319 -0.279528,
        0.251930 0.553784 -0.279528,
        0.249019 0.562106 -0.279528,
        0.303150 0.531496 -0.279528,
        0.342520 0.570866 -0.279528,
        0.341533 0.562106 -0.279528,
        0.338621 0.553784 -0.279528,
        0.333930 0.546319 -0.279528,
        0.327696 0.540085 -0.279528,
        0.320231 0.535395 -0.279528,
        0.311910 0.532483 -0.279528,
        0.444882 0.570866 -0.279528,
        0.484252 0.531496 -0.279528,
        0.475491 0.532483 -0.279528,
        0.467170 0.535395 -0.279528,
        0.459705 0.540085 -0.279528,
        0.453471 0.546319 -0.279528,
        0.448781 0.553784 -0.279528,
        0.445869 0.562106 -0.279528,
        0.500000 0.531496 -0.279528,
        0.539370 0.570866 -0.279528,
        0.538383 0.562106 -0.279528,
        0.535471 0.553784 -0.279528,
        0.530781 0.546319 -0.279528,
        0.524547 0.540085 -0.279528,
        0.517082 0.535395 -0.279528,
        0.508761 0.532483 -0.279528,
        0.051181 0.570866 -0.279528,
        0.090551 0.531496 -0.279528,
        0.081791 0.532483 -0.279528,
        0.073469 0.535395 -0.279528,
        0.066004 0.540085 -0.279528,
        0.059770 0.546319 -0.279528,
        0.055080 0.553784 -0.279528,
        0.052168 0.562106 -0.279528,
        0.106299 0.531496 -0.279528,
        0.145669 0.570866 -0.279528,
        0.144682 0.562106 -0.279528,
        0.141770 0.553784 -0.279528,
        0.137080 0.546319 -0.279528,
        0.130846 0.540085 -0.279528,
        0.123381 0.535395 -0.279528,
        0.115060 0.532483 -0.279528,
        -0.145669 0.570866 -0.279528,
        -0.106299 0.531496 -0.279528,
        -0.115060 0.532483 -0.279528,
        -0.123381 0.535395 -0.279528,
        -0.130846 0.540085 -0.279528,
        -0.137080 0.546319 -0.279528,
        -0.141770 0.553784 -0.279528,
        -0.144682 0.562106 -0.279528,
        -0.090551 0.531496 -0.279528,
        -0.051181 0.570866 -0.279528,
        -0.052168 0.562106 -0.279528,
        -0.055080 0.553784 -0.279528,
        -0.059770 0.546319 -0.279528,
        -0.066004 0.540085 -0.279528,
        -0.073469 0.535395 -0.279528,
        -0.081791 0.532483 -0.279528,
        -0.342520 0.570866 -0.279528,
        -0.303150 0.531496 -0.279528,
        -0.311910 0.532483 -0.279528,
        -0.320231 0.535395 -0.279528,
        -0.327696 0.540085 -0.279528,
        -0.333930 0.546319 -0.279528,
        -0.338621 0.553784 -0.279528,
        -0.341533 0.562106 -0.279528,
        -0.287402 0.531496 -0.279528,
        -0.248031 0.570866 -0.279528,
        -0.249019 0.562106 -0.279528,
        -0.251930 0.553784 -0.279528,
        -0.256621 0.546319 -0.279528,
        -0.262855 0.540085 -0.279528,
        -0.270320 0.535395 -0.279528,
        -0.278641 0.532483 -0.279528,
        -0.629921 -0.303150 -0.279528,
        -0.631263 -0.313339 -0.279528,
        -0.635196 -0.322835 -0.279528,
        -0.641452 -0.330989 -0.279528,
        -0.649606 -0.337245 -0.279528,
        -0.659102 -0.341178 -0.279528,
        -0.669291 -0.342520 -0.279528,
        -0.629921 -0.287402 -0.279528,
        -0.669291 -0.248031 -0.279528,
        -0.659102 -0.249373 -0.279528,
        -0.649606 -0.253306 -0.279528,
        -0.641452 -0.259563 -0.279528,
        -0.635196 -0.267717 -0.279528,
        -0.631263 -0.277212 -0.279528,
        -0.669291 0.248031 -0.279528,
        -0.629921 0.287402 -0.279528,
        -0.631263 0.277212 -0.279528,
        -0.635196 0.267717 -0.279528,
        -0.641452 0.259563 -0.279528,
        -0.649606 0.253306 -0.279528,
        -0.659102 0.249373 -0.279528,
        -0.629921 0.303150 -0.279528,
        -0.669291 0.342520 -0.279528,
        -0.659102 0.341178 -0.279528,
        -0.649606 0.337245 -0.279528,
        -0.641452 0.330989 -0.279528,
        -0.635196 0.322835 -0.279528,
        -0.631263 0.313339 -0.279528,
        0.248031 -0.570866 -0.279528,
        0.249019 -0.562106 -0.279528,
        0.251930 -0.553784 -0.279528,
        0.256621 -0.546319 -0.279528,
        0.262855 -0.540085 -0.279528,
        0.270320 -0.535395 -0.279528,
        0.278641 -0.532483 -0.279528,
        0.287402 -0.531496 -0.279528,
        0.342520 -0.570866 -0.279528,
        0.303150 -0.531496 -0.279528,
        0.311910 -0.532483 -0.279528,
        0.320231 -0.535395 -0.279528,
        0.327696 -0.540085 -0.279528,
        0.333930 -0.546319 -0.279528,
        0.338621 -0.553784 -0.279528,
        0.341533 -0.562106 -0.279528,
        0.444882 -0.570866 -0.279528,
        0.445869 -0.562106 -0.279528,
        0.448781 -0.553784 -0.279528,
        0.453471 -0.546319 -0.279528,
        0.459705 -0.540085 -0.279528,
        0.467170 -0.535395 -0.279528,
        0.475491 -0.532483 -0.279528,
        0.484252 -0.531496 -0.279528,
        0.539370 -0.570866 -0.279528,
        0.500000 -0.531496 -0.279528,
        0.508761 -0.532483 -0.279528,
        0.517082 -0.535395 -0.279528,
        0.524547 -0.540085 -0.279528,
        0.530781 -0.546319 -0.279528,
        0.535471 -0.553784 -0.279528,
        0.538383 -0.562106 -0.279528,
        0.051181 -0.570866 -0.279528,
        0.052168 -0.562106 -0.279528,
        0.055080 -0.553784 -0.279528,
        0.059770 -0.546319 -0.279528,
        0.066004 -0.540085 -0.279528,
        0.073469 -0.535395 -0.279528,
        0.081791 -0.532483 -0.279528,
        0.090551 -0.531496 -0.279528,
        0.145669 -0.570866 -0.279528,
        0.106299 -0.531496 -0.279528,
        0.115060 -0.532483 -0.279528,
        0.123381 -0.535395 -0.279528,
        0.130846 -0.540085 -0.279528,
        0.137080 -0.546319 -0.279528,
        0.141770 -0.553784 -0.279528,
        0.144682 -0.562106 -0.279528,
        -0.145669 -0.570866 -0.279528,
        -0.144682 -0.562106 -0.279528,
        -0.141770 -0.553784 -0.279528,
        -0.137080 -0.546319 -0.279528,
        -0.130846 -0.540085 -0.279528,
        -0.123381 -0.535395 -0.279528,
        -0.115060 -0.532483 -0.279528,
        -0.106299 -0.531496 -0.279528,
        -0.051181 -0.570866 -0.279528,
        -0.090551 -0.531496 -0.279528,
        -0.081791 -0.532483 -0.279528,
        -0.073469 -0.535395 -0.279528,
        -0.066004 -0.540085 -0.279528,
        -0.059770 -0.546319 -0.279528,
        -0.055080 -0.553784 -0.279528,
        -0.052168 -0.562106 -0.279528,
        -0.539370 -0.570866 -0.279528,
        -0.538383 -0.562106 -0.279528,
        -0.535471 -0.553784 -0.279528,
        -0.530781 -0.546319 -0.279528,
        -0.524547 -0.540085 -0.279528,
        -0.517082 -0.535395 -0.279528,
        -0.508761 -0.532483 -0.279528,
        -0.500000 -0.531496 -0.279528,
        -0.444882 -0.570866 -0.279528,
        -0.484252 -0.531496 -0.279528,
        -0.475491 -0.532483 -0.279528,
        -0.467170 -0.535395 -0.279528,
        -0.459705 -0.540085 -0.279528,
        -0.453471 -0.546319 -0.279528,
        -0.448781 -0.553784 -0.279528,
        -0.445869 -0.562106 -0.279528,
        -0.342520 -0.570866 -0.279528,
        -0.341533 -0.562106 -0.279528,
        -0.338621 -0.553784 -0.279528,
        -0.333930 -0.546319 -0.279528,
        -0.327696 -0.540085 -0.279528,
        -0.320231 -0.535395 -0.279528,
        -0.311910 -0.532483 -0.279528,
        -0.303150 -0.531496 -0.279528,
        -0.248031 -0.570866 -0.279528,
        -0.287402 -0.531496 -0.279528,
        -0.278641 -0.532483 -0.279528,
        -0.270320 -0.535395 -0.279528,
        -0.262855 -0.540085 -0.279528,
        -0.256621 -0.546319 -0.279528,
        -0.251930 -0.553784 -0.279528,
        -0.249019 -0.562106 -0.279528,
        0.629921 0.303150 -0.279528,
        0.631263 0.313339 -0.279528,
        0.635196 0.322835 -0.279528,
        0.641452 0.330989 -0.279528,
        0.649606 0.337245 -0.279528,
        0.659102 0.341178 -0.279528,
        0.669291 0.342520 -0.279528,
        0.629921 0.287402 -0.279528,
        0.669291 0.248031 -0.279528,
        0.659102 0.249373 -0.279528,
        0.649606 0.253306 -0.279528,
        0.641452 0.259563 -0.279528,
        0.635196 0.267717 -0.279528,
        0.631263 0.277212 -0.279528,
        0.629921 -0.287402 -0.279528,
        0.631263 -0.277212 -0.279528,
        0.635196 -0.267717 -0.279528,
        0.641452 -0.259563 -0.279528,
        0.649606 -0.253306 -0.279528,
        0.659102 -0.249373 -0.279528,
        0.669291 -0.248031 -0.279528,
        0.629921 -0.303150 -0.279528,
        0.669291 -0.342520 -0.279528,
        0.659102 -0.341178 -0.279528,
        0.649606 -0.337245 -0.279528,
        0.641452 -0.330989 -0.279528,
        0.635196 -0.322835 -0.279528,
        0.631263 -0.313339 -0.279528,
        0.501969 -0.403543 -0.279528,
        0.501969 0.403543 -0.279528,
        -0.501969 0.403543 -0.279528,
        -0.501969 -0.403543 -0.279528,
      ]
    }
    coordIndex [
      326, 332, 0, -1,
      0, 332, 1, -1,
      333, 5, 334, -1,
      334, 5, 276, -1,
      334, 276, 335, -1,
      335, 276, 275, -1,
      335, 275, 336, -1,
      336, 275, 272, -1,
      336, 272, 337, -1,
      337, 272, 271, -1,
      337, 271, 338, -1,
      338, 271, 270, -1,
      338, 270, 339, -1,
      339, 270, 269, -1,
      339, 269, 332, -1,
      332, 269, 1, -1,
      333, 340, 5, -1,
      5, 340, 4, -1,
      341, 3, 342, -1,
      342, 3, 281, -1,
      342, 281, 343, -1,
      343, 281, 283, -1,
      343, 283, 344, -1,
      344, 283, 286, -1,
      344, 286, 345, -1,
      345, 286, 287, -1,
      345, 287, 346, -1,
      346, 287, 288, -1,
      346, 288, 347, -1,
      347, 288, 273, -1,
      347, 273, 340, -1,
      340, 273, 4, -1,
      341, 327, 3, -1,
      3, 327, 2, -1,
      326, 327, 332, -1,
      332, 327, 341, -1,
      344, 340, 343, -1,
      343, 340, 342, -1,
      344, 345, 340, -1,
      340, 345, 346, -1,
      340, 346, 347, -1,
      333, 337, 338, -1,
      333, 334, 337, -1,
      337, 334, 335, -1,
      337, 335, 336, -1,
      338, 339, 333, -1,
      333, 339, 332, -1,
      333, 332, 340, -1,
      340, 332, 341, -1,
      340, 341, 342, -1,
      329, 348, 55, -1,
      55, 348, 59, -1,
      349, 58, 350, -1,
      350, 58, 256, -1,
      350, 256, 351, -1,
      351, 256, 255, -1,
      351, 255, 352, -1,
      352, 255, 251, -1,
      352, 251, 353, -1,
      353, 251, 253, -1,
      353, 253, 354, -1,
      354, 253, 254, -1,
      354, 254, 355, -1,
      355, 254, 262, -1,
      355, 262, 348, -1,
      348, 262, 59, -1,
      349, 356, 58, -1,
      58, 356, 57, -1,
      357, 56, 358, -1,
      358, 56, 243, -1,
      358, 243, 359, -1,
      359, 243, 233, -1,
      359, 233, 360, -1,
      360, 233, 232, -1,
      360, 232, 361, -1,
      232, 250, 361, -1,
      361, 250, 249, -1,
      361, 249, 362, -1,
      362, 249, 248, -1,
      362, 248, 363, -1,
      363, 248, 247, -1,
      363, 247, 356, -1,
      356, 247, 57, -1,
      357, 325, 56, -1,
      56, 325, 54, -1,
      329, 325, 357, -1,
      363, 356, 329, -1,
      329, 356, 349, -1,
      329, 349, 348, -1,
      348, 349, 355, -1,
      351, 352, 353, -1,
      351, 353, 350, -1,
      357, 358, 329, -1,
      329, 358, 359, -1,
      329, 359, 360, -1,
      360, 361, 329, -1,
      329, 361, 362, -1,
      329, 362, 363, -1,
      350, 353, 349, -1,
      349, 353, 354, -1,
      349, 354, 355, -1,
      324, 364, 67, -1,
      67, 364, 71, -1,
      365, 70, 366, -1,
      366, 70, 245, -1,
      366, 245, 367, -1,
      367, 245, 244, -1,
      367, 244, 368, -1,
      368, 244, 239, -1,
      368, 239, 369, -1,
      369, 239, 238, -1,
      369, 238, 370, -1,
      370, 238, 237, -1,
      370, 237, 371, -1,
      371, 237, 234, -1,
      371, 234, 364, -1,
      364, 234, 71, -1,
      365, 372, 70, -1,
      70, 372, 69, -1,
      373, 68, 374, -1,
      374, 68, 246, -1,
      374, 246, 375, -1,
      375, 246, 242, -1,
      375, 242, 376, -1,
      376, 242, 241, -1,
      376, 241, 377, -1,
      377, 241, 240, -1,
      377, 240, 378, -1,
      378, 240, 236, -1,
      378, 236, 379, -1,
      379, 236, 235, -1,
      379, 235, 372, -1,
      372, 235, 69, -1,
      373, 328, 68, -1,
      68, 328, 66, -1,
      324, 328, 364, -1,
      364, 328, 373, -1,
      376, 372, 375, -1,
      375, 372, 374, -1,
      376, 377, 372, -1,
      372, 377, 378, -1,
      372, 378, 379, -1,
      365, 369, 370, -1,
      365, 366, 369, -1,
      369, 366, 367, -1,
      369, 367, 368, -1,
      370, 371, 365, -1,
      365, 371, 364, -1,
      365, 364, 372, -1,
      372, 364, 373, -1,
      372, 373, 374, -1,
      330, 380, 43, -1,
      43, 380, 47, -1,
      381, 46, 382, -1,
      382, 46, 105, -1,
      382, 105, 383, -1,
      383, 105, 106, -1,
      383, 106, 384, -1,
      384, 106, 107, -1,
      384, 107, 385, -1,
      385, 107, 104, -1,
      385, 104, 386, -1,
      386, 104, 103, -1,
      386, 103, 387, -1,
      387, 103, 102, -1,
      387, 102, 380, -1,
      380, 102, 47, -1,
      46, 381, 101, -1,
      101, 381, 388, -1,
      101, 388, 45, -1,
      389, 44, 390, -1,
      390, 44, 252, -1,
      390, 252, 391, -1,
      391, 252, 261, -1,
      391, 261, 392, -1,
      392, 261, 260, -1,
      392, 260, 393, -1,
      393, 260, 259, -1,
      393, 259, 394, -1,
      394, 259, 258, -1,
      394, 258, 395, -1,
      395, 258, 257, -1,
      395, 257, 388, -1,
      388, 257, 45, -1,
      389, 331, 44, -1,
      44, 331, 42, -1,
      330, 331, 389, -1,
      395, 388, 330, -1,
      330, 388, 381, -1,
      330, 381, 380, -1,
      380, 381, 387, -1,
      383, 384, 385, -1,
      392, 393, 330, -1,
      330, 393, 394, -1,
      330, 394, 395, -1,
      383, 385, 382, -1,
      389, 390, 330, -1,
      330, 390, 391, -1,
      330, 391, 392, -1,
      382, 385, 381, -1,
      381, 385, 386, -1,
      381, 386, 387, -1,
      321, 396, 31, -1,
      31, 396, 35, -1,
      397, 34, 398, -1,
      398, 34, 278, -1,
      398, 278, 399, -1,
      399, 278, 293, -1,
      399, 293, 400, -1,
      400, 293, 290, -1,
      400, 290, 401, -1,
      401, 290, 299, -1,
      401, 299, 402, -1,
      402, 299, 298, -1,
      402, 298, 403, -1,
      403, 298, 296, -1,
      403, 296, 396, -1,
      396, 296, 35, -1,
      34, 397, 277, -1,
      277, 397, 404, -1,
      277, 404, 33, -1,
      405, 32, 406, -1,
      406, 32, 268, -1,
      406, 268, 407, -1,
      407, 268, 267, -1,
      407, 267, 408, -1,
      408, 267, 266, -1,
      408, 266, 409, -1,
      409, 266, 265, -1,
      409, 265, 410, -1,
      410, 265, 264, -1,
      410, 264, 411, -1,
      411, 264, 263, -1,
      411, 263, 404, -1,
      404, 263, 33, -1,
      405, 320, 32, -1,
      32, 320, 30, -1,
      409, 410, 321, -1,
      410, 411, 321, -1,
      321, 411, 404, -1,
      321, 404, 397, -1,
      402, 403, 397, -1,
      397, 403, 396, -1,
      397, 396, 321, -1,
      320, 405, 321, -1,
      321, 405, 406, -1,
      399, 400, 401, -1,
      406, 407, 321, -1,
      321, 407, 408, -1,
      321, 408, 409, -1,
      402, 397, 401, -1,
      401, 397, 398, -1,
      401, 398, 399, -1,
      322, 412, 13, -1,
      13, 412, 17, -1,
      413, 16, 414, -1,
      414, 16, 285, -1,
      414, 285, 415, -1,
      415, 285, 284, -1,
      415, 284, 416, -1,
      416, 284, 282, -1,
      416, 282, 417, -1,
      417, 282, 280, -1,
      417, 280, 418, -1,
      418, 280, 279, -1,
      418, 279, 419, -1,
      419, 279, 295, -1,
      419, 295, 412, -1,
      412, 295, 17, -1,
      413, 420, 16, -1,
      16, 420, 15, -1,
      421, 14, 422, -1,
      422, 14, 297, -1,
      422, 297, 423, -1,
      423, 297, 289, -1,
      423, 289, 424, -1,
      424, 289, 291, -1,
      424, 291, 425, -1,
      425, 291, 292, -1,
      425, 292, 426, -1,
      426, 292, 294, -1,
      426, 294, 427, -1,
      427, 294, 274, -1,
      427, 274, 420, -1,
      420, 274, 15, -1,
      421, 323, 14, -1,
      14, 323, 12, -1,
      322, 323, 421, -1,
      427, 420, 322, -1,
      322, 420, 413, -1,
      322, 413, 412, -1,
      412, 413, 419, -1,
      415, 416, 417, -1,
      415, 417, 414, -1,
      421, 422, 322, -1,
      322, 422, 423, -1,
      322, 423, 424, -1,
      424, 425, 322, -1,
      322, 425, 426, -1,
      322, 426, 427, -1,
      414, 417, 413, -1,
      413, 417, 418, -1,
      413, 418, 419, -1,
      428, 78, 429, -1,
      429, 78, 194, -1,
      429, 194, 430, -1,
      430, 194, 193, -1,
      430, 193, 431, -1,
      431, 193, 187, -1,
      431, 187, 432, -1,
      432, 187, 186, -1,
      432, 186, 433, -1,
      433, 186, 185, -1,
      433, 185, 434, -1,
      434, 185, 79, -1,
      428, 435, 78, -1,
      78, 435, 83, -1,
      436, 82, 437, -1,
      437, 82, 178, -1,
      437, 178, 438, -1,
      438, 178, 179, -1,
      438, 179, 439, -1,
      439, 179, 180, -1,
      439, 180, 440, -1,
      440, 180, 201, -1,
      440, 201, 441, -1,
      441, 201, 200, -1,
      441, 200, 435, -1,
      435, 200, 83, -1,
      436, 318, 82, -1,
      82, 318, 81, -1,
      317, 434, 80, -1,
      80, 434, 79, -1,
      441, 435, 317, -1,
      317, 435, 428, -1,
      317, 428, 434, -1,
      434, 428, 433, -1,
      318, 436, 317, -1,
      317, 436, 437, -1,
      317, 437, 438, -1,
      438, 439, 317, -1,
      317, 439, 440, -1,
      317, 440, 441, -1,
      428, 429, 433, -1,
      433, 429, 430, -1,
      433, 430, 432, -1,
      432, 430, 431, -1,
      316, 442, 19, -1,
      19, 442, 23, -1,
      443, 22, 444, -1,
      444, 22, 199, -1,
      444, 199, 445, -1,
      445, 199, 198, -1,
      445, 198, 446, -1,
      446, 198, 197, -1,
      446, 197, 447, -1,
      447, 197, 196, -1,
      447, 196, 448, -1,
      448, 196, 195, -1,
      448, 195, 442, -1,
      442, 195, 23, -1,
      443, 449, 22, -1,
      22, 449, 21, -1,
      450, 20, 451, -1,
      451, 20, 191, -1,
      451, 191, 452, -1,
      452, 191, 190, -1,
      452, 190, 453, -1,
      453, 190, 189, -1,
      453, 189, 454, -1,
      454, 189, 188, -1,
      454, 188, 455, -1,
      455, 188, 202, -1,
      455, 202, 449, -1,
      449, 202, 21, -1,
      450, 319, 20, -1,
      20, 319, 18, -1,
      316, 319, 442, -1,
      442, 319, 450, -1,
      452, 453, 454, -1,
      443, 442, 449, -1,
      449, 442, 450, -1,
      449, 450, 455, -1,
      455, 450, 454, -1,
      454, 450, 451, -1,
      454, 451, 452, -1,
      445, 446, 447, -1,
      443, 444, 442, -1,
      442, 444, 445, -1,
      442, 445, 448, -1,
      448, 445, 447, -1,
      456, 60, 457, -1,
      457, 60, 153, -1,
      457, 153, 458, -1,
      458, 153, 159, -1,
      458, 159, 459, -1,
      459, 159, 160, -1,
      459, 160, 460, -1,
      460, 160, 151, -1,
      460, 151, 461, -1,
      461, 151, 150, -1,
      461, 150, 462, -1,
      462, 150, 148, -1,
      462, 148, 463, -1,
      463, 148, 61, -1,
      456, 312, 60, -1,
      60, 312, 65, -1,
      313, 464, 64, -1,
      64, 464, 63, -1,
      465, 62, 466, -1,
      466, 62, 147, -1,
      466, 147, 467, -1,
      467, 147, 146, -1,
      467, 146, 468, -1,
      146, 115, 468, -1,
      468, 115, 114, -1,
      468, 114, 469, -1,
      469, 114, 112, -1,
      469, 112, 470, -1,
      470, 112, 111, -1,
      470, 111, 471, -1,
      471, 111, 122, -1,
      471, 122, 464, -1,
      464, 122, 63, -1,
      465, 463, 62, -1,
      62, 463, 61, -1,
      313, 312, 456, -1,
      462, 463, 313, -1,
      313, 463, 465, -1,
      313, 465, 464, -1,
      464, 465, 471, -1,
      456, 457, 313, -1,
      313, 457, 458, -1,
      313, 458, 459, -1,
      459, 460, 313, -1,
      313, 460, 461, -1,
      313, 461, 462, -1,
      468, 469, 467, -1,
      467, 469, 466, -1,
      466, 469, 465, -1,
      465, 469, 470, -1,
      465, 470, 471, -1,
      472, 72, 473, -1,
      473, 72, 113, -1,
      473, 113, 474, -1,
      474, 113, 121, -1,
      474, 121, 475, -1,
      475, 121, 109, -1,
      475, 109, 476, -1,
      476, 109, 108, -1,
      476, 108, 477, -1,
      477, 108, 133, -1,
      477, 133, 478, -1,
      478, 133, 132, -1,
      478, 132, 479, -1,
      479, 132, 73, -1,
      472, 315, 72, -1,
      72, 315, 77, -1,
      314, 480, 76, -1,
      76, 480, 75, -1,
      481, 74, 482, -1,
      482, 74, 128, -1,
      482, 128, 483, -1,
      483, 128, 127, -1,
      483, 127, 484, -1,
      484, 127, 126, -1,
      484, 126, 485, -1,
      485, 126, 125, -1,
      485, 125, 486, -1,
      486, 125, 124, -1,
      486, 124, 487, -1,
      487, 124, 123, -1,
      487, 123, 480, -1,
      480, 123, 75, -1,
      481, 479, 74, -1,
      74, 479, 73, -1,
      480, 314, 481, -1,
      480, 481, 487, -1,
      315, 472, 314, -1,
      314, 472, 473, -1,
      314, 473, 474, -1,
      477, 478, 314, -1,
      314, 478, 479, -1,
      314, 479, 481, -1,
      474, 475, 314, -1,
      314, 475, 476, -1,
      314, 476, 477, -1,
      484, 485, 483, -1,
      483, 485, 482, -1,
      482, 485, 481, -1,
      481, 485, 486, -1,
      481, 486, 487, -1,
      488, 48, 489, -1,
      489, 48, 162, -1,
      489, 162, 490, -1,
      490, 162, 168, -1,
      490, 168, 491, -1,
      491, 168, 167, -1,
      491, 167, 492, -1,
      492, 167, 164, -1,
      492, 164, 493, -1,
      493, 164, 163, -1,
      493, 163, 494, -1,
      494, 163, 166, -1,
      494, 166, 495, -1,
      495, 166, 49, -1,
      488, 309, 48, -1,
      48, 309, 53, -1,
      311, 496, 52, -1,
      52, 496, 51, -1,
      497, 50, 498, -1,
      498, 50, 152, -1,
      498, 152, 499, -1,
      499, 152, 158, -1,
      499, 158, 500, -1,
      500, 158, 157, -1,
      500, 157, 501, -1,
      501, 157, 156, -1,
      501, 156, 502, -1,
      502, 156, 155, -1,
      502, 155, 503, -1,
      503, 155, 154, -1,
      503, 154, 496, -1,
      496, 154, 51, -1,
      50, 497, 165, -1,
      165, 497, 495, -1,
      165, 495, 49, -1,
      311, 309, 488, -1,
      494, 495, 311, -1,
      311, 495, 497, -1,
      491, 492, 311, -1,
      311, 492, 493, -1,
      311, 493, 494, -1,
      497, 501, 502, -1,
      488, 489, 311, -1,
      311, 489, 490, -1,
      311, 490, 491, -1,
      501, 497, 500, -1,
      500, 497, 498, -1,
      500, 498, 499, -1,
      502, 503, 497, -1,
      497, 503, 496, -1,
      497, 496, 311, -1,
      504, 36, 505, -1,
      505, 36, 182, -1,
      505, 182, 506, -1,
      506, 182, 222, -1,
      506, 222, 507, -1,
      507, 222, 221, -1,
      507, 221, 508, -1,
      508, 221, 203, -1,
      508, 203, 509, -1,
      509, 203, 204, -1,
      509, 204, 510, -1,
      510, 204, 205, -1,
      510, 205, 511, -1,
      511, 205, 37, -1,
      504, 305, 36, -1,
      36, 305, 41, -1,
      306, 512, 40, -1,
      40, 512, 39, -1,
      513, 38, 514, -1,
      514, 38, 171, -1,
      514, 171, 515, -1,
      515, 171, 170, -1,
      515, 170, 516, -1,
      516, 170, 176, -1,
      516, 176, 517, -1,
      517, 176, 175, -1,
      517, 175, 518, -1,
      518, 175, 173, -1,
      518, 173, 519, -1,
      519, 173, 172, -1,
      519, 172, 512, -1,
      512, 172, 39, -1,
      511, 37, 513, -1,
      513, 37, 192, -1,
      513, 192, 38, -1,
      306, 305, 504, -1,
      510, 511, 306, -1,
      306, 511, 513, -1,
      306, 513, 512, -1,
      512, 513, 519, -1,
      515, 516, 517, -1,
      507, 508, 306, -1,
      306, 508, 509, -1,
      306, 509, 510, -1,
      515, 517, 514, -1,
      504, 505, 306, -1,
      306, 505, 506, -1,
      306, 506, 507, -1,
      514, 517, 513, -1,
      513, 517, 518, -1,
      513, 518, 519, -1,
      520, 6, 521, -1,
      521, 6, 177, -1,
      521, 177, 522, -1,
      522, 177, 220, -1,
      522, 220, 523, -1,
      523, 220, 219, -1,
      523, 219, 524, -1,
      524, 219, 218, -1,
      524, 218, 525, -1,
      525, 218, 217, -1,
      525, 217, 526, -1,
      526, 217, 227, -1,
      526, 227, 527, -1,
      527, 227, 7, -1,
      520, 307, 6, -1,
      6, 307, 11, -1,
      308, 528, 10, -1,
      10, 528, 9, -1,
      529, 8, 530, -1,
      530, 8, 225, -1,
      530, 225, 531, -1,
      531, 225, 224, -1,
      531, 224, 532, -1,
      532, 224, 214, -1,
      532, 214, 533, -1,
      533, 214, 213, -1,
      533, 213, 534, -1,
      534, 213, 216, -1,
      534, 216, 535, -1,
      535, 216, 209, -1,
      535, 209, 528, -1,
      528, 209, 9, -1,
      529, 527, 8, -1,
      8, 527, 7, -1,
      528, 308, 529, -1,
      528, 529, 535, -1,
      307, 520, 308, -1,
      308, 520, 521, -1,
      308, 521, 522, -1,
      525, 526, 308, -1,
      308, 526, 527, -1,
      308, 527, 529, -1,
      522, 523, 308, -1,
      308, 523, 524, -1,
      308, 524, 525, -1,
      532, 533, 531, -1,
      531, 533, 530, -1,
      530, 533, 529, -1,
      529, 533, 534, -1,
      529, 534, 535, -1,
      536, 24, 537, -1,
      537, 24, 226, -1,
      537, 226, 538, -1,
      538, 226, 211, -1,
      538, 211, 539, -1,
      539, 211, 210, -1,
      539, 210, 540, -1,
      540, 210, 208, -1,
      540, 208, 541, -1,
      541, 208, 207, -1,
      541, 207, 542, -1,
      542, 207, 215, -1,
      542, 215, 543, -1,
      543, 215, 25, -1,
      536, 310, 24, -1,
      24, 310, 29, -1,
      304, 544, 28, -1,
      28, 544, 27, -1,
      545, 26, 546, -1,
      546, 26, 206, -1,
      546, 206, 547, -1,
      547, 206, 223, -1,
      547, 223, 548, -1,
      548, 223, 181, -1,
      548, 181, 549, -1,
      549, 181, 183, -1,
      549, 183, 550, -1,
      550, 183, 184, -1,
      550, 184, 551, -1,
      551, 184, 212, -1,
      551, 212, 544, -1,
      544, 212, 27, -1,
      545, 543, 26, -1,
      26, 543, 25, -1,
      304, 310, 536, -1,
      542, 543, 304, -1,
      304, 543, 545, -1,
      304, 545, 544, -1,
      544, 545, 551, -1,
      536, 537, 304, -1,
      304, 537, 538, -1,
      304, 538, 539, -1,
      539, 540, 304, -1,
      304, 540, 541, -1,
      304, 541, 542, -1,
      548, 549, 547, -1,
      547, 549, 546, -1,
      546, 549, 545, -1,
      545, 549, 550, -1,
      545, 550, 551, -1,
      552, 90, 553, -1,
      553, 90, 131, -1,
      553, 131, 554, -1,
      554, 131, 130, -1,
      554, 130, 555, -1,
      555, 130, 129, -1,
      555, 129, 556, -1,
      556, 129, 117, -1,
      556, 117, 557, -1,
      557, 117, 116, -1,
      557, 116, 558, -1,
      558, 116, 91, -1,
      552, 559, 90, -1,
      90, 559, 95, -1,
      560, 94, 561, -1,
      561, 94, 120, -1,
      561, 120, 562, -1,
      562, 120, 142, -1,
      562, 142, 563, -1,
      563, 142, 141, -1,
      563, 141, 564, -1,
      564, 141, 140, -1,
      564, 140, 565, -1,
      565, 140, 139, -1,
      565, 139, 559, -1,
      559, 139, 95, -1,
      560, 301, 94, -1,
      94, 301, 93, -1,
      303, 558, 92, -1,
      92, 558, 91, -1,
      558, 303, 552, -1,
      301, 560, 303, -1,
      303, 560, 561, -1,
      561, 562, 303, -1,
      303, 562, 563, -1,
      303, 563, 564, -1,
      554, 555, 556, -1,
      564, 565, 303, -1,
      303, 565, 559, -1,
      303, 559, 552, -1,
      552, 553, 558, -1,
      558, 553, 554, -1,
      558, 554, 557, -1,
      557, 554, 556, -1,
      566, 84, 567, -1,
      567, 84, 134, -1,
      567, 134, 568, -1,
      568, 134, 143, -1,
      568, 143, 569, -1,
      569, 143, 119, -1,
      569, 119, 570, -1,
      570, 119, 118, -1,
      570, 118, 571, -1,
      571, 118, 145, -1,
      571, 145, 572, -1,
      572, 145, 85, -1,
      566, 573, 84, -1,
      84, 573, 89, -1,
      574, 88, 575, -1,
      575, 88, 138, -1,
      575, 138, 576, -1,
      576, 138, 137, -1,
      576, 137, 577, -1,
      577, 137, 136, -1,
      577, 136, 578, -1,
      578, 136, 135, -1,
      578, 135, 579, -1,
      579, 135, 144, -1,
      579, 144, 573, -1,
      573, 144, 89, -1,
      574, 302, 88, -1,
      88, 302, 87, -1,
      300, 572, 86, -1,
      86, 572, 85, -1,
      572, 300, 302, -1,
      576, 577, 578, -1,
      302, 574, 572, -1,
      572, 574, 573, -1,
      572, 573, 566, -1,
      574, 575, 573, -1,
      573, 575, 576, -1,
      573, 576, 579, -1,
      579, 576, 578, -1,
      568, 569, 570, -1,
      566, 567, 572, -1,
      572, 567, 568, -1,
      572, 568, 571, -1,
      571, 568, 570, -1,
      580, 581, 96, -1,
      96, 581, 97, -1,
      100, 97, 581, -1,
      582, 99, 228, -1,
      228, 229, 582, -1,
      582, 229, 230, -1,
      582, 230, 581, -1,
      581, 230, 231, -1,
      581, 231, 100, -1,
      582, 583, 99, -1,
      99, 583, 98, -1,
      174, 98, 583, -1,
      580, 96, 110, -1,
      110, 149, 580, -1,
      580, 149, 161, -1,
      580, 161, 583, -1,
      583, 161, 169, -1,
      583, 169, 174, -1,
      583, 582, 580, -1,
      580, 582, 581, -1,
    ]
  }
}

Shape {
  appearance Appearance {
    material Material {
      diffuseColor 1.0000 1.0000 1.0000
      specularColor 0.5020 0.5020 0.5020
      ambientIntensity 0.2
      transparency 0.0000
      shininess 0.5
    }
  }
  geometry IndexedFaceSet {
    ccw TRUE
    solid FALSE
    coord DEF co Coordinate {
      point [
        -0.539370 0.688976 -0.354331,
        -0.539370 0.570866 -0.354331,
        -0.444882 0.688976 -0.354331,
        -0.444882 0.570866 -0.354331,
        -0.484252 0.531496 -0.354331,
        -0.500000 0.531496 -0.354331,
        -0.539370 -0.570866 -0.354331,
        -0.500000 -0.531496 -0.354331,
        -0.484252 -0.531496 -0.354331,
        -0.444882 -0.570866 -0.354331,
        -0.444882 -0.688976 -0.354331,
        -0.539370 -0.688976 -0.354331,
        -0.248031 0.688976 -0.354331,
        -0.342520 0.688976 -0.354331,
        -0.248031 0.570866 -0.354331,
        -0.287402 0.531496 -0.354331,
        -0.303150 0.531496 -0.354331,
        -0.342520 0.570866 -0.354331,
        -0.787402 0.342520 -0.354331,
        -0.787402 0.248031 -0.354331,
        -0.669291 0.342520 -0.354331,
        -0.629921 0.303150 -0.354331,
        -0.629921 0.287402 -0.354331,
        -0.669291 0.248031 -0.354331,
        -0.342520 -0.570866 -0.354331,
        -0.303150 -0.531496 -0.354331,
        -0.287402 -0.531496 -0.354331,
        -0.248031 -0.570866 -0.354331,
        -0.248031 -0.688976 -0.354331,
        -0.342520 -0.688976 -0.354331,
        -0.051181 0.688976 -0.354331,
        -0.145669 0.688976 -0.354331,
        -0.051181 0.570866 -0.354331,
        -0.090551 0.531496 -0.354331,
        -0.106299 0.531496 -0.354331,
        -0.145669 0.570866 -0.354331,
        -0.145669 -0.570866 -0.354331,
        -0.106299 -0.531496 -0.354331,
        -0.090551 -0.531496 -0.354331,
        -0.051181 -0.570866 -0.354331,
        -0.051181 -0.688976 -0.354331,
        -0.145669 -0.688976 -0.354331,
        0.145669 0.688976 -0.354331,
        0.051181 0.688976 -0.354331,
        0.145669 0.570866 -0.354331,
        0.106299 0.531496 -0.354331,
        0.090551 0.531496 -0.354331,
        0.051181 0.570866 -0.354331,
        0.051181 -0.570866 -0.354331,
        0.090551 -0.531496 -0.354331,
        0.106299 -0.531496 -0.354331,
        0.145669 -0.570866 -0.354331,
        0.145669 -0.688976 -0.354331,
        0.051181 -0.688976 -0.354331,
        0.342520 0.688976 -0.354331,
        0.248031 0.688976 -0.354331,
        0.342520 0.570866 -0.354331,
        0.303150 0.531496 -0.354331,
        0.287402 0.531496 -0.354331,
        0.248031 0.570866 -0.354331,
        0.248031 -0.570866 -0.354331,
        0.287402 -0.531496 -0.354331,
        0.303150 -0.531496 -0.354331,
        0.342520 -0.570866 -0.354331,
        0.342520 -0.688976 -0.354331,
        0.248031 -0.688976 -0.354331,
        0.539370 0.688976 -0.354331,
        0.444882 0.688976 -0.354331,
        0.539370 0.570866 -0.354331,
        0.500000 0.531496 -0.354331,
        0.484252 0.531496 -0.354331,
        0.444882 0.570866 -0.354331,
        0.444882 -0.570866 -0.354331,
        0.484252 -0.531496 -0.354331,
        0.500000 -0.531496 -0.354331,
        0.539370 -0.570866 -0.354331,
        0.539370 -0.688976 -0.354331,
        0.444882 -0.688976 -0.354331,
        -0.629921 -0.303150 -0.354331,
        -0.669291 -0.342520 -0.354331,
        -0.787402 -0.342520 -0.354331,
        -0.787402 -0.248031 -0.354331,
        -0.669291 -0.248031 -0.354331,
        -0.629921 -0.287402 -0.354331,
        0.629921 -0.287402 -0.354331,
        0.669291 -0.248031 -0.354331,
        0.787402 -0.248031 -0.354331,
        0.787402 -0.342520 -0.354331,
        0.669291 -0.342520 -0.354331,
        0.629921 -0.303150 -0.354331,
        0.629921 0.303150 -0.354331,
        0.669291 0.342520 -0.354331,
        0.787402 0.342520 -0.354331,
        0.787402 0.248031 -0.354331,
        0.669291 0.248031 -0.354331,
        0.629921 0.287402 -0.354331,
        0.501969 -0.403543 -0.354331,
        0.501969 0.403543 -0.354331,
        -0.501969 -0.403543 -0.354331,
        -0.501969 0.403543 -0.354331,
        0.641452 -0.259563 -0.354331,
        0.641452 0.330989 -0.354331,
        0.641452 -0.330989 -0.354331,
        0.641452 0.259563 -0.354331,
        -0.641452 -0.259563 -0.354331,
        -0.641452 -0.330989 -0.354331,
        -0.641452 0.330989 -0.354331,
        -0.641452 0.259563 -0.354331,
        0.787402 -0.248031 -0.279528,
        0.787402 0.248031 -0.279528,
        0.787402 -0.342520 -0.279528,
        0.787402 0.342520 -0.279528,
        -0.248031 -0.688976 -0.279528,
        -0.145669 -0.688976 -0.279528,
        -0.051181 -0.688976 -0.279528,
        -0.539370 -0.688976 -0.279528,
        -0.444882 -0.688976 -0.279528,
        0.051181 -0.688976 -0.279528,
        -0.342520 -0.688976 -0.279528,
        0.145669 -0.688976 -0.279528,
        0.248031 -0.688976 -0.279528,
        0.342520 -0.688976 -0.279528,
        0.539370 -0.688976 -0.279528,
        0.444882 -0.688976 -0.279528,
        -0.787402 0.248031 -0.279528,
        -0.787402 -0.342520 -0.279528,
        -0.787402 -0.248031 -0.279528,
        -0.787402 0.342520 -0.279528,
        -0.051181 0.688976 -0.279528,
        -0.145669 0.688976 -0.279528,
        -0.342520 0.688976 -0.279528,
        -0.248031 0.688976 -0.279528,
        0.444882 0.688976 -0.279528,
        0.342520 0.688976 -0.279528,
        -0.539370 0.688976 -0.279528,
        -0.444882 0.688976 -0.279528,
        0.539370 0.688976 -0.279528,
        0.248031 0.688976 -0.279528,
        0.051181 0.688976 -0.279528,
        0.145669 0.688976 -0.279528,
        -0.539370 0.570866 -0.279528,
        -0.500000 0.531496 -0.279528,
        -0.484252 0.531496 -0.279528,
        -0.444882 0.570866 -0.279528,
        0.248031 0.570866 -0.279528,
        0.287402 0.531496 -0.279528,
        0.303150 0.531496 -0.279528,
        0.342520 0.570866 -0.279528,
        0.444882 0.570866 -0.279528,
        0.484252 0.531496 -0.279528,
        0.500000 0.531496 -0.279528,
        0.539370 0.570866 -0.279528,
        0.051181 0.570866 -0.279528,
        0.090551 0.531496 -0.279528,
        0.106299 0.531496 -0.279528,
        0.145669 0.570866 -0.279528,
        -0.145669 0.570866 -0.279528,
        -0.106299 0.531496 -0.279528,
        -0.090551 0.531496 -0.279528,
        -0.051181 0.570866 -0.279528,
        -0.342520 0.570866 -0.279528,
        -0.303150 0.531496 -0.279528,
        -0.287402 0.531496 -0.279528,
        -0.248031 0.570866 -0.279528,
        -0.629921 -0.303150 -0.279528,
        -0.641452 -0.330989 -0.279528,
        -0.669291 -0.342520 -0.279528,
        -0.629921 -0.287402 -0.279528,
        -0.669291 -0.248031 -0.279528,
        -0.641452 -0.259563 -0.279528,
        -0.669291 0.248031 -0.279528,
        -0.629921 0.287402 -0.279528,
        -0.641452 0.259563 -0.279528,
        -0.629921 0.303150 -0.279528,
        -0.669291 0.342520 -0.279528,
        -0.641452 0.330989 -0.279528,
        0.248031 -0.570866 -0.279528,
        0.287402 -0.531496 -0.279528,
        0.342520 -0.570866 -0.279528,
        0.303150 -0.531496 -0.279528,
        0.444882 -0.570866 -0.279528,
        0.484252 -0.531496 -0.279528,
        0.539370 -0.570866 -0.279528,
        0.500000 -0.531496 -0.279528,
        0.051181 -0.570866 -0.279528,
        0.090551 -0.531496 -0.279528,
        0.145669 -0.570866 -0.279528,
        0.106299 -0.531496 -0.279528,
        -0.145669 -0.570866 -0.279528,
        -0.106299 -0.531496 -0.279528,
        -0.051181 -0.570866 -0.279528,
        -0.090551 -0.531496 -0.279528,
        -0.539370 -0.570866 -0.279528,
        -0.500000 -0.531496 -0.279528,
        -0.444882 -0.570866 -0.279528,
        -0.484252 -0.531496 -0.279528,
        -0.342520 -0.570866 -0.279528,
        -0.303150 -0.531496 -0.279528,
        -0.248031 -0.570866 -0.279528,
        -0.287402 -0.531496 -0.279528,
        0.629921 0.303150 -0.279528,
        0.641452 0.330989 -0.279528,
        0.669291 0.342520 -0.279528,
        0.629921 0.287402 -0.279528,
        0.669291 0.248031 -0.279528,
        0.641452 0.259563 -0.279528,
        0.629921 -0.287402 -0.279528,
        0.641452 -0.259563 -0.279528,
        0.669291 -0.248031 -0.279528,
        0.629921 -0.303150 -0.279528,
        0.669291 -0.342520 -0.279528,
        0.641452 -0.330989 -0.279528,
        0.501969 -0.403543 -0.279528,
        0.501969 0.403543 -0.279528,
        -0.501969 0.403543 -0.279528,
        -0.501969 -0.403543 -0.279528,
        -0.538885 0.564707 -0.354331,
        -0.538885 0.564707 -0.279528,
        -0.537443 0.558700 -0.354331,
        -0.537443 0.558700 -0.279528,
        -0.535079 0.552993 -0.354331,
        -0.535079 0.552993 -0.279528,
        -0.531851 0.547725 -0.354331,
        -0.531851 0.547725 -0.279528,
        -0.527839 0.543027 -0.354331,
        -0.527839 0.543027 -0.279528,
        -0.523141 0.539015 -0.354331,
        -0.523141 0.539015 -0.279528,
        -0.517874 0.535787 -0.354331,
        -0.517874 0.535787 -0.279528,
        -0.512166 0.533423 -0.354331,
        -0.512166 0.533423 -0.279528,
        -0.506159 0.531981 -0.354331,
        -0.506159 0.531981 -0.279528,
        -0.478093 0.531981 -0.354331,
        -0.478093 0.531981 -0.279528,
        -0.472086 0.533423 -0.354331,
        -0.472086 0.533423 -0.279528,
        -0.466378 0.535787 -0.354331,
        -0.466378 0.535787 -0.279528,
        -0.461111 0.539015 -0.354331,
        -0.461111 0.539015 -0.279528,
        -0.456413 0.543027 -0.354331,
        -0.456413 0.543027 -0.279528,
        -0.452401 0.547725 -0.354331,
        -0.452401 0.547725 -0.279528,
        -0.449173 0.552993 -0.354331,
        -0.449173 0.552993 -0.279528,
        -0.446809 0.558700 -0.354331,
        -0.446809 0.558700 -0.279528,
        -0.445367 0.564707 -0.354331,
        -0.445367 0.564707 -0.279528,
        -0.506159 -0.531981 -0.354331,
        -0.506159 -0.531981 -0.279528,
        -0.512166 -0.533423 -0.354331,
        -0.512166 -0.533423 -0.279528,
        -0.517874 -0.535787 -0.354331,
        -0.517874 -0.535787 -0.279528,
        -0.523141 -0.539015 -0.354331,
        -0.523141 -0.539015 -0.279528,
        -0.527839 -0.543027 -0.354331,
        -0.527839 -0.543027 -0.279528,
        -0.531851 -0.547725 -0.354331,
        -0.531851 -0.547725 -0.279528,
        -0.535079 -0.552993 -0.354331,
        -0.535079 -0.552993 -0.279528,
        -0.537443 -0.558700 -0.354331,
        -0.537443 -0.558700 -0.279528,
        -0.538885 -0.564707 -0.354331,
        -0.538885 -0.564707 -0.279528,
        -0.445367 -0.564707 -0.354331,
        -0.445367 -0.564707 -0.279528,
        -0.446809 -0.558700 -0.354331,
        -0.446809 -0.558700 -0.279528,
        -0.449173 -0.552993 -0.354331,
        -0.449173 -0.552993 -0.279528,
        -0.452401 -0.547725 -0.354331,
        -0.452401 -0.547725 -0.279528,
        -0.456413 -0.543027 -0.354331,
        -0.456413 -0.543027 -0.279528,
        -0.461111 -0.539015 -0.354331,
        -0.461111 -0.539015 -0.279528,
        -0.466378 -0.535787 -0.354331,
        -0.466378 -0.535787 -0.279528,
        -0.472086 -0.533423 -0.354331,
        -0.472086 -0.533423 -0.279528,
        -0.478093 -0.531981 -0.354331,
        -0.478093 -0.531981 -0.279528,
        -0.342035 0.564707 -0.354331,
        -0.342035 0.564707 -0.279528,
        -0.340593 0.558700 -0.354331,
        -0.340593 0.558700 -0.279528,
        -0.338229 0.552993 -0.354331,
        -0.338229 0.552993 -0.279528,
        -0.335001 0.547725 -0.354331,
        -0.335001 0.547725 -0.279528,
        -0.330989 0.543027 -0.354331,
        -0.330989 0.543027 -0.279528,
        -0.326291 0.539015 -0.354331,
        -0.326291 0.539015 -0.279528,
        -0.321023 0.535787 -0.354331,
        -0.321023 0.535787 -0.279528,
        -0.315316 0.533423 -0.354331,
        -0.315316 0.533423 -0.279528,
        -0.309308 0.531981 -0.354331,
        -0.309308 0.531981 -0.279528,
        -0.281243 0.531981 -0.354331,
        -0.281243 0.531981 -0.279528,
        -0.275235 0.533423 -0.354331,
        -0.275235 0.533423 -0.279528,
        -0.269528 0.535787 -0.354331,
        -0.269528 0.535787 -0.279528,
        -0.264260 0.539015 -0.354331,
        -0.264260 0.539015 -0.279528,
        -0.259563 0.543027 -0.354331,
        -0.259563 0.543027 -0.279528,
        -0.255550 0.547725 -0.354331,
        -0.255550 0.547725 -0.279528,
        -0.252322 0.552993 -0.354331,
        -0.252322 0.552993 -0.279528,
        -0.249958 0.558700 -0.354331,
        -0.249958 0.558700 -0.279528,
        -0.248516 0.564707 -0.354331,
        -0.248516 0.564707 -0.279528,
        -0.663133 0.248516 -0.354331,
        -0.663133 0.248516 -0.279528,
        -0.657125 0.249958 -0.354331,
        -0.657125 0.249958 -0.279528,
        -0.651418 0.252322 -0.354331,
        -0.651418 0.252322 -0.279528,
        -0.646150 0.255550 -0.354331,
        -0.646150 0.255550 -0.279528,
        -0.637440 0.264260 -0.354331,
        -0.637440 0.264260 -0.279528,
        -0.634212 0.269528 -0.354331,
        -0.634212 0.269528 -0.279528,
        -0.631848 0.275235 -0.354331,
        -0.631848 0.275235 -0.279528,
        -0.630406 0.281243 -0.354331,
        -0.630406 0.281243 -0.279528,
        -0.630406 0.309308 -0.354331,
        -0.630406 0.309308 -0.279528,
        -0.631848 0.315316 -0.354331,
        -0.631848 0.315316 -0.279528,
        -0.634212 0.321023 -0.354331,
        -0.634212 0.321023 -0.279528,
        -0.637440 0.326291 -0.354331,
        -0.637440 0.326291 -0.279528,
        -0.646150 0.335001 -0.354331,
        -0.646150 0.335001 -0.279528,
        -0.651418 0.338229 -0.354331,
        -0.651418 0.338229 -0.279528,
        -0.657125 0.340593 -0.354331,
        -0.657125 0.340593 -0.279528,
        -0.663133 0.342035 -0.354331,
        -0.663133 0.342035 -0.279528,
        -0.309308 -0.531981 -0.354331,
        -0.309308 -0.531981 -0.279528,
        -0.315316 -0.533423 -0.354331,
        -0.315316 -0.533423 -0.279528,
        -0.321023 -0.535787 -0.354331,
        -0.321023 -0.535787 -0.279528,
        -0.326291 -0.539015 -0.354331,
        -0.326291 -0.539015 -0.279528,
        -0.330989 -0.543027 -0.354331,
        -0.330989 -0.543027 -0.279528,
        -0.335001 -0.547725 -0.354331,
        -0.335001 -0.547725 -0.279528,
        -0.338229 -0.552993 -0.354331,
        -0.338229 -0.552993 -0.279528,
        -0.340593 -0.558700 -0.354331,
        -0.340593 -0.558700 -0.279528,
        -0.342035 -0.564707 -0.354331,
        -0.342035 -0.564707 -0.279528,
        -0.248516 -0.564707 -0.354331,
        -0.248516 -0.564707 -0.279528,
        -0.249958 -0.558700 -0.354331,
        -0.249958 -0.558700 -0.279528,
        -0.252322 -0.552993 -0.354331,
        -0.252322 -0.552993 -0.279528,
        -0.255550 -0.547725 -0.354331,
        -0.255550 -0.547725 -0.279528,
        -0.259563 -0.543027 -0.354331,
        -0.259563 -0.543027 -0.279528,
        -0.264260 -0.539015 -0.354331,
        -0.264260 -0.539015 -0.279528,
        -0.269528 -0.535787 -0.354331,
        -0.269528 -0.535787 -0.279528,
        -0.275235 -0.533423 -0.354331,
        -0.275235 -0.533423 -0.279528,
        -0.281243 -0.531981 -0.354331,
        -0.281243 -0.531981 -0.279528,
        -0.145185 0.564707 -0.354331,
        -0.145185 0.564707 -0.279528,
        -0.143743 0.558700 -0.354331,
        -0.143743 0.558700 -0.279528,
        -0.141378 0.552993 -0.354331,
        -0.141378 0.552993 -0.279528,
        -0.138150 0.547725 -0.354331,
        -0.138150 0.547725 -0.279528,
        -0.134138 0.543027 -0.354331,
        -0.134138 0.543027 -0.279528,
        -0.129441 0.539015 -0.354331,
        -0.129441 0.539015 -0.279528,
        -0.124173 0.535787 -0.354331,
        -0.124173 0.535787 -0.279528,
        -0.118465 0.533423 -0.354331,
        -0.118465 0.533423 -0.279528,
        -0.112458 0.531981 -0.354331,
        -0.112458 0.531981 -0.279528,
        -0.084393 0.531981 -0.354331,
        -0.084393 0.531981 -0.279528,
        -0.078385 0.533423 -0.354331,
        -0.078385 0.533423 -0.279528,
        -0.072678 0.535787 -0.354331,
        -0.072678 0.535787 -0.279528,
        -0.067410 0.539015 -0.354331,
        -0.067410 0.539015 -0.279528,
        -0.062712 0.543027 -0.354331,
        -0.062712 0.543027 -0.279528,
        -0.058700 0.547725 -0.354331,
        -0.058700 0.547725 -0.279528,
        -0.055472 0.552993 -0.354331,
        -0.055472 0.552993 -0.279528,
        -0.053108 0.558700 -0.354331,
        -0.053108 0.558700 -0.279528,
        -0.051666 0.564707 -0.354331,
        -0.051666 0.564707 -0.279528,
        -0.112458 -0.531981 -0.354331,
        -0.112458 -0.531981 -0.279528,
        -0.118465 -0.533423 -0.354331,
        -0.118465 -0.533423 -0.279528,
        -0.124173 -0.535787 -0.354331,
        -0.124173 -0.535787 -0.279528,
        -0.129441 -0.539015 -0.354331,
        -0.129441 -0.539015 -0.279528,
        -0.134138 -0.543027 -0.354331,
        -0.134138 -0.543027 -0.279528,
        -0.138150 -0.547725 -0.354331,
        -0.138150 -0.547725 -0.279528,
        -0.141378 -0.552993 -0.354331,
        -0.141378 -0.552993 -0.279528,
        -0.143743 -0.558700 -0.354331,
        -0.143743 -0.558700 -0.279528,
        -0.145185 -0.564707 -0.354331,
        -0.145185 -0.564707 -0.279528,
        -0.051666 -0.564707 -0.354331,
        -0.051666 -0.564707 -0.279528,
        -0.053108 -0.558700 -0.354331,
        -0.053108 -0.558700 -0.279528,
        -0.055472 -0.552993 -0.354331,
        -0.055472 -0.552993 -0.279528,
        -0.058700 -0.547725 -0.354331,
        -0.058700 -0.547725 -0.279528,
        -0.062712 -0.543027 -0.354331,
        -0.062712 -0.543027 -0.279528,
        -0.067410 -0.539015 -0.354331,
        -0.067410 -0.539015 -0.279528,
        -0.072678 -0.535787 -0.354331,
        -0.072678 -0.535787 -0.279528,
        -0.078385 -0.533423 -0.354331,
        -0.078385 -0.533423 -0.279528,
        -0.084393 -0.531981 -0.354331,
        -0.084393 -0.531981 -0.279528,
        0.051666 0.564707 -0.354331,
        0.051666 0.564707 -0.279528,
        0.053108 0.558700 -0.354331,
        0.053108 0.558700 -0.279528,
        0.055472 0.552993 -0.354331,
        0.055472 0.552993 -0.279528,
        0.058700 0.547725 -0.354331,
        0.058700 0.547725 -0.279528,
        0.062712 0.543027 -0.354331,
        0.062712 0.543027 -0.279528,
        0.067410 0.539015 -0.354331,
        0.067410 0.539015 -0.279528,
        0.072678 0.535787 -0.354331,
        0.072678 0.535787 -0.279528,
        0.078385 0.533423 -0.354331,
        0.078385 0.533423 -0.279528,
        0.084393 0.531981 -0.354331,
        0.084393 0.531981 -0.279528,
        0.112458 0.531981 -0.354331,
        0.112458 0.531981 -0.279528,
        0.118465 0.533423 -0.354331,
        0.118465 0.533423 -0.279528,
        0.124173 0.535787 -0.354331,
        0.124173 0.535787 -0.279528,
        0.129441 0.539015 -0.354331,
        0.129441 0.539015 -0.279528,
        0.134138 0.543027 -0.354331,
        0.134138 0.543027 -0.279528,
        0.138150 0.547725 -0.354331,
        0.138150 0.547725 -0.279528,
        0.141378 0.552993 -0.354331,
        0.141378 0.552993 -0.279528,
        0.143743 0.558700 -0.354331,
        0.143743 0.558700 -0.279528,
        0.145185 0.564707 -0.354331,
        0.145185 0.564707 -0.279528,
        0.084393 -0.531981 -0.354331,
        0.084393 -0.531981 -0.279528,
        0.078385 -0.533423 -0.354331,
        0.078385 -0.533423 -0.279528,
        0.072678 -0.535787 -0.354331,
        0.072678 -0.535787 -0.279528,
        0.067410 -0.539015 -0.354331,
        0.067410 -0.539015 -0.279528,
        0.062712 -0.543027 -0.354331,
        0.062712 -0.543027 -0.279528,
        0.058700 -0.547725 -0.354331,
        0.058700 -0.547725 -0.279528,
        0.055472 -0.552993 -0.354331,
        0.055472 -0.552993 -0.279528,
        0.053108 -0.558700 -0.354331,
        0.053108 -0.558700 -0.279528,
        0.051666 -0.564707 -0.354331,
        0.051666 -0.564707 -0.279528,
        0.145185 -0.564707 -0.354331,
        0.145185 -0.564707 -0.279528,
        0.143743 -0.558700 -0.354331,
        0.143743 -0.558700 -0.279528,
        0.141378 -0.552993 -0.354331,
        0.141378 -0.552993 -0.279528,
        0.138150 -0.547725 -0.354331,
        0.138150 -0.547725 -0.279528,
        0.134138 -0.543027 -0.354331,
        0.134138 -0.543027 -0.279528,
        0.129441 -0.539015 -0.354331,
        0.129441 -0.539015 -0.279528,
        0.124173 -0.535787 -0.354331,
        0.124173 -0.535787 -0.279528,
        0.118465 -0.533423 -0.354331,
        0.118465 -0.533423 -0.279528,
        0.112458 -0.531981 -0.354331,
        0.112458 -0.531981 -0.279528,
        0.248516 0.564707 -0.354331,
        0.248516 0.564707 -0.279528,
        0.249958 0.558700 -0.354331,
        0.249958 0.558700 -0.279528,
        0.252322 0.552993 -0.354331,
        0.252322 0.552993 -0.279528,
        0.255550 0.547725 -0.354331,
        0.255550 0.547725 -0.279528,
        0.259563 0.543027 -0.354331,
        0.259563 0.543027 -0.279528,
        0.264260 0.539015 -0.354331,
        0.264260 0.539015 -0.279528,
        0.269528 0.535787 -0.354331,
        0.269528 0.535787 -0.279528,
        0.275235 0.533423 -0.354331,
        0.275235 0.533423 -0.279528,
        0.281243 0.531981 -0.354331,
        0.281243 0.531981 -0.279528,
        0.309308 0.531981 -0.354331,
        0.309308 0.531981 -0.279528,
        0.315316 0.533423 -0.354331,
        0.315316 0.533423 -0.279528,
        0.321023 0.535787 -0.354331,
        0.321023 0.535787 -0.279528,
        0.326291 0.539015 -0.354331,
        0.326291 0.539015 -0.279528,
        0.330989 0.543027 -0.354331,
        0.330989 0.543027 -0.279528,
        0.335001 0.547725 -0.354331,
        0.335001 0.547725 -0.279528,
        0.338229 0.552993 -0.354331,
        0.338229 0.552993 -0.279528,
        0.340593 0.558700 -0.354331,
        0.340593 0.558700 -0.279528,
        0.342035 0.564707 -0.354331,
        0.342035 0.564707 -0.279528,
        0.281243 -0.531981 -0.354331,
        0.281243 -0.531981 -0.279528,
        0.275235 -0.533423 -0.354331,
        0.275235 -0.533423 -0.279528,
        0.269528 -0.535787 -0.354331,
        0.269528 -0.535787 -0.279528,
        0.264260 -0.539015 -0.354331,
        0.264260 -0.539015 -0.279528,
        0.259563 -0.543027 -0.354331,
        0.259563 -0.543027 -0.279528,
        0.255550 -0.547725 -0.354331,
        0.255550 -0.547725 -0.279528,
        0.252322 -0.552993 -0.354331,
        0.252322 -0.552993 -0.279528,
        0.249958 -0.558700 -0.354331,
        0.249958 -0.558700 -0.279528,
        0.248516 -0.564707 -0.354331,
        0.248516 -0.564707 -0.279528,
        0.342035 -0.564707 -0.354331,
        0.342035 -0.564707 -0.279528,
        0.340593 -0.558700 -0.354331,
        0.340593 -0.558700 -0.279528,
        0.338229 -0.552993 -0.354331,
        0.338229 -0.552993 -0.279528,
        0.335001 -0.547725 -0.354331,
        0.335001 -0.547725 -0.279528,
        0.330989 -0.543027 -0.354331,
        0.330989 -0.543027 -0.279528,
        0.326291 -0.539015 -0.354331,
        0.326291 -0.539015 -0.279528,
        0.321023 -0.535787 -0.354331,
        0.321023 -0.535787 -0.279528,
        0.315316 -0.533423 -0.354331,
        0.315316 -0.533423 -0.279528,
        0.309308 -0.531981 -0.354331,
        0.309308 -0.531981 -0.279528,
        0.445367 0.564707 -0.354331,
        0.445367 0.564707 -0.279528,
        0.446809 0.558700 -0.354331,
        0.446809 0.558700 -0.279528,
        0.449173 0.552993 -0.354331,
        0.449173 0.552993 -0.279528,
        0.452401 0.547725 -0.354331,
        0.452401 0.547725 -0.279528,
        0.456413 0.543027 -0.354331,
        0.456413 0.543027 -0.279528,
        0.461111 0.539015 -0.354331,
        0.461111 0.539015 -0.279528,
        0.466378 0.535787 -0.354331,
        0.466378 0.535787 -0.279528,
        0.472086 0.533423 -0.354331,
        0.472086 0.533423 -0.279528,
        0.478093 0.531981 -0.354331,
        0.478093 0.531981 -0.279528,
        0.506159 0.531981 -0.354331,
        0.506159 0.531981 -0.279528,
        0.512166 0.533423 -0.354331,
        0.512166 0.533423 -0.279528,
        0.517874 0.535787 -0.354331,
        0.517874 0.535787 -0.279528,
        0.523141 0.539015 -0.354331,
        0.523141 0.539015 -0.279528,
        0.527839 0.543027 -0.354331,
        0.527839 0.543027 -0.279528,
        0.531851 0.547725 -0.354331,
        0.531851 0.547725 -0.279528,
        0.535079 0.552993 -0.354331,
        0.535079 0.552993 -0.279528,
        0.537443 0.558700 -0.354331,
        0.537443 0.558700 -0.279528,
        0.538885 0.564707 -0.354331,
        0.538885 0.564707 -0.279528,
        0.478093 -0.531981 -0.354331,
        0.478093 -0.531981 -0.279528,
        0.472086 -0.533423 -0.354331,
        0.472086 -0.533423 -0.279528,
        0.466378 -0.535787 -0.354331,
        0.466378 -0.535787 -0.279528,
        0.461111 -0.539015 -0.354331,
        0.461111 -0.539015 -0.279528,
        0.456413 -0.543027 -0.354331,
        0.456413 -0.543027 -0.279528,
        0.452401 -0.547725 -0.354331,
        0.452401 -0.547725 -0.279528,
        0.449173 -0.552993 -0.354331,
        0.449173 -0.552993 -0.279528,
        0.446809 -0.558700 -0.354331,
        0.446809 -0.558700 -0.279528,
        0.445367 -0.564707 -0.354331,
        0.445367 -0.564707 -0.279528,
        0.538885 -0.564707 -0.354331,
        0.538885 -0.564707 -0.279528,
        0.537443 -0.558700 -0.354331,
        0.537443 -0.558700 -0.279528,
        0.535079 -0.552993 -0.354331,
        0.535079 -0.552993 -0.279528,
        0.531851 -0.547725 -0.354331,
        0.531851 -0.547725 -0.279528,
        0.527839 -0.543027 -0.354331,
        0.527839 -0.543027 -0.279528,
        0.523141 -0.539015 -0.354331,
        0.523141 -0.539015 -0.279528,
        0.517874 -0.535787 -0.354331,
        0.517874 -0.535787 -0.279528,
        0.512166 -0.533423 -0.354331,
        0.512166 -0.533423 -0.279528,
        0.506159 -0.531981 -0.354331,
        0.506159 -0.531981 -0.279528,
        -0.663133 -0.342035 -0.354331,
        -0.663133 -0.342035 -0.279528,
        -0.657125 -0.340593 -0.354331,
        -0.657125 -0.340593 -0.279528,
        -0.651418 -0.338229 -0.354331,
        -0.651418 -0.338229 -0.279528,
        -0.646150 -0.335001 -0.354331,
        -0.646150 -0.335001 -0.279528,
        -0.637440 -0.326291 -0.354331,
        -0.637440 -0.326291 -0.279528,
        -0.634212 -0.321023 -0.354331,
        -0.634212 -0.321023 -0.279528,
        -0.631848 -0.315316 -0.354331,
        -0.631848 -0.315316 -0.279528,
        -0.630406 -0.309308 -0.354331,
        -0.630406 -0.309308 -0.279528,
        -0.630406 -0.281243 -0.354331,
        -0.630406 -0.281243 -0.279528,
        -0.631848 -0.275235 -0.354331,
        -0.631848 -0.275235 -0.279528,
        -0.634212 -0.269528 -0.354331,
        -0.634212 -0.269528 -0.279528,
        -0.637440 -0.264260 -0.354331,
        -0.637440 -0.264260 -0.279528,
        -0.646150 -0.255550 -0.354331,
        -0.646150 -0.255550 -0.279528,
        -0.651418 -0.252322 -0.354331,
        -0.651418 -0.252322 -0.279528,
        -0.657125 -0.249958 -0.354331,
        -0.657125 -0.249958 -0.279528,
        -0.663133 -0.248516 -0.354331,
        -0.663133 -0.248516 -0.279528,
        0.663133 -0.248516 -0.354331,
        0.663133 -0.248516 -0.279528,
        0.657125 -0.249958 -0.354331,
        0.657125 -0.249958 -0.279528,
        0.651418 -0.252322 -0.354331,
        0.651418 -0.252322 -0.279528,
        0.646150 -0.255550 -0.354331,
        0.646150 -0.255550 -0.279528,
        0.637440 -0.264260 -0.354331,
        0.637440 -0.264260 -0.279528,
        0.634212 -0.269528 -0.354331,
        0.634212 -0.269528 -0.279528,
        0.631848 -0.275235 -0.354331,
        0.631848 -0.275235 -0.279528,
        0.630406 -0.281243 -0.354331,
        0.630406 -0.281243 -0.279528,
        0.630406 -0.309308 -0.354331,
        0.630406 -0.309308 -0.279528,
        0.631848 -0.315316 -0.354331,
        0.631848 -0.315316 -0.279528,
        0.634212 -0.321023 -0.354331,
        0.634212 -0.321023 -0.279528,
        0.637440 -0.326291 -0.354331,
        0.637440 -0.326291 -0.279528,
        0.646150 -0.335001 -0.354331,
        0.646150 -0.335001 -0.279528,
        0.651418 -0.338229 -0.354331,
        0.651418 -0.338229 -0.279528,
        0.657125 -0.340593 -0.354331,
        0.657125 -0.340593 -0.279528,
        0.663133 -0.342035 -0.354331,
        0.663133 -0.342035 -0.279528,
        0.663133 0.342035 -0.354331,
        0.663133 0.342035 -0.279528,
        0.657125 0.340593 -0.354331,
        0.657125 0.340593 -0.279528,
        0.651418 0.338229 -0.354331,
        0.651418 0.338229 -0.279528,
        0.646150 0.335001 -0.354331,
        0.646150 0.335001 -0.279528,
        0.637440 0.326291 -0.354331,
        0.637440 0.326291 -0.279528,
        0.634212 0.321023 -0.354331,
        0.634212 0.321023 -0.279528,
        0.631848 0.315316 -0.354331,
        0.631848 0.315316 -0.279528,
        0.630406 0.309308 -0.354331,
        0.630406 0.309308 -0.279528,
        0.630406 0.281243 -0.354331,
        0.630406 0.281243 -0.279528,
        0.631848 0.275235 -0.354331,
        0.631848 0.275235 -0.279528,
        0.634212 0.269528 -0.354331,
        0.634212 0.269528 -0.279528,
        0.637440 0.264260 -0.354331,
        0.637440 0.264260 -0.279528,
        0.646150 0.255550 -0.354331,
        0.646150 0.255550 -0.279528,
        0.651418 0.252322 -0.354331,
        0.651418 0.252322 -0.279528,
        0.657125 0.249958 -0.354331,
        0.657125 0.249958 -0.279528,
        0.663133 0.248516 -0.354331,
        0.663133 0.248516 -0.279528,
      ]
    }
    coordIndex [
      140, 134, 1, -1,
      1, 134, 0, -1,
      140, 1, 216, -1,
      140, 216, 217, -1,
      217, 216, 218, -1,
      217, 218, 219, -1,
      219, 218, 220, -1,
      219, 220, 221, -1,
      221, 220, 222, -1,
      221, 222, 223, -1,
      223, 222, 224, -1,
      223, 224, 225, -1,
      225, 224, 226, -1,
      225, 226, 227, -1,
      227, 226, 228, -1,
      227, 228, 229, -1,
      229, 228, 230, -1,
      229, 230, 231, -1,
      231, 230, 232, -1,
      231, 232, 233, -1,
      233, 232, 5, -1,
      233, 5, 141, -1,
      142, 141, 4, -1,
      4, 141, 5, -1,
      142, 4, 234, -1,
      142, 234, 235, -1,
      235, 234, 236, -1,
      235, 236, 237, -1,
      237, 236, 238, -1,
      237, 238, 239, -1,
      239, 238, 240, -1,
      239, 240, 241, -1,
      241, 240, 242, -1,
      241, 242, 243, -1,
      243, 242, 244, -1,
      243, 244, 245, -1,
      245, 244, 246, -1,
      245, 246, 247, -1,
      247, 246, 248, -1,
      247, 248, 249, -1,
      249, 248, 250, -1,
      249, 250, 251, -1,
      251, 250, 3, -1,
      251, 3, 143, -1,
      135, 143, 2, -1,
      2, 143, 3, -1,
      134, 135, 0, -1,
      0, 135, 2, -1,
      233, 141, 219, -1,
      239, 241, 143, -1,
      135, 134, 142, -1,
      142, 134, 140, -1,
      142, 140, 141, -1,
      141, 140, 217, -1,
      141, 217, 219, -1,
      239, 143, 237, -1,
      135, 142, 143, -1,
      143, 142, 235, -1,
      143, 235, 237, -1,
      241, 243, 143, -1,
      143, 243, 245, -1,
      143, 245, 251, -1,
      251, 245, 247, -1,
      251, 247, 249, -1,
      219, 221, 233, -1,
      233, 221, 223, -1,
      233, 223, 225, -1,
      225, 227, 233, -1,
      233, 227, 229, -1,
      233, 229, 231, -1,
      216, 1, 5, -1,
      246, 244, 4, -1,
      5, 1, 4, -1,
      246, 4, 248, -1,
      0, 2, 1, -1,
      1, 2, 3, -1,
      1, 3, 4, -1,
      4, 3, 250, -1,
      4, 250, 248, -1,
      244, 242, 4, -1,
      4, 242, 240, -1,
      4, 240, 234, -1,
      234, 240, 238, -1,
      234, 238, 236, -1,
      226, 224, 222, -1,
      216, 5, 218, -1,
      218, 5, 232, -1,
      218, 232, 230, -1,
      230, 228, 218, -1,
      218, 228, 226, -1,
      218, 226, 220, -1,
      220, 226, 222, -1,
      193, 7, 252, -1,
      193, 252, 253, -1,
      253, 252, 254, -1,
      253, 254, 255, -1,
      255, 254, 256, -1,
      255, 256, 257, -1,
      257, 256, 258, -1,
      257, 258, 259, -1,
      259, 258, 260, -1,
      259, 260, 261, -1,
      261, 260, 262, -1,
      261, 262, 263, -1,
      263, 262, 264, -1,
      263, 264, 265, -1,
      265, 264, 266, -1,
      265, 266, 267, -1,
      267, 266, 268, -1,
      267, 268, 269, -1,
      269, 268, 6, -1,
      269, 6, 192, -1,
      115, 192, 11, -1,
      11, 192, 6, -1,
      116, 115, 10, -1,
      10, 115, 11, -1,
      194, 116, 9, -1,
      9, 116, 10, -1,
      194, 9, 270, -1,
      194, 270, 271, -1,
      271, 270, 272, -1,
      271, 272, 273, -1,
      273, 272, 274, -1,
      273, 274, 275, -1,
      275, 274, 276, -1,
      275, 276, 277, -1,
      277, 276, 278, -1,
      277, 278, 279, -1,
      279, 278, 280, -1,
      279, 280, 281, -1,
      281, 280, 282, -1,
      281, 282, 283, -1,
      283, 282, 284, -1,
      283, 284, 285, -1,
      285, 284, 286, -1,
      285, 286, 287, -1,
      287, 286, 8, -1,
      287, 8, 195, -1,
      193, 195, 7, -1,
      7, 195, 8, -1,
      275, 277, 195, -1,
      275, 195, 273, -1,
      195, 193, 192, -1,
      192, 193, 253, -1,
      115, 116, 192, -1,
      192, 116, 194, -1,
      192, 194, 195, -1,
      195, 194, 271, -1,
      195, 271, 273, -1,
      277, 279, 195, -1,
      195, 279, 281, -1,
      195, 281, 287, -1,
      287, 281, 283, -1,
      287, 283, 285, -1,
      253, 255, 192, -1,
      192, 255, 257, -1,
      192, 257, 259, -1,
      259, 261, 192, -1,
      192, 261, 263, -1,
      192, 263, 269, -1,
      269, 263, 265, -1,
      269, 265, 267, -1,
      11, 6, 7, -1,
      7, 6, 268, -1,
      282, 280, 9, -1,
      268, 266, 7, -1,
      7, 266, 264, -1,
      7, 264, 262, -1,
      262, 260, 7, -1,
      7, 260, 258, -1,
      7, 258, 252, -1,
      252, 258, 256, -1,
      252, 256, 254, -1,
      282, 9, 284, -1,
      11, 7, 10, -1,
      10, 7, 8, -1,
      10, 8, 9, -1,
      9, 8, 286, -1,
      9, 286, 284, -1,
      280, 278, 9, -1,
      9, 278, 276, -1,
      9, 276, 270, -1,
      270, 276, 274, -1,
      270, 274, 272, -1,
      130, 131, 13, -1,
      13, 131, 12, -1,
      160, 130, 17, -1,
      17, 130, 13, -1,
      160, 17, 288, -1,
      160, 288, 289, -1,
      289, 288, 290, -1,
      289, 290, 291, -1,
      291, 290, 292, -1,
      291, 292, 293, -1,
      293, 292, 294, -1,
      293, 294, 295, -1,
      295, 294, 296, -1,
      295, 296, 297, -1,
      297, 296, 298, -1,
      297, 298, 299, -1,
      299, 298, 300, -1,
      299, 300, 301, -1,
      301, 300, 302, -1,
      301, 302, 303, -1,
      303, 302, 304, -1,
      303, 304, 305, -1,
      305, 304, 16, -1,
      305, 16, 161, -1,
      162, 161, 15, -1,
      15, 161, 16, -1,
      162, 15, 306, -1,
      162, 306, 307, -1,
      307, 306, 308, -1,
      307, 308, 309, -1,
      309, 308, 310, -1,
      309, 310, 311, -1,
      311, 310, 312, -1,
      311, 312, 313, -1,
      313, 312, 314, -1,
      313, 314, 315, -1,
      315, 314, 316, -1,
      315, 316, 317, -1,
      317, 316, 318, -1,
      317, 318, 319, -1,
      319, 318, 320, -1,
      319, 320, 321, -1,
      321, 320, 322, -1,
      321, 322, 323, -1,
      323, 322, 14, -1,
      323, 14, 163, -1,
      131, 163, 12, -1,
      12, 163, 14, -1,
      130, 160, 162, -1,
      289, 291, 299, -1,
      303, 305, 160, -1,
      160, 305, 161, -1,
      160, 161, 162, -1,
      309, 323, 307, -1,
      307, 323, 163, -1,
      307, 163, 162, -1,
      162, 163, 131, -1,
      162, 131, 130, -1,
      291, 293, 299, -1,
      299, 293, 295, -1,
      299, 295, 297, -1,
      289, 299, 160, -1,
      160, 299, 301, -1,
      160, 301, 303, -1,
      309, 311, 323, -1,
      323, 311, 313, -1,
      323, 313, 315, -1,
      315, 317, 323, -1,
      323, 317, 319, -1,
      323, 319, 321, -1,
      13, 12, 17, -1,
      17, 12, 14, -1,
      312, 310, 322, -1,
      310, 308, 322, -1,
      322, 308, 306, -1,
      322, 306, 14, -1,
      14, 306, 15, -1,
      14, 15, 17, -1,
      15, 16, 17, -1,
      17, 16, 304, -1,
      17, 304, 302, -1,
      298, 296, 294, -1,
      322, 320, 318, -1,
      302, 300, 17, -1,
      17, 300, 298, -1,
      17, 298, 288, -1,
      294, 292, 298, -1,
      298, 292, 290, -1,
      298, 290, 288, -1,
      318, 316, 322, -1,
      322, 316, 314, -1,
      322, 314, 312, -1,
      124, 127, 19, -1,
      19, 127, 18, -1,
      170, 124, 23, -1,
      23, 124, 19, -1,
      170, 23, 324, -1,
      170, 324, 325, -1,
      325, 324, 326, -1,
      325, 326, 327, -1,
      327, 326, 328, -1,
      327, 328, 329, -1,
      329, 328, 330, -1,
      329, 330, 331, -1,
      331, 330, 107, -1,
      331, 107, 172, -1,
      172, 107, 332, -1,
      172, 332, 333, -1,
      333, 332, 334, -1,
      333, 334, 335, -1,
      335, 334, 336, -1,
      335, 336, 337, -1,
      337, 336, 338, -1,
      337, 338, 339, -1,
      339, 338, 22, -1,
      339, 22, 171, -1,
      173, 171, 21, -1,
      21, 171, 22, -1,
      173, 21, 340, -1,
      173, 340, 341, -1,
      341, 340, 342, -1,
      341, 342, 343, -1,
      343, 342, 344, -1,
      343, 344, 345, -1,
      345, 344, 346, -1,
      345, 346, 347, -1,
      347, 346, 106, -1,
      347, 106, 175, -1,
      175, 106, 348, -1,
      175, 348, 349, -1,
      349, 348, 350, -1,
      349, 350, 351, -1,
      351, 350, 352, -1,
      351, 352, 353, -1,
      353, 352, 354, -1,
      353, 354, 355, -1,
      355, 354, 20, -1,
      355, 20, 174, -1,
      127, 174, 18, -1,
      18, 174, 20, -1,
      174, 127, 173, -1,
      173, 127, 171, -1,
      127, 124, 171, -1,
      171, 124, 170, -1,
      171, 170, 339, -1,
      339, 170, 337, -1,
      173, 341, 174, -1,
      174, 341, 343, -1,
      174, 343, 345, -1,
      327, 329, 335, -1,
      337, 170, 335, -1,
      335, 170, 325, -1,
      335, 325, 327, -1,
      329, 331, 335, -1,
      335, 331, 172, -1,
      335, 172, 333, -1,
      347, 175, 345, -1,
      345, 175, 349, -1,
      345, 349, 351, -1,
      351, 353, 345, -1,
      345, 353, 355, -1,
      345, 355, 174, -1,
      19, 18, 23, -1,
      23, 18, 20, -1,
      342, 340, 20, -1,
      20, 340, 21, -1,
      20, 21, 23, -1,
      23, 21, 22, -1,
      352, 350, 344, -1,
      22, 338, 23, -1,
      23, 338, 336, -1,
      23, 336, 334, -1,
      342, 20, 344, -1,
      344, 20, 354, -1,
      344, 354, 352, -1,
      350, 348, 344, -1,
      344, 348, 106, -1,
      344, 106, 346, -1,
      332, 107, 334, -1,
      334, 107, 330, -1,
      334, 330, 328, -1,
      328, 326, 334, -1,
      334, 326, 324, -1,
      334, 324, 23, -1,
      197, 25, 356, -1,
      197, 356, 357, -1,
      357, 356, 358, -1,
      357, 358, 359, -1,
      359, 358, 360, -1,
      359, 360, 361, -1,
      361, 360, 362, -1,
      361, 362, 363, -1,
      363, 362, 364, -1,
      363, 364, 365, -1,
      365, 364, 366, -1,
      365, 366, 367, -1,
      367, 366, 368, -1,
      367, 368, 369, -1,
      369, 368, 370, -1,
      369, 370, 371, -1,
      371, 370, 372, -1,
      371, 372, 373, -1,
      373, 372, 24, -1,
      373, 24, 196, -1,
      118, 196, 29, -1,
      29, 196, 24, -1,
      112, 118, 28, -1,
      28, 118, 29, -1,
      198, 112, 27, -1,
      27, 112, 28, -1,
      198, 27, 374, -1,
      198, 374, 375, -1,
      375, 374, 376, -1,
      375, 376, 377, -1,
      377, 376, 378, -1,
      377, 378, 379, -1,
      379, 378, 380, -1,
      379, 380, 381, -1,
      381, 380, 382, -1,
      381, 382, 383, -1,
      383, 382, 384, -1,
      383, 384, 385, -1,
      385, 384, 386, -1,
      385, 386, 387, -1,
      387, 386, 388, -1,
      387, 388, 389, -1,
      389, 388, 390, -1,
      389, 390, 391, -1,
      391, 390, 26, -1,
      391, 26, 199, -1,
      197, 199, 25, -1,
      25, 199, 26, -1,
      118, 112, 196, -1,
      196, 112, 198, -1,
      196, 198, 199, -1,
      198, 375, 199, -1,
      199, 375, 377, -1,
      199, 377, 391, -1,
      391, 377, 389, -1,
      199, 197, 196, -1,
      196, 197, 357, -1,
      196, 357, 373, -1,
      373, 357, 359, -1,
      359, 361, 373, -1,
      373, 361, 363, -1,
      373, 363, 365, -1,
      383, 377, 381, -1,
      381, 377, 379, -1,
      383, 385, 377, -1,
      377, 385, 387, -1,
      377, 387, 389, -1,
      365, 367, 373, -1,
      373, 367, 369, -1,
      373, 369, 371, -1,
      362, 360, 372, -1,
      376, 26, 390, -1,
      376, 374, 26, -1,
      26, 374, 27, -1,
      26, 27, 25, -1,
      360, 358, 372, -1,
      372, 358, 356, -1,
      372, 356, 24, -1,
      24, 356, 25, -1,
      24, 25, 29, -1,
      29, 25, 27, -1,
      29, 27, 28, -1,
      372, 370, 368, -1,
      368, 366, 372, -1,
      372, 366, 364, -1,
      372, 364, 362, -1,
      390, 388, 376, -1,
      376, 388, 386, -1,
      376, 386, 384, -1,
      384, 382, 376, -1,
      376, 382, 380, -1,
      376, 380, 378, -1,
      129, 128, 31, -1,
      31, 128, 30, -1,
      156, 129, 35, -1,
      35, 129, 31, -1,
      156, 35, 392, -1,
      156, 392, 393, -1,
      393, 392, 394, -1,
      393, 394, 395, -1,
      395, 394, 396, -1,
      395, 396, 397, -1,
      397, 396, 398, -1,
      397, 398, 399, -1,
      399, 398, 400, -1,
      399, 400, 401, -1,
      401, 400, 402, -1,
      401, 402, 403, -1,
      403, 402, 404, -1,
      403, 404, 405, -1,
      405, 404, 406, -1,
      405, 406, 407, -1,
      407, 406, 408, -1,
      407, 408, 409, -1,
      409, 408, 34, -1,
      409, 34, 157, -1,
      158, 157, 33, -1,
      33, 157, 34, -1,
      158, 33, 410, -1,
      158, 410, 411, -1,
      411, 410, 412, -1,
      411, 412, 413, -1,
      413, 412, 414, -1,
      413, 414, 415, -1,
      415, 414, 416, -1,
      415, 416, 417, -1,
      417, 416, 418, -1,
      417, 418, 419, -1,
      419, 418, 420, -1,
      419, 420, 421, -1,
      421, 420, 422, -1,
      421, 422, 423, -1,
      423, 422, 424, -1,
      423, 424, 425, -1,
      425, 424, 426, -1,
      425, 426, 427, -1,
      427, 426, 32, -1,
      427, 32, 159, -1,
      128, 159, 30, -1,
      30, 159, 32, -1,
      128, 129, 158, -1,
      158, 129, 156, -1,
      158, 156, 157, -1,
      419, 421, 417, -1,
      417, 421, 423, -1,
      417, 423, 425, -1,
      128, 158, 159, -1,
      159, 158, 411, -1,
      159, 411, 413, -1,
      413, 415, 159, -1,
      159, 415, 417, -1,
      159, 417, 427, -1,
      427, 417, 425, -1,
      405, 399, 403, -1,
      403, 399, 401, -1,
      395, 397, 409, -1,
      409, 397, 399, -1,
      409, 399, 407, -1,
      407, 399, 405, -1,
      157, 156, 409, -1,
      409, 156, 393, -1,
      409, 393, 395, -1,
      31, 30, 35, -1,
      35, 30, 32, -1,
      420, 418, 416, -1,
      412, 410, 32, -1,
      32, 410, 33, -1,
      32, 33, 35, -1,
      426, 424, 416, -1,
      416, 424, 422, -1,
      416, 422, 420, -1,
      426, 416, 32, -1,
      32, 416, 414, -1,
      32, 414, 412, -1,
      406, 404, 398, -1,
      398, 404, 402, -1,
      398, 402, 400, -1,
      33, 34, 35, -1,
      35, 34, 408, -1,
      35, 408, 392, -1,
      392, 408, 394, -1,
      406, 398, 408, -1,
      408, 398, 396, -1,
      408, 396, 394, -1,
      189, 37, 428, -1,
      189, 428, 429, -1,
      429, 428, 430, -1,
      429, 430, 431, -1,
      431, 430, 432, -1,
      431, 432, 433, -1,
      433, 432, 434, -1,
      433, 434, 435, -1,
      435, 434, 436, -1,
      435, 436, 437, -1,
      437, 436, 438, -1,
      437, 438, 439, -1,
      439, 438, 440, -1,
      439, 440, 441, -1,
      441, 440, 442, -1,
      441, 442, 443, -1,
      443, 442, 444, -1,
      443, 444, 445, -1,
      445, 444, 36, -1,
      445, 36, 188, -1,
      113, 188, 41, -1,
      41, 188, 36, -1,
      114, 113, 40, -1,
      40, 113, 41, -1,
      190, 114, 39, -1,
      39, 114, 40, -1,
      190, 39, 446, -1,
      190, 446, 447, -1,
      447, 446, 448, -1,
      447, 448, 449, -1,
      449, 448, 450, -1,
      449, 450, 451, -1,
      451, 450, 452, -1,
      451, 452, 453, -1,
      453, 452, 454, -1,
      453, 454, 455, -1,
      455, 454, 456, -1,
      455, 456, 457, -1,
      457, 456, 458, -1,
      457, 458, 459, -1,
      459, 458, 460, -1,
      459, 460, 461, -1,
      461, 460, 462, -1,
      461, 462, 463, -1,
      463, 462, 38, -1,
      463, 38, 191, -1,
      189, 191, 37, -1,
      37, 191, 38, -1,
      113, 114, 188, -1,
      188, 114, 190, -1,
      188, 190, 191, -1,
      447, 449, 451, -1,
      455, 457, 190, -1,
      190, 457, 459, -1,
      459, 461, 190, -1,
      190, 461, 463, -1,
      190, 463, 191, -1,
      447, 451, 190, -1,
      190, 451, 453, -1,
      190, 453, 455, -1,
      443, 429, 441, -1,
      441, 429, 431, -1,
      441, 431, 433, -1,
      191, 189, 188, -1,
      188, 189, 429, -1,
      188, 429, 445, -1,
      445, 429, 443, -1,
      433, 435, 441, -1,
      441, 435, 437, -1,
      441, 437, 439, -1,
      40, 41, 39, -1,
      39, 41, 36, -1,
      430, 428, 440, -1,
      440, 428, 442, -1,
      39, 38, 462, -1,
      38, 39, 37, -1,
      37, 39, 36, -1,
      37, 36, 428, -1,
      428, 36, 444, -1,
      428, 444, 442, -1,
      440, 438, 436, -1,
      436, 434, 440, -1,
      440, 434, 432, -1,
      440, 432, 430, -1,
      462, 460, 39, -1,
      39, 460, 458, -1,
      39, 458, 456, -1,
      39, 450, 446, -1,
      446, 450, 448, -1,
      456, 454, 39, -1,
      39, 454, 452, -1,
      39, 452, 450, -1,
      138, 139, 43, -1,
      43, 139, 42, -1,
      152, 138, 47, -1,
      47, 138, 43, -1,
      152, 47, 464, -1,
      152, 464, 465, -1,
      465, 464, 466, -1,
      465, 466, 467, -1,
      467, 466, 468, -1,
      467, 468, 469, -1,
      469, 468, 470, -1,
      469, 470, 471, -1,
      471, 470, 472, -1,
      471, 472, 473, -1,
      473, 472, 474, -1,
      473, 474, 475, -1,
      475, 474, 476, -1,
      475, 476, 477, -1,
      477, 476, 478, -1,
      477, 478, 479, -1,
      479, 478, 480, -1,
      479, 480, 481, -1,
      481, 480, 46, -1,
      481, 46, 153, -1,
      154, 153, 45, -1,
      45, 153, 46, -1,
      154, 45, 482, -1,
      154, 482, 483, -1,
      483, 482, 484, -1,
      483, 484, 485, -1,
      485, 484, 486, -1,
      485, 486, 487, -1,
      487, 486, 488, -1,
      487, 488, 489, -1,
      489, 488, 490, -1,
      489, 490, 491, -1,
      491, 490, 492, -1,
      491, 492, 493, -1,
      493, 492, 494, -1,
      493, 494, 495, -1,
      495, 494, 496, -1,
      495, 496, 497, -1,
      497, 496, 498, -1,
      497, 498, 499, -1,
      499, 498, 44, -1,
      499, 44, 155, -1,
      139, 155, 42, -1,
      42, 155, 44, -1,
      139, 138, 155, -1,
      155, 138, 152, -1,
      155, 152, 153, -1,
      465, 467, 469, -1,
      473, 475, 152, -1,
      152, 475, 477, -1,
      153, 154, 155, -1,
      155, 154, 483, -1,
      155, 483, 485, -1,
      497, 489, 495, -1,
      495, 489, 491, -1,
      495, 491, 493, -1,
      477, 479, 152, -1,
      152, 479, 481, -1,
      152, 481, 153, -1,
      485, 487, 155, -1,
      155, 487, 489, -1,
      155, 489, 499, -1,
      499, 489, 497, -1,
      465, 469, 152, -1,
      152, 469, 471, -1,
      152, 471, 473, -1,
      43, 42, 47, -1,
      47, 42, 44, -1,
      44, 45, 47, -1,
      47, 45, 46, -1,
      47, 46, 480, -1,
      486, 44, 488, -1,
      488, 44, 498, -1,
      486, 484, 44, -1,
      44, 484, 482, -1,
      44, 482, 45, -1,
      492, 490, 494, -1,
      494, 490, 488, -1,
      494, 488, 496, -1,
      496, 488, 498, -1,
      480, 478, 47, -1,
      47, 478, 476, -1,
      47, 476, 474, -1,
      47, 468, 464, -1,
      464, 468, 466, -1,
      474, 472, 47, -1,
      47, 472, 470, -1,
      47, 470, 468, -1,
      185, 49, 500, -1,
      185, 500, 501, -1,
      501, 500, 502, -1,
      501, 502, 503, -1,
      503, 502, 504, -1,
      503, 504, 505, -1,
      505, 504, 506, -1,
      505, 506, 507, -1,
      507, 506, 508, -1,
      507, 508, 509, -1,
      509, 508, 510, -1,
      509, 510, 511, -1,
      511, 510, 512, -1,
      511, 512, 513, -1,
      513, 512, 514, -1,
      513, 514, 515, -1,
      515, 514, 516, -1,
      515, 516, 517, -1,
      517, 516, 48, -1,
      517, 48, 184, -1,
      117, 184, 53, -1,
      53, 184, 48, -1,
      119, 117, 52, -1,
      52, 117, 53, -1,
      186, 119, 51, -1,
      51, 119, 52, -1,
      186, 51, 518, -1,
      186, 518, 519, -1,
      519, 518, 520, -1,
      519, 520, 521, -1,
      521, 520, 522, -1,
      521, 522, 523, -1,
      523, 522, 524, -1,
      523, 524, 525, -1,
      525, 524, 526, -1,
      525, 526, 527, -1,
      527, 526, 528, -1,
      527, 528, 529, -1,
      529, 528, 530, -1,
      529, 530, 531, -1,
      531, 530, 532, -1,
      531, 532, 533, -1,
      533, 532, 534, -1,
      533, 534, 535, -1,
      535, 534, 50, -1,
      535, 50, 187, -1,
      185, 187, 49, -1,
      49, 187, 50, -1,
      117, 119, 184, -1,
      184, 119, 186, -1,
      519, 535, 186, -1,
      186, 535, 187, -1,
      186, 187, 184, -1,
      184, 187, 185, -1,
      184, 185, 501, -1,
      505, 513, 515, -1,
      525, 527, 523, -1,
      523, 527, 529, -1,
      523, 529, 531, -1,
      505, 507, 513, -1,
      513, 507, 509, -1,
      513, 509, 511, -1,
      501, 503, 184, -1,
      184, 503, 505, -1,
      184, 505, 517, -1,
      517, 505, 515, -1,
      519, 521, 535, -1,
      535, 521, 523, -1,
      535, 523, 533, -1,
      533, 523, 531, -1,
      516, 500, 48, -1,
      48, 500, 49, -1,
      48, 49, 53, -1,
      53, 49, 51, -1,
      53, 51, 52, -1,
      516, 514, 500, -1,
      500, 514, 512, -1,
      500, 512, 502, -1,
      502, 512, 504, -1,
      49, 50, 51, -1,
      51, 50, 534, -1,
      51, 534, 518, -1,
      518, 534, 520, -1,
      510, 508, 512, -1,
      512, 508, 506, -1,
      512, 506, 504, -1,
      530, 528, 522, -1,
      522, 528, 526, -1,
      522, 526, 524, -1,
      520, 534, 522, -1,
      522, 534, 532, -1,
      522, 532, 530, -1,
      137, 133, 55, -1,
      55, 133, 54, -1,
      144, 137, 59, -1,
      59, 137, 55, -1,
      144, 59, 536, -1,
      144, 536, 537, -1,
      537, 536, 538, -1,
      537, 538, 539, -1,
      539, 538, 540, -1,
      539, 540, 541, -1,
      541, 540, 542, -1,
      541, 542, 543, -1,
      543, 542, 544, -1,
      543, 544, 545, -1,
      545, 544, 546, -1,
      545, 546, 547, -1,
      547, 546, 548, -1,
      547, 548, 549, -1,
      549, 548, 550, -1,
      549, 550, 551, -1,
      551, 550, 552, -1,
      551, 552, 553, -1,
      553, 552, 58, -1,
      553, 58, 145, -1,
      146, 145, 57, -1,
      57, 145, 58, -1,
      146, 57, 554, -1,
      146, 554, 555, -1,
      555, 554, 556, -1,
      555, 556, 557, -1,
      557, 556, 558, -1,
      557, 558, 559, -1,
      559, 558, 560, -1,
      559, 560, 561, -1,
      561, 560, 562, -1,
      561, 562, 563, -1,
      563, 562, 564, -1,
      563, 564, 565, -1,
      565, 564, 566, -1,
      565, 566, 567, -1,
      567, 566, 568, -1,
      567, 568, 569, -1,
      569, 568, 570, -1,
      569, 570, 571, -1,
      571, 570, 56, -1,
      571, 56, 147, -1,
      133, 147, 54, -1,
      54, 147, 56, -1,
      137, 144, 146, -1,
      537, 539, 547, -1,
      551, 553, 144, -1,
      144, 553, 145, -1,
      144, 145, 146, -1,
      557, 571, 555, -1,
      555, 571, 147, -1,
      555, 147, 146, -1,
      146, 147, 133, -1,
      146, 133, 137, -1,
      539, 541, 547, -1,
      547, 541, 543, -1,
      547, 543, 545, -1,
      537, 547, 144, -1,
      144, 547, 549, -1,
      144, 549, 551, -1,
      557, 559, 571, -1,
      571, 559, 561, -1,
      571, 561, 563, -1,
      563, 565, 571, -1,
      571, 565, 567, -1,
      571, 567, 569, -1,
      55, 54, 59, -1,
      59, 54, 56, -1,
      560, 558, 570, -1,
      558, 556, 570, -1,
      570, 556, 554, -1,
      570, 554, 56, -1,
      56, 554, 57, -1,
      56, 57, 59, -1,
      57, 58, 59, -1,
      59, 58, 552, -1,
      59, 552, 550, -1,
      546, 544, 542, -1,
      570, 568, 566, -1,
      550, 548, 59, -1,
      59, 548, 546, -1,
      59, 546, 536, -1,
      542, 540, 546, -1,
      546, 540, 538, -1,
      546, 538, 536, -1,
      566, 564, 570, -1,
      570, 564, 562, -1,
      570, 562, 560, -1,
      177, 61, 572, -1,
      177, 572, 573, -1,
      573, 572, 574, -1,
      573, 574, 575, -1,
      575, 574, 576, -1,
      575, 576, 577, -1,
      577, 576, 578, -1,
      577, 578, 579, -1,
      579, 578, 580, -1,
      579, 580, 581, -1,
      581, 580, 582, -1,
      581, 582, 583, -1,
      583, 582, 584, -1,
      583, 584, 585, -1,
      585, 584, 586, -1,
      585, 586, 587, -1,
      587, 586, 588, -1,
      587, 588, 589, -1,
      589, 588, 60, -1,
      589, 60, 176, -1,
      120, 176, 65, -1,
      65, 176, 60, -1,
      121, 120, 64, -1,
      64, 120, 65, -1,
      178, 121, 63, -1,
      63, 121, 64, -1,
      178, 63, 590, -1,
      178, 590, 591, -1,
      591, 590, 592, -1,
      591, 592, 593, -1,
      593, 592, 594, -1,
      593, 594, 595, -1,
      595, 594, 596, -1,
      595, 596, 597, -1,
      597, 596, 598, -1,
      597, 598, 599, -1,
      599, 598, 600, -1,
      599, 600, 601, -1,
      601, 600, 602, -1,
      601, 602, 603, -1,
      603, 602, 604, -1,
      603, 604, 605, -1,
      605, 604, 606, -1,
      605, 606, 607, -1,
      607, 606, 62, -1,
      607, 62, 179, -1,
      177, 179, 61, -1,
      61, 179, 62, -1,
      120, 121, 176, -1,
      176, 121, 178, -1,
      176, 178, 179, -1,
      178, 591, 179, -1,
      179, 591, 593, -1,
      179, 593, 607, -1,
      607, 593, 605, -1,
      179, 177, 176, -1,
      176, 177, 573, -1,
      176, 573, 589, -1,
      589, 573, 575, -1,
      575, 577, 589, -1,
      589, 577, 579, -1,
      589, 579, 581, -1,
      599, 593, 597, -1,
      597, 593, 595, -1,
      599, 601, 593, -1,
      593, 601, 603, -1,
      593, 603, 605, -1,
      581, 583, 589, -1,
      589, 583, 585, -1,
      589, 585, 587, -1,
      578, 576, 588, -1,
      592, 62, 606, -1,
      592, 590, 62, -1,
      62, 590, 63, -1,
      62, 63, 61, -1,
      576, 574, 588, -1,
      588, 574, 572, -1,
      588, 572, 60, -1,
      60, 572, 61, -1,
      60, 61, 65, -1,
      65, 61, 63, -1,
      65, 63, 64, -1,
      588, 586, 584, -1,
      584, 582, 588, -1,
      588, 582, 580, -1,
      588, 580, 578, -1,
      606, 604, 592, -1,
      592, 604, 602, -1,
      592, 602, 600, -1,
      600, 598, 592, -1,
      592, 598, 596, -1,
      592, 596, 594, -1,
      132, 136, 67, -1,
      67, 136, 66, -1,
      148, 132, 71, -1,
      71, 132, 67, -1,
      148, 71, 608, -1,
      148, 608, 609, -1,
      609, 608, 610, -1,
      609, 610, 611, -1,
      611, 610, 612, -1,
      611, 612, 613, -1,
      613, 612, 614, -1,
      613, 614, 615, -1,
      615, 614, 616, -1,
      615, 616, 617, -1,
      617, 616, 618, -1,
      617, 618, 619, -1,
      619, 618, 620, -1,
      619, 620, 621, -1,
      621, 620, 622, -1,
      621, 622, 623, -1,
      623, 622, 624, -1,
      623, 624, 625, -1,
      625, 624, 70, -1,
      625, 70, 149, -1,
      150, 149, 69, -1,
      69, 149, 70, -1,
      150, 69, 626, -1,
      150, 626, 627, -1,
      627, 626, 628, -1,
      627, 628, 629, -1,
      629, 628, 630, -1,
      629, 630, 631, -1,
      631, 630, 632, -1,
      631, 632, 633, -1,
      633, 632, 634, -1,
      633, 634, 635, -1,
      635, 634, 636, -1,
      635, 636, 637, -1,
      637, 636, 638, -1,
      637, 638, 639, -1,
      639, 638, 640, -1,
      639, 640, 641, -1,
      641, 640, 642, -1,
      641, 642, 643, -1,
      643, 642, 68, -1,
      643, 68, 151, -1,
      136, 151, 66, -1,
      66, 151, 68, -1,
      625, 149, 611, -1,
      631, 633, 151, -1,
      136, 132, 150, -1,
      150, 132, 148, -1,
      150, 148, 149, -1,
      149, 148, 609, -1,
      149, 609, 611, -1,
      631, 151, 629, -1,
      136, 150, 151, -1,
      151, 150, 627, -1,
      151, 627, 629, -1,
      633, 635, 151, -1,
      151, 635, 637, -1,
      151, 637, 643, -1,
      643, 637, 639, -1,
      643, 639, 641, -1,
      611, 613, 625, -1,
      625, 613, 615, -1,
      625, 615, 617, -1,
      617, 619, 625, -1,
      625, 619, 621, -1,
      625, 621, 623, -1,
      608, 71, 70, -1,
      638, 636, 69, -1,
      70, 71, 69, -1,
      638, 69, 640, -1,
      67, 66, 71, -1,
      71, 66, 68, -1,
      71, 68, 69, -1,
      69, 68, 642, -1,
      69, 642, 640, -1,
      636, 634, 69, -1,
      69, 634, 632, -1,
      69, 632, 626, -1,
      626, 632, 630, -1,
      626, 630, 628, -1,
      618, 616, 614, -1,
      608, 70, 610, -1,
      610, 70, 624, -1,
      610, 624, 622, -1,
      622, 620, 610, -1,
      610, 620, 618, -1,
      610, 618, 612, -1,
      612, 618, 614, -1,
      181, 73, 644, -1,
      181, 644, 645, -1,
      645, 644, 646, -1,
      645, 646, 647, -1,
      647, 646, 648, -1,
      647, 648, 649, -1,
      649, 648, 650, -1,
      649, 650, 651, -1,
      651, 650, 652, -1,
      651, 652, 653, -1,
      653, 652, 654, -1,
      653, 654, 655, -1,
      655, 654, 656, -1,
      655, 656, 657, -1,
      657, 656, 658, -1,
      657, 658, 659, -1,
      659, 658, 660, -1,
      659, 660, 661, -1,
      661, 660, 72, -1,
      661, 72, 180, -1,
      123, 180, 77, -1,
      77, 180, 72, -1,
      122, 123, 76, -1,
      76, 123, 77, -1,
      182, 122, 75, -1,
      75, 122, 76, -1,
      182, 75, 662, -1,
      182, 662, 663, -1,
      663, 662, 664, -1,
      663, 664, 665, -1,
      665, 664, 666, -1,
      665, 666, 667, -1,
      667, 666, 668, -1,
      667, 668, 669, -1,
      669, 668, 670, -1,
      669, 670, 671, -1,
      671, 670, 672, -1,
      671, 672, 673, -1,
      673, 672, 674, -1,
      673, 674, 675, -1,
      675, 674, 676, -1,
      675, 676, 677, -1,
      677, 676, 678, -1,
      677, 678, 679, -1,
      679, 678, 74, -1,
      679, 74, 183, -1,
      181, 183, 73, -1,
      73, 183, 74, -1,
      667, 669, 183, -1,
      667, 183, 665, -1,
      183, 181, 180, -1,
      180, 181, 645, -1,
      123, 122, 180, -1,
      180, 122, 182, -1,
      180, 182, 183, -1,
      183, 182, 663, -1,
      183, 663, 665, -1,
      669, 671, 183, -1,
      183, 671, 673, -1,
      183, 673, 679, -1,
      679, 673, 675, -1,
      679, 675, 677, -1,
      645, 647, 180, -1,
      180, 647, 649, -1,
      180, 649, 651, -1,
      651, 653, 180, -1,
      180, 653, 655, -1,
      180, 655, 661, -1,
      661, 655, 657, -1,
      661, 657, 659, -1,
      77, 72, 73, -1,
      73, 72, 660, -1,
      674, 672, 75, -1,
      660, 658, 73, -1,
      73, 658, 656, -1,
      73, 656, 654, -1,
      654, 652, 73, -1,
      73, 652, 650, -1,
      73, 650, 644, -1,
      644, 650, 648, -1,
      644, 648, 646, -1,
      674, 75, 676, -1,
      77, 73, 76, -1,
      76, 73, 74, -1,
      76, 74, 75, -1,
      75, 74, 678, -1,
      75, 678, 676, -1,
      672, 670, 75, -1,
      75, 670, 668, -1,
      75, 668, 662, -1,
      662, 668, 666, -1,
      662, 666, 664, -1,
      166, 79, 680, -1,
      166, 680, 681, -1,
      681, 680, 682, -1,
      681, 682, 683, -1,
      683, 682, 684, -1,
      683, 684, 685, -1,
      685, 684, 686, -1,
      685, 686, 687, -1,
      687, 686, 105, -1,
      687, 105, 165, -1,
      165, 105, 688, -1,
      165, 688, 689, -1,
      689, 688, 690, -1,
      689, 690, 691, -1,
      691, 690, 692, -1,
      691, 692, 693, -1,
      693, 692, 694, -1,
      693, 694, 695, -1,
      695, 694, 78, -1,
      695, 78, 164, -1,
      167, 164, 83, -1,
      83, 164, 78, -1,
      167, 83, 696, -1,
      167, 696, 697, -1,
      697, 696, 698, -1,
      697, 698, 699, -1,
      699, 698, 700, -1,
      699, 700, 701, -1,
      701, 700, 702, -1,
      701, 702, 703, -1,
      703, 702, 104, -1,
      703, 104, 169, -1,
      169, 104, 704, -1,
      169, 704, 705, -1,
      705, 704, 706, -1,
      705, 706, 707, -1,
      707, 706, 708, -1,
      707, 708, 709, -1,
      709, 708, 710, -1,
      709, 710, 711, -1,
      711, 710, 82, -1,
      711, 82, 168, -1,
      126, 168, 81, -1,
      81, 168, 82, -1,
      125, 126, 80, -1,
      80, 126, 81, -1,
      166, 125, 79, -1,
      79, 125, 80, -1,
      164, 167, 126, -1,
      699, 701, 168, -1,
      126, 167, 168, -1,
      168, 167, 697, -1,
      168, 697, 699, -1,
      683, 685, 691, -1,
      126, 125, 164, -1,
      164, 125, 166, -1,
      164, 166, 695, -1,
      695, 166, 693, -1,
      703, 169, 701, -1,
      701, 169, 705, -1,
      701, 705, 707, -1,
      707, 709, 701, -1,
      701, 709, 711, -1,
      701, 711, 168, -1,
      693, 166, 691, -1,
      691, 166, 681, -1,
      691, 681, 683, -1,
      685, 687, 691, -1,
      691, 687, 165, -1,
      691, 165, 689, -1,
      692, 690, 79, -1,
      708, 706, 700, -1,
      698, 696, 82, -1,
      82, 696, 83, -1,
      82, 83, 81, -1,
      698, 82, 700, -1,
      700, 82, 710, -1,
      700, 710, 708, -1,
      81, 83, 80, -1,
      80, 83, 78, -1,
      80, 78, 79, -1,
      79, 78, 694, -1,
      79, 694, 692, -1,
      706, 704, 700, -1,
      700, 704, 104, -1,
      700, 104, 702, -1,
      688, 105, 690, -1,
      690, 105, 686, -1,
      690, 686, 684, -1,
      684, 682, 690, -1,
      690, 682, 680, -1,
      690, 680, 79, -1,
      208, 85, 712, -1,
      208, 712, 713, -1,
      713, 712, 714, -1,
      713, 714, 715, -1,
      715, 714, 716, -1,
      715, 716, 717, -1,
      717, 716, 718, -1,
      717, 718, 719, -1,
      719, 718, 100, -1,
      719, 100, 207, -1,
      207, 100, 720, -1,
      207, 720, 721, -1,
      721, 720, 722, -1,
      721, 722, 723, -1,
      723, 722, 724, -1,
      723, 724, 725, -1,
      725, 724, 726, -1,
      725, 726, 727, -1,
      727, 726, 84, -1,
      727, 84, 206, -1,
      209, 206, 89, -1,
      89, 206, 84, -1,
      209, 89, 728, -1,
      209, 728, 729, -1,
      729, 728, 730, -1,
      729, 730, 731, -1,
      731, 730, 732, -1,
      731, 732, 733, -1,
      733, 732, 734, -1,
      733, 734, 735, -1,
      735, 734, 102, -1,
      735, 102, 211, -1,
      211, 102, 736, -1,
      211, 736, 737, -1,
      737, 736, 738, -1,
      737, 738, 739, -1,
      739, 738, 740, -1,
      739, 740, 741, -1,
      741, 740, 742, -1,
      741, 742, 743, -1,
      743, 742, 88, -1,
      743, 88, 210, -1,
      110, 210, 87, -1,
      87, 210, 88, -1,
      108, 110, 86, -1,
      86, 110, 87, -1,
      208, 108, 85, -1,
      85, 108, 86, -1,
      210, 110, 209, -1,
      209, 110, 206, -1,
      110, 108, 206, -1,
      206, 108, 208, -1,
      206, 208, 727, -1,
      727, 208, 725, -1,
      715, 717, 723, -1,
      725, 208, 723, -1,
      723, 208, 713, -1,
      723, 713, 715, -1,
      211, 737, 735, -1,
      735, 737, 733, -1,
      733, 737, 731, -1,
      731, 737, 739, -1,
      731, 739, 741, -1,
      717, 719, 723, -1,
      723, 719, 207, -1,
      723, 207, 721, -1,
      209, 729, 210, -1,
      210, 729, 731, -1,
      210, 731, 743, -1,
      743, 731, 741, -1,
      86, 87, 85, -1,
      85, 87, 88, -1,
      738, 736, 730, -1,
      84, 85, 89, -1,
      89, 85, 88, -1,
      89, 88, 728, -1,
      738, 730, 740, -1,
      84, 726, 85, -1,
      85, 726, 724, -1,
      85, 724, 722, -1,
      102, 734, 736, -1,
      736, 734, 732, -1,
      736, 732, 730, -1,
      728, 88, 730, -1,
      730, 88, 742, -1,
      730, 742, 740, -1,
      720, 100, 722, -1,
      722, 100, 718, -1,
      722, 718, 716, -1,
      716, 714, 722, -1,
      722, 714, 712, -1,
      722, 712, 85, -1,
      202, 91, 744, -1,
      202, 744, 745, -1,
      745, 744, 746, -1,
      745, 746, 747, -1,
      747, 746, 748, -1,
      747, 748, 749, -1,
      749, 748, 750, -1,
      749, 750, 751, -1,
      751, 750, 101, -1,
      751, 101, 201, -1,
      201, 101, 752, -1,
      201, 752, 753, -1,
      753, 752, 754, -1,
      753, 754, 755, -1,
      755, 754, 756, -1,
      755, 756, 757, -1,
      757, 756, 758, -1,
      757, 758, 759, -1,
      759, 758, 90, -1,
      759, 90, 200, -1,
      203, 200, 95, -1,
      95, 200, 90, -1,
      203, 95, 760, -1,
      203, 760, 761, -1,
      761, 760, 762, -1,
      761, 762, 763, -1,
      763, 762, 764, -1,
      763, 764, 765, -1,
      765, 764, 766, -1,
      765, 766, 767, -1,
      767, 766, 103, -1,
      767, 103, 205, -1,
      205, 103, 768, -1,
      205, 768, 769, -1,
      769, 768, 770, -1,
      769, 770, 771, -1,
      771, 770, 772, -1,
      771, 772, 773, -1,
      773, 772, 774, -1,
      773, 774, 775, -1,
      775, 774, 94, -1,
      775, 94, 204, -1,
      109, 204, 93, -1,
      93, 204, 94, -1,
      111, 109, 92, -1,
      92, 109, 93, -1,
      202, 111, 91, -1,
      91, 111, 92, -1,
      200, 202, 759, -1,
      759, 202, 757, -1,
      761, 204, 203, -1,
      203, 204, 109, -1,
      203, 109, 200, -1,
      200, 109, 111, -1,
      200, 111, 202, -1,
      761, 763, 204, -1,
      204, 763, 765, -1,
      204, 765, 767, -1,
      767, 205, 204, -1,
      204, 205, 769, -1,
      204, 769, 775, -1,
      775, 769, 771, -1,
      775, 771, 773, -1,
      747, 749, 755, -1,
      757, 202, 755, -1,
      755, 202, 745, -1,
      755, 745, 747, -1,
      749, 751, 755, -1,
      755, 751, 201, -1,
      755, 201, 753, -1,
      91, 92, 90, -1,
      90, 92, 95, -1,
      766, 764, 94, -1,
      94, 764, 762, -1,
      92, 93, 95, -1,
      95, 93, 94, -1,
      95, 94, 760, -1,
      760, 94, 762, -1,
      90, 758, 91, -1,
      91, 758, 756, -1,
      91, 756, 754, -1,
      772, 770, 774, -1,
      774, 770, 768, -1,
      774, 768, 94, -1,
      94, 768, 103, -1,
      94, 103, 766, -1,
      752, 101, 754, -1,
      754, 101, 750, -1,
      754, 750, 748, -1,
      748, 746, 754, -1,
      754, 746, 744, -1,
      754, 744, 91, -1,
      213, 212, 97, -1,
      97, 212, 96, -1,
      214, 213, 99, -1,
      99, 213, 97, -1,
      215, 214, 98, -1,
      98, 214, 99, -1,
      212, 215, 96, -1,
      96, 215, 98, -1,
      214, 215, 213, -1,
      213, 215, 212, -1,
      98, 99, 96, -1,
      96, 99, 97, -1,
    ]
  }
}
