#VRML V2.0 utf8

Shape {
  appearance Appearance {
    material Material {
      diffuseColor 0.2510 0.2510 0.2510
      specularColor 0.1255 0.1255 0.1255
      ambientIntensity 0.2
      transparency 0.0000
      shininess 0.5
    }
  }
  geometry IndexedFaceSet {
    ccw TRUE
    solid FALSE
    coord DEF co Coordinate {
      point [
        0.196850 0.043259 0.097029,
        0.196850 0.043233 0.097020,
        0.196850 0.043233 0.095580,
        0.196850 0.051001 0.113496,
        0.196850 0.046438 0.101923,
        0.196850 0.052081 0.101923,
        0.196850 0.023757 0.143456,
        0.196850 0.025016 0.143612,
        0.196850 0.018629 0.143612,
        0.196850 0.027910 0.127426,
        0.196850 0.026882 0.127328,
        0.196850 0.032181 0.127328,
        0.196850 0.058228 0.095580,
        0.196850 0.058228 0.042276,
        0.196850 0.078282 0.042276,
        0.196850 -0.089622 0.042276,
        0.196850 -0.083283 0.042276,
        0.196850 -0.083283 0.095580,
        0.196850 0.035175 0.141635,
        0.196850 0.035175 0.136509,
        0.196850 0.039500 0.136509,
        0.196850 0.036020 0.101967,
        0.196850 0.035617 0.101923,
        0.196850 0.039500 0.101923,
        0.196850 0.054224 0.127328,
        0.196850 0.054224 0.118072,
        0.196850 0.058228 0.118072,
        0.196850 0.055230 0.109271,
        0.196850 0.055230 0.103884,
        0.196850 0.058228 0.103884,
        0.196850 -0.045599 0.115252,
        0.196850 -0.043697 0.113502,
        0.196850 -0.039079 0.115915,
        0.196850 -0.076153 0.125456,
        0.196850 -0.075326 0.127328,
        0.196850 -0.083283 0.127328,
        0.196850 -0.008559 0.128399,
        0.196850 -0.007788 0.127328,
        0.196850 0.002255 0.127328,
        0.196850 -0.024339 0.143612,
        0.196850 -0.021722 0.141853,
        0.196850 0.002255 0.143612,
        0.196850 -0.017974 0.137522,
        0.196850 -0.015574 0.132858,
        0.196850 -0.015044 0.132680,
        0.196850 -0.011653 0.131006,
        0.196850 -0.032514 0.147280,
        0.196850 -0.026800 0.145267,
        0.196850 0.002255 0.188976,
        0.196850 -0.048096 0.145052,
        0.196850 -0.042847 0.147078,
        0.196850 -0.083283 0.188976,
        0.196850 -0.037207 0.147773,
        0.196850 -0.083283 0.143612,
        0.196850 -0.062996 0.137994,
        0.196850 -0.058498 0.138551,
        0.196850 -0.074341 0.129558,
        0.196850 -0.071592 0.133086,
        0.196850 -0.050420 0.143612,
        0.196850 -0.050870 0.143333,
        0.196850 -0.053546 0.141042,
        0.196850 -0.057189 0.138480,
        0.196850 -0.055880 0.138323,
        0.196850 -0.070833 0.133805,
        0.196850 -0.067213 0.136353,
        0.196850 -0.083283 0.115915,
        0.196850 -0.076422 0.115915,
        0.196850 -0.076943 0.120106,
        0.196850 -0.076912 0.121177,
        0.196850 -0.064507 0.102667,
        0.196850 -0.068620 0.104674,
        0.196850 -0.083283 0.101923,
        0.196850 -0.063053 0.102230,
        0.196850 -0.072161 0.107696,
        0.196850 -0.074749 0.111385,
        0.196850 -0.076386 0.115622,
        0.196850 -0.056938 0.095580,
        0.196850 -0.058105 0.096086,
        0.196850 -0.060312 0.097791,
        0.196850 -0.061979 0.099897,
        0.196850 -0.062911 0.101923,
        0.196850 -0.055494 0.094953,
        0.196850 -0.052812 0.094502,
        0.196850 -0.055285 0.042276,
        0.196850 -0.052236 0.094488,
        0.196850 0.017669 0.095580,
        0.196850 0.002255 0.101923,
        0.196850 0.002255 0.095580,
        0.196850 -0.041563 0.101923,
        0.196850 -0.041565 0.101915,
        0.196850 -0.042906 0.099369,
        0.196850 -0.044810 0.097261,
        0.196850 -0.047099 0.095721,
        0.196850 -0.047485 0.095580,
        0.196850 -0.049652 0.094786,
        0.196850 0.002255 0.115915,
        0.196850 -0.004561 0.115915,
        0.196850 -0.004819 0.113901,
        0.196850 -0.027002 0.108655,
        0.196850 -0.026219 0.108956,
        0.196850 -0.024911 0.115438,
        0.196850 -0.008515 0.107126,
        0.196850 -0.011601 0.104512,
        0.196850 -0.027706 0.108165,
        0.196850 -0.025366 0.109062,
        0.196850 -0.025255 0.109054,
        0.196850 -0.024913 0.108978,
        0.196850 -0.006244 0.110294,
        0.196850 -0.015074 0.102808,
        0.196850 -0.018876 0.102003,
        0.196850 -0.025594 0.102003,
        0.196850 -0.026174 0.102091,
        0.196850 -0.026930 0.102372,
        0.196850 -0.027678 0.102884,
        0.196850 -0.028006 0.103213,
        0.196850 -0.013667 0.111812,
        0.196850 -0.012416 0.113589,
        0.196850 -0.028896 0.105532,
        0.196850 -0.028878 0.105883,
        0.196850 -0.040850 0.107013,
        0.196850 -0.028674 0.106756,
        0.196850 -0.028257 0.107547,
        0.196850 -0.024683 0.108948,
        0.196850 -0.019559 0.108948,
        0.196850 -0.017537 0.109333,
        0.196850 -0.028497 0.103930,
        0.196850 -0.028793 0.104704,
        0.196850 -0.040908 0.104728,
        0.196850 -0.040850 0.105874,
        0.196850 -0.015526 0.110258,
        0.196850 -0.013839 0.111629,
        0.196850 -0.050736 0.117277,
        0.196850 -0.047998 0.116568,
        0.196850 -0.021291 0.127328,
        0.196850 -0.052236 0.117374,
        0.196850 -0.011633 0.115619,
        0.196850 -0.011597 0.115915,
        0.196850 -0.025189 0.115915,
        0.196850 -0.011361 0.117829,
        0.196850 -0.011414 0.118798,
        0.196850 -0.054800 0.117076,
        0.196850 -0.067288 0.127328,
        0.196850 -0.057326 0.116151,
        0.196850 -0.068537 0.125471,
        0.196850 -0.069472 0.122919,
        0.196850 -0.069770 0.120334,
        0.196850 -0.069627 0.118535,
        0.196850 -0.057676 0.115915,
        0.196850 -0.068847 0.115915,
        0.196850 -0.059676 0.114566,
        0.196850 -0.014331 0.124450,
        0.196850 -0.016098 0.125681,
        0.196850 -0.011942 0.120986,
        0.196850 -0.012994 0.122955,
        0.196850 -0.021153 0.126710,
        0.196850 -0.028440 0.121472,
        0.196850 -0.020243 0.126710,
        0.196850 -0.018085 0.126445,
        0.196850 -0.046808 0.115915,
        0.196850 -0.065237 0.111244,
        0.196850 -0.062939 0.109859,
        0.196850 -0.061586 0.112444,
        0.196850 -0.067316 0.113296,
        0.196850 -0.068796 0.115744,
        0.196850 -0.023647 0.133611,
        0.196850 -0.026229 0.136667,
        0.196850 -0.052350 0.130012,
        0.196850 -0.026445 0.136863,
        0.196850 -0.029641 0.139089,
        0.196850 -0.050602 0.133627,
        0.196850 -0.053334 0.130539,
        0.196850 -0.021874 0.129951,
        0.196850 -0.055892 0.131431,
        0.196850 -0.058385 0.131720,
        0.196850 -0.059530 0.131662,
        0.196850 -0.048045 0.136676,
        0.196850 -0.033210 0.140462,
        0.196850 -0.045019 0.138886,
        0.196850 -0.037093 0.140942,
        0.196850 -0.041302 0.140397,
        0.196850 -0.062343 0.131006,
        0.196850 -0.064890 0.129664,
        0.196850 -0.066998 0.127760,
        0.196850 -0.006230 0.125164,
        0.196850 -0.004831 0.121689,
        0.196850 -0.004302 0.117943,
        0.196850 0.084826 0.118072,
        0.196850 0.078282 0.127328,
        0.196850 0.084004 0.115915,
        0.196850 0.078282 0.115915,
        0.196850 0.078726 0.102058,
        0.196850 0.078282 0.101923,
        0.196850 0.081011 0.102058,
        0.196850 0.090851 0.102058,
        0.196850 0.089218 0.106439,
        0.196850 0.082550 0.106439,
        0.196850 0.093135 0.102058,
        0.196850 0.118110 0.101923,
        0.196850 0.087858 0.115915,
        0.196850 0.118110 0.115915,
        0.196850 0.087036 0.118072,
        0.196850 0.118110 0.127328,
        0.196850 0.077405 0.107384,
        0.196850 0.076619 0.105727,
        0.196850 0.075963 0.115426,
        0.196850 0.076961 0.114037,
        0.196850 0.060956 0.109271,
        0.196850 0.064800 0.102058,
        0.196850 0.060956 0.111105,
        0.196850 0.064800 0.115915,
        0.196850 0.058228 0.111105,
        0.196850 0.075423 0.104302,
        0.196850 0.075235 0.104132,
        0.196850 0.073685 0.103068,
        0.196850 0.071844 0.102369,
        0.196850 0.069205 0.102058,
        0.196850 0.058228 0.101923,
        0.196850 0.061775 0.102058,
        0.196850 0.077561 0.112517,
        0.196850 0.077838 0.110270,
        0.196850 0.077791 0.109261,
        0.196850 0.061411 0.118072,
        0.196850 0.061411 0.116230,
        0.196850 0.058228 0.115915,
        0.196850 0.058228 0.116230,
        0.196850 0.069369 0.118072,
        0.196850 0.071810 0.117803,
        0.196850 0.064800 0.118072,
        0.196850 0.073743 0.117098,
        0.196850 0.075423 0.115952,
        0.196850 0.075461 0.115915,
        0.196850 0.061775 0.103884,
        0.196850 0.058228 0.109271,
        0.196850 0.055230 0.111105,
        0.196850 0.055230 0.115915,
        0.196850 0.055230 0.116230,
        0.196850 0.053162 0.102058,
        0.196850 0.053162 0.115915,
        0.196850 0.052081 0.115915,
        0.196850 0.053162 0.118072,
        0.196850 0.020463 0.110745,
        0.196850 0.020463 0.112693,
        0.196850 0.018629 0.115915,
        0.196850 0.026530 0.102058,
        0.196850 0.024091 0.101923,
        0.196850 0.028535 0.102058,
        0.196850 0.032181 0.101923,
        0.196850 0.026530 0.103827,
        0.196850 0.026476 0.103827,
        0.196850 0.025999 0.103143,
        0.196850 0.018629 0.101923,
        0.196850 0.019719 0.103470,
        0.196850 0.019463 0.104133,
        0.196850 0.031356 0.111170,
        0.196850 0.026443 0.113397,
        0.196850 0.027111 0.113019,
        0.196850 0.025344 0.102520,
        0.196850 0.024889 0.102233,
        0.196850 0.020883 0.102283,
        0.196850 0.020328 0.102689,
        0.196850 0.020145 0.102870,
        0.196850 0.020851 0.112919,
        0.196850 0.022338 0.113503,
        0.196850 0.024401 0.113757,
        0.196850 0.031607 0.111815,
        0.196850 0.031993 0.112355,
        0.196850 0.020155 0.107510,
        0.196850 0.020770 0.108043,
        0.196850 0.021625 0.108480,
        0.196850 0.021865 0.111623,
        0.196850 0.023140 0.108854,
        0.196850 0.024909 0.112053,
        0.196850 0.024213 0.112128,
        0.196850 0.023122 0.112025,
        0.196850 0.027648 0.112509,
        0.196850 0.028060 0.111865,
        0.196850 0.028376 0.110958,
        0.196850 0.019345 0.105120,
        0.196850 0.019351 0.105362,
        0.196850 0.019479 0.106228,
        0.196850 0.019754 0.106935,
        0.196850 0.026530 0.109328,
        0.196850 0.026464 0.110191,
        0.196850 0.026259 0.110915,
        0.196850 0.026025 0.111332,
        0.196850 0.025593 0.113652,
        0.196850 0.031835 0.108600,
        0.196850 0.031554 0.109057,
        0.196850 0.028535 0.109419,
        0.196850 0.031341 0.109678,
        0.196850 0.031266 0.110409,
        0.196850 0.025724 0.111657,
        0.196850 0.025370 0.111889,
        0.196850 0.032163 0.108257,
        0.196850 0.031254 0.104531,
        0.196850 0.032181 0.108245,
        0.196850 0.031974 0.104080,
        0.196850 0.032181 0.103999,
        0.196850 0.031254 0.102459,
        0.196850 0.032181 0.102132,
        0.196850 0.032648 0.101968,
        0.196850 0.033070 0.101923,
        0.196850 0.034356 0.101788,
        0.196850 0.032181 0.095580,
        0.196850 0.039500 0.095580,
        0.196850 0.039500 0.115915,
        0.196850 0.038430 0.113250,
        0.196850 0.038430 0.111302,
        0.196850 0.032181 0.112521,
        0.196850 0.032181 0.115915,
        0.196850 0.032551 0.112849,
        0.196850 0.033022 0.113140,
        0.196850 0.038903 0.105882,
        0.196850 0.038978 0.105169,
        0.196850 0.038873 0.104328,
        0.196850 0.038618 0.103694,
        0.196850 0.038234 0.103167,
        0.196850 0.034092 0.113559,
        0.196850 0.035720 0.113757,
        0.196850 0.037127 0.113633,
        0.196850 0.038695 0.106479,
        0.196850 0.038360 0.106998,
        0.196850 0.038307 0.107061,
        0.196850 0.037689 0.102697,
        0.196850 0.037111 0.102353,
        0.196850 0.035523 0.112128,
        0.196850 0.034929 0.112084,
        0.196850 0.033333 0.110589,
        0.196850 0.034393 0.111942,
        0.196850 0.033943 0.111703,
        0.196850 0.033351 0.110322,
        0.196850 0.033431 0.110011,
        0.196850 0.033576 0.109740,
        0.196850 0.033771 0.109525,
        0.196850 0.034478 0.109083,
        0.196850 0.036933 0.111956,
        0.196850 0.035720 0.108543,
        0.196850 0.038067 0.111514,
        0.196850 0.036505 0.108224,
        0.196850 0.037834 0.107483,
        0.196850 0.033640 0.111435,
        0.196850 0.033469 0.111180,
        0.196850 0.033369 0.110909,
        0.196850 0.033228 0.103589,
        0.196850 0.034303 0.107085,
        0.196850 0.033107 0.107633,
        0.196850 0.034553 0.103426,
        0.196850 0.034641 0.103426,
        0.196850 0.035620 0.106533,
        0.196850 0.035670 0.103541,
        0.196850 0.036919 0.104973,
        0.196850 0.036899 0.105222,
        0.196850 0.036187 0.103731,
        0.196850 0.036370 0.103842,
        0.196850 0.036600 0.104046,
        0.196850 0.036776 0.104305,
        0.196850 0.036878 0.104590,
        0.196850 0.036808 0.105536,
        0.196850 0.036653 0.105802,
        0.196850 0.036403 0.106062,
        0.196850 0.049314 0.143477,
        0.196850 0.052081 0.143612,
        0.196850 0.043233 0.143612,
        0.196850 0.052081 0.127884,
        0.196850 0.051789 0.127773,
        0.196850 0.052081 0.127328,
        0.196850 0.049150 0.127463,
        0.196850 0.043233 0.127328,
        0.196850 0.044746 0.127463,
        0.196850 0.044746 0.143477,
        0.196850 0.053630 0.128472,
        0.196850 0.054224 0.128880,
        0.196850 0.055909 0.140830,
        0.196850 0.056907 0.139441,
        0.196850 0.058228 0.143612,
        0.196850 0.057351 0.132789,
        0.196850 0.056564 0.131131,
        0.196850 0.058228 0.127328,
        0.196850 0.055369 0.129706,
        0.196850 0.055180 0.129536,
        0.196850 0.054224 0.143612,
        0.196850 0.054224 0.142137,
        0.196850 0.055369 0.141356,
        0.196850 0.057506 0.137921,
        0.196850 0.057784 0.135674,
        0.196850 0.057737 0.134665,
        0.196850 0.051756 0.143207,
        0.196850 0.052081 0.143089,
        0.196850 0.053689 0.142502,
        0.196850 0.039500 0.143612,
        0.196850 0.041356 0.143477,
        0.196850 0.039500 0.143477,
        0.196850 0.041356 0.141635,
        0.196850 0.041721 0.129289,
        0.196850 0.041721 0.127463,
        0.196850 0.039500 0.127328,
        0.196850 0.035175 0.129289,
        0.196850 0.039500 0.129289,
        0.196850 0.035175 0.134676,
        0.196850 0.039500 0.134676,
        0.196850 0.040902 0.134676,
        0.196850 0.040902 0.136509,
        0.196850 0.039500 0.141635,
        0.196850 0.033108 0.143477,
        0.196850 0.032181 0.143612,
        0.196850 0.033108 0.127463,
        0.196850 0.002255 0.000000,
        0.196850 -0.055285 0.025481,
        0.196850 -0.083283 0.000000,
        0.196850 -0.083283 0.025481,
        0.196850 -0.118110 0.000000,
        0.196850 -0.089622 0.025481,
        0.196850 -0.118110 0.095580,
        0.196850 0.058228 0.025481,
        0.196850 0.055285 0.025481,
        0.196850 0.054224 0.000000,
        0.196850 0.055285 0.042276,
        0.196850 0.058228 0.000000,
        0.196850 0.078282 0.000000,
        0.196850 0.078282 0.025481,
        0.196850 0.089622 0.025481,
        0.196850 0.118110 0.000000,
        0.196850 0.089622 0.042276,
        0.196850 0.118110 0.095580,
        0.196850 0.078282 0.095580,
        0.196850 0.028259 0.143572,
        0.196850 0.029903 0.143092,
        0.196850 0.039500 0.127463,
        0.196850 0.029903 0.140931,
        0.196850 0.029630 0.127990,
        0.196850 0.026529 0.129064,
        0.196850 0.028339 0.129403,
        0.196850 0.029903 0.130107,
        0.196850 0.029903 0.128126,
        0.196850 0.020875 0.131803,
        0.196850 0.021654 0.130721,
        0.196850 0.021956 0.130422,
        0.196850 0.022999 0.129679,
        0.196850 0.024137 0.129234,
        0.196850 0.025768 0.129035,
        0.196850 0.028100 0.141645,
        0.196850 0.021562 0.139876,
        0.196850 0.029724 0.141027,
        0.196850 0.020813 0.138738,
        0.196850 0.020302 0.137315,
        0.196850 0.026128 0.141880,
        0.196850 0.025515 0.141856,
        0.196850 0.021765 0.140104,
        0.196850 0.024120 0.141589,
        0.196850 0.022861 0.141007,
        0.196850 0.020082 0.135290,
        0.196850 0.020100 0.134695,
        0.196850 0.020357 0.133093,
        0.196850 0.026108 0.143747,
        0.196850 0.018629 0.188976,
        0.196850 0.032181 0.188976,
        0.196850 0.026174 0.143747,
        0.196850 0.027789 0.143612,
        0.196850 0.019063 0.139869,
        0.196850 0.020226 0.141389,
        0.196850 0.020594 0.141742,
        0.196850 0.022089 0.142800,
        0.196850 0.017669 0.143612,
        0.196850 0.018303 0.138090,
        0.196850 0.018629 0.138854,
        0.196850 0.018629 0.131532,
        0.196850 0.018222 0.132582,
        0.196850 0.017669 0.127328,
        0.196850 0.017913 0.135167,
        0.196850 0.017941 0.135999,
        0.196850 0.022772 0.127594,
        0.196850 0.021260 0.128306,
        0.196850 0.018629 0.127328,
        0.196850 0.019968 0.129379,
        0.196850 0.019823 0.129537,
        0.196850 0.018871 0.130906,
        0.196850 0.024070 0.127328,
        0.196850 0.024509 0.127238,
        0.196850 0.025469 0.127193,
        0.196850 0.010880 0.115915,
        0.196850 0.010880 0.111105,
        0.196850 0.017669 0.115915,
        0.196850 0.016607 0.111105,
        0.196850 0.010880 0.109271,
        0.196850 0.010880 0.103884,
        0.196850 0.016607 0.109271,
        0.196850 0.017426 0.103884,
        0.196850 0.017669 0.101923,
        0.196850 0.017426 0.102058,
        0.196850 0.008813 0.102058,
        0.196850 0.018629 0.095580,
        0.196850 0.022972 0.101788,
        0.196850 0.022543 0.101804,
        0.196850 0.021875 0.101923,
        0.196850 0.021626 0.101968,
        0.196850 0.048921 0.113496,
        0.196850 0.054224 0.101923,
        0.196850 0.054224 0.102058,
        0.196850 0.058228 0.102058,
        0.196850 0.045254 0.104899,
        0.196850 0.045499 0.103958,
        0.196850 0.045552 0.103958,
        0.196850 0.043233 0.115915,
        0.196850 0.043233 0.110711,
        0.196850 0.045798 0.104883,
        0.196850 0.045644 0.104350,
        0.196850 0.043233 0.105326,
        0.196850 0.040022 0.113496,
        0.196850 0.042265 0.113496,
        0.196850 0.044441 0.101923,
        0.196850 0.044508 0.102083,
        0.196850 0.043233 0.099285,
        0.196850 0.043254 0.099309,
        0.196850 0.043233 0.101923,
        0.196850 0.043628 0.100004,
        0.196850 0.040435 0.098620,
        0.196850 0.040435 0.096835,
        0.196850 0.040924 0.098466,
        0.196850 0.041573 0.098391,
        0.196850 0.042039 0.098441,
        0.196850 0.042459 0.096746,
        0.196850 0.041729 0.096671,
        0.196850 0.041027 0.096713,
        0.196850 0.042482 0.098603,
        0.196850 0.042881 0.098881,
        0.196850 0.043965 0.097498,
        0.196850 0.052081 0.095580,
        0.196850 0.044360 0.097876,
        0.196850 0.045810 0.100331,
        0.196850 0.045236 0.099106,
        0.196850 -0.118110 0.101923,
        0.196850 -0.118110 0.115915,
        0.196850 -0.118110 0.127328,
        0.196850 -0.118110 0.143612,
        0.196850 -0.118110 0.188976,
        0.196850 0.010880 0.143477,
        0.196850 0.010880 0.129289,
        0.196850 0.017258 0.129289,
        0.196850 0.008813 0.127463,
        0.196850 0.008813 0.143477,
        0.196850 0.017258 0.127463,
        0.196850 0.010880 0.116230,
        0.196850 0.017061 0.116230,
        0.196850 0.017061 0.118072,
        0.196850 0.008813 0.118072,
        0.196850 0.008813 0.115915,
        0.196850 0.017669 0.188976,
        0.196850 0.054224 0.188976,
        0.196850 0.052081 0.188976,
        0.196850 0.043233 0.188976,
        0.196850 0.039500 0.188976,
        0.196850 0.054224 0.095580,
        0.196850 0.052081 0.000000,
        0.196850 0.043233 0.000000,
        0.196850 0.039500 0.000000,
        0.196850 0.032181 0.000000,
        0.196850 0.018629 0.000000,
        0.196850 0.017669 0.000000,
        0.196850 0.078282 0.143612,
        0.196850 0.078282 0.188976,
        0.196850 0.058228 0.188976,
        0.196850 0.069164 0.131843,
        0.196850 0.062495 0.131843,
        0.196850 0.070797 0.127463,
        0.196850 0.060956 0.127463,
        0.196850 0.073081 0.127463,
        0.196850 0.058672 0.127463,
        0.196850 0.064771 0.143477,
        0.196850 0.066982 0.143477,
        0.196850 0.118110 0.143612,
        0.196850 0.118110 0.188976,
        -0.161544 -0.118110 0.042276,
        -0.086605 -0.118110 0.042276,
        -0.086605 -0.118110 0.025481,
        -0.161544 -0.118110 0.025481,
        -0.196850 -0.118110 0.000000,
        -0.196850 -0.118110 0.188976,
        0.086672 -0.118110 0.025481,
        0.086672 -0.118110 0.042276,
        0.161611 -0.118110 0.042276,
        0.161611 -0.118110 0.025481,
        0.078740 -0.098425 0.000000,
        -0.078740 -0.098425 0.000000,
        0.078740 0.098425 0.000000,
        -0.078740 0.098425 0.000000,
        -0.177165 -0.098425 0.000000,
        -0.177165 0.051181 0.000000,
        -0.196850 0.118110 0.000000,
        -0.129921 0.098425 0.000000,
        0.177165 -0.098425 0.000000,
        0.177165 0.098425 0.000000,
        -0.086605 0.118110 0.042276,
        -0.161544 0.118110 0.042276,
        -0.196850 0.118110 0.188976,
        -0.086605 0.118110 0.025481,
        -0.161544 0.118110 0.025481,
        0.161611 0.118110 0.042276,
        0.086672 0.118110 0.042276,
        0.086672 0.118110 0.025481,
        0.161611 0.118110 0.025481,
        -0.196850 -0.055285 0.042276,
        -0.196850 -0.089622 0.042276,
        -0.196850 -0.089622 0.025481,
        -0.196850 -0.055285 0.025481,
        -0.196850 0.055285 0.025481,
        -0.196850 0.089622 0.025481,
        -0.196850 0.089622 0.042276,
        -0.196850 0.055285 0.042276,
      ]
    }
    coordIndex [
      0, 1, 2, -1,
      3, 4, 5, -1,
      6, 7, 8, -1,
      9, 10, 11, -1,
      12, 13, 14, -1,
      15, 16, 17, -1,
      18, 19, 20, -1,
      21, 22, 23, -1,
      24, 25, 26, -1,
      27, 28, 29, -1,
      30, 31, 32, -1,
      33, 34, 35, -1,
      36, 37, 38, -1,
      39, 40, 41, -1,
      41, 40, 42, -1,
      42, 43, 41, -1,
      41, 43, 44, -1,
      41, 44, 45, -1,
      46, 47, 48, -1,
      49, 50, 51, -1,
      51, 50, 48, -1,
      48, 50, 52, -1,
      48, 52, 46, -1,
      53, 54, 55, -1,
      35, 34, 53, -1,
      53, 34, 56, -1,
      53, 56, 57, -1,
      49, 51, 58, -1,
      58, 51, 53, -1,
      58, 53, 59, -1,
      59, 53, 55, -1,
      59, 55, 60, -1,
      60, 55, 61, -1,
      60, 61, 62, -1,
      57, 63, 53, -1,
      53, 63, 64, -1,
      53, 64, 54, -1,
      65, 66, 67, -1,
      65, 67, 35, -1,
      35, 67, 68, -1,
      35, 68, 33, -1,
      69, 70, 71, -1,
      69, 71, 72, -1,
      70, 73, 71, -1,
      71, 73, 74, -1,
      71, 74, 65, -1,
      65, 74, 75, -1,
      65, 75, 66, -1,
      17, 76, 77, -1,
      77, 78, 17, -1,
      17, 78, 79, -1,
      17, 79, 71, -1,
      71, 79, 80, -1,
      71, 80, 72, -1,
      76, 17, 81, -1,
      81, 17, 16, -1,
      81, 16, 82, -1,
      82, 16, 83, -1,
      82, 83, 84, -1,
      85, 86, 87, -1,
      87, 86, 88, -1,
      88, 89, 87, -1,
      87, 89, 90, -1,
      87, 90, 91, -1,
      91, 92, 87, -1,
      87, 92, 93, -1,
      87, 93, 83, -1,
      83, 93, 94, -1,
      83, 94, 84, -1,
      95, 96, 97, -1,
      98, 99, 100, -1,
      101, 102, 86, -1,
      98, 100, 103, -1,
      99, 104, 100, -1,
      100, 104, 105, -1,
      100, 105, 106, -1,
      95, 97, 86, -1,
      86, 97, 107, -1,
      86, 107, 101, -1,
      102, 108, 86, -1,
      86, 108, 109, -1,
      86, 109, 88, -1,
      88, 109, 110, -1,
      88, 110, 111, -1,
      111, 112, 88, -1,
      88, 112, 113, -1,
      88, 113, 114, -1,
      100, 115, 116, -1,
      117, 118, 119, -1,
      119, 118, 120, -1,
      119, 120, 100, -1,
      100, 120, 121, -1,
      100, 121, 103, -1,
      106, 122, 100, -1,
      100, 122, 123, -1,
      100, 123, 124, -1,
      114, 125, 88, -1,
      88, 125, 126, -1,
      88, 126, 127, -1,
      127, 126, 117, -1,
      127, 117, 128, -1,
      128, 117, 119, -1,
      124, 129, 100, -1,
      100, 129, 130, -1,
      100, 130, 115, -1,
      131, 132, 133, -1,
      131, 133, 134, -1,
      116, 135, 100, -1,
      100, 135, 136, -1,
      100, 136, 137, -1,
      137, 136, 138, -1,
      137, 138, 139, -1,
      140, 141, 142, -1,
      142, 141, 143, -1,
      142, 143, 144, -1,
      144, 145, 142, -1,
      142, 145, 146, -1,
      142, 146, 147, -1,
      147, 146, 148, -1,
      147, 148, 149, -1,
      137, 150, 151, -1,
      139, 152, 137, -1,
      137, 152, 153, -1,
      137, 153, 150, -1,
      154, 155, 156, -1,
      156, 155, 137, -1,
      156, 137, 157, -1,
      157, 137, 151, -1,
      154, 133, 155, -1,
      155, 133, 132, -1,
      155, 132, 32, -1,
      32, 132, 158, -1,
      32, 158, 30, -1,
      159, 160, 161, -1,
      159, 161, 162, -1,
      149, 148, 161, -1,
      161, 148, 163, -1,
      161, 163, 162, -1,
      164, 165, 166, -1,
      165, 167, 166, -1,
      166, 167, 168, -1,
      166, 168, 169, -1,
      141, 166, 170, -1,
      140, 134, 141, -1,
      141, 134, 133, -1,
      141, 133, 166, -1,
      166, 133, 171, -1,
      166, 171, 164, -1,
      170, 172, 141, -1,
      141, 172, 173, -1,
      141, 173, 174, -1,
      169, 168, 175, -1,
      175, 168, 176, -1,
      175, 176, 177, -1,
      177, 176, 178, -1,
      177, 178, 179, -1,
      180, 181, 174, -1,
      174, 181, 182, -1,
      174, 182, 141, -1,
      37, 183, 38, -1,
      38, 183, 184, -1,
      38, 184, 95, -1,
      95, 184, 185, -1,
      95, 185, 96, -1,
      186, 187, 188, -1,
      188, 187, 189, -1,
      188, 189, 190, -1,
      190, 189, 191, -1,
      190, 191, 192, -1,
      193, 194, 195, -1,
      195, 192, 193, -1,
      193, 192, 191, -1,
      193, 191, 196, -1,
      196, 191, 197, -1,
      196, 197, 198, -1,
      198, 197, 199, -1,
      198, 199, 200, -1,
      200, 199, 201, -1,
      202, 203, 191, -1,
      204, 205, 189, -1,
      206, 207, 208, -1,
      208, 207, 209, -1,
      208, 209, 210, -1,
      203, 211, 191, -1,
      191, 211, 212, -1,
      191, 212, 213, -1,
      213, 214, 191, -1,
      191, 214, 215, -1,
      191, 215, 216, -1,
      216, 215, 207, -1,
      216, 207, 217, -1,
      205, 218, 189, -1,
      189, 218, 219, -1,
      189, 219, 191, -1,
      191, 219, 220, -1,
      191, 220, 202, -1,
      221, 222, 209, -1,
      210, 209, 223, -1,
      223, 209, 222, -1,
      223, 222, 224, -1,
      225, 226, 187, -1,
      225, 187, 227, -1,
      226, 228, 187, -1,
      187, 228, 229, -1,
      187, 229, 189, -1,
      189, 229, 230, -1,
      189, 230, 204, -1,
      217, 207, 231, -1,
      231, 207, 206, -1,
      231, 206, 29, -1,
      29, 206, 232, -1,
      29, 232, 27, -1,
      233, 210, 234, -1,
      234, 210, 223, -1,
      234, 223, 235, -1,
      235, 223, 224, -1,
      236, 237, 238, -1,
      238, 237, 239, -1,
      240, 241, 242, -1,
      243, 244, 245, -1,
      245, 244, 246, -1,
      247, 248, 243, -1,
      243, 248, 249, -1,
      250, 251, 252, -1,
      253, 254, 255, -1,
      249, 256, 243, -1,
      243, 256, 257, -1,
      243, 257, 244, -1,
      258, 259, 250, -1,
      250, 259, 260, -1,
      250, 260, 251, -1,
      241, 261, 242, -1,
      242, 261, 262, -1,
      242, 262, 263, -1,
      242, 264, 265, -1,
      266, 267, 240, -1,
      240, 267, 268, -1,
      240, 268, 269, -1,
      269, 268, 270, -1,
      271, 272, 270, -1,
      270, 272, 273, -1,
      270, 273, 269, -1,
      255, 274, 253, -1,
      253, 274, 275, -1,
      253, 275, 276, -1,
      252, 277, 250, -1,
      250, 277, 278, -1,
      250, 278, 242, -1,
      242, 278, 279, -1,
      242, 279, 240, -1,
      240, 279, 280, -1,
      240, 280, 266, -1,
      281, 282, 270, -1,
      270, 282, 283, -1,
      270, 283, 284, -1,
      263, 285, 242, -1,
      242, 285, 254, -1,
      242, 254, 264, -1,
      264, 254, 253, -1,
      286, 287, 288, -1,
      288, 287, 289, -1,
      288, 289, 276, -1,
      276, 289, 290, -1,
      276, 290, 253, -1,
      284, 291, 270, -1,
      270, 291, 292, -1,
      270, 292, 271, -1,
      293, 294, 295, -1,
      295, 294, 296, -1,
      295, 296, 297, -1,
      293, 286, 294, -1,
      294, 286, 288, -1,
      294, 288, 298, -1,
      298, 288, 245, -1,
      298, 245, 299, -1,
      299, 245, 246, -1,
      299, 246, 300, -1,
      300, 246, 301, -1,
      302, 303, 22, -1,
      22, 303, 304, -1,
      22, 304, 23, -1,
      305, 306, 307, -1,
      265, 308, 309, -1,
      309, 308, 310, -1,
      309, 310, 311, -1,
      312, 313, 23, -1,
      313, 314, 23, -1,
      23, 314, 315, -1,
      23, 315, 316, -1,
      311, 317, 309, -1,
      309, 317, 318, -1,
      309, 318, 305, -1,
      305, 318, 319, -1,
      305, 319, 306, -1,
      320, 307, 321, -1,
      321, 307, 322, -1,
      316, 323, 23, -1,
      23, 323, 324, -1,
      23, 324, 21, -1,
      325, 326, 327, -1,
      327, 326, 328, -1,
      327, 328, 329, -1,
      327, 330, 325, -1,
      325, 330, 331, -1,
      325, 331, 332, -1,
      332, 333, 325, -1,
      325, 333, 334, -1,
      325, 334, 335, -1,
      335, 334, 336, -1,
      335, 336, 337, -1,
      337, 336, 338, -1,
      337, 338, 307, -1,
      307, 338, 339, -1,
      307, 339, 322, -1,
      340, 341, 329, -1,
      329, 341, 342, -1,
      329, 342, 327, -1,
      343, 344, 297, -1,
      297, 344, 345, -1,
      297, 345, 295, -1,
      343, 346, 344, -1,
      344, 346, 347, -1,
      344, 347, 348, -1,
      348, 347, 349, -1,
      348, 350, 351, -1,
      349, 352, 348, -1,
      348, 352, 353, -1,
      348, 353, 354, -1,
      354, 355, 348, -1,
      348, 355, 356, -1,
      348, 356, 350, -1,
      351, 357, 348, -1,
      348, 357, 358, -1,
      348, 358, 359, -1,
      360, 361, 362, -1,
      363, 364, 365, -1,
      365, 364, 366, -1,
      365, 366, 367, -1,
      367, 366, 368, -1,
      367, 368, 362, -1,
      362, 368, 369, -1,
      362, 369, 360, -1,
      363, 365, 370, -1,
      370, 365, 24, -1,
      370, 24, 371, -1,
      372, 373, 374, -1,
      375, 376, 377, -1,
      377, 376, 378, -1,
      377, 378, 379, -1,
      209, 227, 221, -1,
      221, 227, 187, -1,
      221, 187, 26, -1,
      26, 187, 377, -1,
      26, 377, 24, -1,
      24, 377, 379, -1,
      24, 379, 371, -1,
      380, 381, 374, -1,
      374, 381, 382, -1,
      374, 382, 372, -1,
      373, 383, 374, -1,
      374, 383, 384, -1,
      374, 384, 377, -1,
      377, 384, 385, -1,
      377, 385, 375, -1,
      360, 386, 361, -1,
      361, 386, 387, -1,
      361, 387, 380, -1,
      380, 387, 388, -1,
      380, 388, 381, -1,
      362, 389, 390, -1,
      390, 389, 391, -1,
      390, 392, 362, -1,
      362, 392, 393, -1,
      362, 393, 367, -1,
      367, 393, 394, -1,
      367, 394, 395, -1,
      396, 397, 398, -1,
      398, 397, 399, -1,
      399, 397, 400, -1,
      400, 397, 393, -1,
      400, 393, 401, -1,
      401, 393, 392, -1,
      401, 392, 20, -1,
      20, 392, 402, -1,
      20, 402, 18, -1,
      391, 389, 403, -1,
      403, 389, 404, -1,
      403, 404, 405, -1,
      406, 407, 408, -1,
      408, 407, 409, -1,
      408, 409, 410, -1,
      410, 409, 411, -1,
      410, 411, 412, -1,
      413, 414, 415, -1,
      415, 414, 416, -1,
      415, 417, 413, -1,
      413, 417, 418, -1,
      413, 418, 419, -1,
      419, 418, 420, -1,
      420, 418, 421, -1,
      420, 421, 422, -1,
      422, 421, 423, -1,
      422, 423, 14, -1,
      14, 423, 424, -1,
      14, 424, 12, -1,
      425, 426, 404, -1,
      394, 427, 395, -1,
      395, 427, 405, -1,
      395, 405, 11, -1,
      11, 405, 404, -1,
      11, 404, 428, -1,
      428, 404, 426, -1,
      9, 11, 429, -1,
      430, 431, 428, -1,
      428, 431, 432, -1,
      428, 432, 11, -1,
      11, 432, 433, -1,
      11, 433, 429, -1,
      434, 435, 428, -1,
      428, 435, 436, -1,
      428, 436, 437, -1,
      437, 438, 428, -1,
      428, 438, 439, -1,
      428, 439, 430, -1,
      440, 441, 442, -1,
      442, 441, 443, -1,
      442, 443, 444, -1,
      440, 445, 441, -1,
      441, 445, 446, -1,
      441, 446, 447, -1,
      447, 446, 448, -1,
      447, 448, 449, -1,
      444, 450, 442, -1,
      442, 450, 451, -1,
      442, 451, 428, -1,
      428, 451, 452, -1,
      428, 452, 434, -1,
      7, 453, 454, -1,
      454, 453, 455, -1,
      455, 453, 456, -1,
      455, 456, 457, -1,
      8, 458, 459, -1,
      459, 460, 8, -1,
      8, 460, 461, -1,
      8, 461, 6, -1,
      462, 463, 8, -1,
      8, 463, 464, -1,
      8, 464, 458, -1,
      465, 466, 467, -1,
      467, 466, 468, -1,
      467, 468, 462, -1,
      462, 468, 469, -1,
      462, 469, 463, -1,
      470, 471, 472, -1,
      471, 473, 472, -1,
      472, 473, 474, -1,
      472, 474, 475, -1,
      470, 472, 476, -1,
      476, 472, 242, -1,
      476, 242, 477, -1,
      265, 309, 242, -1,
      242, 309, 478, -1,
      242, 478, 477, -1,
      479, 480, 481, -1,
      481, 480, 482, -1,
      483, 484, 485, -1,
      485, 484, 486, -1,
      482, 485, 481, -1,
      481, 485, 486, -1,
      481, 486, 487, -1,
      487, 486, 488, -1,
      487, 488, 489, -1,
      302, 301, 303, -1,
      303, 301, 246, -1,
      303, 246, 490, -1,
      490, 246, 244, -1,
      490, 244, 491, -1,
      491, 492, 490, -1,
      490, 492, 493, -1,
      490, 493, 250, -1,
      250, 493, 494, -1,
      250, 494, 258, -1,
      495, 3, 238, -1,
      238, 3, 5, -1,
      238, 5, 236, -1,
      236, 5, 496, -1,
      236, 496, 497, -1,
      497, 496, 216, -1,
      497, 216, 498, -1,
      498, 216, 217, -1,
      499, 500, 501, -1,
      238, 502, 495, -1,
      495, 502, 503, -1,
      495, 503, 504, -1,
      504, 503, 499, -1,
      504, 499, 505, -1,
      505, 499, 501, -1,
      506, 507, 23, -1,
      320, 312, 307, -1,
      307, 312, 23, -1,
      307, 23, 305, -1,
      305, 23, 507, -1,
      305, 507, 502, -1,
      502, 507, 508, -1,
      502, 508, 503, -1,
      509, 510, 506, -1,
      511, 512, 513, -1,
      513, 512, 514, -1,
      513, 514, 509, -1,
      509, 506, 513, -1,
      513, 506, 23, -1,
      513, 23, 515, -1,
      515, 23, 304, -1,
      515, 304, 516, -1,
      515, 517, 513, -1,
      513, 517, 518, -1,
      513, 518, 519, -1,
      1, 520, 2, -1,
      2, 520, 521, -1,
      2, 521, 304, -1,
      304, 521, 522, -1,
      304, 522, 516, -1,
      519, 523, 513, -1,
      513, 523, 524, -1,
      513, 524, 511, -1,
      0, 2, 525, -1,
      525, 2, 526, -1,
      525, 526, 527, -1,
      4, 528, 526, -1,
      526, 528, 529, -1,
      526, 529, 527, -1,
      411, 15, 412, -1,
      412, 15, 17, -1,
      412, 17, 530, -1,
      530, 17, 71, -1,
      530, 71, 531, -1,
      531, 71, 65, -1,
      531, 65, 532, -1,
      532, 65, 35, -1,
      532, 35, 533, -1,
      533, 35, 53, -1,
      533, 53, 534, -1,
      534, 53, 51, -1,
      535, 536, 537, -1,
      467, 538, 38, -1,
      38, 538, 41, -1,
      38, 41, 36, -1,
      36, 41, 45, -1,
      538, 539, 41, -1,
      41, 539, 535, -1,
      41, 535, 462, -1,
      462, 535, 537, -1,
      462, 537, 467, -1,
      467, 537, 540, -1,
      467, 540, 538, -1,
      541, 479, 542, -1,
      542, 479, 481, -1,
      542, 481, 543, -1,
      543, 481, 467, -1,
      543, 467, 544, -1,
      544, 467, 38, -1,
      544, 38, 545, -1,
      545, 38, 95, -1,
      545, 95, 489, -1,
      489, 95, 86, -1,
      489, 86, 487, -1,
      487, 86, 85, -1,
      7, 454, 8, -1,
      8, 454, 546, -1,
      8, 546, 462, -1,
      462, 546, 48, -1,
      462, 48, 41, -1,
      41, 48, 47, -1,
      41, 47, 39, -1,
      85, 490, 487, -1,
      487, 490, 250, -1,
      487, 250, 481, -1,
      481, 250, 242, -1,
      481, 242, 467, -1,
      467, 242, 472, -1,
      467, 472, 465, -1,
      465, 472, 475, -1,
      25, 24, 239, -1,
      239, 24, 365, -1,
      239, 365, 238, -1,
      238, 365, 367, -1,
      238, 367, 502, -1,
      502, 367, 395, -1,
      502, 395, 305, -1,
      305, 395, 11, -1,
      305, 11, 309, -1,
      309, 11, 10, -1,
      309, 10, 478, -1,
      374, 547, 380, -1,
      380, 547, 548, -1,
      380, 548, 361, -1,
      361, 548, 549, -1,
      361, 549, 362, -1,
      362, 549, 550, -1,
      362, 550, 389, -1,
      389, 550, 455, -1,
      389, 455, 404, -1,
      404, 455, 457, -1,
      404, 457, 425, -1,
      13, 12, 416, -1,
      416, 12, 551, -1,
      416, 551, 415, -1,
      415, 551, 526, -1,
      415, 526, 552, -1,
      552, 526, 2, -1,
      552, 2, 553, -1,
      553, 2, 304, -1,
      553, 304, 554, -1,
      554, 304, 303, -1,
      554, 303, 555, -1,
      555, 303, 490, -1,
      555, 490, 556, -1,
      556, 490, 85, -1,
      556, 85, 557, -1,
      557, 85, 87, -1,
      557, 87, 406, -1,
      406, 87, 83, -1,
      406, 83, 407, -1,
      558, 559, 560, -1,
      561, 562, 563, -1,
      563, 562, 564, -1,
      565, 563, 187, -1,
      187, 563, 564, -1,
      187, 564, 377, -1,
      377, 564, 566, -1,
      377, 566, 374, -1,
      374, 566, 567, -1,
      374, 567, 568, -1,
      565, 187, 568, -1,
      568, 187, 558, -1,
      568, 558, 374, -1,
      374, 558, 560, -1,
      374, 560, 547, -1,
      186, 200, 187, -1,
      187, 200, 201, -1,
      187, 201, 558, -1,
      558, 201, 569, -1,
      558, 569, 559, -1,
      559, 569, 570, -1,
      4, 526, 5, -1,
      5, 526, 551, -1,
      5, 551, 496, -1,
      496, 551, 12, -1,
      496, 12, 216, -1,
      216, 12, 424, -1,
      216, 424, 191, -1,
      191, 424, 423, -1,
      191, 423, 197, -1,
      571, 572, 534, -1,
      573, 574, 575, -1,
      575, 574, 571, -1,
      575, 571, 576, -1,
      576, 571, 534, -1,
      575, 410, 573, -1,
      573, 410, 577, -1,
      573, 577, 572, -1,
      572, 577, 578, -1,
      572, 578, 534, -1,
      534, 578, 579, -1,
      534, 579, 410, -1,
      410, 579, 580, -1,
      410, 580, 577, -1,
      581, 582, 583, -1,
      583, 582, 584, -1,
      585, 575, 586, -1,
      586, 575, 587, -1,
      586, 587, 588, -1,
      588, 587, 584, -1,
      584, 587, 421, -1,
      584, 421, 583, -1,
      585, 582, 575, -1,
      575, 582, 581, -1,
      575, 581, 410, -1,
      410, 581, 589, -1,
      410, 589, 421, -1,
      421, 589, 590, -1,
      421, 590, 583, -1,
      591, 592, 593, -1,
      594, 421, 587, -1,
      593, 592, 587, -1,
      587, 592, 595, -1,
      587, 595, 594, -1,
      421, 596, 570, -1,
      570, 596, 597, -1,
      593, 570, 591, -1,
      591, 570, 597, -1,
      591, 597, 594, -1,
      594, 597, 598, -1,
      594, 598, 421, -1,
      421, 598, 599, -1,
      421, 599, 596, -1,
      600, 601, 576, -1,
      576, 601, 575, -1,
      575, 601, 602, -1,
      575, 602, 603, -1,
      604, 605, 587, -1,
      587, 605, 606, -1,
      587, 606, 593, -1,
      593, 606, 607, -1,
      587, 575, 604, -1,
      604, 575, 603, -1,
      604, 603, 607, -1,
      607, 603, 600, -1,
      607, 600, 593, -1,
      593, 600, 576, -1,
      593, 576, 570, -1,
      570, 576, 534, -1,
    ]
  }
}

Shape {
  appearance Appearance {
    material Material {
      diffuseColor 1.0000 1.0000 0.0000
      specularColor 0.5020 0.5020 0.0000
      ambientIntensity 0.2
      transparency 0.0000
      shininess 0.5
    }
  }
  geometry IndexedFaceSet {
    ccw TRUE
    solid FALSE
    coord DEF co Coordinate {
      point [
        0.196850 -0.089622 0.042276,
        0.196850 -0.055285 0.042276,
        0.196850 -0.055285 0.025481,
        0.196850 -0.089622 0.025481,
        0.196850 0.055285 0.025481,
        0.196850 0.055285 0.042276,
        0.196850 0.089622 0.025481,
        0.196850 0.089622 0.042276,
        -0.161544 -0.118110 0.042276,
        -0.086605 -0.118110 0.042276,
        -0.086605 -0.118110 0.025481,
        -0.161544 -0.118110 0.025481,
        0.086672 -0.118110 0.025481,
        0.086672 -0.118110 0.042276,
        0.161611 -0.118110 0.042276,
        0.161611 -0.118110 0.025481,
        0.078740 -0.098425 0.000000,
        -0.078740 -0.098425 0.000000,
        0.078740 0.098425 0.000000,
        -0.078740 0.098425 0.000000,
        -0.177165 -0.098425 0.000000,
        -0.177165 0.051181 0.000000,
        -0.129921 0.098425 0.000000,
        0.177165 -0.098425 0.000000,
        0.177165 0.098425 0.000000,
        -0.086605 0.118110 0.042276,
        -0.161544 0.118110 0.042276,
        -0.086605 0.118110 0.025481,
        -0.161544 0.118110 0.025481,
        0.161611 0.118110 0.042276,
        0.086672 0.118110 0.042276,
        0.086672 0.118110 0.025481,
        0.161611 0.118110 0.025481,
        -0.196850 -0.055285 0.042276,
        -0.196850 -0.089622 0.042276,
        -0.196850 -0.089622 0.025481,
        -0.196850 -0.055285 0.025481,
        -0.196850 0.055285 0.025481,
        -0.196850 0.089622 0.025481,
        -0.196850 0.089622 0.042276,
        -0.196850 0.055285 0.042276,
        0.078740 0.098425 -0.003937,
        0.078740 -0.098425 -0.003937,
        0.177165 0.098425 -0.003937,
        0.177165 -0.098425 -0.003937,
        -0.129921 0.098425 -0.003937,
        -0.177165 0.051181 -0.003937,
        -0.078740 0.098425 -0.003937,
        -0.078740 -0.098425 -0.003937,
        -0.177165 -0.098425 -0.003937,
        -0.086605 -0.122047 0.042276,
        -0.086605 -0.122047 0.025481,
        -0.161544 -0.122047 0.042276,
        -0.161544 -0.122047 0.025481,
        0.161611 -0.122047 0.042276,
        0.161611 -0.122047 0.025481,
        0.086672 -0.122047 0.042276,
        0.086672 -0.122047 0.025481,
        -0.086605 0.122047 0.025481,
        -0.086605 0.122047 0.042276,
        -0.161544 0.122047 0.025481,
        -0.161544 0.122047 0.042276,
        0.161611 0.122047 0.025481,
        0.161611 0.122047 0.042276,
        0.086672 0.122047 0.025481,
        0.086672 0.122047 0.042276,
        0.200787 -0.055285 0.025481,
        0.200787 -0.089622 0.025481,
        0.200787 -0.055285 0.042276,
        0.200787 -0.089622 0.042276,
        0.200787 0.055285 0.042276,
        0.200787 0.089622 0.042276,
        0.200787 0.055285 0.025481,
        0.200787 0.089622 0.025481,
        -0.200787 -0.089622 0.025481,
        -0.200787 -0.055285 0.025481,
        -0.200787 -0.089622 0.042276,
        -0.200787 -0.055285 0.042276,
        -0.200787 0.089622 0.042276,
        -0.200787 0.055285 0.042276,
        -0.200787 0.089622 0.025481,
        -0.200787 0.055285 0.025481,
      ]
    }
    coordIndex [
      41, 42, 18, -1,
      18, 42, 16, -1,
      43, 41, 24, -1,
      24, 41, 18, -1,
      44, 43, 23, -1,
      23, 43, 24, -1,
      42, 44, 16, -1,
      16, 44, 23, -1,
      43, 44, 41, -1,
      41, 44, 42, -1,
      45, 46, 22, -1,
      22, 46, 21, -1,
      47, 45, 19, -1,
      19, 45, 22, -1,
      48, 47, 17, -1,
      17, 47, 19, -1,
      49, 48, 20, -1,
      20, 48, 17, -1,
      46, 49, 21, -1,
      21, 49, 20, -1,
      49, 46, 48, -1,
      48, 46, 45, -1,
      48, 45, 47, -1,
      50, 51, 9, -1,
      9, 51, 10, -1,
      52, 50, 8, -1,
      8, 50, 9, -1,
      53, 52, 11, -1,
      11, 52, 8, -1,
      51, 53, 10, -1,
      10, 53, 11, -1,
      52, 53, 50, -1,
      50, 53, 51, -1,
      54, 55, 14, -1,
      14, 55, 15, -1,
      56, 54, 13, -1,
      13, 54, 14, -1,
      57, 56, 12, -1,
      12, 56, 13, -1,
      55, 57, 15, -1,
      15, 57, 12, -1,
      56, 57, 54, -1,
      54, 57, 55, -1,
      58, 59, 27, -1,
      27, 59, 25, -1,
      60, 58, 28, -1,
      28, 58, 27, -1,
      61, 60, 26, -1,
      26, 60, 28, -1,
      59, 61, 25, -1,
      25, 61, 26, -1,
      60, 61, 58, -1,
      58, 61, 59, -1,
      62, 63, 32, -1,
      32, 63, 29, -1,
      64, 62, 31, -1,
      31, 62, 32, -1,
      65, 64, 30, -1,
      30, 64, 31, -1,
      63, 65, 29, -1,
      29, 65, 30, -1,
      64, 65, 62, -1,
      62, 65, 63, -1,
      66, 67, 2, -1,
      2, 67, 3, -1,
      68, 66, 1, -1,
      1, 66, 2, -1,
      69, 68, 0, -1,
      0, 68, 1, -1,
      67, 69, 3, -1,
      3, 69, 0, -1,
      68, 69, 66, -1,
      66, 69, 67, -1,
      70, 71, 5, -1,
      5, 71, 7, -1,
      72, 70, 4, -1,
      4, 70, 5, -1,
      73, 72, 6, -1,
      6, 72, 4, -1,
      71, 73, 7, -1,
      7, 73, 6, -1,
      72, 73, 70, -1,
      70, 73, 71, -1,
      74, 75, 35, -1,
      35, 75, 36, -1,
      76, 74, 34, -1,
      34, 74, 35, -1,
      77, 76, 33, -1,
      33, 76, 34, -1,
      75, 77, 36, -1,
      36, 77, 33, -1,
      76, 77, 74, -1,
      74, 77, 75, -1,
      78, 79, 39, -1,
      39, 79, 40, -1,
      80, 78, 38, -1,
      38, 78, 39, -1,
      81, 80, 37, -1,
      37, 80, 38, -1,
      79, 81, 40, -1,
      40, 81, 37, -1,
      80, 81, 78, -1,
      78, 81, 79, -1,
    ]
  }
}

Shape {
  appearance Appearance {
    material Material {
      diffuseColor 1.0000 1.0000 1.0000
      specularColor 0.5020 0.5020 0.5020
      ambientIntensity 0.2
      transparency 0.0000
      shininess 0.5
    }
  }
  geometry IndexedFaceSet {
    ccw TRUE
    solid FALSE
    coord DEF co Coordinate {
      point [
        0.196850 0.023757 0.143456,
        0.196850 0.025016 0.143612,
        0.196850 0.027910 0.127426,
        0.196850 0.026882 0.127328,
        0.196850 0.035175 0.141635,
        0.196850 0.035175 0.136509,
        0.196850 0.039500 0.136509,
        0.196850 0.049314 0.143477,
        0.196850 0.052081 0.127884,
        0.196850 0.051789 0.127773,
        0.196850 0.049150 0.127463,
        0.196850 0.044746 0.127463,
        0.196850 0.044746 0.143477,
        0.196850 0.053630 0.128472,
        0.196850 0.054224 0.128880,
        0.196850 0.055909 0.140830,
        0.196850 0.056907 0.139441,
        0.196850 0.057351 0.132789,
        0.196850 0.056564 0.131131,
        0.196850 0.055369 0.129706,
        0.196850 0.055180 0.129536,
        0.196850 0.054224 0.142137,
        0.196850 0.055369 0.141356,
        0.196850 0.057506 0.137921,
        0.196850 0.057784 0.135674,
        0.196850 0.057737 0.134665,
        0.196850 0.051756 0.143207,
        0.196850 0.052081 0.143089,
        0.196850 0.053689 0.142502,
        0.196850 0.041356 0.143477,
        0.196850 0.039500 0.143477,
        0.196850 0.041356 0.141635,
        0.196850 0.041721 0.129289,
        0.196850 0.041721 0.127463,
        0.196850 0.035175 0.129289,
        0.196850 0.039500 0.129289,
        0.196850 0.035175 0.134676,
        0.196850 0.039500 0.134676,
        0.196850 0.040902 0.134676,
        0.196850 0.040902 0.136509,
        0.196850 0.039500 0.141635,
        0.196850 0.033108 0.143477,
        0.196850 0.033108 0.127463,
        0.196850 0.028259 0.143572,
        0.196850 0.029903 0.143092,
        0.196850 0.039500 0.127463,
        0.196850 0.029903 0.140931,
        0.196850 0.029630 0.127990,
        0.196850 0.026529 0.129064,
        0.196850 0.028339 0.129403,
        0.196850 0.029903 0.130107,
        0.196850 0.029903 0.128126,
        0.196850 0.020875 0.131803,
        0.196850 0.021654 0.130721,
        0.196850 0.021956 0.130422,
        0.196850 0.022999 0.129679,
        0.196850 0.024137 0.129234,
        0.196850 0.025768 0.129035,
        0.196850 0.028100 0.141645,
        0.196850 0.021562 0.139876,
        0.196850 0.029724 0.141027,
        0.196850 0.020813 0.138738,
        0.196850 0.020302 0.137315,
        0.196850 0.026128 0.141880,
        0.196850 0.025515 0.141856,
        0.196850 0.021765 0.140104,
        0.196850 0.024120 0.141589,
        0.196850 0.022861 0.141007,
        0.196850 0.020082 0.135290,
        0.196850 0.020100 0.134695,
        0.196850 0.020357 0.133093,
        0.196850 0.026108 0.143747,
        0.196850 0.026174 0.143747,
        0.196850 0.027789 0.143612,
        0.196850 0.019063 0.139869,
        0.196850 0.020226 0.141389,
        0.196850 0.020594 0.141742,
        0.196850 0.022089 0.142800,
        0.196850 0.018303 0.138090,
        0.196850 0.018629 0.138854,
        0.196850 0.018629 0.131532,
        0.196850 0.018222 0.132582,
        0.196850 0.017913 0.135167,
        0.196850 0.017941 0.135999,
        0.196850 0.022772 0.127594,
        0.196850 0.021260 0.128306,
        0.196850 0.019968 0.129379,
        0.196850 0.019823 0.129537,
        0.196850 0.018871 0.130906,
        0.196850 0.024070 0.127328,
        0.196850 0.024509 0.127238,
        0.196850 0.025469 0.127193,
        0.196850 0.010880 0.143477,
        0.196850 0.010880 0.129289,
        0.196850 0.017258 0.129289,
        0.196850 0.008813 0.127463,
        0.196850 0.008813 0.143477,
        0.196850 0.017258 0.127463,
        0.196890 0.017258 0.129289,
        0.196890 0.017258 0.127463,
        0.196890 0.010880 0.129289,
        0.196890 0.010880 0.143477,
        0.196890 0.008813 0.143477,
        0.196890 0.008813 0.127463,
        0.196890 0.027910 0.127426,
        0.196890 0.025469 0.127193,
        0.196890 0.029630 0.127990,
        0.196890 0.029903 0.128126,
        0.196890 0.029903 0.130107,
        0.196890 0.028339 0.129403,
        0.196890 0.026529 0.129064,
        0.196890 0.025768 0.129035,
        0.196890 0.024137 0.129234,
        0.196890 0.022999 0.129679,
        0.196890 0.021956 0.130422,
        0.196890 0.021654 0.130721,
        0.196890 0.020875 0.131803,
        0.196890 0.020357 0.133093,
        0.196890 0.020100 0.134695,
        0.196890 0.020082 0.135290,
        0.196890 0.020302 0.137315,
        0.196890 0.020813 0.138738,
        0.196890 0.021562 0.139876,
        0.196890 0.021765 0.140104,
        0.196890 0.022861 0.141007,
        0.196890 0.024120 0.141589,
        0.196890 0.025515 0.141856,
        0.196890 0.026128 0.141880,
        0.196890 0.028100 0.141645,
        0.196890 0.029724 0.141027,
        0.196890 0.029903 0.140931,
        0.196890 0.029903 0.143092,
        0.196890 0.026108 0.143747,
        0.196890 0.026174 0.143747,
        0.196890 0.028259 0.143572,
        0.196890 0.023757 0.143456,
        0.196890 0.022089 0.142800,
        0.196890 0.020594 0.141742,
        0.196890 0.020226 0.141389,
        0.196890 0.019063 0.139869,
        0.196890 0.018303 0.138090,
        0.196890 0.017941 0.135999,
        0.196890 0.017913 0.135167,
        0.196890 0.018222 0.132582,
        0.196890 0.018871 0.130906,
        0.196890 0.019823 0.129537,
        0.196890 0.019968 0.129379,
        0.196890 0.024509 0.127238,
        0.196890 0.021260 0.128306,
        0.196890 0.022772 0.127594,
        0.196890 0.041721 0.129289,
        0.196890 0.041721 0.127463,
        0.196890 0.035175 0.129289,
        0.196890 0.035175 0.134676,
        0.196890 0.040902 0.134676,
        0.196890 0.040902 0.136509,
        0.196890 0.035175 0.136509,
        0.196890 0.035175 0.141635,
        0.196890 0.041356 0.141635,
        0.196890 0.041356 0.143477,
        0.196890 0.033108 0.143477,
        0.196890 0.033108 0.127463,
        0.196890 0.055557 0.134603,
        0.196890 0.057737 0.134665,
        0.196890 0.055610 0.135617,
        0.196890 0.057784 0.135674,
        0.196890 0.055413 0.137459,
        0.196890 0.057506 0.137921,
        0.196890 0.054982 0.138672,
        0.196890 0.056907 0.139441,
        0.196890 0.054381 0.139594,
        0.196890 0.055909 0.140830,
        0.196890 0.053854 0.140128,
        0.196890 0.055369 0.141356,
        0.196890 0.052687 0.140904,
        0.196890 0.053689 0.142502,
        0.196890 0.051298 0.141406,
        0.196890 0.051756 0.143207,
        0.196890 0.049232 0.141635,
        0.196890 0.049314 0.143477,
        0.196890 0.046813 0.141635,
        0.196890 0.044746 0.143477,
        0.196890 0.046813 0.129289,
        0.196890 0.044746 0.127463,
        0.196890 0.049138 0.129289,
        0.196890 0.049150 0.127463,
        0.196890 0.051171 0.129507,
        0.196890 0.051789 0.127773,
        0.196890 0.052541 0.129995,
        0.196890 0.053630 0.128472,
        0.196890 0.053602 0.130689,
        0.196890 0.055180 0.129536,
        0.196890 0.053899 0.130959,
        0.196890 0.055369 0.129706,
        0.196890 0.054695 0.131946,
        0.196890 0.056564 0.131131,
        0.196890 0.055246 0.133135,
        0.196890 0.057351 0.132789,
        0.196850 0.049232 0.141635,
        0.196850 0.046813 0.141635,
        0.196850 0.046813 0.129289,
        0.196850 0.049138 0.129289,
        0.196850 0.053899 0.130959,
        0.196850 0.053602 0.130689,
        0.196850 0.052541 0.129995,
        0.196850 0.051171 0.129507,
        0.196850 0.055610 0.135617,
        0.196850 0.055557 0.134603,
        0.196850 0.055246 0.133135,
        0.196850 0.054695 0.131946,
        0.196850 0.053854 0.140128,
        0.196850 0.054381 0.139594,
        0.196850 0.054982 0.138672,
        0.196850 0.055413 0.137459,
        0.196850 0.051298 0.141406,
        0.196850 0.052687 0.140904,
      ]
    }
    coordIndex [
      98, 99, 94, -1,
      94, 99, 97, -1,
      100, 98, 93, -1,
      93, 98, 94, -1,
      101, 100, 92, -1,
      92, 100, 93, -1,
      102, 101, 96, -1,
      96, 101, 92, -1,
      103, 102, 95, -1,
      95, 102, 96, -1,
      99, 103, 97, -1,
      97, 103, 95, -1,
      101, 102, 100, -1,
      100, 102, 103, -1,
      100, 103, 98, -1,
      98, 103, 99, -1,
      104, 105, 3, -1,
      3, 105, 91, -1,
      3, 2, 104, -1,
      104, 2, 47, -1,
      104, 47, 106, -1,
      106, 47, 51, -1,
      106, 51, 107, -1,
      108, 107, 50, -1,
      50, 107, 51, -1,
      108, 50, 49, -1,
      108, 49, 109, -1,
      109, 49, 48, -1,
      109, 48, 110, -1,
      110, 48, 57, -1,
      110, 57, 111, -1,
      111, 57, 56, -1,
      111, 56, 112, -1,
      112, 56, 55, -1,
      112, 55, 113, -1,
      113, 55, 54, -1,
      113, 54, 114, -1,
      114, 54, 53, -1,
      114, 53, 115, -1,
      115, 53, 52, -1,
      115, 52, 116, -1,
      116, 52, 70, -1,
      116, 70, 117, -1,
      117, 70, 69, -1,
      117, 69, 118, -1,
      118, 69, 68, -1,
      118, 68, 119, -1,
      119, 68, 62, -1,
      119, 62, 120, -1,
      120, 62, 61, -1,
      120, 61, 121, -1,
      121, 61, 59, -1,
      121, 59, 122, -1,
      122, 59, 65, -1,
      122, 65, 123, -1,
      123, 65, 67, -1,
      123, 67, 124, -1,
      124, 67, 66, -1,
      124, 66, 125, -1,
      125, 66, 64, -1,
      125, 64, 126, -1,
      126, 64, 63, -1,
      126, 63, 127, -1,
      127, 63, 58, -1,
      127, 58, 128, -1,
      128, 58, 60, -1,
      128, 60, 129, -1,
      129, 60, 46, -1,
      129, 46, 130, -1,
      131, 130, 44, -1,
      44, 130, 46, -1,
      71, 132, 133, -1,
      131, 44, 43, -1,
      131, 43, 134, -1,
      134, 43, 73, -1,
      134, 73, 133, -1,
      133, 73, 72, -1,
      133, 72, 71, -1,
      132, 71, 1, -1,
      132, 1, 135, -1,
      1, 0, 135, -1,
      135, 0, 77, -1,
      135, 77, 136, -1,
      136, 77, 76, -1,
      136, 76, 137, -1,
      137, 76, 75, -1,
      137, 75, 138, -1,
      138, 75, 74, -1,
      138, 74, 139, -1,
      139, 74, 79, -1,
      139, 79, 140, -1,
      79, 78, 140, -1,
      140, 78, 83, -1,
      140, 83, 141, -1,
      141, 83, 82, -1,
      141, 82, 142, -1,
      142, 82, 81, -1,
      142, 81, 143, -1,
      143, 81, 80, -1,
      143, 80, 144, -1,
      80, 88, 144, -1,
      144, 88, 87, -1,
      144, 87, 145, -1,
      145, 87, 86, -1,
      145, 86, 146, -1,
      91, 105, 147, -1,
      146, 86, 85, -1,
      146, 85, 148, -1,
      148, 85, 84, -1,
      148, 84, 149, -1,
      149, 84, 89, -1,
      149, 89, 147, -1,
      147, 89, 90, -1,
      147, 90, 91, -1,
      129, 130, 131, -1,
      120, 121, 139, -1,
      129, 131, 128, -1,
      128, 131, 134, -1,
      128, 134, 127, -1,
      127, 134, 133, -1,
      127, 133, 126, -1,
      126, 133, 132, -1,
      126, 132, 125, -1,
      125, 132, 135, -1,
      125, 135, 124, -1,
      107, 108, 106, -1,
      106, 108, 109, -1,
      106, 109, 104, -1,
      104, 109, 110, -1,
      104, 110, 105, -1,
      105, 110, 111, -1,
      105, 111, 147, -1,
      147, 111, 112, -1,
      147, 112, 149, -1,
      149, 112, 113, -1,
      149, 113, 148, -1,
      148, 113, 114, -1,
      148, 114, 146, -1,
      146, 114, 115, -1,
      146, 115, 145, -1,
      145, 115, 116, -1,
      145, 116, 144, -1,
      139, 121, 138, -1,
      135, 136, 124, -1,
      124, 136, 137, -1,
      124, 137, 123, -1,
      123, 137, 138, -1,
      123, 138, 122, -1,
      122, 138, 121, -1,
      142, 119, 141, -1,
      141, 119, 120, -1,
      141, 120, 140, -1,
      140, 120, 139, -1,
      144, 116, 143, -1,
      143, 116, 117, -1,
      143, 117, 142, -1,
      142, 117, 118, -1,
      142, 118, 119, -1,
      150, 151, 32, -1,
      32, 151, 33, -1,
      34, 152, 35, -1,
      35, 152, 150, -1,
      35, 150, 32, -1,
      153, 152, 36, -1,
      36, 152, 34, -1,
      38, 154, 37, -1,
      37, 154, 153, -1,
      37, 153, 36, -1,
      155, 154, 39, -1,
      39, 154, 38, -1,
      5, 156, 6, -1,
      6, 156, 155, -1,
      6, 155, 39, -1,
      157, 156, 4, -1,
      4, 156, 5, -1,
      31, 158, 40, -1,
      40, 158, 157, -1,
      40, 157, 4, -1,
      159, 158, 29, -1,
      29, 158, 31, -1,
      41, 160, 30, -1,
      30, 160, 159, -1,
      30, 159, 29, -1,
      161, 160, 42, -1,
      42, 160, 41, -1,
      33, 151, 45, -1,
      45, 151, 161, -1,
      45, 161, 42, -1,
      161, 151, 150, -1,
      150, 152, 161, -1,
      161, 152, 153, -1,
      161, 153, 160, -1,
      158, 159, 157, -1,
      157, 159, 160, -1,
      157, 160, 156, -1,
      156, 160, 153, -1,
      156, 153, 155, -1,
      155, 153, 154, -1,
      162, 163, 164, -1,
      164, 163, 165, -1,
      164, 165, 166, -1,
      166, 165, 167, -1,
      166, 167, 168, -1,
      168, 167, 169, -1,
      168, 169, 170, -1,
      170, 169, 171, -1,
      170, 171, 172, -1,
      172, 171, 173, -1,
      172, 173, 174, -1,
      174, 173, 175, -1,
      174, 175, 176, -1,
      176, 175, 177, -1,
      176, 177, 178, -1,
      178, 177, 179, -1,
      178, 179, 180, -1,
      180, 179, 181, -1,
      180, 181, 182, -1,
      182, 181, 183, -1,
      182, 183, 184, -1,
      184, 183, 185, -1,
      184, 185, 186, -1,
      186, 185, 187, -1,
      186, 187, 188, -1,
      188, 187, 189, -1,
      188, 189, 190, -1,
      190, 189, 191, -1,
      190, 191, 192, -1,
      192, 191, 193, -1,
      192, 193, 194, -1,
      194, 193, 195, -1,
      194, 195, 196, -1,
      196, 195, 197, -1,
      196, 197, 162, -1,
      162, 197, 163, -1,
      185, 183, 10, -1,
      10, 183, 11, -1,
      19, 193, 191, -1,
      185, 10, 9, -1,
      185, 9, 187, -1,
      187, 9, 8, -1,
      187, 8, 189, -1,
      8, 13, 189, -1,
      189, 13, 14, -1,
      189, 14, 191, -1,
      191, 14, 20, -1,
      191, 20, 19, -1,
      193, 19, 18, -1,
      193, 18, 195, -1,
      195, 18, 17, -1,
      195, 17, 197, -1,
      197, 17, 25, -1,
      197, 25, 163, -1,
      163, 25, 24, -1,
      163, 24, 165, -1,
      165, 24, 23, -1,
      165, 23, 167, -1,
      167, 23, 16, -1,
      167, 16, 169, -1,
      169, 16, 15, -1,
      169, 15, 171, -1,
      171, 15, 22, -1,
      171, 22, 173, -1,
      7, 179, 177, -1,
      175, 173, 21, -1,
      21, 173, 22, -1,
      21, 28, 175, -1,
      175, 28, 27, -1,
      175, 27, 177, -1,
      177, 27, 26, -1,
      177, 26, 7, -1,
      181, 179, 12, -1,
      12, 179, 7, -1,
      183, 181, 11, -1,
      11, 181, 12, -1,
      178, 180, 198, -1,
      198, 180, 199, -1,
      180, 182, 199, -1,
      199, 182, 200, -1,
      182, 184, 200, -1,
      200, 184, 201, -1,
      192, 202, 203, -1,
      192, 203, 190, -1,
      190, 203, 204, -1,
      190, 204, 188, -1,
      188, 204, 205, -1,
      188, 205, 186, -1,
      186, 205, 201, -1,
      186, 201, 184, -1,
      164, 206, 207, -1,
      164, 207, 162, -1,
      162, 207, 208, -1,
      162, 208, 196, -1,
      196, 208, 209, -1,
      196, 209, 194, -1,
      194, 209, 202, -1,
      194, 202, 192, -1,
      172, 210, 211, -1,
      172, 211, 170, -1,
      170, 211, 212, -1,
      170, 212, 168, -1,
      168, 212, 213, -1,
      168, 213, 166, -1,
      166, 213, 206, -1,
      166, 206, 164, -1,
      178, 198, 214, -1,
      178, 214, 176, -1,
      176, 214, 215, -1,
      176, 215, 174, -1,
      174, 215, 210, -1,
      174, 210, 172, -1,
    ]
  }
}

Shape {
  appearance Appearance {
    material Material {
      diffuseColor 0.2510 0.2510 0.2510
      specularColor 0.1255 0.1255 0.1255
      ambientIntensity 0.2
      transparency 0.0000
      shininess 0.5
    }
  }
  geometry IndexedFaceSet {
    ccw TRUE
    solid FALSE
    coord DEF co Coordinate {
      point [
        0.196850 0.049232 0.141635,
        0.196850 0.046813 0.141635,
        0.196850 0.046813 0.129289,
        0.196850 0.049138 0.129289,
        0.196850 0.053899 0.130959,
        0.196850 0.053602 0.130689,
        0.196850 0.052541 0.129995,
        0.196850 0.051171 0.129507,
        0.196850 0.055610 0.135617,
        0.196850 0.055557 0.134603,
        0.196850 0.055246 0.133135,
        0.196850 0.054695 0.131946,
        0.196850 0.053854 0.140128,
        0.196850 0.054381 0.139594,
        0.196850 0.054982 0.138672,
        0.196850 0.055413 0.137459,
        0.196850 0.051298 0.141406,
        0.196850 0.052687 0.140904,
      ]
    }
    coordIndex [
      1, 2, 0, -1,
      0, 2, 3, -1,
      0, 3, 7, -1,
      7, 6, 0, -1,
      0, 6, 5, -1,
      0, 5, 4, -1,
      4, 11, 0, -1,
      0, 11, 10, -1,
      0, 10, 9, -1,
      9, 8, 0, -1,
      0, 8, 15, -1,
      0, 15, 14, -1,
      14, 13, 0, -1,
      0, 13, 12, -1,
      0, 12, 16, -1,
      16, 12, 17, -1,
    ]
  }
}

Shape {
  appearance Appearance {
    material Material {
      diffuseColor 1.0000 1.0000 1.0000
      specularColor 0.5020 0.5020 0.5020
      ambientIntensity 0.2
      transparency 0.0000
      shininess 0.5
    }
  }
  geometry IndexedFaceSet {
    ccw TRUE
    solid FALSE
    coord DEF co Coordinate {
      point [
        0.196850 0.069164 0.131843,
        0.196850 0.062495 0.131843,
        0.196850 0.070797 0.127463,
        0.196850 0.060956 0.127463,
        0.196850 0.073081 0.127463,
        0.196850 0.058672 0.127463,
        0.196850 0.064771 0.143477,
        0.196850 0.066982 0.143477,
        0.196890 0.063150 0.133652,
        0.196890 0.062495 0.131843,
        0.196890 0.068525 0.133652,
        0.196890 0.069164 0.131843,
        0.196890 0.065545 0.140308,
        0.196890 0.064771 0.143477,
        0.196890 0.058672 0.127463,
        0.196890 0.060956 0.127463,
        0.196890 0.065684 0.140786,
        0.196890 0.065807 0.141430,
        0.196890 0.066982 0.143477,
        0.196890 0.065856 0.141430,
        0.196890 0.065986 0.140752,
        0.196890 0.066106 0.140308,
        0.196890 0.073081 0.127463,
        0.196890 0.070797 0.127463,
        0.196850 0.063150 0.133652,
        0.196850 0.068525 0.133652,
        0.196850 0.066106 0.140308,
        0.196850 0.065856 0.141430,
        0.196850 0.065986 0.140752,
        0.196850 0.065807 0.141430,
        0.196850 0.065545 0.140308,
        0.196850 0.065684 0.140786,
      ]
    }
    coordIndex [
      8, 9, 10, -1,
      10, 9, 11, -1,
      12, 13, 8, -1,
      8, 13, 14, -1,
      8, 14, 9, -1,
      9, 14, 15, -1,
      12, 16, 13, -1,
      13, 16, 17, -1,
      13, 17, 18, -1,
      18, 17, 19, -1,
      18, 19, 20, -1,
      20, 21, 18, -1,
      18, 21, 10, -1,
      18, 10, 22, -1,
      22, 10, 11, -1,
      22, 11, 23, -1,
      18, 22, 7, -1,
      7, 22, 4, -1,
      13, 18, 6, -1,
      6, 18, 7, -1,
      14, 13, 5, -1,
      5, 13, 6, -1,
      15, 14, 3, -1,
      3, 14, 5, -1,
      9, 15, 1, -1,
      1, 15, 3, -1,
      11, 9, 0, -1,
      0, 9, 1, -1,
      23, 11, 2, -1,
      2, 11, 0, -1,
      22, 23, 4, -1,
      4, 23, 2, -1,
      8, 10, 24, -1,
      24, 10, 25, -1,
      10, 21, 25, -1,
      25, 21, 26, -1,
      19, 27, 28, -1,
      19, 28, 20, -1,
      20, 28, 26, -1,
      20, 26, 21, -1,
      19, 17, 27, -1,
      27, 17, 29, -1,
      12, 30, 31, -1,
      12, 31, 16, -1,
      16, 31, 29, -1,
      16, 29, 17, -1,
      12, 8, 30, -1,
      30, 8, 24, -1,
    ]
  }
}

Shape {
  appearance Appearance {
    material Material {
      diffuseColor 0.2510 0.2510 0.2510
      specularColor 0.1255 0.1255 0.1255
      ambientIntensity 0.2
      transparency 0.0000
      shininess 0.5
    }
  }
  geometry IndexedFaceSet {
    ccw TRUE
    solid FALSE
    coord DEF co Coordinate {
      point [
        0.196850 0.063150 0.133652,
        0.196850 0.068525 0.133652,
        0.196850 0.066106 0.140308,
        0.196850 0.065856 0.141430,
        0.196850 0.065986 0.140752,
        0.196850 0.065807 0.141430,
        0.196850 0.065545 0.140308,
        0.196850 0.065684 0.140786,
      ]
    }
    coordIndex [
      3, 5, 4, -1,
      4, 5, 7, -1,
      4, 7, 2, -1,
      2, 7, 6, -1,
      2, 6, 1, -1,
      1, 6, 0, -1,
    ]
  }
}

Shape {
  appearance Appearance {
    material Material {
      diffuseColor 1.0000 1.0000 1.0000
      specularColor 0.5020 0.5020 0.5020
      ambientIntensity 0.2
      transparency 0.0000
      shininess 0.5
    }
  }
  geometry IndexedFaceSet {
    ccw TRUE
    solid FALSE
    coord DEF co Coordinate {
      point [
        0.196850 0.020463 0.110745,
        0.196850 0.020463 0.112693,
        0.196850 0.026530 0.102058,
        0.196850 0.024091 0.101923,
        0.196850 0.028535 0.102058,
        0.196850 0.026530 0.103827,
        0.196850 0.026476 0.103827,
        0.196850 0.025999 0.103143,
        0.196850 0.019719 0.103470,
        0.196850 0.019463 0.104133,
        0.196850 0.026443 0.113397,
        0.196850 0.027111 0.113019,
        0.196850 0.025344 0.102520,
        0.196850 0.024889 0.102233,
        0.196850 0.020883 0.102283,
        0.196850 0.020328 0.102689,
        0.196850 0.020145 0.102870,
        0.196850 0.020851 0.112919,
        0.196850 0.022338 0.113503,
        0.196850 0.024401 0.113757,
        0.196850 0.020155 0.107510,
        0.196850 0.020770 0.108043,
        0.196850 0.021625 0.108480,
        0.196850 0.021865 0.111623,
        0.196850 0.023140 0.108854,
        0.196850 0.024909 0.112053,
        0.196850 0.024213 0.112128,
        0.196850 0.023122 0.112025,
        0.196850 0.027648 0.112509,
        0.196850 0.028060 0.111865,
        0.196850 0.028376 0.110958,
        0.196850 0.019345 0.105120,
        0.196850 0.019351 0.105362,
        0.196850 0.019479 0.106228,
        0.196850 0.019754 0.106935,
        0.196850 0.026530 0.109328,
        0.196850 0.026464 0.110191,
        0.196850 0.026259 0.110915,
        0.196850 0.026025 0.111332,
        0.196850 0.025593 0.113652,
        0.196850 0.028535 0.109419,
        0.196850 0.025724 0.111657,
        0.196850 0.025370 0.111889,
        0.196850 0.010880 0.115915,
        0.196850 0.010880 0.111105,
        0.196850 0.016607 0.111105,
        0.196850 0.010880 0.109271,
        0.196850 0.010880 0.103884,
        0.196850 0.016607 0.109271,
        0.196850 0.017426 0.103884,
        0.196850 0.017426 0.102058,
        0.196850 0.008813 0.102058,
        0.196850 0.022972 0.101788,
        0.196850 0.022543 0.101804,
        0.196850 0.021875 0.101923,
        0.196850 0.021626 0.101968,
        0.196850 0.010880 0.116230,
        0.196850 0.017061 0.116230,
        0.196850 0.017061 0.118072,
        0.196850 0.008813 0.118072,
        0.196850 0.008813 0.115915,
        0.196890 0.017426 0.103884,
        0.196890 0.017426 0.102058,
        0.196890 0.010880 0.103884,
        0.196890 0.010880 0.109271,
        0.196890 0.016607 0.109271,
        0.196890 0.016607 0.111105,
        0.196890 0.010880 0.111105,
        0.196890 0.010880 0.116230,
        0.196890 0.017061 0.116230,
        0.196890 0.017061 0.118072,
        0.196890 0.008813 0.118072,
        0.196890 0.008813 0.102058,
        0.196890 0.026476 0.103827,
        0.196890 0.026530 0.103827,
        0.196890 0.026386 0.105628,
        0.196890 0.021625 0.108480,
        0.196890 0.020770 0.108043,
        0.196890 0.021912 0.106733,
        0.196890 0.026522 0.106435,
        0.196890 0.028535 0.109419,
        0.196890 0.026530 0.106700,
        0.196890 0.026530 0.107797,
        0.196890 0.026530 0.102058,
        0.196890 0.028535 0.102058,
        0.196890 0.026082 0.104918,
        0.196890 0.025670 0.104367,
        0.196890 0.025999 0.103143,
        0.196890 0.025392 0.104098,
        0.196890 0.025344 0.102520,
        0.196890 0.024819 0.103722,
        0.196890 0.024889 0.102233,
        0.196890 0.024204 0.103509,
        0.196890 0.024091 0.101923,
        0.196890 0.023492 0.103434,
        0.196890 0.021791 0.104120,
        0.196890 0.020328 0.102689,
        0.196890 0.021961 0.103950,
        0.196890 0.020883 0.102283,
        0.196890 0.022361 0.103676,
        0.196890 0.021626 0.101968,
        0.196890 0.022815 0.103510,
        0.196890 0.022543 0.101804,
        0.196890 0.022972 0.101788,
        0.196890 0.021672 0.106436,
        0.196890 0.020155 0.107510,
        0.196890 0.021496 0.106062,
        0.196890 0.019754 0.106935,
        0.196890 0.021397 0.105602,
        0.196890 0.022183 0.106939,
        0.196890 0.022664 0.107165,
        0.196890 0.023140 0.108854,
        0.196890 0.023852 0.107437,
        0.196890 0.026530 0.109328,
        0.196890 0.020463 0.112693,
        0.196890 0.020463 0.110745,
        0.196890 0.020851 0.112919,
        0.196890 0.021865 0.111623,
        0.196890 0.022338 0.113503,
        0.196890 0.023122 0.112025,
        0.196890 0.024401 0.113757,
        0.196890 0.024213 0.112128,
        0.196890 0.025593 0.113652,
        0.196890 0.024909 0.112053,
        0.196890 0.026443 0.113397,
        0.196890 0.025370 0.111889,
        0.196890 0.027111 0.113019,
        0.196890 0.025724 0.111657,
        0.196890 0.027648 0.112509,
        0.196890 0.026025 0.111332,
        0.196890 0.028060 0.111865,
        0.196890 0.026259 0.110915,
        0.196890 0.028376 0.110958,
        0.196890 0.026464 0.110191,
        0.196890 0.019479 0.106228,
        0.196890 0.019351 0.105362,
        0.196890 0.021380 0.105284,
        0.196890 0.019345 0.105120,
        0.196890 0.021431 0.104822,
        0.196890 0.019463 0.104133,
        0.196890 0.021563 0.104458,
        0.196890 0.019719 0.103470,
        0.196890 0.020145 0.102870,
        0.196850 0.021912 0.106733,
        0.196850 0.022183 0.106939,
        0.196850 0.022664 0.107165,
        0.196850 0.023852 0.107437,
        0.196850 0.021380 0.105284,
        0.196850 0.021397 0.105602,
        0.196850 0.021496 0.106062,
        0.196850 0.021672 0.106436,
        0.196850 0.021961 0.103950,
        0.196850 0.021791 0.104120,
        0.196850 0.021563 0.104458,
        0.196850 0.021431 0.104822,
        0.196850 0.023492 0.103434,
        0.196850 0.022815 0.103510,
        0.196850 0.022361 0.103676,
        0.196850 0.025670 0.104367,
        0.196850 0.025392 0.104098,
        0.196850 0.024819 0.103722,
        0.196850 0.024204 0.103509,
        0.196850 0.026530 0.106700,
        0.196850 0.026522 0.106435,
        0.196850 0.026386 0.105628,
        0.196850 0.026082 0.104918,
        0.196850 0.026530 0.107797,
      ]
    }
    coordIndex [
      61, 62, 49, -1,
      49, 62, 50, -1,
      63, 61, 47, -1,
      47, 61, 49, -1,
      64, 63, 46, -1,
      46, 63, 47, -1,
      65, 64, 48, -1,
      48, 64, 46, -1,
      66, 65, 45, -1,
      45, 65, 48, -1,
      67, 66, 44, -1,
      44, 66, 45, -1,
      56, 68, 43, -1,
      43, 68, 67, -1,
      43, 67, 44, -1,
      69, 68, 57, -1,
      57, 68, 56, -1,
      70, 69, 58, -1,
      58, 69, 57, -1,
      71, 70, 59, -1,
      59, 70, 58, -1,
      51, 72, 60, -1,
      60, 72, 71, -1,
      60, 71, 59, -1,
      62, 72, 50, -1,
      50, 72, 51, -1,
      72, 62, 61, -1,
      61, 63, 72, -1,
      72, 63, 64, -1,
      72, 64, 71, -1,
      69, 70, 68, -1,
      68, 70, 71, -1,
      68, 71, 67, -1,
      67, 71, 64, -1,
      67, 64, 66, -1,
      66, 64, 65, -1,
      73, 74, 75, -1,
      76, 77, 78, -1,
      79, 80, 81, -1,
      81, 80, 82, -1,
      83, 84, 74, -1,
      74, 84, 80, -1,
      74, 80, 75, -1,
      75, 80, 79, -1,
      75, 85, 73, -1,
      73, 85, 86, -1,
      73, 86, 87, -1,
      87, 86, 88, -1,
      87, 88, 89, -1,
      89, 88, 90, -1,
      89, 90, 91, -1,
      91, 90, 92, -1,
      91, 92, 93, -1,
      93, 92, 94, -1,
      95, 96, 97, -1,
      97, 96, 98, -1,
      97, 98, 99, -1,
      99, 98, 100, -1,
      99, 100, 101, -1,
      101, 100, 102, -1,
      101, 102, 94, -1,
      94, 102, 103, -1,
      94, 103, 93, -1,
      78, 77, 104, -1,
      104, 77, 105, -1,
      104, 105, 106, -1,
      106, 105, 107, -1,
      106, 107, 108, -1,
      78, 109, 76, -1,
      76, 109, 110, -1,
      76, 110, 111, -1,
      111, 110, 112, -1,
      111, 112, 113, -1,
      114, 115, 116, -1,
      116, 115, 117, -1,
      116, 117, 118, -1,
      118, 117, 119, -1,
      118, 119, 120, -1,
      120, 119, 121, -1,
      120, 121, 122, -1,
      122, 121, 123, -1,
      122, 123, 124, -1,
      124, 123, 125, -1,
      124, 125, 126, -1,
      126, 125, 127, -1,
      126, 127, 128, -1,
      128, 127, 129, -1,
      128, 129, 130, -1,
      130, 129, 131, -1,
      130, 131, 132, -1,
      132, 131, 133, -1,
      132, 133, 80, -1,
      80, 133, 113, -1,
      80, 113, 82, -1,
      82, 113, 112, -1,
      107, 134, 108, -1,
      108, 134, 135, -1,
      108, 135, 136, -1,
      136, 135, 137, -1,
      136, 137, 138, -1,
      138, 137, 139, -1,
      138, 139, 140, -1,
      140, 139, 141, -1,
      140, 141, 95, -1,
      95, 141, 142, -1,
      95, 142, 96, -1,
      120, 19, 18, -1,
      120, 18, 118, -1,
      118, 18, 17, -1,
      118, 17, 116, -1,
      116, 17, 1, -1,
      116, 1, 114, -1,
      115, 114, 0, -1,
      0, 114, 1, -1,
      115, 0, 23, -1,
      115, 23, 117, -1,
      117, 23, 27, -1,
      117, 27, 119, -1,
      119, 27, 26, -1,
      119, 26, 121, -1,
      121, 26, 25, -1,
      121, 25, 123, -1,
      123, 25, 42, -1,
      123, 42, 125, -1,
      125, 42, 41, -1,
      125, 41, 127, -1,
      127, 41, 38, -1,
      127, 38, 129, -1,
      129, 38, 37, -1,
      129, 37, 131, -1,
      131, 37, 36, -1,
      131, 36, 133, -1,
      133, 36, 35, -1,
      133, 35, 113, -1,
      111, 113, 24, -1,
      24, 113, 35, -1,
      111, 24, 22, -1,
      111, 22, 76, -1,
      76, 22, 21, -1,
      76, 21, 77, -1,
      77, 21, 20, -1,
      77, 20, 105, -1,
      105, 20, 34, -1,
      105, 34, 107, -1,
      107, 34, 33, -1,
      107, 33, 134, -1,
      134, 33, 32, -1,
      134, 32, 135, -1,
      135, 32, 31, -1,
      135, 31, 137, -1,
      137, 31, 9, -1,
      137, 9, 139, -1,
      139, 9, 8, -1,
      139, 8, 141, -1,
      141, 8, 16, -1,
      141, 16, 142, -1,
      142, 16, 15, -1,
      142, 15, 96, -1,
      52, 103, 102, -1,
      96, 15, 14, -1,
      96, 14, 98, -1,
      98, 14, 55, -1,
      98, 55, 100, -1,
      100, 55, 54, -1,
      100, 54, 102, -1,
      102, 54, 53, -1,
      102, 53, 52, -1,
      103, 52, 3, -1,
      103, 3, 93, -1,
      93, 3, 13, -1,
      93, 13, 91, -1,
      91, 13, 12, -1,
      91, 12, 89, -1,
      89, 12, 7, -1,
      89, 7, 87, -1,
      87, 7, 6, -1,
      87, 6, 73, -1,
      74, 73, 5, -1,
      5, 73, 6, -1,
      83, 74, 2, -1,
      2, 74, 5, -1,
      84, 83, 4, -1,
      4, 83, 2, -1,
      80, 84, 40, -1,
      40, 84, 4, -1,
      80, 40, 30, -1,
      80, 30, 132, -1,
      132, 30, 29, -1,
      132, 29, 130, -1,
      130, 29, 28, -1,
      130, 28, 128, -1,
      128, 28, 11, -1,
      128, 11, 126, -1,
      126, 11, 10, -1,
      126, 10, 124, -1,
      124, 10, 39, -1,
      124, 39, 122, -1,
      122, 39, 19, -1,
      122, 19, 120, -1,
      78, 143, 144, -1,
      78, 144, 109, -1,
      109, 144, 145, -1,
      109, 145, 110, -1,
      110, 145, 146, -1,
      110, 146, 112, -1,
      136, 147, 148, -1,
      136, 148, 108, -1,
      108, 148, 149, -1,
      108, 149, 106, -1,
      106, 149, 150, -1,
      106, 150, 104, -1,
      104, 150, 143, -1,
      104, 143, 78, -1,
      97, 151, 152, -1,
      97, 152, 95, -1,
      95, 152, 153, -1,
      95, 153, 140, -1,
      140, 153, 154, -1,
      140, 154, 138, -1,
      138, 154, 147, -1,
      138, 147, 136, -1,
      94, 155, 156, -1,
      94, 156, 101, -1,
      101, 156, 157, -1,
      101, 157, 99, -1,
      99, 157, 151, -1,
      99, 151, 97, -1,
      86, 158, 159, -1,
      86, 159, 88, -1,
      88, 159, 160, -1,
      88, 160, 90, -1,
      90, 160, 161, -1,
      90, 161, 92, -1,
      92, 161, 155, -1,
      92, 155, 94, -1,
      81, 162, 163, -1,
      81, 163, 79, -1,
      79, 163, 164, -1,
      79, 164, 75, -1,
      75, 164, 165, -1,
      75, 165, 85, -1,
      85, 165, 158, -1,
      85, 158, 86, -1,
      81, 82, 162, -1,
      162, 82, 166, -1,
      82, 112, 166, -1,
      166, 112, 146, -1,
    ]
  }
}

Shape {
  appearance Appearance {
    material Material {
      diffuseColor 0.2510 0.2510 0.2510
      specularColor 0.1255 0.1255 0.1255
      ambientIntensity 0.2
      transparency 0.0000
      shininess 0.5
    }
  }
  geometry IndexedFaceSet {
    ccw TRUE
    solid FALSE
    coord DEF co Coordinate {
      point [
        0.196850 0.021912 0.106733,
        0.196850 0.022183 0.106939,
        0.196850 0.022664 0.107165,
        0.196850 0.023852 0.107437,
        0.196850 0.021380 0.105284,
        0.196850 0.021397 0.105602,
        0.196850 0.021496 0.106062,
        0.196850 0.021672 0.106436,
        0.196850 0.021961 0.103950,
        0.196850 0.021791 0.104120,
        0.196850 0.021563 0.104458,
        0.196850 0.021431 0.104822,
        0.196850 0.023492 0.103434,
        0.196850 0.022815 0.103510,
        0.196850 0.022361 0.103676,
        0.196850 0.025670 0.104367,
        0.196850 0.025392 0.104098,
        0.196850 0.024819 0.103722,
        0.196850 0.024204 0.103509,
        0.196850 0.026530 0.106700,
        0.196850 0.026522 0.106435,
        0.196850 0.026386 0.105628,
        0.196850 0.026082 0.104918,
        0.196850 0.026530 0.107797,
      ]
    }
    coordIndex [
      23, 3, 19, -1,
      19, 3, 2, -1,
      2, 1, 19, -1,
      19, 1, 0, -1,
      19, 0, 20, -1,
      20, 0, 21, -1,
      21, 0, 7, -1,
      21, 7, 22, -1,
      9, 8, 16, -1,
      9, 16, 10, -1,
      17, 16, 18, -1,
      18, 16, 12, -1,
      7, 6, 22, -1,
      22, 6, 5, -1,
      22, 5, 15, -1,
      15, 5, 4, -1,
      15, 4, 16, -1,
      16, 4, 11, -1,
      16, 11, 10, -1,
      8, 14, 16, -1,
      16, 14, 13, -1,
      16, 13, 12, -1,
    ]
  }
}

Shape {
  appearance Appearance {
    material Material {
      diffuseColor 1.0000 1.0000 1.0000
      specularColor 0.5020 0.5020 0.5020
      ambientIntensity 0.2
      transparency 0.0000
      shininess 0.5
    }
  }
  geometry IndexedFaceSet {
    ccw TRUE
    solid FALSE
    coord DEF co Coordinate {
      point [
        0.196850 0.043259 0.097029,
        0.196850 0.043233 0.097020,
        0.196850 0.051001 0.113496,
        0.196850 0.046438 0.101923,
        0.196850 0.036020 0.101967,
        0.196850 0.035617 0.101923,
        0.196850 0.054224 0.118072,
        0.196850 0.058228 0.118072,
        0.196850 0.055230 0.109271,
        0.196850 0.055230 0.103884,
        0.196850 0.058228 0.103884,
        0.196850 0.077405 0.107384,
        0.196850 0.076619 0.105727,
        0.196850 0.075963 0.115426,
        0.196850 0.076961 0.114037,
        0.196850 0.060956 0.109271,
        0.196850 0.064800 0.102058,
        0.196850 0.060956 0.111105,
        0.196850 0.064800 0.115915,
        0.196850 0.058228 0.111105,
        0.196850 0.075423 0.104302,
        0.196850 0.075235 0.104132,
        0.196850 0.073685 0.103068,
        0.196850 0.071844 0.102369,
        0.196850 0.069205 0.102058,
        0.196850 0.061775 0.102058,
        0.196850 0.077561 0.112517,
        0.196850 0.077838 0.110270,
        0.196850 0.077791 0.109261,
        0.196850 0.061411 0.118072,
        0.196850 0.061411 0.116230,
        0.196850 0.058228 0.116230,
        0.196850 0.069369 0.118072,
        0.196850 0.071810 0.117803,
        0.196850 0.064800 0.118072,
        0.196850 0.073743 0.117098,
        0.196850 0.075423 0.115952,
        0.196850 0.075461 0.115915,
        0.196850 0.061775 0.103884,
        0.196850 0.058228 0.109271,
        0.196850 0.055230 0.111105,
        0.196850 0.055230 0.115915,
        0.196850 0.055230 0.116230,
        0.196850 0.053162 0.102058,
        0.196850 0.053162 0.115915,
        0.196850 0.053162 0.118072,
        0.196850 0.031356 0.111170,
        0.196850 0.031607 0.111815,
        0.196850 0.031993 0.112355,
        0.196850 0.031835 0.108600,
        0.196850 0.031554 0.109057,
        0.196850 0.031341 0.109678,
        0.196850 0.031266 0.110409,
        0.196850 0.032163 0.108257,
        0.196850 0.031254 0.104531,
        0.196850 0.032181 0.108245,
        0.196850 0.031974 0.104080,
        0.196850 0.032181 0.103999,
        0.196850 0.031254 0.102459,
        0.196850 0.032181 0.102132,
        0.196850 0.032648 0.101968,
        0.196850 0.033070 0.101923,
        0.196850 0.034356 0.101788,
        0.196850 0.038430 0.113250,
        0.196850 0.038430 0.111302,
        0.196850 0.032181 0.112521,
        0.196850 0.032551 0.112849,
        0.196850 0.033022 0.113140,
        0.196850 0.038903 0.105882,
        0.196850 0.038978 0.105169,
        0.196850 0.038873 0.104328,
        0.196850 0.038618 0.103694,
        0.196850 0.038234 0.103167,
        0.196850 0.034092 0.113559,
        0.196850 0.035720 0.113757,
        0.196850 0.037127 0.113633,
        0.196850 0.038695 0.106479,
        0.196850 0.038360 0.106998,
        0.196850 0.038307 0.107061,
        0.196850 0.037689 0.102697,
        0.196850 0.037111 0.102353,
        0.196850 0.035523 0.112128,
        0.196850 0.034929 0.112084,
        0.196850 0.033333 0.110589,
        0.196850 0.034393 0.111942,
        0.196850 0.033943 0.111703,
        0.196850 0.033351 0.110322,
        0.196850 0.033431 0.110011,
        0.196850 0.033576 0.109740,
        0.196850 0.033771 0.109525,
        0.196850 0.034478 0.109083,
        0.196850 0.036933 0.111956,
        0.196850 0.035720 0.108543,
        0.196850 0.038067 0.111514,
        0.196850 0.036505 0.108224,
        0.196850 0.037834 0.107483,
        0.196850 0.033640 0.111435,
        0.196850 0.033469 0.111180,
        0.196850 0.033369 0.110909,
        0.196850 0.033228 0.103589,
        0.196850 0.034303 0.107085,
        0.196850 0.033107 0.107633,
        0.196850 0.034553 0.103426,
        0.196850 0.034641 0.103426,
        0.196850 0.035620 0.106533,
        0.196850 0.035670 0.103541,
        0.196850 0.036919 0.104973,
        0.196850 0.036899 0.105222,
        0.196850 0.036187 0.103731,
        0.196850 0.036370 0.103842,
        0.196850 0.036600 0.104046,
        0.196850 0.036776 0.104305,
        0.196850 0.036878 0.104590,
        0.196850 0.036808 0.105536,
        0.196850 0.036653 0.105802,
        0.196850 0.036403 0.106062,
        0.196850 0.048921 0.113496,
        0.196850 0.054224 0.102058,
        0.196850 0.058228 0.102058,
        0.196850 0.045254 0.104899,
        0.196850 0.045499 0.103958,
        0.196850 0.045552 0.103958,
        0.196850 0.043233 0.110711,
        0.196850 0.045798 0.104883,
        0.196850 0.045644 0.104350,
        0.196850 0.043233 0.105326,
        0.196850 0.040022 0.113496,
        0.196850 0.042265 0.113496,
        0.196850 0.044441 0.101923,
        0.196850 0.044508 0.102083,
        0.196850 0.043233 0.099285,
        0.196850 0.043254 0.099309,
        0.196850 0.043628 0.100004,
        0.196850 0.040435 0.098620,
        0.196850 0.040435 0.096835,
        0.196850 0.040924 0.098466,
        0.196850 0.041573 0.098391,
        0.196850 0.042039 0.098441,
        0.196850 0.042459 0.096746,
        0.196850 0.041729 0.096671,
        0.196850 0.041027 0.096713,
        0.196850 0.042482 0.098603,
        0.196850 0.042881 0.098881,
        0.196850 0.043965 0.097498,
        0.196850 0.044360 0.097876,
        0.196850 0.045810 0.100331,
        0.196850 0.045236 0.099106,
        0.196890 0.031254 0.104531,
        0.196890 0.031974 0.104080,
        0.196890 0.034553 0.103426,
        0.196890 0.033228 0.103589,
        0.196890 0.031254 0.102459,
        0.196890 0.032648 0.101968,
        0.196890 0.034356 0.101788,
        0.196890 0.036020 0.101967,
        0.196890 0.037111 0.102353,
        0.196890 0.037689 0.102697,
        0.196890 0.038234 0.103167,
        0.196890 0.038618 0.103694,
        0.196890 0.038873 0.104328,
        0.196890 0.038978 0.105169,
        0.196890 0.038903 0.105882,
        0.196890 0.038695 0.106479,
        0.196890 0.038360 0.106998,
        0.196890 0.038307 0.107061,
        0.196890 0.037834 0.107483,
        0.196890 0.036505 0.108224,
        0.196890 0.035720 0.108543,
        0.196890 0.034478 0.109083,
        0.196890 0.033771 0.109525,
        0.196890 0.033576 0.109740,
        0.196890 0.033431 0.110011,
        0.196890 0.033351 0.110322,
        0.196890 0.033333 0.110589,
        0.196890 0.033369 0.110909,
        0.196890 0.033469 0.111180,
        0.196890 0.033640 0.111435,
        0.196890 0.033943 0.111703,
        0.196890 0.034393 0.111942,
        0.196890 0.034929 0.112084,
        0.196890 0.035523 0.112128,
        0.196890 0.036933 0.111956,
        0.196890 0.038067 0.111514,
        0.196890 0.038430 0.111302,
        0.196890 0.038430 0.113250,
        0.196890 0.037127 0.113633,
        0.196890 0.035720 0.113757,
        0.196890 0.034092 0.113559,
        0.196890 0.033022 0.113140,
        0.196890 0.032551 0.112849,
        0.196890 0.031993 0.112355,
        0.196890 0.031607 0.111815,
        0.196890 0.031356 0.111170,
        0.196890 0.031266 0.110409,
        0.196890 0.031341 0.109678,
        0.196890 0.031554 0.109057,
        0.196890 0.031835 0.108600,
        0.196890 0.034303 0.107085,
        0.196890 0.033107 0.107633,
        0.196890 0.032163 0.108257,
        0.196890 0.035620 0.106533,
        0.196890 0.036403 0.106062,
        0.196890 0.036653 0.105802,
        0.196890 0.036808 0.105536,
        0.196890 0.036899 0.105222,
        0.196890 0.036919 0.104973,
        0.196890 0.036878 0.104590,
        0.196890 0.036776 0.104305,
        0.196890 0.036600 0.104046,
        0.196890 0.036370 0.103842,
        0.196890 0.036187 0.103731,
        0.196890 0.035670 0.103541,
        0.196890 0.034641 0.103426,
        0.196890 0.048921 0.113496,
        0.196890 0.051001 0.113496,
        0.196890 0.045798 0.104883,
        0.196890 0.045644 0.104350,
        0.196890 0.045552 0.103958,
        0.196890 0.045499 0.103958,
        0.196890 0.045254 0.104899,
        0.196890 0.042265 0.113496,
        0.196890 0.040022 0.113496,
        0.196890 0.044508 0.102083,
        0.196890 0.043628 0.100004,
        0.196890 0.043254 0.099309,
        0.196890 0.042881 0.098881,
        0.196890 0.042482 0.098603,
        0.196890 0.042039 0.098441,
        0.196890 0.041573 0.098391,
        0.196890 0.040924 0.098466,
        0.196890 0.040435 0.098620,
        0.196890 0.040435 0.096835,
        0.196890 0.041027 0.096713,
        0.196890 0.041729 0.096671,
        0.196890 0.043259 0.097029,
        0.196890 0.042459 0.096746,
        0.196890 0.043965 0.097498,
        0.196890 0.044360 0.097876,
        0.196890 0.045236 0.099106,
        0.196890 0.045810 0.100331,
        0.196890 0.061775 0.103884,
        0.196890 0.061775 0.102058,
        0.196890 0.055230 0.103884,
        0.196890 0.055230 0.109271,
        0.196890 0.060956 0.109271,
        0.196890 0.060956 0.111105,
        0.196890 0.055230 0.111105,
        0.196890 0.055230 0.116230,
        0.196890 0.061411 0.116230,
        0.196890 0.061411 0.118072,
        0.196890 0.053162 0.118072,
        0.196890 0.053162 0.102058,
        0.196890 0.075611 0.109198,
        0.196890 0.077791 0.109261,
        0.196890 0.075664 0.110213,
        0.196890 0.077838 0.110270,
        0.196890 0.075467 0.112054,
        0.196890 0.077561 0.112517,
        0.196890 0.075037 0.113267,
        0.196890 0.076961 0.114037,
        0.196890 0.074436 0.114189,
        0.196890 0.075963 0.115426,
        0.196890 0.073908 0.114724,
        0.196890 0.075423 0.115952,
        0.196890 0.072741 0.115500,
        0.196890 0.073743 0.117098,
        0.196890 0.071352 0.116002,
        0.196890 0.071810 0.117803,
        0.196890 0.069287 0.116230,
        0.196890 0.069369 0.118072,
        0.196890 0.066867 0.116230,
        0.196890 0.064800 0.118072,
        0.196890 0.066867 0.103884,
        0.196890 0.064800 0.102058,
        0.196890 0.069193 0.103884,
        0.196890 0.069205 0.102058,
        0.196890 0.071225 0.104103,
        0.196890 0.071844 0.102369,
        0.196890 0.072595 0.104591,
        0.196890 0.073685 0.103068,
        0.196890 0.073656 0.105285,
        0.196890 0.075235 0.104132,
        0.196890 0.073953 0.105554,
        0.196890 0.075423 0.104302,
        0.196890 0.074749 0.106542,
        0.196890 0.076619 0.105727,
        0.196890 0.075301 0.107731,
        0.196890 0.077405 0.107384,
        0.196850 0.069287 0.116230,
        0.196850 0.066867 0.116230,
        0.196850 0.066867 0.103884,
        0.196850 0.069193 0.103884,
        0.196850 0.073953 0.105554,
        0.196850 0.073656 0.105285,
        0.196850 0.072595 0.104591,
        0.196850 0.071225 0.104103,
        0.196850 0.075664 0.110213,
        0.196850 0.075611 0.109198,
        0.196850 0.075301 0.107731,
        0.196850 0.074749 0.106542,
        0.196850 0.073908 0.114724,
        0.196850 0.074436 0.114189,
        0.196850 0.075037 0.113267,
        0.196850 0.075467 0.112054,
        0.196850 0.071352 0.116002,
        0.196850 0.072741 0.115500,
      ]
    }
    coordIndex [
      54, 147, 148, -1,
      149, 102, 99, -1,
      149, 99, 150, -1,
      150, 99, 57, -1,
      150, 57, 148, -1,
      148, 57, 56, -1,
      148, 56, 54, -1,
      151, 147, 58, -1,
      58, 147, 54, -1,
      152, 151, 59, -1,
      59, 151, 58, -1,
      62, 153, 61, -1,
      61, 153, 152, -1,
      61, 152, 60, -1,
      60, 152, 59, -1,
      154, 153, 5, -1,
      5, 153, 62, -1,
      5, 4, 154, -1,
      154, 4, 80, -1,
      154, 80, 155, -1,
      155, 80, 79, -1,
      155, 79, 156, -1,
      156, 79, 72, -1,
      156, 72, 157, -1,
      157, 72, 71, -1,
      157, 71, 158, -1,
      158, 71, 70, -1,
      158, 70, 159, -1,
      159, 70, 69, -1,
      159, 69, 160, -1,
      160, 69, 68, -1,
      160, 68, 161, -1,
      161, 68, 76, -1,
      161, 76, 162, -1,
      162, 76, 77, -1,
      162, 77, 163, -1,
      163, 77, 78, -1,
      163, 78, 164, -1,
      164, 78, 95, -1,
      164, 95, 165, -1,
      165, 95, 94, -1,
      165, 94, 166, -1,
      166, 94, 92, -1,
      166, 92, 167, -1,
      167, 92, 90, -1,
      167, 90, 168, -1,
      168, 90, 89, -1,
      168, 89, 169, -1,
      169, 89, 88, -1,
      169, 88, 170, -1,
      170, 88, 87, -1,
      170, 87, 171, -1,
      171, 87, 86, -1,
      171, 86, 172, -1,
      172, 86, 83, -1,
      172, 83, 173, -1,
      173, 83, 98, -1,
      173, 98, 174, -1,
      174, 98, 97, -1,
      174, 97, 175, -1,
      175, 97, 96, -1,
      175, 96, 176, -1,
      176, 96, 85, -1,
      176, 85, 177, -1,
      177, 85, 84, -1,
      177, 84, 178, -1,
      178, 84, 82, -1,
      178, 82, 179, -1,
      179, 82, 81, -1,
      179, 81, 180, -1,
      180, 81, 91, -1,
      180, 91, 181, -1,
      181, 91, 93, -1,
      181, 93, 182, -1,
      182, 93, 64, -1,
      182, 64, 183, -1,
      184, 183, 63, -1,
      63, 183, 64, -1,
      184, 63, 75, -1,
      184, 75, 185, -1,
      185, 75, 74, -1,
      185, 74, 186, -1,
      186, 74, 73, -1,
      186, 73, 187, -1,
      187, 73, 67, -1,
      187, 67, 188, -1,
      188, 67, 66, -1,
      188, 66, 189, -1,
      190, 189, 65, -1,
      65, 189, 66, -1,
      65, 48, 190, -1,
      190, 48, 47, -1,
      190, 47, 191, -1,
      191, 47, 46, -1,
      191, 46, 192, -1,
      192, 46, 52, -1,
      192, 52, 193, -1,
      193, 52, 51, -1,
      193, 51, 194, -1,
      194, 51, 50, -1,
      194, 50, 195, -1,
      195, 50, 49, -1,
      195, 49, 196, -1,
      100, 197, 198, -1,
      196, 49, 53, -1,
      196, 53, 199, -1,
      199, 53, 55, -1,
      199, 55, 198, -1,
      198, 55, 101, -1,
      198, 101, 100, -1,
      197, 100, 104, -1,
      197, 104, 200, -1,
      200, 104, 115, -1,
      200, 115, 201, -1,
      201, 115, 114, -1,
      201, 114, 202, -1,
      202, 114, 113, -1,
      202, 113, 203, -1,
      203, 113, 107, -1,
      203, 107, 204, -1,
      204, 107, 106, -1,
      204, 106, 205, -1,
      205, 106, 112, -1,
      205, 112, 206, -1,
      206, 112, 111, -1,
      206, 111, 207, -1,
      207, 111, 110, -1,
      207, 110, 208, -1,
      208, 110, 109, -1,
      208, 109, 209, -1,
      209, 109, 108, -1,
      209, 108, 210, -1,
      210, 108, 105, -1,
      210, 105, 211, -1,
      211, 105, 103, -1,
      211, 103, 212, -1,
      212, 103, 102, -1,
      212, 102, 149, -1,
      176, 177, 188, -1,
      188, 177, 187, -1,
      203, 163, 202, -1,
      202, 163, 164, -1,
      202, 164, 201, -1,
      201, 164, 165, -1,
      201, 165, 200, -1,
      165, 166, 200, -1,
      200, 166, 167, -1,
      200, 167, 197, -1,
      197, 167, 168, -1,
      155, 156, 208, -1,
      208, 156, 157, -1,
      208, 157, 207, -1,
      207, 157, 158, -1,
      207, 158, 206, -1,
      206, 158, 159, -1,
      206, 159, 205, -1,
      205, 159, 160, -1,
      205, 160, 204, -1,
      204, 160, 161, -1,
      204, 161, 203, -1,
      203, 161, 162, -1,
      203, 162, 163, -1,
      153, 149, 152, -1,
      152, 149, 150, -1,
      152, 150, 151, -1,
      151, 150, 148, -1,
      151, 148, 147, -1,
      177, 178, 187, -1,
      187, 178, 179, -1,
      187, 179, 186, -1,
      186, 179, 180, -1,
      186, 180, 185, -1,
      185, 180, 181, -1,
      185, 181, 184, -1,
      184, 181, 182, -1,
      184, 182, 183, -1,
      208, 209, 155, -1,
      155, 209, 210, -1,
      155, 210, 154, -1,
      154, 210, 211, -1,
      154, 211, 153, -1,
      153, 211, 212, -1,
      153, 212, 149, -1,
      188, 189, 176, -1,
      176, 189, 190, -1,
      176, 190, 175, -1,
      175, 190, 191, -1,
      175, 191, 174, -1,
      174, 191, 192, -1,
      174, 192, 173, -1,
      173, 192, 193, -1,
      173, 193, 172, -1,
      172, 193, 194, -1,
      172, 194, 171, -1,
      171, 194, 195, -1,
      171, 195, 170, -1,
      170, 195, 196, -1,
      170, 196, 169, -1,
      169, 196, 199, -1,
      169, 199, 168, -1,
      168, 199, 198, -1,
      168, 198, 197, -1,
      213, 214, 116, -1,
      116, 214, 2, -1,
      215, 213, 123, -1,
      123, 213, 116, -1,
      215, 123, 124, -1,
      215, 124, 216, -1,
      216, 124, 121, -1,
      216, 121, 217, -1,
      218, 217, 120, -1,
      120, 217, 121, -1,
      219, 218, 119, -1,
      119, 218, 120, -1,
      127, 220, 122, -1,
      122, 220, 219, -1,
      122, 219, 119, -1,
      221, 220, 126, -1,
      126, 220, 127, -1,
      129, 222, 125, -1,
      125, 222, 221, -1,
      125, 221, 126, -1,
      132, 223, 128, -1,
      128, 223, 222, -1,
      128, 222, 129, -1,
      223, 132, 131, -1,
      223, 131, 224, -1,
      224, 131, 130, -1,
      224, 130, 225, -1,
      130, 142, 225, -1,
      225, 142, 141, -1,
      225, 141, 226, -1,
      226, 141, 137, -1,
      226, 137, 227, -1,
      227, 137, 136, -1,
      227, 136, 228, -1,
      228, 136, 135, -1,
      228, 135, 229, -1,
      229, 135, 133, -1,
      229, 133, 230, -1,
      231, 230, 134, -1,
      134, 230, 133, -1,
      231, 134, 140, -1,
      231, 140, 232, -1,
      232, 140, 139, -1,
      232, 139, 233, -1,
      233, 139, 138, -1,
      1, 234, 138, -1,
      138, 234, 235, -1,
      138, 235, 233, -1,
      1, 0, 234, -1,
      234, 0, 143, -1,
      234, 143, 236, -1,
      236, 143, 144, -1,
      236, 144, 237, -1,
      237, 144, 146, -1,
      237, 146, 238, -1,
      238, 146, 145, -1,
      238, 145, 239, -1,
      2, 214, 3, -1,
      3, 214, 239, -1,
      3, 239, 145, -1,
      216, 217, 239, -1,
      214, 213, 239, -1,
      239, 213, 215, -1,
      239, 215, 216, -1,
      220, 221, 219, -1,
      219, 221, 222, -1,
      219, 222, 218, -1,
      230, 231, 229, -1,
      229, 231, 232, -1,
      229, 232, 228, -1,
      228, 232, 233, -1,
      228, 233, 227, -1,
      227, 233, 235, -1,
      227, 235, 226, -1,
      226, 235, 234, -1,
      226, 234, 225, -1,
      225, 234, 236, -1,
      225, 236, 224, -1,
      224, 236, 237, -1,
      224, 237, 223, -1,
      223, 237, 238, -1,
      223, 238, 222, -1,
      222, 238, 239, -1,
      222, 239, 218, -1,
      218, 239, 217, -1,
      240, 241, 38, -1,
      38, 241, 25, -1,
      9, 242, 10, -1,
      10, 242, 240, -1,
      10, 240, 38, -1,
      243, 242, 8, -1,
      8, 242, 9, -1,
      15, 244, 39, -1,
      39, 244, 243, -1,
      39, 243, 8, -1,
      245, 244, 17, -1,
      17, 244, 15, -1,
      40, 246, 19, -1,
      19, 246, 245, -1,
      19, 245, 17, -1,
      42, 247, 41, -1,
      41, 247, 246, -1,
      41, 246, 40, -1,
      30, 248, 31, -1,
      31, 248, 247, -1,
      31, 247, 42, -1,
      249, 248, 29, -1,
      29, 248, 30, -1,
      6, 45, 250, -1,
      6, 250, 7, -1,
      7, 250, 249, -1,
      7, 249, 29, -1,
      43, 251, 44, -1,
      44, 251, 250, -1,
      44, 250, 45, -1,
      43, 117, 251, -1,
      251, 117, 118, -1,
      251, 118, 241, -1,
      241, 118, 25, -1,
      244, 245, 243, -1,
      243, 245, 246, -1,
      241, 240, 251, -1,
      251, 240, 242, -1,
      248, 249, 247, -1,
      247, 249, 250, -1,
      247, 250, 246, -1,
      246, 250, 251, -1,
      246, 251, 243, -1,
      243, 251, 242, -1,
      252, 253, 254, -1,
      254, 253, 255, -1,
      254, 255, 256, -1,
      256, 255, 257, -1,
      256, 257, 258, -1,
      258, 257, 259, -1,
      258, 259, 260, -1,
      260, 259, 261, -1,
      260, 261, 262, -1,
      262, 261, 263, -1,
      262, 263, 264, -1,
      264, 263, 265, -1,
      264, 265, 266, -1,
      266, 265, 267, -1,
      266, 267, 268, -1,
      268, 267, 269, -1,
      268, 269, 270, -1,
      270, 269, 271, -1,
      270, 271, 272, -1,
      272, 271, 273, -1,
      272, 273, 274, -1,
      274, 273, 275, -1,
      274, 275, 276, -1,
      276, 275, 277, -1,
      276, 277, 278, -1,
      278, 277, 279, -1,
      278, 279, 280, -1,
      280, 279, 281, -1,
      280, 281, 282, -1,
      282, 281, 283, -1,
      282, 283, 284, -1,
      284, 283, 285, -1,
      284, 285, 286, -1,
      286, 285, 287, -1,
      286, 287, 252, -1,
      252, 287, 253, -1,
      275, 273, 24, -1,
      24, 273, 16, -1,
      275, 24, 23, -1,
      275, 23, 277, -1,
      277, 23, 22, -1,
      277, 22, 279, -1,
      279, 22, 21, -1,
      279, 21, 281, -1,
      281, 21, 20, -1,
      281, 20, 283, -1,
      283, 20, 12, -1,
      283, 12, 285, -1,
      285, 12, 11, -1,
      285, 11, 287, -1,
      287, 11, 28, -1,
      287, 28, 253, -1,
      253, 28, 27, -1,
      253, 27, 255, -1,
      255, 27, 26, -1,
      255, 26, 257, -1,
      257, 26, 14, -1,
      257, 14, 259, -1,
      259, 14, 13, -1,
      259, 13, 261, -1,
      261, 13, 263, -1,
      263, 13, 37, -1,
      263, 37, 36, -1,
      263, 36, 35, -1,
      263, 35, 265, -1,
      265, 35, 33, -1,
      265, 33, 267, -1,
      267, 33, 32, -1,
      267, 32, 269, -1,
      271, 269, 34, -1,
      34, 269, 32, -1,
      16, 273, 18, -1,
      18, 273, 271, -1,
      18, 271, 34, -1,
      268, 270, 288, -1,
      288, 270, 289, -1,
      270, 272, 289, -1,
      289, 272, 290, -1,
      272, 274, 290, -1,
      290, 274, 291, -1,
      282, 292, 293, -1,
      282, 293, 280, -1,
      280, 293, 294, -1,
      280, 294, 278, -1,
      278, 294, 295, -1,
      278, 295, 276, -1,
      276, 295, 291, -1,
      276, 291, 274, -1,
      254, 296, 297, -1,
      254, 297, 252, -1,
      252, 297, 298, -1,
      252, 298, 286, -1,
      286, 298, 299, -1,
      286, 299, 284, -1,
      284, 299, 292, -1,
      284, 292, 282, -1,
      262, 300, 301, -1,
      262, 301, 260, -1,
      260, 301, 302, -1,
      260, 302, 258, -1,
      258, 302, 303, -1,
      258, 303, 256, -1,
      256, 303, 296, -1,
      256, 296, 254, -1,
      268, 288, 304, -1,
      268, 304, 266, -1,
      266, 304, 305, -1,
      266, 305, 264, -1,
      264, 305, 300, -1,
      264, 300, 262, -1,
    ]
  }
}

Shape {
  appearance Appearance {
    material Material {
      diffuseColor 0.2510 0.2510 0.2510
      specularColor 0.1255 0.1255 0.1255
      ambientIntensity 0.2
      transparency 0.0000
      shininess 0.5
    }
  }
  geometry IndexedFaceSet {
    ccw TRUE
    solid FALSE
    coord DEF co Coordinate {
      point [
        0.196850 0.069287 0.116230,
        0.196850 0.066867 0.116230,
        0.196850 0.066867 0.103884,
        0.196850 0.069193 0.103884,
        0.196850 0.073953 0.105554,
        0.196850 0.073656 0.105285,
        0.196850 0.072595 0.104591,
        0.196850 0.071225 0.104103,
        0.196850 0.075664 0.110213,
        0.196850 0.075611 0.109198,
        0.196850 0.075301 0.107731,
        0.196850 0.074749 0.106542,
        0.196850 0.073908 0.114724,
        0.196850 0.074436 0.114189,
        0.196850 0.075037 0.113267,
        0.196850 0.075467 0.112054,
        0.196850 0.071352 0.116002,
        0.196850 0.072741 0.115500,
      ]
    }
    coordIndex [
      1, 2, 0, -1,
      0, 2, 3, -1,
      0, 3, 7, -1,
      7, 6, 0, -1,
      0, 6, 5, -1,
      0, 5, 4, -1,
      4, 11, 0, -1,
      0, 11, 10, -1,
      0, 10, 9, -1,
      9, 8, 0, -1,
      0, 8, 15, -1,
      0, 15, 14, -1,
      14, 13, 0, -1,
      0, 13, 12, -1,
      0, 12, 16, -1,
      16, 12, 17, -1,
    ]
  }
}

Shape {
  appearance Appearance {
    material Material {
      diffuseColor 1.0000 1.0000 1.0000
      specularColor 0.5020 0.5020 0.5020
      ambientIntensity 0.2
      transparency 0.0000
      shininess 0.5
    }
  }
  geometry IndexedFaceSet {
    ccw TRUE
    solid FALSE
    coord DEF co Coordinate {
      point [
        0.196850 0.084826 0.118072,
        0.196850 0.084004 0.115915,
        0.196850 0.078726 0.102058,
        0.196850 0.081011 0.102058,
        0.196850 0.090851 0.102058,
        0.196850 0.089218 0.106439,
        0.196850 0.082550 0.106439,
        0.196850 0.093135 0.102058,
        0.196850 0.087858 0.115915,
        0.196850 0.087036 0.118072,
        0.196890 0.083205 0.108248,
        0.196890 0.082550 0.106439,
        0.196890 0.088580 0.108248,
        0.196890 0.089218 0.106439,
        0.196890 0.085599 0.114904,
        0.196890 0.084826 0.118072,
        0.196890 0.078726 0.102058,
        0.196890 0.081011 0.102058,
        0.196890 0.085738 0.115382,
        0.196890 0.085861 0.116026,
        0.196890 0.087036 0.118072,
        0.196890 0.085910 0.116026,
        0.196890 0.086040 0.115348,
        0.196890 0.086160 0.114904,
        0.196890 0.093135 0.102058,
        0.196890 0.090851 0.102058,
        0.196850 0.083205 0.108248,
        0.196850 0.088580 0.108248,
        0.196850 0.086160 0.114904,
        0.196850 0.085910 0.116026,
        0.196850 0.086040 0.115348,
        0.196850 0.085861 0.116026,
        0.196850 0.085599 0.114904,
        0.196850 0.085738 0.115382,
      ]
    }
    coordIndex [
      10, 11, 12, -1,
      12, 11, 13, -1,
      14, 15, 10, -1,
      10, 15, 16, -1,
      10, 16, 11, -1,
      11, 16, 17, -1,
      14, 18, 15, -1,
      15, 18, 19, -1,
      15, 19, 20, -1,
      20, 19, 21, -1,
      20, 21, 22, -1,
      22, 23, 20, -1,
      20, 23, 12, -1,
      20, 12, 24, -1,
      24, 12, 13, -1,
      24, 13, 25, -1,
      9, 20, 8, -1,
      8, 20, 24, -1,
      8, 24, 7, -1,
      15, 20, 0, -1,
      0, 20, 9, -1,
      2, 16, 1, -1,
      1, 16, 15, -1,
      1, 15, 0, -1,
      17, 16, 3, -1,
      3, 16, 2, -1,
      11, 17, 6, -1,
      6, 17, 3, -1,
      13, 11, 5, -1,
      5, 11, 6, -1,
      25, 13, 4, -1,
      4, 13, 5, -1,
      24, 25, 7, -1,
      7, 25, 4, -1,
      10, 12, 26, -1,
      26, 12, 27, -1,
      12, 23, 27, -1,
      27, 23, 28, -1,
      21, 29, 30, -1,
      21, 30, 22, -1,
      22, 30, 28, -1,
      22, 28, 23, -1,
      21, 19, 29, -1,
      29, 19, 31, -1,
      14, 32, 33, -1,
      14, 33, 18, -1,
      18, 33, 31, -1,
      18, 31, 19, -1,
      14, 10, 32, -1,
      32, 10, 26, -1,
    ]
  }
}

Shape {
  appearance Appearance {
    material Material {
      diffuseColor 0.2510 0.2510 0.2510
      specularColor 0.1255 0.1255 0.1255
      ambientIntensity 0.2
      transparency 0.0000
      shininess 0.5
    }
  }
  geometry IndexedFaceSet {
    ccw TRUE
    solid FALSE
    coord DEF co Coordinate {
      point [
        0.196850 0.083205 0.108248,
        0.196850 0.088580 0.108248,
        0.196850 0.086160 0.114904,
        0.196850 0.085910 0.116026,
        0.196850 0.086040 0.115348,
        0.196850 0.085861 0.116026,
        0.196850 0.085599 0.114904,
        0.196850 0.085738 0.115382,
      ]
    }
    coordIndex [
      3, 5, 4, -1,
      4, 5, 7, -1,
      4, 7, 2, -1,
      2, 7, 6, -1,
      2, 6, 1, -1,
      1, 6, 0, -1,
    ]
  }
}

Shape {
  appearance Appearance {
    material Material {
      diffuseColor 1.0000 1.0000 1.0000
      specularColor 0.5020 0.5020 0.5020
      ambientIntensity 0.2
      transparency 0.0000
      shininess 0.5
    }
  }
  geometry IndexedFaceSet {
    ccw TRUE
    solid FALSE
    coord DEF co Coordinate {
      point [
        0.196850 -0.045599 0.115252,
        0.196850 -0.043697 0.113502,
        0.196850 -0.039079 0.115915,
        0.196850 -0.076153 0.125456,
        0.196850 -0.075326 0.127328,
        0.196850 -0.008559 0.128399,
        0.196850 -0.007788 0.127328,
        0.196850 -0.024339 0.143612,
        0.196850 -0.021722 0.141853,
        0.196850 -0.017974 0.137522,
        0.196850 -0.015574 0.132858,
        0.196850 -0.015044 0.132680,
        0.196850 -0.011653 0.131006,
        0.196850 -0.032514 0.147280,
        0.196850 -0.026800 0.145267,
        0.196850 -0.048096 0.145052,
        0.196850 -0.042847 0.147078,
        0.196850 -0.037207 0.147773,
        0.196850 -0.062996 0.137994,
        0.196850 -0.058498 0.138551,
        0.196850 -0.074341 0.129558,
        0.196850 -0.071592 0.133086,
        0.196850 -0.050420 0.143612,
        0.196850 -0.050870 0.143333,
        0.196850 -0.053546 0.141042,
        0.196850 -0.057189 0.138480,
        0.196850 -0.055880 0.138323,
        0.196850 -0.070833 0.133805,
        0.196850 -0.067213 0.136353,
        0.196850 -0.076422 0.115915,
        0.196850 -0.076943 0.120106,
        0.196850 -0.076912 0.121177,
        0.196850 -0.064507 0.102667,
        0.196850 -0.068620 0.104674,
        0.196850 -0.063053 0.102230,
        0.196850 -0.072161 0.107696,
        0.196850 -0.074749 0.111385,
        0.196850 -0.076386 0.115622,
        0.196850 -0.056938 0.095580,
        0.196850 -0.058105 0.096086,
        0.196850 -0.060312 0.097791,
        0.196850 -0.061979 0.099897,
        0.196850 -0.062911 0.101923,
        0.196850 -0.055494 0.094953,
        0.196850 -0.052812 0.094502,
        0.196850 -0.052236 0.094488,
        0.196850 -0.041563 0.101923,
        0.196850 -0.041565 0.101915,
        0.196850 -0.042906 0.099369,
        0.196850 -0.044810 0.097261,
        0.196850 -0.047099 0.095721,
        0.196850 -0.047485 0.095580,
        0.196850 -0.049652 0.094786,
        0.196850 -0.004561 0.115915,
        0.196850 -0.004819 0.113901,
        0.196850 -0.027002 0.108655,
        0.196850 -0.026219 0.108956,
        0.196850 -0.024911 0.115438,
        0.196850 -0.008515 0.107126,
        0.196850 -0.011601 0.104512,
        0.196850 -0.027706 0.108165,
        0.196850 -0.025366 0.109062,
        0.196850 -0.025255 0.109054,
        0.196850 -0.024913 0.108978,
        0.196850 -0.006244 0.110294,
        0.196850 -0.015074 0.102808,
        0.196850 -0.018876 0.102003,
        0.196850 -0.025594 0.102003,
        0.196850 -0.026174 0.102091,
        0.196850 -0.026930 0.102372,
        0.196850 -0.027678 0.102884,
        0.196850 -0.028006 0.103213,
        0.196850 -0.013667 0.111812,
        0.196850 -0.012416 0.113589,
        0.196850 -0.028896 0.105532,
        0.196850 -0.028878 0.105883,
        0.196850 -0.040850 0.107013,
        0.196850 -0.028674 0.106756,
        0.196850 -0.028257 0.107547,
        0.196850 -0.024683 0.108948,
        0.196850 -0.019559 0.108948,
        0.196850 -0.017537 0.109333,
        0.196850 -0.028497 0.103930,
        0.196850 -0.028793 0.104704,
        0.196850 -0.040908 0.104728,
        0.196850 -0.040850 0.105874,
        0.196850 -0.015526 0.110258,
        0.196850 -0.013839 0.111629,
        0.196850 -0.050736 0.117277,
        0.196850 -0.047998 0.116568,
        0.196850 -0.021291 0.127328,
        0.196850 -0.052236 0.117374,
        0.196850 -0.011633 0.115619,
        0.196850 -0.011597 0.115915,
        0.196850 -0.025189 0.115915,
        0.196850 -0.011361 0.117829,
        0.196850 -0.011414 0.118798,
        0.196850 -0.054800 0.117076,
        0.196850 -0.067288 0.127328,
        0.196850 -0.057326 0.116151,
        0.196850 -0.068537 0.125471,
        0.196850 -0.069472 0.122919,
        0.196850 -0.069770 0.120334,
        0.196850 -0.069627 0.118535,
        0.196850 -0.057676 0.115915,
        0.196850 -0.068847 0.115915,
        0.196850 -0.059676 0.114566,
        0.196850 -0.014331 0.124450,
        0.196850 -0.016098 0.125681,
        0.196850 -0.011942 0.120986,
        0.196850 -0.012994 0.122955,
        0.196850 -0.021153 0.126710,
        0.196850 -0.028440 0.121472,
        0.196850 -0.020243 0.126710,
        0.196850 -0.018085 0.126445,
        0.196850 -0.046808 0.115915,
        0.196850 -0.065237 0.111244,
        0.196850 -0.062939 0.109859,
        0.196850 -0.061586 0.112444,
        0.196850 -0.067316 0.113296,
        0.196850 -0.068796 0.115744,
        0.196850 -0.023647 0.133611,
        0.196850 -0.026229 0.136667,
        0.196850 -0.052350 0.130012,
        0.196850 -0.026445 0.136863,
        0.196850 -0.029641 0.139089,
        0.196850 -0.050602 0.133627,
        0.196850 -0.053334 0.130539,
        0.196850 -0.021874 0.129951,
        0.196850 -0.055892 0.131431,
        0.196850 -0.058385 0.131720,
        0.196850 -0.059530 0.131662,
        0.196850 -0.048045 0.136676,
        0.196850 -0.033210 0.140462,
        0.196850 -0.045019 0.138886,
        0.196850 -0.037093 0.140942,
        0.196850 -0.041302 0.140397,
        0.196850 -0.062343 0.131006,
        0.196850 -0.064890 0.129664,
        0.196850 -0.066998 0.127760,
        0.196850 -0.006230 0.125164,
        0.196850 -0.004831 0.121689,
        0.196850 -0.004302 0.117943,
        0.196890 -0.061979 0.099897,
        0.196890 -0.060312 0.097791,
        0.196890 -0.062939 0.109859,
        0.196890 -0.064890 0.129664,
        0.196890 -0.062343 0.131006,
        0.196890 -0.062996 0.137994,
        0.196890 -0.042906 0.099369,
        0.196890 -0.041565 0.101915,
        0.196890 -0.040908 0.104728,
        0.196890 -0.055880 0.138323,
        0.196890 -0.052350 0.130012,
        0.196890 -0.050602 0.133627,
        0.196890 -0.058498 0.138551,
        0.196890 -0.024911 0.115438,
        0.196890 -0.028440 0.121472,
        0.196890 -0.040850 0.107013,
        0.196890 -0.043697 0.113502,
        0.196890 -0.040850 0.105874,
        0.196890 -0.047099 0.095721,
        0.196890 -0.044810 0.097261,
        0.196890 -0.055332 0.102474,
        0.196890 -0.054429 0.101840,
        0.196890 -0.058105 0.096086,
        0.196890 -0.053380 0.101441,
        0.196890 -0.048268 0.107511,
        0.196890 -0.047967 0.106476,
        0.196890 -0.047927 0.105373,
        0.196890 -0.048168 0.104272,
        0.196890 -0.048673 0.103276,
        0.196890 -0.021153 0.126710,
        0.196890 -0.020243 0.126710,
        0.196890 -0.015574 0.132858,
        0.196890 -0.018085 0.126445,
        0.196890 -0.015044 0.132680,
        0.196890 -0.016098 0.125681,
        0.196890 -0.011653 0.131006,
        0.196890 -0.008559 0.128399,
        0.196890 -0.053546 0.141042,
        0.196890 -0.048045 0.136676,
        0.196890 -0.050870 0.143333,
        0.196890 -0.045019 0.138886,
        0.196890 -0.048096 0.145052,
        0.196890 -0.065237 0.111244,
        0.196890 -0.064507 0.102667,
        0.196890 -0.063053 0.102230,
        0.196890 -0.059530 0.131662,
        0.196890 -0.058385 0.131720,
        0.196890 -0.057189 0.138480,
        0.196890 -0.055892 0.131431,
        0.196890 -0.053334 0.130539,
        0.196890 -0.056768 0.105306,
        0.196890 -0.056528 0.104250,
        0.196890 -0.056051 0.103306,
        0.196890 -0.055494 0.094953,
        0.196890 -0.052812 0.094502,
        0.196890 -0.052350 0.101320,
        0.196890 -0.052236 0.094488,
        0.196890 -0.051259 0.101454,
        0.196890 -0.049652 0.094786,
        0.196890 -0.050268 0.101837,
        0.196890 -0.049397 0.102446,
        0.196890 -0.014331 0.124450,
        0.196890 -0.012994 0.122955,
        0.196890 -0.006230 0.125164,
        0.196890 -0.011942 0.120986,
        0.196890 -0.004831 0.121689,
        0.196890 -0.004302 0.117943,
        0.196890 -0.011414 0.118798,
        0.196890 -0.011361 0.117829,
        0.196890 -0.004819 0.113901,
        0.196890 -0.011633 0.115619,
        0.196890 -0.006244 0.110294,
        0.196890 -0.012416 0.113589,
        0.196890 -0.008515 0.107126,
        0.196890 -0.067213 0.136353,
        0.196890 -0.070833 0.133805,
        0.196890 -0.066998 0.127760,
        0.196890 -0.071592 0.133086,
        0.196890 -0.068537 0.125471,
        0.196890 -0.074341 0.129558,
        0.196890 -0.069472 0.122919,
        0.196890 -0.013667 0.111812,
        0.196890 -0.013839 0.111629,
        0.196890 -0.011601 0.104512,
        0.196890 -0.015526 0.110258,
        0.196890 -0.015074 0.102808,
        0.196890 -0.017537 0.109333,
        0.196890 -0.018876 0.102003,
        0.196890 -0.019559 0.108948,
        0.196890 -0.025594 0.102003,
        0.196890 -0.024683 0.108948,
        0.196890 -0.026174 0.102091,
        0.196890 -0.021722 0.141853,
        0.196890 -0.026229 0.136667,
        0.196890 -0.017974 0.137522,
        0.196890 -0.023647 0.133611,
        0.196890 -0.021874 0.129951,
        0.196890 -0.056743 0.106416,
        0.196890 -0.056439 0.107498,
        0.196890 -0.061586 0.112444,
        0.196890 -0.055875 0.108459,
        0.196890 -0.059676 0.114566,
        0.196890 -0.055317 0.109060,
        0.196890 -0.057326 0.116151,
        0.196890 -0.054422 0.109684,
        0.196890 -0.054800 0.117076,
        0.196890 -0.053426 0.110067,
        0.196890 -0.052236 0.117374,
        0.196890 -0.052350 0.110200,
        0.196890 -0.050736 0.117277,
        0.196890 -0.051581 0.110133,
        0.196890 -0.047998 0.116568,
        0.196890 -0.050508 0.109798,
        0.196890 -0.045599 0.115252,
        0.196890 -0.049565 0.109214,
        0.196890 -0.048800 0.108426,
        0.196890 -0.042847 0.147078,
        0.196890 -0.041302 0.140397,
        0.196890 -0.037207 0.147773,
        0.196890 -0.037093 0.140942,
        0.196890 -0.032514 0.147280,
        0.196890 -0.033210 0.140462,
        0.196890 -0.026800 0.145267,
        0.196890 -0.029641 0.139089,
        0.196890 -0.026445 0.136863,
        0.196890 -0.076153 0.125456,
        0.196890 -0.076912 0.121177,
        0.196890 -0.069770 0.120334,
        0.196890 -0.076943 0.120106,
        0.196890 -0.069627 0.118535,
        0.196890 -0.076386 0.115622,
        0.196890 -0.068796 0.115744,
        0.196890 -0.074749 0.111385,
        0.196890 -0.067316 0.113296,
        0.196890 -0.072161 0.107696,
        0.196890 -0.068620 0.104674,
        0.196890 -0.025255 0.109054,
        0.196890 -0.028006 0.103213,
        0.196890 -0.027678 0.102884,
        0.196890 -0.028896 0.105532,
        0.196890 -0.028793 0.104704,
        0.196890 -0.028497 0.103930,
        0.196890 -0.024913 0.108978,
        0.196890 -0.026930 0.102372,
        0.196890 -0.026219 0.108956,
        0.196890 -0.027002 0.108655,
        0.196890 -0.028878 0.105883,
        0.196890 -0.027706 0.108165,
        0.196890 -0.028257 0.107547,
        0.196890 -0.028674 0.106756,
        0.196890 -0.025366 0.109062,
        0.196850 -0.052350 0.110200,
        0.196850 -0.051581 0.110133,
        0.196850 -0.050508 0.109798,
        0.196850 -0.049565 0.109214,
        0.196850 -0.048800 0.108426,
        0.196850 -0.048268 0.107511,
        0.196850 -0.047967 0.106476,
        0.196850 -0.047927 0.105373,
        0.196850 -0.048168 0.104272,
        0.196850 -0.048673 0.103276,
        0.196850 -0.049397 0.102446,
        0.196850 -0.050268 0.101837,
        0.196850 -0.051259 0.101454,
        0.196850 -0.052350 0.101320,
        0.196850 -0.053380 0.101441,
        0.196850 -0.054429 0.101840,
        0.196850 -0.055332 0.102474,
        0.196850 -0.056051 0.103306,
        0.196850 -0.056528 0.104250,
        0.196850 -0.056768 0.105306,
        0.196850 -0.056743 0.106416,
        0.196850 -0.056439 0.107498,
        0.196850 -0.055875 0.108459,
        0.196850 -0.055317 0.109060,
        0.196850 -0.054422 0.109684,
        0.196850 -0.053426 0.110067,
      ]
    }
    coordIndex [
      143, 144, 145, -1,
      146, 147, 148, -1,
      149, 150, 151, -1,
      152, 153, 154, -1,
      148, 147, 155, -1,
      156, 157, 158, -1,
      158, 157, 159, -1,
      158, 159, 160, -1,
      160, 159, 161, -1,
      160, 161, 151, -1,
      151, 161, 162, -1,
      151, 162, 149, -1,
      163, 144, 164, -1,
      164, 144, 165, -1,
      164, 165, 166, -1,
      167, 168, 159, -1,
      159, 168, 169, -1,
      159, 169, 161, -1,
      161, 169, 170, -1,
      161, 170, 171, -1,
      172, 173, 174, -1,
      174, 173, 175, -1,
      174, 175, 176, -1,
      176, 175, 177, -1,
      176, 177, 178, -1,
      178, 177, 179, -1,
      152, 154, 180, -1,
      180, 154, 181, -1,
      180, 181, 182, -1,
      182, 181, 183, -1,
      182, 183, 184, -1,
      185, 186, 145, -1,
      145, 186, 187, -1,
      145, 187, 143, -1,
      147, 188, 155, -1,
      155, 188, 189, -1,
      155, 189, 190, -1,
      190, 189, 191, -1,
      190, 191, 152, -1,
      152, 191, 192, -1,
      152, 192, 153, -1,
      193, 145, 194, -1,
      194, 145, 144, -1,
      194, 144, 195, -1,
      195, 144, 163, -1,
      165, 196, 166, -1,
      166, 196, 197, -1,
      166, 197, 198, -1,
      198, 197, 199, -1,
      198, 199, 200, -1,
      200, 199, 201, -1,
      200, 201, 202, -1,
      202, 201, 161, -1,
      202, 161, 203, -1,
      203, 161, 171, -1,
      177, 204, 179, -1,
      179, 204, 205, -1,
      179, 205, 206, -1,
      206, 205, 207, -1,
      206, 207, 208, -1,
      208, 207, 209, -1,
      207, 210, 209, -1,
      209, 210, 211, -1,
      209, 211, 212, -1,
      212, 211, 213, -1,
      212, 213, 214, -1,
      214, 213, 215, -1,
      214, 215, 216, -1,
      148, 217, 146, -1,
      146, 217, 218, -1,
      146, 218, 219, -1,
      219, 218, 220, -1,
      219, 220, 221, -1,
      221, 220, 222, -1,
      221, 222, 223, -1,
      215, 224, 216, -1,
      216, 224, 225, -1,
      216, 225, 226, -1,
      226, 225, 227, -1,
      226, 227, 228, -1,
      228, 227, 229, -1,
      228, 229, 230, -1,
      230, 229, 231, -1,
      230, 231, 232, -1,
      232, 231, 233, -1,
      232, 233, 234, -1,
      235, 236, 237, -1,
      237, 236, 238, -1,
      237, 238, 174, -1,
      174, 238, 239, -1,
      174, 239, 172, -1,
      193, 240, 145, -1,
      145, 240, 241, -1,
      145, 241, 242, -1,
      242, 241, 243, -1,
      242, 243, 244, -1,
      244, 243, 245, -1,
      244, 245, 246, -1,
      246, 245, 247, -1,
      246, 247, 248, -1,
      248, 247, 249, -1,
      248, 249, 250, -1,
      250, 249, 251, -1,
      250, 251, 252, -1,
      252, 251, 253, -1,
      252, 253, 254, -1,
      254, 253, 255, -1,
      254, 255, 256, -1,
      256, 255, 257, -1,
      256, 257, 159, -1,
      159, 257, 258, -1,
      159, 258, 167, -1,
      184, 183, 259, -1,
      259, 183, 260, -1,
      259, 260, 261, -1,
      261, 260, 262, -1,
      261, 262, 263, -1,
      263, 262, 264, -1,
      263, 264, 265, -1,
      265, 264, 266, -1,
      265, 266, 235, -1,
      235, 266, 267, -1,
      235, 267, 236, -1,
      222, 268, 223, -1,
      223, 268, 269, -1,
      223, 269, 270, -1,
      270, 269, 271, -1,
      270, 271, 272, -1,
      272, 271, 273, -1,
      272, 273, 274, -1,
      274, 273, 275, -1,
      274, 275, 276, -1,
      276, 275, 277, -1,
      276, 277, 185, -1,
      185, 277, 278, -1,
      185, 278, 186, -1,
      279, 280, 281, -1,
      282, 283, 279, -1,
      279, 283, 284, -1,
      279, 284, 280, -1,
      233, 285, 234, -1,
      234, 285, 279, -1,
      234, 279, 286, -1,
      286, 279, 281, -1,
      287, 288, 289, -1,
      288, 290, 289, -1,
      289, 290, 291, -1,
      289, 291, 292, -1,
      282, 279, 289, -1,
      289, 279, 293, -1,
      289, 293, 287, -1,
      209, 142, 141, -1,
      209, 141, 208, -1,
      208, 141, 140, -1,
      208, 140, 206, -1,
      206, 140, 6, -1,
      206, 6, 179, -1,
      6, 5, 179, -1,
      179, 5, 12, -1,
      179, 12, 178, -1,
      178, 12, 11, -1,
      178, 11, 176, -1,
      176, 11, 10, -1,
      176, 10, 174, -1,
      174, 10, 9, -1,
      174, 9, 237, -1,
      237, 9, 8, -1,
      237, 8, 235, -1,
      265, 235, 7, -1,
      7, 235, 8, -1,
      7, 14, 265, -1,
      265, 14, 13, -1,
      265, 13, 263, -1,
      263, 13, 17, -1,
      263, 17, 261, -1,
      23, 182, 22, -1,
      22, 182, 184, -1,
      22, 184, 15, -1,
      15, 184, 259, -1,
      15, 259, 16, -1,
      16, 259, 261, -1,
      16, 261, 17, -1,
      182, 23, 24, -1,
      182, 24, 180, -1,
      180, 24, 26, -1,
      180, 26, 152, -1,
      152, 26, 25, -1,
      152, 25, 190, -1,
      190, 25, 19, -1,
      190, 19, 155, -1,
      155, 19, 18, -1,
      155, 18, 148, -1,
      148, 18, 28, -1,
      148, 28, 217, -1,
      217, 28, 27, -1,
      217, 27, 218, -1,
      218, 27, 21, -1,
      218, 21, 220, -1,
      220, 21, 20, -1,
      220, 20, 222, -1,
      222, 20, 4, -1,
      222, 4, 268, -1,
      4, 3, 268, -1,
      268, 3, 31, -1,
      268, 31, 269, -1,
      269, 31, 30, -1,
      269, 30, 271, -1,
      273, 271, 29, -1,
      29, 271, 30, -1,
      29, 37, 273, -1,
      273, 37, 36, -1,
      273, 36, 275, -1,
      275, 36, 35, -1,
      275, 35, 277, -1,
      277, 35, 33, -1,
      277, 33, 278, -1,
      278, 33, 32, -1,
      278, 32, 186, -1,
      186, 32, 34, -1,
      186, 34, 187, -1,
      187, 34, 42, -1,
      187, 42, 143, -1,
      42, 41, 143, -1,
      143, 41, 40, -1,
      143, 40, 144, -1,
      144, 40, 39, -1,
      144, 39, 165, -1,
      165, 39, 38, -1,
      165, 38, 196, -1,
      38, 43, 196, -1,
      196, 43, 44, -1,
      196, 44, 197, -1,
      197, 44, 45, -1,
      197, 45, 199, -1,
      85, 160, 151, -1,
      199, 45, 52, -1,
      199, 52, 201, -1,
      201, 52, 51, -1,
      201, 51, 161, -1,
      51, 50, 161, -1,
      161, 50, 49, -1,
      161, 49, 162, -1,
      162, 49, 48, -1,
      162, 48, 149, -1,
      149, 48, 47, -1,
      149, 47, 150, -1,
      150, 47, 46, -1,
      150, 46, 151, -1,
      151, 46, 84, -1,
      151, 84, 85, -1,
      158, 160, 76, -1,
      76, 160, 85, -1,
      156, 158, 57, -1,
      57, 158, 76, -1,
      112, 157, 94, -1,
      94, 157, 156, -1,
      94, 156, 57, -1,
      1, 159, 2, -1,
      2, 159, 157, -1,
      2, 157, 112, -1,
      159, 1, 0, -1,
      159, 0, 256, -1,
      256, 0, 115, -1,
      256, 115, 254, -1,
      115, 89, 254, -1,
      254, 89, 88, -1,
      254, 88, 252, -1,
      252, 88, 91, -1,
      252, 91, 250, -1,
      250, 91, 97, -1,
      250, 97, 248, -1,
      248, 97, 99, -1,
      248, 99, 246, -1,
      246, 99, 104, -1,
      246, 104, 244, -1,
      104, 106, 244, -1,
      244, 106, 118, -1,
      244, 118, 242, -1,
      242, 118, 117, -1,
      242, 117, 145, -1,
      102, 270, 272, -1,
      145, 117, 116, -1,
      145, 116, 185, -1,
      185, 116, 119, -1,
      185, 119, 276, -1,
      276, 119, 120, -1,
      276, 120, 274, -1,
      274, 120, 105, -1,
      274, 105, 272, -1,
      272, 105, 103, -1,
      272, 103, 102, -1,
      270, 102, 101, -1,
      270, 101, 223, -1,
      223, 101, 100, -1,
      223, 100, 221, -1,
      221, 100, 98, -1,
      221, 98, 219, -1,
      98, 139, 219, -1,
      219, 139, 138, -1,
      219, 138, 146, -1,
      146, 138, 137, -1,
      146, 137, 147, -1,
      147, 137, 131, -1,
      147, 131, 188, -1,
      188, 131, 130, -1,
      188, 130, 189, -1,
      189, 130, 129, -1,
      189, 129, 191, -1,
      191, 129, 127, -1,
      191, 127, 192, -1,
      192, 127, 123, -1,
      192, 123, 153, -1,
      153, 123, 126, -1,
      153, 126, 154, -1,
      154, 126, 132, -1,
      154, 132, 181, -1,
      181, 132, 134, -1,
      181, 134, 183, -1,
      183, 134, 136, -1,
      183, 136, 260, -1,
      260, 136, 135, -1,
      260, 135, 262, -1,
      111, 172, 90, -1,
      90, 172, 239, -1,
      90, 239, 128, -1,
      128, 239, 238, -1,
      128, 238, 121, -1,
      121, 238, 236, -1,
      121, 236, 122, -1,
      122, 236, 267, -1,
      122, 267, 124, -1,
      124, 267, 266, -1,
      124, 266, 125, -1,
      125, 266, 264, -1,
      125, 264, 133, -1,
      133, 264, 262, -1,
      133, 262, 135, -1,
      173, 172, 113, -1,
      113, 172, 111, -1,
      173, 113, 114, -1,
      173, 114, 175, -1,
      175, 114, 108, -1,
      175, 108, 177, -1,
      177, 108, 107, -1,
      177, 107, 204, -1,
      204, 107, 110, -1,
      204, 110, 205, -1,
      205, 110, 109, -1,
      205, 109, 207, -1,
      207, 109, 96, -1,
      207, 96, 210, -1,
      210, 96, 95, -1,
      210, 95, 211, -1,
      213, 211, 93, -1,
      93, 211, 95, -1,
      93, 92, 213, -1,
      213, 92, 73, -1,
      213, 73, 215, -1,
      215, 73, 72, -1,
      215, 72, 224, -1,
      224, 72, 87, -1,
      224, 87, 225, -1,
      225, 87, 86, -1,
      225, 86, 227, -1,
      227, 86, 81, -1,
      227, 81, 229, -1,
      229, 81, 80, -1,
      229, 80, 231, -1,
      233, 231, 79, -1,
      79, 231, 80, -1,
      233, 79, 63, -1,
      233, 63, 285, -1,
      285, 63, 62, -1,
      285, 62, 279, -1,
      279, 62, 61, -1,
      279, 61, 293, -1,
      293, 61, 56, -1,
      293, 56, 287, -1,
      287, 56, 55, -1,
      287, 55, 288, -1,
      288, 55, 60, -1,
      288, 60, 290, -1,
      290, 60, 78, -1,
      290, 78, 291, -1,
      291, 78, 77, -1,
      291, 77, 292, -1,
      292, 77, 75, -1,
      292, 75, 289, -1,
      289, 75, 74, -1,
      289, 74, 282, -1,
      282, 74, 83, -1,
      282, 83, 283, -1,
      283, 83, 82, -1,
      283, 82, 284, -1,
      284, 82, 71, -1,
      284, 71, 280, -1,
      280, 71, 70, -1,
      280, 70, 281, -1,
      281, 70, 69, -1,
      281, 69, 286, -1,
      286, 69, 68, -1,
      286, 68, 234, -1,
      234, 68, 67, -1,
      234, 67, 232, -1,
      230, 232, 66, -1,
      66, 232, 67, -1,
      230, 66, 65, -1,
      230, 65, 228, -1,
      228, 65, 59, -1,
      228, 59, 226, -1,
      226, 59, 58, -1,
      226, 58, 216, -1,
      142, 209, 53, -1,
      53, 209, 212, -1,
      53, 212, 54, -1,
      54, 212, 214, -1,
      54, 214, 64, -1,
      64, 214, 216, -1,
      64, 216, 58, -1,
      251, 294, 295, -1,
      251, 295, 253, -1,
      253, 295, 296, -1,
      253, 296, 255, -1,
      255, 296, 297, -1,
      255, 297, 257, -1,
      257, 297, 298, -1,
      257, 298, 258, -1,
      258, 298, 299, -1,
      258, 299, 167, -1,
      167, 299, 300, -1,
      167, 300, 168, -1,
      168, 300, 301, -1,
      168, 301, 169, -1,
      169, 301, 302, -1,
      169, 302, 170, -1,
      170, 302, 303, -1,
      170, 303, 171, -1,
      171, 303, 304, -1,
      171, 304, 203, -1,
      203, 304, 305, -1,
      203, 305, 202, -1,
      202, 305, 306, -1,
      202, 306, 200, -1,
      200, 306, 307, -1,
      200, 307, 198, -1,
      198, 307, 308, -1,
      198, 308, 166, -1,
      166, 308, 309, -1,
      166, 309, 164, -1,
      164, 309, 310, -1,
      164, 310, 163, -1,
      163, 310, 311, -1,
      163, 311, 195, -1,
      195, 311, 312, -1,
      195, 312, 194, -1,
      194, 312, 313, -1,
      194, 313, 193, -1,
      193, 313, 314, -1,
      193, 314, 240, -1,
      240, 314, 315, -1,
      240, 315, 241, -1,
      241, 315, 316, -1,
      241, 316, 243, -1,
      243, 316, 317, -1,
      243, 317, 245, -1,
      245, 317, 318, -1,
      245, 318, 247, -1,
      247, 318, 319, -1,
      247, 319, 249, -1,
      249, 319, 294, -1,
      249, 294, 251, -1,
    ]
  }
}

Shape {
  appearance Appearance {
    material Material {
      diffuseColor 0.2510 0.2510 0.2510
      specularColor 0.1255 0.1255 0.1255
      ambientIntensity 0.2
      transparency 0.0000
      shininess 0.5
    }
  }
  geometry IndexedFaceSet {
    ccw TRUE
    solid FALSE
    coord DEF co Coordinate {
      point [
        0.196850 -0.052350 0.110200,
        0.196850 -0.051581 0.110133,
        0.196850 -0.050508 0.109798,
        0.196850 -0.049565 0.109214,
        0.196850 -0.048800 0.108426,
        0.196850 -0.048268 0.107511,
        0.196850 -0.047967 0.106476,
        0.196850 -0.047927 0.105373,
        0.196850 -0.048168 0.104272,
        0.196850 -0.048673 0.103276,
        0.196850 -0.049397 0.102446,
        0.196850 -0.050268 0.101837,
        0.196850 -0.051259 0.101454,
        0.196850 -0.052350 0.101320,
        0.196850 -0.053380 0.101441,
        0.196850 -0.054429 0.101840,
        0.196850 -0.055332 0.102474,
        0.196850 -0.056051 0.103306,
        0.196850 -0.056528 0.104250,
        0.196850 -0.056768 0.105306,
        0.196850 -0.056743 0.106416,
        0.196850 -0.056439 0.107498,
        0.196850 -0.055875 0.108459,
        0.196850 -0.055317 0.109060,
        0.196850 -0.054422 0.109684,
        0.196850 -0.053426 0.110067,
      ]
    }
    coordIndex [
      13, 23, 22, -1,
      0, 13, 1, -1,
      1, 13, 12, -1,
      0, 25, 13, -1,
      13, 25, 24, -1,
      13, 24, 23, -1,
      10, 4, 3, -1,
      18, 17, 22, -1,
      22, 17, 16, -1,
      12, 11, 1, -1,
      1, 11, 10, -1,
      1, 10, 2, -1,
      2, 10, 3, -1,
      21, 20, 22, -1,
      22, 20, 19, -1,
      22, 19, 18, -1,
      16, 15, 22, -1,
      22, 15, 14, -1,
      22, 14, 13, -1,
      8, 7, 9, -1,
      9, 7, 6, -1,
      9, 6, 10, -1,
      10, 6, 5, -1,
      10, 5, 4, -1,
    ]
  }
}
